"MTU (CET/CEST)","Area","Actual Total Load (MW)","Day-ahead Total Load Forecast (MW)"
"01/01/2017 00:00 - 01/01/2017 01:00","BZN|BG","4803.00","4667.00"
"01/01/2017 01:00 - 01/01/2017 02:00","BZN|BG","4579.00","4438.00"
"01/01/2017 02:00 - 01/01/2017 03:00","BZN|BG","4423.00","4280.00"
"01/01/2017 03:00 - 01/01/2017 04:00","BZN|BG","4331.00","4243.00"
"01/01/2017 04:00 - 01/01/2017 05:00","BZN|BG","4286.00","4176.00"
"01/01/2017 05:00 - 01/01/2017 06:00","BZN|BG","4282.00","4177.00"
"01/01/2017 06:00 - 01/01/2017 07:00","BZN|BG","4353.00","4376.00"
"01/01/2017 07:00 - 01/01/2017 08:00","BZN|BG","4558.00","4613.00"
"01/01/2017 08:00 - 01/01/2017 09:00","BZN|BG","4799.00","4741.00"
"01/01/2017 09:00 - 01/01/2017 10:00","BZN|BG","4951.00","4763.00"
"01/01/2017 10:00 - 01/01/2017 11:00","BZN|BG","4992.00","4791.00"
"01/01/2017 11:00 - 01/01/2017 12:00","BZN|BG","4960.00","4654.00"
"01/01/2017 12:00 - 01/01/2017 13:00","BZN|BG","4826.00","4565.00"
"01/01/2017 13:00 - 01/01/2017 14:00","BZN|BG","4698.00","4565.00"
"01/01/2017 14:00 - 01/01/2017 15:00","BZN|BG","4700.00","4859.00"
"01/01/2017 15:00 - 01/01/2017 16:00","BZN|BG","4879.00","5511.00"
"01/01/2017 16:00 - 01/01/2017 17:00","BZN|BG","5401.00","5723.00"
"01/01/2017 17:00 - 01/01/2017 18:00","BZN|BG","5601.00","5731.00"
"01/01/2017 18:00 - 01/01/2017 19:00","BZN|BG","5549.00","5540.00"
"01/01/2017 19:00 - 01/01/2017 20:00","BZN|BG","5395.00","5363.00"
"01/01/2017 20:00 - 01/01/2017 21:00","BZN|BG","5239.00","5306.00"
"01/01/2017 21:00 - 01/01/2017 22:00","BZN|BG","5250.00","5098.00"
"01/01/2017 22:00 - 01/01/2017 23:00","BZN|BG","5006.00","4706.00"
"01/01/2017 23:00 - 02/01/2017 00:00","BZN|BG","4657.00","4453.00"
"02/01/2017 00:00 - 02/01/2017 01:00","BZN|BG","4426.00","4311.00"
"02/01/2017 01:00 - 02/01/2017 02:00","BZN|BG","4287.00","4276.00"
"02/01/2017 02:00 - 02/01/2017 03:00","BZN|BG","4225.00","4280.00"
"02/01/2017 03:00 - 02/01/2017 04:00","BZN|BG","4235.00","4341.00"
"02/01/2017 04:00 - 02/01/2017 05:00","BZN|BG","4290.00","4390.00"
"02/01/2017 05:00 - 02/01/2017 06:00","BZN|BG","4404.00","4755.00"
"02/01/2017 06:00 - 02/01/2017 07:00","BZN|BG","4671.00","5108.00"
"02/01/2017 07:00 - 02/01/2017 08:00","BZN|BG","5041.00","5434.00"
"02/01/2017 08:00 - 02/01/2017 09:00","BZN|BG","5361.00","5538.00"
"02/01/2017 09:00 - 02/01/2017 10:00","BZN|BG","5414.00","5520.00"
"02/01/2017 10:00 - 02/01/2017 11:00","BZN|BG","5334.00","5402.00"
"02/01/2017 11:00 - 02/01/2017 12:00","BZN|BG","5189.00","5242.00"
"02/01/2017 12:00 - 02/01/2017 13:00","BZN|BG","5023.00","5105.00"
"02/01/2017 13:00 - 02/01/2017 14:00","BZN|BG","4942.00","5137.00"
"02/01/2017 14:00 - 02/01/2017 15:00","BZN|BG","5011.00","5417.00"
"02/01/2017 15:00 - 02/01/2017 16:00","BZN|BG","5295.00","5971.00"
"02/01/2017 16:00 - 02/01/2017 17:00","BZN|BG","5849.00","6281.00"
"02/01/2017 17:00 - 02/01/2017 18:00","BZN|BG","6150.00","6236.00"
"02/01/2017 18:00 - 02/01/2017 19:00","BZN|BG","6059.00","6019.00"
"02/01/2017 19:00 - 02/01/2017 20:00","BZN|BG","5881.00","5759.00"
"02/01/2017 20:00 - 02/01/2017 21:00","BZN|BG","5601.00","5702.00"
"02/01/2017 21:00 - 02/01/2017 22:00","BZN|BG","5496.00","5395.00"
"02/01/2017 22:00 - 02/01/2017 23:00","BZN|BG","5217.00","4945.00"
"02/01/2017 23:00 - 03/01/2017 00:00","BZN|BG","4880.00","4642.00"
"03/01/2017 00:00 - 03/01/2017 01:00","BZN|BG","4582.00","4455.00"
"03/01/2017 01:00 - 03/01/2017 02:00","BZN|BG","4460.00","4346.00"
"03/01/2017 02:00 - 03/01/2017 03:00","BZN|BG","4404.00","4373.00"
"03/01/2017 03:00 - 03/01/2017 04:00","BZN|BG","4435.00","4468.00"
"03/01/2017 04:00 - 03/01/2017 05:00","BZN|BG","4601.00","4852.00"
"03/01/2017 05:00 - 03/01/2017 06:00","BZN|BG","4998.00","5525.00"
"03/01/2017 06:00 - 03/01/2017 07:00","BZN|BG","5532.00","5994.00"
"03/01/2017 07:00 - 03/01/2017 08:00","BZN|BG","6075.00","6243.00"
"03/01/2017 08:00 - 03/01/2017 09:00","BZN|BG","6361.00","6179.00"
"03/01/2017 09:00 - 03/01/2017 10:00","BZN|BG","6318.00","6118.00"
"03/01/2017 10:00 - 03/01/2017 11:00","BZN|BG","6197.00","6003.00"
"03/01/2017 11:00 - 03/01/2017 12:00","BZN|BG","6029.00","5879.00"
"03/01/2017 12:00 - 03/01/2017 13:00","BZN|BG","5923.00","5784.00"
"03/01/2017 13:00 - 03/01/2017 14:00","BZN|BG","5841.00","5809.00"
"03/01/2017 14:00 - 03/01/2017 15:00","BZN|BG","5884.00","5958.00"
"03/01/2017 15:00 - 03/01/2017 16:00","BZN|BG","6038.00","6366.00"
"03/01/2017 16:00 - 03/01/2017 17:00","BZN|BG","6379.00","6561.00"
"03/01/2017 17:00 - 03/01/2017 18:00","BZN|BG","6602.00","6490.00"
"03/01/2017 18:00 - 03/01/2017 19:00","BZN|BG","6526.00","6198.00"
"03/01/2017 19:00 - 03/01/2017 20:00","BZN|BG","6251.00","6067.00"
"03/01/2017 20:00 - 03/01/2017 21:00","BZN|BG","5993.00","5942.00"
"03/01/2017 21:00 - 03/01/2017 22:00","BZN|BG","5806.00","5563.00"
"03/01/2017 22:00 - 03/01/2017 23:00","BZN|BG","5456.00","4899.00"
"03/01/2017 23:00 - 04/01/2017 00:00","BZN|BG","5011.00","4557.00"
"04/01/2017 00:00 - 04/01/2017 01:00","BZN|BG","4754.00","4395.00"
"04/01/2017 01:00 - 04/01/2017 02:00","BZN|BG","4598.00","4336.00"
"04/01/2017 02:00 - 04/01/2017 03:00","BZN|BG","4536.00","4357.00"
"04/01/2017 03:00 - 04/01/2017 04:00","BZN|BG","4564.00","4488.00"
"04/01/2017 04:00 - 04/01/2017 05:00","BZN|BG","4707.00","4830.00"
"04/01/2017 05:00 - 04/01/2017 06:00","BZN|BG","5095.00","5290.00"
"04/01/2017 06:00 - 04/01/2017 07:00","BZN|BG","5599.00","5728.00"
"04/01/2017 07:00 - 04/01/2017 08:00","BZN|BG","6097.00","5941.00"
"04/01/2017 08:00 - 04/01/2017 09:00","BZN|BG","6344.00","5892.00"
"04/01/2017 09:00 - 04/01/2017 10:00","BZN|BG","6297.00","5829.00"
"04/01/2017 10:00 - 04/01/2017 11:00","BZN|BG","6216.00","5744.00"
"04/01/2017 11:00 - 04/01/2017 12:00","BZN|BG","6090.00","5709.00"
"04/01/2017 12:00 - 04/01/2017 13:00","BZN|BG","5977.00","5660.00"
"04/01/2017 13:00 - 04/01/2017 14:00","BZN|BG","5866.00","5696.00"
"04/01/2017 14:00 - 04/01/2017 15:00","BZN|BG","5882.00","5843.00"
"04/01/2017 15:00 - 04/01/2017 16:00","BZN|BG","5999.00","6137.00"
"04/01/2017 16:00 - 04/01/2017 17:00","BZN|BG","6366.00","6301.00"
"04/01/2017 17:00 - 04/01/2017 18:00","BZN|BG","6620.00","6201.00"
"04/01/2017 18:00 - 04/01/2017 19:00","BZN|BG","6557.00","5942.00"
"04/01/2017 19:00 - 04/01/2017 20:00","BZN|BG","6291.00","5710.00"
"04/01/2017 20:00 - 04/01/2017 21:00","BZN|BG","6027.00","5554.00"
"04/01/2017 21:00 - 04/01/2017 22:00","BZN|BG","5853.00","5239.00"
"04/01/2017 22:00 - 04/01/2017 23:00","BZN|BG","5470.00","5048.00"
"04/01/2017 23:00 - 05/01/2017 00:00","BZN|BG","5044.00","4731.00"
"05/01/2017 00:00 - 05/01/2017 01:00","BZN|BG","4753.00","4573.00"
"05/01/2017 01:00 - 05/01/2017 02:00","BZN|BG","4614.00","4515.00"
"05/01/2017 02:00 - 05/01/2017 03:00","BZN|BG","4563.00","4536.00"
"05/01/2017 03:00 - 05/01/2017 04:00","BZN|BG","4586.00","4673.00"
"05/01/2017 04:00 - 05/01/2017 05:00","BZN|BG","4707.00","5002.00"
"05/01/2017 05:00 - 05/01/2017 06:00","BZN|BG","5092.00","5474.00"
"05/01/2017 06:00 - 05/01/2017 07:00","BZN|BG","5565.00","6009.00"
"05/01/2017 07:00 - 05/01/2017 08:00","BZN|BG","6066.00","6294.00"
"05/01/2017 08:00 - 05/01/2017 09:00","BZN|BG","6338.00","6255.00"
"05/01/2017 09:00 - 05/01/2017 10:00","BZN|BG","6333.00","6164.00"
"05/01/2017 10:00 - 05/01/2017 11:00","BZN|BG","6295.00","6026.00"
"05/01/2017 11:00 - 05/01/2017 12:00","BZN|BG","6191.00","5939.00"
"05/01/2017 12:00 - 05/01/2017 13:00","BZN|BG","6163.00","5844.00"
"05/01/2017 13:00 - 05/01/2017 14:00","BZN|BG","6115.00","5881.00"
"05/01/2017 14:00 - 05/01/2017 15:00","BZN|BG","6173.00","6052.00"
"05/01/2017 15:00 - 05/01/2017 16:00","BZN|BG","6275.00","6370.00"
"05/01/2017 16:00 - 05/01/2017 17:00","BZN|BG","6493.00","6571.00"
"05/01/2017 17:00 - 05/01/2017 18:00","BZN|BG","6683.00","6454.00"
"05/01/2017 18:00 - 05/01/2017 19:00","BZN|BG","6622.00","6180.00"
"05/01/2017 19:00 - 05/01/2017 20:00","BZN|BG","6324.00","5930.00"
"05/01/2017 20:00 - 05/01/2017 21:00","BZN|BG","6062.00","5777.00"
"05/01/2017 21:00 - 05/01/2017 22:00","BZN|BG","5919.00","5451.00"
"05/01/2017 22:00 - 05/01/2017 23:00","BZN|BG","5587.00","5185.00"
"05/01/2017 23:00 - 06/01/2017 00:00","BZN|BG","5145.00","4970.00"
"06/01/2017 00:00 - 06/01/2017 01:00","BZN|BG","4833.00","4866.00"
"06/01/2017 01:00 - 06/01/2017 02:00","BZN|BG","4674.00","4824.00"
"06/01/2017 02:00 - 06/01/2017 03:00","BZN|BG","4546.00","4846.00"
"06/01/2017 03:00 - 06/01/2017 04:00","BZN|BG","4500.00","4991.00"
"06/01/2017 04:00 - 06/01/2017 05:00","BZN|BG","4567.00","5333.00"
"06/01/2017 05:00 - 06/01/2017 06:00","BZN|BG","4851.00","5815.00"
"06/01/2017 06:00 - 06/01/2017 07:00","BZN|BG","5333.00","6343.00"
"06/01/2017 07:00 - 06/01/2017 08:00","BZN|BG","5898.00","6611.00"
"06/01/2017 08:00 - 06/01/2017 09:00","BZN|BG","6297.00","6589.00"
"06/01/2017 09:00 - 06/01/2017 10:00","BZN|BG","6446.00","6537.00"
"06/01/2017 10:00 - 06/01/2017 11:00","BZN|BG","6541.00","6459.00"
"06/01/2017 11:00 - 06/01/2017 12:00","BZN|BG","6478.00","6410.00"
"06/01/2017 12:00 - 06/01/2017 13:00","BZN|BG","6511.00","6357.00"
"06/01/2017 13:00 - 06/01/2017 14:00","BZN|BG","6393.00","6390.00"
"06/01/2017 14:00 - 06/01/2017 15:00","BZN|BG","6422.00","6526.00"
"06/01/2017 15:00 - 06/01/2017 16:00","BZN|BG","6505.00","6798.00"
"06/01/2017 16:00 - 06/01/2017 17:00","BZN|BG","6778.00","6978.00"
"06/01/2017 17:00 - 06/01/2017 18:00","BZN|BG","6963.00","6868.00"
"06/01/2017 18:00 - 06/01/2017 19:00","BZN|BG","6891.00","6593.00"
"06/01/2017 19:00 - 06/01/2017 20:00","BZN|BG","6600.00","6346.00"
"06/01/2017 20:00 - 06/01/2017 21:00","BZN|BG","6334.00","6190.00"
"06/01/2017 21:00 - 06/01/2017 22:00","BZN|BG","6211.00","5856.00"
"06/01/2017 22:00 - 06/01/2017 23:00","BZN|BG","5915.00","5363.00"
"06/01/2017 23:00 - 07/01/2017 00:00","BZN|BG","5306.00","5120.00"
"07/01/2017 00:00 - 07/01/2017 01:00","BZN|BG","5192.00","5006.00"
"07/01/2017 01:00 - 07/01/2017 02:00","BZN|BG","5132.00","4945.00"
"07/01/2017 02:00 - 07/01/2017 03:00","BZN|BG","5116.00","4902.00"
"07/01/2017 03:00 - 07/01/2017 04:00","BZN|BG","5163.00","4937.00"
"07/01/2017 04:00 - 07/01/2017 05:00","BZN|BG","5295.00","5048.00"
"07/01/2017 05:00 - 07/01/2017 06:00","BZN|BG","5547.00","5304.00"
"07/01/2017 06:00 - 07/01/2017 07:00","BZN|BG","5975.00","5755.00"
"07/01/2017 07:00 - 07/01/2017 08:00","BZN|BG","6353.00","6143.00"
"07/01/2017 08:00 - 07/01/2017 09:00","BZN|BG","6564.00","6367.00"
"07/01/2017 09:00 - 07/01/2017 10:00","BZN|BG","6643.00","6463.00"
"07/01/2017 10:00 - 07/01/2017 11:00","BZN|BG","6605.00","6491.00"
"07/01/2017 11:00 - 07/01/2017 12:00","BZN|BG","6482.00","6377.00"
"07/01/2017 12:00 - 07/01/2017 13:00","BZN|BG","6390.00","6304.00"
"07/01/2017 13:00 - 07/01/2017 14:00","BZN|BG","6395.00","6382.00"
"07/01/2017 14:00 - 07/01/2017 15:00","BZN|BG","6523.00","6610.00"
"07/01/2017 15:00 - 07/01/2017 16:00","BZN|BG","6943.00","7002.00"
"07/01/2017 16:00 - 07/01/2017 17:00","BZN|BG","7120.00","7014.00"
"07/01/2017 17:00 - 07/01/2017 18:00","BZN|BG","6938.00","6756.00"
"07/01/2017 18:00 - 07/01/2017 19:00","BZN|BG","6687.00","6400.00"
"07/01/2017 19:00 - 07/01/2017 20:00","BZN|BG","6440.00","6147.00"
"07/01/2017 20:00 - 07/01/2017 21:00","BZN|BG","6369.00","6075.00"
"07/01/2017 21:00 - 07/01/2017 22:00","BZN|BG","6117.00","6041.00"
"07/01/2017 22:00 - 07/01/2017 23:00","BZN|BG","5802.00","5644.00"
"07/01/2017 23:00 - 08/01/2017 00:00","BZN|BG","5544.00","5518.00"
"08/01/2017 00:00 - 08/01/2017 01:00","BZN|BG","5373.00","5390.00"
"08/01/2017 01:00 - 08/01/2017 02:00","BZN|BG","5301.00","5296.00"
"08/01/2017 02:00 - 08/01/2017 03:00","BZN|BG","5279.00","5214.00"
"08/01/2017 03:00 - 08/01/2017 04:00","BZN|BG","5295.00","5243.00"
"08/01/2017 04:00 - 08/01/2017 05:00","BZN|BG","5377.00","5227.00"
"08/01/2017 05:00 - 08/01/2017 06:00","BZN|BG","5593.00","5401.00"
"08/01/2017 06:00 - 08/01/2017 07:00","BZN|BG","6057.00","5879.00"
"08/01/2017 07:00 - 08/01/2017 08:00","BZN|BG","6508.00","6422.00"
"08/01/2017 08:00 - 08/01/2017 09:00","BZN|BG","6710.00","6755.00"
"08/01/2017 09:00 - 08/01/2017 10:00","BZN|BG","6772.00","6810.00"
"08/01/2017 10:00 - 08/01/2017 11:00","BZN|BG","6745.00","6803.00"
"08/01/2017 11:00 - 08/01/2017 12:00","BZN|BG","6623.00","6695.00"
"08/01/2017 12:00 - 08/01/2017 13:00","BZN|BG","6520.00","6621.00"
"08/01/2017 13:00 - 08/01/2017 14:00","BZN|BG","6539.00","6660.00"
"08/01/2017 14:00 - 08/01/2017 15:00","BZN|BG","6785.00","6798.00"
"08/01/2017 15:00 - 08/01/2017 16:00","BZN|BG","7268.00","7166.00"
"08/01/2017 16:00 - 08/01/2017 17:00","BZN|BG","7475.00","7308.00"
"08/01/2017 17:00 - 08/01/2017 18:00","BZN|BG","7347.00","7198.00"
"08/01/2017 18:00 - 08/01/2017 19:00","BZN|BG","7151.00","6909.00"
"08/01/2017 19:00 - 08/01/2017 20:00","BZN|BG","6817.00","6632.00"
"08/01/2017 20:00 - 08/01/2017 21:00","BZN|BG","6634.00","6640.00"
"08/01/2017 21:00 - 08/01/2017 22:00","BZN|BG","6309.00","6222.00"
"08/01/2017 22:00 - 08/01/2017 23:00","BZN|BG","5865.00","5909.00"
"08/01/2017 23:00 - 09/01/2017 00:00","BZN|BG","5571.00","5635.00"
"09/01/2017 00:00 - 09/01/2017 01:00","BZN|BG","5419.00","5500.00"
"09/01/2017 01:00 - 09/01/2017 02:00","BZN|BG","5385.00","5430.00"
"09/01/2017 02:00 - 09/01/2017 03:00","BZN|BG","5394.00","5444.00"
"09/01/2017 03:00 - 09/01/2017 04:00","BZN|BG","5552.00","5515.00"
"09/01/2017 04:00 - 09/01/2017 05:00","BZN|BG","5985.00","5680.00"
"09/01/2017 05:00 - 09/01/2017 06:00","BZN|BG","6503.00","6043.00"
"09/01/2017 06:00 - 09/01/2017 07:00","BZN|BG","7015.00","6586.00"
"09/01/2017 07:00 - 09/01/2017 08:00","BZN|BG","7294.00","7008.00"
"09/01/2017 08:00 - 09/01/2017 09:00","BZN|BG","7305.00","7078.00"
"09/01/2017 09:00 - 09/01/2017 10:00","BZN|BG","7236.00","7036.00"
"09/01/2017 10:00 - 09/01/2017 11:00","BZN|BG","7126.00","6980.00"
"09/01/2017 11:00 - 09/01/2017 12:00","BZN|BG","7048.00","6913.00"
"09/01/2017 12:00 - 09/01/2017 13:00","BZN|BG","7017.00","6863.00"
"09/01/2017 13:00 - 09/01/2017 14:00","BZN|BG","7093.00","6900.00"
"09/01/2017 14:00 - 09/01/2017 15:00","BZN|BG","7182.00","7035.00"
"09/01/2017 15:00 - 09/01/2017 16:00","BZN|BG","7437.00","7329.00"
"09/01/2017 16:00 - 09/01/2017 17:00","BZN|BG","7679.00","7493.00"
"09/01/2017 17:00 - 09/01/2017 18:00","BZN|BG","7628.00","7384.00"
"09/01/2017 18:00 - 09/01/2017 19:00","BZN|BG","7352.00","7153.00"
"09/01/2017 19:00 - 09/01/2017 20:00","BZN|BG","7090.00","6837.00"
"09/01/2017 20:00 - 09/01/2017 21:00","BZN|BG","6871.00","6703.00"
"09/01/2017 21:00 - 09/01/2017 22:00","BZN|BG","6510.00","6352.00"
"09/01/2017 22:00 - 09/01/2017 23:00","BZN|BG","6017.00","6007.00"
"09/01/2017 23:00 - 10/01/2017 00:00","BZN|BG","5752.00","5744.00"
"10/01/2017 00:00 - 10/01/2017 01:00","BZN|BG","5621.00","5619.00"
"10/01/2017 01:00 - 10/01/2017 02:00","BZN|BG","5619.00","5558.00"
"10/01/2017 02:00 - 10/01/2017 03:00","BZN|BG","5594.00","5571.00"
"10/01/2017 03:00 - 10/01/2017 04:00","BZN|BG","5721.00","5693.00"
"10/01/2017 04:00 - 10/01/2017 05:00","BZN|BG","6149.00","6028.00"
"10/01/2017 05:00 - 10/01/2017 06:00","BZN|BG","6684.00","6494.00"
"10/01/2017 06:00 - 10/01/2017 07:00","BZN|BG","7158.00","6990.00"
"10/01/2017 07:00 - 10/01/2017 08:00","BZN|BG","7437.00","7278.00"
"10/01/2017 08:00 - 10/01/2017 09:00","BZN|BG","7492.00","7289.00"
"10/01/2017 09:00 - 10/01/2017 10:00","BZN|BG","7479.00","7248.00"
"10/01/2017 10:00 - 10/01/2017 11:00","BZN|BG","7399.00","7127.00"
"10/01/2017 11:00 - 10/01/2017 12:00","BZN|BG","7296.00","7066.00"
"10/01/2017 12:00 - 10/01/2017 13:00","BZN|BG","7260.00","6982.00"
"10/01/2017 13:00 - 10/01/2017 14:00","BZN|BG","7272.00","7024.00"
"10/01/2017 14:00 - 10/01/2017 15:00","BZN|BG","7328.00","7160.00"
"10/01/2017 15:00 - 10/01/2017 16:00","BZN|BG","7510.00","7500.00"
"10/01/2017 16:00 - 10/01/2017 17:00","BZN|BG","7690.00","7729.00"
"10/01/2017 17:00 - 10/01/2017 18:00","BZN|BG","7638.00","7644.00"
"10/01/2017 18:00 - 10/01/2017 19:00","BZN|BG","7368.00","7361.00"
"10/01/2017 19:00 - 10/01/2017 20:00","BZN|BG","7094.00","7105.00"
"10/01/2017 20:00 - 10/01/2017 21:00","BZN|BG","6903.00","6944.00"
"10/01/2017 21:00 - 10/01/2017 22:00","BZN|BG","6540.00","6560.00"
"10/01/2017 22:00 - 10/01/2017 23:00","BZN|BG","6088.00","6059.00"
"10/01/2017 23:00 - 11/01/2017 00:00","BZN|BG","5802.00","5835.00"
"11/01/2017 00:00 - 11/01/2017 01:00","BZN|BG","5656.00","5731.00"
"11/01/2017 01:00 - 11/01/2017 02:00","BZN|BG","5573.00","5680.00"
"11/01/2017 02:00 - 11/01/2017 03:00","BZN|BG","5574.00","5692.00"
"11/01/2017 03:00 - 11/01/2017 04:00","BZN|BG","5722.00","5812.00"
"11/01/2017 04:00 - 11/01/2017 05:00","BZN|BG","6127.00","6155.00"
"11/01/2017 05:00 - 11/01/2017 06:00","BZN|BG","6610.00","6619.00"
"11/01/2017 06:00 - 11/01/2017 07:00","BZN|BG","7097.00","7108.00"
"11/01/2017 07:00 - 11/01/2017 08:00","BZN|BG","7361.00","7389.00"
"11/01/2017 08:00 - 11/01/2017 09:00","BZN|BG","7365.00","7401.00"
"11/01/2017 09:00 - 11/01/2017 10:00","BZN|BG","7323.00","7366.00"
"11/01/2017 10:00 - 11/01/2017 11:00","BZN|BG","7219.00","7244.00"
"11/01/2017 11:00 - 11/01/2017 12:00","BZN|BG","7132.00","7188.00"
"11/01/2017 12:00 - 11/01/2017 13:00","BZN|BG","7058.00","7098.00"
"11/01/2017 13:00 - 11/01/2017 14:00","BZN|BG","7045.00","7136.00"
"11/01/2017 14:00 - 11/01/2017 15:00","BZN|BG","7103.00","7235.00"
"11/01/2017 15:00 - 11/01/2017 16:00","BZN|BG","7408.00","7509.00"
"11/01/2017 16:00 - 11/01/2017 17:00","BZN|BG","7680.00","7704.00"
"11/01/2017 17:00 - 11/01/2017 18:00","BZN|BG","7619.00","7630.00"
"11/01/2017 18:00 - 11/01/2017 19:00","BZN|BG","7353.00","7338.00"
"11/01/2017 19:00 - 11/01/2017 20:00","BZN|BG","7029.00","7064.00"
"11/01/2017 20:00 - 11/01/2017 21:00","BZN|BG","6844.00","6892.00"
"11/01/2017 21:00 - 11/01/2017 22:00","BZN|BG","6459.00","6490.00"
"11/01/2017 22:00 - 11/01/2017 23:00","BZN|BG","6006.00","5949.00"
"11/01/2017 23:00 - 12/01/2017 00:00","BZN|BG","5736.00","5659.00"
"12/01/2017 00:00 - 12/01/2017 01:00","BZN|BG","5582.00","5524.00"
"12/01/2017 01:00 - 12/01/2017 02:00","BZN|BG","5545.00","5466.00"
"12/01/2017 02:00 - 12/01/2017 03:00","BZN|BG","5572.00","5470.00"
"12/01/2017 03:00 - 12/01/2017 04:00","BZN|BG","5746.00","5589.00"
"12/01/2017 04:00 - 12/01/2017 05:00","BZN|BG","6174.00","5959.00"
"12/01/2017 05:00 - 12/01/2017 06:00","BZN|BG","6723.00","6450.00"
"12/01/2017 06:00 - 12/01/2017 07:00","BZN|BG","7135.00","6957.00"
"12/01/2017 07:00 - 12/01/2017 08:00","BZN|BG","7343.00","7252.00"
"12/01/2017 08:00 - 12/01/2017 09:00","BZN|BG","7230.00","7275.00"
"12/01/2017 09:00 - 12/01/2017 10:00","BZN|BG","7076.00","7250.00"
"12/01/2017 10:00 - 12/01/2017 11:00","BZN|BG","6914.00","7144.00"
"12/01/2017 11:00 - 12/01/2017 12:00","BZN|BG","6781.00","7090.00"
"12/01/2017 12:00 - 12/01/2017 13:00","BZN|BG","6679.00","7015.00"
"12/01/2017 13:00 - 12/01/2017 14:00","BZN|BG","6731.00","7042.00"
"12/01/2017 14:00 - 12/01/2017 15:00","BZN|BG","6798.00","7126.00"
"12/01/2017 15:00 - 12/01/2017 16:00","BZN|BG","7091.00","7350.00"
"12/01/2017 16:00 - 12/01/2017 17:00","BZN|BG","7383.00","7527.00"
"12/01/2017 17:00 - 12/01/2017 18:00","BZN|BG","7301.00","7456.00"
"12/01/2017 18:00 - 12/01/2017 19:00","BZN|BG","7070.00","7174.00"
"12/01/2017 19:00 - 12/01/2017 20:00","BZN|BG","6774.00","6897.00"
"12/01/2017 20:00 - 12/01/2017 21:00","BZN|BG","6610.00","6723.00"
"12/01/2017 21:00 - 12/01/2017 22:00","BZN|BG","6239.00","6330.00"
"12/01/2017 22:00 - 12/01/2017 23:00","BZN|BG","5571.00","5589.00"
"12/01/2017 23:00 - 13/01/2017 00:00","BZN|BG","5810.00","5840.00"
"13/01/2017 00:00 - 13/01/2017 01:00","BZN|BG","5464.00","5549.00"
"13/01/2017 01:00 - 13/01/2017 02:00","BZN|BG","5354.00","5403.00"
"13/01/2017 02:00 - 13/01/2017 03:00","BZN|BG","5325.00","5429.00"
"13/01/2017 03:00 - 13/01/2017 04:00","BZN|BG","5322.00","5423.00"
"13/01/2017 04:00 - 13/01/2017 05:00","BZN|BG","5449.00","5576.00"
"13/01/2017 05:00 - 13/01/2017 06:00","BZN|BG","5888.00","5940.00"
"13/01/2017 06:00 - 13/01/2017 07:00","BZN|BG","6444.00","6504.00"
"13/01/2017 07:00 - 13/01/2017 08:00","BZN|BG","6813.00","6943.00"
"13/01/2017 08:00 - 13/01/2017 09:00","BZN|BG","6944.00","6995.00"
"13/01/2017 09:00 - 13/01/2017 10:00","BZN|BG","6817.00","6934.00"
"13/01/2017 10:00 - 13/01/2017 11:00","BZN|BG","6698.00","6780.00"
"13/01/2017 11:00 - 13/01/2017 12:00","BZN|BG","6454.00","6553.00"
"13/01/2017 12:00 - 13/01/2017 13:00","BZN|BG","6335.00","6493.00"
"13/01/2017 13:00 - 13/01/2017 14:00","BZN|BG","6262.00","6323.00"
"13/01/2017 14:00 - 13/01/2017 15:00","BZN|BG","6302.00","6434.00"
"13/01/2017 15:00 - 13/01/2017 16:00","BZN|BG","6413.00","6534.00"
"13/01/2017 16:00 - 13/01/2017 17:00","BZN|BG","6753.00","6812.00"
"13/01/2017 17:00 - 13/01/2017 18:00","BZN|BG","7079.00","7023.00"
"13/01/2017 18:00 - 13/01/2017 19:00","BZN|BG","6985.00","6932.00"
"13/01/2017 19:00 - 13/01/2017 20:00","BZN|BG","6694.00","6534.00"
"13/01/2017 20:00 - 13/01/2017 21:00","BZN|BG","6359.00","6280.00"
"13/01/2017 21:00 - 13/01/2017 22:00","BZN|BG","6204.00","6126.00"
"13/01/2017 22:00 - 13/01/2017 23:00","BZN|BG","5879.00","5516.00"
"13/01/2017 23:00 - 14/01/2017 00:00","BZN|BG","5515.00","5228.00"
"14/01/2017 00:00 - 14/01/2017 01:00","BZN|BG","5223.00","5094.00"
"14/01/2017 01:00 - 14/01/2017 02:00","BZN|BG","5034.00","5024.00"
"14/01/2017 02:00 - 14/01/2017 03:00","BZN|BG","4965.00","5005.00"
"14/01/2017 03:00 - 14/01/2017 04:00","BZN|BG","4967.00","5047.00"
"14/01/2017 04:00 - 14/01/2017 05:00","BZN|BG","4997.00","5164.00"
"14/01/2017 05:00 - 14/01/2017 06:00","BZN|BG","5144.00","5389.00"
"14/01/2017 06:00 - 14/01/2017 07:00","BZN|BG","5399.00","5770.00"
"14/01/2017 07:00 - 14/01/2017 08:00","BZN|BG","5837.00","6107.00"
"14/01/2017 08:00 - 14/01/2017 09:00","BZN|BG","6175.00","6295.00"
"14/01/2017 09:00 - 14/01/2017 10:00","BZN|BG","6254.00","6366.00"
"14/01/2017 10:00 - 14/01/2017 11:00","BZN|BG","6196.00","6274.00"
"14/01/2017 11:00 - 14/01/2017 12:00","BZN|BG","6114.00","5975.00"
"14/01/2017 12:00 - 14/01/2017 13:00","BZN|BG","5970.00","5754.00"
"14/01/2017 13:00 - 14/01/2017 14:00","BZN|BG","5898.00","5759.00"
"14/01/2017 14:00 - 14/01/2017 15:00","BZN|BG","5896.00","5896.00"
"14/01/2017 15:00 - 14/01/2017 16:00","BZN|BG","6061.00","6345.00"
"14/01/2017 16:00 - 14/01/2017 17:00","BZN|BG","6394.00","6535.00"
"14/01/2017 17:00 - 14/01/2017 18:00","BZN|BG","6582.00","6433.00"
"14/01/2017 18:00 - 14/01/2017 19:00","BZN|BG","6466.00","6294.00"
"14/01/2017 19:00 - 14/01/2017 20:00","BZN|BG","6204.00","6156.00"
"14/01/2017 20:00 - 14/01/2017 21:00","BZN|BG","5895.00","6117.00"
"14/01/2017 21:00 - 14/01/2017 22:00","BZN|BG","5818.00","5976.00"
"14/01/2017 22:00 - 14/01/2017 23:00","BZN|BG","5535.00","5558.00"
"14/01/2017 23:00 - 15/01/2017 00:00","BZN|BG","5196.00","5364.00"
"15/01/2017 00:00 - 15/01/2017 01:00","BZN|BG","4949.00","5236.00"
"15/01/2017 01:00 - 15/01/2017 02:00","BZN|BG","4798.00","5182.00"
"15/01/2017 02:00 - 15/01/2017 03:00","BZN|BG","4746.00","5165.00"
"15/01/2017 03:00 - 15/01/2017 04:00","BZN|BG","4730.00","5179.00"
"15/01/2017 04:00 - 15/01/2017 05:00","BZN|BG","4757.00","5249.00"
"15/01/2017 05:00 - 15/01/2017 06:00","BZN|BG","4835.00","5433.00"
"15/01/2017 06:00 - 15/01/2017 07:00","BZN|BG","5069.00","5831.00"
"15/01/2017 07:00 - 15/01/2017 08:00","BZN|BG","5518.00","6217.00"
"15/01/2017 08:00 - 15/01/2017 09:00","BZN|BG","5895.00","6389.00"
"15/01/2017 09:00 - 15/01/2017 10:00","BZN|BG","6008.00","6442.00"
"15/01/2017 10:00 - 15/01/2017 11:00","BZN|BG","5942.00","6393.00"
"15/01/2017 11:00 - 15/01/2017 12:00","BZN|BG","5804.00","6176.00"
"15/01/2017 12:00 - 15/01/2017 13:00","BZN|BG","5631.00","5991.00"
"15/01/2017 13:00 - 15/01/2017 14:00","BZN|BG","5537.00","6009.00"
"15/01/2017 14:00 - 15/01/2017 15:00","BZN|BG","5530.00","6244.00"
"15/01/2017 15:00 - 15/01/2017 16:00","BZN|BG","5789.00","6704.00"
"15/01/2017 16:00 - 15/01/2017 17:00","BZN|BG","6394.00","6901.00"
"15/01/2017 17:00 - 15/01/2017 18:00","BZN|BG","6722.00","6806.00"
"15/01/2017 18:00 - 15/01/2017 19:00","BZN|BG","6670.00","6662.00"
"15/01/2017 19:00 - 15/01/2017 20:00","BZN|BG","6431.00","6415.00"
"15/01/2017 20:00 - 15/01/2017 21:00","BZN|BG","6126.00","6280.00"
"15/01/2017 21:00 - 15/01/2017 22:00","BZN|BG","6000.00","6040.00"
"15/01/2017 22:00 - 15/01/2017 23:00","BZN|BG","5619.00","5281.00"
"15/01/2017 23:00 - 16/01/2017 00:00","BZN|BG","5184.00","5035.00"
"16/01/2017 00:00 - 16/01/2017 01:00","BZN|BG","4937.00","4907.00"
"16/01/2017 01:00 - 16/01/2017 02:00","BZN|BG","4817.00","4878.00"
"16/01/2017 02:00 - 16/01/2017 03:00","BZN|BG","4811.00","4887.00"
"16/01/2017 03:00 - 16/01/2017 04:00","BZN|BG","4859.00","5040.00"
"16/01/2017 04:00 - 16/01/2017 05:00","BZN|BG","5047.00","5460.00"
"16/01/2017 05:00 - 16/01/2017 06:00","BZN|BG","5557.00","5961.00"
"16/01/2017 06:00 - 16/01/2017 07:00","BZN|BG","6164.00","6457.00"
"16/01/2017 07:00 - 16/01/2017 08:00","BZN|BG","6620.00","6726.00"
"16/01/2017 08:00 - 16/01/2017 09:00","BZN|BG","6847.00","6737.00"
"16/01/2017 09:00 - 16/01/2017 10:00","BZN|BG","6796.00","6658.00"
"16/01/2017 10:00 - 16/01/2017 11:00","BZN|BG","6698.00","6532.00"
"16/01/2017 11:00 - 16/01/2017 12:00","BZN|BG","6578.00","6443.00"
"16/01/2017 12:00 - 16/01/2017 13:00","BZN|BG","6550.00","6407.00"
"16/01/2017 13:00 - 16/01/2017 14:00","BZN|BG","6554.00","6494.00"
"16/01/2017 14:00 - 16/01/2017 15:00","BZN|BG","6566.00","6594.00"
"16/01/2017 15:00 - 16/01/2017 16:00","BZN|BG","6601.00","6884.00"
"16/01/2017 16:00 - 16/01/2017 17:00","BZN|BG","6764.00","7159.00"
"16/01/2017 17:00 - 16/01/2017 18:00","BZN|BG","6983.00","7105.00"
"16/01/2017 18:00 - 16/01/2017 19:00","BZN|BG","6948.00","6810.00"
"16/01/2017 19:00 - 16/01/2017 20:00","BZN|BG","6666.00","6530.00"
"16/01/2017 20:00 - 16/01/2017 21:00","BZN|BG","6408.00","6296.00"
"16/01/2017 21:00 - 16/01/2017 22:00","BZN|BG","6234.00","5910.00"
"16/01/2017 22:00 - 16/01/2017 23:00","BZN|BG","5840.00","5649.00"
"16/01/2017 23:00 - 17/01/2017 00:00","BZN|BG","5392.00","5352.00"
"17/01/2017 00:00 - 17/01/2017 01:00","BZN|BG","5124.00","5213.00"
"17/01/2017 01:00 - 17/01/2017 02:00","BZN|BG","5034.00","5157.00"
"17/01/2017 02:00 - 17/01/2017 03:00","BZN|BG","5005.00","5148.00"
"17/01/2017 03:00 - 17/01/2017 04:00","BZN|BG","5045.00","5284.00"
"17/01/2017 04:00 - 17/01/2017 05:00","BZN|BG","5194.00","5705.00"
"17/01/2017 05:00 - 17/01/2017 06:00","BZN|BG","5672.00","6263.00"
"17/01/2017 06:00 - 17/01/2017 07:00","BZN|BG","6194.00","6759.00"
"17/01/2017 07:00 - 17/01/2017 08:00","BZN|BG","6547.00","7034.00"
"17/01/2017 08:00 - 17/01/2017 09:00","BZN|BG","6725.00","7026.00"
"17/01/2017 09:00 - 17/01/2017 10:00","BZN|BG","6673.00","6953.00"
"17/01/2017 10:00 - 17/01/2017 11:00","BZN|BG","6596.00","6787.00"
"17/01/2017 11:00 - 17/01/2017 12:00","BZN|BG","6491.00","6680.00"
"17/01/2017 12:00 - 17/01/2017 13:00","BZN|BG","6439.00","6575.00"
"17/01/2017 13:00 - 17/01/2017 14:00","BZN|BG","6436.00","6609.00"
"17/01/2017 14:00 - 17/01/2017 15:00","BZN|BG","6455.00","6705.00"
"17/01/2017 15:00 - 17/01/2017 16:00","BZN|BG","6544.00","7061.00"
"17/01/2017 16:00 - 17/01/2017 17:00","BZN|BG","6693.00","7380.00"
"17/01/2017 17:00 - 17/01/2017 18:00","BZN|BG","6969.00","7315.00"
"17/01/2017 18:00 - 17/01/2017 19:00","BZN|BG","6912.00","7063.00"
"17/01/2017 19:00 - 17/01/2017 20:00","BZN|BG","6643.00","6787.00"
"17/01/2017 20:00 - 17/01/2017 21:00","BZN|BG","6404.00","6633.00"
"17/01/2017 21:00 - 17/01/2017 22:00","BZN|BG","6227.00","6312.00"
"17/01/2017 22:00 - 17/01/2017 23:00","BZN|BG","5858.00","5453.00"
"17/01/2017 23:00 - 18/01/2017 00:00","BZN|BG","5464.00","5198.00"
"18/01/2017 00:00 - 18/01/2017 01:00","BZN|BG","5192.00","5080.00"
"18/01/2017 01:00 - 18/01/2017 02:00","BZN|BG","5057.00","5048.00"
"18/01/2017 02:00 - 18/01/2017 03:00","BZN|BG","5000.00","5049.00"
"18/01/2017 03:00 - 18/01/2017 04:00","BZN|BG","5054.00","5195.00"
"18/01/2017 04:00 - 18/01/2017 05:00","BZN|BG","5218.00","5629.00"
"18/01/2017 05:00 - 18/01/2017 06:00","BZN|BG","5697.00","6177.00"
"18/01/2017 06:00 - 18/01/2017 07:00","BZN|BG","6246.00","6629.00"
"18/01/2017 07:00 - 18/01/2017 08:00","BZN|BG","6611.00","6857.00"
"18/01/2017 08:00 - 18/01/2017 09:00","BZN|BG","6780.00","6827.00"
"18/01/2017 09:00 - 18/01/2017 10:00","BZN|BG","6736.00","6765.00"
"18/01/2017 10:00 - 18/01/2017 11:00","BZN|BG","6661.00","6669.00"
"18/01/2017 11:00 - 18/01/2017 12:00","BZN|BG","6538.00","6595.00"
"18/01/2017 12:00 - 18/01/2017 13:00","BZN|BG","6521.00","6547.00"
"18/01/2017 13:00 - 18/01/2017 14:00","BZN|BG","6492.00","6565.00"
"18/01/2017 14:00 - 18/01/2017 15:00","BZN|BG","6518.00","6614.00"
"18/01/2017 15:00 - 18/01/2017 16:00","BZN|BG","6604.00","6804.00"
"18/01/2017 16:00 - 18/01/2017 17:00","BZN|BG","6821.00","6986.00"
"18/01/2017 17:00 - 18/01/2017 18:00","BZN|BG","7124.00","6917.00"
"18/01/2017 18:00 - 18/01/2017 19:00","BZN|BG","7059.00","6657.00"
"18/01/2017 19:00 - 18/01/2017 20:00","BZN|BG","6788.00","6359.00"
"18/01/2017 20:00 - 18/01/2017 21:00","BZN|BG","6511.00","6188.00"
"18/01/2017 21:00 - 18/01/2017 22:00","BZN|BG","6301.00","5839.00"
"18/01/2017 22:00 - 18/01/2017 23:00","BZN|BG","5923.00","5553.00"
"18/01/2017 23:00 - 19/01/2017 00:00","BZN|BG","5468.00","5278.00"
"19/01/2017 00:00 - 19/01/2017 01:00","BZN|BG","5222.00","5156.00"
"19/01/2017 01:00 - 19/01/2017 02:00","BZN|BG","5093.00","5122.00"
"19/01/2017 02:00 - 19/01/2017 03:00","BZN|BG","5047.00","5132.00"
"19/01/2017 03:00 - 19/01/2017 04:00","BZN|BG","5088.00","5278.00"
"19/01/2017 04:00 - 19/01/2017 05:00","BZN|BG","5260.00","5710.00"
"19/01/2017 05:00 - 19/01/2017 06:00","BZN|BG","5746.00","6243.00"
"19/01/2017 06:00 - 19/01/2017 07:00","BZN|BG","6276.00","6670.00"
"19/01/2017 07:00 - 19/01/2017 08:00","BZN|BG","6707.00","6881.00"
"19/01/2017 08:00 - 19/01/2017 09:00","BZN|BG","6925.00","6840.00"
"19/01/2017 09:00 - 19/01/2017 10:00","BZN|BG","6876.00","6764.00"
"19/01/2017 10:00 - 19/01/2017 11:00","BZN|BG","6860.00","6650.00"
"19/01/2017 11:00 - 19/01/2017 12:00","BZN|BG","6728.00","6565.00"
"19/01/2017 12:00 - 19/01/2017 13:00","BZN|BG","6643.00","6518.00"
"19/01/2017 13:00 - 19/01/2017 14:00","BZN|BG","6621.00","6545.00"
"19/01/2017 14:00 - 19/01/2017 15:00","BZN|BG","6589.00","6621.00"
"19/01/2017 15:00 - 19/01/2017 16:00","BZN|BG","6636.00","6883.00"
"19/01/2017 16:00 - 19/01/2017 17:00","BZN|BG","6827.00","7159.00"
"19/01/2017 17:00 - 19/01/2017 18:00","BZN|BG","7140.00","7096.00"
"19/01/2017 18:00 - 19/01/2017 19:00","BZN|BG","7127.00","6834.00"
"19/01/2017 19:00 - 19/01/2017 20:00","BZN|BG","6837.00","6547.00"
"19/01/2017 20:00 - 19/01/2017 21:00","BZN|BG","6578.00","6376.00"
"19/01/2017 21:00 - 19/01/2017 22:00","BZN|BG","6368.00","6024.00"
"19/01/2017 22:00 - 19/01/2017 23:00","BZN|BG","5971.00","5702.00"
"19/01/2017 23:00 - 20/01/2017 00:00","BZN|BG","5522.00","5428.00"
"20/01/2017 00:00 - 20/01/2017 01:00","BZN|BG","5272.00","5304.00"
"20/01/2017 01:00 - 20/01/2017 02:00","BZN|BG","5112.00","5268.00"
"20/01/2017 02:00 - 20/01/2017 03:00","BZN|BG","5083.00","5285.00"
"20/01/2017 03:00 - 20/01/2017 04:00","BZN|BG","5090.00","5437.00"
"20/01/2017 04:00 - 20/01/2017 05:00","BZN|BG","5207.00","5889.00"
"20/01/2017 05:00 - 20/01/2017 06:00","BZN|BG","5722.00","6435.00"
"20/01/2017 06:00 - 20/01/2017 07:00","BZN|BG","6269.00","6858.00"
"20/01/2017 07:00 - 20/01/2017 08:00","BZN|BG","6691.00","7066.00"
"20/01/2017 08:00 - 20/01/2017 09:00","BZN|BG","6778.00","7037.00"
"20/01/2017 09:00 - 20/01/2017 10:00","BZN|BG","6668.00","6984.00"
"20/01/2017 10:00 - 20/01/2017 11:00","BZN|BG","6505.00","6899.00"
"20/01/2017 11:00 - 20/01/2017 12:00","BZN|BG","6327.00","6842.00"
"20/01/2017 12:00 - 20/01/2017 13:00","BZN|BG","6214.00","6813.00"
"20/01/2017 13:00 - 20/01/2017 14:00","BZN|BG","6205.00","6842.00"
"20/01/2017 14:00 - 20/01/2017 15:00","BZN|BG","6192.00","6917.00"
"20/01/2017 15:00 - 20/01/2017 16:00","BZN|BG","6246.00","7166.00"
"20/01/2017 16:00 - 20/01/2017 17:00","BZN|BG","6490.00","7441.00"
"20/01/2017 17:00 - 20/01/2017 18:00","BZN|BG","6858.00","7375.00"
"20/01/2017 18:00 - 20/01/2017 19:00","BZN|BG","6848.00","7111.00"
"20/01/2017 19:00 - 20/01/2017 20:00","BZN|BG","6574.00","6827.00"
"20/01/2017 20:00 - 20/01/2017 21:00","BZN|BG","6350.00","6649.00"
"20/01/2017 21:00 - 20/01/2017 22:00","BZN|BG","6219.00","6293.00"
"20/01/2017 22:00 - 20/01/2017 23:00","BZN|BG","5965.00","5648.00"
"20/01/2017 23:00 - 21/01/2017 00:00","BZN|BG","5583.00","5380.00"
"21/01/2017 00:00 - 21/01/2017 01:00","BZN|BG","5294.00","5208.00"
"21/01/2017 01:00 - 21/01/2017 02:00","BZN|BG","5179.00","5146.00"
"21/01/2017 02:00 - 21/01/2017 03:00","BZN|BG","5114.00","5144.00"
"21/01/2017 03:00 - 21/01/2017 04:00","BZN|BG","5126.00","5181.00"
"21/01/2017 04:00 - 21/01/2017 05:00","BZN|BG","5189.00","5354.00"
"21/01/2017 05:00 - 21/01/2017 06:00","BZN|BG","5340.00","5653.00"
"21/01/2017 06:00 - 21/01/2017 07:00","BZN|BG","5660.00","6165.00"
"21/01/2017 07:00 - 21/01/2017 08:00","BZN|BG","6162.00","6561.00"
"21/01/2017 08:00 - 21/01/2017 09:00","BZN|BG","6464.00","6653.00"
"21/01/2017 09:00 - 21/01/2017 10:00","BZN|BG","6503.00","6601.00"
"21/01/2017 10:00 - 21/01/2017 11:00","BZN|BG","6397.00","6526.00"
"21/01/2017 11:00 - 21/01/2017 12:00","BZN|BG","6207.00","6396.00"
"21/01/2017 12:00 - 21/01/2017 13:00","BZN|BG","5982.00","6330.00"
"21/01/2017 13:00 - 21/01/2017 14:00","BZN|BG","5869.00","6328.00"
"21/01/2017 14:00 - 21/01/2017 15:00","BZN|BG","5825.00","6504.00"
"21/01/2017 15:00 - 21/01/2017 16:00","BZN|BG","5919.00","6859.00"
"21/01/2017 16:00 - 21/01/2017 17:00","BZN|BG","6318.00","7058.00"
"21/01/2017 17:00 - 21/01/2017 18:00","BZN|BG","6634.00","6937.00"
"21/01/2017 18:00 - 21/01/2017 19:00","BZN|BG","6568.00","6665.00"
"21/01/2017 19:00 - 21/01/2017 20:00","BZN|BG","6311.00","6343.00"
"21/01/2017 20:00 - 21/01/2017 21:00","BZN|BG","6078.00","6262.00"
"21/01/2017 21:00 - 21/01/2017 22:00","BZN|BG","6021.00","5967.00"
"21/01/2017 22:00 - 21/01/2017 23:00","BZN|BG","5776.00","5552.00"
"21/01/2017 23:00 - 22/01/2017 00:00","BZN|BG","5449.00","5311.00"
"22/01/2017 00:00 - 22/01/2017 01:00","BZN|BG","5188.00","5164.00"
"22/01/2017 01:00 - 22/01/2017 02:00","BZN|BG","5071.00","5114.00"
"22/01/2017 02:00 - 22/01/2017 03:00","BZN|BG","5002.00","5099.00"
"22/01/2017 03:00 - 22/01/2017 04:00","BZN|BG","4991.00","5126.00"
"22/01/2017 04:00 - 22/01/2017 05:00","BZN|BG","5031.00","5208.00"
"22/01/2017 05:00 - 22/01/2017 06:00","BZN|BG","5149.00","5453.00"
"22/01/2017 06:00 - 22/01/2017 07:00","BZN|BG","5404.00","5921.00"
"22/01/2017 07:00 - 22/01/2017 08:00","BZN|BG","5909.00","6315.00"
"22/01/2017 08:00 - 22/01/2017 09:00","BZN|BG","6269.00","6432.00"
"22/01/2017 09:00 - 22/01/2017 10:00","BZN|BG","6412.00","6374.00"
"22/01/2017 10:00 - 22/01/2017 11:00","BZN|BG","6308.00","6253.00"
"22/01/2017 11:00 - 22/01/2017 12:00","BZN|BG","6260.00","6101.00"
"22/01/2017 12:00 - 22/01/2017 13:00","BZN|BG","6127.00","6019.00"
"22/01/2017 13:00 - 22/01/2017 14:00","BZN|BG","6032.00","6012.00"
"22/01/2017 14:00 - 22/01/2017 15:00","BZN|BG","6024.00","6214.00"
"22/01/2017 15:00 - 22/01/2017 16:00","BZN|BG","6187.00","6683.00"
"22/01/2017 16:00 - 22/01/2017 17:00","BZN|BG","6569.00","6937.00"
"22/01/2017 17:00 - 22/01/2017 18:00","BZN|BG","6898.00","6890.00"
"22/01/2017 18:00 - 22/01/2017 19:00","BZN|BG","6937.00","6677.00"
"22/01/2017 19:00 - 22/01/2017 20:00","BZN|BG","6633.00","6405.00"
"22/01/2017 20:00 - 22/01/2017 21:00","BZN|BG","6274.00","6292.00"
"22/01/2017 21:00 - 22/01/2017 22:00","BZN|BG","6066.00","5952.00"
"22/01/2017 22:00 - 22/01/2017 23:00","BZN|BG","5721.00","5403.00"
"22/01/2017 23:00 - 23/01/2017 00:00","BZN|BG","5380.00","5134.00"
"23/01/2017 00:00 - 23/01/2017 01:00","BZN|BG","5113.00","5003.00"
"23/01/2017 01:00 - 23/01/2017 02:00","BZN|BG","4955.00","4996.00"
"23/01/2017 02:00 - 23/01/2017 03:00","BZN|BG","4927.00","5037.00"
"23/01/2017 03:00 - 23/01/2017 04:00","BZN|BG","4970.00","5193.00"
"23/01/2017 04:00 - 23/01/2017 05:00","BZN|BG","5176.00","5616.00"
"23/01/2017 05:00 - 23/01/2017 06:00","BZN|BG","5689.00","6122.00"
"23/01/2017 06:00 - 23/01/2017 07:00","BZN|BG","6286.00","6500.00"
"23/01/2017 07:00 - 23/01/2017 08:00","BZN|BG","6769.00","6689.00"
"23/01/2017 08:00 - 23/01/2017 09:00","BZN|BG","6963.00","6588.00"
"23/01/2017 09:00 - 23/01/2017 10:00","BZN|BG","6878.00","6396.00"
"23/01/2017 10:00 - 23/01/2017 11:00","BZN|BG","6739.00","6161.00"
"23/01/2017 11:00 - 23/01/2017 12:00","BZN|BG","6600.00","6105.00"
"23/01/2017 12:00 - 23/01/2017 13:00","BZN|BG","6522.00","6113.00"
"23/01/2017 13:00 - 23/01/2017 14:00","BZN|BG","6477.00","6136.00"
"23/01/2017 14:00 - 23/01/2017 15:00","BZN|BG","6482.00","6200.00"
"23/01/2017 15:00 - 23/01/2017 16:00","BZN|BG","6506.00","6500.00"
"23/01/2017 16:00 - 23/01/2017 17:00","BZN|BG","6546.00","6903.00"
"23/01/2017 17:00 - 23/01/2017 18:00","BZN|BG","6889.00","6871.00"
"23/01/2017 18:00 - 23/01/2017 19:00","BZN|BG","6865.00","6616.00"
"23/01/2017 19:00 - 23/01/2017 20:00","BZN|BG","6590.00","6382.00"
"23/01/2017 20:00 - 23/01/2017 21:00","BZN|BG","6321.00","6225.00"
"23/01/2017 21:00 - 23/01/2017 22:00","BZN|BG","6129.00","5869.00"
"23/01/2017 22:00 - 23/01/2017 23:00","BZN|BG","5853.00","5586.00"
"23/01/2017 23:00 - 24/01/2017 00:00","BZN|BG","5456.00","5189.00"
"24/01/2017 00:00 - 24/01/2017 01:00","BZN|BG","5167.00","5019.00"
"24/01/2017 01:00 - 24/01/2017 02:00","BZN|BG","5033.00","4959.00"
"24/01/2017 02:00 - 24/01/2017 03:00","BZN|BG","5015.00","4990.00"
"24/01/2017 03:00 - 24/01/2017 04:00","BZN|BG","5052.00","5154.00"
"24/01/2017 04:00 - 24/01/2017 05:00","BZN|BG","5206.00","5681.00"
"24/01/2017 05:00 - 24/01/2017 06:00","BZN|BG","5680.00","6281.00"
"24/01/2017 06:00 - 24/01/2017 07:00","BZN|BG","6236.00","6703.00"
"24/01/2017 07:00 - 24/01/2017 08:00","BZN|BG","6622.00","6882.00"
"24/01/2017 08:00 - 24/01/2017 09:00","BZN|BG","6823.00","6725.00"
"24/01/2017 09:00 - 24/01/2017 10:00","BZN|BG","6739.00","6552.00"
"24/01/2017 10:00 - 24/01/2017 11:00","BZN|BG","6644.00","6247.00"
"24/01/2017 11:00 - 24/01/2017 12:00","BZN|BG","6484.00","6100.00"
"24/01/2017 12:00 - 24/01/2017 13:00","BZN|BG","6405.00","6049.00"
"24/01/2017 13:00 - 24/01/2017 14:00","BZN|BG","6366.00","6069.00"
"24/01/2017 14:00 - 24/01/2017 15:00","BZN|BG","6390.00","6210.00"
"24/01/2017 15:00 - 24/01/2017 16:00","BZN|BG","6408.00","6630.00"
"24/01/2017 16:00 - 24/01/2017 17:00","BZN|BG","6485.00","7221.00"
"24/01/2017 17:00 - 24/01/2017 18:00","BZN|BG","6835.00","7174.00"
"24/01/2017 18:00 - 24/01/2017 19:00","BZN|BG","6804.00","6915.00"
"24/01/2017 19:00 - 24/01/2017 20:00","BZN|BG","6551.00","6663.00"
"24/01/2017 20:00 - 24/01/2017 21:00","BZN|BG","6286.00","6499.00"
"24/01/2017 21:00 - 24/01/2017 22:00","BZN|BG","6097.00","6176.00"
"24/01/2017 22:00 - 24/01/2017 23:00","BZN|BG","5811.00","5427.00"
"24/01/2017 23:00 - 25/01/2017 00:00","BZN|BG","5407.00","5116.00"
"25/01/2017 00:00 - 25/01/2017 01:00","BZN|BG","5140.00","4972.00"
"25/01/2017 01:00 - 25/01/2017 02:00","BZN|BG","4986.00","4919.00"
"25/01/2017 02:00 - 25/01/2017 03:00","BZN|BG","4989.00","4957.00"
"25/01/2017 03:00 - 25/01/2017 04:00","BZN|BG","5017.00","5117.00"
"25/01/2017 04:00 - 25/01/2017 05:00","BZN|BG","5158.00","5627.00"
"25/01/2017 05:00 - 25/01/2017 06:00","BZN|BG","5639.00","6192.00"
"25/01/2017 06:00 - 25/01/2017 07:00","BZN|BG","6227.00","6596.00"
"25/01/2017 07:00 - 25/01/2017 08:00","BZN|BG","6663.00","6774.00"
"25/01/2017 08:00 - 25/01/2017 09:00","BZN|BG","6853.00","6670.00"
"25/01/2017 09:00 - 25/01/2017 10:00","BZN|BG","6768.00","6547.00"
"25/01/2017 10:00 - 25/01/2017 11:00","BZN|BG","6661.00","6344.00"
"25/01/2017 11:00 - 25/01/2017 12:00","BZN|BG","6528.00","6248.00"
"25/01/2017 12:00 - 25/01/2017 13:00","BZN|BG","6422.00","6225.00"
"25/01/2017 13:00 - 25/01/2017 14:00","BZN|BG","6389.00","6229.00"
"25/01/2017 14:00 - 25/01/2017 15:00","BZN|BG","6385.00","6302.00"
"25/01/2017 15:00 - 25/01/2017 16:00","BZN|BG","6437.00","6513.00"
"25/01/2017 16:00 - 25/01/2017 17:00","BZN|BG","6528.00","6852.00"
"25/01/2017 17:00 - 25/01/2017 18:00","BZN|BG","6898.00","6817.00"
"25/01/2017 18:00 - 25/01/2017 19:00","BZN|BG","6906.00","6569.00"
"25/01/2017 19:00 - 25/01/2017 20:00","BZN|BG","6645.00","6339.00"
"25/01/2017 20:00 - 25/01/2017 21:00","BZN|BG","6382.00","6175.00"
"25/01/2017 21:00 - 25/01/2017 22:00","BZN|BG","6195.00","5857.00"
"25/01/2017 22:00 - 25/01/2017 23:00","BZN|BG","5936.00","5538.00"
"25/01/2017 23:00 - 26/01/2017 00:00","BZN|BG","5531.00","5300.00"
"26/01/2017 00:00 - 26/01/2017 01:00","BZN|BG","5240.00","5190.00"
"26/01/2017 01:00 - 26/01/2017 02:00","BZN|BG","5092.00","5154.00"
"26/01/2017 02:00 - 26/01/2017 03:00","BZN|BG","5087.00","5191.00"
"26/01/2017 03:00 - 26/01/2017 04:00","BZN|BG","5125.00","5353.00"
"26/01/2017 04:00 - 26/01/2017 05:00","BZN|BG","5264.00","5858.00"
"26/01/2017 05:00 - 26/01/2017 06:00","BZN|BG","5744.00","6420.00"
"26/01/2017 06:00 - 26/01/2017 07:00","BZN|BG","6324.00","6817.00"
"26/01/2017 07:00 - 26/01/2017 08:00","BZN|BG","6753.00","7000.00"
"26/01/2017 08:00 - 26/01/2017 09:00","BZN|BG","6945.00","6910.00"
"26/01/2017 09:00 - 26/01/2017 10:00","BZN|BG","6822.00","6800.00"
"26/01/2017 10:00 - 26/01/2017 11:00","BZN|BG","6687.00","6628.00"
"26/01/2017 11:00 - 26/01/2017 12:00","BZN|BG","6487.00","6541.00"
"26/01/2017 12:00 - 26/01/2017 13:00","BZN|BG","6413.00","6518.00"
"26/01/2017 13:00 - 26/01/2017 14:00","BZN|BG","6318.00","6526.00"
"26/01/2017 14:00 - 26/01/2017 15:00","BZN|BG","6334.00","6595.00"
"26/01/2017 15:00 - 26/01/2017 16:00","BZN|BG","6405.00","6794.00"
"26/01/2017 16:00 - 26/01/2017 17:00","BZN|BG","6524.00","7167.00"
"26/01/2017 17:00 - 26/01/2017 18:00","BZN|BG","6983.00","7131.00"
"26/01/2017 18:00 - 26/01/2017 19:00","BZN|BG","7007.00","6862.00"
"26/01/2017 19:00 - 26/01/2017 20:00","BZN|BG","6763.00","6607.00"
"26/01/2017 20:00 - 26/01/2017 21:00","BZN|BG","6489.00","6424.00"
"26/01/2017 21:00 - 26/01/2017 22:00","BZN|BG","6325.00","6091.00"
"26/01/2017 22:00 - 26/01/2017 23:00","BZN|BG","6079.00","5642.00"
"26/01/2017 23:00 - 27/01/2017 00:00","BZN|BG","5710.00","5411.00"
"27/01/2017 00:00 - 27/01/2017 01:00","BZN|BG","5463.00","5305.00"
"27/01/2017 01:00 - 27/01/2017 02:00","BZN|BG","5328.00","5271.00"
"27/01/2017 02:00 - 27/01/2017 03:00","BZN|BG","5296.00","5309.00"
"27/01/2017 03:00 - 27/01/2017 04:00","BZN|BG","5340.00","5471.00"
"27/01/2017 04:00 - 27/01/2017 05:00","BZN|BG","5503.00","5971.00"
"27/01/2017 05:00 - 27/01/2017 06:00","BZN|BG","5998.00","6540.00"
"27/01/2017 06:00 - 27/01/2017 07:00","BZN|BG","6590.00","6938.00"
"27/01/2017 07:00 - 27/01/2017 08:00","BZN|BG","7007.00","7118.00"
"27/01/2017 08:00 - 27/01/2017 09:00","BZN|BG","7151.00","7042.00"
"27/01/2017 09:00 - 27/01/2017 10:00","BZN|BG","7052.00","6941.00"
"27/01/2017 10:00 - 27/01/2017 11:00","BZN|BG","6892.00","6790.00"
"27/01/2017 11:00 - 27/01/2017 12:00","BZN|BG","6632.00","6703.00"
"27/01/2017 12:00 - 27/01/2017 13:00","BZN|BG","6492.00","6680.00"
"27/01/2017 13:00 - 27/01/2017 14:00","BZN|BG","6424.00","6687.00"
"27/01/2017 14:00 - 27/01/2017 15:00","BZN|BG","6366.00","6750.00"
"27/01/2017 15:00 - 27/01/2017 16:00","BZN|BG","6439.00","6917.00"
"27/01/2017 16:00 - 27/01/2017 17:00","BZN|BG","6534.00","7264.00"
"27/01/2017 17:00 - 27/01/2017 18:00","BZN|BG","6959.00","7237.00"
"27/01/2017 18:00 - 27/01/2017 19:00","BZN|BG","6946.00","6973.00"
"27/01/2017 19:00 - 27/01/2017 20:00","BZN|BG","6640.00","6719.00"
"27/01/2017 20:00 - 27/01/2017 21:00","BZN|BG","6372.00","6536.00"
"27/01/2017 21:00 - 27/01/2017 22:00","BZN|BG","6211.00","6219.00"
"27/01/2017 22:00 - 27/01/2017 23:00","BZN|BG","6017.00","5670.00"
"27/01/2017 23:00 - 28/01/2017 00:00","BZN|BG","5640.00","5414.00"
"28/01/2017 00:00 - 28/01/2017 01:00","BZN|BG","5370.00","5306.00"
"28/01/2017 01:00 - 28/01/2017 02:00","BZN|BG","5227.00","5242.00"
"28/01/2017 02:00 - 28/01/2017 03:00","BZN|BG","5168.00","5258.00"
"28/01/2017 03:00 - 28/01/2017 04:00","BZN|BG","5172.00","5325.00"
"28/01/2017 04:00 - 28/01/2017 05:00","BZN|BG","5227.00","5505.00"
"28/01/2017 05:00 - 28/01/2017 06:00","BZN|BG","5382.00","5856.00"
"28/01/2017 06:00 - 28/01/2017 07:00","BZN|BG","5705.00","6400.00"
"28/01/2017 07:00 - 28/01/2017 08:00","BZN|BG","6222.00","6726.00"
"28/01/2017 08:00 - 28/01/2017 09:00","BZN|BG","6533.00","6747.00"
"28/01/2017 09:00 - 28/01/2017 10:00","BZN|BG","6525.00","6650.00"
"28/01/2017 10:00 - 28/01/2017 11:00","BZN|BG","6380.00","6468.00"
"28/01/2017 11:00 - 28/01/2017 12:00","BZN|BG","6211.00","6276.00"
"28/01/2017 12:00 - 28/01/2017 13:00","BZN|BG","5990.00","6214.00"
"28/01/2017 13:00 - 28/01/2017 14:00","BZN|BG","5882.00","6185.00"
"28/01/2017 14:00 - 28/01/2017 15:00","BZN|BG","5840.00","6281.00"
"28/01/2017 15:00 - 28/01/2017 16:00","BZN|BG","5992.00","6628.00"
"28/01/2017 16:00 - 28/01/2017 17:00","BZN|BG","6252.00","6925.00"
"28/01/2017 17:00 - 28/01/2017 18:00","BZN|BG","6627.00","6845.00"
"28/01/2017 18:00 - 28/01/2017 19:00","BZN|BG","6545.00","6561.00"
"28/01/2017 19:00 - 28/01/2017 20:00","BZN|BG","6262.00","6288.00"
"28/01/2017 20:00 - 28/01/2017 21:00","BZN|BG","5961.00","6201.00"
"28/01/2017 21:00 - 28/01/2017 22:00","BZN|BG","5897.00","5967.00"
"28/01/2017 22:00 - 28/01/2017 23:00","BZN|BG","5741.00","5353.00"
"28/01/2017 23:00 - 29/01/2017 00:00","BZN|BG","5400.00","5068.00"
"29/01/2017 00:00 - 29/01/2017 01:00","BZN|BG","5153.00","4941.00"
"29/01/2017 01:00 - 29/01/2017 02:00","BZN|BG","5034.00","4867.00"
"29/01/2017 02:00 - 29/01/2017 03:00","BZN|BG","4944.00","4855.00"
"29/01/2017 03:00 - 29/01/2017 04:00","BZN|BG","4950.00","4896.00"
"29/01/2017 04:00 - 29/01/2017 05:00","BZN|BG","4983.00","5019.00"
"29/01/2017 05:00 - 29/01/2017 06:00","BZN|BG","5096.00","5284.00"
"29/01/2017 06:00 - 29/01/2017 07:00","BZN|BG","5332.00","5811.00"
"29/01/2017 07:00 - 29/01/2017 08:00","BZN|BG","5856.00","6186.00"
"29/01/2017 08:00 - 29/01/2017 09:00","BZN|BG","6216.00","6335.00"
"29/01/2017 09:00 - 29/01/2017 10:00","BZN|BG","6320.00","6183.00"
"29/01/2017 10:00 - 29/01/2017 11:00","BZN|BG","6248.00","6111.00"
"29/01/2017 11:00 - 29/01/2017 12:00","BZN|BG","6114.00","5915.00"
"29/01/2017 12:00 - 29/01/2017 13:00","BZN|BG","5919.00","5776.00"
"29/01/2017 13:00 - 29/01/2017 14:00","BZN|BG","5830.00","5764.00"
"29/01/2017 14:00 - 29/01/2017 15:00","BZN|BG","5888.00","5926.00"
"29/01/2017 15:00 - 29/01/2017 16:00","BZN|BG","6090.00","6304.00"
"29/01/2017 16:00 - 29/01/2017 17:00","BZN|BG","6400.00","6669.00"
"29/01/2017 17:00 - 29/01/2017 18:00","BZN|BG","6806.00","6631.00"
"29/01/2017 18:00 - 29/01/2017 19:00","BZN|BG","6782.00","6377.00"
"29/01/2017 19:00 - 29/01/2017 20:00","BZN|BG","6541.00","6032.00"
"29/01/2017 20:00 - 29/01/2017 21:00","BZN|BG","6227.00","5832.00"
"29/01/2017 21:00 - 29/01/2017 22:00","BZN|BG","6063.00","5501.00"
"29/01/2017 22:00 - 29/01/2017 23:00","BZN|BG","5803.00","5319.00"
"29/01/2017 23:00 - 30/01/2017 00:00","BZN|BG","5402.00","5094.00"
"30/01/2017 00:00 - 30/01/2017 01:00","BZN|BG","5135.00","4961.00"
"30/01/2017 01:00 - 30/01/2017 02:00","BZN|BG","5006.00","4937.00"
"30/01/2017 02:00 - 30/01/2017 03:00","BZN|BG","4989.00","4973.00"
"30/01/2017 03:00 - 30/01/2017 04:00","BZN|BG","5006.00","5141.00"
"30/01/2017 04:00 - 30/01/2017 05:00","BZN|BG","5198.00","5561.00"
"30/01/2017 05:00 - 30/01/2017 06:00","BZN|BG","5738.00","6051.00"
"30/01/2017 06:00 - 30/01/2017 07:00","BZN|BG","6325.00","6447.00"
"30/01/2017 07:00 - 30/01/2017 08:00","BZN|BG","6771.00","6606.00"
"30/01/2017 08:00 - 30/01/2017 09:00","BZN|BG","6967.00","6497.00"
"30/01/2017 09:00 - 30/01/2017 10:00","BZN|BG","6890.00","6318.00"
"30/01/2017 10:00 - 30/01/2017 11:00","BZN|BG","6764.00","6140.00"
"30/01/2017 11:00 - 30/01/2017 12:00","BZN|BG","6574.00","6040.00"
"30/01/2017 12:00 - 30/01/2017 13:00","BZN|BG","6500.00","5982.00"
"30/01/2017 13:00 - 30/01/2017 14:00","BZN|BG","6476.00","5991.00"
"30/01/2017 14:00 - 30/01/2017 15:00","BZN|BG","6475.00","6037.00"
"30/01/2017 15:00 - 30/01/2017 16:00","BZN|BG","6477.00","6113.00"
"30/01/2017 16:00 - 30/01/2017 17:00","BZN|BG","6490.00","6766.00"
"30/01/2017 17:00 - 30/01/2017 18:00","BZN|BG","6877.00","6744.00"
"30/01/2017 18:00 - 30/01/2017 19:00","BZN|BG","6882.00","6488.00"
"30/01/2017 19:00 - 30/01/2017 20:00","BZN|BG","6624.00","6239.00"
"30/01/2017 20:00 - 30/01/2017 21:00","BZN|BG","6324.00","6060.00"
"30/01/2017 21:00 - 30/01/2017 22:00","BZN|BG","6129.00","5804.00"
"30/01/2017 22:00 - 30/01/2017 23:00","BZN|BG","5885.00","5629.00"
"30/01/2017 23:00 - 31/01/2017 00:00","BZN|BG","5448.00","5287.00"
"31/01/2017 00:00 - 31/01/2017 01:00","BZN|BG","5152.00","5113.00"
"31/01/2017 01:00 - 31/01/2017 02:00","BZN|BG","5047.00","5097.00"
"31/01/2017 02:00 - 31/01/2017 03:00","BZN|BG","4978.00","5126.00"
"31/01/2017 03:00 - 31/01/2017 04:00","BZN|BG","5017.00","5277.00"
"31/01/2017 04:00 - 31/01/2017 05:00","BZN|BG","5184.00","5782.00"
"31/01/2017 05:00 - 31/01/2017 06:00","BZN|BG","5665.00","6364.00"
"31/01/2017 06:00 - 31/01/2017 07:00","BZN|BG","6247.00","6778.00"
"31/01/2017 07:00 - 31/01/2017 08:00","BZN|BG","6660.00","6935.00"
"31/01/2017 08:00 - 31/01/2017 09:00","BZN|BG","6752.00","6839.00"
"31/01/2017 09:00 - 31/01/2017 10:00","BZN|BG","6652.00","6716.00"
"31/01/2017 10:00 - 31/01/2017 11:00","BZN|BG","6546.00","6548.00"
"31/01/2017 11:00 - 31/01/2017 12:00","BZN|BG","6369.00","6463.00"
"31/01/2017 12:00 - 31/01/2017 13:00","BZN|BG","6229.00","6418.00"
"31/01/2017 13:00 - 31/01/2017 14:00","BZN|BG","6132.00","6427.00"
"31/01/2017 14:00 - 31/01/2017 15:00","BZN|BG","6144.00","6505.00"
"31/01/2017 15:00 - 31/01/2017 16:00","BZN|BG","6209.00","6692.00"
"31/01/2017 16:00 - 31/01/2017 17:00","BZN|BG","6333.00","7276.00"
"31/01/2017 17:00 - 31/01/2017 18:00","BZN|BG","6834.00","7264.00"
"31/01/2017 18:00 - 31/01/2017 19:00","BZN|BG","6877.00","6967.00"
"31/01/2017 19:00 - 31/01/2017 20:00","BZN|BG","6640.00","6678.00"
"31/01/2017 20:00 - 31/01/2017 21:00","BZN|BG","6376.00","6500.00"
"31/01/2017 21:00 - 31/01/2017 22:00","BZN|BG","6188.00","6223.00"
"31/01/2017 22:00 - 31/01/2017 23:00","BZN|BG","5923.00","5368.00"
"31/01/2017 23:00 - 01/02/2017 00:00","BZN|BG","5506.00","5094.00"
"01/02/2017 00:00 - 01/02/2017 01:00","BZN|BG","5235.00","4962.00"
"01/02/2017 01:00 - 01/02/2017 02:00","BZN|BG","5122.00","4954.00"
"01/02/2017 02:00 - 01/02/2017 03:00","BZN|BG","5050.00","4986.00"
"01/02/2017 03:00 - 01/02/2017 04:00","BZN|BG","5112.00","5133.00"
"01/02/2017 04:00 - 01/02/2017 05:00","BZN|BG","5300.00","5594.00"
"01/02/2017 05:00 - 01/02/2017 06:00","BZN|BG","5851.00","6139.00"
"01/02/2017 06:00 - 01/02/2017 07:00","BZN|BG","6431.00","6518.00"
"01/02/2017 07:00 - 01/02/2017 08:00","BZN|BG","6804.00","6678.00"
"01/02/2017 08:00 - 01/02/2017 09:00","BZN|BG","6934.00","6590.00"
"01/02/2017 09:00 - 01/02/2017 10:00","BZN|BG","6766.00","6479.00"
"01/02/2017 10:00 - 01/02/2017 11:00","BZN|BG","6564.00","6321.00"
"01/02/2017 11:00 - 01/02/2017 12:00","BZN|BG","6321.00","6244.00"
"01/02/2017 12:00 - 01/02/2017 13:00","BZN|BG","6158.00","6194.00"
"01/02/2017 13:00 - 01/02/2017 14:00","BZN|BG","6058.00","6206.00"
"01/02/2017 14:00 - 01/02/2017 15:00","BZN|BG","6056.00","6272.00"
"01/02/2017 15:00 - 01/02/2017 16:00","BZN|BG","6144.00","6391.00"
"01/02/2017 16:00 - 01/02/2017 17:00","BZN|BG","6368.00","6886.00"
"01/02/2017 17:00 - 01/02/2017 18:00","BZN|BG","6958.00","6873.00"
"01/02/2017 18:00 - 01/02/2017 19:00","BZN|BG","6985.00","6565.00"
"01/02/2017 19:00 - 01/02/2017 20:00","BZN|BG","6776.00","6253.00"
"01/02/2017 20:00 - 01/02/2017 21:00","BZN|BG","6419.00","6058.00"
"01/02/2017 21:00 - 01/02/2017 22:00","BZN|BG","6232.00","5770.00"
"01/02/2017 22:00 - 01/02/2017 23:00","BZN|BG","5903.00","5358.00"
"01/02/2017 23:00 - 02/02/2017 00:00","BZN|BG","5509.00","5080.00"
"02/02/2017 00:00 - 02/02/2017 01:00","BZN|BG","5244.00","4952.00"
"02/02/2017 01:00 - 02/02/2017 02:00","BZN|BG","5116.00","4931.00"
"02/02/2017 02:00 - 02/02/2017 03:00","BZN|BG","5096.00","4968.00"
"02/02/2017 03:00 - 02/02/2017 04:00","BZN|BG","5133.00","5127.00"
"02/02/2017 04:00 - 02/02/2017 05:00","BZN|BG","5320.00","5623.00"
"02/02/2017 05:00 - 02/02/2017 06:00","BZN|BG","5836.00","6205.00"
"02/02/2017 06:00 - 02/02/2017 07:00","BZN|BG","6403.00","6612.00"
"02/02/2017 07:00 - 02/02/2017 08:00","BZN|BG","6738.00","6766.00"
"02/02/2017 08:00 - 02/02/2017 09:00","BZN|BG","6747.00","6650.00"
"02/02/2017 09:00 - 02/02/2017 10:00","BZN|BG","6528.00","6503.00"
"02/02/2017 10:00 - 02/02/2017 11:00","BZN|BG","6314.00","6285.00"
"02/02/2017 11:00 - 02/02/2017 12:00","BZN|BG","6098.00","6174.00"
"02/02/2017 12:00 - 02/02/2017 13:00","BZN|BG","5953.00","6094.00"
"02/02/2017 13:00 - 02/02/2017 14:00","BZN|BG","5831.00","6115.00"
"02/02/2017 14:00 - 02/02/2017 15:00","BZN|BG","5835.00","6191.00"
"02/02/2017 15:00 - 02/02/2017 16:00","BZN|BG","5982.00","6322.00"
"02/02/2017 16:00 - 02/02/2017 17:00","BZN|BG","6301.00","6873.00"
"02/02/2017 17:00 - 02/02/2017 18:00","BZN|BG","6807.00","6874.00"
"02/02/2017 18:00 - 02/02/2017 19:00","BZN|BG","6871.00","6564.00"
"02/02/2017 19:00 - 02/02/2017 20:00","BZN|BG","6553.00","6246.00"
"02/02/2017 20:00 - 02/02/2017 21:00","BZN|BG","6288.00","6042.00"
"02/02/2017 21:00 - 02/02/2017 22:00","BZN|BG","6089.00","5744.00"
"02/02/2017 22:00 - 02/02/2017 23:00","BZN|BG","5709.00","5312.00"
"02/02/2017 23:00 - 03/02/2017 00:00","BZN|BG","5252.00","5043.00"
"03/02/2017 00:00 - 03/02/2017 01:00","BZN|BG","4983.00","4915.00"
"03/02/2017 01:00 - 03/02/2017 02:00","BZN|BG","4841.00","4882.00"
"03/02/2017 02:00 - 03/02/2017 03:00","BZN|BG","4796.00","4923.00"
"03/02/2017 03:00 - 03/02/2017 04:00","BZN|BG","4844.00","5065.00"
"03/02/2017 04:00 - 03/02/2017 05:00","BZN|BG","4997.00","5512.00"
"03/02/2017 05:00 - 03/02/2017 06:00","BZN|BG","5489.00","6032.00"
"03/02/2017 06:00 - 03/02/2017 07:00","BZN|BG","6051.00","6394.00"
"03/02/2017 07:00 - 03/02/2017 08:00","BZN|BG","6398.00","6532.00"
"03/02/2017 08:00 - 03/02/2017 09:00","BZN|BG","6410.00","6391.00"
"03/02/2017 09:00 - 03/02/2017 10:00","BZN|BG","6236.00","6218.00"
"03/02/2017 10:00 - 03/02/2017 11:00","BZN|BG","6035.00","5972.00"
"03/02/2017 11:00 - 03/02/2017 12:00","BZN|BG","5812.00","5824.00"
"03/02/2017 12:00 - 03/02/2017 13:00","BZN|BG","5698.00","5731.00"
"03/02/2017 13:00 - 03/02/2017 14:00","BZN|BG","5626.00","5741.00"
"03/02/2017 14:00 - 03/02/2017 15:00","BZN|BG","5663.00","5834.00"
"03/02/2017 15:00 - 03/02/2017 16:00","BZN|BG","5701.00","6007.00"
"03/02/2017 16:00 - 03/02/2017 17:00","BZN|BG","5954.00","6637.00"
"03/02/2017 17:00 - 03/02/2017 18:00","BZN|BG","6452.00","6649.00"
"03/02/2017 18:00 - 03/02/2017 19:00","BZN|BG","6439.00","6361.00"
"03/02/2017 19:00 - 03/02/2017 20:00","BZN|BG","6125.00","6062.00"
"03/02/2017 20:00 - 03/02/2017 21:00","BZN|BG","5845.00","5861.00"
"03/02/2017 21:00 - 03/02/2017 22:00","BZN|BG","5725.00","5569.00"
"03/02/2017 22:00 - 03/02/2017 23:00","BZN|BG","5406.00","5067.00"
"03/02/2017 23:00 - 04/02/2017 00:00","BZN|BG","4964.00","4784.00"
"04/02/2017 00:00 - 04/02/2017 01:00","BZN|BG","4689.00","4633.00"
"04/02/2017 01:00 - 04/02/2017 02:00","BZN|BG","4530.00","4574.00"
"04/02/2017 02:00 - 04/02/2017 03:00","BZN|BG","4479.00","4571.00"
"04/02/2017 03:00 - 04/02/2017 04:00","BZN|BG","4474.00","4623.00"
"04/02/2017 04:00 - 04/02/2017 05:00","BZN|BG","4534.00","4760.00"
"04/02/2017 05:00 - 04/02/2017 06:00","BZN|BG","4685.00","5044.00"
"04/02/2017 06:00 - 04/02/2017 07:00","BZN|BG","4997.00","5501.00"
"04/02/2017 07:00 - 04/02/2017 08:00","BZN|BG","5454.00","5775.00"
"04/02/2017 08:00 - 04/02/2017 09:00","BZN|BG","5650.00","5768.00"
"04/02/2017 09:00 - 04/02/2017 10:00","BZN|BG","5613.00","5627.00"
"04/02/2017 10:00 - 04/02/2017 11:00","BZN|BG","5452.00","5462.00"
"04/02/2017 11:00 - 04/02/2017 12:00","BZN|BG","5335.00","5247.00"
"04/02/2017 12:00 - 04/02/2017 13:00","BZN|BG","5191.00","5141.00"
"04/02/2017 13:00 - 04/02/2017 14:00","BZN|BG","5048.00","5101.00"
"04/02/2017 14:00 - 04/02/2017 15:00","BZN|BG","5093.00","5278.00"
"04/02/2017 15:00 - 04/02/2017 16:00","BZN|BG","5261.00","5584.00"
"04/02/2017 16:00 - 04/02/2017 17:00","BZN|BG","5596.00","5938.00"
"04/02/2017 17:00 - 04/02/2017 18:00","BZN|BG","5993.00","6022.00"
"04/02/2017 18:00 - 04/02/2017 19:00","BZN|BG","5872.00","5650.00"
"04/02/2017 19:00 - 04/02/2017 20:00","BZN|BG","5631.00","5344.00"
"04/02/2017 20:00 - 04/02/2017 21:00","BZN|BG","5358.00","5279.00"
"04/02/2017 21:00 - 04/02/2017 22:00","BZN|BG","5270.00","5120.00"
"04/02/2017 22:00 - 04/02/2017 23:00","BZN|BG","4960.00","4649.00"
"04/02/2017 23:00 - 05/02/2017 00:00","BZN|BG","4624.00","4424.00"
"05/02/2017 00:00 - 05/02/2017 01:00","BZN|BG","4379.00","4315.00"
"05/02/2017 01:00 - 05/02/2017 02:00","BZN|BG","4256.00","4232.00"
"05/02/2017 02:00 - 05/02/2017 03:00","BZN|BG","4218.00","4237.00"
"05/02/2017 03:00 - 05/02/2017 04:00","BZN|BG","4185.00","4266.00"
"05/02/2017 04:00 - 05/02/2017 05:00","BZN|BG","4221.00","4363.00"
"05/02/2017 05:00 - 05/02/2017 06:00","BZN|BG","4347.00","4566.00"
"05/02/2017 06:00 - 05/02/2017 07:00","BZN|BG","4570.00","5017.00"
"05/02/2017 07:00 - 05/02/2017 08:00","BZN|BG","5023.00","5327.00"
"05/02/2017 08:00 - 05/02/2017 09:00","BZN|BG","5355.00","5417.00"
"05/02/2017 09:00 - 05/02/2017 10:00","BZN|BG","5399.00","5327.00"
"05/02/2017 10:00 - 05/02/2017 11:00","BZN|BG","5298.00","5158.00"
"05/02/2017 11:00 - 05/02/2017 12:00","BZN|BG","5192.00","4914.00"
"05/02/2017 12:00 - 05/02/2017 13:00","BZN|BG","5010.00","4802.00"
"05/02/2017 13:00 - 05/02/2017 14:00","BZN|BG","4848.00","4867.00"
"05/02/2017 14:00 - 05/02/2017 15:00","BZN|BG","4867.00","5096.00"
"05/02/2017 15:00 - 05/02/2017 16:00","BZN|BG","5025.00","5445.00"
"05/02/2017 16:00 - 05/02/2017 17:00","BZN|BG","5399.00","5904.00"
"05/02/2017 17:00 - 05/02/2017 18:00","BZN|BG","6025.00","5884.00"
"05/02/2017 18:00 - 05/02/2017 19:00","BZN|BG","6023.00","5677.00"
"05/02/2017 19:00 - 05/02/2017 20:00","BZN|BG","5748.00","5408.00"
"05/02/2017 20:00 - 05/02/2017 21:00","BZN|BG","5447.00","5268.00"
"05/02/2017 21:00 - 05/02/2017 22:00","BZN|BG","5271.00","5046.00"
"05/02/2017 22:00 - 05/02/2017 23:00","BZN|BG","4936.00","4513.00"
"05/02/2017 23:00 - 06/02/2017 00:00","BZN|BG","4567.00","4281.00"
"06/02/2017 00:00 - 06/02/2017 01:00","BZN|BG","4349.00","4169.00"
"06/02/2017 01:00 - 06/02/2017 02:00","BZN|BG","4223.00","4154.00"
"06/02/2017 02:00 - 06/02/2017 03:00","BZN|BG","4184.00","4168.00"
"06/02/2017 03:00 - 06/02/2017 04:00","BZN|BG","4204.00","4323.00"
"06/02/2017 04:00 - 06/02/2017 05:00","BZN|BG","4373.00","4759.00"
"06/02/2017 05:00 - 06/02/2017 06:00","BZN|BG","4848.00","5232.00"
"06/02/2017 06:00 - 06/02/2017 07:00","BZN|BG","5405.00","5593.00"
"06/02/2017 07:00 - 06/02/2017 08:00","BZN|BG","5914.00","5751.00"
"06/02/2017 08:00 - 06/02/2017 09:00","BZN|BG","6091.00","5665.00"
"06/02/2017 09:00 - 06/02/2017 10:00","BZN|BG","6039.00","5523.00"
"06/02/2017 10:00 - 06/02/2017 11:00","BZN|BG","5922.00","5309.00"
"06/02/2017 11:00 - 06/02/2017 12:00","BZN|BG","5754.00","5226.00"
"06/02/2017 12:00 - 06/02/2017 13:00","BZN|BG","5628.00","5198.00"
"06/02/2017 13:00 - 06/02/2017 14:00","BZN|BG","5539.00","5197.00"
"06/02/2017 14:00 - 06/02/2017 15:00","BZN|BG","5498.00","5201.00"
"06/02/2017 15:00 - 06/02/2017 16:00","BZN|BG","5571.00","5229.00"
"06/02/2017 16:00 - 06/02/2017 17:00","BZN|BG","5731.00","6026.00"
"06/02/2017 17:00 - 06/02/2017 18:00","BZN|BG","6204.00","6036.00"
"06/02/2017 18:00 - 06/02/2017 19:00","BZN|BG","6187.00","5786.00"
"06/02/2017 19:00 - 06/02/2017 20:00","BZN|BG","5868.00","5495.00"
"06/02/2017 20:00 - 06/02/2017 21:00","BZN|BG","5593.00","5306.00"
"06/02/2017 21:00 - 06/02/2017 22:00","BZN|BG","5393.00","5069.00"
"06/02/2017 22:00 - 06/02/2017 23:00","BZN|BG","5044.00","4659.00"
"06/02/2017 23:00 - 07/02/2017 00:00","BZN|BG","4637.00","4409.00"
"07/02/2017 00:00 - 07/02/2017 01:00","BZN|BG","4408.00","4294.00"
"07/02/2017 01:00 - 07/02/2017 02:00","BZN|BG","4305.00","4249.00"
"07/02/2017 02:00 - 07/02/2017 03:00","BZN|BG","4268.00","4297.00"
"07/02/2017 03:00 - 07/02/2017 04:00","BZN|BG","4283.00","4474.00"
"07/02/2017 04:00 - 07/02/2017 05:00","BZN|BG","4435.00","4995.00"
"07/02/2017 05:00 - 07/02/2017 06:00","BZN|BG","4858.00","5584.00"
"07/02/2017 06:00 - 07/02/2017 07:00","BZN|BG","5363.00","5966.00"
"07/02/2017 07:00 - 07/02/2017 08:00","BZN|BG","5815.00","6041.00"
"07/02/2017 08:00 - 07/02/2017 09:00","BZN|BG","5956.00","5897.00"
"07/02/2017 09:00 - 07/02/2017 10:00","BZN|BG","5863.00","5732.00"
"07/02/2017 10:00 - 07/02/2017 11:00","BZN|BG","5793.00","5524.00"
"07/02/2017 11:00 - 07/02/2017 12:00","BZN|BG","5680.00","5395.00"
"07/02/2017 12:00 - 07/02/2017 13:00","BZN|BG","5652.00","5314.00"
"07/02/2017 13:00 - 07/02/2017 14:00","BZN|BG","5585.00","5310.00"
"07/02/2017 14:00 - 07/02/2017 15:00","BZN|BG","5606.00","5399.00"
"07/02/2017 15:00 - 07/02/2017 16:00","BZN|BG","5642.00","5604.00"
"07/02/2017 16:00 - 07/02/2017 17:00","BZN|BG","5770.00","6119.00"
"07/02/2017 17:00 - 07/02/2017 18:00","BZN|BG","6182.00","6141.00"
"07/02/2017 18:00 - 07/02/2017 19:00","BZN|BG","6185.00","5837.00"
"07/02/2017 19:00 - 07/02/2017 20:00","BZN|BG","5907.00","5520.00"
"07/02/2017 20:00 - 07/02/2017 21:00","BZN|BG","5634.00","5332.00"
"07/02/2017 21:00 - 07/02/2017 22:00","BZN|BG","5431.00","5002.00"
"07/02/2017 22:00 - 07/02/2017 23:00","BZN|BG","5121.00","4649.00"
"07/02/2017 23:00 - 08/02/2017 00:00","BZN|BG","4679.00","4410.00"
"08/02/2017 00:00 - 08/02/2017 01:00","BZN|BG","4442.00","4305.00"
"08/02/2017 01:00 - 08/02/2017 02:00","BZN|BG","4330.00","4260.00"
"08/02/2017 02:00 - 08/02/2017 03:00","BZN|BG","4313.00","4309.00"
"08/02/2017 03:00 - 08/02/2017 04:00","BZN|BG","4355.00","4496.00"
"08/02/2017 04:00 - 08/02/2017 05:00","BZN|BG","4501.00","5039.00"
"08/02/2017 05:00 - 08/02/2017 06:00","BZN|BG","4978.00","5645.00"
"08/02/2017 06:00 - 08/02/2017 07:00","BZN|BG","5524.00","6028.00"
"08/02/2017 07:00 - 08/02/2017 08:00","BZN|BG","5969.00","6088.00"
"08/02/2017 08:00 - 08/02/2017 09:00","BZN|BG","6091.00","5965.00"
"08/02/2017 09:00 - 08/02/2017 10:00","BZN|BG","6015.00","5835.00"
"08/02/2017 10:00 - 08/02/2017 11:00","BZN|BG","5961.00","5680.00"
"08/02/2017 11:00 - 08/02/2017 12:00","BZN|BG","5868.00","5580.00"
"08/02/2017 12:00 - 08/02/2017 13:00","BZN|BG","5848.00","5514.00"
"08/02/2017 13:00 - 08/02/2017 14:00","BZN|BG","5784.00","5521.00"
"08/02/2017 14:00 - 08/02/2017 15:00","BZN|BG","5809.00","5590.00"
"08/02/2017 15:00 - 08/02/2017 16:00","BZN|BG","5882.00","5764.00"
"08/02/2017 16:00 - 08/02/2017 17:00","BZN|BG","6061.00","6164.00"
"08/02/2017 17:00 - 08/02/2017 18:00","BZN|BG","6515.00","6187.00"
"08/02/2017 18:00 - 08/02/2017 19:00","BZN|BG","6520.00","5908.00"
"08/02/2017 19:00 - 08/02/2017 20:00","BZN|BG","6253.00","5602.00"
"08/02/2017 20:00 - 08/02/2017 21:00","BZN|BG","5952.00","5422.00"
"08/02/2017 21:00 - 08/02/2017 22:00","BZN|BG","5773.00","5083.00"
"08/02/2017 22:00 - 08/02/2017 23:00","BZN|BG","5352.00","4897.00"
"08/02/2017 23:00 - 09/02/2017 00:00","BZN|BG","4878.00","4615.00"
"09/02/2017 00:00 - 09/02/2017 01:00","BZN|BG","4635.00","4494.00"
"09/02/2017 01:00 - 09/02/2017 02:00","BZN|BG","4520.00","4440.00"
"09/02/2017 02:00 - 09/02/2017 03:00","BZN|BG","4469.00","4481.00"
"09/02/2017 03:00 - 09/02/2017 04:00","BZN|BG","4520.00","4652.00"
"09/02/2017 04:00 - 09/02/2017 05:00","BZN|BG","4720.00","5148.00"
"09/02/2017 05:00 - 09/02/2017 06:00","BZN|BG","5246.00","5705.00"
"09/02/2017 06:00 - 09/02/2017 07:00","BZN|BG","5810.00","6082.00"
"09/02/2017 07:00 - 09/02/2017 08:00","BZN|BG","6220.00","6157.00"
"09/02/2017 08:00 - 09/02/2017 09:00","BZN|BG","6406.00","6069.00"
"09/02/2017 09:00 - 09/02/2017 10:00","BZN|BG","6325.00","5981.00"
"09/02/2017 10:00 - 09/02/2017 11:00","BZN|BG","6270.00","5874.00"
"09/02/2017 11:00 - 09/02/2017 12:00","BZN|BG","6160.00","5810.00"
"09/02/2017 12:00 - 09/02/2017 13:00","BZN|BG","6141.00","5761.00"
"09/02/2017 13:00 - 09/02/2017 14:00","BZN|BG","6103.00","5772.00"
"09/02/2017 14:00 - 09/02/2017 15:00","BZN|BG","6191.00","5837.00"
"09/02/2017 15:00 - 09/02/2017 16:00","BZN|BG","6240.00","6008.00"
"09/02/2017 16:00 - 09/02/2017 17:00","BZN|BG","6374.00","6414.00"
"09/02/2017 17:00 - 09/02/2017 18:00","BZN|BG","6717.00","6433.00"
"09/02/2017 18:00 - 09/02/2017 19:00","BZN|BG","6730.00","6178.00"
"09/02/2017 19:00 - 09/02/2017 20:00","BZN|BG","6445.00","5903.00"
"09/02/2017 20:00 - 09/02/2017 21:00","BZN|BG","6166.00","5731.00"
"09/02/2017 21:00 - 09/02/2017 22:00","BZN|BG","5950.00","5425.00"
"09/02/2017 22:00 - 09/02/2017 23:00","BZN|BG","5598.00","5066.00"
"09/02/2017 23:00 - 10/02/2017 00:00","BZN|BG","5154.00","4805.00"
"10/02/2017 00:00 - 10/02/2017 01:00","BZN|BG","4903.00","4694.00"
"10/02/2017 01:00 - 10/02/2017 02:00","BZN|BG","4788.00","4641.00"
"10/02/2017 02:00 - 10/02/2017 03:00","BZN|BG","4749.00","4680.00"
"10/02/2017 03:00 - 10/02/2017 04:00","BZN|BG","4763.00","4862.00"
"10/02/2017 04:00 - 10/02/2017 05:00","BZN|BG","4917.00","5384.00"
"10/02/2017 05:00 - 10/02/2017 06:00","BZN|BG","5414.00","5981.00"
"10/02/2017 06:00 - 10/02/2017 07:00","BZN|BG","5953.00","6399.00"
"10/02/2017 07:00 - 10/02/2017 08:00","BZN|BG","6385.00","6494.00"
"10/02/2017 08:00 - 10/02/2017 09:00","BZN|BG","6527.00","6421.00"
"10/02/2017 09:00 - 10/02/2017 10:00","BZN|BG","6436.00","6349.00"
"10/02/2017 10:00 - 10/02/2017 11:00","BZN|BG","6391.00","6258.00"
"10/02/2017 11:00 - 10/02/2017 12:00","BZN|BG","6259.00","6206.00"
"10/02/2017 12:00 - 10/02/2017 13:00","BZN|BG","6221.00","6163.00"
"10/02/2017 13:00 - 10/02/2017 14:00","BZN|BG","6156.00","6177.00"
"10/02/2017 14:00 - 10/02/2017 15:00","BZN|BG","6178.00","6245.00"
"10/02/2017 15:00 - 10/02/2017 16:00","BZN|BG","6220.00","6416.00"
"10/02/2017 16:00 - 10/02/2017 17:00","BZN|BG","6345.00","6840.00"
"10/02/2017 17:00 - 10/02/2017 18:00","BZN|BG","6675.00","6822.00"
"10/02/2017 18:00 - 10/02/2017 19:00","BZN|BG","6655.00","6547.00"
"10/02/2017 19:00 - 10/02/2017 20:00","BZN|BG","6366.00","6232.00"
"10/02/2017 20:00 - 10/02/2017 21:00","BZN|BG","6080.00","6034.00"
"10/02/2017 21:00 - 10/02/2017 22:00","BZN|BG","5958.00","5668.00"
"10/02/2017 22:00 - 10/02/2017 23:00","BZN|BG","5650.00","5270.00"
"10/02/2017 23:00 - 11/02/2017 00:00","BZN|BG","5258.00","5038.00"
"11/02/2017 00:00 - 11/02/2017 01:00","BZN|BG","4955.00","4904.00"
"11/02/2017 01:00 - 11/02/2017 02:00","BZN|BG","4830.00","4860.00"
"11/02/2017 02:00 - 11/02/2017 03:00","BZN|BG","4742.00","4856.00"
"11/02/2017 03:00 - 11/02/2017 04:00","BZN|BG","4731.00","4927.00"
"11/02/2017 04:00 - 11/02/2017 05:00","BZN|BG","4785.00","5108.00"
"11/02/2017 05:00 - 11/02/2017 06:00","BZN|BG","4966.00","5482.00"
"11/02/2017 06:00 - 11/02/2017 07:00","BZN|BG","5247.00","6029.00"
"11/02/2017 07:00 - 11/02/2017 08:00","BZN|BG","5768.00","6264.00"
"11/02/2017 08:00 - 11/02/2017 09:00","BZN|BG","6087.00","6246.00"
"11/02/2017 09:00 - 11/02/2017 10:00","BZN|BG","6072.00","6170.00"
"11/02/2017 10:00 - 11/02/2017 11:00","BZN|BG","6027.00","6115.00"
"11/02/2017 11:00 - 11/02/2017 12:00","BZN|BG","5892.00","6048.00"
"11/02/2017 12:00 - 11/02/2017 13:00","BZN|BG","5740.00","5980.00"
"11/02/2017 13:00 - 11/02/2017 14:00","BZN|BG","5635.00","6017.00"
"11/02/2017 14:00 - 11/02/2017 15:00","BZN|BG","5601.00","6154.00"
"11/02/2017 15:00 - 11/02/2017 16:00","BZN|BG","5737.00","6429.00"
"11/02/2017 16:00 - 11/02/2017 17:00","BZN|BG","6020.00","6755.00"
"11/02/2017 17:00 - 11/02/2017 18:00","BZN|BG","6438.00","6629.00"
"11/02/2017 18:00 - 11/02/2017 19:00","BZN|BG","6354.00","6379.00"
"11/02/2017 19:00 - 11/02/2017 20:00","BZN|BG","6081.00","6094.00"
"11/02/2017 20:00 - 11/02/2017 21:00","BZN|BG","5647.00","6003.00"
"11/02/2017 21:00 - 11/02/2017 22:00","BZN|BG","5592.00","5681.00"
"11/02/2017 22:00 - 11/02/2017 23:00","BZN|BG","5382.00","5218.00"
"11/02/2017 23:00 - 12/02/2017 00:00","BZN|BG","5189.00","4987.00"
"12/02/2017 00:00 - 12/02/2017 01:00","BZN|BG","4923.00","4871.00"
"12/02/2017 01:00 - 12/02/2017 02:00","BZN|BG","4769.00","4835.00"
"12/02/2017 02:00 - 12/02/2017 03:00","BZN|BG","4686.00","4803.00"
"12/02/2017 03:00 - 12/02/2017 04:00","BZN|BG","4703.00","4844.00"
"12/02/2017 04:00 - 12/02/2017 05:00","BZN|BG","4708.00","4989.00"
"12/02/2017 05:00 - 12/02/2017 06:00","BZN|BG","4799.00","5244.00"
"12/02/2017 06:00 - 12/02/2017 07:00","BZN|BG","5052.00","5761.00"
"12/02/2017 07:00 - 12/02/2017 08:00","BZN|BG","5536.00","6140.00"
"12/02/2017 08:00 - 12/02/2017 09:00","BZN|BG","5943.00","6191.00"
"12/02/2017 09:00 - 12/02/2017 10:00","BZN|BG","6037.00","6151.00"
"12/02/2017 10:00 - 12/02/2017 11:00","BZN|BG","6004.00","6110.00"
"12/02/2017 11:00 - 12/02/2017 12:00","BZN|BG","5964.00","6039.00"
"12/02/2017 12:00 - 12/02/2017 13:00","BZN|BG","5872.00","5976.00"
"12/02/2017 13:00 - 12/02/2017 14:00","BZN|BG","5761.00","5991.00"
"12/02/2017 14:00 - 12/02/2017 15:00","BZN|BG","5786.00","6121.00"
"12/02/2017 15:00 - 12/02/2017 16:00","BZN|BG","5931.00","6429.00"
"12/02/2017 16:00 - 12/02/2017 17:00","BZN|BG","6226.00","6945.00"
"12/02/2017 17:00 - 12/02/2017 18:00","BZN|BG","6660.00","6943.00"
"12/02/2017 18:00 - 12/02/2017 19:00","BZN|BG","6685.00","6640.00"
"12/02/2017 19:00 - 12/02/2017 20:00","BZN|BG","6444.00","6309.00"
"12/02/2017 20:00 - 12/02/2017 21:00","BZN|BG","6159.00","6115.00"
"12/02/2017 21:00 - 12/02/2017 22:00","BZN|BG","5938.00","5746.00"
"12/02/2017 22:00 - 12/02/2017 23:00","BZN|BG","5560.00","5197.00"
"12/02/2017 23:00 - 13/02/2017 00:00","BZN|BG","5110.00","4929.00"
"13/02/2017 00:00 - 13/02/2017 01:00","BZN|BG","4855.00","4773.00"
"13/02/2017 01:00 - 13/02/2017 02:00","BZN|BG","4726.00","4726.00"
"13/02/2017 02:00 - 13/02/2017 03:00","BZN|BG","4678.00","4744.00"
"13/02/2017 03:00 - 13/02/2017 04:00","BZN|BG","4745.00","4902.00"
"13/02/2017 04:00 - 13/02/2017 05:00","BZN|BG","4912.00","5347.00"
"13/02/2017 05:00 - 13/02/2017 06:00","BZN|BG","5461.00","5869.00"
"13/02/2017 06:00 - 13/02/2017 07:00","BZN|BG","6050.00","6345.00"
"13/02/2017 07:00 - 13/02/2017 08:00","BZN|BG","6461.00","6510.00"
"13/02/2017 08:00 - 13/02/2017 09:00","BZN|BG","6646.00","6471.00"
"13/02/2017 09:00 - 13/02/2017 10:00","BZN|BG","6530.00","6383.00"
"13/02/2017 10:00 - 13/02/2017 11:00","BZN|BG","6412.00","6258.00"
"13/02/2017 11:00 - 13/02/2017 12:00","BZN|BG","6264.00","6163.00"
"13/02/2017 12:00 - 13/02/2017 13:00","BZN|BG","6127.00","6097.00"
"13/02/2017 13:00 - 13/02/2017 14:00","BZN|BG","6091.00","6065.00"
"13/02/2017 14:00 - 13/02/2017 15:00","BZN|BG","6120.00","6147.00"
"13/02/2017 15:00 - 13/02/2017 16:00","BZN|BG","6141.00","6327.00"
"13/02/2017 16:00 - 13/02/2017 17:00","BZN|BG","6280.00","6858.00"
"13/02/2017 17:00 - 13/02/2017 18:00","BZN|BG","6814.00","6842.00"
"13/02/2017 18:00 - 13/02/2017 19:00","BZN|BG","6895.00","6541.00"
"13/02/2017 19:00 - 13/02/2017 20:00","BZN|BG","6655.00","6281.00"
"13/02/2017 20:00 - 13/02/2017 21:00","BZN|BG","6384.00","6092.00"
"13/02/2017 21:00 - 13/02/2017 22:00","BZN|BG","6191.00","5761.00"
"13/02/2017 22:00 - 13/02/2017 23:00","BZN|BG","5795.00","5369.00"
"13/02/2017 23:00 - 14/02/2017 00:00","BZN|BG","5382.00","5089.00"
"14/02/2017 00:00 - 14/02/2017 01:00","BZN|BG","5125.00","4958.00"
"14/02/2017 01:00 - 14/02/2017 02:00","BZN|BG","5001.00","4917.00"
"14/02/2017 02:00 - 14/02/2017 03:00","BZN|BG","4949.00","4955.00"
"14/02/2017 03:00 - 14/02/2017 04:00","BZN|BG","4975.00","5121.00"
"14/02/2017 04:00 - 14/02/2017 05:00","BZN|BG","5161.00","5622.00"
"14/02/2017 05:00 - 14/02/2017 06:00","BZN|BG","5737.00","6185.00"
"14/02/2017 06:00 - 14/02/2017 07:00","BZN|BG","6299.00","6613.00"
"14/02/2017 07:00 - 14/02/2017 08:00","BZN|BG","6627.00","6734.00"
"14/02/2017 08:00 - 14/02/2017 09:00","BZN|BG","6704.00","6630.00"
"14/02/2017 09:00 - 14/02/2017 10:00","BZN|BG","6516.00","6534.00"
"14/02/2017 10:00 - 14/02/2017 11:00","BZN|BG","6297.00","6388.00"
"14/02/2017 11:00 - 14/02/2017 12:00","BZN|BG","6043.00","6344.00"
"14/02/2017 12:00 - 14/02/2017 13:00","BZN|BG","5925.00","6277.00"
"14/02/2017 13:00 - 14/02/2017 14:00","BZN|BG","5857.00","6317.00"
"14/02/2017 14:00 - 14/02/2017 15:00","BZN|BG","5872.00","6372.00"
"14/02/2017 15:00 - 14/02/2017 16:00","BZN|BG","5862.00","6535.00"
"14/02/2017 16:00 - 14/02/2017 17:00","BZN|BG","6080.00","6964.00"
"14/02/2017 17:00 - 14/02/2017 18:00","BZN|BG","6721.00","6954.00"
"14/02/2017 18:00 - 14/02/2017 19:00","BZN|BG","6796.00","6646.00"
"14/02/2017 19:00 - 14/02/2017 20:00","BZN|BG","6511.00","6348.00"
"14/02/2017 20:00 - 14/02/2017 21:00","BZN|BG","6223.00","6167.00"
"14/02/2017 21:00 - 14/02/2017 22:00","BZN|BG","6027.00","5802.00"
"14/02/2017 22:00 - 14/02/2017 23:00","BZN|BG","5694.00","5264.00"
"14/02/2017 23:00 - 15/02/2017 00:00","BZN|BG","5278.00","4938.00"
"15/02/2017 00:00 - 15/02/2017 01:00","BZN|BG","4977.00","4790.00"
"15/02/2017 01:00 - 15/02/2017 02:00","BZN|BG","4811.00","4743.00"
"15/02/2017 02:00 - 15/02/2017 03:00","BZN|BG","4699.00","4778.00"
"15/02/2017 03:00 - 15/02/2017 04:00","BZN|BG","4762.00","4944.00"
"15/02/2017 04:00 - 15/02/2017 05:00","BZN|BG","4939.00","5435.00"
"15/02/2017 05:00 - 15/02/2017 06:00","BZN|BG","5420.00","5984.00"
"15/02/2017 06:00 - 15/02/2017 07:00","BZN|BG","5959.00","6423.00"
"15/02/2017 07:00 - 15/02/2017 08:00","BZN|BG","6242.00","6569.00"
"15/02/2017 08:00 - 15/02/2017 09:00","BZN|BG","6209.00","6349.00"
"15/02/2017 09:00 - 15/02/2017 10:00","BZN|BG","6027.00","6175.00"
"15/02/2017 10:00 - 15/02/2017 11:00","BZN|BG","5858.00","5849.00"
"15/02/2017 11:00 - 15/02/2017 12:00","BZN|BG","5674.00","5783.00"
"15/02/2017 12:00 - 15/02/2017 13:00","BZN|BG","5552.00","5614.00"
"15/02/2017 13:00 - 15/02/2017 14:00","BZN|BG","5454.00","5693.00"
"15/02/2017 14:00 - 15/02/2017 15:00","BZN|BG","5503.00","5808.00"
"15/02/2017 15:00 - 15/02/2017 16:00","BZN|BG","5556.00","6077.00"
"15/02/2017 16:00 - 15/02/2017 17:00","BZN|BG","5769.00","6870.00"
"15/02/2017 17:00 - 15/02/2017 18:00","BZN|BG","6441.00","6862.00"
"15/02/2017 18:00 - 15/02/2017 19:00","BZN|BG","6576.00","6596.00"
"15/02/2017 19:00 - 15/02/2017 20:00","BZN|BG","6329.00","6333.00"
"15/02/2017 20:00 - 15/02/2017 21:00","BZN|BG","6071.00","6161.00"
"15/02/2017 21:00 - 15/02/2017 22:00","BZN|BG","5870.00","5833.00"
"15/02/2017 22:00 - 15/02/2017 23:00","BZN|BG","5465.00","5114.00"
"15/02/2017 23:00 - 16/02/2017 00:00","BZN|BG","5035.00","4859.00"
"16/02/2017 00:00 - 16/02/2017 01:00","BZN|BG","4738.00","4744.00"
"16/02/2017 01:00 - 16/02/2017 02:00","BZN|BG","4659.00","4703.00"
"16/02/2017 02:00 - 16/02/2017 03:00","BZN|BG","4638.00","4731.00"
"16/02/2017 03:00 - 16/02/2017 04:00","BZN|BG","4696.00","4873.00"
"16/02/2017 04:00 - 16/02/2017 05:00","BZN|BG","4878.00","5282.00"
"16/02/2017 05:00 - 16/02/2017 06:00","BZN|BG","5404.00","5731.00"
"16/02/2017 06:00 - 16/02/2017 07:00","BZN|BG","5966.00","6065.00"
"16/02/2017 07:00 - 16/02/2017 08:00","BZN|BG","6274.00","6165.00"
"16/02/2017 08:00 - 16/02/2017 09:00","BZN|BG","6235.00","6044.00"
"16/02/2017 09:00 - 16/02/2017 10:00","BZN|BG","6006.00","5930.00"
"16/02/2017 10:00 - 16/02/2017 11:00","BZN|BG","5817.00","5756.00"
"16/02/2017 11:00 - 16/02/2017 12:00","BZN|BG","5616.00","5714.00"
"16/02/2017 12:00 - 16/02/2017 13:00","BZN|BG","5533.00","5641.00"
"16/02/2017 13:00 - 16/02/2017 14:00","BZN|BG","5436.00","5692.00"
"16/02/2017 14:00 - 16/02/2017 15:00","BZN|BG","5461.00","5752.00"
"16/02/2017 15:00 - 16/02/2017 16:00","BZN|BG","5512.00","5931.00"
"16/02/2017 16:00 - 16/02/2017 17:00","BZN|BG","5758.00","6468.00"
"16/02/2017 17:00 - 16/02/2017 18:00","BZN|BG","6436.00","6473.00"
"16/02/2017 18:00 - 16/02/2017 19:00","BZN|BG","6621.00","6214.00"
"16/02/2017 19:00 - 16/02/2017 20:00","BZN|BG","6349.00","5963.00"
"16/02/2017 20:00 - 16/02/2017 21:00","BZN|BG","6076.00","5801.00"
"16/02/2017 21:00 - 16/02/2017 22:00","BZN|BG","5904.00","5495.00"
"16/02/2017 22:00 - 16/02/2017 23:00","BZN|BG","5484.00","5175.00"
"16/02/2017 23:00 - 17/02/2017 00:00","BZN|BG","4995.00","4888.00"
"17/02/2017 00:00 - 17/02/2017 01:00","BZN|BG","4728.00","4753.00"
"17/02/2017 01:00 - 17/02/2017 02:00","BZN|BG","4660.00","4695.00"
"17/02/2017 02:00 - 17/02/2017 03:00","BZN|BG","4638.00","4729.00"
"17/02/2017 03:00 - 17/02/2017 04:00","BZN|BG","4684.00","4895.00"
"17/02/2017 04:00 - 17/02/2017 05:00","BZN|BG","4865.00","5360.00"
"17/02/2017 05:00 - 17/02/2017 06:00","BZN|BG","5362.00","5870.00"
"17/02/2017 06:00 - 17/02/2017 07:00","BZN|BG","5914.00","6228.00"
"17/02/2017 07:00 - 17/02/2017 08:00","BZN|BG","6199.00","6323.00"
"17/02/2017 08:00 - 17/02/2017 09:00","BZN|BG","6160.00","6143.00"
"17/02/2017 09:00 - 17/02/2017 10:00","BZN|BG","5916.00","5985.00"
"17/02/2017 10:00 - 17/02/2017 11:00","BZN|BG","5707.00","5756.00"
"17/02/2017 11:00 - 17/02/2017 12:00","BZN|BG","5486.00","5683.00"
"17/02/2017 12:00 - 17/02/2017 13:00","BZN|BG","5402.00","5589.00"
"17/02/2017 13:00 - 17/02/2017 14:00","BZN|BG","5313.00","5645.00"
"17/02/2017 14:00 - 17/02/2017 15:00","BZN|BG","5338.00","5709.00"
"17/02/2017 15:00 - 17/02/2017 16:00","BZN|BG","5387.00","5914.00"
"17/02/2017 16:00 - 17/02/2017 17:00","BZN|BG","5632.00","6509.00"
"17/02/2017 17:00 - 17/02/2017 18:00","BZN|BG","6238.00","6549.00"
"17/02/2017 18:00 - 17/02/2017 19:00","BZN|BG","6367.00","6282.00"
"17/02/2017 19:00 - 17/02/2017 20:00","BZN|BG","6104.00","6014.00"
"17/02/2017 20:00 - 17/02/2017 21:00","BZN|BG","5809.00","5840.00"
"17/02/2017 21:00 - 17/02/2017 22:00","BZN|BG","5664.00","5506.00"
"17/02/2017 22:00 - 17/02/2017 23:00","BZN|BG","5322.00","4963.00"
"17/02/2017 23:00 - 18/02/2017 00:00","BZN|BG","4902.00","4713.00"
"18/02/2017 00:00 - 18/02/2017 01:00","BZN|BG","4667.00","4609.00"
"18/02/2017 01:00 - 18/02/2017 02:00","BZN|BG","4515.00","4537.00"
"18/02/2017 02:00 - 18/02/2017 03:00","BZN|BG","4447.00","4527.00"
"18/02/2017 03:00 - 18/02/2017 04:00","BZN|BG","4457.00","4574.00"
"18/02/2017 04:00 - 18/02/2017 05:00","BZN|BG","4517.00","4729.00"
"18/02/2017 05:00 - 18/02/2017 06:00","BZN|BG","4698.00","4971.00"
"18/02/2017 06:00 - 18/02/2017 07:00","BZN|BG","5056.00","5419.00"
"18/02/2017 07:00 - 18/02/2017 08:00","BZN|BG","5481.00","5694.00"
"18/02/2017 08:00 - 18/02/2017 09:00","BZN|BG","5598.00","5669.00"
"18/02/2017 09:00 - 18/02/2017 10:00","BZN|BG","5389.00","5593.00"
"18/02/2017 10:00 - 18/02/2017 11:00","BZN|BG","5165.00","5368.00"
"18/02/2017 11:00 - 18/02/2017 12:00","BZN|BG","4981.00","5115.00"
"18/02/2017 12:00 - 18/02/2017 13:00","BZN|BG","4894.00","4939.00"
"18/02/2017 13:00 - 18/02/2017 14:00","BZN|BG","4807.00","4883.00"
"18/02/2017 14:00 - 18/02/2017 15:00","BZN|BG","4847.00","5077.00"
"18/02/2017 15:00 - 18/02/2017 16:00","BZN|BG","5026.00","5479.00"
"18/02/2017 16:00 - 18/02/2017 17:00","BZN|BG","5376.00","6008.00"
"18/02/2017 17:00 - 18/02/2017 18:00","BZN|BG","5860.00","6075.00"
"18/02/2017 18:00 - 18/02/2017 19:00","BZN|BG","5856.00","5793.00"
"18/02/2017 19:00 - 18/02/2017 20:00","BZN|BG","5593.00","5450.00"
"18/02/2017 20:00 - 18/02/2017 21:00","BZN|BG","5335.00","5406.00"
"18/02/2017 21:00 - 18/02/2017 22:00","BZN|BG","5210.00","5240.00"
"18/02/2017 22:00 - 18/02/2017 23:00","BZN|BG","4969.00","4750.00"
"18/02/2017 23:00 - 19/02/2017 00:00","BZN|BG","4625.00","4516.00"
"19/02/2017 00:00 - 19/02/2017 01:00","BZN|BG","4386.00","4382.00"
"19/02/2017 01:00 - 19/02/2017 02:00","BZN|BG","4235.00","4324.00"
"19/02/2017 02:00 - 19/02/2017 03:00","BZN|BG","4193.00","4309.00"
"19/02/2017 03:00 - 19/02/2017 04:00","BZN|BG","4198.00","4328.00"
"19/02/2017 04:00 - 19/02/2017 05:00","BZN|BG","4235.00","4407.00"
"19/02/2017 05:00 - 19/02/2017 06:00","BZN|BG","4352.00","4625.00"
"19/02/2017 06:00 - 19/02/2017 07:00","BZN|BG","4612.00","5043.00"
"19/02/2017 07:00 - 19/02/2017 08:00","BZN|BG","5129.00","5395.00"
"19/02/2017 08:00 - 19/02/2017 09:00","BZN|BG","5480.00","5477.00"
"19/02/2017 09:00 - 19/02/2017 10:00","BZN|BG","5567.00","5407.00"
"19/02/2017 10:00 - 19/02/2017 11:00","BZN|BG","5596.00","5322.00"
"19/02/2017 11:00 - 19/02/2017 12:00","BZN|BG","5598.00","5129.00"
"19/02/2017 12:00 - 19/02/2017 13:00","BZN|BG","5548.00","4894.00"
"19/02/2017 13:00 - 19/02/2017 14:00","BZN|BG","5496.00","4928.00"
"19/02/2017 14:00 - 19/02/2017 15:00","BZN|BG","5521.00","5129.00"
"19/02/2017 15:00 - 19/02/2017 16:00","BZN|BG","5681.00","5538.00"
"19/02/2017 16:00 - 19/02/2017 17:00","BZN|BG","5897.00","6139.00"
"19/02/2017 17:00 - 19/02/2017 18:00","BZN|BG","6257.00","6173.00"
"19/02/2017 18:00 - 19/02/2017 19:00","BZN|BG","6239.00","5948.00"
"19/02/2017 19:00 - 19/02/2017 20:00","BZN|BG","5999.00","5682.00"
"19/02/2017 20:00 - 19/02/2017 21:00","BZN|BG","5688.00","5475.00"
"19/02/2017 21:00 - 19/02/2017 22:00","BZN|BG","5486.00","5121.00"
"19/02/2017 22:00 - 19/02/2017 23:00","BZN|BG","5082.00","4694.00"
"19/02/2017 23:00 - 20/02/2017 00:00","BZN|BG","4723.00","4472.00"
"20/02/2017 00:00 - 20/02/2017 01:00","BZN|BG","4474.00","4359.00"
"20/02/2017 01:00 - 20/02/2017 02:00","BZN|BG","4345.00","4317.00"
"20/02/2017 02:00 - 20/02/2017 03:00","BZN|BG","4295.00","4372.00"
"20/02/2017 03:00 - 20/02/2017 04:00","BZN|BG","4315.00","4510.00"
"20/02/2017 04:00 - 20/02/2017 05:00","BZN|BG","4491.00","4963.00"
"20/02/2017 05:00 - 20/02/2017 06:00","BZN|BG","5026.00","5449.00"
"20/02/2017 06:00 - 20/02/2017 07:00","BZN|BG","5606.00","5788.00"
"20/02/2017 07:00 - 20/02/2017 08:00","BZN|BG","6027.00","5941.00"
"20/02/2017 08:00 - 20/02/2017 09:00","BZN|BG","6178.00","5808.00"
"20/02/2017 09:00 - 20/02/2017 10:00","BZN|BG","6057.00","5672.00"
"20/02/2017 10:00 - 20/02/2017 11:00","BZN|BG","5935.00","5502.00"
"20/02/2017 11:00 - 20/02/2017 12:00","BZN|BG","5762.00","5345.00"
"20/02/2017 12:00 - 20/02/2017 13:00","BZN|BG","5700.00","5302.00"
"20/02/2017 13:00 - 20/02/2017 14:00","BZN|BG","5598.00","5338.00"
"20/02/2017 14:00 - 20/02/2017 15:00","BZN|BG","5593.00","5362.00"
"20/02/2017 15:00 - 20/02/2017 16:00","BZN|BG","5558.00","5527.00"
"20/02/2017 16:00 - 20/02/2017 17:00","BZN|BG","5635.00","6161.00"
"20/02/2017 17:00 - 20/02/2017 18:00","BZN|BG","6180.00","6258.00"
"20/02/2017 18:00 - 20/02/2017 19:00","BZN|BG","6351.00","6047.00"
"20/02/2017 19:00 - 20/02/2017 20:00","BZN|BG","6084.00","5810.00"
"20/02/2017 20:00 - 20/02/2017 21:00","BZN|BG","5790.00","5641.00"
"20/02/2017 21:00 - 20/02/2017 22:00","BZN|BG","5648.00","5293.00"
"20/02/2017 22:00 - 20/02/2017 23:00","BZN|BG","5239.00","4857.00"
"20/02/2017 23:00 - 21/02/2017 00:00","BZN|BG","4804.00","4595.00"
"21/02/2017 00:00 - 21/02/2017 01:00","BZN|BG","4537.00","4493.00"
"21/02/2017 01:00 - 21/02/2017 02:00","BZN|BG","4408.00","4445.00"
"21/02/2017 02:00 - 21/02/2017 03:00","BZN|BG","4405.00","4489.00"
"21/02/2017 03:00 - 21/02/2017 04:00","BZN|BG","4459.00","4676.00"
"21/02/2017 04:00 - 21/02/2017 05:00","BZN|BG","4638.00","5237.00"
"21/02/2017 05:00 - 21/02/2017 06:00","BZN|BG","5172.00","5823.00"
"21/02/2017 06:00 - 21/02/2017 07:00","BZN|BG","5726.00","6164.00"
"21/02/2017 07:00 - 21/02/2017 08:00","BZN|BG","5961.00","6189.00"
"21/02/2017 08:00 - 21/02/2017 09:00","BZN|BG","5896.00","6074.00"
"21/02/2017 09:00 - 21/02/2017 10:00","BZN|BG","5657.00","5974.00"
"21/02/2017 10:00 - 21/02/2017 11:00","BZN|BG","5507.00","5854.00"
"21/02/2017 11:00 - 21/02/2017 12:00","BZN|BG","5309.00","5802.00"
"21/02/2017 12:00 - 21/02/2017 13:00","BZN|BG","5219.00","5753.00"
"21/02/2017 13:00 - 21/02/2017 14:00","BZN|BG","5134.00","5780.00"
"21/02/2017 14:00 - 21/02/2017 15:00","BZN|BG","5165.00","5817.00"
"21/02/2017 15:00 - 21/02/2017 16:00","BZN|BG","5217.00","5974.00"
"21/02/2017 16:00 - 21/02/2017 17:00","BZN|BG","5408.00","6424.00"
"21/02/2017 17:00 - 21/02/2017 18:00","BZN|BG","6043.00","6500.00"
"21/02/2017 18:00 - 21/02/2017 19:00","BZN|BG","6219.00","6218.00"
"21/02/2017 19:00 - 21/02/2017 20:00","BZN|BG","5919.00","5928.00"
"21/02/2017 20:00 - 21/02/2017 21:00","BZN|BG","5646.00","5754.00"
"21/02/2017 21:00 - 21/02/2017 22:00","BZN|BG","5442.00","5379.00"
"21/02/2017 22:00 - 21/02/2017 23:00","BZN|BG","5073.00","4646.00"
"21/02/2017 23:00 - 22/02/2017 00:00","BZN|BG","4630.00","4391.00"
"22/02/2017 00:00 - 22/02/2017 01:00","BZN|BG","4364.00","4296.00"
"22/02/2017 01:00 - 22/02/2017 02:00","BZN|BG","4230.00","4248.00"
"22/02/2017 02:00 - 22/02/2017 03:00","BZN|BG","4185.00","4294.00"
"22/02/2017 03:00 - 22/02/2017 04:00","BZN|BG","4241.00","4468.00"
"22/02/2017 04:00 - 22/02/2017 05:00","BZN|BG","4403.00","4981.00"
"22/02/2017 05:00 - 22/02/2017 06:00","BZN|BG","4908.00","5511.00"
"22/02/2017 06:00 - 22/02/2017 07:00","BZN|BG","5374.00","5791.00"
"22/02/2017 07:00 - 22/02/2017 08:00","BZN|BG","5542.00","5785.00"
"22/02/2017 08:00 - 22/02/2017 09:00","BZN|BG","5441.00","5609.00"
"22/02/2017 09:00 - 22/02/2017 10:00","BZN|BG","5229.00","5447.00"
"22/02/2017 10:00 - 22/02/2017 11:00","BZN|BG","5081.00","5269.00"
"22/02/2017 11:00 - 22/02/2017 12:00","BZN|BG","4898.00","5188.00"
"22/02/2017 12:00 - 22/02/2017 13:00","BZN|BG","4843.00","5118.00"
"22/02/2017 13:00 - 22/02/2017 14:00","BZN|BG","4755.00","5153.00"
"22/02/2017 14:00 - 22/02/2017 15:00","BZN|BG","4771.00","5199.00"
"22/02/2017 15:00 - 22/02/2017 16:00","BZN|BG","4790.00","5404.00"
"22/02/2017 16:00 - 22/02/2017 17:00","BZN|BG","4955.00","5997.00"
"22/02/2017 17:00 - 22/02/2017 18:00","BZN|BG","5647.00","6115.00"
"22/02/2017 18:00 - 22/02/2017 19:00","BZN|BG","5866.00","5844.00"
"22/02/2017 19:00 - 22/02/2017 20:00","BZN|BG","5636.00","5564.00"
"22/02/2017 20:00 - 22/02/2017 21:00","BZN|BG","5376.00","5383.00"
"22/02/2017 21:00 - 22/02/2017 22:00","BZN|BG","5192.00","5003.00"
"22/02/2017 22:00 - 22/02/2017 23:00","BZN|BG","4823.00","4485.00"
"22/02/2017 23:00 - 23/02/2017 00:00","BZN|BG","4405.00","4210.00"
"23/02/2017 00:00 - 23/02/2017 01:00","BZN|BG","4131.00","4103.00"
"23/02/2017 01:00 - 23/02/2017 02:00","BZN|BG","4041.00","4059.00"
"23/02/2017 02:00 - 23/02/2017 03:00","BZN|BG","4007.00","4100.00"
"23/02/2017 03:00 - 23/02/2017 04:00","BZN|BG","4084.00","4252.00"
"23/02/2017 04:00 - 23/02/2017 05:00","BZN|BG","4255.00","4704.00"
"23/02/2017 05:00 - 23/02/2017 06:00","BZN|BG","4744.00","5156.00"
"23/02/2017 06:00 - 23/02/2017 07:00","BZN|BG","5187.00","5390.00"
"23/02/2017 07:00 - 23/02/2017 08:00","BZN|BG","5371.00","5372.00"
"23/02/2017 08:00 - 23/02/2017 09:00","BZN|BG","5248.00","5159.00"
"23/02/2017 09:00 - 23/02/2017 10:00","BZN|BG","5026.00","4980.00"
"23/02/2017 10:00 - 23/02/2017 11:00","BZN|BG","4885.00","4776.00"
"23/02/2017 11:00 - 23/02/2017 12:00","BZN|BG","4717.00","4688.00"
"23/02/2017 12:00 - 23/02/2017 13:00","BZN|BG","4623.00","4606.00"
"23/02/2017 13:00 - 23/02/2017 14:00","BZN|BG","4532.00","4644.00"
"23/02/2017 14:00 - 23/02/2017 15:00","BZN|BG","4540.00","4701.00"
"23/02/2017 15:00 - 23/02/2017 16:00","BZN|BG","4555.00","4923.00"
"23/02/2017 16:00 - 23/02/2017 17:00","BZN|BG","4669.00","5587.00"
"23/02/2017 17:00 - 23/02/2017 18:00","BZN|BG","5359.00","5729.00"
"23/02/2017 18:00 - 23/02/2017 19:00","BZN|BG","5644.00","5486.00"
"23/02/2017 19:00 - 23/02/2017 20:00","BZN|BG","5382.00","5239.00"
"23/02/2017 20:00 - 23/02/2017 21:00","BZN|BG","5132.00","5075.00"
"23/02/2017 21:00 - 23/02/2017 22:00","BZN|BG","4971.00","4738.00"
"23/02/2017 22:00 - 23/02/2017 23:00","BZN|BG","4622.00","4423.00"
"23/02/2017 23:00 - 24/02/2017 00:00","BZN|BG","4231.00","4159.00"
"24/02/2017 00:00 - 24/02/2017 01:00","BZN|BG","3954.00","4051.00"
"24/02/2017 01:00 - 24/02/2017 02:00","BZN|BG","3837.00","4009.00"
"24/02/2017 02:00 - 24/02/2017 03:00","BZN|BG","3808.00","4049.00"
"24/02/2017 03:00 - 24/02/2017 04:00","BZN|BG","3835.00","4196.00"
"24/02/2017 04:00 - 24/02/2017 05:00","BZN|BG","4003.00","4623.00"
"24/02/2017 05:00 - 24/02/2017 06:00","BZN|BG","4498.00","5051.00"
"24/02/2017 06:00 - 24/02/2017 07:00","BZN|BG","4957.00","5265.00"
"24/02/2017 07:00 - 24/02/2017 08:00","BZN|BG","5137.00","5240.00"
"24/02/2017 08:00 - 24/02/2017 09:00","BZN|BG","4990.00","5059.00"
"24/02/2017 09:00 - 24/02/2017 10:00","BZN|BG","4796.00","4906.00"
"24/02/2017 10:00 - 24/02/2017 11:00","BZN|BG","4637.00","4734.00"
"24/02/2017 11:00 - 24/02/2017 12:00","BZN|BG","4498.00","4662.00"
"24/02/2017 12:00 - 24/02/2017 13:00","BZN|BG","4442.00","4589.00"
"24/02/2017 13:00 - 24/02/2017 14:00","BZN|BG","4396.00","4620.00"
"24/02/2017 14:00 - 24/02/2017 15:00","BZN|BG","4438.00","4666.00"
"24/02/2017 15:00 - 24/02/2017 16:00","BZN|BG","4476.00","4882.00"
"24/02/2017 16:00 - 24/02/2017 17:00","BZN|BG","4643.00","5551.00"
"24/02/2017 17:00 - 24/02/2017 18:00","BZN|BG","5236.00","5710.00"
"24/02/2017 18:00 - 24/02/2017 19:00","BZN|BG","5407.00","5461.00"
"24/02/2017 19:00 - 24/02/2017 20:00","BZN|BG","5139.00","5203.00"
"24/02/2017 20:00 - 24/02/2017 21:00","BZN|BG","4869.00","5031.00"
"24/02/2017 21:00 - 24/02/2017 22:00","BZN|BG","4746.00","4679.00"
"24/02/2017 22:00 - 24/02/2017 23:00","BZN|BG","4473.00","3948.00"
"24/02/2017 23:00 - 25/02/2017 00:00","BZN|BG","4085.00","3735.00"
"25/02/2017 00:00 - 25/02/2017 01:00","BZN|BG","3864.00","3599.00"
"25/02/2017 01:00 - 25/02/2017 02:00","BZN|BG","3753.00","3537.00"
"25/02/2017 02:00 - 25/02/2017 03:00","BZN|BG","3702.00","3548.00"
"25/02/2017 03:00 - 25/02/2017 04:00","BZN|BG","3703.00","3614.00"
"25/02/2017 04:00 - 25/02/2017 05:00","BZN|BG","3774.00","3811.00"
"25/02/2017 05:00 - 25/02/2017 06:00","BZN|BG","3901.00","4200.00"
"25/02/2017 06:00 - 25/02/2017 07:00","BZN|BG","4211.00","4663.00"
"25/02/2017 07:00 - 25/02/2017 08:00","BZN|BG","4668.00","4790.00"
"25/02/2017 08:00 - 25/02/2017 09:00","BZN|BG","4981.00","4589.00"
"25/02/2017 09:00 - 25/02/2017 10:00","BZN|BG","4990.00","4373.00"
"25/02/2017 10:00 - 25/02/2017 11:00","BZN|BG","4987.00","4195.00"
"25/02/2017 11:00 - 25/02/2017 12:00","BZN|BG","4971.00","4112.00"
"25/02/2017 12:00 - 25/02/2017 13:00","BZN|BG","4951.00","4028.00"
"25/02/2017 13:00 - 25/02/2017 14:00","BZN|BG","4879.00","4074.00"
"25/02/2017 14:00 - 25/02/2017 15:00","BZN|BG","4869.00","4284.00"
"25/02/2017 15:00 - 25/02/2017 16:00","BZN|BG","4966.00","4695.00"
"25/02/2017 16:00 - 25/02/2017 17:00","BZN|BG","5168.00","5262.00"
"25/02/2017 17:00 - 25/02/2017 18:00","BZN|BG","5485.00","5258.00"
"25/02/2017 18:00 - 25/02/2017 19:00","BZN|BG","5435.00","4971.00"
"25/02/2017 19:00 - 25/02/2017 20:00","BZN|BG","5175.00","4691.00"
"25/02/2017 20:00 - 25/02/2017 21:00","BZN|BG","4923.00","4554.00"
"25/02/2017 21:00 - 25/02/2017 22:00","BZN|BG","4800.00","4292.00"
"25/02/2017 22:00 - 25/02/2017 23:00","BZN|BG","4521.00","4081.00"
"25/02/2017 23:00 - 26/02/2017 00:00","BZN|BG","4233.00","3850.00"
"26/02/2017 00:00 - 26/02/2017 01:00","BZN|BG","3986.00","3704.00"
"26/02/2017 01:00 - 26/02/2017 02:00","BZN|BG","3848.00","3664.00"
"26/02/2017 02:00 - 26/02/2017 03:00","BZN|BG","3805.00","3669.00"
"26/02/2017 03:00 - 26/02/2017 04:00","BZN|BG","3824.00","3702.00"
"26/02/2017 04:00 - 26/02/2017 05:00","BZN|BG","3858.00","3808.00"
"26/02/2017 05:00 - 26/02/2017 06:00","BZN|BG","3961.00","4045.00"
"26/02/2017 06:00 - 26/02/2017 07:00","BZN|BG","4230.00","4515.00"
"26/02/2017 07:00 - 26/02/2017 08:00","BZN|BG","4699.00","4835.00"
"26/02/2017 08:00 - 26/02/2017 09:00","BZN|BG","5039.00","4913.00"
"26/02/2017 09:00 - 26/02/2017 10:00","BZN|BG","5058.00","4940.00"
"26/02/2017 10:00 - 26/02/2017 11:00","BZN|BG","5008.00","4941.00"
"26/02/2017 11:00 - 26/02/2017 12:00","BZN|BG","4905.00","4784.00"
"26/02/2017 12:00 - 26/02/2017 13:00","BZN|BG","4815.00","4616.00"
"26/02/2017 13:00 - 26/02/2017 14:00","BZN|BG","4706.00","4646.00"
"26/02/2017 14:00 - 26/02/2017 15:00","BZN|BG","4714.00","4837.00"
"26/02/2017 15:00 - 26/02/2017 16:00","BZN|BG","4854.00","5094.00"
"26/02/2017 16:00 - 26/02/2017 17:00","BZN|BG","5110.00","5524.00"
"26/02/2017 17:00 - 26/02/2017 18:00","BZN|BG","5577.00","5508.00"
"26/02/2017 18:00 - 26/02/2017 19:00","BZN|BG","5624.00","5303.00"
"26/02/2017 19:00 - 26/02/2017 20:00","BZN|BG","5394.00","5037.00"
"26/02/2017 20:00 - 26/02/2017 21:00","BZN|BG","5089.00","4865.00"
"26/02/2017 21:00 - 26/02/2017 22:00","BZN|BG","4991.00","4519.00"
"26/02/2017 22:00 - 26/02/2017 23:00","BZN|BG","4622.00","4016.00"
"26/02/2017 23:00 - 27/02/2017 00:00","BZN|BG","4221.00","3809.00"
"27/02/2017 00:00 - 27/02/2017 01:00","BZN|BG","3977.00","3703.00"
"27/02/2017 01:00 - 27/02/2017 02:00","BZN|BG","3853.00","3661.00"
"27/02/2017 02:00 - 27/02/2017 03:00","BZN|BG","3795.00","3680.00"
"27/02/2017 03:00 - 27/02/2017 04:00","BZN|BG","3859.00","3842.00"
"27/02/2017 04:00 - 27/02/2017 05:00","BZN|BG","4055.00","4334.00"
"27/02/2017 05:00 - 27/02/2017 06:00","BZN|BG","4582.00","4869.00"
"27/02/2017 06:00 - 27/02/2017 07:00","BZN|BG","5098.00","5256.00"
"27/02/2017 07:00 - 27/02/2017 08:00","BZN|BG","5409.00","5395.00"
"27/02/2017 08:00 - 27/02/2017 09:00","BZN|BG","5397.00","5373.00"
"27/02/2017 09:00 - 27/02/2017 10:00","BZN|BG","5175.00","5351.00"
"27/02/2017 10:00 - 27/02/2017 11:00","BZN|BG","5017.00","5319.00"
"27/02/2017 11:00 - 27/02/2017 12:00","BZN|BG","4772.00","5308.00"
"27/02/2017 12:00 - 27/02/2017 13:00","BZN|BG","4681.00","5289.00"
"27/02/2017 13:00 - 27/02/2017 14:00","BZN|BG","4588.00","5288.00"
"27/02/2017 14:00 - 27/02/2017 15:00","BZN|BG","4622.00","5282.00"
"27/02/2017 15:00 - 27/02/2017 16:00","BZN|BG","4588.00","5337.00"
"27/02/2017 16:00 - 27/02/2017 17:00","BZN|BG","4698.00","5728.00"
"27/02/2017 17:00 - 27/02/2017 18:00","BZN|BG","5336.00","5851.00"
"27/02/2017 18:00 - 27/02/2017 19:00","BZN|BG","5651.00","5598.00"
"27/02/2017 19:00 - 27/02/2017 20:00","BZN|BG","5416.00","5319.00"
"27/02/2017 20:00 - 27/02/2017 21:00","BZN|BG","5154.00","5184.00"
"27/02/2017 21:00 - 27/02/2017 22:00","BZN|BG","4949.00","4796.00"
"27/02/2017 22:00 - 27/02/2017 23:00","BZN|BG","4590.00","4261.00"
"27/02/2017 23:00 - 28/02/2017 00:00","BZN|BG","4163.00","3991.00"
"28/02/2017 00:00 - 28/02/2017 01:00","BZN|BG","3909.00","3885.00"
"28/02/2017 01:00 - 28/02/2017 02:00","BZN|BG","3802.00","3855.00"
"28/02/2017 02:00 - 28/02/2017 03:00","BZN|BG","3779.00","3916.00"
"28/02/2017 03:00 - 28/02/2017 04:00","BZN|BG","3819.00","4105.00"
"28/02/2017 04:00 - 28/02/2017 05:00","BZN|BG","3985.00","4671.00"
"28/02/2017 05:00 - 28/02/2017 06:00","BZN|BG","4478.00","5220.00"
"28/02/2017 06:00 - 28/02/2017 07:00","BZN|BG","4939.00","5447.00"
"28/02/2017 07:00 - 28/02/2017 08:00","BZN|BG","5192.00","5389.00"
"28/02/2017 08:00 - 28/02/2017 09:00","BZN|BG","5124.00","5254.00"
"28/02/2017 09:00 - 28/02/2017 10:00","BZN|BG","4901.00","5162.00"
"28/02/2017 10:00 - 28/02/2017 11:00","BZN|BG","4702.00","5053.00"
"28/02/2017 11:00 - 28/02/2017 12:00","BZN|BG","4558.00","5006.00"
"28/02/2017 12:00 - 28/02/2017 13:00","BZN|BG","4534.00","4961.00"
"28/02/2017 13:00 - 28/02/2017 14:00","BZN|BG","4455.00","4981.00"
"28/02/2017 14:00 - 28/02/2017 15:00","BZN|BG","4493.00","5011.00"
"28/02/2017 15:00 - 28/02/2017 16:00","BZN|BG","4512.00","5131.00"
"28/02/2017 16:00 - 28/02/2017 17:00","BZN|BG","4644.00","5573.00"
"28/02/2017 17:00 - 28/02/2017 18:00","BZN|BG","5260.00","5709.00"
"28/02/2017 18:00 - 28/02/2017 19:00","BZN|BG","5596.00","5437.00"
"28/02/2017 19:00 - 28/02/2017 20:00","BZN|BG","5375.00","5159.00"
"28/02/2017 20:00 - 28/02/2017 21:00","BZN|BG","5138.00","4992.00"
"28/02/2017 21:00 - 28/02/2017 22:00","BZN|BG","4925.00","4648.00"
"28/02/2017 22:00 - 28/02/2017 23:00","BZN|BG","4548.00","4208.00"
"28/02/2017 23:00 - 01/03/2017 00:00","BZN|BG","4135.00","3934.00"
"01/03/2017 00:00 - 01/03/2017 01:00","BZN|BG","3879.00","3816.00"
"01/03/2017 01:00 - 01/03/2017 02:00","BZN|BG","3762.00","3784.00"
"01/03/2017 02:00 - 01/03/2017 03:00","BZN|BG","3725.00","3842.00"
"01/03/2017 03:00 - 01/03/2017 04:00","BZN|BG","3775.00","4013.00"
"01/03/2017 04:00 - 01/03/2017 05:00","BZN|BG","3927.00","4538.00"
"01/03/2017 05:00 - 01/03/2017 06:00","BZN|BG","4444.00","5029.00"
"01/03/2017 06:00 - 01/03/2017 07:00","BZN|BG","4855.00","5216.00"
"01/03/2017 07:00 - 01/03/2017 08:00","BZN|BG","5081.00","5101.00"
"01/03/2017 08:00 - 01/03/2017 09:00","BZN|BG","5042.00","4869.00"
"01/03/2017 09:00 - 01/03/2017 10:00","BZN|BG","4887.00","4724.00"
"01/03/2017 10:00 - 01/03/2017 11:00","BZN|BG","4774.00","4545.00"
"01/03/2017 11:00 - 01/03/2017 12:00","BZN|BG","4611.00","4465.00"
"01/03/2017 12:00 - 01/03/2017 13:00","BZN|BG","4572.00","4389.00"
"01/03/2017 13:00 - 01/03/2017 14:00","BZN|BG","4531.00","4419.00"
"01/03/2017 14:00 - 01/03/2017 15:00","BZN|BG","4516.00","4459.00"
"01/03/2017 15:00 - 01/03/2017 16:00","BZN|BG","4558.00","4609.00"
"01/03/2017 16:00 - 01/03/2017 17:00","BZN|BG","4712.00","5238.00"
"01/03/2017 17:00 - 01/03/2017 18:00","BZN|BG","5278.00","5444.00"
"01/03/2017 18:00 - 01/03/2017 19:00","BZN|BG","5552.00","5183.00"
"01/03/2017 19:00 - 01/03/2017 20:00","BZN|BG","5343.00","4922.00"
"01/03/2017 20:00 - 01/03/2017 21:00","BZN|BG","5086.00","4757.00"
"01/03/2017 21:00 - 01/03/2017 22:00","BZN|BG","4915.00","4430.00"
"01/03/2017 22:00 - 01/03/2017 23:00","BZN|BG","4540.00","4059.00"
"01/03/2017 23:00 - 02/03/2017 00:00","BZN|BG","4145.00","3865.00"
"02/03/2017 00:00 - 02/03/2017 01:00","BZN|BG","3905.00","3784.00"
"02/03/2017 01:00 - 02/03/2017 02:00","BZN|BG","3808.00","3762.00"
"02/03/2017 02:00 - 02/03/2017 03:00","BZN|BG","3765.00","3810.00"
"02/03/2017 03:00 - 02/03/2017 04:00","BZN|BG","3796.00","3974.00"
"02/03/2017 04:00 - 02/03/2017 05:00","BZN|BG","3950.00","4464.00"
"02/03/2017 05:00 - 02/03/2017 06:00","BZN|BG","4423.00","4920.00"
"02/03/2017 06:00 - 02/03/2017 07:00","BZN|BG","4912.00","5108.00"
"02/03/2017 07:00 - 02/03/2017 08:00","BZN|BG","5171.00","5028.00"
"02/03/2017 08:00 - 02/03/2017 09:00","BZN|BG","5197.00","4843.00"
"02/03/2017 09:00 - 02/03/2017 10:00","BZN|BG","5063.00","4733.00"
"02/03/2017 10:00 - 02/03/2017 11:00","BZN|BG","4956.00","4608.00"
"02/03/2017 11:00 - 02/03/2017 12:00","BZN|BG","4797.00","4558.00"
"02/03/2017 12:00 - 02/03/2017 13:00","BZN|BG","4689.00","4499.00"
"02/03/2017 13:00 - 02/03/2017 14:00","BZN|BG","4610.00","4526.00"
"02/03/2017 14:00 - 02/03/2017 15:00","BZN|BG","4566.00","4559.00"
"02/03/2017 15:00 - 02/03/2017 16:00","BZN|BG","4553.00","4676.00"
"02/03/2017 16:00 - 02/03/2017 17:00","BZN|BG","4571.00","5177.00"
"02/03/2017 17:00 - 02/03/2017 18:00","BZN|BG","5182.00","5360.00"
"02/03/2017 18:00 - 02/03/2017 19:00","BZN|BG","5485.00","5127.00"
"02/03/2017 19:00 - 02/03/2017 20:00","BZN|BG","5264.00","4887.00"
"02/03/2017 20:00 - 02/03/2017 21:00","BZN|BG","5023.00","4725.00"
"02/03/2017 21:00 - 02/03/2017 22:00","BZN|BG","4851.00","4415.00"
"02/03/2017 22:00 - 02/03/2017 23:00","BZN|BG","4506.00","4027.00"
"02/03/2017 23:00 - 03/03/2017 00:00","BZN|BG","4121.00","3776.00"
"03/03/2017 00:00 - 03/03/2017 01:00","BZN|BG","3859.00","3668.00"
"03/03/2017 01:00 - 03/03/2017 02:00","BZN|BG","3735.00","3641.00"
"03/03/2017 02:00 - 03/03/2017 03:00","BZN|BG","3702.00","3684.00"
"03/03/2017 03:00 - 03/03/2017 04:00","BZN|BG","3705.00","3824.00"
"03/03/2017 04:00 - 03/03/2017 05:00","BZN|BG","3761.00","4247.00"
"03/03/2017 05:00 - 03/03/2017 06:00","BZN|BG","3899.00","4638.00"
"03/03/2017 06:00 - 03/03/2017 07:00","BZN|BG","4162.00","4812.00"
"03/03/2017 07:00 - 03/03/2017 08:00","BZN|BG","4563.00","4735.00"
"03/03/2017 08:00 - 03/03/2017 09:00","BZN|BG","4686.00","4551.00"
"03/03/2017 09:00 - 03/03/2017 10:00","BZN|BG","4593.00","4418.00"
"03/03/2017 10:00 - 03/03/2017 11:00","BZN|BG","4470.00","4272.00"
"03/03/2017 11:00 - 03/03/2017 12:00","BZN|BG","4292.00","4215.00"
"03/03/2017 12:00 - 03/03/2017 13:00","BZN|BG","4091.00","4159.00"
"03/03/2017 13:00 - 03/03/2017 14:00","BZN|BG","4021.00","4175.00"
"03/03/2017 14:00 - 03/03/2017 15:00","BZN|BG","3961.00","4205.00"
"03/03/2017 15:00 - 03/03/2017 16:00","BZN|BG","4005.00","4344.00"
"03/03/2017 16:00 - 03/03/2017 17:00","BZN|BG","4229.00","4914.00"
"03/03/2017 17:00 - 03/03/2017 18:00","BZN|BG","4748.00","5133.00"
"03/03/2017 18:00 - 03/03/2017 19:00","BZN|BG","5047.00","4928.00"
"03/03/2017 19:00 - 03/03/2017 20:00","BZN|BG","4875.00","4714.00"
"03/03/2017 20:00 - 03/03/2017 21:00","BZN|BG","4674.00","4568.00"
"03/03/2017 21:00 - 03/03/2017 22:00","BZN|BG","4592.00","4279.00"
"03/03/2017 22:00 - 03/03/2017 23:00","BZN|BG","4319.00","3908.00"
"03/03/2017 23:00 - 04/03/2017 00:00","BZN|BG","3991.00","3690.00"
"04/03/2017 00:00 - 04/03/2017 01:00","BZN|BG","3743.00","3580.00"
"04/03/2017 01:00 - 04/03/2017 02:00","BZN|BG","3585.00","3530.00"
"04/03/2017 02:00 - 04/03/2017 03:00","BZN|BG","3558.00","3531.00"
"04/03/2017 03:00 - 04/03/2017 04:00","BZN|BG","3551.00","3577.00"
"04/03/2017 04:00 - 04/03/2017 05:00","BZN|BG","3616.00","3659.00"
"04/03/2017 05:00 - 04/03/2017 06:00","BZN|BG","3784.00","3860.00"
"04/03/2017 06:00 - 04/03/2017 07:00","BZN|BG","4088.00","4155.00"
"04/03/2017 07:00 - 04/03/2017 08:00","BZN|BG","4417.00","4358.00"
"04/03/2017 08:00 - 04/03/2017 09:00","BZN|BG","4406.00","4364.00"
"04/03/2017 09:00 - 04/03/2017 10:00","BZN|BG","4281.00","4345.00"
"04/03/2017 10:00 - 04/03/2017 11:00","BZN|BG","4175.00","4272.00"
"04/03/2017 11:00 - 04/03/2017 12:00","BZN|BG","4100.00","4174.00"
"04/03/2017 12:00 - 04/03/2017 13:00","BZN|BG","3970.00","3824.00"
"04/03/2017 13:00 - 04/03/2017 14:00","BZN|BG","3932.00","3778.00"
"04/03/2017 14:00 - 04/03/2017 15:00","BZN|BG","3902.00","3967.00"
"04/03/2017 15:00 - 04/03/2017 16:00","BZN|BG","3938.00","4362.00"
"04/03/2017 16:00 - 04/03/2017 17:00","BZN|BG","4196.00","4981.00"
"04/03/2017 17:00 - 04/03/2017 18:00","BZN|BG","4817.00","4937.00"
"04/03/2017 18:00 - 04/03/2017 19:00","BZN|BG","5115.00","4709.00"
"04/03/2017 19:00 - 04/03/2017 20:00","BZN|BG","4887.00","4488.00"
"04/03/2017 20:00 - 04/03/2017 21:00","BZN|BG","4600.00","4380.00"
"04/03/2017 21:00 - 04/03/2017 22:00","BZN|BG","4443.00","4136.00"
"04/03/2017 22:00 - 04/03/2017 23:00","BZN|BG","4184.00","3969.00"
"04/03/2017 23:00 - 05/03/2017 00:00","BZN|BG","3890.00","3746.00"
"05/03/2017 00:00 - 05/03/2017 01:00","BZN|BG","3693.00","3621.00"
"05/03/2017 01:00 - 05/03/2017 02:00","BZN|BG","3566.00","3582.00"
"05/03/2017 02:00 - 05/03/2017 03:00","BZN|BG","3507.00","3596.00"
"05/03/2017 03:00 - 05/03/2017 04:00","BZN|BG","3524.00","3621.00"
"05/03/2017 04:00 - 05/03/2017 05:00","BZN|BG","3554.00","3696.00"
"05/03/2017 05:00 - 05/03/2017 06:00","BZN|BG","3648.00","3892.00"
"05/03/2017 06:00 - 05/03/2017 07:00","BZN|BG","3913.00","4234.00"
"05/03/2017 07:00 - 05/03/2017 08:00","BZN|BG","4268.00","4482.00"
"05/03/2017 08:00 - 05/03/2017 09:00","BZN|BG","4365.00","4496.00"
"05/03/2017 09:00 - 05/03/2017 10:00","BZN|BG","4357.00","4430.00"
"05/03/2017 10:00 - 05/03/2017 11:00","BZN|BG","4260.00","4296.00"
"05/03/2017 11:00 - 05/03/2017 12:00","BZN|BG","4186.00","4177.00"
"05/03/2017 12:00 - 05/03/2017 13:00","BZN|BG","4081.00","4033.00"
"05/03/2017 13:00 - 05/03/2017 14:00","BZN|BG","4051.00","4042.00"
"05/03/2017 14:00 - 05/03/2017 15:00","BZN|BG","4066.00","4208.00"
"05/03/2017 15:00 - 05/03/2017 16:00","BZN|BG","4181.00","4509.00"
"05/03/2017 16:00 - 05/03/2017 17:00","BZN|BG","4481.00","5059.00"
"05/03/2017 17:00 - 05/03/2017 18:00","BZN|BG","5129.00","5114.00"
"05/03/2017 18:00 - 05/03/2017 19:00","BZN|BG","5404.00","4943.00"
"05/03/2017 19:00 - 05/03/2017 20:00","BZN|BG","5150.00","4716.00"
"05/03/2017 20:00 - 05/03/2017 21:00","BZN|BG","4821.00","4642.00"
"05/03/2017 21:00 - 05/03/2017 22:00","BZN|BG","4598.00","4366.00"
"05/03/2017 22:00 - 05/03/2017 23:00","BZN|BG","4160.00","3878.00"
"05/03/2017 23:00 - 06/03/2017 00:00","BZN|BG","3783.00","3662.00"
"06/03/2017 00:00 - 06/03/2017 01:00","BZN|BG","3577.00","3552.00"
"06/03/2017 01:00 - 06/03/2017 02:00","BZN|BG","3484.00","3501.00"
"06/03/2017 02:00 - 06/03/2017 03:00","BZN|BG","3464.00","3554.00"
"06/03/2017 03:00 - 06/03/2017 04:00","BZN|BG","3464.00","3720.00"
"06/03/2017 04:00 - 06/03/2017 05:00","BZN|BG","3640.00","4164.00"
"06/03/2017 05:00 - 06/03/2017 06:00","BZN|BG","4143.00","4598.00"
"06/03/2017 06:00 - 06/03/2017 07:00","BZN|BG","4625.00","4809.00"
"06/03/2017 07:00 - 06/03/2017 08:00","BZN|BG","4904.00","4851.00"
"06/03/2017 08:00 - 06/03/2017 09:00","BZN|BG","4951.00","4687.00"
"06/03/2017 09:00 - 06/03/2017 10:00","BZN|BG","4866.00","4569.00"
"06/03/2017 10:00 - 06/03/2017 11:00","BZN|BG","4819.00","4388.00"
"06/03/2017 11:00 - 06/03/2017 12:00","BZN|BG","4699.00","4321.00"
"06/03/2017 12:00 - 06/03/2017 13:00","BZN|BG","4690.00","4252.00"
"06/03/2017 13:00 - 06/03/2017 14:00","BZN|BG","4688.00","4277.00"
"06/03/2017 14:00 - 06/03/2017 15:00","BZN|BG","4697.00","4251.00"
"06/03/2017 15:00 - 06/03/2017 16:00","BZN|BG","4669.00","4374.00"
"06/03/2017 16:00 - 06/03/2017 17:00","BZN|BG","4698.00","5085.00"
"06/03/2017 17:00 - 06/03/2017 18:00","BZN|BG","5167.00","5436.00"
"06/03/2017 18:00 - 06/03/2017 19:00","BZN|BG","5483.00","5211.00"
"06/03/2017 19:00 - 06/03/2017 20:00","BZN|BG","5236.00","4961.00"
"06/03/2017 20:00 - 06/03/2017 21:00","BZN|BG","4953.00","4765.00"
"06/03/2017 21:00 - 06/03/2017 22:00","BZN|BG","4742.00","4422.00"
"06/03/2017 22:00 - 06/03/2017 23:00","BZN|BG","4410.00","3946.00"
"06/03/2017 23:00 - 07/03/2017 00:00","BZN|BG","4007.00","3693.00"
"07/03/2017 00:00 - 07/03/2017 01:00","BZN|BG","3787.00","3589.00"
"07/03/2017 01:00 - 07/03/2017 02:00","BZN|BG","3683.00","3553.00"
"07/03/2017 02:00 - 07/03/2017 03:00","BZN|BG","3657.00","3588.00"
"07/03/2017 03:00 - 07/03/2017 04:00","BZN|BG","3697.00","3747.00"
"07/03/2017 04:00 - 07/03/2017 05:00","BZN|BG","3846.00","4217.00"
"07/03/2017 05:00 - 07/03/2017 06:00","BZN|BG","4357.00","4679.00"
"07/03/2017 06:00 - 07/03/2017 07:00","BZN|BG","4795.00","4969.00"
"07/03/2017 07:00 - 07/03/2017 08:00","BZN|BG","5056.00","4956.00"
"07/03/2017 08:00 - 07/03/2017 09:00","BZN|BG","4980.00","4871.00"
"07/03/2017 09:00 - 07/03/2017 10:00","BZN|BG","4799.00","4787.00"
"07/03/2017 10:00 - 07/03/2017 11:00","BZN|BG","4686.00","4703.00"
"07/03/2017 11:00 - 07/03/2017 12:00","BZN|BG","4568.00","4659.00"
"07/03/2017 12:00 - 07/03/2017 13:00","BZN|BG","4577.00","4629.00"
"07/03/2017 13:00 - 07/03/2017 14:00","BZN|BG","4539.00","4627.00"
"07/03/2017 14:00 - 07/03/2017 15:00","BZN|BG","4612.00","4660.00"
"07/03/2017 15:00 - 07/03/2017 16:00","BZN|BG","4669.00","4788.00"
"07/03/2017 16:00 - 07/03/2017 17:00","BZN|BG","4768.00","5303.00"
"07/03/2017 17:00 - 07/03/2017 18:00","BZN|BG","5283.00","5553.00"
"07/03/2017 18:00 - 07/03/2017 19:00","BZN|BG","5557.00","5271.00"
"07/03/2017 19:00 - 07/03/2017 20:00","BZN|BG","5319.00","4952.00"
"07/03/2017 20:00 - 07/03/2017 21:00","BZN|BG","5059.00","4751.00"
"07/03/2017 21:00 - 07/03/2017 22:00","BZN|BG","4822.00","4326.00"
"07/03/2017 22:00 - 07/03/2017 23:00","BZN|BG","4461.00","4012.00"
"07/03/2017 23:00 - 08/03/2017 00:00","BZN|BG","4031.00","3781.00"
"08/03/2017 00:00 - 08/03/2017 01:00","BZN|BG","3778.00","3686.00"
"08/03/2017 01:00 - 08/03/2017 02:00","BZN|BG","3661.00","3652.00"
"08/03/2017 02:00 - 08/03/2017 03:00","BZN|BG","3607.00","3687.00"
"08/03/2017 03:00 - 08/03/2017 04:00","BZN|BG","3647.00","3835.00"
"08/03/2017 04:00 - 08/03/2017 05:00","BZN|BG","3826.00","4276.00"
"08/03/2017 05:00 - 08/03/2017 06:00","BZN|BG","4314.00","4715.00"
"08/03/2017 06:00 - 08/03/2017 07:00","BZN|BG","4792.00","5020.00"
"08/03/2017 07:00 - 08/03/2017 08:00","BZN|BG","5053.00","5030.00"
"08/03/2017 08:00 - 08/03/2017 09:00","BZN|BG","5085.00","4956.00"
"08/03/2017 09:00 - 08/03/2017 10:00","BZN|BG","4954.00","4880.00"
"08/03/2017 10:00 - 08/03/2017 11:00","BZN|BG","4871.00","4800.00"
"08/03/2017 11:00 - 08/03/2017 12:00","BZN|BG","4744.00","4757.00"
"08/03/2017 12:00 - 08/03/2017 13:00","BZN|BG","4702.00","4728.00"
"08/03/2017 13:00 - 08/03/2017 14:00","BZN|BG","4740.00","4720.00"
"08/03/2017 14:00 - 08/03/2017 15:00","BZN|BG","4769.00","4749.00"
"08/03/2017 15:00 - 08/03/2017 16:00","BZN|BG","4857.00","4858.00"
"08/03/2017 16:00 - 08/03/2017 17:00","BZN|BG","5014.00","5312.00"
"08/03/2017 17:00 - 08/03/2017 18:00","BZN|BG","5425.00","5556.00"
"08/03/2017 18:00 - 08/03/2017 19:00","BZN|BG","5524.00","5323.00"
"08/03/2017 19:00 - 08/03/2017 20:00","BZN|BG","5195.00","5049.00"
"08/03/2017 20:00 - 08/03/2017 21:00","BZN|BG","4922.00","4864.00"
"08/03/2017 21:00 - 08/03/2017 22:00","BZN|BG","4707.00","4474.00"
"08/03/2017 22:00 - 08/03/2017 23:00","BZN|BG","4420.00","4063.00"
"08/03/2017 23:00 - 09/03/2017 00:00","BZN|BG","4064.00","3801.00"
"09/03/2017 00:00 - 09/03/2017 01:00","BZN|BG","3825.00","3689.00"
"09/03/2017 01:00 - 09/03/2017 02:00","BZN|BG","3718.00","3653.00"
"09/03/2017 02:00 - 09/03/2017 03:00","BZN|BG","3637.00","3692.00"
"09/03/2017 03:00 - 09/03/2017 04:00","BZN|BG","3670.00","3853.00"
"09/03/2017 04:00 - 09/03/2017 05:00","BZN|BG","3833.00","4342.00"
"09/03/2017 05:00 - 09/03/2017 06:00","BZN|BG","4297.00","4812.00"
"09/03/2017 06:00 - 09/03/2017 07:00","BZN|BG","4769.00","5128.00"
"09/03/2017 07:00 - 09/03/2017 08:00","BZN|BG","5073.00","5126.00"
"09/03/2017 08:00 - 09/03/2017 09:00","BZN|BG","5160.00","5037.00"
"09/03/2017 09:00 - 09/03/2017 10:00","BZN|BG","5051.00","4961.00"
"09/03/2017 10:00 - 09/03/2017 11:00","BZN|BG","4991.00","4875.00"
"09/03/2017 11:00 - 09/03/2017 12:00","BZN|BG","4879.00","4840.00"
"09/03/2017 12:00 - 09/03/2017 13:00","BZN|BG","4853.00","4807.00"
"09/03/2017 13:00 - 09/03/2017 14:00","BZN|BG","4871.00","4811.00"
"09/03/2017 14:00 - 09/03/2017 15:00","BZN|BG","4865.00","4850.00"
"09/03/2017 15:00 - 09/03/2017 16:00","BZN|BG","4907.00","4956.00"
"09/03/2017 16:00 - 09/03/2017 17:00","BZN|BG","5051.00","5420.00"
"09/03/2017 17:00 - 09/03/2017 18:00","BZN|BG","5485.00","5666.00"
"09/03/2017 18:00 - 09/03/2017 19:00","BZN|BG","5676.00","5427.00"
"09/03/2017 19:00 - 09/03/2017 20:00","BZN|BG","5414.00","5146.00"
"09/03/2017 20:00 - 09/03/2017 21:00","BZN|BG","5159.00","4942.00"
"09/03/2017 21:00 - 09/03/2017 22:00","BZN|BG","4905.00","4547.00"
"09/03/2017 22:00 - 09/03/2017 23:00","BZN|BG","4480.00","4040.00"
"09/03/2017 23:00 - 10/03/2017 00:00","BZN|BG","4078.00","3778.00"
"10/03/2017 00:00 - 10/03/2017 01:00","BZN|BG","3820.00","3662.00"
"10/03/2017 01:00 - 10/03/2017 02:00","BZN|BG","3705.00","3625.00"
"10/03/2017 02:00 - 10/03/2017 03:00","BZN|BG","3653.00","3665.00"
"10/03/2017 03:00 - 10/03/2017 04:00","BZN|BG","3682.00","3838.00"
"10/03/2017 04:00 - 10/03/2017 05:00","BZN|BG","3863.00","4362.00"
"10/03/2017 05:00 - 10/03/2017 06:00","BZN|BG","4329.00","4873.00"
"10/03/2017 06:00 - 10/03/2017 07:00","BZN|BG","4850.00","5200.00"
"10/03/2017 07:00 - 10/03/2017 08:00","BZN|BG","5232.00","5202.00"
"10/03/2017 08:00 - 10/03/2017 09:00","BZN|BG","5397.00","5116.00"
"10/03/2017 09:00 - 10/03/2017 10:00","BZN|BG","5364.00","5055.00"
"10/03/2017 10:00 - 10/03/2017 11:00","BZN|BG","5296.00","4970.00"
"10/03/2017 11:00 - 10/03/2017 12:00","BZN|BG","5213.00","4934.00"
"10/03/2017 12:00 - 10/03/2017 13:00","BZN|BG","5192.00","4905.00"
"10/03/2017 13:00 - 10/03/2017 14:00","BZN|BG","5125.00","4909.00"
"10/03/2017 14:00 - 10/03/2017 15:00","BZN|BG","5105.00","4938.00"
"10/03/2017 15:00 - 10/03/2017 16:00","BZN|BG","5189.00","5022.00"
"10/03/2017 16:00 - 10/03/2017 17:00","BZN|BG","5297.00","5375.00"
"10/03/2017 17:00 - 10/03/2017 18:00","BZN|BG","5590.00","5544.00"
"10/03/2017 18:00 - 10/03/2017 19:00","BZN|BG","5704.00","5302.00"
"10/03/2017 19:00 - 10/03/2017 20:00","BZN|BG","5390.00","5040.00"
"10/03/2017 20:00 - 10/03/2017 21:00","BZN|BG","5128.00","4845.00"
"10/03/2017 21:00 - 10/03/2017 22:00","BZN|BG","4930.00","4495.00"
"10/03/2017 22:00 - 10/03/2017 23:00","BZN|BG","4638.00","4142.00"
"10/03/2017 23:00 - 11/03/2017 00:00","BZN|BG","4238.00","3894.00"
"11/03/2017 00:00 - 11/03/2017 01:00","BZN|BG","3966.00","3736.00"
"11/03/2017 01:00 - 11/03/2017 02:00","BZN|BG","3849.00","3709.00"
"11/03/2017 02:00 - 11/03/2017 03:00","BZN|BG","3813.00","3702.00"
"11/03/2017 03:00 - 11/03/2017 04:00","BZN|BG","3786.00","3796.00"
"11/03/2017 04:00 - 11/03/2017 05:00","BZN|BG","3862.00","4039.00"
"11/03/2017 05:00 - 11/03/2017 06:00","BZN|BG","4010.00","4479.00"
"11/03/2017 06:00 - 11/03/2017 07:00","BZN|BG","4364.00","4956.00"
"11/03/2017 07:00 - 11/03/2017 08:00","BZN|BG","4804.00","4950.00"
"11/03/2017 08:00 - 11/03/2017 09:00","BZN|BG","5031.00","4886.00"
"11/03/2017 09:00 - 11/03/2017 10:00","BZN|BG","5054.00","4831.00"
"11/03/2017 10:00 - 11/03/2017 11:00","BZN|BG","5078.00","4793.00"
"11/03/2017 11:00 - 11/03/2017 12:00","BZN|BG","4982.00","4726.00"
"11/03/2017 12:00 - 11/03/2017 13:00","BZN|BG","4894.00","4707.00"
"11/03/2017 13:00 - 11/03/2017 14:00","BZN|BG","4863.00","4691.00"
"11/03/2017 14:00 - 11/03/2017 15:00","BZN|BG","4865.00","4719.00"
"11/03/2017 15:00 - 11/03/2017 16:00","BZN|BG","4944.00","4921.00"
"11/03/2017 16:00 - 11/03/2017 17:00","BZN|BG","5116.00","5408.00"
"11/03/2017 17:00 - 11/03/2017 18:00","BZN|BG","5350.00","5640.00"
"11/03/2017 18:00 - 11/03/2017 19:00","BZN|BG","5447.00","5350.00"
"11/03/2017 19:00 - 11/03/2017 20:00","BZN|BG","5192.00","4983.00"
"11/03/2017 20:00 - 11/03/2017 21:00","BZN|BG","4896.00","4781.00"
"11/03/2017 21:00 - 11/03/2017 22:00","BZN|BG","4745.00","4449.00"
"11/03/2017 22:00 - 11/03/2017 23:00","BZN|BG","4501.00","4056.00"
"11/03/2017 23:00 - 12/03/2017 00:00","BZN|BG","4180.00","3828.00"
"12/03/2017 00:00 - 12/03/2017 01:00","BZN|BG","3941.00","3692.00"
"12/03/2017 01:00 - 12/03/2017 02:00","BZN|BG","3792.00","3614.00"
"12/03/2017 02:00 - 12/03/2017 03:00","BZN|BG","3716.00","3640.00"
"12/03/2017 03:00 - 12/03/2017 04:00","BZN|BG","3695.00","3698.00"
"12/03/2017 04:00 - 12/03/2017 05:00","BZN|BG","3752.00","3833.00"
"12/03/2017 05:00 - 12/03/2017 06:00","BZN|BG","3849.00","4181.00"
"12/03/2017 06:00 - 12/03/2017 07:00","BZN|BG","4107.00","4696.00"
"12/03/2017 07:00 - 12/03/2017 08:00","BZN|BG","4497.00","4828.00"
"12/03/2017 08:00 - 12/03/2017 09:00","BZN|BG","4777.00","4849.00"
"12/03/2017 09:00 - 12/03/2017 10:00","BZN|BG","4861.00","4799.00"
"12/03/2017 10:00 - 12/03/2017 11:00","BZN|BG","4823.00","4743.00"
"12/03/2017 11:00 - 12/03/2017 12:00","BZN|BG","4771.00","4689.00"
"12/03/2017 12:00 - 12/03/2017 13:00","BZN|BG","4695.00","4660.00"
"12/03/2017 13:00 - 12/03/2017 14:00","BZN|BG","4689.00","4679.00"
"12/03/2017 14:00 - 12/03/2017 15:00","BZN|BG","4727.00","4799.00"
"12/03/2017 15:00 - 12/03/2017 16:00","BZN|BG","4897.00","5033.00"
"12/03/2017 16:00 - 12/03/2017 17:00","BZN|BG","5208.00","5547.00"
"12/03/2017 17:00 - 12/03/2017 18:00","BZN|BG","5569.00","5806.00"
"12/03/2017 18:00 - 12/03/2017 19:00","BZN|BG","5743.00","5519.00"
"12/03/2017 19:00 - 12/03/2017 20:00","BZN|BG","5485.00","5182.00"
"12/03/2017 20:00 - 12/03/2017 21:00","BZN|BG","5201.00","4948.00"
"12/03/2017 21:00 - 12/03/2017 22:00","BZN|BG","5010.00","4476.00"
"12/03/2017 22:00 - 12/03/2017 23:00","BZN|BG","4563.00","4142.00"
"12/03/2017 23:00 - 13/03/2017 00:00","BZN|BG","4138.00","3847.00"
"13/03/2017 00:00 - 13/03/2017 01:00","BZN|BG","3878.00","3722.00"
"13/03/2017 01:00 - 13/03/2017 02:00","BZN|BG","3774.00","3683.00"
"13/03/2017 02:00 - 13/03/2017 03:00","BZN|BG","3731.00","3688.00"
"13/03/2017 03:00 - 13/03/2017 04:00","BZN|BG","3781.00","3904.00"
"13/03/2017 04:00 - 13/03/2017 05:00","BZN|BG","3997.00","4492.00"
"13/03/2017 05:00 - 13/03/2017 06:00","BZN|BG","4546.00","5022.00"
"13/03/2017 06:00 - 13/03/2017 07:00","BZN|BG","5138.00","5361.00"
"13/03/2017 07:00 - 13/03/2017 08:00","BZN|BG","5528.00","5405.00"
"13/03/2017 08:00 - 13/03/2017 09:00","BZN|BG","5689.00","5360.00"
"13/03/2017 09:00 - 13/03/2017 10:00","BZN|BG","5648.00","5336.00"
"13/03/2017 10:00 - 13/03/2017 11:00","BZN|BG","5625.00","5263.00"
"13/03/2017 11:00 - 13/03/2017 12:00","BZN|BG","5538.00","5245.00"
"13/03/2017 12:00 - 13/03/2017 13:00","BZN|BG","5529.00","5244.00"
"13/03/2017 13:00 - 13/03/2017 14:00","BZN|BG","5527.00","5240.00"
"13/03/2017 14:00 - 13/03/2017 15:00","BZN|BG","5553.00","5232.00"
"13/03/2017 15:00 - 13/03/2017 16:00","BZN|BG","5557.00","5262.00"
"13/03/2017 16:00 - 13/03/2017 17:00","BZN|BG","5641.00","5539.00"
"13/03/2017 17:00 - 13/03/2017 18:00","BZN|BG","5951.00","5717.00"
"13/03/2017 18:00 - 13/03/2017 19:00","BZN|BG","6062.00","5476.00"
"13/03/2017 19:00 - 13/03/2017 20:00","BZN|BG","5731.00","5209.00"
"13/03/2017 20:00 - 13/03/2017 21:00","BZN|BG","5468.00","4994.00"
"13/03/2017 21:00 - 13/03/2017 22:00","BZN|BG","5190.00","4674.00"
"13/03/2017 22:00 - 13/03/2017 23:00","BZN|BG","4834.00","4330.00"
"13/03/2017 23:00 - 14/03/2017 00:00","BZN|BG","4407.00","4067.00"
"14/03/2017 00:00 - 14/03/2017 01:00","BZN|BG","4182.00","3955.00"
"14/03/2017 01:00 - 14/03/2017 02:00","BZN|BG","4058.00","3903.00"
"14/03/2017 02:00 - 14/03/2017 03:00","BZN|BG","4046.00","3935.00"
"14/03/2017 03:00 - 14/03/2017 04:00","BZN|BG","4079.00","4112.00"
"14/03/2017 04:00 - 14/03/2017 05:00","BZN|BG","4244.00","4600.00"
"14/03/2017 05:00 - 14/03/2017 06:00","BZN|BG","4691.00","5113.00"
"14/03/2017 06:00 - 14/03/2017 07:00","BZN|BG","5191.00","5483.00"
"14/03/2017 07:00 - 14/03/2017 08:00","BZN|BG","5563.00","5570.00"
"14/03/2017 08:00 - 14/03/2017 09:00","BZN|BG","5671.00","5513.00"
"14/03/2017 09:00 - 14/03/2017 10:00","BZN|BG","5539.00","5474.00"
"14/03/2017 10:00 - 14/03/2017 11:00","BZN|BG","5457.00","5407.00"
"14/03/2017 11:00 - 14/03/2017 12:00","BZN|BG","5335.00","5384.00"
"14/03/2017 12:00 - 14/03/2017 13:00","BZN|BG","5301.00","5366.00"
"14/03/2017 13:00 - 14/03/2017 14:00","BZN|BG","5333.00","5369.00"
"14/03/2017 14:00 - 14/03/2017 15:00","BZN|BG","5323.00","5419.00"
"14/03/2017 15:00 - 14/03/2017 16:00","BZN|BG","5321.00","5518.00"
"14/03/2017 16:00 - 14/03/2017 17:00","BZN|BG","5357.00","5822.00"
"14/03/2017 17:00 - 14/03/2017 18:00","BZN|BG","5758.00","5952.00"
"14/03/2017 18:00 - 14/03/2017 19:00","BZN|BG","5959.00","5663.00"
"14/03/2017 19:00 - 14/03/2017 20:00","BZN|BG","5710.00","5371.00"
"14/03/2017 20:00 - 14/03/2017 21:00","BZN|BG","5435.00","5146.00"
"14/03/2017 21:00 - 14/03/2017 22:00","BZN|BG","5194.00","4780.00"
"14/03/2017 22:00 - 14/03/2017 23:00","BZN|BG","4835.00","4431.00"
"14/03/2017 23:00 - 15/03/2017 00:00","BZN|BG","4372.00","4189.00"
"15/03/2017 00:00 - 15/03/2017 01:00","BZN|BG","4123.00","4090.00"
"15/03/2017 01:00 - 15/03/2017 02:00","BZN|BG","3994.00","4036.00"
"15/03/2017 02:00 - 15/03/2017 03:00","BZN|BG","3929.00","4072.00"
"15/03/2017 03:00 - 15/03/2017 04:00","BZN|BG","3948.00","4257.00"
"15/03/2017 04:00 - 15/03/2017 05:00","BZN|BG","4111.00","4775.00"
"15/03/2017 05:00 - 15/03/2017 06:00","BZN|BG","4541.00","5286.00"
"15/03/2017 06:00 - 15/03/2017 07:00","BZN|BG","5061.00","5597.00"
"15/03/2017 07:00 - 15/03/2017 08:00","BZN|BG","5354.00","5662.00"
"15/03/2017 08:00 - 15/03/2017 09:00","BZN|BG","5427.00","5582.00"
"15/03/2017 09:00 - 15/03/2017 10:00","BZN|BG","5175.00","5537.00"
"15/03/2017 10:00 - 15/03/2017 11:00","BZN|BG","5021.00","5456.00"
"15/03/2017 11:00 - 15/03/2017 12:00","BZN|BG","4947.00","5452.00"
"15/03/2017 12:00 - 15/03/2017 13:00","BZN|BG","4970.00","5433.00"
"15/03/2017 13:00 - 15/03/2017 14:00","BZN|BG","5069.00","5450.00"
"15/03/2017 14:00 - 15/03/2017 15:00","BZN|BG","4929.00","5512.00"
"15/03/2017 15:00 - 15/03/2017 16:00","BZN|BG","4977.00","5611.00"
"15/03/2017 16:00 - 15/03/2017 17:00","BZN|BG","5059.00","5944.00"
"15/03/2017 17:00 - 15/03/2017 18:00","BZN|BG","5488.00","6072.00"
"15/03/2017 18:00 - 15/03/2017 19:00","BZN|BG","5828.00","5760.00"
"15/03/2017 19:00 - 15/03/2017 20:00","BZN|BG","5623.00","5454.00"
"15/03/2017 20:00 - 15/03/2017 21:00","BZN|BG","5345.00","5197.00"
"15/03/2017 21:00 - 15/03/2017 22:00","BZN|BG","5136.00","4818.00"
"15/03/2017 22:00 - 15/03/2017 23:00","BZN|BG","4703.00","4393.00"
"15/03/2017 23:00 - 16/03/2017 00:00","BZN|BG","4265.00","4139.00"
"16/03/2017 00:00 - 16/03/2017 01:00","BZN|BG","4013.00","4033.00"
"16/03/2017 01:00 - 16/03/2017 02:00","BZN|BG","3905.00","3988.00"
"16/03/2017 02:00 - 16/03/2017 03:00","BZN|BG","3846.00","4020.00"
"16/03/2017 03:00 - 16/03/2017 04:00","BZN|BG","3882.00","4182.00"
"16/03/2017 04:00 - 16/03/2017 05:00","BZN|BG","4053.00","4632.00"
"16/03/2017 05:00 - 16/03/2017 06:00","BZN|BG","4524.00","5088.00"
"16/03/2017 06:00 - 16/03/2017 07:00","BZN|BG","5055.00","5378.00"
"16/03/2017 07:00 - 16/03/2017 08:00","BZN|BG","5349.00","5443.00"
"16/03/2017 08:00 - 16/03/2017 09:00","BZN|BG","5430.00","5298.00"
"16/03/2017 09:00 - 16/03/2017 10:00","BZN|BG","5302.00","5225.00"
"16/03/2017 10:00 - 16/03/2017 11:00","BZN|BG","5226.00","5074.00"
"16/03/2017 11:00 - 16/03/2017 12:00","BZN|BG","5122.00","5069.00"
"16/03/2017 12:00 - 16/03/2017 13:00","BZN|BG","5107.00","5055.00"
"16/03/2017 13:00 - 16/03/2017 14:00","BZN|BG","5038.00","5077.00"
"16/03/2017 14:00 - 16/03/2017 15:00","BZN|BG","4952.00","5148.00"
"16/03/2017 15:00 - 16/03/2017 16:00","BZN|BG","4881.00","5267.00"
"16/03/2017 16:00 - 16/03/2017 17:00","BZN|BG","4908.00","5712.00"
"16/03/2017 17:00 - 16/03/2017 18:00","BZN|BG","5388.00","5893.00"
"16/03/2017 18:00 - 16/03/2017 19:00","BZN|BG","5802.00","5617.00"
"16/03/2017 19:00 - 16/03/2017 20:00","BZN|BG","5628.00","5344.00"
"16/03/2017 20:00 - 16/03/2017 21:00","BZN|BG","5390.00","5115.00"
"16/03/2017 21:00 - 16/03/2017 22:00","BZN|BG","5143.00","4779.00"
"16/03/2017 22:00 - 16/03/2017 23:00","BZN|BG","4724.00","4429.00"
"16/03/2017 23:00 - 17/03/2017 00:00","BZN|BG","4277.00","4167.00"
"17/03/2017 00:00 - 17/03/2017 01:00","BZN|BG","3981.00","4053.00"
"17/03/2017 01:00 - 17/03/2017 02:00","BZN|BG","3900.00","4006.00"
"17/03/2017 02:00 - 17/03/2017 03:00","BZN|BG","3869.00","4030.00"
"17/03/2017 03:00 - 17/03/2017 04:00","BZN|BG","3881.00","4183.00"
"17/03/2017 04:00 - 17/03/2017 05:00","BZN|BG","4051.00","4613.00"
"17/03/2017 05:00 - 17/03/2017 06:00","BZN|BG","4502.00","5063.00"
"17/03/2017 06:00 - 17/03/2017 07:00","BZN|BG","4991.00","5344.00"
"17/03/2017 07:00 - 17/03/2017 08:00","BZN|BG","5276.00","5390.00"
"17/03/2017 08:00 - 17/03/2017 09:00","BZN|BG","5333.00","5243.00"
"17/03/2017 09:00 - 17/03/2017 10:00","BZN|BG","5194.00","5155.00"
"17/03/2017 10:00 - 17/03/2017 11:00","BZN|BG","5084.00","5010.00"
"17/03/2017 11:00 - 17/03/2017 12:00","BZN|BG","4948.00","4985.00"
"17/03/2017 12:00 - 17/03/2017 13:00","BZN|BG","4916.00","4988.00"
"17/03/2017 13:00 - 17/03/2017 14:00","BZN|BG","4879.00","4997.00"
"17/03/2017 14:00 - 17/03/2017 15:00","BZN|BG","4851.00","5063.00"
"17/03/2017 15:00 - 17/03/2017 16:00","BZN|BG","4793.00","5162.00"
"17/03/2017 16:00 - 17/03/2017 17:00","BZN|BG","4824.00","5603.00"
"17/03/2017 17:00 - 17/03/2017 18:00","BZN|BG","5296.00","5820.00"
"17/03/2017 18:00 - 17/03/2017 19:00","BZN|BG","5685.00","5548.00"
"17/03/2017 19:00 - 17/03/2017 20:00","BZN|BG","5487.00","5279.00"
"17/03/2017 20:00 - 17/03/2017 21:00","BZN|BG","5231.00","5053.00"
"17/03/2017 21:00 - 17/03/2017 22:00","BZN|BG","5076.00","4697.00"
"17/03/2017 22:00 - 17/03/2017 23:00","BZN|BG","4751.00","4255.00"
"17/03/2017 23:00 - 18/03/2017 00:00","BZN|BG","4089.00","3985.00"
"18/03/2017 00:00 - 18/03/2017 01:00","BZN|BG","3923.00","3868.00"
"18/03/2017 01:00 - 18/03/2017 02:00","BZN|BG","3883.00","3833.00"
"18/03/2017 02:00 - 18/03/2017 03:00","BZN|BG","3877.00","3806.00"
"18/03/2017 03:00 - 18/03/2017 04:00","BZN|BG","3958.00","3874.00"
"18/03/2017 04:00 - 18/03/2017 05:00","BZN|BG","4113.00","4007.00"
"18/03/2017 05:00 - 18/03/2017 06:00","BZN|BG","4447.00","4324.00"
"18/03/2017 06:00 - 18/03/2017 07:00","BZN|BG","4761.00","4718.00"
"18/03/2017 07:00 - 18/03/2017 08:00","BZN|BG","4856.00","4922.00"
"18/03/2017 08:00 - 18/03/2017 09:00","BZN|BG","4758.00","4942.00"
"18/03/2017 09:00 - 18/03/2017 10:00","BZN|BG","4614.00","4963.00"
"18/03/2017 10:00 - 18/03/2017 11:00","BZN|BG","4455.00","4769.00"
"18/03/2017 11:00 - 18/03/2017 12:00","BZN|BG","4296.00","4591.00"
"18/03/2017 12:00 - 18/03/2017 13:00","BZN|BG","4205.00","4528.00"
"18/03/2017 13:00 - 18/03/2017 14:00","BZN|BG","4197.00","4532.00"
"18/03/2017 14:00 - 18/03/2017 15:00","BZN|BG","4292.00","4660.00"
"18/03/2017 15:00 - 18/03/2017 16:00","BZN|BG","4475.00","4939.00"
"18/03/2017 16:00 - 18/03/2017 17:00","BZN|BG","4921.00","5319.00"
"18/03/2017 17:00 - 18/03/2017 18:00","BZN|BG","5239.00","5477.00"
"18/03/2017 18:00 - 18/03/2017 19:00","BZN|BG","5040.00","5183.00"
"18/03/2017 19:00 - 18/03/2017 20:00","BZN|BG","4765.00","4841.00"
"18/03/2017 20:00 - 18/03/2017 21:00","BZN|BG","4602.00","4665.00"
"18/03/2017 21:00 - 18/03/2017 22:00","BZN|BG","4247.00","4384.00"
"18/03/2017 22:00 - 18/03/2017 23:00","BZN|BG","3893.00","3954.00"
"18/03/2017 23:00 - 19/03/2017 00:00","BZN|BG","3683.00","3725.00"
"19/03/2017 00:00 - 19/03/2017 01:00","BZN|BG","3580.00","3581.00"
"19/03/2017 01:00 - 19/03/2017 02:00","BZN|BG","3543.00","3508.00"
"19/03/2017 02:00 - 19/03/2017 03:00","BZN|BG","3529.00","3488.00"
"19/03/2017 03:00 - 19/03/2017 04:00","BZN|BG","3565.00","3537.00"
"19/03/2017 04:00 - 19/03/2017 05:00","BZN|BG","3664.00","3621.00"
"19/03/2017 05:00 - 19/03/2017 06:00","BZN|BG","3928.00","3843.00"
"19/03/2017 06:00 - 19/03/2017 07:00","BZN|BG","4314.00","4178.00"
"19/03/2017 07:00 - 19/03/2017 08:00","BZN|BG","4571.00","4418.00"
"19/03/2017 08:00 - 19/03/2017 09:00","BZN|BG","4652.00","4491.00"
"19/03/2017 09:00 - 19/03/2017 10:00","BZN|BG","4637.00","4365.00"
"19/03/2017 10:00 - 19/03/2017 11:00","BZN|BG","4538.00","4189.00"
"19/03/2017 11:00 - 19/03/2017 12:00","BZN|BG","4419.00","3936.00"
"19/03/2017 12:00 - 19/03/2017 13:00","BZN|BG","4329.00","3917.00"
"19/03/2017 13:00 - 19/03/2017 14:00","BZN|BG","4353.00","3960.00"
"19/03/2017 14:00 - 19/03/2017 15:00","BZN|BG","4454.00","4153.00"
"19/03/2017 15:00 - 19/03/2017 16:00","BZN|BG","4700.00","4508.00"
"19/03/2017 16:00 - 19/03/2017 17:00","BZN|BG","5152.00","4921.00"
"19/03/2017 17:00 - 19/03/2017 18:00","BZN|BG","5477.00","5120.00"
"19/03/2017 18:00 - 19/03/2017 19:00","BZN|BG","5256.00","4946.00"
"19/03/2017 19:00 - 19/03/2017 20:00","BZN|BG","4883.00","4755.00"
"19/03/2017 20:00 - 19/03/2017 21:00","BZN|BG","4673.00","4627.00"
"19/03/2017 21:00 - 19/03/2017 22:00","BZN|BG","4265.00","4326.00"
"19/03/2017 22:00 - 19/03/2017 23:00","BZN|BG","3811.00","3957.00"
"19/03/2017 23:00 - 20/03/2017 00:00","BZN|BG","3591.00","3682.00"
"20/03/2017 00:00 - 20/03/2017 01:00","BZN|BG","3468.00","3591.00"
"20/03/2017 01:00 - 20/03/2017 02:00","BZN|BG","3460.00","3555.00"
"20/03/2017 02:00 - 20/03/2017 03:00","BZN|BG","3517.00","3599.00"
"20/03/2017 03:00 - 20/03/2017 04:00","BZN|BG","3691.00","3747.00"
"20/03/2017 04:00 - 20/03/2017 05:00","BZN|BG","4205.00","4152.00"
"20/03/2017 05:00 - 20/03/2017 06:00","BZN|BG","4645.00","4561.00"
"20/03/2017 06:00 - 20/03/2017 07:00","BZN|BG","4857.00","4841.00"
"20/03/2017 07:00 - 20/03/2017 08:00","BZN|BG","4809.00","4962.00"
"20/03/2017 08:00 - 20/03/2017 09:00","BZN|BG","4561.00","4829.00"
"20/03/2017 09:00 - 20/03/2017 10:00","BZN|BG","4341.00","4752.00"
"20/03/2017 10:00 - 20/03/2017 11:00","BZN|BG","4110.00","4461.00"
"20/03/2017 11:00 - 20/03/2017 12:00","BZN|BG","4038.00","4452.00"
"20/03/2017 12:00 - 20/03/2017 13:00","BZN|BG","4072.00","4472.00"
"20/03/2017 13:00 - 20/03/2017 14:00","BZN|BG","4095.00","4479.00"
"20/03/2017 14:00 - 20/03/2017 15:00","BZN|BG","4118.00","4512.00"
"20/03/2017 15:00 - 20/03/2017 16:00","BZN|BG","4232.00","4605.00"
"20/03/2017 16:00 - 20/03/2017 17:00","BZN|BG","4712.00","5053.00"
"20/03/2017 17:00 - 20/03/2017 18:00","BZN|BG","5259.00","5224.00"
"20/03/2017 18:00 - 20/03/2017 19:00","BZN|BG","5052.00","4943.00"
"20/03/2017 19:00 - 20/03/2017 20:00","BZN|BG","4788.00","4719.00"
"20/03/2017 20:00 - 20/03/2017 21:00","BZN|BG","4546.00","4485.00"
"20/03/2017 21:00 - 20/03/2017 22:00","BZN|BG","4223.00","4194.00"
"20/03/2017 22:00 - 20/03/2017 23:00","BZN|BG","3836.00","3988.00"
"20/03/2017 23:00 - 21/03/2017 00:00","BZN|BG","3604.00","3735.00"
"21/03/2017 00:00 - 21/03/2017 01:00","BZN|BG","3508.00","3641.00"
"21/03/2017 01:00 - 21/03/2017 02:00","BZN|BG","3479.00","3605.00"
"21/03/2017 02:00 - 21/03/2017 03:00","BZN|BG","3524.00","3621.00"
"21/03/2017 03:00 - 21/03/2017 04:00","BZN|BG","3696.00","3774.00"
"21/03/2017 04:00 - 21/03/2017 05:00","BZN|BG","4155.00","4174.00"
"21/03/2017 05:00 - 21/03/2017 06:00","BZN|BG","4527.00","4625.00"
"21/03/2017 06:00 - 21/03/2017 07:00","BZN|BG","4653.00","4893.00"
"21/03/2017 07:00 - 21/03/2017 08:00","BZN|BG","4578.00","4955.00"
"21/03/2017 08:00 - 21/03/2017 09:00","BZN|BG","4347.00","4730.00"
"21/03/2017 09:00 - 21/03/2017 10:00","BZN|BG","4236.00","4615.00"
"21/03/2017 10:00 - 21/03/2017 11:00","BZN|BG","4122.00","4389.00"
"21/03/2017 11:00 - 21/03/2017 12:00","BZN|BG","4124.00","4358.00"
"21/03/2017 12:00 - 21/03/2017 13:00","BZN|BG","4114.00","4306.00"
"21/03/2017 13:00 - 21/03/2017 14:00","BZN|BG","4103.00","4251.00"
"21/03/2017 14:00 - 21/03/2017 15:00","BZN|BG","4082.00","4271.00"
"21/03/2017 15:00 - 21/03/2017 16:00","BZN|BG","4152.00","4346.00"
"21/03/2017 16:00 - 21/03/2017 17:00","BZN|BG","4557.00","4924.00"
"21/03/2017 17:00 - 21/03/2017 18:00","BZN|BG","5151.00","5347.00"
"21/03/2017 18:00 - 21/03/2017 19:00","BZN|BG","4977.00","5105.00"
"21/03/2017 19:00 - 21/03/2017 20:00","BZN|BG","4724.00","4836.00"
"21/03/2017 20:00 - 21/03/2017 21:00","BZN|BG","4485.00","4627.00"
"21/03/2017 21:00 - 21/03/2017 22:00","BZN|BG","4126.00","4263.00"
"21/03/2017 22:00 - 21/03/2017 23:00","BZN|BG","3741.00","3726.00"
"21/03/2017 23:00 - 22/03/2017 00:00","BZN|BG","3499.00","3456.00"
"22/03/2017 00:00 - 22/03/2017 01:00","BZN|BG","3399.00","3360.00"
"22/03/2017 01:00 - 22/03/2017 02:00","BZN|BG","3375.00","3326.00"
"22/03/2017 02:00 - 22/03/2017 03:00","BZN|BG","3414.00","3339.00"
"22/03/2017 03:00 - 22/03/2017 04:00","BZN|BG","3573.00","3489.00"
"22/03/2017 04:00 - 22/03/2017 05:00","BZN|BG","4013.00","3882.00"
"22/03/2017 05:00 - 22/03/2017 06:00","BZN|BG","4407.00","4326.00"
"22/03/2017 06:00 - 22/03/2017 07:00","BZN|BG","4514.00","4575.00"
"22/03/2017 07:00 - 22/03/2017 08:00","BZN|BG","4423.00","4615.00"
"22/03/2017 08:00 - 22/03/2017 09:00","BZN|BG","4307.00","4377.00"
"22/03/2017 09:00 - 22/03/2017 10:00","BZN|BG","4220.00","4277.00"
"22/03/2017 10:00 - 22/03/2017 11:00","BZN|BG","4093.00","4060.00"
"22/03/2017 11:00 - 22/03/2017 12:00","BZN|BG","4087.00","4034.00"
"22/03/2017 12:00 - 22/03/2017 13:00","BZN|BG","4116.00","4005.00"
"22/03/2017 13:00 - 22/03/2017 14:00","BZN|BG","4101.00","3951.00"
"22/03/2017 14:00 - 22/03/2017 15:00","BZN|BG","4099.00","3945.00"
"22/03/2017 15:00 - 22/03/2017 16:00","BZN|BG","4129.00","3996.00"
"22/03/2017 16:00 - 22/03/2017 17:00","BZN|BG","4558.00","4567.00"
"22/03/2017 17:00 - 22/03/2017 18:00","BZN|BG","5129.00","5018.00"
"22/03/2017 18:00 - 22/03/2017 19:00","BZN|BG","4947.00","4813.00"
"22/03/2017 19:00 - 22/03/2017 20:00","BZN|BG","4684.00","4566.00"
"22/03/2017 20:00 - 22/03/2017 21:00","BZN|BG","4475.00","4373.00"
"22/03/2017 21:00 - 22/03/2017 22:00","BZN|BG","4095.00","4023.00"
"22/03/2017 22:00 - 22/03/2017 23:00","BZN|BG","3580.00","3685.00"
"22/03/2017 23:00 - 23/03/2017 00:00","BZN|BG","3354.00","3458.00"
"23/03/2017 00:00 - 23/03/2017 01:00","BZN|BG","3267.00","3361.00"
"23/03/2017 01:00 - 23/03/2017 02:00","BZN|BG","3229.00","3326.00"
"23/03/2017 02:00 - 23/03/2017 03:00","BZN|BG","3282.00","3349.00"
"23/03/2017 03:00 - 23/03/2017 04:00","BZN|BG","3437.00","3477.00"
"23/03/2017 04:00 - 23/03/2017 05:00","BZN|BG","3864.00","3840.00"
"23/03/2017 05:00 - 23/03/2017 06:00","BZN|BG","4247.00","4217.00"
"23/03/2017 06:00 - 23/03/2017 07:00","BZN|BG","4319.00","4431.00"
"23/03/2017 07:00 - 23/03/2017 08:00","BZN|BG","4227.00","4469.00"
"23/03/2017 08:00 - 23/03/2017 09:00","BZN|BG","4071.00","4281.00"
"23/03/2017 09:00 - 23/03/2017 10:00","BZN|BG","3984.00","4163.00"
"23/03/2017 10:00 - 23/03/2017 11:00","BZN|BG","3854.00","4033.00"
"23/03/2017 11:00 - 23/03/2017 12:00","BZN|BG","3862.00","4059.00"
"23/03/2017 12:00 - 23/03/2017 13:00","BZN|BG","3853.00","4104.00"
"23/03/2017 13:00 - 23/03/2017 14:00","BZN|BG","3892.00","4027.00"
"23/03/2017 14:00 - 23/03/2017 15:00","BZN|BG","3929.00","4004.00"
"23/03/2017 15:00 - 23/03/2017 16:00","BZN|BG","3992.00","4059.00"
"23/03/2017 16:00 - 23/03/2017 17:00","BZN|BG","4431.00","4572.00"
"23/03/2017 17:00 - 23/03/2017 18:00","BZN|BG","5005.00","5022.00"
"23/03/2017 18:00 - 23/03/2017 19:00","BZN|BG","4798.00","4839.00"
"23/03/2017 19:00 - 23/03/2017 20:00","BZN|BG","4529.00","4599.00"
"23/03/2017 20:00 - 23/03/2017 21:00","BZN|BG","4288.00","4400.00"
"23/03/2017 21:00 - 23/03/2017 22:00","BZN|BG","3920.00","4053.00"
"23/03/2017 22:00 - 23/03/2017 23:00","BZN|BG","3427.00","3730.00"
"23/03/2017 23:00 - 24/03/2017 00:00","BZN|BG","3660.00","3503.00"
"24/03/2017 00:00 - 24/03/2017 01:00","BZN|BG","3455.00","3407.00"
"24/03/2017 01:00 - 24/03/2017 02:00","BZN|BG","3331.00","3375.00"
"24/03/2017 02:00 - 24/03/2017 03:00","BZN|BG","3279.00","3400.00"
"24/03/2017 03:00 - 24/03/2017 04:00","BZN|BG","3309.00","3530.00"
"24/03/2017 04:00 - 24/03/2017 05:00","BZN|BG","3510.00","3893.00"
"24/03/2017 05:00 - 24/03/2017 06:00","BZN|BG","3955.00","4257.00"
"24/03/2017 06:00 - 24/03/2017 07:00","BZN|BG","4324.00","4452.00"
"24/03/2017 07:00 - 24/03/2017 08:00","BZN|BG","4501.00","4471.00"
"24/03/2017 08:00 - 24/03/2017 09:00","BZN|BG","4443.00","4280.00"
"24/03/2017 09:00 - 24/03/2017 10:00","BZN|BG","4270.00","4168.00"
"24/03/2017 10:00 - 24/03/2017 11:00","BZN|BG","4147.00","4029.00"
"24/03/2017 11:00 - 24/03/2017 12:00","BZN|BG","4010.00","4052.00"
"24/03/2017 12:00 - 24/03/2017 13:00","BZN|BG","4031.00","4099.00"
"24/03/2017 13:00 - 24/03/2017 14:00","BZN|BG","4041.00","4033.00"
"24/03/2017 14:00 - 24/03/2017 15:00","BZN|BG","4015.00","4014.00"
"24/03/2017 15:00 - 24/03/2017 16:00","BZN|BG","4020.00","4065.00"
"24/03/2017 16:00 - 24/03/2017 17:00","BZN|BG","4041.00","4566.00"
"24/03/2017 17:00 - 24/03/2017 18:00","BZN|BG","4389.00","5042.00"
"24/03/2017 18:00 - 24/03/2017 19:00","BZN|BG","4963.00","4854.00"
"24/03/2017 19:00 - 24/03/2017 20:00","BZN|BG","4782.00","4602.00"
"24/03/2017 20:00 - 24/03/2017 21:00","BZN|BG","4490.00","4395.00"
"24/03/2017 21:00 - 24/03/2017 22:00","BZN|BG","4294.00","4029.00"
"24/03/2017 22:00 - 24/03/2017 23:00","BZN|BG","4145.00","4002.00"
"24/03/2017 23:00 - 25/03/2017 00:00","BZN|BG","3617.00","3564.00"
"25/03/2017 00:00 - 25/03/2017 01:00","BZN|BG","3351.00","3219.00"
"25/03/2017 01:00 - 25/03/2017 02:00","BZN|BG","3253.00","3123.00"
"25/03/2017 02:00 - 25/03/2017 03:00","BZN|BG","3226.00","3121.00"
"25/03/2017 03:00 - 25/03/2017 04:00","BZN|BG","3242.00","3163.00"
"25/03/2017 04:00 - 25/03/2017 05:00","BZN|BG","3320.00","3201.00"
"25/03/2017 05:00 - 25/03/2017 06:00","BZN|BG","3484.00","3342.00"
"25/03/2017 06:00 - 25/03/2017 07:00","BZN|BG","3784.00","3678.00"
"25/03/2017 07:00 - 25/03/2017 08:00","BZN|BG","4116.00","4032.00"
"25/03/2017 08:00 - 25/03/2017 09:00","BZN|BG","4200.00","4098.00"
"25/03/2017 09:00 - 25/03/2017 10:00","BZN|BG","4143.00","4032.00"
"25/03/2017 10:00 - 25/03/2017 11:00","BZN|BG","4083.00","3954.00"
"25/03/2017 11:00 - 25/03/2017 12:00","BZN|BG","4001.00","3970.00"
"25/03/2017 12:00 - 25/03/2017 13:00","BZN|BG","3907.00","3834.00"
"25/03/2017 13:00 - 25/03/2017 14:00","BZN|BG","3889.00","3789.00"
"25/03/2017 14:00 - 25/03/2017 15:00","BZN|BG","3892.00","3798.00"
"25/03/2017 15:00 - 25/03/2017 16:00","BZN|BG","3917.00","3845.00"
"25/03/2017 16:00 - 25/03/2017 17:00","BZN|BG","4085.00","3932.00"
"25/03/2017 17:00 - 25/03/2017 18:00","BZN|BG","4483.00","4290.00"
"25/03/2017 18:00 - 25/03/2017 19:00","BZN|BG","4890.00","4712.00"
"25/03/2017 19:00 - 25/03/2017 20:00","BZN|BG","4654.00","4523.00"
"25/03/2017 20:00 - 25/03/2017 21:00","BZN|BG","4391.00","4198.00"
"25/03/2017 21:00 - 25/03/2017 22:00","BZN|BG","4241.00","4043.00"
"25/03/2017 22:00 - 25/03/2017 23:00","BZN|BG","3892.00","4043.00"
"25/03/2017 23:00 - 26/03/2017 00:00","BZN|BG","3635.00","3340.00"
"26/03/2017 00:00 - 26/03/2017 01:00 (CET)","BZN|BG","3375.00","3222.00"
"26/03/2017 01:00 (CET) - 26/03/2017 03:00 (CEST)","BZN|BG","3253.00","3179.00"
"26/03/2017 03:00 (CEST) - 26/03/2017 04:00","BZN|BG","3236.00","3164.00"
"26/03/2017 04:00 - 26/03/2017 05:00","BZN|BG","3271.00","3191.00"
"26/03/2017 05:00 - 26/03/2017 06:00","BZN|BG","3345.00","3268.00"
"26/03/2017 06:00 - 26/03/2017 07:00","BZN|BG","3467.00","3474.00"
"26/03/2017 07:00 - 26/03/2017 08:00","BZN|BG","3808.00","3773.00"
"26/03/2017 08:00 - 26/03/2017 09:00","BZN|BG","4058.00","3973.00"
"26/03/2017 09:00 - 26/03/2017 10:00","BZN|BG","4168.00","4037.00"
"26/03/2017 10:00 - 26/03/2017 11:00","BZN|BG","4104.00","4018.00"
"26/03/2017 11:00 - 26/03/2017 12:00","BZN|BG","4008.00","3898.00"
"26/03/2017 12:00 - 26/03/2017 13:00","BZN|BG","3928.00","3754.00"
"26/03/2017 13:00 - 26/03/2017 14:00","BZN|BG","3918.00","3645.00"
"26/03/2017 14:00 - 26/03/2017 15:00","BZN|BG","3897.00","3670.00"
"26/03/2017 15:00 - 26/03/2017 16:00","BZN|BG","4116.00","3781.00"
"26/03/2017 16:00 - 26/03/2017 17:00","BZN|BG","4383.00","4050.00"
"26/03/2017 17:00 - 26/03/2017 18:00","BZN|BG","4598.00","4543.00"
"26/03/2017 18:00 - 26/03/2017 19:00","BZN|BG","4788.00","4897.00"
"26/03/2017 19:00 - 26/03/2017 20:00","BZN|BG","4828.00","4705.00"
"26/03/2017 20:00 - 26/03/2017 21:00","BZN|BG","4644.00","4380.00"
"26/03/2017 21:00 - 26/03/2017 22:00","BZN|BG","4398.00","4198.00"
"26/03/2017 22:00 - 26/03/2017 23:00","BZN|BG","4088.00","3843.00"
"26/03/2017 23:00 - 27/03/2017 00:00","BZN|BG","3710.00","3795.00"
"27/03/2017 00:00 - 27/03/2017 01:00","BZN|BG","3438.00","3545.00"
"27/03/2017 01:00 - 27/03/2017 02:00","BZN|BG","3346.00","3422.00"
"27/03/2017 02:00 - 27/03/2017 03:00","BZN|BG","3302.00","3415.00"
"27/03/2017 03:00 - 27/03/2017 04:00","BZN|BG","3334.00","3470.00"
"27/03/2017 04:00 - 27/03/2017 05:00","BZN|BG","3476.00","3664.00"
"27/03/2017 05:00 - 27/03/2017 06:00","BZN|BG","3917.00","4178.00"
"27/03/2017 06:00 - 27/03/2017 07:00","BZN|BG","4370.00","4634.00"
"27/03/2017 07:00 - 27/03/2017 08:00","BZN|BG","4814.00","4883.00"
"27/03/2017 08:00 - 27/03/2017 09:00","BZN|BG","4919.00","4904.00"
"27/03/2017 09:00 - 27/03/2017 10:00","BZN|BG","4835.00","4805.00"
"27/03/2017 10:00 - 27/03/2017 11:00","BZN|BG","4727.00","4715.00"
"27/03/2017 11:00 - 27/03/2017 12:00","BZN|BG","4581.00","4629.00"
"27/03/2017 12:00 - 27/03/2017 13:00","BZN|BG","4553.00","4600.00"
"27/03/2017 13:00 - 27/03/2017 14:00","BZN|BG","4522.00","4600.00"
"27/03/2017 14:00 - 27/03/2017 15:00","BZN|BG","4453.00","4595.00"
"27/03/2017 15:00 - 27/03/2017 16:00","BZN|BG","4354.00","4560.00"
"27/03/2017 16:00 - 27/03/2017 17:00","BZN|BG","4287.00","4624.00"
"27/03/2017 17:00 - 27/03/2017 18:00","BZN|BG","4450.00","4978.00"
"27/03/2017 18:00 - 27/03/2017 19:00","BZN|BG","4824.00","5406.00"
"27/03/2017 19:00 - 27/03/2017 20:00","BZN|BG","5210.00","5206.00"
"27/03/2017 20:00 - 27/03/2017 21:00","BZN|BG","5025.00","4950.00"
"27/03/2017 21:00 - 27/03/2017 22:00","BZN|BG","4723.00","4706.00"
"27/03/2017 22:00 - 27/03/2017 23:00","BZN|BG","4412.00","4387.00"
"27/03/2017 23:00 - 28/03/2017 00:00","BZN|BG","3979.00","3978.00"
"28/03/2017 00:00 - 28/03/2017 01:00","BZN|BG","3672.00","3721.00"
"28/03/2017 01:00 - 28/03/2017 02:00","BZN|BG","3547.00","3618.00"
"28/03/2017 02:00 - 28/03/2017 03:00","BZN|BG","3515.00","3579.00"
"28/03/2017 03:00 - 28/03/2017 04:00","BZN|BG","3554.00","3619.00"
"28/03/2017 04:00 - 28/03/2017 05:00","BZN|BG","3702.00","3814.00"
"28/03/2017 05:00 - 28/03/2017 06:00","BZN|BG","4192.00","4307.00"
"28/03/2017 06:00 - 28/03/2017 07:00","BZN|BG","4657.00","4763.00"
"28/03/2017 07:00 - 28/03/2017 08:00","BZN|BG","4912.00","4957.00"
"28/03/2017 08:00 - 28/03/2017 09:00","BZN|BG","4872.00","4913.00"
"28/03/2017 09:00 - 28/03/2017 10:00","BZN|BG","4668.00","4685.00"
"28/03/2017 10:00 - 28/03/2017 11:00","BZN|BG","4499.00","4562.00"
"28/03/2017 11:00 - 28/03/2017 12:00","BZN|BG","4337.00","4393.00"
"28/03/2017 12:00 - 28/03/2017 13:00","BZN|BG","4317.00","4402.00"
"28/03/2017 13:00 - 28/03/2017 14:00","BZN|BG","4278.00","4400.00"
"28/03/2017 14:00 - 28/03/2017 15:00","BZN|BG","4232.00","4379.00"
"28/03/2017 15:00 - 28/03/2017 16:00","BZN|BG","4191.00","4360.00"
"28/03/2017 16:00 - 28/03/2017 17:00","BZN|BG","4162.00","4404.00"
"28/03/2017 17:00 - 28/03/2017 18:00","BZN|BG","4300.00","4886.00"
"28/03/2017 18:00 - 28/03/2017 19:00","BZN|BG","4652.00","5458.00"
"28/03/2017 19:00 - 28/03/2017 20:00","BZN|BG","5049.00","5278.00"
"28/03/2017 20:00 - 28/03/2017 21:00","BZN|BG","4924.00","5017.00"
"28/03/2017 21:00 - 28/03/2017 22:00","BZN|BG","4613.00","4811.00"
"28/03/2017 22:00 - 28/03/2017 23:00","BZN|BG","4329.00","4452.00"
"28/03/2017 23:00 - 29/03/2017 00:00","BZN|BG","3897.00","3957.00"
"29/03/2017 00:00 - 29/03/2017 01:00","BZN|BG","3629.00","3671.00"
"29/03/2017 01:00 - 29/03/2017 02:00","BZN|BG","3499.00","3546.00"
"29/03/2017 02:00 - 29/03/2017 03:00","BZN|BG","3433.00","3506.00"
"29/03/2017 03:00 - 29/03/2017 04:00","BZN|BG","3468.00","3553.00"
"29/03/2017 04:00 - 29/03/2017 05:00","BZN|BG","3619.00","3756.00"
"29/03/2017 05:00 - 29/03/2017 06:00","BZN|BG","4120.00","4252.00"
"29/03/2017 06:00 - 29/03/2017 07:00","BZN|BG","4555.00","4660.00"
"29/03/2017 07:00 - 29/03/2017 08:00","BZN|BG","4757.00","4793.00"
"29/03/2017 08:00 - 29/03/2017 09:00","BZN|BG","4679.00","4671.00"
"29/03/2017 09:00 - 29/03/2017 10:00","BZN|BG","4447.00","4403.00"
"29/03/2017 10:00 - 29/03/2017 11:00","BZN|BG","4303.00","4276.00"
"29/03/2017 11:00 - 29/03/2017 12:00","BZN|BG","4139.00","4093.00"
"29/03/2017 12:00 - 29/03/2017 13:00","BZN|BG","4146.00","4126.00"
"29/03/2017 13:00 - 29/03/2017 14:00","BZN|BG","4136.00","4163.00"
"29/03/2017 14:00 - 29/03/2017 15:00","BZN|BG","4139.00","4168.00"
"29/03/2017 15:00 - 29/03/2017 16:00","BZN|BG","4084.00","4179.00"
"29/03/2017 16:00 - 29/03/2017 17:00","BZN|BG","4025.00","4217.00"
"29/03/2017 17:00 - 29/03/2017 18:00","BZN|BG","4227.00","4570.00"
"29/03/2017 18:00 - 29/03/2017 19:00","BZN|BG","4584.00","4931.00"
"29/03/2017 19:00 - 29/03/2017 20:00","BZN|BG","4979.00","5059.00"
"29/03/2017 20:00 - 29/03/2017 21:00","BZN|BG","4849.00","4738.00"
"29/03/2017 21:00 - 29/03/2017 22:00","BZN|BG","4549.00","4587.00"
"29/03/2017 22:00 - 29/03/2017 23:00","BZN|BG","4212.00","4332.00"
"29/03/2017 23:00 - 30/03/2017 00:00","BZN|BG","3791.00","3776.00"
"30/03/2017 00:00 - 30/03/2017 01:00","BZN|BG","3511.00","3500.00"
"30/03/2017 01:00 - 30/03/2017 02:00","BZN|BG","3382.00","3383.00"
"30/03/2017 02:00 - 30/03/2017 03:00","BZN|BG","3324.00","3341.00"
"30/03/2017 03:00 - 30/03/2017 04:00","BZN|BG","3341.00","3387.00"
"30/03/2017 04:00 - 30/03/2017 05:00","BZN|BG","3498.00","3579.00"
"30/03/2017 05:00 - 30/03/2017 06:00","BZN|BG","3974.00","4067.00"
"30/03/2017 06:00 - 30/03/2017 07:00","BZN|BG","4404.00","4487.00"
"30/03/2017 07:00 - 30/03/2017 08:00","BZN|BG","4580.00","4640.00"
"30/03/2017 08:00 - 30/03/2017 09:00","BZN|BG","4552.00","4512.00"
"30/03/2017 09:00 - 30/03/2017 10:00","BZN|BG","4372.00","4195.00"
"30/03/2017 10:00 - 30/03/2017 11:00","BZN|BG","4229.00","4027.00"
"30/03/2017 11:00 - 30/03/2017 12:00","BZN|BG","4124.00","3805.00"
"30/03/2017 12:00 - 30/03/2017 13:00","BZN|BG","4133.00","3834.00"
"30/03/2017 13:00 - 30/03/2017 14:00","BZN|BG","4107.00","3865.00"
"30/03/2017 14:00 - 30/03/2017 15:00","BZN|BG","4070.00","3862.00"
"30/03/2017 15:00 - 30/03/2017 16:00","BZN|BG","4109.00","3863.00"
"30/03/2017 16:00 - 30/03/2017 17:00","BZN|BG","4133.00","3897.00"
"30/03/2017 17:00 - 30/03/2017 18:00","BZN|BG","4362.00","4280.00"
"30/03/2017 18:00 - 30/03/2017 19:00","BZN|BG","4716.00","4787.00"
"30/03/2017 19:00 - 30/03/2017 20:00","BZN|BG","4908.00","4845.00"
"30/03/2017 20:00 - 30/03/2017 21:00","BZN|BG","4750.00","4584.00"
"30/03/2017 21:00 - 30/03/2017 22:00","BZN|BG","4457.00","4390.00"
"30/03/2017 22:00 - 30/03/2017 23:00","BZN|BG","4121.00","4101.00"
"30/03/2017 23:00 - 31/03/2017 00:00","BZN|BG","3719.00","3757.00"
"31/03/2017 00:00 - 31/03/2017 01:00","BZN|BG","3463.00","3522.00"
"31/03/2017 01:00 - 31/03/2017 02:00","BZN|BG","3357.00","3417.00"
"31/03/2017 02:00 - 31/03/2017 03:00","BZN|BG","3323.00","3379.00"
"31/03/2017 03:00 - 31/03/2017 04:00","BZN|BG","3338.00","3422.00"
"31/03/2017 04:00 - 31/03/2017 05:00","BZN|BG","3498.00","3597.00"
"31/03/2017 05:00 - 31/03/2017 06:00","BZN|BG","3928.00","4075.00"
"31/03/2017 06:00 - 31/03/2017 07:00","BZN|BG","4351.00","4497.00"
"31/03/2017 07:00 - 31/03/2017 08:00","BZN|BG","4581.00","4659.00"
"31/03/2017 08:00 - 31/03/2017 09:00","BZN|BG","4649.00","4608.00"
"31/03/2017 09:00 - 31/03/2017 10:00","BZN|BG","4508.00","4471.00"
"31/03/2017 10:00 - 31/03/2017 11:00","BZN|BG","4398.00","4383.00"
"31/03/2017 11:00 - 31/03/2017 12:00","BZN|BG","4251.00","4279.00"
"31/03/2017 12:00 - 31/03/2017 13:00","BZN|BG","4220.00","4279.00"
"31/03/2017 13:00 - 31/03/2017 14:00","BZN|BG","4217.00","4276.00"
"31/03/2017 14:00 - 31/03/2017 15:00","BZN|BG","4160.00","4267.00"
"31/03/2017 15:00 - 31/03/2017 16:00","BZN|BG","4105.00","4256.00"
"31/03/2017 16:00 - 31/03/2017 17:00","BZN|BG","4096.00","4269.00"
"31/03/2017 17:00 - 31/03/2017 18:00","BZN|BG","4253.00","4557.00"
"31/03/2017 18:00 - 31/03/2017 19:00","BZN|BG","4584.00","4619.00"
"31/03/2017 19:00 - 31/03/2017 20:00","BZN|BG","4881.00","5006.00"
"31/03/2017 20:00 - 31/03/2017 21:00","BZN|BG","4718.00","4897.00"
"31/03/2017 21:00 - 31/03/2017 22:00","BZN|BG","4461.00","4560.00"
"31/03/2017 22:00 - 31/03/2017 23:00","BZN|BG","4166.00","4265.00"
"31/03/2017 23:00 - 01/04/2017 00:00","BZN|BG","3801.00","3806.00"
"01/04/2017 00:00 - 01/04/2017 01:00","BZN|BG","3548.00","3503.00"
"01/04/2017 01:00 - 01/04/2017 02:00","BZN|BG","3359.00","3391.00"
"01/04/2017 02:00 - 01/04/2017 03:00","BZN|BG","3329.00","3377.00"
"01/04/2017 03:00 - 01/04/2017 04:00","BZN|BG","3371.00","3360.00"
"01/04/2017 04:00 - 01/04/2017 05:00","BZN|BG","3419.00","3459.00"
"01/04/2017 05:00 - 01/04/2017 06:00","BZN|BG","3586.00","3630.00"
"01/04/2017 06:00 - 01/04/2017 07:00","BZN|BG","3828.00","3944.00"
"01/04/2017 07:00 - 01/04/2017 08:00","BZN|BG","4172.00","4292.00"
"01/04/2017 08:00 - 01/04/2017 09:00","BZN|BG","4310.00","4380.00"
"01/04/2017 09:00 - 01/04/2017 10:00","BZN|BG","4170.00","4299.00"
"01/04/2017 10:00 - 01/04/2017 11:00","BZN|BG","4020.00","4213.00"
"01/04/2017 11:00 - 01/04/2017 12:00","BZN|BG","3932.00","4097.00"
"01/04/2017 12:00 - 01/04/2017 13:00","BZN|BG","3890.00","3964.00"
"01/04/2017 13:00 - 01/04/2017 14:00","BZN|BG","3772.00","3938.00"
"01/04/2017 14:00 - 01/04/2017 15:00","BZN|BG","3725.00","3941.00"
"01/04/2017 15:00 - 01/04/2017 16:00","BZN|BG","3721.00","3961.00"
"01/04/2017 16:00 - 01/04/2017 17:00","BZN|BG","3791.00","4099.00"
"01/04/2017 17:00 - 01/04/2017 18:00","BZN|BG","3931.00","4425.00"
"01/04/2017 18:00 - 01/04/2017 19:00","BZN|BG","4229.00","4559.00"
"01/04/2017 19:00 - 01/04/2017 20:00","BZN|BG","4675.00","4759.00"
"01/04/2017 20:00 - 01/04/2017 21:00","BZN|BG","4492.00","4630.00"
"01/04/2017 21:00 - 01/04/2017 22:00","BZN|BG","4250.00","4358.00"
"01/04/2017 22:00 - 01/04/2017 23:00","BZN|BG","3990.00","4143.00"
"01/04/2017 23:00 - 02/04/2017 00:00","BZN|BG","3645.00","3781.00"
"02/04/2017 00:00 - 02/04/2017 01:00","BZN|BG","3369.00","3478.00"
"02/04/2017 01:00 - 02/04/2017 02:00","BZN|BG","3223.00","3335.00"
"02/04/2017 02:00 - 02/04/2017 03:00","BZN|BG","3178.00","3326.00"
"02/04/2017 03:00 - 02/04/2017 04:00","BZN|BG","3184.00","3317.00"
"02/04/2017 04:00 - 02/04/2017 05:00","BZN|BG","3219.00","3355.00"
"02/04/2017 05:00 - 02/04/2017 06:00","BZN|BG","3328.00","3438.00"
"02/04/2017 06:00 - 02/04/2017 07:00","BZN|BG","3525.00","3575.00"
"02/04/2017 07:00 - 02/04/2017 08:00","BZN|BG","3895.00","3956.00"
"02/04/2017 08:00 - 02/04/2017 09:00","BZN|BG","4098.00","4235.00"
"02/04/2017 09:00 - 02/04/2017 10:00","BZN|BG","3978.00","4358.00"
"02/04/2017 10:00 - 02/04/2017 11:00","BZN|BG","3910.00","4210.00"
"02/04/2017 11:00 - 02/04/2017 12:00","BZN|BG","3871.00","3986.00"
"02/04/2017 12:00 - 02/04/2017 13:00","BZN|BG","3837.00","3798.00"
"02/04/2017 13:00 - 02/04/2017 14:00","BZN|BG","3777.00","3776.00"
"02/04/2017 14:00 - 02/04/2017 15:00","BZN|BG","3725.00","3726.00"
"02/04/2017 15:00 - 02/04/2017 16:00","BZN|BG","3790.00","4009.00"
"02/04/2017 16:00 - 02/04/2017 17:00","BZN|BG","3890.00","4356.00"
"02/04/2017 17:00 - 02/04/2017 18:00","BZN|BG","4089.00","4633.00"
"02/04/2017 18:00 - 02/04/2017 19:00","BZN|BG","4436.00","4878.00"
"02/04/2017 19:00 - 02/04/2017 20:00","BZN|BG","4904.00","4930.00"
"02/04/2017 20:00 - 02/04/2017 21:00","BZN|BG","4746.00","4746.00"
"02/04/2017 21:00 - 02/04/2017 22:00","BZN|BG","4418.00","4499.00"
"02/04/2017 22:00 - 02/04/2017 23:00","BZN|BG","4013.00","4189.00"
"02/04/2017 23:00 - 03/04/2017 00:00","BZN|BG","3555.00","3745.00"
"03/04/2017 00:00 - 03/04/2017 01:00","BZN|BG","3305.00","3462.00"
"03/04/2017 01:00 - 03/04/2017 02:00","BZN|BG","3184.00","3367.00"
"03/04/2017 02:00 - 03/04/2017 03:00","BZN|BG","3154.00","3321.00"
"03/04/2017 03:00 - 03/04/2017 04:00","BZN|BG","3191.00","3350.00"
"03/04/2017 04:00 - 03/04/2017 05:00","BZN|BG","3364.00","3477.00"
"03/04/2017 05:00 - 03/04/2017 06:00","BZN|BG","3862.00","3874.00"
"03/04/2017 06:00 - 03/04/2017 07:00","BZN|BG","4306.00","4281.00"
"03/04/2017 07:00 - 03/04/2017 08:00","BZN|BG","4547.00","4680.00"
"03/04/2017 08:00 - 03/04/2017 09:00","BZN|BG","4500.00","4774.00"
"03/04/2017 09:00 - 03/04/2017 10:00","BZN|BG","4346.00","4681.00"
"03/04/2017 10:00 - 03/04/2017 11:00","BZN|BG","4208.00","4562.00"
"03/04/2017 11:00 - 03/04/2017 12:00","BZN|BG","4083.00","4401.00"
"03/04/2017 12:00 - 03/04/2017 13:00","BZN|BG","4087.00","4370.00"
"03/04/2017 13:00 - 03/04/2017 14:00","BZN|BG","4100.00","4335.00"
"03/04/2017 14:00 - 03/04/2017 15:00","BZN|BG","4076.00","4260.00"
"03/04/2017 15:00 - 03/04/2017 16:00","BZN|BG","4078.00","4150.00"
"03/04/2017 16:00 - 03/04/2017 17:00","BZN|BG","4034.00","4077.00"
"03/04/2017 17:00 - 03/04/2017 18:00","BZN|BG","4224.00","4249.00"
"03/04/2017 18:00 - 03/04/2017 19:00","BZN|BG","4623.00","4647.00"
"03/04/2017 19:00 - 03/04/2017 20:00","BZN|BG","4839.00","5057.00"
"03/04/2017 20:00 - 03/04/2017 21:00","BZN|BG","4676.00","4876.00"
"03/04/2017 21:00 - 03/04/2017 22:00","BZN|BG","4394.00","4580.00"
"03/04/2017 22:00 - 03/04/2017 23:00","BZN|BG","4049.00","4275.00"
"03/04/2017 23:00 - 04/04/2017 00:00","BZN|BG","3650.00","3700.00"
"04/04/2017 00:00 - 04/04/2017 01:00","BZN|BG","3419.00","3453.00"
"04/04/2017 01:00 - 04/04/2017 02:00","BZN|BG","3292.00","3341.00"
"04/04/2017 02:00 - 04/04/2017 03:00","BZN|BG","3254.00","3296.00"
"04/04/2017 03:00 - 04/04/2017 04:00","BZN|BG","3254.00","3322.00"
"04/04/2017 04:00 - 04/04/2017 05:00","BZN|BG","3365.00","3471.00"
"04/04/2017 05:00 - 04/04/2017 06:00","BZN|BG","3860.00","3882.00"
"04/04/2017 06:00 - 04/04/2017 07:00","BZN|BG","4321.00","4247.00"
"04/04/2017 07:00 - 04/04/2017 08:00","BZN|BG","4615.00","4417.00"
"04/04/2017 08:00 - 04/04/2017 09:00","BZN|BG","4687.00","4397.00"
"04/04/2017 09:00 - 04/04/2017 10:00","BZN|BG","4564.00","4270.00"
"04/04/2017 10:00 - 04/04/2017 11:00","BZN|BG","4495.00","4180.00"
"04/04/2017 11:00 - 04/04/2017 12:00","BZN|BG","4371.00","4081.00"
"04/04/2017 12:00 - 04/04/2017 13:00","BZN|BG","4361.00","4082.00"
"04/04/2017 13:00 - 04/04/2017 14:00","BZN|BG","4339.00","4071.00"
"04/04/2017 14:00 - 04/04/2017 15:00","BZN|BG","4287.00","4059.00"
"04/04/2017 15:00 - 04/04/2017 16:00","BZN|BG","4252.00","4049.00"
"04/04/2017 16:00 - 04/04/2017 17:00","BZN|BG","4320.00","4045.00"
"04/04/2017 17:00 - 04/04/2017 18:00","BZN|BG","4487.00","4304.00"
"04/04/2017 18:00 - 04/04/2017 19:00","BZN|BG","4799.00","4761.00"
"04/04/2017 19:00 - 04/04/2017 20:00","BZN|BG","4948.00","5024.00"
"04/04/2017 20:00 - 04/04/2017 21:00","BZN|BG","4782.00","4818.00"
"04/04/2017 21:00 - 04/04/2017 22:00","BZN|BG","4445.00","4494.00"
"04/04/2017 22:00 - 04/04/2017 23:00","BZN|BG","4097.00","4169.00"
"04/04/2017 23:00 - 05/04/2017 00:00","BZN|BG","3746.00","3761.00"
"05/04/2017 00:00 - 05/04/2017 01:00","BZN|BG","3478.00","3504.00"
"05/04/2017 01:00 - 05/04/2017 02:00","BZN|BG","3373.00","3394.00"
"05/04/2017 02:00 - 05/04/2017 03:00","BZN|BG","3330.00","3351.00"
"05/04/2017 03:00 - 05/04/2017 04:00","BZN|BG","3339.00","3380.00"
"05/04/2017 04:00 - 05/04/2017 05:00","BZN|BG","3476.00","3547.00"
"05/04/2017 05:00 - 05/04/2017 06:00","BZN|BG","3922.00","4029.00"
"05/04/2017 06:00 - 05/04/2017 07:00","BZN|BG","4353.00","4466.00"
"05/04/2017 07:00 - 05/04/2017 08:00","BZN|BG","4673.00","4667.00"
"05/04/2017 08:00 - 05/04/2017 09:00","BZN|BG","4705.00","4653.00"
"05/04/2017 09:00 - 05/04/2017 10:00","BZN|BG","4546.00","4523.00"
"05/04/2017 10:00 - 05/04/2017 11:00","BZN|BG","4460.00","4430.00"
"05/04/2017 11:00 - 05/04/2017 12:00","BZN|BG","4366.00","4329.00"
"05/04/2017 12:00 - 05/04/2017 13:00","BZN|BG","4368.00","4327.00"
"05/04/2017 13:00 - 05/04/2017 14:00","BZN|BG","4354.00","4312.00"
"05/04/2017 14:00 - 05/04/2017 15:00","BZN|BG","4333.00","4301.00"
"05/04/2017 15:00 - 05/04/2017 16:00","BZN|BG","4314.00","4288.00"
"05/04/2017 16:00 - 05/04/2017 17:00","BZN|BG","4356.00","4279.00"
"05/04/2017 17:00 - 05/04/2017 18:00","BZN|BG","4542.00","4441.00"
"05/04/2017 18:00 - 05/04/2017 19:00","BZN|BG","4813.00","4736.00"
"05/04/2017 19:00 - 05/04/2017 20:00","BZN|BG","5008.00","5018.00"
"05/04/2017 20:00 - 05/04/2017 21:00","BZN|BG","4814.00","4856.00"
"05/04/2017 21:00 - 05/04/2017 22:00","BZN|BG","4513.00","4526.00"
"05/04/2017 22:00 - 05/04/2017 23:00","BZN|BG","4150.00","4182.00"
"05/04/2017 23:00 - 06/04/2017 00:00","BZN|BG","3730.00","3738.00"
"06/04/2017 00:00 - 06/04/2017 01:00","BZN|BG","3500.00","3479.00"
"06/04/2017 01:00 - 06/04/2017 02:00","BZN|BG","3389.00","3366.00"
"06/04/2017 02:00 - 06/04/2017 03:00","BZN|BG","3340.00","3322.00"
"06/04/2017 03:00 - 06/04/2017 04:00","BZN|BG","3354.00","3345.00"
"06/04/2017 04:00 - 06/04/2017 05:00","BZN|BG","3506.00","3505.00"
"06/04/2017 05:00 - 06/04/2017 06:00","BZN|BG","3959.00","3981.00"
"06/04/2017 06:00 - 06/04/2017 07:00","BZN|BG","4397.00","4418.00"
"06/04/2017 07:00 - 06/04/2017 08:00","BZN|BG","4672.00","4627.00"
"06/04/2017 08:00 - 06/04/2017 09:00","BZN|BG","4761.00","4637.00"
"06/04/2017 09:00 - 06/04/2017 10:00","BZN|BG","4580.00","4478.00"
"06/04/2017 10:00 - 06/04/2017 11:00","BZN|BG","4471.00","4380.00"
"06/04/2017 11:00 - 06/04/2017 12:00","BZN|BG","4353.00","4256.00"
"06/04/2017 12:00 - 06/04/2017 13:00","BZN|BG","4341.00","4252.00"
"06/04/2017 13:00 - 06/04/2017 14:00","BZN|BG","4385.00","4237.00"
"06/04/2017 14:00 - 06/04/2017 15:00","BZN|BG","4367.00","4231.00"
"06/04/2017 15:00 - 06/04/2017 16:00","BZN|BG","4357.00","4201.00"
"06/04/2017 16:00 - 06/04/2017 17:00","BZN|BG","4409.00","4201.00"
"06/04/2017 17:00 - 06/04/2017 18:00","BZN|BG","4648.00","4372.00"
"06/04/2017 18:00 - 06/04/2017 19:00","BZN|BG","4884.00","4680.00"
"06/04/2017 19:00 - 06/04/2017 20:00","BZN|BG","4992.00","4951.00"
"06/04/2017 20:00 - 06/04/2017 21:00","BZN|BG","4855.00","4790.00"
"06/04/2017 21:00 - 06/04/2017 22:00","BZN|BG","4529.00","4454.00"
"06/04/2017 22:00 - 06/04/2017 23:00","BZN|BG","4188.00","4106.00"
"06/04/2017 23:00 - 07/04/2017 00:00","BZN|BG","3779.00","3805.00"
"07/04/2017 00:00 - 07/04/2017 01:00","BZN|BG","3525.00","3544.00"
"07/04/2017 01:00 - 07/04/2017 02:00","BZN|BG","3400.00","3435.00"
"07/04/2017 02:00 - 07/04/2017 03:00","BZN|BG","3370.00","3392.00"
"07/04/2017 03:00 - 07/04/2017 04:00","BZN|BG","3420.00","3416.00"
"07/04/2017 04:00 - 07/04/2017 05:00","BZN|BG","3572.00","3588.00"
"07/04/2017 05:00 - 07/04/2017 06:00","BZN|BG","4026.00","4105.00"
"07/04/2017 06:00 - 07/04/2017 07:00","BZN|BG","4449.00","4585.00"
"07/04/2017 07:00 - 07/04/2017 08:00","BZN|BG","4707.00","4840.00"
"07/04/2017 08:00 - 07/04/2017 09:00","BZN|BG","4740.00","4838.00"
"07/04/2017 09:00 - 07/04/2017 10:00","BZN|BG","4602.00","4692.00"
"07/04/2017 10:00 - 07/04/2017 11:00","BZN|BG","4560.00","4603.00"
"07/04/2017 11:00 - 07/04/2017 12:00","BZN|BG","4458.00","4496.00"
"07/04/2017 12:00 - 07/04/2017 13:00","BZN|BG","4456.00","4503.00"
"07/04/2017 13:00 - 07/04/2017 14:00","BZN|BG","4476.00","4496.00"
"07/04/2017 14:00 - 07/04/2017 15:00","BZN|BG","4454.00","4493.00"
"07/04/2017 15:00 - 07/04/2017 16:00","BZN|BG","4433.00","4468.00"
"07/04/2017 16:00 - 07/04/2017 17:00","BZN|BG","4413.00","4476.00"
"07/04/2017 17:00 - 07/04/2017 18:00","BZN|BG","4631.00","4634.00"
"07/04/2017 18:00 - 07/04/2017 19:00","BZN|BG","4878.00","4912.00"
"07/04/2017 19:00 - 07/04/2017 20:00","BZN|BG","5073.00","5151.00"
"07/04/2017 20:00 - 07/04/2017 21:00","BZN|BG","4905.00","4983.00"
"07/04/2017 21:00 - 07/04/2017 22:00","BZN|BG","4595.00","4648.00"
"07/04/2017 22:00 - 07/04/2017 23:00","BZN|BG","4342.00","4294.00"
"07/04/2017 23:00 - 08/04/2017 00:00","BZN|BG","3937.00","3763.00"
"08/04/2017 00:00 - 08/04/2017 01:00","BZN|BG","3615.00","3542.00"
"08/04/2017 01:00 - 08/04/2017 02:00","BZN|BG","3486.00","3376.00"
"08/04/2017 02:00 - 08/04/2017 03:00","BZN|BG","3426.00","3350.00"
"08/04/2017 03:00 - 08/04/2017 04:00","BZN|BG","3395.00","3397.00"
"08/04/2017 04:00 - 08/04/2017 05:00","BZN|BG","3474.00","3451.00"
"08/04/2017 05:00 - 08/04/2017 06:00","BZN|BG","3667.00","3637.00"
"08/04/2017 06:00 - 08/04/2017 07:00","BZN|BG","3946.00","3907.00"
"08/04/2017 07:00 - 08/04/2017 08:00","BZN|BG","4308.00","4291.00"
"08/04/2017 08:00 - 08/04/2017 09:00","BZN|BG","4512.00","4445.00"
"08/04/2017 09:00 - 08/04/2017 10:00","BZN|BG","4464.00","4346.00"
"08/04/2017 10:00 - 08/04/2017 11:00","BZN|BG","4433.00","4241.00"
"08/04/2017 11:00 - 08/04/2017 12:00","BZN|BG","4376.00","4179.00"
"08/04/2017 12:00 - 08/04/2017 13:00","BZN|BG","4312.00","4149.00"
"08/04/2017 13:00 - 08/04/2017 14:00","BZN|BG","4187.00","4066.00"
"08/04/2017 14:00 - 08/04/2017 15:00","BZN|BG","4204.00","4033.00"
"08/04/2017 15:00 - 08/04/2017 16:00","BZN|BG","4261.00","4030.00"
"08/04/2017 16:00 - 08/04/2017 17:00","BZN|BG","4343.00","4086.00"
"08/04/2017 17:00 - 08/04/2017 18:00","BZN|BG","4477.00","4199.00"
"08/04/2017 18:00 - 08/04/2017 19:00","BZN|BG","4698.00","4440.00"
"08/04/2017 19:00 - 08/04/2017 20:00","BZN|BG","4901.00","4800.00"
"08/04/2017 20:00 - 08/04/2017 21:00","BZN|BG","4707.00","4591.00"
"08/04/2017 21:00 - 08/04/2017 22:00","BZN|BG","4451.00","4313.00"
"08/04/2017 22:00 - 08/04/2017 23:00","BZN|BG","4169.00","4016.00"
"08/04/2017 23:00 - 09/04/2017 00:00","BZN|BG","3797.00","3767.00"
"09/04/2017 00:00 - 09/04/2017 01:00","BZN|BG","3540.00","3488.00"
"09/04/2017 01:00 - 09/04/2017 02:00","BZN|BG","3393.00","3340.00"
"09/04/2017 02:00 - 09/04/2017 03:00","BZN|BG","3306.00","3295.00"
"09/04/2017 03:00 - 09/04/2017 04:00","BZN|BG","3272.00","3302.00"
"09/04/2017 04:00 - 09/04/2017 05:00","BZN|BG","3314.00","3340.00"
"09/04/2017 05:00 - 09/04/2017 06:00","BZN|BG","3434.00","3460.00"
"09/04/2017 06:00 - 09/04/2017 07:00","BZN|BG","3654.00","3677.00"
"09/04/2017 07:00 - 09/04/2017 08:00","BZN|BG","4041.00","4085.00"
"09/04/2017 08:00 - 09/04/2017 09:00","BZN|BG","4190.00","4309.00"
"09/04/2017 09:00 - 09/04/2017 10:00","BZN|BG","4102.00","4144.00"
"09/04/2017 10:00 - 09/04/2017 11:00","BZN|BG","4000.00","4050.00"
"09/04/2017 11:00 - 09/04/2017 12:00","BZN|BG","3922.00","3997.00"
"09/04/2017 12:00 - 09/04/2017 13:00","BZN|BG","3855.00","3950.00"
"09/04/2017 13:00 - 09/04/2017 14:00","BZN|BG","3804.00","3867.00"
"09/04/2017 14:00 - 09/04/2017 15:00","BZN|BG","3763.00","3797.00"
"09/04/2017 15:00 - 09/04/2017 16:00","BZN|BG","3833.00","3859.00"
"09/04/2017 16:00 - 09/04/2017 17:00","BZN|BG","3951.00","3957.00"
"09/04/2017 17:00 - 09/04/2017 18:00","BZN|BG","4144.00","4152.00"
"09/04/2017 18:00 - 09/04/2017 19:00","BZN|BG","4381.00","4491.00"
"09/04/2017 19:00 - 09/04/2017 20:00","BZN|BG","4788.00","4948.00"
"09/04/2017 20:00 - 09/04/2017 21:00","BZN|BG","4682.00","4815.00"
"09/04/2017 21:00 - 09/04/2017 22:00","BZN|BG","4469.00","4541.00"
"09/04/2017 22:00 - 09/04/2017 23:00","BZN|BG","4104.00","4202.00"
"09/04/2017 23:00 - 10/04/2017 00:00","BZN|BG","3722.00","3727.00"
"10/04/2017 00:00 - 10/04/2017 01:00","BZN|BG","3450.00","3456.00"
"10/04/2017 01:00 - 10/04/2017 02:00","BZN|BG","3323.00","3325.00"
"10/04/2017 02:00 - 10/04/2017 03:00","BZN|BG","3287.00","3292.00"
"10/04/2017 03:00 - 10/04/2017 04:00","BZN|BG","3296.00","3330.00"
"10/04/2017 04:00 - 10/04/2017 05:00","BZN|BG","3483.00","3510.00"
"10/04/2017 05:00 - 10/04/2017 06:00","BZN|BG","3935.00","4028.00"
"10/04/2017 06:00 - 10/04/2017 07:00","BZN|BG","4391.00","4490.00"
"10/04/2017 07:00 - 10/04/2017 08:00","BZN|BG","4704.00","4740.00"
"10/04/2017 08:00 - 10/04/2017 09:00","BZN|BG","4717.00","4686.00"
"10/04/2017 09:00 - 10/04/2017 10:00","BZN|BG","4515.00","4509.00"
"10/04/2017 10:00 - 10/04/2017 11:00","BZN|BG","4357.00","4350.00"
"10/04/2017 11:00 - 10/04/2017 12:00","BZN|BG","4213.00","4207.00"
"10/04/2017 12:00 - 10/04/2017 13:00","BZN|BG","4202.00","4212.00"
"10/04/2017 13:00 - 10/04/2017 14:00","BZN|BG","4210.00","4226.00"
"10/04/2017 14:00 - 10/04/2017 15:00","BZN|BG","4141.00","4198.00"
"10/04/2017 15:00 - 10/04/2017 16:00","BZN|BG","4100.00","4201.00"
"10/04/2017 16:00 - 10/04/2017 17:00","BZN|BG","4046.00","4151.00"
"10/04/2017 17:00 - 10/04/2017 18:00","BZN|BG","4207.00","4363.00"
"10/04/2017 18:00 - 10/04/2017 19:00","BZN|BG","4483.00","4811.00"
"10/04/2017 19:00 - 10/04/2017 20:00","BZN|BG","4873.00","5053.00"
"10/04/2017 20:00 - 10/04/2017 21:00","BZN|BG","4803.00","4892.00"
"10/04/2017 21:00 - 10/04/2017 22:00","BZN|BG","4521.00","4614.00"
"10/04/2017 22:00 - 10/04/2017 23:00","BZN|BG","4198.00","4273.00"
"10/04/2017 23:00 - 11/04/2017 00:00","BZN|BG","3793.00","3789.00"
"11/04/2017 00:00 - 11/04/2017 01:00","BZN|BG","3510.00","3510.00"
"11/04/2017 01:00 - 11/04/2017 02:00","BZN|BG","3394.00","3395.00"
"11/04/2017 02:00 - 11/04/2017 03:00","BZN|BG","3344.00","3353.00"
"11/04/2017 03:00 - 11/04/2017 04:00","BZN|BG","3374.00","3368.00"
"11/04/2017 04:00 - 11/04/2017 05:00","BZN|BG","3522.00","3492.00"
"11/04/2017 05:00 - 11/04/2017 06:00","BZN|BG","3924.00","3874.00"
"11/04/2017 06:00 - 11/04/2017 07:00","BZN|BG","4316.00","4237.00"
"11/04/2017 07:00 - 11/04/2017 08:00","BZN|BG","4613.00","4459.00"
"11/04/2017 08:00 - 11/04/2017 09:00","BZN|BG","4629.00","4503.00"
"11/04/2017 09:00 - 11/04/2017 10:00","BZN|BG","4390.00","4335.00"
"11/04/2017 10:00 - 11/04/2017 11:00","BZN|BG","4281.00","4241.00"
"11/04/2017 11:00 - 11/04/2017 12:00","BZN|BG","4171.00","4123.00"
"11/04/2017 12:00 - 11/04/2017 13:00","BZN|BG","4193.00","4131.00"
"11/04/2017 13:00 - 11/04/2017 14:00","BZN|BG","4168.00","4151.00"
"11/04/2017 14:00 - 11/04/2017 15:00","BZN|BG","4126.00","4121.00"
"11/04/2017 15:00 - 11/04/2017 16:00","BZN|BG","4099.00","4086.00"
"11/04/2017 16:00 - 11/04/2017 17:00","BZN|BG","4075.00","4127.00"
"11/04/2017 17:00 - 11/04/2017 18:00","BZN|BG","4262.00","4319.00"
"11/04/2017 18:00 - 11/04/2017 19:00","BZN|BG","4458.00","4591.00"
"11/04/2017 19:00 - 11/04/2017 20:00","BZN|BG","4789.00","4781.00"
"11/04/2017 20:00 - 11/04/2017 21:00","BZN|BG","4751.00","4647.00"
"11/04/2017 21:00 - 11/04/2017 22:00","BZN|BG","4473.00","4407.00"
"11/04/2017 22:00 - 11/04/2017 23:00","BZN|BG","4145.00","4153.00"
"11/04/2017 23:00 - 12/04/2017 00:00","BZN|BG","3729.00","3770.00"
"12/04/2017 00:00 - 12/04/2017 01:00","BZN|BG","3423.00","3503.00"
"12/04/2017 01:00 - 12/04/2017 02:00","BZN|BG","3292.00","3391.00"
"12/04/2017 02:00 - 12/04/2017 03:00","BZN|BG","3229.00","3350.00"
"12/04/2017 03:00 - 12/04/2017 04:00","BZN|BG","3247.00","3367.00"
"12/04/2017 04:00 - 12/04/2017 05:00","BZN|BG","3393.00","3496.00"
"12/04/2017 05:00 - 12/04/2017 06:00","BZN|BG","3780.00","3908.00"
"12/04/2017 06:00 - 12/04/2017 07:00","BZN|BG","4208.00","4296.00"
"12/04/2017 07:00 - 12/04/2017 08:00","BZN|BG","4504.00","4539.00"
"12/04/2017 08:00 - 12/04/2017 09:00","BZN|BG","4531.00","4583.00"
"12/04/2017 09:00 - 12/04/2017 10:00","BZN|BG","4422.00","4295.00"
"12/04/2017 10:00 - 12/04/2017 11:00","BZN|BG","4325.00","4148.00"
"12/04/2017 11:00 - 12/04/2017 12:00","BZN|BG","4209.00","3967.00"
"12/04/2017 12:00 - 12/04/2017 13:00","BZN|BG","4219.00","3997.00"
"12/04/2017 13:00 - 12/04/2017 14:00","BZN|BG","4195.00","4039.00"
"12/04/2017 14:00 - 12/04/2017 15:00","BZN|BG","4184.00","4001.00"
"12/04/2017 15:00 - 12/04/2017 16:00","BZN|BG","4160.00","3952.00"
"12/04/2017 16:00 - 12/04/2017 17:00","BZN|BG","4090.00","4021.00"
"12/04/2017 17:00 - 12/04/2017 18:00","BZN|BG","4291.00","4280.00"
"12/04/2017 18:00 - 12/04/2017 19:00","BZN|BG","4573.00","4611.00"
"12/04/2017 19:00 - 12/04/2017 20:00","BZN|BG","4877.00","4821.00"
"12/04/2017 20:00 - 12/04/2017 21:00","BZN|BG","4780.00","4681.00"
"12/04/2017 21:00 - 12/04/2017 22:00","BZN|BG","4553.00","4423.00"
"12/04/2017 22:00 - 12/04/2017 23:00","BZN|BG","4196.00","4155.00"
"12/04/2017 23:00 - 13/04/2017 00:00","BZN|BG","3725.00","3709.00"
"13/04/2017 00:00 - 13/04/2017 01:00","BZN|BG","3458.00","3405.00"
"13/04/2017 01:00 - 13/04/2017 02:00","BZN|BG","3312.00","3279.00"
"13/04/2017 02:00 - 13/04/2017 03:00","BZN|BG","3272.00","3232.00"
"13/04/2017 03:00 - 13/04/2017 04:00","BZN|BG","3305.00","3251.00"
"13/04/2017 04:00 - 13/04/2017 05:00","BZN|BG","3434.00","3384.00"
"13/04/2017 05:00 - 13/04/2017 06:00","BZN|BG","3817.00","3794.00"
"13/04/2017 06:00 - 13/04/2017 07:00","BZN|BG","4210.00","4178.00"
"13/04/2017 07:00 - 13/04/2017 08:00","BZN|BG","4458.00","4426.00"
"13/04/2017 08:00 - 13/04/2017 09:00","BZN|BG","4343.00","4463.00"
"13/04/2017 09:00 - 13/04/2017 10:00","BZN|BG","4077.00","4237.00"
"13/04/2017 10:00 - 13/04/2017 11:00","BZN|BG","3875.00","4128.00"
"13/04/2017 11:00 - 13/04/2017 12:00","BZN|BG","3684.00","3999.00"
"13/04/2017 12:00 - 13/04/2017 13:00","BZN|BG","3664.00","4024.00"
"13/04/2017 13:00 - 13/04/2017 14:00","BZN|BG","3647.00","4040.00"
"13/04/2017 14:00 - 13/04/2017 15:00","BZN|BG","3682.00","4018.00"
"13/04/2017 15:00 - 13/04/2017 16:00","BZN|BG","3755.00","3987.00"
"13/04/2017 16:00 - 13/04/2017 17:00","BZN|BG","3862.00","4027.00"
"13/04/2017 17:00 - 13/04/2017 18:00","BZN|BG","4091.00","4224.00"
"13/04/2017 18:00 - 13/04/2017 19:00","BZN|BG","4356.00","4470.00"
"13/04/2017 19:00 - 13/04/2017 20:00","BZN|BG","4610.00","4664.00"
"13/04/2017 20:00 - 13/04/2017 21:00","BZN|BG","4517.00","4608.00"
"13/04/2017 21:00 - 13/04/2017 22:00","BZN|BG","4260.00","4324.00"
"13/04/2017 22:00 - 13/04/2017 23:00","BZN|BG","3999.00","4076.00"
"13/04/2017 23:00 - 14/04/2017 00:00","BZN|BG","3589.00","3723.00"
"14/04/2017 00:00 - 14/04/2017 01:00","BZN|BG","3276.00","3373.00"
"14/04/2017 01:00 - 14/04/2017 02:00","BZN|BG","3128.00","3250.00"
"14/04/2017 02:00 - 14/04/2017 03:00","BZN|BG","3046.00","3150.00"
"14/04/2017 03:00 - 14/04/2017 04:00","BZN|BG","3010.00","3156.00"
"14/04/2017 04:00 - 14/04/2017 05:00","BZN|BG","3010.00","3179.00"
"14/04/2017 05:00 - 14/04/2017 06:00","BZN|BG","3124.00","3290.00"
"14/04/2017 06:00 - 14/04/2017 07:00","BZN|BG","3374.00","3542.00"
"14/04/2017 07:00 - 14/04/2017 08:00","BZN|BG","3596.00","3864.00"
"14/04/2017 08:00 - 14/04/2017 09:00","BZN|BG","3585.00","4081.00"
"14/04/2017 09:00 - 14/04/2017 10:00","BZN|BG","3405.00","4049.00"
"14/04/2017 10:00 - 14/04/2017 11:00","BZN|BG","3274.00","4037.00"
"14/04/2017 11:00 - 14/04/2017 12:00","BZN|BG","3186.00","4034.00"
"14/04/2017 12:00 - 14/04/2017 13:00","BZN|BG","3159.00","4004.00"
"14/04/2017 13:00 - 14/04/2017 14:00","BZN|BG","3202.00","3951.00"
"14/04/2017 14:00 - 14/04/2017 15:00","BZN|BG","3245.00","3925.00"
"14/04/2017 15:00 - 14/04/2017 16:00","BZN|BG","3329.00","3986.00"
"14/04/2017 16:00 - 14/04/2017 17:00","BZN|BG","3519.00","4097.00"
"14/04/2017 17:00 - 14/04/2017 18:00","BZN|BG","3694.00","4251.00"
"14/04/2017 18:00 - 14/04/2017 19:00","BZN|BG","3972.00","4442.00"
"14/04/2017 19:00 - 14/04/2017 20:00","BZN|BG","4241.00","4576.00"
"14/04/2017 20:00 - 14/04/2017 21:00","BZN|BG","4199.00","4511.00"
"14/04/2017 21:00 - 14/04/2017 22:00","BZN|BG","3984.00","4272.00"
"14/04/2017 22:00 - 14/04/2017 23:00","BZN|BG","3793.00","3973.00"
"14/04/2017 23:00 - 15/04/2017 00:00","BZN|BG","3496.00","3555.00"
"15/04/2017 00:00 - 15/04/2017 01:00","BZN|BG","3220.00","3283.00"
"15/04/2017 01:00 - 15/04/2017 02:00","BZN|BG","3107.00","3153.00"
"15/04/2017 02:00 - 15/04/2017 03:00","BZN|BG","3055.00","3092.00"
"15/04/2017 03:00 - 15/04/2017 04:00","BZN|BG","3043.00","3080.00"
"15/04/2017 04:00 - 15/04/2017 05:00","BZN|BG","3087.00","3103.00"
"15/04/2017 05:00 - 15/04/2017 06:00","BZN|BG","3183.00","3226.00"
"15/04/2017 06:00 - 15/04/2017 07:00","BZN|BG","3515.00","3491.00"
"15/04/2017 07:00 - 15/04/2017 08:00","BZN|BG","3894.00","3879.00"
"15/04/2017 08:00 - 15/04/2017 09:00","BZN|BG","4086.00","4087.00"
"15/04/2017 09:00 - 15/04/2017 10:00","BZN|BG","4044.00","4134.00"
"15/04/2017 10:00 - 15/04/2017 11:00","BZN|BG","3963.00","4108.00"
"15/04/2017 11:00 - 15/04/2017 12:00","BZN|BG","3907.00","4070.00"
"15/04/2017 12:00 - 15/04/2017 13:00","BZN|BG","3820.00","3953.00"
"15/04/2017 13:00 - 15/04/2017 14:00","BZN|BG","3706.00","3881.00"
"15/04/2017 14:00 - 15/04/2017 15:00","BZN|BG","3673.00","3861.00"
"15/04/2017 15:00 - 15/04/2017 16:00","BZN|BG","3681.00","3853.00"
"15/04/2017 16:00 - 15/04/2017 17:00","BZN|BG","3732.00","3880.00"
"15/04/2017 17:00 - 15/04/2017 18:00","BZN|BG","3808.00","3959.00"
"15/04/2017 18:00 - 15/04/2017 19:00","BZN|BG","3950.00","4079.00"
"15/04/2017 19:00 - 15/04/2017 20:00","BZN|BG","4231.00","4294.00"
"15/04/2017 20:00 - 15/04/2017 21:00","BZN|BG","4120.00","4315.00"
"15/04/2017 21:00 - 15/04/2017 22:00","BZN|BG","3862.00","4082.00"
"15/04/2017 22:00 - 15/04/2017 23:00","BZN|BG","3633.00","3794.00"
"15/04/2017 23:00 - 16/04/2017 00:00","BZN|BG","3285.00","3403.00"
"16/04/2017 00:00 - 16/04/2017 01:00","BZN|BG","3031.00","3171.00"
"16/04/2017 01:00 - 16/04/2017 02:00","BZN|BG","2863.00","3023.00"
"16/04/2017 02:00 - 16/04/2017 03:00","BZN|BG","2788.00","2950.00"
"16/04/2017 03:00 - 16/04/2017 04:00","BZN|BG","2769.00","2920.00"
"16/04/2017 04:00 - 16/04/2017 05:00","BZN|BG","2815.00","2976.00"
"16/04/2017 05:00 - 16/04/2017 06:00","BZN|BG","2903.00","3039.00"
"16/04/2017 06:00 - 16/04/2017 07:00","BZN|BG","3156.00","3261.00"
"16/04/2017 07:00 - 16/04/2017 08:00","BZN|BG","3569.00","3632.00"
"16/04/2017 08:00 - 16/04/2017 09:00","BZN|BG","3883.00","3896.00"
"16/04/2017 09:00 - 16/04/2017 10:00","BZN|BG","4000.00","3957.00"
"16/04/2017 10:00 - 16/04/2017 11:00","BZN|BG","3963.00","3911.00"
"16/04/2017 11:00 - 16/04/2017 12:00","BZN|BG","3751.00","3704.00"
"16/04/2017 12:00 - 16/04/2017 13:00","BZN|BG","3437.00","3423.00"
"16/04/2017 13:00 - 16/04/2017 14:00","BZN|BG","3254.00","3208.00"
"16/04/2017 14:00 - 16/04/2017 15:00","BZN|BG","3197.00","3164.00"
"16/04/2017 15:00 - 16/04/2017 16:00","BZN|BG","3213.00","3171.00"
"16/04/2017 16:00 - 16/04/2017 17:00","BZN|BG","3291.00","3238.00"
"16/04/2017 17:00 - 16/04/2017 18:00","BZN|BG","3429.00","3351.00"
"16/04/2017 18:00 - 16/04/2017 19:00","BZN|BG","3647.00","3521.00"
"16/04/2017 19:00 - 16/04/2017 20:00","BZN|BG","3848.00","3799.00"
"16/04/2017 20:00 - 16/04/2017 21:00","BZN|BG","3755.00","3850.00"
"16/04/2017 21:00 - 16/04/2017 22:00","BZN|BG","3628.00","3728.00"
"16/04/2017 22:00 - 16/04/2017 23:00","BZN|BG","3425.00","3524.00"
"16/04/2017 23:00 - 17/04/2017 00:00","BZN|BG","3134.00","3049.00"
"17/04/2017 00:00 - 17/04/2017 01:00","BZN|BG","2906.00","2865.00"
"17/04/2017 01:00 - 17/04/2017 02:00","BZN|BG","2787.00","2723.00"
"17/04/2017 02:00 - 17/04/2017 03:00","BZN|BG","2750.00","2666.00"
"17/04/2017 03:00 - 17/04/2017 04:00","BZN|BG","2739.00","2664.00"
"17/04/2017 04:00 - 17/04/2017 05:00","BZN|BG","2789.00","2722.00"
"17/04/2017 05:00 - 17/04/2017 06:00","BZN|BG","2944.00","2800.00"
"17/04/2017 06:00 - 17/04/2017 07:00","BZN|BG","3210.00","3033.00"
"17/04/2017 07:00 - 17/04/2017 08:00","BZN|BG","3584.00","3402.00"
"17/04/2017 08:00 - 17/04/2017 09:00","BZN|BG","3923.00","3701.00"
"17/04/2017 09:00 - 17/04/2017 10:00","BZN|BG","4070.00","3792.00"
"17/04/2017 10:00 - 17/04/2017 11:00","BZN|BG","4116.00","3817.00"
"17/04/2017 11:00 - 17/04/2017 12:00","BZN|BG","4121.00","3775.00"
"17/04/2017 12:00 - 17/04/2017 13:00","BZN|BG","4048.00","3701.00"
"17/04/2017 13:00 - 17/04/2017 14:00","BZN|BG","4008.00","3643.00"
"17/04/2017 14:00 - 17/04/2017 15:00","BZN|BG","4012.00","3599.00"
"17/04/2017 15:00 - 17/04/2017 16:00","BZN|BG","4095.00","3692.00"
"17/04/2017 16:00 - 17/04/2017 17:00","BZN|BG","4223.00","3831.00"
"17/04/2017 17:00 - 17/04/2017 18:00","BZN|BG","4408.00","4057.00"
"17/04/2017 18:00 - 17/04/2017 19:00","BZN|BG","4635.00","4324.00"
"17/04/2017 19:00 - 17/04/2017 20:00","BZN|BG","4709.00","4500.00"
"17/04/2017 20:00 - 17/04/2017 21:00","BZN|BG","4542.00","4417.00"
"17/04/2017 21:00 - 17/04/2017 22:00","BZN|BG","4278.00","4176.00"
"17/04/2017 22:00 - 17/04/2017 23:00","BZN|BG","4016.00","3758.00"
"17/04/2017 23:00 - 18/04/2017 00:00","BZN|BG","3598.00","3335.00"
"18/04/2017 00:00 - 18/04/2017 01:00","BZN|BG","3300.00","3025.00"
"18/04/2017 01:00 - 18/04/2017 02:00","BZN|BG","3210.00","2885.00"
"18/04/2017 02:00 - 18/04/2017 03:00","BZN|BG","3158.00","2860.00"
"18/04/2017 03:00 - 18/04/2017 04:00","BZN|BG","3188.00","2874.00"
"18/04/2017 04:00 - 18/04/2017 05:00","BZN|BG","3356.00","3043.00"
"18/04/2017 05:00 - 18/04/2017 06:00","BZN|BG","3863.00","3550.00"
"18/04/2017 06:00 - 18/04/2017 07:00","BZN|BG","4425.00","4122.00"
"18/04/2017 07:00 - 18/04/2017 08:00","BZN|BG","4811.00","4568.00"
"18/04/2017 08:00 - 18/04/2017 09:00","BZN|BG","4979.00","4737.00"
"18/04/2017 09:00 - 18/04/2017 10:00","BZN|BG","4856.00","4724.00"
"18/04/2017 10:00 - 18/04/2017 11:00","BZN|BG","4752.00","4673.00"
"18/04/2017 11:00 - 18/04/2017 12:00","BZN|BG","4618.00","4612.00"
"18/04/2017 12:00 - 18/04/2017 13:00","BZN|BG","4595.00","4534.00"
"18/04/2017 13:00 - 18/04/2017 14:00","BZN|BG","4555.00","4436.00"
"18/04/2017 14:00 - 18/04/2017 15:00","BZN|BG","4502.00","4416.00"
"18/04/2017 15:00 - 18/04/2017 16:00","BZN|BG","4433.00","4411.00"
"18/04/2017 16:00 - 18/04/2017 17:00","BZN|BG","4329.00","4303.00"
"18/04/2017 17:00 - 18/04/2017 18:00","BZN|BG","4457.00","4570.00"
"18/04/2017 18:00 - 18/04/2017 19:00","BZN|BG","4773.00","4729.00"
"18/04/2017 19:00 - 18/04/2017 20:00","BZN|BG","5023.00","4800.00"
"18/04/2017 20:00 - 18/04/2017 21:00","BZN|BG","4998.00","4794.00"
"18/04/2017 21:00 - 18/04/2017 22:00","BZN|BG","4708.00","4475.00"
"18/04/2017 22:00 - 18/04/2017 23:00","BZN|BG","4384.00","4160.00"
"18/04/2017 23:00 - 19/04/2017 00:00","BZN|BG","3940.00","4174.00"
"19/04/2017 00:00 - 19/04/2017 01:00","BZN|BG","3627.00","3766.00"
"19/04/2017 01:00 - 19/04/2017 02:00","BZN|BG","3528.00","3591.00"
"19/04/2017 02:00 - 19/04/2017 03:00","BZN|BG","3453.00","3520.00"
"19/04/2017 03:00 - 19/04/2017 04:00","BZN|BG","3487.00","3543.00"
"19/04/2017 04:00 - 19/04/2017 05:00","BZN|BG","3617.00","3695.00"
"19/04/2017 05:00 - 19/04/2017 06:00","BZN|BG","4051.00","4096.00"
"19/04/2017 06:00 - 19/04/2017 07:00","BZN|BG","4518.00","4547.00"
"19/04/2017 07:00 - 19/04/2017 08:00","BZN|BG","4887.00","4916.00"
"19/04/2017 08:00 - 19/04/2017 09:00","BZN|BG","5047.00","4962.00"
"19/04/2017 09:00 - 19/04/2017 10:00","BZN|BG","4869.00","4789.00"
"19/04/2017 10:00 - 19/04/2017 11:00","BZN|BG","4783.00","4703.00"
"19/04/2017 11:00 - 19/04/2017 12:00","BZN|BG","4687.00","4591.00"
"19/04/2017 12:00 - 19/04/2017 13:00","BZN|BG","4697.00","4598.00"
"19/04/2017 13:00 - 19/04/2017 14:00","BZN|BG","4676.00","4580.00"
"19/04/2017 14:00 - 19/04/2017 15:00","BZN|BG","4736.00","4567.00"
"19/04/2017 15:00 - 19/04/2017 16:00","BZN|BG","4810.00","4554.00"
"19/04/2017 16:00 - 19/04/2017 17:00","BZN|BG","4854.00","4543.00"
"19/04/2017 17:00 - 19/04/2017 18:00","BZN|BG","5109.00","4707.00"
"19/04/2017 18:00 - 19/04/2017 19:00","BZN|BG","5339.00","4953.00"
"19/04/2017 19:00 - 19/04/2017 20:00","BZN|BG","5427.00","5285.00"
"19/04/2017 20:00 - 19/04/2017 21:00","BZN|BG","5264.00","5226.00"
"19/04/2017 21:00 - 19/04/2017 22:00","BZN|BG","4949.00","4958.00"
"19/04/2017 22:00 - 19/04/2017 23:00","BZN|BG","4549.00","4626.00"
"19/04/2017 23:00 - 20/04/2017 00:00","BZN|BG","4118.00","3981.00"
"20/04/2017 00:00 - 20/04/2017 01:00","BZN|BG","3838.00","3684.00"
"20/04/2017 01:00 - 20/04/2017 02:00","BZN|BG","3726.00","3567.00"
"20/04/2017 02:00 - 20/04/2017 03:00","BZN|BG","3617.00","3515.00"
"20/04/2017 03:00 - 20/04/2017 04:00","BZN|BG","3630.00","3541.00"
"20/04/2017 04:00 - 20/04/2017 05:00","BZN|BG","3811.00","3710.00"
"20/04/2017 05:00 - 20/04/2017 06:00","BZN|BG","4236.00","4162.00"
"20/04/2017 06:00 - 20/04/2017 07:00","BZN|BG","4781.00","4672.00"
"20/04/2017 07:00 - 20/04/2017 08:00","BZN|BG","5214.00","5066.00"
"20/04/2017 08:00 - 20/04/2017 09:00","BZN|BG","5424.00","5149.00"
"20/04/2017 09:00 - 20/04/2017 10:00","BZN|BG","5362.00","4985.00"
"20/04/2017 10:00 - 20/04/2017 11:00","BZN|BG","5329.00","4897.00"
"20/04/2017 11:00 - 20/04/2017 12:00","BZN|BG","5211.00","4778.00"
"20/04/2017 12:00 - 20/04/2017 13:00","BZN|BG","5157.00","4784.00"
"20/04/2017 13:00 - 20/04/2017 14:00","BZN|BG","5116.00","4761.00"
"20/04/2017 14:00 - 20/04/2017 15:00","BZN|BG","5052.00","4738.00"
"20/04/2017 15:00 - 20/04/2017 16:00","BZN|BG","5005.00","4715.00"
"20/04/2017 16:00 - 20/04/2017 17:00","BZN|BG","4990.00","4688.00"
"20/04/2017 17:00 - 20/04/2017 18:00","BZN|BG","5205.00","4815.00"
"20/04/2017 18:00 - 20/04/2017 19:00","BZN|BG","5427.00","5024.00"
"20/04/2017 19:00 - 20/04/2017 20:00","BZN|BG","5556.00","5275.00"
"20/04/2017 20:00 - 20/04/2017 21:00","BZN|BG","5488.00","5210.00"
"20/04/2017 21:00 - 20/04/2017 22:00","BZN|BG","5180.00","4868.00"
"20/04/2017 22:00 - 20/04/2017 23:00","BZN|BG","4801.00","4448.00"
"20/04/2017 23:00 - 21/04/2017 00:00","BZN|BG","4325.00","4186.00"
"21/04/2017 00:00 - 21/04/2017 01:00","BZN|BG","4000.00","3920.00"
"21/04/2017 01:00 - 21/04/2017 02:00","BZN|BG","3856.00","3811.00"
"21/04/2017 02:00 - 21/04/2017 03:00","BZN|BG","3813.00","3761.00"
"21/04/2017 03:00 - 21/04/2017 04:00","BZN|BG","3810.00","3789.00"
"21/04/2017 04:00 - 21/04/2017 05:00","BZN|BG","3966.00","3945.00"
"21/04/2017 05:00 - 21/04/2017 06:00","BZN|BG","4471.00","4405.00"
"21/04/2017 06:00 - 21/04/2017 07:00","BZN|BG","4973.00","4925.00"
"21/04/2017 07:00 - 21/04/2017 08:00","BZN|BG","5335.00","5333.00"
"21/04/2017 08:00 - 21/04/2017 09:00","BZN|BG","5432.00","5440.00"
"21/04/2017 09:00 - 21/04/2017 10:00","BZN|BG","5291.00","5292.00"
"21/04/2017 10:00 - 21/04/2017 11:00","BZN|BG","5230.00","5199.00"
"21/04/2017 11:00 - 21/04/2017 12:00","BZN|BG","5196.00","5088.00"
"21/04/2017 12:00 - 21/04/2017 13:00","BZN|BG","5214.00","5071.00"
"21/04/2017 13:00 - 21/04/2017 14:00","BZN|BG","5194.00","5046.00"
"21/04/2017 14:00 - 21/04/2017 15:00","BZN|BG","5168.00","5023.00"
"21/04/2017 15:00 - 21/04/2017 16:00","BZN|BG","5108.00","5007.00"
"21/04/2017 16:00 - 21/04/2017 17:00","BZN|BG","5099.00","5000.00"
"21/04/2017 17:00 - 21/04/2017 18:00","BZN|BG","5262.00","5178.00"
"21/04/2017 18:00 - 21/04/2017 19:00","BZN|BG","5422.00","5443.00"
"21/04/2017 19:00 - 21/04/2017 20:00","BZN|BG","5520.00","5711.00"
"21/04/2017 20:00 - 21/04/2017 21:00","BZN|BG","5422.00","5601.00"
"21/04/2017 21:00 - 21/04/2017 22:00","BZN|BG","5139.00","5211.00"
"21/04/2017 22:00 - 21/04/2017 23:00","BZN|BG","4841.00","4744.00"
"21/04/2017 23:00 - 22/04/2017 00:00","BZN|BG","4405.00","4307.00"
"22/04/2017 00:00 - 22/04/2017 01:00","BZN|BG","4085.00","4037.00"
"22/04/2017 01:00 - 22/04/2017 02:00","BZN|BG","4065.00","3926.00"
"22/04/2017 02:00 - 22/04/2017 03:00","BZN|BG","3887.00","3875.00"
"22/04/2017 03:00 - 22/04/2017 04:00","BZN|BG","3921.00","3863.00"
"22/04/2017 04:00 - 22/04/2017 05:00","BZN|BG","3981.00","3916.00"
"22/04/2017 05:00 - 22/04/2017 06:00","BZN|BG","4120.00","4032.00"
"22/04/2017 06:00 - 22/04/2017 07:00","BZN|BG","4397.00","4434.00"
"22/04/2017 07:00 - 22/04/2017 08:00","BZN|BG","4764.00","4891.00"
"22/04/2017 08:00 - 22/04/2017 09:00","BZN|BG","4906.00","5124.00"
"22/04/2017 09:00 - 22/04/2017 10:00","BZN|BG","4857.00","5083.00"
"22/04/2017 10:00 - 22/04/2017 11:00","BZN|BG","4771.00","5005.00"
"22/04/2017 11:00 - 22/04/2017 12:00","BZN|BG","4658.00","4952.00"
"22/04/2017 12:00 - 22/04/2017 13:00","BZN|BG","4646.00","4868.00"
"22/04/2017 13:00 - 22/04/2017 14:00","BZN|BG","4536.00","4758.00"
"22/04/2017 14:00 - 22/04/2017 15:00","BZN|BG","4473.00","4727.00"
"22/04/2017 15:00 - 22/04/2017 16:00","BZN|BG","4450.00","4736.00"
"22/04/2017 16:00 - 22/04/2017 17:00","BZN|BG","4512.00","4791.00"
"22/04/2017 17:00 - 22/04/2017 18:00","BZN|BG","4715.00","4874.00"
"22/04/2017 18:00 - 22/04/2017 19:00","BZN|BG","4904.00","5030.00"
"22/04/2017 19:00 - 22/04/2017 20:00","BZN|BG","5068.00","5337.00"
"22/04/2017 20:00 - 22/04/2017 21:00","BZN|BG","4968.00","5219.00"
"22/04/2017 21:00 - 22/04/2017 22:00","BZN|BG","4727.00","4945.00"
"22/04/2017 22:00 - 22/04/2017 23:00","BZN|BG","4475.00","4702.00"
"22/04/2017 23:00 - 23/04/2017 00:00","BZN|BG","4122.00","4123.00"
"23/04/2017 00:00 - 23/04/2017 01:00","BZN|BG","3843.00","3897.00"
"23/04/2017 01:00 - 23/04/2017 02:00","BZN|BG","3673.00","3748.00"
"23/04/2017 02:00 - 23/04/2017 03:00","BZN|BG","3574.00","3680.00"
"23/04/2017 03:00 - 23/04/2017 04:00","BZN|BG","3577.00","3664.00"
"23/04/2017 04:00 - 23/04/2017 05:00","BZN|BG","3627.00","3694.00"
"23/04/2017 05:00 - 23/04/2017 06:00","BZN|BG","3698.00","3753.00"
"23/04/2017 06:00 - 23/04/2017 07:00","BZN|BG","3911.00","3922.00"
"23/04/2017 07:00 - 23/04/2017 08:00","BZN|BG","4284.00","4198.00"
"23/04/2017 08:00 - 23/04/2017 09:00","BZN|BG","4527.00","4408.00"
"23/04/2017 09:00 - 23/04/2017 10:00","BZN|BG","4521.00","4485.00"
"23/04/2017 10:00 - 23/04/2017 11:00","BZN|BG","4444.00","4478.00"
"23/04/2017 11:00 - 23/04/2017 12:00","BZN|BG","4394.00","4433.00"
"23/04/2017 12:00 - 23/04/2017 13:00","BZN|BG","4360.00","4367.00"
"23/04/2017 13:00 - 23/04/2017 14:00","BZN|BG","4285.00","4329.00"
"23/04/2017 14:00 - 23/04/2017 15:00","BZN|BG","4313.00","4317.00"
"23/04/2017 15:00 - 23/04/2017 16:00","BZN|BG","4450.00","4336.00"
"23/04/2017 16:00 - 23/04/2017 17:00","BZN|BG","4686.00","4428.00"
"23/04/2017 17:00 - 23/04/2017 18:00","BZN|BG","4878.00","4589.00"
"23/04/2017 18:00 - 23/04/2017 19:00","BZN|BG","5082.00","4844.00"
"23/04/2017 19:00 - 23/04/2017 20:00","BZN|BG","5180.00","5080.00"
"23/04/2017 20:00 - 23/04/2017 21:00","BZN|BG","5049.00","4943.00"
"23/04/2017 21:00 - 23/04/2017 22:00","BZN|BG","4774.00","4760.00"
"23/04/2017 22:00 - 23/04/2017 23:00","BZN|BG","4339.00","4463.00"
"23/04/2017 23:00 - 24/04/2017 00:00","BZN|BG","3883.00","4011.00"
"24/04/2017 00:00 - 24/04/2017 01:00","BZN|BG","3622.00","3760.00"
"24/04/2017 01:00 - 24/04/2017 02:00","BZN|BG","3521.00","3630.00"
"24/04/2017 02:00 - 24/04/2017 03:00","BZN|BG","3505.00","3589.00"
"24/04/2017 03:00 - 24/04/2017 04:00","BZN|BG","3566.00","3578.00"
"24/04/2017 04:00 - 24/04/2017 05:00","BZN|BG","3749.00","3627.00"
"24/04/2017 05:00 - 24/04/2017 06:00","BZN|BG","4252.00","3783.00"
"24/04/2017 06:00 - 24/04/2017 07:00","BZN|BG","4720.00","4050.00"
"24/04/2017 07:00 - 24/04/2017 08:00","BZN|BG","4998.00","4425.00"
"24/04/2017 08:00 - 24/04/2017 09:00","BZN|BG","5013.00","4765.00"
"24/04/2017 09:00 - 24/04/2017 10:00","BZN|BG","4832.00","4912.00"
"24/04/2017 10:00 - 24/04/2017 11:00","BZN|BG","4697.00","4959.00"
"24/04/2017 11:00 - 24/04/2017 12:00","BZN|BG","4565.00","4963.00"
"24/04/2017 12:00 - 24/04/2017 13:00","BZN|BG","4537.00","4552.00"
"24/04/2017 13:00 - 24/04/2017 14:00","BZN|BG","4514.00","4326.00"
"24/04/2017 14:00 - 24/04/2017 15:00","BZN|BG","4481.00","4332.00"
"24/04/2017 15:00 - 24/04/2017 16:00","BZN|BG","4406.00","4437.00"
"24/04/2017 16:00 - 24/04/2017 17:00","BZN|BG","4345.00","4601.00"
"24/04/2017 17:00 - 24/04/2017 18:00","BZN|BG","4507.00","4838.00"
"24/04/2017 18:00 - 24/04/2017 19:00","BZN|BG","4764.00","5129.00"
"24/04/2017 19:00 - 24/04/2017 20:00","BZN|BG","5093.00","5224.00"
"24/04/2017 20:00 - 24/04/2017 21:00","BZN|BG","5079.00","5041.00"
"24/04/2017 21:00 - 24/04/2017 22:00","BZN|BG","4813.00","4752.00"
"24/04/2017 22:00 - 24/04/2017 23:00","BZN|BG","4480.00","4466.00"
"24/04/2017 23:00 - 25/04/2017 00:00","BZN|BG","4022.00","4040.00"
"25/04/2017 00:00 - 25/04/2017 01:00","BZN|BG","3754.00","3747.00"
"25/04/2017 01:00 - 25/04/2017 02:00","BZN|BG","3625.00","3640.00"
"25/04/2017 02:00 - 25/04/2017 03:00","BZN|BG","3573.00","3576.00"
"25/04/2017 03:00 - 25/04/2017 04:00","BZN|BG","3607.00","3589.00"
"25/04/2017 04:00 - 25/04/2017 05:00","BZN|BG","3773.00","3689.00"
"25/04/2017 05:00 - 25/04/2017 06:00","BZN|BG","4225.00","3980.00"
"25/04/2017 06:00 - 25/04/2017 07:00","BZN|BG","4630.00","4327.00"
"25/04/2017 07:00 - 25/04/2017 08:00","BZN|BG","4853.00","4601.00"
"25/04/2017 08:00 - 25/04/2017 09:00","BZN|BG","4838.00","4714.00"
"25/04/2017 09:00 - 25/04/2017 10:00","BZN|BG","4584.00","4630.00"
"25/04/2017 10:00 - 25/04/2017 11:00","BZN|BG","4433.00","4589.00"
"25/04/2017 11:00 - 25/04/2017 12:00","BZN|BG","4331.00","4530.00"
"25/04/2017 12:00 - 25/04/2017 13:00","BZN|BG","4327.00","4513.00"
"25/04/2017 13:00 - 25/04/2017 14:00","BZN|BG","4302.00","4492.00"
"25/04/2017 14:00 - 25/04/2017 15:00","BZN|BG","4283.00","4480.00"
"25/04/2017 15:00 - 25/04/2017 16:00","BZN|BG","4227.00","4469.00"
"25/04/2017 16:00 - 25/04/2017 17:00","BZN|BG","4198.00","4476.00"
"25/04/2017 17:00 - 25/04/2017 18:00","BZN|BG","4369.00","4684.00"
"25/04/2017 18:00 - 25/04/2017 19:00","BZN|BG","4625.00","4956.00"
"25/04/2017 19:00 - 25/04/2017 20:00","BZN|BG","4976.00","5148.00"
"25/04/2017 20:00 - 25/04/2017 21:00","BZN|BG","5046.00","5055.00"
"25/04/2017 21:00 - 25/04/2017 22:00","BZN|BG","4731.00","4729.00"
"25/04/2017 22:00 - 25/04/2017 23:00","BZN|BG","4365.00","4357.00"
"25/04/2017 23:00 - 26/04/2017 00:00","BZN|BG","3874.00","4032.00"
"26/04/2017 00:00 - 26/04/2017 01:00","BZN|BG","3609.00","3745.00"
"26/04/2017 01:00 - 26/04/2017 02:00","BZN|BG","3495.00","3647.00"
"26/04/2017 02:00 - 26/04/2017 03:00","BZN|BG","3459.00","3581.00"
"26/04/2017 03:00 - 26/04/2017 04:00","BZN|BG","3446.00","3599.00"
"26/04/2017 04:00 - 26/04/2017 05:00","BZN|BG","3609.00","3720.00"
"26/04/2017 05:00 - 26/04/2017 06:00","BZN|BG","4009.00","4069.00"
"26/04/2017 06:00 - 26/04/2017 07:00","BZN|BG","4411.00","4460.00"
"26/04/2017 07:00 - 26/04/2017 08:00","BZN|BG","4584.00","4748.00"
"26/04/2017 08:00 - 26/04/2017 09:00","BZN|BG","4567.00","4868.00"
"26/04/2017 09:00 - 26/04/2017 10:00","BZN|BG","4350.00","4646.00"
"26/04/2017 10:00 - 26/04/2017 11:00","BZN|BG","4240.00","4547.00"
"26/04/2017 11:00 - 26/04/2017 12:00","BZN|BG","4120.00","4396.00"
"26/04/2017 12:00 - 26/04/2017 13:00","BZN|BG","4119.00","4369.00"
"26/04/2017 13:00 - 26/04/2017 14:00","BZN|BG","4060.00","4304.00"
"26/04/2017 14:00 - 26/04/2017 15:00","BZN|BG","4042.00","4284.00"
"26/04/2017 15:00 - 26/04/2017 16:00","BZN|BG","4081.00","4258.00"
"26/04/2017 16:00 - 26/04/2017 17:00","BZN|BG","4058.00","4226.00"
"26/04/2017 17:00 - 26/04/2017 18:00","BZN|BG","4231.00","4517.00"
"26/04/2017 18:00 - 26/04/2017 19:00","BZN|BG","4449.00","4866.00"
"26/04/2017 19:00 - 26/04/2017 20:00","BZN|BG","4765.00","5072.00"
"26/04/2017 20:00 - 26/04/2017 21:00","BZN|BG","4800.00","4991.00"
"26/04/2017 21:00 - 26/04/2017 22:00","BZN|BG","4536.00","4722.00"
"26/04/2017 22:00 - 26/04/2017 23:00","BZN|BG","4162.00","4410.00"
"26/04/2017 23:00 - 27/04/2017 00:00","BZN|BG","3761.00","3776.00"
"27/04/2017 00:00 - 27/04/2017 01:00","BZN|BG","3463.00","3506.00"
"27/04/2017 01:00 - 27/04/2017 02:00","BZN|BG","3316.00","3408.00"
"27/04/2017 02:00 - 27/04/2017 03:00","BZN|BG","3302.00","3350.00"
"27/04/2017 03:00 - 27/04/2017 04:00","BZN|BG","3326.00","3369.00"
"27/04/2017 04:00 - 27/04/2017 05:00","BZN|BG","3458.00","3487.00"
"27/04/2017 05:00 - 27/04/2017 06:00","BZN|BG","3850.00","3816.00"
"27/04/2017 06:00 - 27/04/2017 07:00","BZN|BG","4251.00","4170.00"
"27/04/2017 07:00 - 27/04/2017 08:00","BZN|BG","4424.00","4417.00"
"27/04/2017 08:00 - 27/04/2017 09:00","BZN|BG","4471.00","4506.00"
"27/04/2017 09:00 - 27/04/2017 10:00","BZN|BG","4308.00","4267.00"
"27/04/2017 10:00 - 27/04/2017 11:00","BZN|BG","4224.00","4155.00"
"27/04/2017 11:00 - 27/04/2017 12:00","BZN|BG","4142.00","4008.00"
"27/04/2017 12:00 - 27/04/2017 13:00","BZN|BG","4200.00","3982.00"
"27/04/2017 13:00 - 27/04/2017 14:00","BZN|BG","4200.00","3930.00"
"27/04/2017 14:00 - 27/04/2017 15:00","BZN|BG","4194.00","3913.00"
"27/04/2017 15:00 - 27/04/2017 16:00","BZN|BG","4138.00","3886.00"
"27/04/2017 16:00 - 27/04/2017 17:00","BZN|BG","4100.00","3862.00"
"27/04/2017 17:00 - 27/04/2017 18:00","BZN|BG","4221.00","4144.00"
"27/04/2017 18:00 - 27/04/2017 19:00","BZN|BG","4455.00","4495.00"
"27/04/2017 19:00 - 27/04/2017 20:00","BZN|BG","4685.00","4741.00"
"27/04/2017 20:00 - 27/04/2017 21:00","BZN|BG","4742.00","4680.00"
"27/04/2017 21:00 - 27/04/2017 22:00","BZN|BG","4490.00","4393.00"
"27/04/2017 22:00 - 27/04/2017 23:00","BZN|BG","4139.00","4059.00"
"27/04/2017 23:00 - 28/04/2017 00:00","BZN|BG","3532.00","3694.00"
"28/04/2017 00:00 - 28/04/2017 01:00","BZN|BG","3244.00","3428.00"
"28/04/2017 01:00 - 28/04/2017 02:00","BZN|BG","3137.00","3332.00"
"28/04/2017 02:00 - 28/04/2017 03:00","BZN|BG","3078.00","3281.00"
"28/04/2017 03:00 - 28/04/2017 04:00","BZN|BG","3097.00","3298.00"
"28/04/2017 04:00 - 28/04/2017 05:00","BZN|BG","3244.00","3421.00"
"28/04/2017 05:00 - 28/04/2017 06:00","BZN|BG","3619.00","3747.00"
"28/04/2017 06:00 - 28/04/2017 07:00","BZN|BG","3975.00","4098.00"
"28/04/2017 07:00 - 28/04/2017 08:00","BZN|BG","4056.00","4325.00"
"28/04/2017 08:00 - 28/04/2017 09:00","BZN|BG","3979.00","4394.00"
"28/04/2017 09:00 - 28/04/2017 10:00","BZN|BG","3716.00","4179.00"
"28/04/2017 10:00 - 28/04/2017 11:00","BZN|BG","3581.00","4076.00"
"28/04/2017 11:00 - 28/04/2017 12:00","BZN|BG","3481.00","3948.00"
"28/04/2017 12:00 - 28/04/2017 13:00","BZN|BG","3528.00","3929.00"
"28/04/2017 13:00 - 28/04/2017 14:00","BZN|BG","3513.00","3886.00"
"28/04/2017 14:00 - 28/04/2017 15:00","BZN|BG","3547.00","3872.00"
"28/04/2017 15:00 - 28/04/2017 16:00","BZN|BG","3604.00","3865.00"
"28/04/2017 16:00 - 28/04/2017 17:00","BZN|BG","3691.00","3854.00"
"28/04/2017 17:00 - 28/04/2017 18:00","BZN|BG","3927.00","4099.00"
"28/04/2017 18:00 - 28/04/2017 19:00","BZN|BG","4073.00","4397.00"
"28/04/2017 19:00 - 28/04/2017 20:00","BZN|BG","4236.00","4629.00"
"28/04/2017 20:00 - 28/04/2017 21:00","BZN|BG","4205.00","4576.00"
"28/04/2017 21:00 - 28/04/2017 22:00","BZN|BG","3897.00","4291.00"
"28/04/2017 22:00 - 28/04/2017 23:00","BZN|BG","3642.00","3952.00"
"28/04/2017 23:00 - 29/04/2017 00:00","BZN|BG","3647.00","3590.00"
"29/04/2017 00:00 - 29/04/2017 01:00","BZN|BG","3352.00","3312.00"
"29/04/2017 01:00 - 29/04/2017 02:00","BZN|BG","3210.00","3207.00"
"29/04/2017 02:00 - 29/04/2017 03:00","BZN|BG","3139.00","3151.00"
"29/04/2017 03:00 - 29/04/2017 04:00","BZN|BG","3137.00","3169.00"
"29/04/2017 04:00 - 29/04/2017 05:00","BZN|BG","3166.00","3240.00"
"29/04/2017 05:00 - 29/04/2017 06:00","BZN|BG","3296.00","3385.00"
"29/04/2017 06:00 - 29/04/2017 07:00","BZN|BG","3556.00","3662.00"
"29/04/2017 07:00 - 29/04/2017 08:00","BZN|BG","3892.00","4025.00"
"29/04/2017 08:00 - 29/04/2017 09:00","BZN|BG","4067.00","4164.00"
"29/04/2017 09:00 - 29/04/2017 10:00","BZN|BG","4006.00","4107.00"
"29/04/2017 10:00 - 29/04/2017 11:00","BZN|BG","3959.00","4079.00"
"29/04/2017 11:00 - 29/04/2017 12:00","BZN|BG","3914.00","3997.00"
"29/04/2017 12:00 - 29/04/2017 13:00","BZN|BG","3894.00","3988.00"
"29/04/2017 13:00 - 29/04/2017 14:00","BZN|BG","3803.00","3904.00"
"29/04/2017 14:00 - 29/04/2017 15:00","BZN|BG","3784.00","3851.00"
"29/04/2017 15:00 - 29/04/2017 16:00","BZN|BG","3821.00","3846.00"
"29/04/2017 16:00 - 29/04/2017 17:00","BZN|BG","3862.00","3898.00"
"29/04/2017 17:00 - 29/04/2017 18:00","BZN|BG","4002.00","4077.00"
"29/04/2017 18:00 - 29/04/2017 19:00","BZN|BG","4150.00","4216.00"
"29/04/2017 19:00 - 29/04/2017 20:00","BZN|BG","4280.00","4370.00"
"29/04/2017 20:00 - 29/04/2017 21:00","BZN|BG","4199.00","4259.00"
"29/04/2017 21:00 - 29/04/2017 22:00","BZN|BG","3998.00","4054.00"
"29/04/2017 22:00 - 29/04/2017 23:00","BZN|BG","3751.00","3829.00"
"29/04/2017 23:00 - 30/04/2017 00:00","BZN|BG","3419.00","3563.00"
"30/04/2017 00:00 - 30/04/2017 01:00","BZN|BG","3164.00","3317.00"
"30/04/2017 01:00 - 30/04/2017 02:00","BZN|BG","3028.00","3184.00"
"30/04/2017 02:00 - 30/04/2017 03:00","BZN|BG","3009.00","3104.00"
"30/04/2017 03:00 - 30/04/2017 04:00","BZN|BG","2974.00","3101.00"
"30/04/2017 04:00 - 30/04/2017 05:00","BZN|BG","2999.00","3169.00"
"30/04/2017 05:00 - 30/04/2017 06:00","BZN|BG","3052.00","3242.00"
"30/04/2017 06:00 - 30/04/2017 07:00","BZN|BG","3292.00","3493.00"
"30/04/2017 07:00 - 30/04/2017 08:00","BZN|BG","3651.00","3902.00"
"30/04/2017 08:00 - 30/04/2017 09:00","BZN|BG","3931.00","4209.00"
"30/04/2017 09:00 - 30/04/2017 10:00","BZN|BG","3955.00","4163.00"
"30/04/2017 10:00 - 30/04/2017 11:00","BZN|BG","3940.00","4082.00"
"30/04/2017 11:00 - 30/04/2017 12:00","BZN|BG","3912.00","4026.00"
"30/04/2017 12:00 - 30/04/2017 13:00","BZN|BG","3866.00","4009.00"
"30/04/2017 13:00 - 30/04/2017 14:00","BZN|BG","3784.00","3960.00"
"30/04/2017 14:00 - 30/04/2017 15:00","BZN|BG","3747.00","3983.00"
"30/04/2017 15:00 - 30/04/2017 16:00","BZN|BG","3800.00","4102.00"
"30/04/2017 16:00 - 30/04/2017 17:00","BZN|BG","3920.00","4259.00"
"30/04/2017 17:00 - 30/04/2017 18:00","BZN|BG","4051.00","4385.00"
"30/04/2017 18:00 - 30/04/2017 19:00","BZN|BG","4193.00","4510.00"
"30/04/2017 19:00 - 30/04/2017 20:00","BZN|BG","4299.00","4608.00"
"30/04/2017 20:00 - 30/04/2017 21:00","BZN|BG","4256.00","4504.00"
"30/04/2017 21:00 - 30/04/2017 22:00","BZN|BG","4034.00","4253.00"
"30/04/2017 22:00 - 30/04/2017 23:00","BZN|BG","3756.00","3913.00"
"30/04/2017 23:00 - 01/05/2017 00:00","BZN|BG","3383.00","3489.00"
"01/05/2017 00:00 - 01/05/2017 01:00","BZN|BG","3161.00","3193.00"
"01/05/2017 01:00 - 01/05/2017 02:00","BZN|BG","3026.00","3088.00"
"01/05/2017 02:00 - 01/05/2017 03:00","BZN|BG","2983.00","3083.00"
"01/05/2017 03:00 - 01/05/2017 04:00","BZN|BG","2988.00","3118.00"
"01/05/2017 04:00 - 01/05/2017 05:00","BZN|BG","3028.00","3249.00"
"01/05/2017 05:00 - 01/05/2017 06:00","BZN|BG","3097.00","3596.00"
"01/05/2017 06:00 - 01/05/2017 07:00","BZN|BG","3311.00","3914.00"
"01/05/2017 07:00 - 01/05/2017 08:00","BZN|BG","3665.00","4094.00"
"01/05/2017 08:00 - 01/05/2017 09:00","BZN|BG","3894.00","4098.00"
"01/05/2017 09:00 - 01/05/2017 10:00","BZN|BG","3895.00","4041.00"
"01/05/2017 10:00 - 01/05/2017 11:00","BZN|BG","3855.00","4005.00"
"01/05/2017 11:00 - 01/05/2017 12:00","BZN|BG","3763.00","3970.00"
"01/05/2017 12:00 - 01/05/2017 13:00","BZN|BG","3699.00","3961.00"
"01/05/2017 13:00 - 01/05/2017 14:00","BZN|BG","3589.00","3958.00"
"01/05/2017 14:00 - 01/05/2017 15:00","BZN|BG","3566.00","3958.00"
"01/05/2017 15:00 - 01/05/2017 16:00","BZN|BG","3581.00","3931.00"
"01/05/2017 16:00 - 01/05/2017 17:00","BZN|BG","3631.00","3912.00"
"01/05/2017 17:00 - 01/05/2017 18:00","BZN|BG","3771.00","4061.00"
"01/05/2017 18:00 - 01/05/2017 19:00","BZN|BG","3929.00","4314.00"
"01/05/2017 19:00 - 01/05/2017 20:00","BZN|BG","4201.00","4642.00"
"01/05/2017 20:00 - 01/05/2017 21:00","BZN|BG","4313.00","4633.00"
"01/05/2017 21:00 - 01/05/2017 22:00","BZN|BG","4103.00","4324.00"
"01/05/2017 22:00 - 01/05/2017 23:00","BZN|BG","3792.00","3928.00"
"01/05/2017 23:00 - 02/05/2017 00:00","BZN|BG","3376.00","3629.00"
"02/05/2017 00:00 - 02/05/2017 01:00","BZN|BG","3106.00","3365.00"
"02/05/2017 01:00 - 02/05/2017 02:00","BZN|BG","2996.00","3260.00"
"02/05/2017 02:00 - 02/05/2017 03:00","BZN|BG","2944.00","3215.00"
"02/05/2017 03:00 - 02/05/2017 04:00","BZN|BG","2973.00","3230.00"
"02/05/2017 04:00 - 02/05/2017 05:00","BZN|BG","3122.00","3349.00"
"02/05/2017 05:00 - 02/05/2017 06:00","BZN|BG","3541.00","3654.00"
"02/05/2017 06:00 - 02/05/2017 07:00","BZN|BG","3955.00","3971.00"
"02/05/2017 07:00 - 02/05/2017 08:00","BZN|BG","4160.00","4145.00"
"02/05/2017 08:00 - 02/05/2017 09:00","BZN|BG","4220.00","4178.00"
"02/05/2017 09:00 - 02/05/2017 10:00","BZN|BG","4096.00","4104.00"
"02/05/2017 10:00 - 02/05/2017 11:00","BZN|BG","4046.00","4067.00"
"02/05/2017 11:00 - 02/05/2017 12:00","BZN|BG","3943.00","4025.00"
"02/05/2017 12:00 - 02/05/2017 13:00","BZN|BG","4040.00","4031.00"
"02/05/2017 13:00 - 02/05/2017 14:00","BZN|BG","3989.00","4022.00"
"02/05/2017 14:00 - 02/05/2017 15:00","BZN|BG","3971.00","4019.00"
"02/05/2017 15:00 - 02/05/2017 16:00","BZN|BG","3945.00","4014.00"
"02/05/2017 16:00 - 02/05/2017 17:00","BZN|BG","3897.00","4013.00"
"02/05/2017 17:00 - 02/05/2017 18:00","BZN|BG","4014.00","4236.00"
"02/05/2017 18:00 - 02/05/2017 19:00","BZN|BG","4160.00","4501.00"
"02/05/2017 19:00 - 02/05/2017 20:00","BZN|BG","4323.00","4761.00"
"02/05/2017 20:00 - 02/05/2017 21:00","BZN|BG","4399.00","4714.00"
"02/05/2017 21:00 - 02/05/2017 22:00","BZN|BG","4161.00","4354.00"
"02/05/2017 22:00 - 02/05/2017 23:00","BZN|BG","3875.00","3928.00"
"02/05/2017 23:00 - 03/05/2017 00:00","BZN|BG","3466.00","3427.00"
"03/05/2017 00:00 - 03/05/2017 01:00","BZN|BG","3208.00","3178.00"
"03/05/2017 01:00 - 03/05/2017 02:00","BZN|BG","3089.00","3075.00"
"03/05/2017 02:00 - 03/05/2017 03:00","BZN|BG","3019.00","3043.00"
"03/05/2017 03:00 - 03/05/2017 04:00","BZN|BG","3057.00","3066.00"
"03/05/2017 04:00 - 03/05/2017 05:00","BZN|BG","3189.00","3232.00"
"03/05/2017 05:00 - 03/05/2017 06:00","BZN|BG","3553.00","3647.00"
"03/05/2017 06:00 - 03/05/2017 07:00","BZN|BG","3910.00","4052.00"
"03/05/2017 07:00 - 03/05/2017 08:00","BZN|BG","4136.00","4222.00"
"03/05/2017 08:00 - 03/05/2017 09:00","BZN|BG","4196.00","4222.00"
"03/05/2017 09:00 - 03/05/2017 10:00","BZN|BG","4043.00","4119.00"
"03/05/2017 10:00 - 03/05/2017 11:00","BZN|BG","4002.00","4064.00"
"03/05/2017 11:00 - 03/05/2017 12:00","BZN|BG","3920.00","4009.00"
"03/05/2017 12:00 - 03/05/2017 13:00","BZN|BG","3998.00","4019.00"
"03/05/2017 13:00 - 03/05/2017 14:00","BZN|BG","3979.00","4016.00"
"03/05/2017 14:00 - 03/05/2017 15:00","BZN|BG","3930.00","4016.00"
"03/05/2017 15:00 - 03/05/2017 16:00","BZN|BG","3959.00","4015.00"
"03/05/2017 16:00 - 03/05/2017 17:00","BZN|BG","3929.00","4017.00"
"03/05/2017 17:00 - 03/05/2017 18:00","BZN|BG","4056.00","4123.00"
"03/05/2017 18:00 - 03/05/2017 19:00","BZN|BG","4213.00","4265.00"
"03/05/2017 19:00 - 03/05/2017 20:00","BZN|BG","4376.00","4430.00"
"03/05/2017 20:00 - 03/05/2017 21:00","BZN|BG","4408.00","4416.00"
"03/05/2017 21:00 - 03/05/2017 22:00","BZN|BG","4192.00","4132.00"
"03/05/2017 22:00 - 03/05/2017 23:00","BZN|BG","4312.00","3789.00"
"03/05/2017 23:00 - 04/05/2017 00:00","BZN|BG","3432.00","3498.00"
"04/05/2017 00:00 - 04/05/2017 01:00","BZN|BG","3169.00","3207.00"
"04/05/2017 01:00 - 04/05/2017 02:00","BZN|BG","3066.00","3087.00"
"04/05/2017 02:00 - 04/05/2017 03:00","BZN|BG","3033.00","3043.00"
"04/05/2017 03:00 - 04/05/2017 04:00","BZN|BG","3051.00","3055.00"
"04/05/2017 04:00 - 04/05/2017 05:00","BZN|BG","3178.00","3214.00"
"04/05/2017 05:00 - 04/05/2017 06:00","BZN|BG","3530.00","3648.00"
"04/05/2017 06:00 - 04/05/2017 07:00","BZN|BG","3926.00","4065.00"
"04/05/2017 07:00 - 04/05/2017 08:00","BZN|BG","4150.00","4242.00"
"04/05/2017 08:00 - 04/05/2017 09:00","BZN|BG","4201.00","4236.00"
"04/05/2017 09:00 - 04/05/2017 10:00","BZN|BG","4060.00","4085.00"
"04/05/2017 10:00 - 04/05/2017 11:00","BZN|BG","4027.00","4009.00"
"04/05/2017 11:00 - 04/05/2017 12:00","BZN|BG","3929.00","3923.00"
"04/05/2017 12:00 - 04/05/2017 13:00","BZN|BG","4021.00","3953.00"
"04/05/2017 13:00 - 04/05/2017 14:00","BZN|BG","3971.00","3943.00"
"04/05/2017 14:00 - 04/05/2017 15:00","BZN|BG","4005.00","3942.00"
"04/05/2017 15:00 - 04/05/2017 16:00","BZN|BG","3950.00","3937.00"
"04/05/2017 16:00 - 04/05/2017 17:00","BZN|BG","3937.00","3933.00"
"04/05/2017 17:00 - 04/05/2017 18:00","BZN|BG","4095.00","4058.00"
"04/05/2017 18:00 - 04/05/2017 19:00","BZN|BG","4237.00","4220.00"
"04/05/2017 19:00 - 04/05/2017 20:00","BZN|BG","4349.00","4410.00"
"04/05/2017 20:00 - 04/05/2017 21:00","BZN|BG","4374.00","4413.00"
"04/05/2017 21:00 - 04/05/2017 22:00","BZN|BG","4133.00","4172.00"
"04/05/2017 22:00 - 04/05/2017 23:00","BZN|BG","3828.00","3886.00"
"04/05/2017 23:00 - 05/05/2017 00:00","BZN|BG","3352.00","3451.00"
"05/05/2017 00:00 - 05/05/2017 01:00","BZN|BG","3102.00","3174.00"
"05/05/2017 01:00 - 05/05/2017 02:00","BZN|BG","2985.00","3058.00"
"05/05/2017 02:00 - 05/05/2017 03:00","BZN|BG","2964.00","3011.00"
"05/05/2017 03:00 - 05/05/2017 04:00","BZN|BG","2996.00","3026.00"
"05/05/2017 04:00 - 05/05/2017 05:00","BZN|BG","3141.00","3174.00"
"05/05/2017 05:00 - 05/05/2017 06:00","BZN|BG","3479.00","3572.00"
"05/05/2017 06:00 - 05/05/2017 07:00","BZN|BG","3807.00","3955.00"
"05/05/2017 07:00 - 05/05/2017 08:00","BZN|BG","3919.00","4126.00"
"05/05/2017 08:00 - 05/05/2017 09:00","BZN|BG","3850.00","4127.00"
"05/05/2017 09:00 - 05/05/2017 10:00","BZN|BG","3626.00","4015.00"
"05/05/2017 10:00 - 05/05/2017 11:00","BZN|BG","3536.00","3966.00"
"05/05/2017 11:00 - 05/05/2017 12:00","BZN|BG","3475.00","3903.00"
"05/05/2017 12:00 - 05/05/2017 13:00","BZN|BG","3541.00","3931.00"
"05/05/2017 13:00 - 05/05/2017 14:00","BZN|BG","3597.00","3924.00"
"05/05/2017 14:00 - 05/05/2017 15:00","BZN|BG","3679.00","3920.00"
"05/05/2017 15:00 - 05/05/2017 16:00","BZN|BG","3776.00","3923.00"
"05/05/2017 16:00 - 05/05/2017 17:00","BZN|BG","3858.00","3917.00"
"05/05/2017 17:00 - 05/05/2017 18:00","BZN|BG","4010.00","4037.00"
"05/05/2017 18:00 - 05/05/2017 19:00","BZN|BG","4161.00","4191.00"
"05/05/2017 19:00 - 05/05/2017 20:00","BZN|BG","4226.00","4375.00"
"05/05/2017 20:00 - 05/05/2017 21:00","BZN|BG","4199.00","4381.00"
"05/05/2017 21:00 - 05/05/2017 22:00","BZN|BG","3943.00","4141.00"
"05/05/2017 22:00 - 05/05/2017 23:00","BZN|BG","3710.00","3844.00"
"05/05/2017 23:00 - 06/05/2017 00:00","BZN|BG","3429.00","3416.00"
"06/05/2017 00:00 - 06/05/2017 01:00","BZN|BG","3161.00","3161.00"
"06/05/2017 01:00 - 06/05/2017 02:00","BZN|BG","3012.00","3036.00"
"06/05/2017 02:00 - 06/05/2017 03:00","BZN|BG","2977.00","2969.00"
"06/05/2017 03:00 - 06/05/2017 04:00","BZN|BG","2983.00","2981.00"
"06/05/2017 04:00 - 06/05/2017 05:00","BZN|BG","3007.00","3027.00"
"06/05/2017 05:00 - 06/05/2017 06:00","BZN|BG","3093.00","3195.00"
"06/05/2017 06:00 - 06/05/2017 07:00","BZN|BG","3347.00","3413.00"
"06/05/2017 07:00 - 06/05/2017 08:00","BZN|BG","3740.00","3683.00"
"06/05/2017 08:00 - 06/05/2017 09:00","BZN|BG","4029.00","3828.00"
"06/05/2017 09:00 - 06/05/2017 10:00","BZN|BG","4079.00","3784.00"
"06/05/2017 10:00 - 06/05/2017 11:00","BZN|BG","4067.00","3715.00"
"06/05/2017 11:00 - 06/05/2017 12:00","BZN|BG","3914.00","3636.00"
"06/05/2017 12:00 - 06/05/2017 13:00","BZN|BG","3736.00","3629.00"
"06/05/2017 13:00 - 06/05/2017 14:00","BZN|BG","3569.00","3536.00"
"06/05/2017 14:00 - 06/05/2017 15:00","BZN|BG","3516.00","3527.00"
"06/05/2017 15:00 - 06/05/2017 16:00","BZN|BG","3522.00","3586.00"
"06/05/2017 16:00 - 06/05/2017 17:00","BZN|BG","3609.00","3651.00"
"06/05/2017 17:00 - 06/05/2017 18:00","BZN|BG","3699.00","3820.00"
"06/05/2017 18:00 - 06/05/2017 19:00","BZN|BG","3794.00","3965.00"
"06/05/2017 19:00 - 06/05/2017 20:00","BZN|BG","3841.00","4102.00"
"06/05/2017 20:00 - 06/05/2017 21:00","BZN|BG","3828.00","3990.00"
"06/05/2017 21:00 - 06/05/2017 22:00","BZN|BG","3748.00","3833.00"
"06/05/2017 22:00 - 06/05/2017 23:00","BZN|BG","3543.00","3644.00"
"06/05/2017 23:00 - 07/05/2017 00:00","BZN|BG","3310.00","3299.00"
"07/05/2017 00:00 - 07/05/2017 01:00","BZN|BG","3087.00","3029.00"
"07/05/2017 01:00 - 07/05/2017 02:00","BZN|BG","2957.00","2913.00"
"07/05/2017 02:00 - 07/05/2017 03:00","BZN|BG","2903.00","2883.00"
"07/05/2017 03:00 - 07/05/2017 04:00","BZN|BG","2901.00","2850.00"
"07/05/2017 04:00 - 07/05/2017 05:00","BZN|BG","2917.00","2876.00"
"07/05/2017 05:00 - 07/05/2017 06:00","BZN|BG","2971.00","2976.00"
"07/05/2017 06:00 - 07/05/2017 07:00","BZN|BG","3198.00","3154.00"
"07/05/2017 07:00 - 07/05/2017 08:00","BZN|BG","3516.00","3449.00"
"07/05/2017 08:00 - 07/05/2017 09:00","BZN|BG","3764.00","3659.00"
"07/05/2017 09:00 - 07/05/2017 10:00","BZN|BG","3782.00","3678.00"
"07/05/2017 10:00 - 07/05/2017 11:00","BZN|BG","3749.00","3650.00"
"07/05/2017 11:00 - 07/05/2017 12:00","BZN|BG","3722.00","3608.00"
"07/05/2017 12:00 - 07/05/2017 13:00","BZN|BG","3705.00","3581.00"
"07/05/2017 13:00 - 07/05/2017 14:00","BZN|BG","3666.00","3464.00"
"07/05/2017 14:00 - 07/05/2017 15:00","BZN|BG","3630.00","3444.00"
"07/05/2017 15:00 - 07/05/2017 16:00","BZN|BG","3684.00","3515.00"
"07/05/2017 16:00 - 07/05/2017 17:00","BZN|BG","3810.00","3708.00"
"07/05/2017 17:00 - 07/05/2017 18:00","BZN|BG","3889.00","3882.00"
"07/05/2017 18:00 - 07/05/2017 19:00","BZN|BG","3970.00","4076.00"
"07/05/2017 19:00 - 07/05/2017 20:00","BZN|BG","4017.00","4210.00"
"07/05/2017 20:00 - 07/05/2017 21:00","BZN|BG","3993.00","4104.00"
"07/05/2017 21:00 - 07/05/2017 22:00","BZN|BG","3860.00","3895.00"
"07/05/2017 22:00 - 07/05/2017 23:00","BZN|BG","3638.00","3634.00"
"07/05/2017 23:00 - 08/05/2017 00:00","BZN|BG","3324.00","3206.00"
"08/05/2017 00:00 - 08/05/2017 01:00","BZN|BG","3058.00","2973.00"
"08/05/2017 01:00 - 08/05/2017 02:00","BZN|BG","2937.00","2855.00"
"08/05/2017 02:00 - 08/05/2017 03:00","BZN|BG","2906.00","2820.00"
"08/05/2017 03:00 - 08/05/2017 04:00","BZN|BG","2897.00","2808.00"
"08/05/2017 04:00 - 08/05/2017 05:00","BZN|BG","2956.00","2877.00"
"08/05/2017 05:00 - 08/05/2017 06:00","BZN|BG","3107.00","3070.00"
"08/05/2017 06:00 - 08/05/2017 07:00","BZN|BG","3410.00","3429.00"
"08/05/2017 07:00 - 08/05/2017 08:00","BZN|BG","3798.00","3969.00"
"08/05/2017 08:00 - 08/05/2017 09:00","BZN|BG","4041.00","4310.00"
"08/05/2017 09:00 - 08/05/2017 10:00","BZN|BG","4077.00","4291.00"
"08/05/2017 10:00 - 08/05/2017 11:00","BZN|BG","4103.00","4190.00"
"08/05/2017 11:00 - 08/05/2017 12:00","BZN|BG","4094.00","4040.00"
"08/05/2017 12:00 - 08/05/2017 13:00","BZN|BG","4089.00","3959.00"
"08/05/2017 13:00 - 08/05/2017 14:00","BZN|BG","4004.00","3778.00"
"08/05/2017 14:00 - 08/05/2017 15:00","BZN|BG","3966.00","3787.00"
"08/05/2017 15:00 - 08/05/2017 16:00","BZN|BG","3952.00","3811.00"
"08/05/2017 16:00 - 08/05/2017 17:00","BZN|BG","3986.00","3850.00"
"08/05/2017 17:00 - 08/05/2017 18:00","BZN|BG","4070.00","3913.00"
"08/05/2017 18:00 - 08/05/2017 19:00","BZN|BG","4217.00","3971.00"
"08/05/2017 19:00 - 08/05/2017 20:00","BZN|BG","4314.00","4075.00"
"08/05/2017 20:00 - 08/05/2017 21:00","BZN|BG","4354.00","4091.00"
"08/05/2017 21:00 - 08/05/2017 22:00","BZN|BG","4122.00","3906.00"
"08/05/2017 22:00 - 08/05/2017 23:00","BZN|BG","3866.00","3668.00"
"08/05/2017 23:00 - 09/05/2017 00:00","BZN|BG","3433.00","3346.00"
"09/05/2017 00:00 - 09/05/2017 01:00","BZN|BG","3151.00","3131.00"
"09/05/2017 01:00 - 09/05/2017 02:00","BZN|BG","3053.00","3044.00"
"09/05/2017 02:00 - 09/05/2017 03:00","BZN|BG","3001.00","3002.00"
"09/05/2017 03:00 - 09/05/2017 04:00","BZN|BG","3024.00","3010.00"
"09/05/2017 04:00 - 09/05/2017 05:00","BZN|BG","3169.00","3149.00"
"09/05/2017 05:00 - 09/05/2017 06:00","BZN|BG","3564.00","3536.00"
"09/05/2017 06:00 - 09/05/2017 07:00","BZN|BG","3998.00","3922.00"
"09/05/2017 07:00 - 09/05/2017 08:00","BZN|BG","4222.00","4129.00"
"09/05/2017 08:00 - 09/05/2017 09:00","BZN|BG","4293.00","4159.00"
"09/05/2017 09:00 - 09/05/2017 10:00","BZN|BG","4193.00","4046.00"
"09/05/2017 10:00 - 09/05/2017 11:00","BZN|BG","4156.00","4018.00"
"09/05/2017 11:00 - 09/05/2017 12:00","BZN|BG","4092.00","3957.00"
"09/05/2017 12:00 - 09/05/2017 13:00","BZN|BG","4183.00","4017.00"
"09/05/2017 13:00 - 09/05/2017 14:00","BZN|BG","4146.00","4003.00"
"09/05/2017 14:00 - 09/05/2017 15:00","BZN|BG","4187.00","4002.00"
"09/05/2017 15:00 - 09/05/2017 16:00","BZN|BG","4169.00","4006.00"
"09/05/2017 16:00 - 09/05/2017 17:00","BZN|BG","4117.00","3997.00"
"09/05/2017 17:00 - 09/05/2017 18:00","BZN|BG","4346.00","4041.00"
"09/05/2017 18:00 - 09/05/2017 19:00","BZN|BG","4576.00","4088.00"
"09/05/2017 19:00 - 09/05/2017 20:00","BZN|BG","4579.00","4140.00"
"09/05/2017 20:00 - 09/05/2017 21:00","BZN|BG","4508.00","4140.00"
"09/05/2017 21:00 - 09/05/2017 22:00","BZN|BG","4212.00","3964.00"
"09/05/2017 22:00 - 09/05/2017 23:00","BZN|BG","3908.00","3765.00"
"09/05/2017 23:00 - 10/05/2017 00:00","BZN|BG","3509.00","3349.00"
"10/05/2017 00:00 - 10/05/2017 01:00","BZN|BG","3280.00","3132.00"
"10/05/2017 01:00 - 10/05/2017 02:00","BZN|BG","3174.00","3045.00"
"10/05/2017 02:00 - 10/05/2017 03:00","BZN|BG","3103.00","3002.00"
"10/05/2017 03:00 - 10/05/2017 04:00","BZN|BG","3112.00","3010.00"
"10/05/2017 04:00 - 10/05/2017 05:00","BZN|BG","3259.00","3149.00"
"10/05/2017 05:00 - 10/05/2017 06:00","BZN|BG","3651.00","3535.00"
"10/05/2017 06:00 - 10/05/2017 07:00","BZN|BG","4084.00","3920.00"
"10/05/2017 07:00 - 10/05/2017 08:00","BZN|BG","4353.00","4127.00"
"10/05/2017 08:00 - 10/05/2017 09:00","BZN|BG","4396.00","4157.00"
"10/05/2017 09:00 - 10/05/2017 10:00","BZN|BG","4302.00","4043.00"
"10/05/2017 10:00 - 10/05/2017 11:00","BZN|BG","4268.00","4015.00"
"10/05/2017 11:00 - 10/05/2017 12:00","BZN|BG","4176.00","3954.00"
"10/05/2017 12:00 - 10/05/2017 13:00","BZN|BG","4270.00","4014.00"
"10/05/2017 13:00 - 10/05/2017 14:00","BZN|BG","4201.00","3999.00"
"10/05/2017 14:00 - 10/05/2017 15:00","BZN|BG","4168.00","3999.00"
"10/05/2017 15:00 - 10/05/2017 16:00","BZN|BG","4133.00","4002.00"
"10/05/2017 16:00 - 10/05/2017 17:00","BZN|BG","4147.00","3994.00"
"10/05/2017 17:00 - 10/05/2017 18:00","BZN|BG","4305.00","4039.00"
"10/05/2017 18:00 - 10/05/2017 19:00","BZN|BG","4468.00","4089.00"
"10/05/2017 19:00 - 10/05/2017 20:00","BZN|BG","4562.00","4143.00"
"10/05/2017 20:00 - 10/05/2017 21:00","BZN|BG","4594.00","4143.00"
"10/05/2017 21:00 - 10/05/2017 22:00","BZN|BG","4377.00","3966.00"
"10/05/2017 22:00 - 10/05/2017 23:00","BZN|BG","4037.00","3767.00"
"10/05/2017 23:00 - 11/05/2017 00:00","BZN|BG","3599.00","3508.00"
"11/05/2017 00:00 - 11/05/2017 01:00","BZN|BG","3309.00","3245.00"
"11/05/2017 01:00 - 11/05/2017 02:00","BZN|BG","3195.00","3138.00"
"11/05/2017 02:00 - 11/05/2017 03:00","BZN|BG","3128.00","3091.00"
"11/05/2017 03:00 - 11/05/2017 04:00","BZN|BG","3157.00","3104.00"
"11/05/2017 04:00 - 11/05/2017 05:00","BZN|BG","3289.00","3252.00"
"11/05/2017 05:00 - 11/05/2017 06:00","BZN|BG","3688.00","3665.00"
"11/05/2017 06:00 - 11/05/2017 07:00","BZN|BG","4122.00","4086.00"
"11/05/2017 07:00 - 11/05/2017 08:00","BZN|BG","4347.00","4318.00"
"11/05/2017 08:00 - 11/05/2017 09:00","BZN|BG","4402.00","4358.00"
"11/05/2017 09:00 - 11/05/2017 10:00","BZN|BG","4228.00","4101.00"
"11/05/2017 10:00 - 11/05/2017 11:00","BZN|BG","4135.00","4059.00"
"11/05/2017 11:00 - 11/05/2017 12:00","BZN|BG","4026.00","3913.00"
"11/05/2017 12:00 - 11/05/2017 13:00","BZN|BG","4097.00","4079.00"
"11/05/2017 13:00 - 11/05/2017 14:00","BZN|BG","4040.00","4032.00"
"11/05/2017 14:00 - 11/05/2017 15:00","BZN|BG","4059.00","4037.00"
"11/05/2017 15:00 - 11/05/2017 16:00","BZN|BG","4005.00","4043.00"
"11/05/2017 16:00 - 11/05/2017 17:00","BZN|BG","3937.00","4010.00"
"11/05/2017 17:00 - 11/05/2017 18:00","BZN|BG","4055.00","4229.00"
"11/05/2017 18:00 - 11/05/2017 19:00","BZN|BG","4190.00","4461.00"
"11/05/2017 19:00 - 11/05/2017 20:00","BZN|BG","4345.00","4620.00"
"11/05/2017 20:00 - 11/05/2017 21:00","BZN|BG","4508.00","4625.00"
"11/05/2017 21:00 - 11/05/2017 22:00","BZN|BG","4295.00","4314.00"
"11/05/2017 22:00 - 11/05/2017 23:00","BZN|BG","3955.00","3962.00"
"11/05/2017 23:00 - 12/05/2017 00:00","BZN|BG","3574.00","3487.00"
"12/05/2017 00:00 - 12/05/2017 01:00","BZN|BG","3275.00","3247.00"
"12/05/2017 01:00 - 12/05/2017 02:00","BZN|BG","3131.00","3148.00"
"12/05/2017 02:00 - 12/05/2017 03:00","BZN|BG","3083.00","3100.00"
"12/05/2017 03:00 - 12/05/2017 04:00","BZN|BG","3083.00","3113.00"
"12/05/2017 04:00 - 12/05/2017 05:00","BZN|BG","3208.00","3257.00"
"12/05/2017 05:00 - 12/05/2017 06:00","BZN|BG","3584.00","3650.00"
"12/05/2017 06:00 - 12/05/2017 07:00","BZN|BG","3985.00","4057.00"
"12/05/2017 07:00 - 12/05/2017 08:00","BZN|BG","4240.00","4286.00"
"12/05/2017 08:00 - 12/05/2017 09:00","BZN|BG","4344.00","4324.00"
"12/05/2017 09:00 - 12/05/2017 10:00","BZN|BG","4300.00","4144.00"
"12/05/2017 10:00 - 12/05/2017 11:00","BZN|BG","4259.00","4102.00"
"12/05/2017 11:00 - 12/05/2017 12:00","BZN|BG","4124.00","3976.00"
"12/05/2017 12:00 - 12/05/2017 13:00","BZN|BG","4173.00","4106.00"
"12/05/2017 13:00 - 12/05/2017 14:00","BZN|BG","4103.00","4063.00"
"12/05/2017 14:00 - 12/05/2017 15:00","BZN|BG","4045.00","4056.00"
"12/05/2017 15:00 - 12/05/2017 16:00","BZN|BG","4004.00","4053.00"
"12/05/2017 16:00 - 12/05/2017 17:00","BZN|BG","3955.00","4042.00"
"12/05/2017 17:00 - 12/05/2017 18:00","BZN|BG","4002.00","4215.00"
"12/05/2017 18:00 - 12/05/2017 19:00","BZN|BG","4121.00","4399.00"
"12/05/2017 19:00 - 12/05/2017 20:00","BZN|BG","4243.00","4522.00"
"12/05/2017 20:00 - 12/05/2017 21:00","BZN|BG","4349.00","4529.00"
"12/05/2017 21:00 - 12/05/2017 22:00","BZN|BG","4148.00","4253.00"
"12/05/2017 22:00 - 12/05/2017 23:00","BZN|BG","3868.00","3921.00"
"12/05/2017 23:00 - 13/05/2017 00:00","BZN|BG","3496.00","3549.00"
"13/05/2017 00:00 - 13/05/2017 01:00","BZN|BG","3230.00","3251.00"
"13/05/2017 01:00 - 13/05/2017 02:00","BZN|BG","3091.00","3088.00"
"13/05/2017 02:00 - 13/05/2017 03:00","BZN|BG","3046.00","3048.00"
"13/05/2017 03:00 - 13/05/2017 04:00","BZN|BG","3038.00","3057.00"
"13/05/2017 04:00 - 13/05/2017 05:00","BZN|BG","3082.00","3078.00"
"13/05/2017 05:00 - 13/05/2017 06:00","BZN|BG","3253.00","3151.00"
"13/05/2017 06:00 - 13/05/2017 07:00","BZN|BG","3533.00","3362.00"
"13/05/2017 07:00 - 13/05/2017 08:00","BZN|BG","3788.00","3725.00"
"13/05/2017 08:00 - 13/05/2017 09:00","BZN|BG","4001.00","3968.00"
"13/05/2017 09:00 - 13/05/2017 10:00","BZN|BG","3944.00","4019.00"
"13/05/2017 10:00 - 13/05/2017 11:00","BZN|BG","3931.00","4018.00"
"13/05/2017 11:00 - 13/05/2017 12:00","BZN|BG","3885.00","3891.00"
"13/05/2017 12:00 - 13/05/2017 13:00","BZN|BG","3857.00","3756.00"
"13/05/2017 13:00 - 13/05/2017 14:00","BZN|BG","3755.00","3622.00"
"13/05/2017 14:00 - 13/05/2017 15:00","BZN|BG","3720.00","3615.00"
"13/05/2017 15:00 - 13/05/2017 16:00","BZN|BG","3717.00","3612.00"
"13/05/2017 16:00 - 13/05/2017 17:00","BZN|BG","3745.00","3782.00"
"13/05/2017 17:00 - 13/05/2017 18:00","BZN|BG","3792.00","3959.00"
"13/05/2017 18:00 - 13/05/2017 19:00","BZN|BG","3933.00","4027.00"
"13/05/2017 19:00 - 13/05/2017 20:00","BZN|BG","4050.00","4184.00"
"13/05/2017 20:00 - 13/05/2017 21:00","BZN|BG","4108.00","4267.00"
"13/05/2017 21:00 - 13/05/2017 22:00","BZN|BG","3943.00","4053.00"
"13/05/2017 22:00 - 13/05/2017 23:00","BZN|BG","3642.00","3771.00"
"13/05/2017 23:00 - 14/05/2017 00:00","BZN|BG","3337.00","3267.00"
"14/05/2017 00:00 - 14/05/2017 01:00","BZN|BG","3120.00","3051.00"
"14/05/2017 01:00 - 14/05/2017 02:00","BZN|BG","2995.00","2926.00"
"14/05/2017 02:00 - 14/05/2017 03:00","BZN|BG","2921.00","2873.00"
"14/05/2017 03:00 - 14/05/2017 04:00","BZN|BG","2894.00","2872.00"
"14/05/2017 04:00 - 14/05/2017 05:00","BZN|BG","2884.00","2886.00"
"14/05/2017 05:00 - 14/05/2017 06:00","BZN|BG","2975.00","2937.00"
"14/05/2017 06:00 - 14/05/2017 07:00","BZN|BG","3182.00","3151.00"
"14/05/2017 07:00 - 14/05/2017 08:00","BZN|BG","3428.00","3449.00"
"14/05/2017 08:00 - 14/05/2017 09:00","BZN|BG","3681.00","3683.00"
"14/05/2017 09:00 - 14/05/2017 10:00","BZN|BG","3725.00","3699.00"
"14/05/2017 10:00 - 14/05/2017 11:00","BZN|BG","3742.00","3670.00"
"14/05/2017 11:00 - 14/05/2017 12:00","BZN|BG","3738.00","3646.00"
"14/05/2017 12:00 - 14/05/2017 13:00","BZN|BG","3691.00","3630.00"
"14/05/2017 13:00 - 14/05/2017 14:00","BZN|BG","3642.00","3596.00"
"14/05/2017 14:00 - 14/05/2017 15:00","BZN|BG","3619.00","3564.00"
"14/05/2017 15:00 - 14/05/2017 16:00","BZN|BG","3648.00","3653.00"
"14/05/2017 16:00 - 14/05/2017 17:00","BZN|BG","3732.00","3864.00"
"14/05/2017 17:00 - 14/05/2017 18:00","BZN|BG","3831.00","3995.00"
"14/05/2017 18:00 - 14/05/2017 19:00","BZN|BG","3916.00","4130.00"
"14/05/2017 19:00 - 14/05/2017 20:00","BZN|BG","4087.00","4174.00"
"14/05/2017 20:00 - 14/05/2017 21:00","BZN|BG","4215.00","4208.00"
"14/05/2017 21:00 - 14/05/2017 22:00","BZN|BG","3986.00","3984.00"
"14/05/2017 22:00 - 14/05/2017 23:00","BZN|BG","3646.00","3669.00"
"14/05/2017 23:00 - 15/05/2017 00:00","BZN|BG","3249.00","3294.00"
"15/05/2017 00:00 - 15/05/2017 01:00","BZN|BG","3013.00","3013.00"
"15/05/2017 01:00 - 15/05/2017 02:00","BZN|BG","2880.00","2886.00"
"15/05/2017 02:00 - 15/05/2017 03:00","BZN|BG","2854.00","2854.00"
"15/05/2017 03:00 - 15/05/2017 04:00","BZN|BG","2858.00","2844.00"
"15/05/2017 04:00 - 15/05/2017 05:00","BZN|BG","3022.00","2912.00"
"15/05/2017 05:00 - 15/05/2017 06:00","BZN|BG","3401.00","3086.00"
"15/05/2017 06:00 - 15/05/2017 07:00","BZN|BG","3836.00","3434.00"
"15/05/2017 07:00 - 15/05/2017 08:00","BZN|BG","4080.00","3881.00"
"15/05/2017 08:00 - 15/05/2017 09:00","BZN|BG","4308.00","4161.00"
"15/05/2017 09:00 - 15/05/2017 10:00","BZN|BG","4055.00","4202.00"
"15/05/2017 10:00 - 15/05/2017 11:00","BZN|BG","4026.00","4232.00"
"15/05/2017 11:00 - 15/05/2017 12:00","BZN|BG","3960.00","4218.00"
"15/05/2017 12:00 - 15/05/2017 13:00","BZN|BG","4060.00","4210.00"
"15/05/2017 13:00 - 15/05/2017 14:00","BZN|BG","4045.00","4073.00"
"15/05/2017 14:00 - 15/05/2017 15:00","BZN|BG","4036.00","4012.00"
"15/05/2017 15:00 - 15/05/2017 16:00","BZN|BG","3975.00","3989.00"
"15/05/2017 16:00 - 15/05/2017 17:00","BZN|BG","3909.00","4019.00"
"15/05/2017 17:00 - 15/05/2017 18:00","BZN|BG","4009.00","4093.00"
"15/05/2017 18:00 - 15/05/2017 19:00","BZN|BG","4120.00","4221.00"
"15/05/2017 19:00 - 15/05/2017 20:00","BZN|BG","4232.00","4307.00"
"15/05/2017 20:00 - 15/05/2017 21:00","BZN|BG","4334.00","4341.00"
"15/05/2017 21:00 - 15/05/2017 22:00","BZN|BG","4104.00","4049.00"
"15/05/2017 22:00 - 15/05/2017 23:00","BZN|BG","3809.00","3726.00"
"15/05/2017 23:00 - 16/05/2017 00:00","BZN|BG","3394.00","3410.00"
"16/05/2017 00:00 - 16/05/2017 01:00","BZN|BG","3176.00","3140.00"
"16/05/2017 01:00 - 16/05/2017 02:00","BZN|BG","3063.00","3028.00"
"16/05/2017 02:00 - 16/05/2017 03:00","BZN|BG","3024.00","2977.00"
"16/05/2017 03:00 - 16/05/2017 04:00","BZN|BG","3034.00","2994.00"
"16/05/2017 04:00 - 16/05/2017 05:00","BZN|BG","3129.00","3124.00"
"16/05/2017 05:00 - 16/05/2017 06:00","BZN|BG","3477.00","3473.00"
"16/05/2017 06:00 - 16/05/2017 07:00","BZN|BG","3852.00","3858.00"
"16/05/2017 07:00 - 16/05/2017 08:00","BZN|BG","4090.00","4075.00"
"16/05/2017 08:00 - 16/05/2017 09:00","BZN|BG","4137.00","4135.00"
"16/05/2017 09:00 - 16/05/2017 10:00","BZN|BG","4043.00","4056.00"
"16/05/2017 10:00 - 16/05/2017 11:00","BZN|BG","4016.00","4029.00"
"16/05/2017 11:00 - 16/05/2017 12:00","BZN|BG","3946.00","3971.00"
"16/05/2017 12:00 - 16/05/2017 13:00","BZN|BG","4016.00","4019.00"
"16/05/2017 13:00 - 16/05/2017 14:00","BZN|BG","3997.00","3985.00"
"16/05/2017 14:00 - 16/05/2017 15:00","BZN|BG","4000.00","3986.00"
"16/05/2017 15:00 - 16/05/2017 16:00","BZN|BG","3955.00","3972.00"
"16/05/2017 16:00 - 16/05/2017 17:00","BZN|BG","3922.00","3956.00"
"16/05/2017 17:00 - 16/05/2017 18:00","BZN|BG","4050.00","4095.00"
"16/05/2017 18:00 - 16/05/2017 19:00","BZN|BG","4179.00","4254.00"
"16/05/2017 19:00 - 16/05/2017 20:00","BZN|BG","4237.00","4342.00"
"16/05/2017 20:00 - 16/05/2017 21:00","BZN|BG","4361.00","4388.00"
"16/05/2017 21:00 - 16/05/2017 22:00","BZN|BG","4160.00","4143.00"
"16/05/2017 22:00 - 16/05/2017 23:00","BZN|BG","3836.00","3842.00"
"16/05/2017 23:00 - 17/05/2017 00:00","BZN|BG","3425.00","3418.00"
"17/05/2017 00:00 - 17/05/2017 01:00","BZN|BG","3170.00","3144.00"
"17/05/2017 01:00 - 17/05/2017 02:00","BZN|BG","3064.00","3030.00"
"17/05/2017 02:00 - 17/05/2017 03:00","BZN|BG","3009.00","2978.00"
"17/05/2017 03:00 - 17/05/2017 04:00","BZN|BG","3048.00","2994.00"
"17/05/2017 04:00 - 17/05/2017 05:00","BZN|BG","3160.00","3124.00"
"17/05/2017 05:00 - 17/05/2017 06:00","BZN|BG","3485.00","3471.00"
"17/05/2017 06:00 - 17/05/2017 07:00","BZN|BG","3909.00","3854.00"
"17/05/2017 07:00 - 17/05/2017 08:00","BZN|BG","4123.00","4070.00"
"17/05/2017 08:00 - 17/05/2017 09:00","BZN|BG","4169.00","4130.00"
"17/05/2017 09:00 - 17/05/2017 10:00","BZN|BG","4068.00","4050.00"
"17/05/2017 10:00 - 17/05/2017 11:00","BZN|BG","4040.00","4023.00"
"17/05/2017 11:00 - 17/05/2017 12:00","BZN|BG","3994.00","3964.00"
"17/05/2017 12:00 - 17/05/2017 13:00","BZN|BG","4104.00","4013.00"
"17/05/2017 13:00 - 17/05/2017 14:00","BZN|BG","4096.00","3978.00"
"17/05/2017 14:00 - 17/05/2017 15:00","BZN|BG","4067.00","3980.00"
"17/05/2017 15:00 - 17/05/2017 16:00","BZN|BG","4064.00","3965.00"
"17/05/2017 16:00 - 17/05/2017 17:00","BZN|BG","4042.00","3949.00"
"17/05/2017 17:00 - 17/05/2017 18:00","BZN|BG","4209.00","4090.00"
"17/05/2017 18:00 - 17/05/2017 19:00","BZN|BG","4413.00","4249.00"
"17/05/2017 19:00 - 17/05/2017 20:00","BZN|BG","4373.00","4339.00"
"17/05/2017 20:00 - 17/05/2017 21:00","BZN|BG","4311.00","4385.00"
"17/05/2017 21:00 - 17/05/2017 22:00","BZN|BG","4132.00","4144.00"
"17/05/2017 22:00 - 17/05/2017 23:00","BZN|BG","3818.00","3847.00"
"17/05/2017 23:00 - 18/05/2017 00:00","BZN|BG","3437.00","3478.00"
"18/05/2017 00:00 - 18/05/2017 01:00","BZN|BG","3186.00","3226.00"
"18/05/2017 01:00 - 18/05/2017 02:00","BZN|BG","3067.00","3125.00"
"18/05/2017 02:00 - 18/05/2017 03:00","BZN|BG","3043.00","3074.00"
"18/05/2017 03:00 - 18/05/2017 04:00","BZN|BG","3069.00","3088.00"
"18/05/2017 04:00 - 18/05/2017 05:00","BZN|BG","3176.00","3210.00"
"18/05/2017 05:00 - 18/05/2017 06:00","BZN|BG","3516.00","3560.00"
"18/05/2017 06:00 - 18/05/2017 07:00","BZN|BG","3897.00","3944.00"
"18/05/2017 07:00 - 18/05/2017 08:00","BZN|BG","4108.00","4171.00"
"18/05/2017 08:00 - 18/05/2017 09:00","BZN|BG","4194.00","4230.00"
"18/05/2017 09:00 - 18/05/2017 10:00","BZN|BG","4038.00","4101.00"
"18/05/2017 10:00 - 18/05/2017 11:00","BZN|BG","4004.00","4059.00"
"18/05/2017 11:00 - 18/05/2017 12:00","BZN|BG","3938.00","3951.00"
"18/05/2017 12:00 - 18/05/2017 13:00","BZN|BG","4012.00","4043.00"
"18/05/2017 13:00 - 18/05/2017 14:00","BZN|BG","3926.00","3986.00"
"18/05/2017 14:00 - 18/05/2017 15:00","BZN|BG","3900.00","3981.00"
"18/05/2017 15:00 - 18/05/2017 16:00","BZN|BG","3891.00","3944.00"
"18/05/2017 16:00 - 18/05/2017 17:00","BZN|BG","3858.00","3906.00"
"18/05/2017 17:00 - 18/05/2017 18:00","BZN|BG","3966.00","4077.00"
"18/05/2017 18:00 - 18/05/2017 19:00","BZN|BG","4081.00","4265.00"
"18/05/2017 19:00 - 18/05/2017 20:00","BZN|BG","4154.00","4374.00"
"18/05/2017 20:00 - 18/05/2017 21:00","BZN|BG","4348.00","4463.00"
"18/05/2017 21:00 - 18/05/2017 22:00","BZN|BG","4132.00","4215.00"
"18/05/2017 22:00 - 18/05/2017 23:00","BZN|BG","3841.00","3879.00"
"18/05/2017 23:00 - 19/05/2017 00:00","BZN|BG","3483.00","3496.00"
"19/05/2017 00:00 - 19/05/2017 01:00","BZN|BG","3207.00","3239.00"
"19/05/2017 01:00 - 19/05/2017 02:00","BZN|BG","3093.00","3136.00"
"19/05/2017 02:00 - 19/05/2017 03:00","BZN|BG","3053.00","3083.00"
"19/05/2017 03:00 - 19/05/2017 04:00","BZN|BG","3070.00","3101.00"
"19/05/2017 04:00 - 19/05/2017 05:00","BZN|BG","3185.00","3227.00"
"19/05/2017 05:00 - 19/05/2017 06:00","BZN|BG","3542.00","3580.00"
"19/05/2017 06:00 - 19/05/2017 07:00","BZN|BG","3927.00","3977.00"
"19/05/2017 07:00 - 19/05/2017 08:00","BZN|BG","4192.00","4208.00"
"19/05/2017 08:00 - 19/05/2017 09:00","BZN|BG","4245.00","4272.00"
"19/05/2017 09:00 - 19/05/2017 10:00","BZN|BG","4148.00","4133.00"
"19/05/2017 10:00 - 19/05/2017 11:00","BZN|BG","4091.00","4093.00"
"19/05/2017 11:00 - 19/05/2017 12:00","BZN|BG","3994.00","3983.00"
"19/05/2017 12:00 - 19/05/2017 13:00","BZN|BG","4026.00","4093.00"
"19/05/2017 13:00 - 19/05/2017 14:00","BZN|BG","4036.00","4042.00"
"19/05/2017 14:00 - 19/05/2017 15:00","BZN|BG","4033.00","4025.00"
"19/05/2017 15:00 - 19/05/2017 16:00","BZN|BG","4022.00","3993.00"
"19/05/2017 16:00 - 19/05/2017 17:00","BZN|BG","3996.00","3952.00"
"19/05/2017 17:00 - 19/05/2017 18:00","BZN|BG","4073.00","4128.00"
"19/05/2017 18:00 - 19/05/2017 19:00","BZN|BG","4155.00","4322.00"
"19/05/2017 19:00 - 19/05/2017 20:00","BZN|BG","4137.00","4414.00"
"19/05/2017 20:00 - 19/05/2017 21:00","BZN|BG","4349.00","4485.00"
"19/05/2017 21:00 - 19/05/2017 22:00","BZN|BG","4181.00","4224.00"
"19/05/2017 22:00 - 19/05/2017 23:00","BZN|BG","3844.00","3876.00"
"19/05/2017 23:00 - 20/05/2017 00:00","BZN|BG","3477.00","3412.00"
"20/05/2017 00:00 - 20/05/2017 01:00","BZN|BG","3236.00","3143.00"
"20/05/2017 01:00 - 20/05/2017 02:00","BZN|BG","3098.00","3013.00"
"20/05/2017 02:00 - 20/05/2017 03:00","BZN|BG","3029.00","2963.00"
"20/05/2017 03:00 - 20/05/2017 04:00","BZN|BG","3048.00","2965.00"
"20/05/2017 04:00 - 20/05/2017 05:00","BZN|BG","3091.00","3018.00"
"20/05/2017 05:00 - 20/05/2017 06:00","BZN|BG","3189.00","3182.00"
"20/05/2017 06:00 - 20/05/2017 07:00","BZN|BG","3460.00","3468.00"
"20/05/2017 07:00 - 20/05/2017 08:00","BZN|BG","3747.00","3706.00"
"20/05/2017 08:00 - 20/05/2017 09:00","BZN|BG","3953.00","3901.00"
"20/05/2017 09:00 - 20/05/2017 10:00","BZN|BG","3871.00","3860.00"
"20/05/2017 10:00 - 20/05/2017 11:00","BZN|BG","3862.00","3827.00"
"20/05/2017 11:00 - 20/05/2017 12:00","BZN|BG","3806.00","3765.00"
"20/05/2017 12:00 - 20/05/2017 13:00","BZN|BG","3790.00","3737.00"
"20/05/2017 13:00 - 20/05/2017 14:00","BZN|BG","3718.00","3590.00"
"20/05/2017 14:00 - 20/05/2017 15:00","BZN|BG","3659.00","3567.00"
"20/05/2017 15:00 - 20/05/2017 16:00","BZN|BG","3669.00","3557.00"
"20/05/2017 16:00 - 20/05/2017 17:00","BZN|BG","3706.00","3588.00"
"20/05/2017 17:00 - 20/05/2017 18:00","BZN|BG","3784.00","3659.00"
"20/05/2017 18:00 - 20/05/2017 19:00","BZN|BG","3845.00","3810.00"
"20/05/2017 19:00 - 20/05/2017 20:00","BZN|BG","3943.00","4019.00"
"20/05/2017 20:00 - 20/05/2017 21:00","BZN|BG","4012.00","4174.00"
"20/05/2017 21:00 - 20/05/2017 22:00","BZN|BG","3890.00","3967.00"
"20/05/2017 22:00 - 20/05/2017 23:00","BZN|BG","3659.00","3684.00"
"20/05/2017 23:00 - 21/05/2017 00:00","BZN|BG","3333.00","3383.00"
"21/05/2017 00:00 - 21/05/2017 01:00","BZN|BG","3089.00","3177.00"
"21/05/2017 01:00 - 21/05/2017 02:00","BZN|BG","2967.00","3049.00"
"21/05/2017 02:00 - 21/05/2017 03:00","BZN|BG","2877.00","2957.00"
"21/05/2017 03:00 - 21/05/2017 04:00","BZN|BG","2867.00","2940.00"
"21/05/2017 04:00 - 21/05/2017 05:00","BZN|BG","2865.00","2935.00"
"21/05/2017 05:00 - 21/05/2017 06:00","BZN|BG","2855.00","3013.00"
"21/05/2017 06:00 - 21/05/2017 07:00","BZN|BG","3099.00","3200.00"
"21/05/2017 07:00 - 21/05/2017 08:00","BZN|BG","3431.00","3444.00"
"21/05/2017 08:00 - 21/05/2017 09:00","BZN|BG","3684.00","3680.00"
"21/05/2017 09:00 - 21/05/2017 10:00","BZN|BG","3806.00","3747.00"
"21/05/2017 10:00 - 21/05/2017 11:00","BZN|BG","3823.00","3791.00"
"21/05/2017 11:00 - 21/05/2017 12:00","BZN|BG","3803.00","3758.00"
"21/05/2017 12:00 - 21/05/2017 13:00","BZN|BG","3747.00","3654.00"
"21/05/2017 13:00 - 21/05/2017 14:00","BZN|BG","3651.00","3623.00"
"21/05/2017 14:00 - 21/05/2017 15:00","BZN|BG","3643.00","3544.00"
"21/05/2017 15:00 - 21/05/2017 16:00","BZN|BG","3680.00","3608.00"
"21/05/2017 16:00 - 21/05/2017 17:00","BZN|BG","3747.00","3708.00"
"21/05/2017 17:00 - 21/05/2017 18:00","BZN|BG","3816.00","3801.00"
"21/05/2017 18:00 - 21/05/2017 19:00","BZN|BG","3904.00","3917.00"
"21/05/2017 19:00 - 21/05/2017 20:00","BZN|BG","4014.00","4124.00"
"21/05/2017 20:00 - 21/05/2017 21:00","BZN|BG","4177.00","4277.00"
"21/05/2017 21:00 - 21/05/2017 22:00","BZN|BG","4019.00","4042.00"
"21/05/2017 22:00 - 21/05/2017 23:00","BZN|BG","3694.00","3686.00"
"21/05/2017 23:00 - 22/05/2017 00:00","BZN|BG","3325.00","3312.00"
"22/05/2017 00:00 - 22/05/2017 01:00","BZN|BG","3054.00","3078.00"
"22/05/2017 01:00 - 22/05/2017 02:00","BZN|BG","2938.00","2954.00"
"22/05/2017 02:00 - 22/05/2017 03:00","BZN|BG","2892.00","2935.00"
"22/05/2017 03:00 - 22/05/2017 04:00","BZN|BG","2903.00","2931.00"
"22/05/2017 04:00 - 22/05/2017 05:00","BZN|BG","3063.00","3107.00"
"22/05/2017 05:00 - 22/05/2017 06:00","BZN|BG","3378.00","3478.00"
"22/05/2017 06:00 - 22/05/2017 07:00","BZN|BG","3758.00","3902.00"
"22/05/2017 07:00 - 22/05/2017 08:00","BZN|BG","4093.00","4154.00"
"22/05/2017 08:00 - 22/05/2017 09:00","BZN|BG","4204.00","4236.00"
"22/05/2017 09:00 - 22/05/2017 10:00","BZN|BG","4163.00","4073.00"
"22/05/2017 10:00 - 22/05/2017 11:00","BZN|BG","4122.00","4064.00"
"22/05/2017 11:00 - 22/05/2017 12:00","BZN|BG","4061.00","3981.00"
"22/05/2017 12:00 - 22/05/2017 13:00","BZN|BG","4096.00","4158.00"
"22/05/2017 13:00 - 22/05/2017 14:00","BZN|BG","4074.00","4109.00"
"22/05/2017 14:00 - 22/05/2017 15:00","BZN|BG","4053.00","4084.00"
"22/05/2017 15:00 - 22/05/2017 16:00","BZN|BG","4042.00","4044.00"
"22/05/2017 16:00 - 22/05/2017 17:00","BZN|BG","4009.00","3946.00"
"22/05/2017 17:00 - 22/05/2017 18:00","BZN|BG","4139.00","4049.00"
"22/05/2017 18:00 - 22/05/2017 19:00","BZN|BG","4220.00","4166.00"
"22/05/2017 19:00 - 22/05/2017 20:00","BZN|BG","4222.00","4278.00"
"22/05/2017 20:00 - 22/05/2017 21:00","BZN|BG","4304.00","4364.00"
"22/05/2017 21:00 - 22/05/2017 22:00","BZN|BG","4093.00","4118.00"
"22/05/2017 22:00 - 22/05/2017 23:00","BZN|BG","3817.00","3804.00"
"22/05/2017 23:00 - 23/05/2017 00:00","BZN|BG","3415.00","3403.00"
"23/05/2017 00:00 - 23/05/2017 01:00","BZN|BG","3142.00","3133.00"
"23/05/2017 01:00 - 23/05/2017 02:00","BZN|BG","3001.00","3020.00"
"23/05/2017 02:00 - 23/05/2017 03:00","BZN|BG","2977.00","2980.00"
"23/05/2017 03:00 - 23/05/2017 04:00","BZN|BG","2997.00","2992.00"
"23/05/2017 04:00 - 23/05/2017 05:00","BZN|BG","3093.00","3112.00"
"23/05/2017 05:00 - 23/05/2017 06:00","BZN|BG","3456.00","3459.00"
"23/05/2017 06:00 - 23/05/2017 07:00","BZN|BG","3775.00","3845.00"
"23/05/2017 07:00 - 23/05/2017 08:00","BZN|BG","4095.00","4097.00"
"23/05/2017 08:00 - 23/05/2017 09:00","BZN|BG","4214.00","4166.00"
"23/05/2017 09:00 - 23/05/2017 10:00","BZN|BG","4074.00","4085.00"
"23/05/2017 10:00 - 23/05/2017 11:00","BZN|BG","4022.00","4060.00"
"23/05/2017 11:00 - 23/05/2017 12:00","BZN|BG","3947.00","3987.00"
"23/05/2017 12:00 - 23/05/2017 13:00","BZN|BG","4027.00","4044.00"
"23/05/2017 13:00 - 23/05/2017 14:00","BZN|BG","3982.00","4028.00"
"23/05/2017 14:00 - 23/05/2017 15:00","BZN|BG","3993.00","4007.00"
"23/05/2017 15:00 - 23/05/2017 16:00","BZN|BG","3957.00","4007.00"
"23/05/2017 16:00 - 23/05/2017 17:00","BZN|BG","3947.00","3982.00"
"23/05/2017 17:00 - 23/05/2017 18:00","BZN|BG","4019.00","4085.00"
"23/05/2017 18:00 - 23/05/2017 19:00","BZN|BG","4070.00","4203.00"
"23/05/2017 19:00 - 23/05/2017 20:00","BZN|BG","4148.00","4259.00"
"23/05/2017 20:00 - 23/05/2017 21:00","BZN|BG","4272.00","4371.00"
"23/05/2017 21:00 - 23/05/2017 22:00","BZN|BG","4103.00","4146.00"
"23/05/2017 22:00 - 23/05/2017 23:00","BZN|BG","3836.00","3838.00"
"23/05/2017 23:00 - 24/05/2017 00:00","BZN|BG","3460.00","3318.00"
"24/05/2017 00:00 - 24/05/2017 01:00","BZN|BG","3182.00","3048.00"
"24/05/2017 01:00 - 24/05/2017 02:00","BZN|BG","3041.00","2936.00"
"24/05/2017 02:00 - 24/05/2017 03:00","BZN|BG","2987.00","2893.00"
"24/05/2017 03:00 - 24/05/2017 04:00","BZN|BG","2993.00","2907.00"
"24/05/2017 04:00 - 24/05/2017 05:00","BZN|BG","3013.00","3004.00"
"24/05/2017 05:00 - 24/05/2017 06:00","BZN|BG","3138.00","3287.00"
"24/05/2017 06:00 - 24/05/2017 07:00","BZN|BG","3460.00","3603.00"
"24/05/2017 07:00 - 24/05/2017 08:00","BZN|BG","3811.00","3812.00"
"24/05/2017 08:00 - 24/05/2017 09:00","BZN|BG","3992.00","3859.00"
"24/05/2017 09:00 - 24/05/2017 10:00","BZN|BG","3953.00","3763.00"
"24/05/2017 10:00 - 24/05/2017 11:00","BZN|BG","3949.00","3738.00"
"24/05/2017 11:00 - 24/05/2017 12:00","BZN|BG","3892.00","3670.00"
"24/05/2017 12:00 - 24/05/2017 13:00","BZN|BG","3828.00","3736.00"
"24/05/2017 13:00 - 24/05/2017 14:00","BZN|BG","3726.00","3734.00"
"24/05/2017 14:00 - 24/05/2017 15:00","BZN|BG","3695.00","3713.00"
"24/05/2017 15:00 - 24/05/2017 16:00","BZN|BG","3735.00","3717.00"
"24/05/2017 16:00 - 24/05/2017 17:00","BZN|BG","3822.00","3690.00"
"24/05/2017 17:00 - 24/05/2017 18:00","BZN|BG","3879.00","3783.00"
"24/05/2017 18:00 - 24/05/2017 19:00","BZN|BG","3935.00","3882.00"
"24/05/2017 19:00 - 24/05/2017 20:00","BZN|BG","3962.00","3916.00"
"24/05/2017 20:00 - 24/05/2017 21:00","BZN|BG","4091.00","4009.00"
"24/05/2017 21:00 - 24/05/2017 22:00","BZN|BG","3971.00","3871.00"
"24/05/2017 22:00 - 24/05/2017 23:00","BZN|BG","3721.00","3680.00"
"24/05/2017 23:00 - 25/05/2017 00:00","BZN|BG","3350.00","3407.00"
"25/05/2017 00:00 - 25/05/2017 01:00","BZN|BG","3145.00","3123.00"
"25/05/2017 01:00 - 25/05/2017 02:00","BZN|BG","3014.00","3001.00"
"25/05/2017 02:00 - 25/05/2017 03:00","BZN|BG","2966.00","2962.00"
"25/05/2017 03:00 - 25/05/2017 04:00","BZN|BG","2993.00","2977.00"
"25/05/2017 04:00 - 25/05/2017 05:00","BZN|BG","3067.00","3079.00"
"25/05/2017 05:00 - 25/05/2017 06:00","BZN|BG","3451.00","3394.00"
"25/05/2017 06:00 - 25/05/2017 07:00","BZN|BG","3757.00","3739.00"
"25/05/2017 07:00 - 25/05/2017 08:00","BZN|BG","4085.00","3973.00"
"25/05/2017 08:00 - 25/05/2017 09:00","BZN|BG","4221.00","4025.00"
"25/05/2017 09:00 - 25/05/2017 10:00","BZN|BG","4188.00","3923.00"
"25/05/2017 10:00 - 25/05/2017 11:00","BZN|BG","4179.00","3889.00"
"25/05/2017 11:00 - 25/05/2017 12:00","BZN|BG","4088.00","3811.00"
"25/05/2017 12:00 - 25/05/2017 13:00","BZN|BG","4116.00","3890.00"
"25/05/2017 13:00 - 25/05/2017 14:00","BZN|BG","4051.00","3885.00"
"25/05/2017 14:00 - 25/05/2017 15:00","BZN|BG","4026.00","3869.00"
"25/05/2017 15:00 - 25/05/2017 16:00","BZN|BG","4010.00","3866.00"
"25/05/2017 16:00 - 25/05/2017 17:00","BZN|BG","4026.00","3836.00"
"25/05/2017 17:00 - 25/05/2017 18:00","BZN|BG","4153.00","3956.00"
"25/05/2017 18:00 - 25/05/2017 19:00","BZN|BG","4540.00","4076.00"
"25/05/2017 19:00 - 25/05/2017 20:00","BZN|BG","4261.00","4126.00"
"25/05/2017 20:00 - 25/05/2017 21:00","BZN|BG","4105.00","4253.00"
"25/05/2017 21:00 - 25/05/2017 22:00","BZN|BG","3951.00","4073.00"
"25/05/2017 22:00 - 25/05/2017 23:00","BZN|BG","3758.00","3821.00"
"25/05/2017 23:00 - 26/05/2017 00:00","BZN|BG","3407.00","3371.00"
"26/05/2017 00:00 - 26/05/2017 01:00","BZN|BG","3231.00","3126.00"
"26/05/2017 01:00 - 26/05/2017 02:00","BZN|BG","3110.00","3017.00"
"26/05/2017 02:00 - 26/05/2017 03:00","BZN|BG","3053.00","2981.00"
"26/05/2017 03:00 - 26/05/2017 04:00","BZN|BG","3084.00","2996.00"
"26/05/2017 04:00 - 26/05/2017 05:00","BZN|BG","3196.00","3095.00"
"26/05/2017 05:00 - 26/05/2017 06:00","BZN|BG","3516.00","3414.00"
"26/05/2017 06:00 - 26/05/2017 07:00","BZN|BG","3894.00","3792.00"
"26/05/2017 07:00 - 26/05/2017 08:00","BZN|BG","4177.00","4078.00"
"26/05/2017 08:00 - 26/05/2017 09:00","BZN|BG","4322.00","4163.00"
"26/05/2017 09:00 - 26/05/2017 10:00","BZN|BG","4278.00","4038.00"
"26/05/2017 10:00 - 26/05/2017 11:00","BZN|BG","4263.00","4001.00"
"26/05/2017 11:00 - 26/05/2017 12:00","BZN|BG","4155.00","3905.00"
"26/05/2017 12:00 - 26/05/2017 13:00","BZN|BG","4145.00","3984.00"
"26/05/2017 13:00 - 26/05/2017 14:00","BZN|BG","4114.00","3954.00"
"26/05/2017 14:00 - 26/05/2017 15:00","BZN|BG","4079.00","3930.00"
"26/05/2017 15:00 - 26/05/2017 16:00","BZN|BG","4026.00","3934.00"
"26/05/2017 16:00 - 26/05/2017 17:00","BZN|BG","4061.00","3917.00"
"26/05/2017 17:00 - 26/05/2017 18:00","BZN|BG","4175.00","4026.00"
"26/05/2017 18:00 - 26/05/2017 19:00","BZN|BG","4227.00","4130.00"
"26/05/2017 19:00 - 26/05/2017 20:00","BZN|BG","4212.00","4174.00"
"26/05/2017 20:00 - 26/05/2017 21:00","BZN|BG","4248.00","4298.00"
"26/05/2017 21:00 - 26/05/2017 22:00","BZN|BG","4049.00","4093.00"
"26/05/2017 22:00 - 26/05/2017 23:00","BZN|BG","3813.00","3800.00"
"26/05/2017 23:00 - 27/05/2017 00:00","BZN|BG","3465.00","3374.00"
"27/05/2017 00:00 - 27/05/2017 01:00","BZN|BG","3229.00","3114.00"
"27/05/2017 01:00 - 27/05/2017 02:00","BZN|BG","3121.00","2965.00"
"27/05/2017 02:00 - 27/05/2017 03:00","BZN|BG","3071.00","2890.00"
"27/05/2017 03:00 - 27/05/2017 04:00","BZN|BG","3071.00","2910.00"
"27/05/2017 04:00 - 27/05/2017 05:00","BZN|BG","3076.00","2954.00"
"27/05/2017 05:00 - 27/05/2017 06:00","BZN|BG","3187.00","3053.00"
"27/05/2017 06:00 - 27/05/2017 07:00","BZN|BG","3439.00","3329.00"
"27/05/2017 07:00 - 27/05/2017 08:00","BZN|BG","3789.00","3621.00"
"27/05/2017 08:00 - 27/05/2017 09:00","BZN|BG","4075.00","3831.00"
"27/05/2017 09:00 - 27/05/2017 10:00","BZN|BG","4084.00","3778.00"
"27/05/2017 10:00 - 27/05/2017 11:00","BZN|BG","4097.00","3773.00"
"27/05/2017 11:00 - 27/05/2017 12:00","BZN|BG","4072.00","3737.00"
"27/05/2017 12:00 - 27/05/2017 13:00","BZN|BG","4049.00","3726.00"
"27/05/2017 13:00 - 27/05/2017 14:00","BZN|BG","3927.00","3680.00"
"27/05/2017 14:00 - 27/05/2017 15:00","BZN|BG","3885.00","3642.00"
"27/05/2017 15:00 - 27/05/2017 16:00","BZN|BG","3868.00","3653.00"
"27/05/2017 16:00 - 27/05/2017 17:00","BZN|BG","3860.00","3695.00"
"27/05/2017 17:00 - 27/05/2017 18:00","BZN|BG","3943.00","3782.00"
"27/05/2017 18:00 - 27/05/2017 19:00","BZN|BG","4029.00","3849.00"
"27/05/2017 19:00 - 27/05/2017 20:00","BZN|BG","4046.00","3959.00"
"27/05/2017 20:00 - 27/05/2017 21:00","BZN|BG","4090.00","4035.00"
"27/05/2017 21:00 - 27/05/2017 22:00","BZN|BG","3978.00","3872.00"
"27/05/2017 22:00 - 27/05/2017 23:00","BZN|BG","3766.00","3565.00"
"27/05/2017 23:00 - 28/05/2017 00:00","BZN|BG","3415.00","3269.00"
"28/05/2017 00:00 - 28/05/2017 01:00","BZN|BG","3173.00","3066.00"
"28/05/2017 01:00 - 28/05/2017 02:00","BZN|BG","3047.00","2965.00"
"28/05/2017 02:00 - 28/05/2017 03:00","BZN|BG","2978.00","2891.00"
"28/05/2017 03:00 - 28/05/2017 04:00","BZN|BG","2972.00","2883.00"
"28/05/2017 04:00 - 28/05/2017 05:00","BZN|BG","2940.00","2880.00"
"28/05/2017 05:00 - 28/05/2017 06:00","BZN|BG","3022.00","2872.00"
"28/05/2017 06:00 - 28/05/2017 07:00","BZN|BG","3212.00","3115.00"
"28/05/2017 07:00 - 28/05/2017 08:00","BZN|BG","3555.00","3446.00"
"28/05/2017 08:00 - 28/05/2017 09:00","BZN|BG","3815.00","3698.00"
"28/05/2017 09:00 - 28/05/2017 10:00","BZN|BG","3856.00","3819.00"
"28/05/2017 10:00 - 28/05/2017 11:00","BZN|BG","3891.00","3836.00"
"28/05/2017 11:00 - 28/05/2017 12:00","BZN|BG","3904.00","3809.00"
"28/05/2017 12:00 - 28/05/2017 13:00","BZN|BG","3875.00","3730.00"
"28/05/2017 13:00 - 28/05/2017 14:00","BZN|BG","3787.00","3597.00"
"28/05/2017 14:00 - 28/05/2017 15:00","BZN|BG","3739.00","3586.00"
"28/05/2017 15:00 - 28/05/2017 16:00","BZN|BG","3775.00","3622.00"
"28/05/2017 16:00 - 28/05/2017 17:00","BZN|BG","3863.00","3688.00"
"28/05/2017 17:00 - 28/05/2017 18:00","BZN|BG","3991.00","3756.00"
"28/05/2017 18:00 - 28/05/2017 19:00","BZN|BG","4116.00","3842.00"
"28/05/2017 19:00 - 28/05/2017 20:00","BZN|BG","4208.00","3951.00"
"28/05/2017 20:00 - 28/05/2017 21:00","BZN|BG","4317.00","4111.00"
"28/05/2017 21:00 - 28/05/2017 22:00","BZN|BG","4137.00","3960.00"
"28/05/2017 22:00 - 28/05/2017 23:00","BZN|BG","3845.00","3649.00"
"28/05/2017 23:00 - 29/05/2017 00:00","BZN|BG","3391.00","3283.00"
"29/05/2017 00:00 - 29/05/2017 01:00","BZN|BG","3131.00","3077.00"
"29/05/2017 01:00 - 29/05/2017 02:00","BZN|BG","3004.00","2989.00"
"29/05/2017 02:00 - 29/05/2017 03:00","BZN|BG","2971.00","2953.00"
"29/05/2017 03:00 - 29/05/2017 04:00","BZN|BG","2990.00","2966.00"
"29/05/2017 04:00 - 29/05/2017 05:00","BZN|BG","3097.00","3140.00"
"29/05/2017 05:00 - 29/05/2017 06:00","BZN|BG","3476.00","3484.00"
"29/05/2017 06:00 - 29/05/2017 07:00","BZN|BG","3859.00","3899.00"
"29/05/2017 07:00 - 29/05/2017 08:00","BZN|BG","4112.00","4265.00"
"29/05/2017 08:00 - 29/05/2017 09:00","BZN|BG","4208.00","4385.00"
"29/05/2017 09:00 - 29/05/2017 10:00","BZN|BG","4098.00","4341.00"
"29/05/2017 10:00 - 29/05/2017 11:00","BZN|BG","4070.00","4298.00"
"29/05/2017 11:00 - 29/05/2017 12:00","BZN|BG","3981.00","4233.00"
"29/05/2017 12:00 - 29/05/2017 13:00","BZN|BG","4085.00","4270.00"
"29/05/2017 13:00 - 29/05/2017 14:00","BZN|BG","4048.00","4247.00"
"29/05/2017 14:00 - 29/05/2017 15:00","BZN|BG","4006.00","4224.00"
"29/05/2017 15:00 - 29/05/2017 16:00","BZN|BG","3989.00","4212.00"
"29/05/2017 16:00 - 29/05/2017 17:00","BZN|BG","3913.00","4176.00"
"29/05/2017 17:00 - 29/05/2017 18:00","BZN|BG","3976.00","4233.00"
"29/05/2017 18:00 - 29/05/2017 19:00","BZN|BG","4102.00","4268.00"
"29/05/2017 19:00 - 29/05/2017 20:00","BZN|BG","4145.00","4269.00"
"29/05/2017 20:00 - 29/05/2017 21:00","BZN|BG","4304.00","4305.00"
"29/05/2017 21:00 - 29/05/2017 22:00","BZN|BG","4154.00","4119.00"
"29/05/2017 22:00 - 29/05/2017 23:00","BZN|BG","3908.00","3876.00"
"29/05/2017 23:00 - 30/05/2017 00:00","BZN|BG","3499.00","3424.00"
"30/05/2017 00:00 - 30/05/2017 01:00","BZN|BG","3193.00","3178.00"
"30/05/2017 01:00 - 30/05/2017 02:00","BZN|BG","3083.00","3053.00"
"30/05/2017 02:00 - 30/05/2017 03:00","BZN|BG","3050.00","3014.00"
"30/05/2017 03:00 - 30/05/2017 04:00","BZN|BG","3080.00","3031.00"
"30/05/2017 04:00 - 30/05/2017 05:00","BZN|BG","3164.00","3120.00"
"30/05/2017 05:00 - 30/05/2017 06:00","BZN|BG","3514.00","3435.00"
"30/05/2017 06:00 - 30/05/2017 07:00","BZN|BG","3863.00","3812.00"
"30/05/2017 07:00 - 30/05/2017 08:00","BZN|BG","4116.00","4137.00"
"30/05/2017 08:00 - 30/05/2017 09:00","BZN|BG","4196.00","4259.00"
"30/05/2017 09:00 - 30/05/2017 10:00","BZN|BG","4107.00","4191.00"
"30/05/2017 10:00 - 30/05/2017 11:00","BZN|BG","4067.00","4155.00"
"30/05/2017 11:00 - 30/05/2017 12:00","BZN|BG","4032.00","4053.00"
"30/05/2017 12:00 - 30/05/2017 13:00","BZN|BG","4077.00","4078.00"
"30/05/2017 13:00 - 30/05/2017 14:00","BZN|BG","4030.00","4035.00"
"30/05/2017 14:00 - 30/05/2017 15:00","BZN|BG","4026.00","4019.00"
"30/05/2017 15:00 - 30/05/2017 16:00","BZN|BG","4056.00","4003.00"
"30/05/2017 16:00 - 30/05/2017 17:00","BZN|BG","3995.00","4028.00"
"30/05/2017 17:00 - 30/05/2017 18:00","BZN|BG","4092.00","4175.00"
"30/05/2017 18:00 - 30/05/2017 19:00","BZN|BG","4181.00","4277.00"
"30/05/2017 19:00 - 30/05/2017 20:00","BZN|BG","4206.00","4282.00"
"30/05/2017 20:00 - 30/05/2017 21:00","BZN|BG","4387.00","4413.00"
"30/05/2017 21:00 - 30/05/2017 22:00","BZN|BG","4239.00","4239.00"
"30/05/2017 22:00 - 30/05/2017 23:00","BZN|BG","3888.00","3960.00"
"30/05/2017 23:00 - 31/05/2017 00:00","BZN|BG","3514.00","3470.00"
"31/05/2017 00:00 - 31/05/2017 01:00","BZN|BG","3250.00","3173.00"
"31/05/2017 01:00 - 31/05/2017 02:00","BZN|BG","3107.00","3016.00"
"31/05/2017 02:00 - 31/05/2017 03:00","BZN|BG","3082.00","2966.00"
"31/05/2017 03:00 - 31/05/2017 04:00","BZN|BG","3092.00","2983.00"
"31/05/2017 04:00 - 31/05/2017 05:00","BZN|BG","3192.00","3059.00"
"31/05/2017 05:00 - 31/05/2017 06:00","BZN|BG","3498.00","3342.00"
"31/05/2017 06:00 - 31/05/2017 07:00","BZN|BG","3867.00","3690.00"
"31/05/2017 07:00 - 31/05/2017 08:00","BZN|BG","4091.00","4008.00"
"31/05/2017 08:00 - 31/05/2017 09:00","BZN|BG","4183.00","4138.00"
"31/05/2017 09:00 - 31/05/2017 10:00","BZN|BG","4131.00","4089.00"
"31/05/2017 10:00 - 31/05/2017 11:00","BZN|BG","4137.00","4064.00"
"31/05/2017 11:00 - 31/05/2017 12:00","BZN|BG","4074.00","3977.00"
"31/05/2017 12:00 - 31/05/2017 13:00","BZN|BG","4152.00","3997.00"
"31/05/2017 13:00 - 31/05/2017 14:00","BZN|BG","4138.00","3947.00"
"31/05/2017 14:00 - 31/05/2017 15:00","BZN|BG","4157.00","3930.00"
"31/05/2017 15:00 - 31/05/2017 16:00","BZN|BG","4100.00","3915.00"
"31/05/2017 16:00 - 31/05/2017 17:00","BZN|BG","4014.00","3953.00"
"31/05/2017 17:00 - 31/05/2017 18:00","BZN|BG","4154.00","4100.00"
"31/05/2017 18:00 - 31/05/2017 19:00","BZN|BG","4239.00","4192.00"
"31/05/2017 19:00 - 31/05/2017 20:00","BZN|BG","4273.00","4204.00"
"31/05/2017 20:00 - 31/05/2017 21:00","BZN|BG","4426.00","4284.00"
"31/05/2017 21:00 - 31/05/2017 22:00","BZN|BG","4289.00","4123.00"
"31/05/2017 22:00 - 31/05/2017 23:00","BZN|BG","3943.00","3880.00"
"31/05/2017 23:00 - 01/06/2017 00:00","BZN|BG","3531.00","3480.00"
"01/06/2017 00:00 - 01/06/2017 01:00","BZN|BG","3245.00","3209.00"
"01/06/2017 01:00 - 01/06/2017 02:00","BZN|BG","3132.00","3075.00"
"01/06/2017 02:00 - 01/06/2017 03:00","BZN|BG","3088.00","3033.00"
"01/06/2017 03:00 - 01/06/2017 04:00","BZN|BG","3091.00","3053.00"
"01/06/2017 04:00 - 01/06/2017 05:00","BZN|BG","3191.00","3128.00"
"01/06/2017 05:00 - 01/06/2017 06:00","BZN|BG","3461.00","3416.00"
"01/06/2017 06:00 - 01/06/2017 07:00","BZN|BG","3824.00","3759.00"
"01/06/2017 07:00 - 01/06/2017 08:00","BZN|BG","4116.00","4060.00"
"01/06/2017 08:00 - 01/06/2017 09:00","BZN|BG","4240.00","4179.00"
"01/06/2017 09:00 - 01/06/2017 10:00","BZN|BG","4180.00","4145.00"
"01/06/2017 10:00 - 01/06/2017 11:00","BZN|BG","4167.00","4130.00"
"01/06/2017 11:00 - 01/06/2017 12:00","BZN|BG","4130.00","4086.00"
"01/06/2017 12:00 - 01/06/2017 13:00","BZN|BG","4249.00","4102.00"
"01/06/2017 13:00 - 01/06/2017 14:00","BZN|BG","4228.00","4073.00"
"01/06/2017 14:00 - 01/06/2017 15:00","BZN|BG","4192.00","4067.00"
"01/06/2017 15:00 - 01/06/2017 16:00","BZN|BG","4173.00","4061.00"
"01/06/2017 16:00 - 01/06/2017 17:00","BZN|BG","4100.00","4078.00"
"01/06/2017 17:00 - 01/06/2017 18:00","BZN|BG","4161.00","4201.00"
"01/06/2017 18:00 - 01/06/2017 19:00","BZN|BG","4255.00","4280.00"
"01/06/2017 19:00 - 01/06/2017 20:00","BZN|BG","4237.00","4293.00"
"01/06/2017 20:00 - 01/06/2017 21:00","BZN|BG","4308.00","4389.00"
"01/06/2017 21:00 - 01/06/2017 22:00","BZN|BG","4117.00","4220.00"
"01/06/2017 22:00 - 01/06/2017 23:00","BZN|BG","3831.00","3953.00"
"01/06/2017 23:00 - 02/06/2017 00:00","BZN|BG","3458.00","3533.00"
"02/06/2017 00:00 - 02/06/2017 01:00","BZN|BG","3147.00","3274.00"
"02/06/2017 01:00 - 02/06/2017 02:00","BZN|BG","3022.00","3145.00"
"02/06/2017 02:00 - 02/06/2017 03:00","BZN|BG","3012.00","3108.00"
"02/06/2017 03:00 - 02/06/2017 04:00","BZN|BG","3049.00","3124.00"
"02/06/2017 04:00 - 02/06/2017 05:00","BZN|BG","3152.00","3199.00"
"02/06/2017 05:00 - 02/06/2017 06:00","BZN|BG","3446.00","3476.00"
"02/06/2017 06:00 - 02/06/2017 07:00","BZN|BG","3767.00","3811.00"
"02/06/2017 07:00 - 02/06/2017 08:00","BZN|BG","4098.00","4093.00"
"02/06/2017 08:00 - 02/06/2017 09:00","BZN|BG","4237.00","4201.00"
"02/06/2017 09:00 - 02/06/2017 10:00","BZN|BG","4185.00","4167.00"
"02/06/2017 10:00 - 02/06/2017 11:00","BZN|BG","4191.00","4155.00"
"02/06/2017 11:00 - 02/06/2017 12:00","BZN|BG","4166.00","4110.00"
"02/06/2017 12:00 - 02/06/2017 13:00","BZN|BG","4283.00","4134.00"
"02/06/2017 13:00 - 02/06/2017 14:00","BZN|BG","4240.00","4107.00"
"02/06/2017 14:00 - 02/06/2017 15:00","BZN|BG","4227.00","4106.00"
"02/06/2017 15:00 - 02/06/2017 16:00","BZN|BG","4211.00","4093.00"
"02/06/2017 16:00 - 02/06/2017 17:00","BZN|BG","4133.00","4092.00"
"02/06/2017 17:00 - 02/06/2017 18:00","BZN|BG","4183.00","4208.00"
"02/06/2017 18:00 - 02/06/2017 19:00","BZN|BG","4290.00","4282.00"
"02/06/2017 19:00 - 02/06/2017 20:00","BZN|BG","4245.00","4294.00"
"02/06/2017 20:00 - 02/06/2017 21:00","BZN|BG","4303.00","4391.00"
"02/06/2017 21:00 - 02/06/2017 22:00","BZN|BG","4123.00","4218.00"
"02/06/2017 22:00 - 02/06/2017 23:00","BZN|BG","3859.00","3920.00"
"02/06/2017 23:00 - 03/06/2017 00:00","BZN|BG","3469.00","3470.00"
"03/06/2017 00:00 - 03/06/2017 01:00","BZN|BG","3216.00","3194.00"
"03/06/2017 01:00 - 03/06/2017 02:00","BZN|BG","3088.00","3083.00"
"03/06/2017 02:00 - 03/06/2017 03:00","BZN|BG","3054.00","3024.00"
"03/06/2017 03:00 - 03/06/2017 04:00","BZN|BG","3030.00","3023.00"
"03/06/2017 04:00 - 03/06/2017 05:00","BZN|BG","3022.00","3035.00"
"03/06/2017 05:00 - 03/06/2017 06:00","BZN|BG","3127.00","3136.00"
"03/06/2017 06:00 - 03/06/2017 07:00","BZN|BG","3374.00","3331.00"
"03/06/2017 07:00 - 03/06/2017 08:00","BZN|BG","3645.00","3605.00"
"03/06/2017 08:00 - 03/06/2017 09:00","BZN|BG","3818.00","3833.00"
"03/06/2017 09:00 - 03/06/2017 10:00","BZN|BG","3814.00","3840.00"
"03/06/2017 10:00 - 03/06/2017 11:00","BZN|BG","3818.00","3846.00"
"03/06/2017 11:00 - 03/06/2017 12:00","BZN|BG","3819.00","3835.00"
"03/06/2017 12:00 - 03/06/2017 13:00","BZN|BG","3771.00","3825.00"
"03/06/2017 13:00 - 03/06/2017 14:00","BZN|BG","3703.00","3786.00"
"03/06/2017 14:00 - 03/06/2017 15:00","BZN|BG","3682.00","3772.00"
"03/06/2017 15:00 - 03/06/2017 16:00","BZN|BG","3653.00","3771.00"
"03/06/2017 16:00 - 03/06/2017 17:00","BZN|BG","3722.00","3764.00"
"03/06/2017 17:00 - 03/06/2017 18:00","BZN|BG","3790.00","3866.00"
"03/06/2017 18:00 - 03/06/2017 19:00","BZN|BG","3974.00","3983.00"
"03/06/2017 19:00 - 03/06/2017 20:00","BZN|BG","3992.00","4016.00"
"03/06/2017 20:00 - 03/06/2017 21:00","BZN|BG","3871.00","4025.00"
"03/06/2017 21:00 - 03/06/2017 22:00","BZN|BG","3662.00","3885.00"
"03/06/2017 22:00 - 03/06/2017 23:00","BZN|BG","3380.00","3640.00"
"03/06/2017 23:00 - 04/06/2017 00:00","BZN|BG","3315.00","3284.00"
"04/06/2017 00:00 - 04/06/2017 01:00","BZN|BG","3090.00","3037.00"
"04/06/2017 01:00 - 04/06/2017 02:00","BZN|BG","2952.00","2923.00"
"04/06/2017 02:00 - 04/06/2017 03:00","BZN|BG","2872.00","2853.00"
"04/06/2017 03:00 - 04/06/2017 04:00","BZN|BG","2889.00","2850.00"
"04/06/2017 04:00 - 04/06/2017 05:00","BZN|BG","2884.00","2832.00"
"04/06/2017 05:00 - 04/06/2017 06:00","BZN|BG","2942.00","2925.00"
"04/06/2017 06:00 - 04/06/2017 07:00","BZN|BG","3169.00","3082.00"
"04/06/2017 07:00 - 04/06/2017 08:00","BZN|BG","3447.00","3399.00"
"04/06/2017 08:00 - 04/06/2017 09:00","BZN|BG","3739.00","3619.00"
"04/06/2017 09:00 - 04/06/2017 10:00","BZN|BG","3802.00","3659.00"
"04/06/2017 10:00 - 04/06/2017 11:00","BZN|BG","3818.00","3713.00"
"04/06/2017 11:00 - 04/06/2017 12:00","BZN|BG","3778.00","3715.00"
"04/06/2017 12:00 - 04/06/2017 13:00","BZN|BG","3753.00","3708.00"
"04/06/2017 13:00 - 04/06/2017 14:00","BZN|BG","3680.00","3676.00"
"04/06/2017 14:00 - 04/06/2017 15:00","BZN|BG","3667.00","3658.00"
"04/06/2017 15:00 - 04/06/2017 16:00","BZN|BG","3707.00","3697.00"
"04/06/2017 16:00 - 04/06/2017 17:00","BZN|BG","3766.00","3767.00"
"04/06/2017 17:00 - 04/06/2017 18:00","BZN|BG","3861.00","3875.00"
"04/06/2017 18:00 - 04/06/2017 19:00","BZN|BG","3907.00","4001.00"
"04/06/2017 19:00 - 04/06/2017 20:00","BZN|BG","3964.00","4081.00"
"04/06/2017 20:00 - 04/06/2017 21:00","BZN|BG","4095.00","4147.00"
"04/06/2017 21:00 - 04/06/2017 22:00","BZN|BG","3973.00","3946.00"
"04/06/2017 22:00 - 04/06/2017 23:00","BZN|BG","3224.00","3602.00"
"04/06/2017 23:00 - 05/06/2017 00:00","BZN|BG","3289.00","3262.00"
"05/06/2017 00:00 - 05/06/2017 01:00","BZN|BG","3044.00","3058.00"
"05/06/2017 01:00 - 05/06/2017 02:00","BZN|BG","2901.00","2939.00"
"05/06/2017 02:00 - 05/06/2017 03:00","BZN|BG","2854.00","2895.00"
"05/06/2017 03:00 - 05/06/2017 04:00","BZN|BG","2862.00","2910.00"
"05/06/2017 04:00 - 05/06/2017 05:00","BZN|BG","3018.00","3022.00"
"05/06/2017 05:00 - 05/06/2017 06:00","BZN|BG","3381.00","3435.00"
"05/06/2017 06:00 - 05/06/2017 07:00","BZN|BG","3759.00","3822.00"
"05/06/2017 07:00 - 05/06/2017 08:00","BZN|BG","4040.00","4089.00"
"05/06/2017 08:00 - 05/06/2017 09:00","BZN|BG","4128.00","4142.00"
"05/06/2017 09:00 - 05/06/2017 10:00","BZN|BG","4089.00","4020.00"
"05/06/2017 10:00 - 05/06/2017 11:00","BZN|BG","4093.00","4006.00"
"05/06/2017 11:00 - 05/06/2017 12:00","BZN|BG","4037.00","3950.00"
"05/06/2017 12:00 - 05/06/2017 13:00","BZN|BG","4146.00","4036.00"
"05/06/2017 13:00 - 05/06/2017 14:00","BZN|BG","4148.00","4027.00"
"05/06/2017 14:00 - 05/06/2017 15:00","BZN|BG","4135.00","4001.00"
"05/06/2017 15:00 - 05/06/2017 16:00","BZN|BG","4125.00","4004.00"
"05/06/2017 16:00 - 05/06/2017 17:00","BZN|BG","4064.00","3939.00"
"05/06/2017 17:00 - 05/06/2017 18:00","BZN|BG","4113.00","3972.00"
"05/06/2017 18:00 - 05/06/2017 19:00","BZN|BG","4149.00","4016.00"
"05/06/2017 19:00 - 05/06/2017 20:00","BZN|BG","4125.00","4027.00"
"05/06/2017 20:00 - 05/06/2017 21:00","BZN|BG","4293.00","4086.00"
"05/06/2017 21:00 - 05/06/2017 22:00","BZN|BG","4124.00","3938.00"
"05/06/2017 22:00 - 05/06/2017 23:00","BZN|BG","3824.00","3695.00"
"05/06/2017 23:00 - 06/06/2017 00:00","BZN|BG","3450.00","3345.00"
"06/06/2017 00:00 - 06/06/2017 01:00","BZN|BG","3190.00","3106.00"
"06/06/2017 01:00 - 06/06/2017 02:00","BZN|BG","3079.00","3000.00"
"06/06/2017 02:00 - 06/06/2017 03:00","BZN|BG","3019.00","2968.00"
"06/06/2017 03:00 - 06/06/2017 04:00","BZN|BG","3012.00","2986.00"
"06/06/2017 04:00 - 06/06/2017 05:00","BZN|BG","3106.00","3091.00"
"06/06/2017 05:00 - 06/06/2017 06:00","BZN|BG","3420.00","3399.00"
"06/06/2017 06:00 - 06/06/2017 07:00","BZN|BG","3794.00","3757.00"
"06/06/2017 07:00 - 06/06/2017 08:00","BZN|BG","4082.00","4052.00"
"06/06/2017 08:00 - 06/06/2017 09:00","BZN|BG","4224.00","4160.00"
"06/06/2017 09:00 - 06/06/2017 10:00","BZN|BG","4184.00","4141.00"
"06/06/2017 10:00 - 06/06/2017 11:00","BZN|BG","4198.00","4138.00"
"06/06/2017 11:00 - 06/06/2017 12:00","BZN|BG","4153.00","4120.00"
"06/06/2017 12:00 - 06/06/2017 13:00","BZN|BG","4194.00","4146.00"
"06/06/2017 13:00 - 06/06/2017 14:00","BZN|BG","4176.00","4134.00"
"06/06/2017 14:00 - 06/06/2017 15:00","BZN|BG","4175.00","4138.00"
"06/06/2017 15:00 - 06/06/2017 16:00","BZN|BG","4206.00","4132.00"
"06/06/2017 16:00 - 06/06/2017 17:00","BZN|BG","4124.00","4112.00"
"06/06/2017 17:00 - 06/06/2017 18:00","BZN|BG","4185.00","4170.00"
"06/06/2017 18:00 - 06/06/2017 19:00","BZN|BG","4244.00","4209.00"
"06/06/2017 19:00 - 06/06/2017 20:00","BZN|BG","4234.00","4206.00"
"06/06/2017 20:00 - 06/06/2017 21:00","BZN|BG","4380.00","4256.00"
"06/06/2017 21:00 - 06/06/2017 22:00","BZN|BG","4249.00","4074.00"
"06/06/2017 22:00 - 06/06/2017 23:00","BZN|BG","3892.00","3767.00"
"06/06/2017 23:00 - 07/06/2017 00:00","BZN|BG","3480.00","3421.00"
"07/06/2017 00:00 - 07/06/2017 01:00","BZN|BG","3206.00","3165.00"
"07/06/2017 01:00 - 07/06/2017 02:00","BZN|BG","3076.00","3061.00"
"07/06/2017 02:00 - 07/06/2017 03:00","BZN|BG","3022.00","3035.00"
"07/06/2017 03:00 - 07/06/2017 04:00","BZN|BG","3009.00","3051.00"
"07/06/2017 04:00 - 07/06/2017 05:00","BZN|BG","3117.00","3148.00"
"07/06/2017 05:00 - 07/06/2017 06:00","BZN|BG","3436.00","3434.00"
"07/06/2017 06:00 - 07/06/2017 07:00","BZN|BG","3836.00","3770.00"
"07/06/2017 07:00 - 07/06/2017 08:00","BZN|BG","4102.00","4047.00"
"07/06/2017 08:00 - 07/06/2017 09:00","BZN|BG","4225.00","4145.00"
"07/06/2017 09:00 - 07/06/2017 10:00","BZN|BG","4198.00","4124.00"
"07/06/2017 10:00 - 07/06/2017 11:00","BZN|BG","4210.00","4123.00"
"07/06/2017 11:00 - 07/06/2017 12:00","BZN|BG","4160.00","4112.00"
"07/06/2017 12:00 - 07/06/2017 13:00","BZN|BG","4266.00","4144.00"
"07/06/2017 13:00 - 07/06/2017 14:00","BZN|BG","4260.00","4132.00"
"07/06/2017 14:00 - 07/06/2017 15:00","BZN|BG","4226.00","4141.00"
"07/06/2017 15:00 - 07/06/2017 16:00","BZN|BG","4139.00","4136.00"
"07/06/2017 16:00 - 07/06/2017 17:00","BZN|BG","4206.00","4109.00"
"07/06/2017 17:00 - 07/06/2017 18:00","BZN|BG","4275.00","4179.00"
"07/06/2017 18:00 - 07/06/2017 19:00","BZN|BG","4321.00","4235.00"
"07/06/2017 19:00 - 07/06/2017 20:00","BZN|BG","4306.00","4232.00"
"07/06/2017 20:00 - 07/06/2017 21:00","BZN|BG","4358.00","4313.00"
"07/06/2017 21:00 - 07/06/2017 22:00","BZN|BG","4218.00","4143.00"
"07/06/2017 22:00 - 07/06/2017 23:00","BZN|BG","3857.00","3833.00"
"07/06/2017 23:00 - 08/06/2017 00:00","BZN|BG","3463.00","3473.00"
"08/06/2017 00:00 - 08/06/2017 01:00","BZN|BG","3222.00","3172.00"
"08/06/2017 01:00 - 08/06/2017 02:00","BZN|BG","3098.00","3044.00"
"08/06/2017 02:00 - 08/06/2017 03:00","BZN|BG","3067.00","3007.00"
"08/06/2017 03:00 - 08/06/2017 04:00","BZN|BG","3053.00","3021.00"
"08/06/2017 04:00 - 08/06/2017 05:00","BZN|BG","3185.00","3122.00"
"08/06/2017 05:00 - 08/06/2017 06:00","BZN|BG","3481.00","3432.00"
"08/06/2017 06:00 - 08/06/2017 07:00","BZN|BG","3847.00","3788.00"
"08/06/2017 07:00 - 08/06/2017 08:00","BZN|BG","4162.00","4077.00"
"08/06/2017 08:00 - 08/06/2017 09:00","BZN|BG","4276.00","4196.00"
"08/06/2017 09:00 - 08/06/2017 10:00","BZN|BG","4281.00","4161.00"
"08/06/2017 10:00 - 08/06/2017 11:00","BZN|BG","4263.00","4159.00"
"08/06/2017 11:00 - 08/06/2017 12:00","BZN|BG","4202.00","4135.00"
"08/06/2017 12:00 - 08/06/2017 13:00","BZN|BG","4218.00","4185.00"
"08/06/2017 13:00 - 08/06/2017 14:00","BZN|BG","4185.00","4164.00"
"08/06/2017 14:00 - 08/06/2017 15:00","BZN|BG","4141.00","4165.00"
"08/06/2017 15:00 - 08/06/2017 16:00","BZN|BG","4158.00","4164.00"
"08/06/2017 16:00 - 08/06/2017 17:00","BZN|BG","4107.00","4119.00"
"08/06/2017 17:00 - 08/06/2017 18:00","BZN|BG","4195.00","4197.00"
"08/06/2017 18:00 - 08/06/2017 19:00","BZN|BG","4233.00","4270.00"
"08/06/2017 19:00 - 08/06/2017 20:00","BZN|BG","4150.00","4270.00"
"08/06/2017 20:00 - 08/06/2017 21:00","BZN|BG","4226.00","4377.00"
"08/06/2017 21:00 - 08/06/2017 22:00","BZN|BG","4114.00","4212.00"
"08/06/2017 22:00 - 08/06/2017 23:00","BZN|BG","3810.00","3894.00"
"08/06/2017 23:00 - 09/06/2017 00:00","BZN|BG","3426.00","3445.00"
"09/06/2017 00:00 - 09/06/2017 01:00","BZN|BG","3168.00","3202.00"
"09/06/2017 01:00 - 09/06/2017 02:00","BZN|BG","3049.00","3098.00"
"09/06/2017 02:00 - 09/06/2017 03:00","BZN|BG","3015.00","3066.00"
"09/06/2017 03:00 - 09/06/2017 04:00","BZN|BG","3061.00","3074.00"
"09/06/2017 04:00 - 09/06/2017 05:00","BZN|BG","3140.00","3175.00"
"09/06/2017 05:00 - 09/06/2017 06:00","BZN|BG","3452.00","3480.00"
"09/06/2017 06:00 - 09/06/2017 07:00","BZN|BG","3809.00","3837.00"
"09/06/2017 07:00 - 09/06/2017 08:00","BZN|BG","4103.00","4115.00"
"09/06/2017 08:00 - 09/06/2017 09:00","BZN|BG","4222.00","4231.00"
"09/06/2017 09:00 - 09/06/2017 10:00","BZN|BG","4163.00","4181.00"
"09/06/2017 10:00 - 09/06/2017 11:00","BZN|BG","4145.00","4180.00"
"09/06/2017 11:00 - 09/06/2017 12:00","BZN|BG","4068.00","4133.00"
"09/06/2017 12:00 - 09/06/2017 13:00","BZN|BG","4112.00","4227.00"
"09/06/2017 13:00 - 09/06/2017 14:00","BZN|BG","4075.00","4200.00"
"09/06/2017 14:00 - 09/06/2017 15:00","BZN|BG","4065.00","4192.00"
"09/06/2017 15:00 - 09/06/2017 16:00","BZN|BG","4063.00","4192.00"
"09/06/2017 16:00 - 09/06/2017 17:00","BZN|BG","4086.00","4126.00"
"09/06/2017 17:00 - 09/06/2017 18:00","BZN|BG","4186.00","4198.00"
"09/06/2017 18:00 - 09/06/2017 19:00","BZN|BG","4230.00","4263.00"
"09/06/2017 19:00 - 09/06/2017 20:00","BZN|BG","4186.00","4260.00"
"09/06/2017 20:00 - 09/06/2017 21:00","BZN|BG","4206.00","4350.00"
"09/06/2017 21:00 - 09/06/2017 22:00","BZN|BG","4065.00","4178.00"
"09/06/2017 22:00 - 09/06/2017 23:00","BZN|BG","3794.00","3829.00"
"09/06/2017 23:00 - 10/06/2017 00:00","BZN|BG","3441.00","3444.00"
"10/06/2017 00:00 - 10/06/2017 01:00","BZN|BG","3170.00","3192.00"
"10/06/2017 01:00 - 10/06/2017 02:00","BZN|BG","3047.00","3069.00"
"10/06/2017 02:00 - 10/06/2017 03:00","BZN|BG","2976.00","3028.00"
"10/06/2017 03:00 - 10/06/2017 04:00","BZN|BG","2975.00","3002.00"
"10/06/2017 04:00 - 10/06/2017 05:00","BZN|BG","2991.00","3003.00"
"10/06/2017 05:00 - 10/06/2017 06:00","BZN|BG","3090.00","3091.00"
"10/06/2017 06:00 - 10/06/2017 07:00","BZN|BG","3339.00","3370.00"
"10/06/2017 07:00 - 10/06/2017 08:00","BZN|BG","3660.00","3660.00"
"10/06/2017 08:00 - 10/06/2017 09:00","BZN|BG","3856.00","3866.00"
"10/06/2017 09:00 - 10/06/2017 10:00","BZN|BG","3845.00","3886.00"
"10/06/2017 10:00 - 10/06/2017 11:00","BZN|BG","3854.00","3913.00"
"10/06/2017 11:00 - 10/06/2017 12:00","BZN|BG","3819.00","3941.00"
"10/06/2017 12:00 - 10/06/2017 13:00","BZN|BG","3821.00","3871.00"
"10/06/2017 13:00 - 10/06/2017 14:00","BZN|BG","3724.00","3702.00"
"10/06/2017 14:00 - 10/06/2017 15:00","BZN|BG","3695.00","3700.00"
"10/06/2017 15:00 - 10/06/2017 16:00","BZN|BG","3677.00","3650.00"
"10/06/2017 16:00 - 10/06/2017 17:00","BZN|BG","3722.00","3735.00"
"10/06/2017 17:00 - 10/06/2017 18:00","BZN|BG","3765.00","3815.00"
"10/06/2017 18:00 - 10/06/2017 19:00","BZN|BG","3797.00","3882.00"
"10/06/2017 19:00 - 10/06/2017 20:00","BZN|BG","3797.00","3870.00"
"10/06/2017 20:00 - 10/06/2017 21:00","BZN|BG","3907.00","3899.00"
"10/06/2017 21:00 - 10/06/2017 22:00","BZN|BG","3829.00","3784.00"
"10/06/2017 22:00 - 10/06/2017 23:00","BZN|BG","3626.00","3571.00"
"10/06/2017 23:00 - 11/06/2017 00:00","BZN|BG","3276.00","3324.00"
"11/06/2017 00:00 - 11/06/2017 01:00","BZN|BG","3043.00","3100.00"
"11/06/2017 01:00 - 11/06/2017 02:00","BZN|BG","2900.00","2959.00"
"11/06/2017 02:00 - 11/06/2017 03:00","BZN|BG","2832.00","2881.00"
"11/06/2017 03:00 - 11/06/2017 04:00","BZN|BG","2826.00","2903.00"
"11/06/2017 04:00 - 11/06/2017 05:00","BZN|BG","2824.00","2899.00"
"11/06/2017 05:00 - 11/06/2017 06:00","BZN|BG","2868.00","2959.00"
"11/06/2017 06:00 - 11/06/2017 07:00","BZN|BG","3077.00","3165.00"
"11/06/2017 07:00 - 11/06/2017 08:00","BZN|BG","3391.00","3438.00"
"11/06/2017 08:00 - 11/06/2017 09:00","BZN|BG","3634.00","3727.00"
"11/06/2017 09:00 - 11/06/2017 10:00","BZN|BG","3705.00","3770.00"
"11/06/2017 10:00 - 11/06/2017 11:00","BZN|BG","3730.00","3782.00"
"11/06/2017 11:00 - 11/06/2017 12:00","BZN|BG","3755.00","3729.00"
"11/06/2017 12:00 - 11/06/2017 13:00","BZN|BG","3751.00","3706.00"
"11/06/2017 13:00 - 11/06/2017 14:00","BZN|BG","3669.00","3573.00"
"11/06/2017 14:00 - 11/06/2017 15:00","BZN|BG","3630.00","3558.00"
"11/06/2017 15:00 - 11/06/2017 16:00","BZN|BG","3670.00","3625.00"
"11/06/2017 16:00 - 11/06/2017 17:00","BZN|BG","3763.00","3717.00"
"11/06/2017 17:00 - 11/06/2017 18:00","BZN|BG","3893.00","3807.00"
"11/06/2017 18:00 - 11/06/2017 19:00","BZN|BG","3971.00","3841.00"
"11/06/2017 19:00 - 11/06/2017 20:00","BZN|BG","4011.00","3895.00"
"11/06/2017 20:00 - 11/06/2017 21:00","BZN|BG","4090.00","4003.00"
"11/06/2017 21:00 - 11/06/2017 22:00","BZN|BG","4010.00","3856.00"
"11/06/2017 22:00 - 11/06/2017 23:00","BZN|BG","3710.00","3558.00"
"11/06/2017 23:00 - 12/06/2017 00:00","BZN|BG","3304.00","3236.00"
"12/06/2017 00:00 - 12/06/2017 01:00","BZN|BG","3032.00","3002.00"
"12/06/2017 01:00 - 12/06/2017 02:00","BZN|BG","2906.00","2872.00"
"12/06/2017 02:00 - 12/06/2017 03:00","BZN|BG","2862.00","2829.00"
"12/06/2017 03:00 - 12/06/2017 04:00","BZN|BG","2860.00","2845.00"
"12/06/2017 04:00 - 12/06/2017 05:00","BZN|BG","2983.00","2984.00"
"12/06/2017 05:00 - 12/06/2017 06:00","BZN|BG","3321.00","3344.00"
"12/06/2017 06:00 - 12/06/2017 07:00","BZN|BG","3710.00","3736.00"
"12/06/2017 07:00 - 12/06/2017 08:00","BZN|BG","4024.00","4024.00"
"12/06/2017 08:00 - 12/06/2017 09:00","BZN|BG","4120.00","4108.00"
"12/06/2017 09:00 - 12/06/2017 10:00","BZN|BG","4063.00","4064.00"
"12/06/2017 10:00 - 12/06/2017 11:00","BZN|BG","4068.00","4066.00"
"12/06/2017 11:00 - 12/06/2017 12:00","BZN|BG","4026.00","4003.00"
"12/06/2017 12:00 - 12/06/2017 13:00","BZN|BG","4147.00","4114.00"
"12/06/2017 13:00 - 12/06/2017 14:00","BZN|BG","4127.00","4121.00"
"12/06/2017 14:00 - 12/06/2017 15:00","BZN|BG","4112.00","4195.00"
"12/06/2017 15:00 - 12/06/2017 16:00","BZN|BG","4082.00","4147.00"
"12/06/2017 16:00 - 12/06/2017 17:00","BZN|BG","4005.00","3982.00"
"12/06/2017 17:00 - 12/06/2017 18:00","BZN|BG","4068.00","4022.00"
"12/06/2017 18:00 - 12/06/2017 19:00","BZN|BG","4117.00","4042.00"
"12/06/2017 19:00 - 12/06/2017 20:00","BZN|BG","4121.00","3990.00"
"12/06/2017 20:00 - 12/06/2017 21:00","BZN|BG","4275.00","4159.00"
"12/06/2017 21:00 - 12/06/2017 22:00","BZN|BG","4155.00","4015.00"
"12/06/2017 22:00 - 12/06/2017 23:00","BZN|BG","3775.00","3783.00"
"12/06/2017 23:00 - 13/06/2017 00:00","BZN|BG","3402.00","3400.00"
"13/06/2017 00:00 - 13/06/2017 01:00","BZN|BG","3118.00","3147.00"
"13/06/2017 01:00 - 13/06/2017 02:00","BZN|BG","3039.00","3034.00"
"13/06/2017 02:00 - 13/06/2017 03:00","BZN|BG","2993.00","2999.00"
"13/06/2017 03:00 - 13/06/2017 04:00","BZN|BG","2990.00","3005.00"
"13/06/2017 04:00 - 13/06/2017 05:00","BZN|BG","3067.00","3107.00"
"13/06/2017 05:00 - 13/06/2017 06:00","BZN|BG","3342.00","3394.00"
"13/06/2017 06:00 - 13/06/2017 07:00","BZN|BG","3680.00","3740.00"
"13/06/2017 07:00 - 13/06/2017 08:00","BZN|BG","3993.00","4030.00"
"13/06/2017 08:00 - 13/06/2017 09:00","BZN|BG","4116.00","4147.00"
"13/06/2017 09:00 - 13/06/2017 10:00","BZN|BG","4085.00","4120.00"
"13/06/2017 10:00 - 13/06/2017 11:00","BZN|BG","4115.00","4129.00"
"13/06/2017 11:00 - 13/06/2017 12:00","BZN|BG","4098.00","4075.00"
"13/06/2017 12:00 - 13/06/2017 13:00","BZN|BG","4192.00","4141.00"
"13/06/2017 13:00 - 13/06/2017 14:00","BZN|BG","4164.00","4110.00"
"13/06/2017 14:00 - 13/06/2017 15:00","BZN|BG","4155.00","4097.00"
"13/06/2017 15:00 - 13/06/2017 16:00","BZN|BG","4123.00","4107.00"
"13/06/2017 16:00 - 13/06/2017 17:00","BZN|BG","4089.00","4065.00"
"13/06/2017 17:00 - 13/06/2017 18:00","BZN|BG","4123.00","4152.00"
"13/06/2017 18:00 - 13/06/2017 19:00","BZN|BG","4172.00","4207.00"
"13/06/2017 19:00 - 13/06/2017 20:00","BZN|BG","4124.00","4170.00"
"13/06/2017 20:00 - 13/06/2017 21:00","BZN|BG","4246.00","4243.00"
"13/06/2017 21:00 - 13/06/2017 22:00","BZN|BG","4155.00","4123.00"
"13/06/2017 22:00 - 13/06/2017 23:00","BZN|BG","3804.00","3865.00"
"13/06/2017 23:00 - 14/06/2017 00:00","BZN|BG","3383.00","3438.00"
"14/06/2017 00:00 - 14/06/2017 01:00","BZN|BG","3176.00","3180.00"
"14/06/2017 01:00 - 14/06/2017 02:00","BZN|BG","3061.00","3056.00"
"14/06/2017 02:00 - 14/06/2017 03:00","BZN|BG","3039.00","3016.00"
"14/06/2017 03:00 - 14/06/2017 04:00","BZN|BG","3039.00","3014.00"
"14/06/2017 04:00 - 14/06/2017 05:00","BZN|BG","3107.00","3115.00"
"14/06/2017 05:00 - 14/06/2017 06:00","BZN|BG","3433.00","3399.00"
"14/06/2017 06:00 - 14/06/2017 07:00","BZN|BG","3815.00","3755.00"
"14/06/2017 07:00 - 14/06/2017 08:00","BZN|BG","4113.00","4035.00"
"14/06/2017 08:00 - 14/06/2017 09:00","BZN|BG","4244.00","4148.00"
"14/06/2017 09:00 - 14/06/2017 10:00","BZN|BG","4193.00","4122.00"
"14/06/2017 10:00 - 14/06/2017 11:00","BZN|BG","4244.00","4131.00"
"14/06/2017 11:00 - 14/06/2017 12:00","BZN|BG","4228.00","4069.00"
"14/06/2017 12:00 - 14/06/2017 13:00","BZN|BG","4343.00","4121.00"
"14/06/2017 13:00 - 14/06/2017 14:00","BZN|BG","4340.00","4096.00"
"14/06/2017 14:00 - 14/06/2017 15:00","BZN|BG","4314.00","4072.00"
"14/06/2017 15:00 - 14/06/2017 16:00","BZN|BG","4280.00","4082.00"
"14/06/2017 16:00 - 14/06/2017 17:00","BZN|BG","4219.00","4056.00"
"14/06/2017 17:00 - 14/06/2017 18:00","BZN|BG","4300.00","4186.00"
"14/06/2017 18:00 - 14/06/2017 19:00","BZN|BG","4364.00","4248.00"
"14/06/2017 19:00 - 14/06/2017 20:00","BZN|BG","4318.00","4194.00"
"14/06/2017 20:00 - 14/06/2017 21:00","BZN|BG","4386.00","4301.00"
"14/06/2017 21:00 - 14/06/2017 22:00","BZN|BG","4253.00","4155.00"
"14/06/2017 22:00 - 14/06/2017 23:00","BZN|BG","3920.00","3801.00"
"14/06/2017 23:00 - 15/06/2017 00:00","BZN|BG","3512.00","3393.00"
"15/06/2017 00:00 - 15/06/2017 01:00","BZN|BG","3233.00","3160.00"
"15/06/2017 01:00 - 15/06/2017 02:00","BZN|BG","3120.00","3061.00"
"15/06/2017 02:00 - 15/06/2017 03:00","BZN|BG","3083.00","3026.00"
"15/06/2017 03:00 - 15/06/2017 04:00","BZN|BG","3086.00","3023.00"
"15/06/2017 04:00 - 15/06/2017 05:00","BZN|BG","3193.00","3120.00"
"15/06/2017 05:00 - 15/06/2017 06:00","BZN|BG","3493.00","3405.00"
"15/06/2017 06:00 - 15/06/2017 07:00","BZN|BG","3849.00","3768.00"
"15/06/2017 07:00 - 15/06/2017 08:00","BZN|BG","4165.00","4055.00"
"15/06/2017 08:00 - 15/06/2017 09:00","BZN|BG","4276.00","4172.00"
"15/06/2017 09:00 - 15/06/2017 10:00","BZN|BG","4218.00","4143.00"
"15/06/2017 10:00 - 15/06/2017 11:00","BZN|BG","4244.00","4159.00"
"15/06/2017 11:00 - 15/06/2017 12:00","BZN|BG","4192.00","4106.00"
"15/06/2017 12:00 - 15/06/2017 13:00","BZN|BG","4285.00","4166.00"
"15/06/2017 13:00 - 15/06/2017 14:00","BZN|BG","4267.00","4138.00"
"15/06/2017 14:00 - 15/06/2017 15:00","BZN|BG","4262.00","4121.00"
"15/06/2017 15:00 - 15/06/2017 16:00","BZN|BG","4240.00","4123.00"
"15/06/2017 16:00 - 15/06/2017 17:00","BZN|BG","4173.00","4096.00"
"15/06/2017 17:00 - 15/06/2017 18:00","BZN|BG","4199.00","4186.00"
"15/06/2017 18:00 - 15/06/2017 19:00","BZN|BG","4266.00","4234.00"
"15/06/2017 19:00 - 15/06/2017 20:00","BZN|BG","4239.00","4190.00"
"15/06/2017 20:00 - 15/06/2017 21:00","BZN|BG","4364.00","4290.00"
"15/06/2017 21:00 - 15/06/2017 22:00","BZN|BG","4255.00","4151.00"
"15/06/2017 22:00 - 15/06/2017 23:00","BZN|BG","3954.00","3791.00"
"15/06/2017 23:00 - 16/06/2017 00:00","BZN|BG","3540.00","3405.00"
"16/06/2017 00:00 - 16/06/2017 01:00","BZN|BG","3245.00","3187.00"
"16/06/2017 01:00 - 16/06/2017 02:00","BZN|BG","3132.00","3093.00"
"16/06/2017 02:00 - 16/06/2017 03:00","BZN|BG","3087.00","3060.00"
"16/06/2017 03:00 - 16/06/2017 04:00","BZN|BG","3087.00","3059.00"
"16/06/2017 04:00 - 16/06/2017 05:00","BZN|BG","3169.00","3152.00"
"16/06/2017 05:00 - 16/06/2017 06:00","BZN|BG","3443.00","3462.00"
"16/06/2017 06:00 - 16/06/2017 07:00","BZN|BG","3839.00","3843.00"
"16/06/2017 07:00 - 16/06/2017 08:00","BZN|BG","4150.00","4140.00"
"16/06/2017 08:00 - 16/06/2017 09:00","BZN|BG","4269.00","4266.00"
"16/06/2017 09:00 - 16/06/2017 10:00","BZN|BG","4192.00","4232.00"
"16/06/2017 10:00 - 16/06/2017 11:00","BZN|BG","4201.00","4248.00"
"16/06/2017 11:00 - 16/06/2017 12:00","BZN|BG","4177.00","4202.00"
"16/06/2017 12:00 - 16/06/2017 13:00","BZN|BG","4270.00","4270.00"
"16/06/2017 13:00 - 16/06/2017 14:00","BZN|BG","4219.00","4242.00"
"16/06/2017 14:00 - 16/06/2017 15:00","BZN|BG","4230.00","4225.00"
"16/06/2017 15:00 - 16/06/2017 16:00","BZN|BG","4220.00","4203.00"
"16/06/2017 16:00 - 16/06/2017 17:00","BZN|BG","4162.00","4183.00"
"16/06/2017 17:00 - 16/06/2017 18:00","BZN|BG","4227.00","4272.00"
"16/06/2017 18:00 - 16/06/2017 19:00","BZN|BG","4218.00","4329.00"
"16/06/2017 19:00 - 16/06/2017 20:00","BZN|BG","4178.00","4281.00"
"16/06/2017 20:00 - 16/06/2017 21:00","BZN|BG","4282.00","4384.00"
"16/06/2017 21:00 - 16/06/2017 22:00","BZN|BG","4180.00","4258.00"
"16/06/2017 22:00 - 16/06/2017 23:00","BZN|BG","3901.00","3926.00"
"16/06/2017 23:00 - 17/06/2017 00:00","BZN|BG","3524.00","3513.00"
"17/06/2017 00:00 - 17/06/2017 01:00","BZN|BG","3242.00","3241.00"
"17/06/2017 01:00 - 17/06/2017 02:00","BZN|BG","3091.00","3117.00"
"17/06/2017 02:00 - 17/06/2017 03:00","BZN|BG","3015.00","3045.00"
"17/06/2017 03:00 - 17/06/2017 04:00","BZN|BG","3017.00","3045.00"
"17/06/2017 04:00 - 17/06/2017 05:00","BZN|BG","3011.00","3060.00"
"17/06/2017 05:00 - 17/06/2017 06:00","BZN|BG","3106.00","3154.00"
"17/06/2017 06:00 - 17/06/2017 07:00","BZN|BG","3345.00","3389.00"
"17/06/2017 07:00 - 17/06/2017 08:00","BZN|BG","3676.00","3694.00"
"17/06/2017 08:00 - 17/06/2017 09:00","BZN|BG","3893.00","3879.00"
"17/06/2017 09:00 - 17/06/2017 10:00","BZN|BG","3921.00","3871.00"
"17/06/2017 10:00 - 17/06/2017 11:00","BZN|BG","3964.00","3878.00"
"17/06/2017 11:00 - 17/06/2017 12:00","BZN|BG","3934.00","3851.00"
"17/06/2017 12:00 - 17/06/2017 13:00","BZN|BG","3911.00","3853.00"
"17/06/2017 13:00 - 17/06/2017 14:00","BZN|BG","3786.00","3781.00"
"17/06/2017 14:00 - 17/06/2017 15:00","BZN|BG","3738.00","3760.00"
"17/06/2017 15:00 - 17/06/2017 16:00","BZN|BG","3763.00","3747.00"
"17/06/2017 16:00 - 17/06/2017 17:00","BZN|BG","3765.00","3815.00"
"17/06/2017 17:00 - 17/06/2017 18:00","BZN|BG","3855.00","3881.00"
"17/06/2017 18:00 - 17/06/2017 19:00","BZN|BG","3924.00","3930.00"
"17/06/2017 19:00 - 17/06/2017 20:00","BZN|BG","3882.00","3931.00"
"17/06/2017 20:00 - 17/06/2017 21:00","BZN|BG","3868.00","4100.00"
"17/06/2017 21:00 - 17/06/2017 22:00","BZN|BG","3822.00","4007.00"
"17/06/2017 22:00 - 17/06/2017 23:00","BZN|BG","3609.00","3767.00"
"17/06/2017 23:00 - 18/06/2017 00:00","BZN|BG","3311.00","3375.00"
"18/06/2017 00:00 - 18/06/2017 01:00","BZN|BG","3071.00","3147.00"
"18/06/2017 01:00 - 18/06/2017 02:00","BZN|BG","2935.00","3002.00"
"18/06/2017 02:00 - 18/06/2017 03:00","BZN|BG","2871.00","2935.00"
"18/06/2017 03:00 - 18/06/2017 04:00","BZN|BG","2856.00","2924.00"
"18/06/2017 04:00 - 18/06/2017 05:00","BZN|BG","2850.00","2917.00"
"18/06/2017 05:00 - 18/06/2017 06:00","BZN|BG","2931.00","2942.00"
"18/06/2017 06:00 - 18/06/2017 07:00","BZN|BG","3141.00","3105.00"
"18/06/2017 07:00 - 18/06/2017 08:00","BZN|BG","3447.00","3376.00"
"18/06/2017 08:00 - 18/06/2017 09:00","BZN|BG","3682.00","3609.00"
"18/06/2017 09:00 - 18/06/2017 10:00","BZN|BG","3739.00","3689.00"
"18/06/2017 10:00 - 18/06/2017 11:00","BZN|BG","3770.00","3733.00"
"18/06/2017 11:00 - 18/06/2017 12:00","BZN|BG","3794.00","3765.00"
"18/06/2017 12:00 - 18/06/2017 13:00","BZN|BG","3767.00","3766.00"
"18/06/2017 13:00 - 18/06/2017 14:00","BZN|BG","3703.00","3694.00"
"18/06/2017 14:00 - 18/06/2017 15:00","BZN|BG","3726.00","3684.00"
"18/06/2017 15:00 - 18/06/2017 16:00","BZN|BG","3697.00","3730.00"
"18/06/2017 16:00 - 18/06/2017 17:00","BZN|BG","3734.00","3836.00"
"18/06/2017 17:00 - 18/06/2017 18:00","BZN|BG","3941.00","3978.00"
"18/06/2017 18:00 - 18/06/2017 19:00","BZN|BG","4020.00","4084.00"
"18/06/2017 19:00 - 18/06/2017 20:00","BZN|BG","4042.00","4122.00"
"18/06/2017 20:00 - 18/06/2017 21:00","BZN|BG","4067.00","4240.00"
"18/06/2017 21:00 - 18/06/2017 22:00","BZN|BG","3947.00","4141.00"
"18/06/2017 22:00 - 18/06/2017 23:00","BZN|BG","3619.00","3740.00"
"18/06/2017 23:00 - 19/06/2017 00:00","BZN|BG","3295.00","3324.00"
"19/06/2017 00:00 - 19/06/2017 01:00","BZN|BG","3082.00","3055.00"
"19/06/2017 01:00 - 19/06/2017 02:00","BZN|BG","2968.00","2914.00"
"19/06/2017 02:00 - 19/06/2017 03:00","BZN|BG","2883.00","2871.00"
"19/06/2017 03:00 - 19/06/2017 04:00","BZN|BG","2906.00","2863.00"
"19/06/2017 04:00 - 19/06/2017 05:00","BZN|BG","3007.00","2991.00"
"19/06/2017 05:00 - 19/06/2017 06:00","BZN|BG","3365.00","3350.00"
"19/06/2017 06:00 - 19/06/2017 07:00","BZN|BG","3749.00","3773.00"
"19/06/2017 07:00 - 19/06/2017 08:00","BZN|BG","4063.00","4104.00"
"19/06/2017 08:00 - 19/06/2017 09:00","BZN|BG","4166.00","4218.00"
"19/06/2017 09:00 - 19/06/2017 10:00","BZN|BG","4113.00","4153.00"
"19/06/2017 10:00 - 19/06/2017 11:00","BZN|BG","4111.00","4158.00"
"19/06/2017 11:00 - 19/06/2017 12:00","BZN|BG","4032.00","4128.00"
"19/06/2017 12:00 - 19/06/2017 13:00","BZN|BG","4112.00","4273.00"
"19/06/2017 13:00 - 19/06/2017 14:00","BZN|BG","4121.00","4239.00"
"19/06/2017 14:00 - 19/06/2017 15:00","BZN|BG","4094.00","4196.00"
"19/06/2017 15:00 - 19/06/2017 16:00","BZN|BG","4018.00","4150.00"
"19/06/2017 16:00 - 19/06/2017 17:00","BZN|BG","4019.00","3997.00"
"19/06/2017 17:00 - 19/06/2017 18:00","BZN|BG","4046.00","4037.00"
"19/06/2017 18:00 - 19/06/2017 19:00","BZN|BG","4148.00","4059.00"
"19/06/2017 19:00 - 19/06/2017 20:00","BZN|BG","4151.00","4058.00"
"19/06/2017 20:00 - 19/06/2017 21:00","BZN|BG","4211.00","4135.00"
"19/06/2017 21:00 - 19/06/2017 22:00","BZN|BG","4068.00","4052.00"
"19/06/2017 22:00 - 19/06/2017 23:00","BZN|BG","3676.00","3786.00"
"19/06/2017 23:00 - 20/06/2017 00:00","BZN|BG","3431.00","3444.00"
"20/06/2017 00:00 - 20/06/2017 01:00","BZN|BG","3167.00","3135.00"
"20/06/2017 01:00 - 20/06/2017 02:00","BZN|BG","3071.00","3017.00"
"20/06/2017 02:00 - 20/06/2017 03:00","BZN|BG","3016.00","2977.00"
"20/06/2017 03:00 - 20/06/2017 04:00","BZN|BG","3014.00","2985.00"
"20/06/2017 04:00 - 20/06/2017 05:00","BZN|BG","3082.00","3071.00"
"20/06/2017 05:00 - 20/06/2017 06:00","BZN|BG","3381.00","3399.00"
"20/06/2017 06:00 - 20/06/2017 07:00","BZN|BG","3743.00","3817.00"
"20/06/2017 07:00 - 20/06/2017 08:00","BZN|BG","4082.00","4156.00"
"20/06/2017 08:00 - 20/06/2017 09:00","BZN|BG","4213.00","4288.00"
"20/06/2017 09:00 - 20/06/2017 10:00","BZN|BG","4147.00","4221.00"
"20/06/2017 10:00 - 20/06/2017 11:00","BZN|BG","4121.00","4252.00"
"20/06/2017 11:00 - 20/06/2017 12:00","BZN|BG","4079.00","4206.00"
"20/06/2017 12:00 - 20/06/2017 13:00","BZN|BG","4147.00","4306.00"
"20/06/2017 13:00 - 20/06/2017 14:00","BZN|BG","4117.00","4223.00"
"20/06/2017 14:00 - 20/06/2017 15:00","BZN|BG","4138.00","4250.00"
"20/06/2017 15:00 - 20/06/2017 16:00","BZN|BG","4157.00","4188.00"
"20/06/2017 16:00 - 20/06/2017 17:00","BZN|BG","4105.00","4128.00"
"20/06/2017 17:00 - 20/06/2017 18:00","BZN|BG","4174.00","4188.00"
"20/06/2017 18:00 - 20/06/2017 19:00","BZN|BG","4253.00","4224.00"
"20/06/2017 19:00 - 20/06/2017 20:00","BZN|BG","4224.00","4182.00"
"20/06/2017 20:00 - 20/06/2017 21:00","BZN|BG","4332.00","4272.00"
"20/06/2017 21:00 - 20/06/2017 22:00","BZN|BG","4185.00","4162.00"
"20/06/2017 22:00 - 20/06/2017 23:00","BZN|BG","3853.00","3861.00"
"20/06/2017 23:00 - 21/06/2017 00:00","BZN|BG","3468.00","3385.00"
"21/06/2017 00:00 - 21/06/2017 01:00","BZN|BG","3238.00","3098.00"
"21/06/2017 01:00 - 21/06/2017 02:00","BZN|BG","3075.00","2994.00"
"21/06/2017 02:00 - 21/06/2017 03:00","BZN|BG","3051.00","2956.00"
"21/06/2017 03:00 - 21/06/2017 04:00","BZN|BG","3061.00","2954.00"
"21/06/2017 04:00 - 21/06/2017 05:00","BZN|BG","3136.00","3030.00"
"21/06/2017 05:00 - 21/06/2017 06:00","BZN|BG","3448.00","3318.00"
"21/06/2017 06:00 - 21/06/2017 07:00","BZN|BG","3808.00","3694.00"
"21/06/2017 07:00 - 21/06/2017 08:00","BZN|BG","4119.00","3999.00"
"21/06/2017 08:00 - 21/06/2017 09:00","BZN|BG","4236.00","4117.00"
"21/06/2017 09:00 - 21/06/2017 10:00","BZN|BG","4185.00","4056.00"
"21/06/2017 10:00 - 21/06/2017 11:00","BZN|BG","4212.00","4095.00"
"21/06/2017 11:00 - 21/06/2017 12:00","BZN|BG","4187.00","4064.00"
"21/06/2017 12:00 - 21/06/2017 13:00","BZN|BG","4274.00","4165.00"
"21/06/2017 13:00 - 21/06/2017 14:00","BZN|BG","4277.00","4083.00"
"21/06/2017 14:00 - 21/06/2017 15:00","BZN|BG","4244.00","4126.00"
"21/06/2017 15:00 - 21/06/2017 16:00","BZN|BG","4224.00","4046.00"
"21/06/2017 16:00 - 21/06/2017 17:00","BZN|BG","4188.00","3951.00"
"21/06/2017 17:00 - 21/06/2017 18:00","BZN|BG","4266.00","4058.00"
"21/06/2017 18:00 - 21/06/2017 19:00","BZN|BG","4280.00","4133.00"
"21/06/2017 19:00 - 21/06/2017 20:00","BZN|BG","4280.00","4042.00"
"21/06/2017 20:00 - 21/06/2017 21:00","BZN|BG","4381.00","4277.00"
"21/06/2017 21:00 - 21/06/2017 22:00","BZN|BG","4292.00","4141.00"
"21/06/2017 22:00 - 21/06/2017 23:00","BZN|BG","3948.00","3728.00"
"21/06/2017 23:00 - 22/06/2017 00:00","BZN|BG","3525.00","3459.00"
"22/06/2017 00:00 - 22/06/2017 01:00","BZN|BG","3243.00","3179.00"
"22/06/2017 01:00 - 22/06/2017 02:00","BZN|BG","3127.00","3073.00"
"22/06/2017 02:00 - 22/06/2017 03:00","BZN|BG","3074.00","3035.00"
"22/06/2017 03:00 - 22/06/2017 04:00","BZN|BG","3060.00","3039.00"
"22/06/2017 04:00 - 22/06/2017 05:00","BZN|BG","3138.00","3123.00"
"22/06/2017 05:00 - 22/06/2017 06:00","BZN|BG","3436.00","3430.00"
"22/06/2017 06:00 - 22/06/2017 07:00","BZN|BG","3838.00","3819.00"
"22/06/2017 07:00 - 22/06/2017 08:00","BZN|BG","4115.00","4138.00"
"22/06/2017 08:00 - 22/06/2017 09:00","BZN|BG","4227.00","4261.00"
"22/06/2017 09:00 - 22/06/2017 10:00","BZN|BG","4262.00","4203.00"
"22/06/2017 10:00 - 22/06/2017 11:00","BZN|BG","4302.00","4222.00"
"22/06/2017 11:00 - 22/06/2017 12:00","BZN|BG","4285.00","4190.00"
"22/06/2017 12:00 - 22/06/2017 13:00","BZN|BG","4350.00","4290.00"
"22/06/2017 13:00 - 22/06/2017 14:00","BZN|BG","4375.00","4257.00"
"22/06/2017 14:00 - 22/06/2017 15:00","BZN|BG","4372.00","4257.00"
"22/06/2017 15:00 - 22/06/2017 16:00","BZN|BG","4341.00","4243.00"
"22/06/2017 16:00 - 22/06/2017 17:00","BZN|BG","4257.00","4171.00"
"22/06/2017 17:00 - 22/06/2017 18:00","BZN|BG","4289.00","4244.00"
"22/06/2017 18:00 - 22/06/2017 19:00","BZN|BG","4344.00","4309.00"
"22/06/2017 19:00 - 22/06/2017 20:00","BZN|BG","4292.00","4258.00"
"22/06/2017 20:00 - 22/06/2017 21:00","BZN|BG","4416.00","4395.00"
"22/06/2017 21:00 - 22/06/2017 22:00","BZN|BG","4343.00","4250.00"
"22/06/2017 22:00 - 22/06/2017 23:00","BZN|BG","4014.00","3859.00"
"22/06/2017 23:00 - 23/06/2017 00:00","BZN|BG","3521.00","3543.00"
"23/06/2017 00:00 - 23/06/2017 01:00","BZN|BG","3190.00","3251.00"
"23/06/2017 01:00 - 23/06/2017 02:00","BZN|BG","3056.00","3123.00"
"23/06/2017 02:00 - 23/06/2017 03:00","BZN|BG","3005.00","3086.00"
"23/06/2017 03:00 - 23/06/2017 04:00","BZN|BG","3001.00","3089.00"
"23/06/2017 04:00 - 23/06/2017 05:00","BZN|BG","3105.00","3169.00"
"23/06/2017 05:00 - 23/06/2017 06:00","BZN|BG","3395.00","3463.00"
"23/06/2017 06:00 - 23/06/2017 07:00","BZN|BG","3723.00","3830.00"
"23/06/2017 07:00 - 23/06/2017 08:00","BZN|BG","4017.00","4134.00"
"23/06/2017 08:00 - 23/06/2017 09:00","BZN|BG","4060.00","4250.00"
"23/06/2017 09:00 - 23/06/2017 10:00","BZN|BG","4026.00","4198.00"
"23/06/2017 10:00 - 23/06/2017 11:00","BZN|BG","4044.00","4218.00"
"23/06/2017 11:00 - 23/06/2017 12:00","BZN|BG","4009.00","4188.00"
"23/06/2017 12:00 - 23/06/2017 13:00","BZN|BG","4072.00","4286.00"
"23/06/2017 13:00 - 23/06/2017 14:00","BZN|BG","4123.00","4267.00"
"23/06/2017 14:00 - 23/06/2017 15:00","BZN|BG","4086.00","4263.00"
"23/06/2017 15:00 - 23/06/2017 16:00","BZN|BG","4089.00","4254.00"
"23/06/2017 16:00 - 23/06/2017 17:00","BZN|BG","4173.00","4212.00"
"23/06/2017 17:00 - 23/06/2017 18:00","BZN|BG","4300.00","4255.00"
"23/06/2017 18:00 - 23/06/2017 19:00","BZN|BG","4390.00","4282.00"
"23/06/2017 19:00 - 23/06/2017 20:00","BZN|BG","4360.00","4259.00"
"23/06/2017 20:00 - 23/06/2017 21:00","BZN|BG","4422.00","4329.00"
"23/06/2017 21:00 - 23/06/2017 22:00","BZN|BG","4321.00","4215.00"
"23/06/2017 22:00 - 23/06/2017 23:00","BZN|BG","4015.00","3895.00"
"23/06/2017 23:00 - 24/06/2017 00:00","BZN|BG","3634.00","3503.00"
"24/06/2017 00:00 - 24/06/2017 01:00","BZN|BG","3372.00","3242.00"
"24/06/2017 01:00 - 24/06/2017 02:00","BZN|BG","3207.00","3103.00"
"24/06/2017 02:00 - 24/06/2017 03:00","BZN|BG","3149.00","3032.00"
"24/06/2017 03:00 - 24/06/2017 04:00","BZN|BG","3088.00","3029.00"
"24/06/2017 04:00 - 24/06/2017 05:00","BZN|BG","3125.00","3034.00"
"24/06/2017 05:00 - 24/06/2017 06:00","BZN|BG","3250.00","3123.00"
"24/06/2017 06:00 - 24/06/2017 07:00","BZN|BG","3454.00","3359.00"
"24/06/2017 07:00 - 24/06/2017 08:00","BZN|BG","3778.00","3686.00"
"24/06/2017 08:00 - 24/06/2017 09:00","BZN|BG","4015.00","3901.00"
"24/06/2017 09:00 - 24/06/2017 10:00","BZN|BG","4057.00","3928.00"
"24/06/2017 10:00 - 24/06/2017 11:00","BZN|BG","4110.00","3971.00"
"24/06/2017 11:00 - 24/06/2017 12:00","BZN|BG","4144.00","3960.00"
"24/06/2017 12:00 - 24/06/2017 13:00","BZN|BG","4134.00","3953.00"
"24/06/2017 13:00 - 24/06/2017 14:00","BZN|BG","4041.00","3910.00"
"24/06/2017 14:00 - 24/06/2017 15:00","BZN|BG","4025.00","3894.00"
"24/06/2017 15:00 - 24/06/2017 16:00","BZN|BG","4048.00","3924.00"
"24/06/2017 16:00 - 24/06/2017 17:00","BZN|BG","4090.00","3927.00"
"24/06/2017 17:00 - 24/06/2017 18:00","BZN|BG","4101.00","4039.00"
"24/06/2017 18:00 - 24/06/2017 19:00","BZN|BG","4120.00","4064.00"
"24/06/2017 19:00 - 24/06/2017 20:00","BZN|BG","4065.00","4078.00"
"24/06/2017 20:00 - 24/06/2017 21:00","BZN|BG","4198.00","4124.00"
"24/06/2017 21:00 - 24/06/2017 22:00","BZN|BG","4131.00","4015.00"
"24/06/2017 22:00 - 24/06/2017 23:00","BZN|BG","3865.00","3788.00"
"24/06/2017 23:00 - 25/06/2017 00:00","BZN|BG","3485.00","3441.00"
"25/06/2017 00:00 - 25/06/2017 01:00","BZN|BG","3179.00","3157.00"
"25/06/2017 01:00 - 25/06/2017 02:00","BZN|BG","3069.00","2996.00"
"25/06/2017 02:00 - 25/06/2017 03:00","BZN|BG","3004.00","2920.00"
"25/06/2017 03:00 - 25/06/2017 04:00","BZN|BG","2975.00","2902.00"
"25/06/2017 04:00 - 25/06/2017 05:00","BZN|BG","2986.00","2895.00"
"25/06/2017 05:00 - 25/06/2017 06:00","BZN|BG","3070.00","2983.00"
"25/06/2017 06:00 - 25/06/2017 07:00","BZN|BG","3274.00","3212.00"
"25/06/2017 07:00 - 25/06/2017 08:00","BZN|BG","3579.00","3546.00"
"25/06/2017 08:00 - 25/06/2017 09:00","BZN|BG","3804.00","3803.00"
"25/06/2017 09:00 - 25/06/2017 10:00","BZN|BG","3882.00","3865.00"
"25/06/2017 10:00 - 25/06/2017 11:00","BZN|BG","3969.00","3899.00"
"25/06/2017 11:00 - 25/06/2017 12:00","BZN|BG","4008.00","3925.00"
"25/06/2017 12:00 - 25/06/2017 13:00","BZN|BG","4011.00","3920.00"
"25/06/2017 13:00 - 25/06/2017 14:00","BZN|BG","3946.00","3908.00"
"25/06/2017 14:00 - 25/06/2017 15:00","BZN|BG","3921.00","3912.00"
"25/06/2017 15:00 - 25/06/2017 16:00","BZN|BG","3980.00","3907.00"
"25/06/2017 16:00 - 25/06/2017 17:00","BZN|BG","4074.00","3946.00"
"25/06/2017 17:00 - 25/06/2017 18:00","BZN|BG","4118.00","4165.00"
"25/06/2017 18:00 - 25/06/2017 19:00","BZN|BG","4161.00","4249.00"
"25/06/2017 19:00 - 25/06/2017 20:00","BZN|BG","4127.00","4272.00"
"25/06/2017 20:00 - 25/06/2017 21:00","BZN|BG","4262.00","4299.00"
"25/06/2017 21:00 - 25/06/2017 22:00","BZN|BG","4239.00","4180.00"
"25/06/2017 22:00 - 25/06/2017 23:00","BZN|BG","3864.00","3853.00"
"25/06/2017 23:00 - 26/06/2017 00:00","BZN|BG","3517.00","3402.00"
"26/06/2017 00:00 - 26/06/2017 01:00","BZN|BG","3218.00","3209.00"
"26/06/2017 01:00 - 26/06/2017 02:00","BZN|BG","3046.00","3103.00"
"26/06/2017 02:00 - 26/06/2017 03:00","BZN|BG","3007.00","3009.00"
"26/06/2017 03:00 - 26/06/2017 04:00","BZN|BG","3047.00","3021.00"
"26/06/2017 04:00 - 26/06/2017 05:00","BZN|BG","3123.00","3154.00"
"26/06/2017 05:00 - 26/06/2017 06:00","BZN|BG","3416.00","3534.00"
"26/06/2017 06:00 - 26/06/2017 07:00","BZN|BG","3796.00","3956.00"
"26/06/2017 07:00 - 26/06/2017 08:00","BZN|BG","4181.00","4312.00"
"26/06/2017 08:00 - 26/06/2017 09:00","BZN|BG","4417.00","4403.00"
"26/06/2017 09:00 - 26/06/2017 10:00","BZN|BG","4417.00","4383.00"
"26/06/2017 10:00 - 26/06/2017 11:00","BZN|BG","4497.00","4364.00"
"26/06/2017 11:00 - 26/06/2017 12:00","BZN|BG","4507.00","4292.00"
"26/06/2017 12:00 - 26/06/2017 13:00","BZN|BG","4565.00","4304.00"
"26/06/2017 13:00 - 26/06/2017 14:00","BZN|BG","4563.00","4339.00"
"26/06/2017 14:00 - 26/06/2017 15:00","BZN|BG","4558.00","4334.00"
"26/06/2017 15:00 - 26/06/2017 16:00","BZN|BG","4529.00","4235.00"
"26/06/2017 16:00 - 26/06/2017 17:00","BZN|BG","4481.00","4349.00"
"26/06/2017 17:00 - 26/06/2017 18:00","BZN|BG","4505.00","4335.00"
"26/06/2017 18:00 - 26/06/2017 19:00","BZN|BG","4494.00","4458.00"
"26/06/2017 19:00 - 26/06/2017 20:00","BZN|BG","4408.00","4457.00"
"26/06/2017 20:00 - 26/06/2017 21:00","BZN|BG","4464.00","4497.00"
"26/06/2017 21:00 - 26/06/2017 22:00","BZN|BG","4374.00","4338.00"
"26/06/2017 22:00 - 26/06/2017 23:00","BZN|BG","4019.00","3913.00"
"26/06/2017 23:00 - 27/06/2017 00:00","BZN|BG","3624.00","3556.00"
"27/06/2017 00:00 - 27/06/2017 01:00","BZN|BG","3357.00","3270.00"
"27/06/2017 01:00 - 27/06/2017 02:00","BZN|BG","3220.00","3140.00"
"27/06/2017 02:00 - 27/06/2017 03:00","BZN|BG","3167.00","3099.00"
"27/06/2017 03:00 - 27/06/2017 04:00","BZN|BG","3182.00","3101.00"
"27/06/2017 04:00 - 27/06/2017 05:00","BZN|BG","3261.00","3194.00"
"27/06/2017 05:00 - 27/06/2017 06:00","BZN|BG","3527.00","3498.00"
"27/06/2017 06:00 - 27/06/2017 07:00","BZN|BG","3867.00","3890.00"
"27/06/2017 07:00 - 27/06/2017 08:00","BZN|BG","4231.00","4227.00"
"27/06/2017 08:00 - 27/06/2017 09:00","BZN|BG","4441.00","4357.00"
"27/06/2017 09:00 - 27/06/2017 10:00","BZN|BG","4480.00","4323.00"
"27/06/2017 10:00 - 27/06/2017 11:00","BZN|BG","4553.00","4354.00"
"27/06/2017 11:00 - 27/06/2017 12:00","BZN|BG","4555.00","4332.00"
"27/06/2017 12:00 - 27/06/2017 13:00","BZN|BG","4701.00","4424.00"
"27/06/2017 13:00 - 27/06/2017 14:00","BZN|BG","4670.00","4417.00"
"27/06/2017 14:00 - 27/06/2017 15:00","BZN|BG","4655.00","4399.00"
"27/06/2017 15:00 - 27/06/2017 16:00","BZN|BG","4595.00","4393.00"
"27/06/2017 16:00 - 27/06/2017 17:00","BZN|BG","4511.00","4273.00"
"27/06/2017 17:00 - 27/06/2017 18:00","BZN|BG","4544.00","4320.00"
"27/06/2017 18:00 - 27/06/2017 19:00","BZN|BG","4568.00","4336.00"
"27/06/2017 19:00 - 27/06/2017 20:00","BZN|BG","4493.00","4301.00"
"27/06/2017 20:00 - 27/06/2017 21:00","BZN|BG","4583.00","4375.00"
"27/06/2017 21:00 - 27/06/2017 22:00","BZN|BG","4505.00","4287.00"
"27/06/2017 22:00 - 27/06/2017 23:00","BZN|BG","4157.00","4030.00"
"27/06/2017 23:00 - 28/06/2017 00:00","BZN|BG","3711.00","3631.00"
"28/06/2017 00:00 - 28/06/2017 01:00","BZN|BG","3417.00","3320.00"
"28/06/2017 01:00 - 28/06/2017 02:00","BZN|BG","3284.00","3173.00"
"28/06/2017 02:00 - 28/06/2017 03:00","BZN|BG","3222.00","3129.00"
"28/06/2017 03:00 - 28/06/2017 04:00","BZN|BG","3219.00","3132.00"
"28/06/2017 04:00 - 28/06/2017 05:00","BZN|BG","3249.00","3230.00"
"28/06/2017 05:00 - 28/06/2017 06:00","BZN|BG","3525.00","3547.00"
"28/06/2017 06:00 - 28/06/2017 07:00","BZN|BG","3900.00","3947.00"
"28/06/2017 07:00 - 28/06/2017 08:00","BZN|BG","4265.00","4297.00"
"28/06/2017 08:00 - 28/06/2017 09:00","BZN|BG","4472.00","4433.00"
"28/06/2017 09:00 - 28/06/2017 10:00","BZN|BG","4527.00","4410.00"
"28/06/2017 10:00 - 28/06/2017 11:00","BZN|BG","4617.00","4447.00"
"28/06/2017 11:00 - 28/06/2017 12:00","BZN|BG","4643.00","4426.00"
"28/06/2017 12:00 - 28/06/2017 13:00","BZN|BG","4719.00","4519.00"
"28/06/2017 13:00 - 28/06/2017 14:00","BZN|BG","4712.00","4530.00"
"28/06/2017 14:00 - 28/06/2017 15:00","BZN|BG","4699.00","4514.00"
"28/06/2017 15:00 - 28/06/2017 16:00","BZN|BG","4670.00","4513.00"
"28/06/2017 16:00 - 28/06/2017 17:00","BZN|BG","4608.00","4455.00"
"28/06/2017 17:00 - 28/06/2017 18:00","BZN|BG","4646.00","4479.00"
"28/06/2017 18:00 - 28/06/2017 19:00","BZN|BG","4675.00","4491.00"
"28/06/2017 19:00 - 28/06/2017 20:00","BZN|BG","4587.00","4472.00"
"28/06/2017 20:00 - 28/06/2017 21:00","BZN|BG","4690.00","4510.00"
"28/06/2017 21:00 - 28/06/2017 22:00","BZN|BG","4590.00","4377.00"
"28/06/2017 22:00 - 28/06/2017 23:00","BZN|BG","4198.00","3983.00"
"28/06/2017 23:00 - 29/06/2017 00:00","BZN|BG","3798.00","3591.00"
"29/06/2017 00:00 - 29/06/2017 01:00","BZN|BG","3481.00","3330.00"
"29/06/2017 01:00 - 29/06/2017 02:00","BZN|BG","3300.00","3205.00"
"29/06/2017 02:00 - 29/06/2017 03:00","BZN|BG","3261.00","3160.00"
"29/06/2017 03:00 - 29/06/2017 04:00","BZN|BG","3256.00","3160.00"
"29/06/2017 04:00 - 29/06/2017 05:00","BZN|BG","3322.00","3250.00"
"29/06/2017 05:00 - 29/06/2017 06:00","BZN|BG","3608.00","3593.00"
"29/06/2017 06:00 - 29/06/2017 07:00","BZN|BG","3975.00","4013.00"
"29/06/2017 07:00 - 29/06/2017 08:00","BZN|BG","4356.00","4401.00"
"29/06/2017 08:00 - 29/06/2017 09:00","BZN|BG","4530.00","4559.00"
"29/06/2017 09:00 - 29/06/2017 10:00","BZN|BG","4607.00","4558.00"
"29/06/2017 10:00 - 29/06/2017 11:00","BZN|BG","4762.00","4597.00"
"29/06/2017 11:00 - 29/06/2017 12:00","BZN|BG","4789.00","4580.00"
"29/06/2017 12:00 - 29/06/2017 13:00","BZN|BG","4912.00","4682.00"
"29/06/2017 13:00 - 29/06/2017 14:00","BZN|BG","4918.00","4682.00"
"29/06/2017 14:00 - 29/06/2017 15:00","BZN|BG","4913.00","4649.00"
"29/06/2017 15:00 - 29/06/2017 16:00","BZN|BG","4894.00","4618.00"
"29/06/2017 16:00 - 29/06/2017 17:00","BZN|BG","4813.00","4530.00"
"29/06/2017 17:00 - 29/06/2017 18:00","BZN|BG","4887.00","4549.00"
"29/06/2017 18:00 - 29/06/2017 19:00","BZN|BG","4874.00","4562.00"
"29/06/2017 19:00 - 29/06/2017 20:00","BZN|BG","4744.00","4548.00"
"29/06/2017 20:00 - 29/06/2017 21:00","BZN|BG","4782.00","4582.00"
"29/06/2017 21:00 - 29/06/2017 22:00","BZN|BG","4724.00","4483.00"
"29/06/2017 22:00 - 29/06/2017 23:00","BZN|BG","4347.00","4153.00"
"29/06/2017 23:00 - 30/06/2017 00:00","BZN|BG","3926.00","3773.00"
"30/06/2017 00:00 - 30/06/2017 01:00","BZN|BG","3612.00","3467.00"
"30/06/2017 01:00 - 30/06/2017 02:00","BZN|BG","3406.00","3322.00"
"30/06/2017 02:00 - 30/06/2017 03:00","BZN|BG","3346.00","3269.00"
"30/06/2017 03:00 - 30/06/2017 04:00","BZN|BG","3332.00","3268.00"
"30/06/2017 04:00 - 30/06/2017 05:00","BZN|BG","3412.00","3344.00"
"30/06/2017 05:00 - 30/06/2017 06:00","BZN|BG","3672.00","3660.00"
"30/06/2017 06:00 - 30/06/2017 07:00","BZN|BG","4018.00","4052.00"
"30/06/2017 07:00 - 30/06/2017 08:00","BZN|BG","4449.00","4419.00"
"30/06/2017 08:00 - 30/06/2017 09:00","BZN|BG","4707.00","4578.00"
"30/06/2017 09:00 - 30/06/2017 10:00","BZN|BG","4783.00","4585.00"
"30/06/2017 10:00 - 30/06/2017 11:00","BZN|BG","4893.00","4633.00"
"30/06/2017 11:00 - 30/06/2017 12:00","BZN|BG","4923.00","4626.00"
"30/06/2017 12:00 - 30/06/2017 13:00","BZN|BG","4974.00","4721.00"
"30/06/2017 13:00 - 30/06/2017 14:00","BZN|BG","4975.00","4722.00"
"30/06/2017 14:00 - 30/06/2017 15:00","BZN|BG","4972.00","4697.00"
"30/06/2017 15:00 - 30/06/2017 16:00","BZN|BG","4918.00","4675.00"
"30/06/2017 16:00 - 30/06/2017 17:00","BZN|BG","4813.00","4608.00"
"30/06/2017 17:00 - 30/06/2017 18:00","BZN|BG","4866.00","4634.00"
"30/06/2017 18:00 - 30/06/2017 19:00","BZN|BG","4836.00","4651.00"
"30/06/2017 19:00 - 30/06/2017 20:00","BZN|BG","4724.00","4628.00"
"30/06/2017 20:00 - 30/06/2017 21:00","BZN|BG","4780.00","4673.00"
"30/06/2017 21:00 - 30/06/2017 22:00","BZN|BG","4700.00","4561.00"
"30/06/2017 22:00 - 30/06/2017 23:00","BZN|BG","4371.00","4184.00"
"30/06/2017 23:00 - 01/07/2017 00:00","BZN|BG","3944.00","3929.00"
"01/07/2017 00:00 - 01/07/2017 01:00","BZN|BG","3620.00","3635.00"
"01/07/2017 01:00 - 01/07/2017 02:00","BZN|BG","3434.00","3451.00"
"01/07/2017 02:00 - 01/07/2017 03:00","BZN|BG","3357.00","3385.00"
"01/07/2017 03:00 - 01/07/2017 04:00","BZN|BG","3312.00","3317.00"
"01/07/2017 04:00 - 01/07/2017 05:00","BZN|BG","3307.00","3365.00"
"01/07/2017 05:00 - 01/07/2017 06:00","BZN|BG","3432.00","3524.00"
"01/07/2017 06:00 - 01/07/2017 07:00","BZN|BG","3696.00","3783.00"
"01/07/2017 07:00 - 01/07/2017 08:00","BZN|BG","4046.00","4195.00"
"01/07/2017 08:00 - 01/07/2017 09:00","BZN|BG","4303.00","4497.00"
"01/07/2017 09:00 - 01/07/2017 10:00","BZN|BG","4414.00","4550.00"
"01/07/2017 10:00 - 01/07/2017 11:00","BZN|BG","4580.00","4618.00"
"01/07/2017 11:00 - 01/07/2017 12:00","BZN|BG","4654.00","4661.00"
"01/07/2017 12:00 - 01/07/2017 13:00","BZN|BG","4598.00","4652.00"
"01/07/2017 13:00 - 01/07/2017 14:00","BZN|BG","4537.00","4571.00"
"01/07/2017 14:00 - 01/07/2017 15:00","BZN|BG","4494.00","4557.00"
"01/07/2017 15:00 - 01/07/2017 16:00","BZN|BG","4515.00","4571.00"
"01/07/2017 16:00 - 01/07/2017 17:00","BZN|BG","4533.00","4597.00"
"01/07/2017 17:00 - 01/07/2017 18:00","BZN|BG","4599.00","4604.00"
"01/07/2017 18:00 - 01/07/2017 19:00","BZN|BG","4588.00","4616.00"
"01/07/2017 19:00 - 01/07/2017 20:00","BZN|BG","4548.00","4582.00"
"01/07/2017 20:00 - 01/07/2017 21:00","BZN|BG","4618.00","4664.00"
"01/07/2017 21:00 - 01/07/2017 22:00","BZN|BG","4529.00","4577.00"
"01/07/2017 22:00 - 01/07/2017 23:00","BZN|BG","4304.00","4232.00"
"01/07/2017 23:00 - 02/07/2017 00:00","BZN|BG","3847.00","3834.00"
"02/07/2017 00:00 - 02/07/2017 01:00","BZN|BG","3556.00","3463.00"
"02/07/2017 01:00 - 02/07/2017 02:00","BZN|BG","3392.00","3328.00"
"02/07/2017 02:00 - 02/07/2017 03:00","BZN|BG","3305.00","3250.00"
"02/07/2017 03:00 - 02/07/2017 04:00","BZN|BG","3236.00","3214.00"
"02/07/2017 04:00 - 02/07/2017 05:00","BZN|BG","3210.00","3226.00"
"02/07/2017 05:00 - 02/07/2017 06:00","BZN|BG","3275.00","3317.00"
"02/07/2017 06:00 - 02/07/2017 07:00","BZN|BG","3493.00","3535.00"
"02/07/2017 07:00 - 02/07/2017 08:00","BZN|BG","3797.00","3863.00"
"02/07/2017 08:00 - 02/07/2017 09:00","BZN|BG","4075.00","4104.00"
"02/07/2017 09:00 - 02/07/2017 10:00","BZN|BG","4194.00","4188.00"
"02/07/2017 10:00 - 02/07/2017 11:00","BZN|BG","4297.00","4281.00"
"02/07/2017 11:00 - 02/07/2017 12:00","BZN|BG","4373.00","4323.00"
"02/07/2017 12:00 - 02/07/2017 13:00","BZN|BG","4333.00","4327.00"
"02/07/2017 13:00 - 02/07/2017 14:00","BZN|BG","4307.00","4309.00"
"02/07/2017 14:00 - 02/07/2017 15:00","BZN|BG","4331.00","4302.00"
"02/07/2017 15:00 - 02/07/2017 16:00","BZN|BG","4376.00","4376.00"
"02/07/2017 16:00 - 02/07/2017 17:00","BZN|BG","4461.00","4492.00"
"02/07/2017 17:00 - 02/07/2017 18:00","BZN|BG","4472.00","4548.00"
"02/07/2017 18:00 - 02/07/2017 19:00","BZN|BG","4472.00","4601.00"
"02/07/2017 19:00 - 02/07/2017 20:00","BZN|BG","4447.00","4558.00"
"02/07/2017 20:00 - 02/07/2017 21:00","BZN|BG","4432.00","4728.00"
"02/07/2017 21:00 - 02/07/2017 22:00","BZN|BG","4305.00","4693.00"
"02/07/2017 22:00 - 02/07/2017 23:00","BZN|BG","4032.00","4140.00"
"02/07/2017 23:00 - 03/07/2017 00:00","BZN|BG","3633.00","3429.00"
"03/07/2017 00:00 - 03/07/2017 01:00","BZN|BG","3403.00","3125.00"
"03/07/2017 01:00 - 03/07/2017 02:00","BZN|BG","3304.00","2949.00"
"03/07/2017 02:00 - 03/07/2017 03:00","BZN|BG","3272.00","2910.00"
"03/07/2017 03:00 - 03/07/2017 04:00","BZN|BG","3256.00","2946.00"
"03/07/2017 04:00 - 03/07/2017 05:00","BZN|BG","3348.00","3015.00"
"03/07/2017 05:00 - 03/07/2017 06:00","BZN|BG","3637.00","3281.00"
"03/07/2017 06:00 - 03/07/2017 07:00","BZN|BG","3977.00","3625.00"
"03/07/2017 07:00 - 03/07/2017 08:00","BZN|BG","4331.00","3975.00"
"03/07/2017 08:00 - 03/07/2017 09:00","BZN|BG","4530.00","4188.00"
"03/07/2017 09:00 - 03/07/2017 10:00","BZN|BG","4509.00","4188.00"
"03/07/2017 10:00 - 03/07/2017 11:00","BZN|BG","4523.00","4261.00"
"03/07/2017 11:00 - 03/07/2017 12:00","BZN|BG","4458.00","4270.00"
"03/07/2017 12:00 - 03/07/2017 13:00","BZN|BG","4495.00","4323.00"
"03/07/2017 13:00 - 03/07/2017 14:00","BZN|BG","4501.00","4321.00"
"03/07/2017 14:00 - 03/07/2017 15:00","BZN|BG","4433.00","4316.00"
"03/07/2017 15:00 - 03/07/2017 16:00","BZN|BG","4350.00","4289.00"
"03/07/2017 16:00 - 03/07/2017 17:00","BZN|BG","4286.00","4245.00"
"03/07/2017 17:00 - 03/07/2017 18:00","BZN|BG","4396.00","4384.00"
"03/07/2017 18:00 - 03/07/2017 19:00","BZN|BG","4351.00","4376.00"
"03/07/2017 19:00 - 03/07/2017 20:00","BZN|BG","4269.00","4309.00"
"03/07/2017 20:00 - 03/07/2017 21:00","BZN|BG","4258.00","4353.00"
"03/07/2017 21:00 - 03/07/2017 22:00","BZN|BG","4110.00","4283.00"
"03/07/2017 22:00 - 03/07/2017 23:00","BZN|BG","3845.00","4009.00"
"03/07/2017 23:00 - 04/07/2017 00:00","BZN|BG","3511.00","3709.00"
"04/07/2017 00:00 - 04/07/2017 01:00","BZN|BG","3288.00","3488.00"
"04/07/2017 01:00 - 04/07/2017 02:00","BZN|BG","3176.00","3375.00"
"04/07/2017 02:00 - 04/07/2017 03:00","BZN|BG","3149.00","3336.00"
"04/07/2017 03:00 - 04/07/2017 04:00","BZN|BG","3152.00","3332.00"
"04/07/2017 04:00 - 04/07/2017 05:00","BZN|BG","3215.00","3384.00"
"04/07/2017 05:00 - 04/07/2017 06:00","BZN|BG","3461.00","3591.00"
"04/07/2017 06:00 - 04/07/2017 07:00","BZN|BG","3791.00","3862.00"
"04/07/2017 07:00 - 04/07/2017 08:00","BZN|BG","4122.00","4149.00"
"04/07/2017 08:00 - 04/07/2017 09:00","BZN|BG","4273.00","4293.00"
"04/07/2017 09:00 - 04/07/2017 10:00","BZN|BG","4219.00","4335.00"
"04/07/2017 10:00 - 04/07/2017 11:00","BZN|BG","4242.00","4411.00"
"04/07/2017 11:00 - 04/07/2017 12:00","BZN|BG","4182.00","4422.00"
"04/07/2017 12:00 - 04/07/2017 13:00","BZN|BG","4233.00","4501.00"
"04/07/2017 13:00 - 04/07/2017 14:00","BZN|BG","4221.00","4509.00"
"04/07/2017 14:00 - 04/07/2017 15:00","BZN|BG","4220.00","4465.00"
"04/07/2017 15:00 - 04/07/2017 16:00","BZN|BG","4265.00","4413.00"
"04/07/2017 16:00 - 04/07/2017 17:00","BZN|BG","4176.00","4300.00"
"04/07/2017 17:00 - 04/07/2017 18:00","BZN|BG","4210.00","4460.00"
"04/07/2017 18:00 - 04/07/2017 19:00","BZN|BG","4255.00","4458.00"
"04/07/2017 19:00 - 04/07/2017 20:00","BZN|BG","4227.00","4402.00"
"04/07/2017 20:00 - 04/07/2017 21:00","BZN|BG","4352.00","4441.00"
"04/07/2017 21:00 - 04/07/2017 22:00","BZN|BG","4311.00","4385.00"
"04/07/2017 22:00 - 04/07/2017 23:00","BZN|BG","4016.00","4172.00"
"04/07/2017 23:00 - 05/07/2017 00:00","BZN|BG","3580.00","3498.00"
"05/07/2017 00:00 - 05/07/2017 01:00","BZN|BG","3290.00","3297.00"
"05/07/2017 01:00 - 05/07/2017 02:00","BZN|BG","3145.00","3187.00"
"05/07/2017 02:00 - 05/07/2017 03:00","BZN|BG","3120.00","3151.00"
"05/07/2017 03:00 - 05/07/2017 04:00","BZN|BG","3119.00","3147.00"
"05/07/2017 04:00 - 05/07/2017 05:00","BZN|BG","3192.00","3193.00"
"05/07/2017 05:00 - 05/07/2017 06:00","BZN|BG","3448.00","3398.00"
"05/07/2017 06:00 - 05/07/2017 07:00","BZN|BG","3757.00","3670.00"
"05/07/2017 07:00 - 05/07/2017 08:00","BZN|BG","4077.00","3960.00"
"05/07/2017 08:00 - 05/07/2017 09:00","BZN|BG","4235.00","4117.00"
"05/07/2017 09:00 - 05/07/2017 10:00","BZN|BG","4224.00","4163.00"
"05/07/2017 10:00 - 05/07/2017 11:00","BZN|BG","4256.00","4246.00"
"05/07/2017 11:00 - 05/07/2017 12:00","BZN|BG","4225.00","4262.00"
"05/07/2017 12:00 - 05/07/2017 13:00","BZN|BG","4303.00","4349.00"
"05/07/2017 13:00 - 05/07/2017 14:00","BZN|BG","4320.00","4353.00"
"05/07/2017 14:00 - 05/07/2017 15:00","BZN|BG","4335.00","4335.00"
"05/07/2017 15:00 - 05/07/2017 16:00","BZN|BG","4324.00","4283.00"
"05/07/2017 16:00 - 05/07/2017 17:00","BZN|BG","4251.00","4176.00"
"05/07/2017 17:00 - 05/07/2017 18:00","BZN|BG","4286.00","4264.00"
"05/07/2017 18:00 - 05/07/2017 19:00","BZN|BG","4303.00","4256.00"
"05/07/2017 19:00 - 05/07/2017 20:00","BZN|BG","4250.00","4169.00"
"05/07/2017 20:00 - 05/07/2017 21:00","BZN|BG","4368.00","4225.00"
"05/07/2017 21:00 - 05/07/2017 22:00","BZN|BG","4290.00","4149.00"
"05/07/2017 22:00 - 05/07/2017 23:00","BZN|BG","3976.00","3840.00"
"05/07/2017 23:00 - 06/07/2017 00:00","BZN|BG","3557.00","3597.00"
"06/07/2017 00:00 - 06/07/2017 01:00","BZN|BG","3277.00","3343.00"
"06/07/2017 01:00 - 06/07/2017 02:00","BZN|BG","3170.00","3205.00"
"06/07/2017 02:00 - 06/07/2017 03:00","BZN|BG","3115.00","3161.00"
"06/07/2017 03:00 - 06/07/2017 04:00","BZN|BG","3113.00","3159.00"
"06/07/2017 04:00 - 06/07/2017 05:00","BZN|BG","3202.00","3209.00"
"06/07/2017 05:00 - 06/07/2017 06:00","BZN|BG","3456.00","3417.00"
"06/07/2017 06:00 - 06/07/2017 07:00","BZN|BG","3789.00","3693.00"
"06/07/2017 07:00 - 06/07/2017 08:00","BZN|BG","4165.00","3984.00"
"06/07/2017 08:00 - 06/07/2017 09:00","BZN|BG","4378.00","4136.00"
"06/07/2017 09:00 - 06/07/2017 10:00","BZN|BG","4300.00","4164.00"
"06/07/2017 10:00 - 06/07/2017 11:00","BZN|BG","4336.00","4236.00"
"06/07/2017 11:00 - 06/07/2017 12:00","BZN|BG","4358.00","4238.00"
"06/07/2017 12:00 - 06/07/2017 13:00","BZN|BG","4419.00","4319.00"
"06/07/2017 13:00 - 06/07/2017 14:00","BZN|BG","4442.00","4317.00"
"06/07/2017 14:00 - 06/07/2017 15:00","BZN|BG","4438.00","4322.00"
"06/07/2017 15:00 - 06/07/2017 16:00","BZN|BG","4411.00","4298.00"
"06/07/2017 16:00 - 06/07/2017 17:00","BZN|BG","4373.00","4183.00"
"06/07/2017 17:00 - 06/07/2017 18:00","BZN|BG","4409.00","4442.00"
"06/07/2017 18:00 - 06/07/2017 19:00","BZN|BG","4423.00","4441.00"
"06/07/2017 19:00 - 06/07/2017 20:00","BZN|BG","4338.00","4350.00"
"06/07/2017 20:00 - 06/07/2017 21:00","BZN|BG","4450.00","4431.00"
"06/07/2017 21:00 - 06/07/2017 22:00","BZN|BG","4357.00","4350.00"
"06/07/2017 22:00 - 06/07/2017 23:00","BZN|BG","4050.00","3995.00"
"06/07/2017 23:00 - 07/07/2017 00:00","BZN|BG","3658.00","3598.00"
"07/07/2017 00:00 - 07/07/2017 01:00","BZN|BG","3351.00","3351.00"
"07/07/2017 01:00 - 07/07/2017 02:00","BZN|BG","3226.00","3220.00"
"07/07/2017 02:00 - 07/07/2017 03:00","BZN|BG","3183.00","3181.00"
"07/07/2017 03:00 - 07/07/2017 04:00","BZN|BG","3161.00","3179.00"
"07/07/2017 04:00 - 07/07/2017 05:00","BZN|BG","3234.00","3241.00"
"07/07/2017 05:00 - 07/07/2017 06:00","BZN|BG","3484.00","3489.00"
"07/07/2017 06:00 - 07/07/2017 07:00","BZN|BG","3840.00","3815.00"
"07/07/2017 07:00 - 07/07/2017 08:00","BZN|BG","4185.00","4156.00"
"07/07/2017 08:00 - 07/07/2017 09:00","BZN|BG","4353.00","4330.00"
"07/07/2017 09:00 - 07/07/2017 10:00","BZN|BG","4346.00","4356.00"
"07/07/2017 10:00 - 07/07/2017 11:00","BZN|BG","4391.00","4436.00"
"07/07/2017 11:00 - 07/07/2017 12:00","BZN|BG","4378.00","4434.00"
"07/07/2017 12:00 - 07/07/2017 13:00","BZN|BG","4438.00","4528.00"
"07/07/2017 13:00 - 07/07/2017 14:00","BZN|BG","4426.00","4531.00"
"07/07/2017 14:00 - 07/07/2017 15:00","BZN|BG","4404.00","4540.00"
"07/07/2017 15:00 - 07/07/2017 16:00","BZN|BG","4436.00","4521.00"
"07/07/2017 16:00 - 07/07/2017 17:00","BZN|BG","4370.00","4433.00"
"07/07/2017 17:00 - 07/07/2017 18:00","BZN|BG","4394.00","4462.00"
"07/07/2017 18:00 - 07/07/2017 19:00","BZN|BG","4393.00","4463.00"
"07/07/2017 19:00 - 07/07/2017 20:00","BZN|BG","4280.00","4372.00"
"07/07/2017 20:00 - 07/07/2017 21:00","BZN|BG","4377.00","4461.00"
"07/07/2017 21:00 - 07/07/2017 22:00","BZN|BG","4300.00","4379.00"
"07/07/2017 22:00 - 07/07/2017 23:00","BZN|BG","4017.00","4019.00"
"07/07/2017 23:00 - 08/07/2017 00:00","BZN|BG","3631.00","3609.00"
"08/07/2017 00:00 - 08/07/2017 01:00","BZN|BG","3365.00","3359.00"
"08/07/2017 01:00 - 08/07/2017 02:00","BZN|BG","3217.00","3216.00"
"08/07/2017 02:00 - 08/07/2017 03:00","BZN|BG","3157.00","3149.00"
"08/07/2017 03:00 - 08/07/2017 04:00","BZN|BG","3122.00","3107.00"
"08/07/2017 04:00 - 08/07/2017 05:00","BZN|BG","3133.00","3104.00"
"08/07/2017 05:00 - 08/07/2017 06:00","BZN|BG","3255.00","3197.00"
"08/07/2017 06:00 - 08/07/2017 07:00","BZN|BG","3463.00","3411.00"
"08/07/2017 07:00 - 08/07/2017 08:00","BZN|BG","3745.00","3688.00"
"08/07/2017 08:00 - 08/07/2017 09:00","BZN|BG","3933.00","3890.00"
"08/07/2017 09:00 - 08/07/2017 10:00","BZN|BG","3958.00","4004.00"
"08/07/2017 10:00 - 08/07/2017 11:00","BZN|BG","4016.00","4117.00"
"08/07/2017 11:00 - 08/07/2017 12:00","BZN|BG","4025.00","4181.00"
"08/07/2017 12:00 - 08/07/2017 13:00","BZN|BG","4071.00","4155.00"
"08/07/2017 13:00 - 08/07/2017 14:00","BZN|BG","4020.00","4120.00"
"08/07/2017 14:00 - 08/07/2017 15:00","BZN|BG","4000.00","4102.00"
"08/07/2017 15:00 - 08/07/2017 16:00","BZN|BG","4024.00","4125.00"
"08/07/2017 16:00 - 08/07/2017 17:00","BZN|BG","4075.00","4184.00"
"08/07/2017 17:00 - 08/07/2017 18:00","BZN|BG","4145.00","4258.00"
"08/07/2017 18:00 - 08/07/2017 19:00","BZN|BG","4169.00","4263.00"
"08/07/2017 19:00 - 08/07/2017 20:00","BZN|BG","4104.00","4205.00"
"08/07/2017 20:00 - 08/07/2017 21:00","BZN|BG","4192.00","4270.00"
"08/07/2017 21:00 - 08/07/2017 22:00","BZN|BG","4095.00","4184.00"
"08/07/2017 22:00 - 08/07/2017 23:00","BZN|BG","3889.00","3959.00"
"08/07/2017 23:00 - 09/07/2017 00:00","BZN|BG","3533.00","3606.00"
"09/07/2017 00:00 - 09/07/2017 01:00","BZN|BG","3274.00","3336.00"
"09/07/2017 01:00 - 09/07/2017 02:00","BZN|BG","3136.00","3189.00"
"09/07/2017 02:00 - 09/07/2017 03:00","BZN|BG","3054.00","3105.00"
"09/07/2017 03:00 - 09/07/2017 04:00","BZN|BG","3032.00","3041.00"
"09/07/2017 04:00 - 09/07/2017 05:00","BZN|BG","3026.00","3028.00"
"09/07/2017 05:00 - 09/07/2017 06:00","BZN|BG","3095.00","3081.00"
"09/07/2017 06:00 - 09/07/2017 07:00","BZN|BG","3303.00","3269.00"
"09/07/2017 07:00 - 09/07/2017 08:00","BZN|BG","3618.00","3532.00"
"09/07/2017 08:00 - 09/07/2017 09:00","BZN|BG","3864.00","3779.00"
"09/07/2017 09:00 - 09/07/2017 10:00","BZN|BG","3958.00","3878.00"
"09/07/2017 10:00 - 09/07/2017 11:00","BZN|BG","4061.00","3980.00"
"09/07/2017 11:00 - 09/07/2017 12:00","BZN|BG","4121.00","4044.00"
"09/07/2017 12:00 - 09/07/2017 13:00","BZN|BG","4160.00","4056.00"
"09/07/2017 13:00 - 09/07/2017 14:00","BZN|BG","4092.00","4059.00"
"09/07/2017 14:00 - 09/07/2017 15:00","BZN|BG","4085.00","4078.00"
"09/07/2017 15:00 - 09/07/2017 16:00","BZN|BG","4125.00","4153.00"
"09/07/2017 16:00 - 09/07/2017 17:00","BZN|BG","4208.00","4351.00"
"09/07/2017 17:00 - 09/07/2017 18:00","BZN|BG","4291.00","4380.00"
"09/07/2017 18:00 - 09/07/2017 19:00","BZN|BG","4298.00","4387.00"
"09/07/2017 19:00 - 09/07/2017 20:00","BZN|BG","4267.00","4354.00"
"09/07/2017 20:00 - 09/07/2017 21:00","BZN|BG","4383.00","4330.00"
"09/07/2017 21:00 - 09/07/2017 22:00","BZN|BG","4328.00","4217.00"
"09/07/2017 22:00 - 09/07/2017 23:00","BZN|BG","4005.00","3922.00"
"09/07/2017 23:00 - 10/07/2017 00:00","BZN|BG","3580.00","3528.00"
"10/07/2017 00:00 - 10/07/2017 01:00","BZN|BG","3297.00","3250.00"
"10/07/2017 01:00 - 10/07/2017 02:00","BZN|BG","3152.00","3125.00"
"10/07/2017 02:00 - 10/07/2017 03:00","BZN|BG","3090.00","3066.00"
"10/07/2017 03:00 - 10/07/2017 04:00","BZN|BG","3073.00","3048.00"
"10/07/2017 04:00 - 10/07/2017 05:00","BZN|BG","3129.00","3154.00"
"10/07/2017 05:00 - 10/07/2017 06:00","BZN|BG","3433.00","3460.00"
"10/07/2017 06:00 - 10/07/2017 07:00","BZN|BG","3838.00","3841.00"
"10/07/2017 07:00 - 10/07/2017 08:00","BZN|BG","4191.00","4260.00"
"10/07/2017 08:00 - 10/07/2017 09:00","BZN|BG","4400.00","4449.00"
"10/07/2017 09:00 - 10/07/2017 10:00","BZN|BG","4478.00","4448.00"
"10/07/2017 10:00 - 10/07/2017 11:00","BZN|BG","4563.00","4448.00"
"10/07/2017 11:00 - 10/07/2017 12:00","BZN|BG","4572.00","4447.00"
"10/07/2017 12:00 - 10/07/2017 13:00","BZN|BG","4705.00","4448.00"
"10/07/2017 13:00 - 10/07/2017 14:00","BZN|BG","4731.00","4448.00"
"10/07/2017 14:00 - 10/07/2017 15:00","BZN|BG","4737.00","4447.00"
"10/07/2017 15:00 - 10/07/2017 16:00","BZN|BG","4722.00","4445.00"
"10/07/2017 16:00 - 10/07/2017 17:00","BZN|BG","4630.00","4444.00"
"10/07/2017 17:00 - 10/07/2017 18:00","BZN|BG","4640.00","4541.00"
"10/07/2017 18:00 - 10/07/2017 19:00","BZN|BG","4658.00","4521.00"
"10/07/2017 19:00 - 10/07/2017 20:00","BZN|BG","4551.00","4464.00"
"10/07/2017 20:00 - 10/07/2017 21:00","BZN|BG","4577.00","4434.00"
"10/07/2017 21:00 - 10/07/2017 22:00","BZN|BG","4508.00","4323.00"
"10/07/2017 22:00 - 10/07/2017 23:00","BZN|BG","4161.00","4128.00"
"10/07/2017 23:00 - 11/07/2017 00:00","BZN|BG","3735.00","3607.00"
"11/07/2017 00:00 - 11/07/2017 01:00","BZN|BG","3430.00","3334.00"
"11/07/2017 01:00 - 11/07/2017 02:00","BZN|BG","3299.00","3204.00"
"11/07/2017 02:00 - 11/07/2017 03:00","BZN|BG","3235.00","3162.00"
"11/07/2017 03:00 - 11/07/2017 04:00","BZN|BG","3238.00","3153.00"
"11/07/2017 04:00 - 11/07/2017 05:00","BZN|BG","3296.00","3239.00"
"11/07/2017 05:00 - 11/07/2017 06:00","BZN|BG","3520.00","3522.00"
"11/07/2017 06:00 - 11/07/2017 07:00","BZN|BG","3864.00","3900.00"
"11/07/2017 07:00 - 11/07/2017 08:00","BZN|BG","4246.00","4298.00"
"11/07/2017 08:00 - 11/07/2017 09:00","BZN|BG","4451.00","4494.00"
"11/07/2017 09:00 - 11/07/2017 10:00","BZN|BG","4465.00","4483.00"
"11/07/2017 10:00 - 11/07/2017 11:00","BZN|BG","4560.00","4543.00"
"11/07/2017 11:00 - 11/07/2017 12:00","BZN|BG","4588.00","4534.00"
"11/07/2017 12:00 - 11/07/2017 13:00","BZN|BG","4719.00","4610.00"
"11/07/2017 13:00 - 11/07/2017 14:00","BZN|BG","4756.00","4618.00"
"11/07/2017 14:00 - 11/07/2017 15:00","BZN|BG","4763.00","4673.00"
"11/07/2017 15:00 - 11/07/2017 16:00","BZN|BG","4752.00","4683.00"
"11/07/2017 16:00 - 11/07/2017 17:00","BZN|BG","4664.00","4488.00"
"11/07/2017 17:00 - 11/07/2017 18:00","BZN|BG","4750.00","4538.00"
"11/07/2017 18:00 - 11/07/2017 19:00","BZN|BG","4709.00","4541.00"
"11/07/2017 19:00 - 11/07/2017 20:00","BZN|BG","4643.00","4449.00"
"11/07/2017 20:00 - 11/07/2017 21:00","BZN|BG","4682.00","4548.00"
"11/07/2017 21:00 - 11/07/2017 22:00","BZN|BG","4575.00","4481.00"
"11/07/2017 22:00 - 11/07/2017 23:00","BZN|BG","4231.00","4201.00"
"11/07/2017 23:00 - 12/07/2017 00:00","BZN|BG","3800.00","3646.00"
"12/07/2017 00:00 - 12/07/2017 01:00","BZN|BG","3512.00","3359.00"
"12/07/2017 01:00 - 12/07/2017 02:00","BZN|BG","3356.00","3235.00"
"12/07/2017 02:00 - 12/07/2017 03:00","BZN|BG","3290.00","3194.00"
"12/07/2017 03:00 - 12/07/2017 04:00","BZN|BG","3303.00","3188.00"
"12/07/2017 04:00 - 12/07/2017 05:00","BZN|BG","3375.00","3277.00"
"12/07/2017 05:00 - 12/07/2017 06:00","BZN|BG","3614.00","3562.00"
"12/07/2017 06:00 - 12/07/2017 07:00","BZN|BG","3948.00","3939.00"
"12/07/2017 07:00 - 12/07/2017 08:00","BZN|BG","4318.00","4320.00"
"12/07/2017 08:00 - 12/07/2017 09:00","BZN|BG","4524.00","4495.00"
"12/07/2017 09:00 - 12/07/2017 10:00","BZN|BG","4543.00","4459.00"
"12/07/2017 10:00 - 12/07/2017 11:00","BZN|BG","4651.00","4501.00"
"12/07/2017 11:00 - 12/07/2017 12:00","BZN|BG","4650.00","4480.00"
"12/07/2017 12:00 - 12/07/2017 13:00","BZN|BG","4769.00","4560.00"
"12/07/2017 13:00 - 12/07/2017 14:00","BZN|BG","4794.00","4565.00"
"12/07/2017 14:00 - 12/07/2017 15:00","BZN|BG","4812.00","4766.00"
"12/07/2017 15:00 - 12/07/2017 16:00","BZN|BG","4803.00","4940.00"
"12/07/2017 16:00 - 12/07/2017 17:00","BZN|BG","4714.00","4409.00"
"12/07/2017 17:00 - 12/07/2017 18:00","BZN|BG","4735.00","4535.00"
"12/07/2017 18:00 - 12/07/2017 19:00","BZN|BG","4703.00","4563.00"
"12/07/2017 19:00 - 12/07/2017 20:00","BZN|BG","4570.00","4342.00"
"12/07/2017 20:00 - 12/07/2017 21:00","BZN|BG","4663.00","4631.00"
"12/07/2017 21:00 - 12/07/2017 22:00","BZN|BG","4586.00","4525.00"
"12/07/2017 22:00 - 12/07/2017 23:00","BZN|BG","4252.00","4051.00"
"12/07/2017 23:00 - 13/07/2017 00:00","BZN|BG","3820.00","3679.00"
"13/07/2017 00:00 - 13/07/2017 01:00","BZN|BG","3518.00","3374.00"
"13/07/2017 01:00 - 13/07/2017 02:00","BZN|BG","3357.00","3241.00"
"13/07/2017 02:00 - 13/07/2017 03:00","BZN|BG","3309.00","3192.00"
"13/07/2017 03:00 - 13/07/2017 04:00","BZN|BG","3299.00","3190.00"
"13/07/2017 04:00 - 13/07/2017 05:00","BZN|BG","3330.00","3275.00"
"13/07/2017 05:00 - 13/07/2017 06:00","BZN|BG","3572.00","3565.00"
"13/07/2017 06:00 - 13/07/2017 07:00","BZN|BG","3896.00","3956.00"
"13/07/2017 07:00 - 13/07/2017 08:00","BZN|BG","4310.00","4353.00"
"13/07/2017 08:00 - 13/07/2017 09:00","BZN|BG","4566.00","4544.00"
"13/07/2017 09:00 - 13/07/2017 10:00","BZN|BG","4653.00","4520.00"
"13/07/2017 10:00 - 13/07/2017 11:00","BZN|BG","4763.00","4575.00"
"13/07/2017 11:00 - 13/07/2017 12:00","BZN|BG","4796.00","4569.00"
"13/07/2017 12:00 - 13/07/2017 13:00","BZN|BG","4864.00","4659.00"
"13/07/2017 13:00 - 13/07/2017 14:00","BZN|BG","4806.00","4680.00"
"13/07/2017 14:00 - 13/07/2017 15:00","BZN|BG","4801.00","4744.00"
"13/07/2017 15:00 - 13/07/2017 16:00","BZN|BG","4778.00","4790.00"
"13/07/2017 16:00 - 13/07/2017 17:00","BZN|BG","4694.00","4596.00"
"13/07/2017 17:00 - 13/07/2017 18:00","BZN|BG","4702.00","4685.00"
"13/07/2017 18:00 - 13/07/2017 19:00","BZN|BG","4653.00","4682.00"
"13/07/2017 19:00 - 13/07/2017 20:00","BZN|BG","4550.00","4552.00"
"13/07/2017 20:00 - 13/07/2017 21:00","BZN|BG","4597.00","4697.00"
"13/07/2017 21:00 - 13/07/2017 22:00","BZN|BG","4517.00","4595.00"
"13/07/2017 22:00 - 13/07/2017 23:00","BZN|BG","4178.00","4175.00"
"13/07/2017 23:00 - 14/07/2017 00:00","BZN|BG","3685.00","3647.00"
"14/07/2017 00:00 - 14/07/2017 01:00","BZN|BG","3312.00","3351.00"
"14/07/2017 01:00 - 14/07/2017 02:00","BZN|BG","3156.00","3216.00"
"14/07/2017 02:00 - 14/07/2017 03:00","BZN|BG","3117.00","3165.00"
"14/07/2017 03:00 - 14/07/2017 04:00","BZN|BG","3123.00","3165.00"
"14/07/2017 04:00 - 14/07/2017 05:00","BZN|BG","3180.00","3242.00"
"14/07/2017 05:00 - 14/07/2017 06:00","BZN|BG","3427.00","3500.00"
"14/07/2017 06:00 - 14/07/2017 07:00","BZN|BG","3764.00","3851.00"
"14/07/2017 07:00 - 14/07/2017 08:00","BZN|BG","4077.00","4211.00"
"14/07/2017 08:00 - 14/07/2017 09:00","BZN|BG","4254.00","4390.00"
"14/07/2017 09:00 - 14/07/2017 10:00","BZN|BG","4233.00","4376.00"
"14/07/2017 10:00 - 14/07/2017 11:00","BZN|BG","4297.00","4435.00"
"14/07/2017 11:00 - 14/07/2017 12:00","BZN|BG","4273.00","4430.00"
"14/07/2017 12:00 - 14/07/2017 13:00","BZN|BG","4365.00","4521.00"
"14/07/2017 13:00 - 14/07/2017 14:00","BZN|BG","4395.00","4544.00"
"14/07/2017 14:00 - 14/07/2017 15:00","BZN|BG","4426.00","4573.00"
"14/07/2017 15:00 - 14/07/2017 16:00","BZN|BG","4435.00","4589.00"
"14/07/2017 16:00 - 14/07/2017 17:00","BZN|BG","4409.00","4506.00"
"14/07/2017 17:00 - 14/07/2017 18:00","BZN|BG","4437.00","4537.00"
"14/07/2017 18:00 - 14/07/2017 19:00","BZN|BG","4456.00","4533.00"
"14/07/2017 19:00 - 14/07/2017 20:00","BZN|BG","4392.00","4436.00"
"14/07/2017 20:00 - 14/07/2017 21:00","BZN|BG","4472.00","4531.00"
"14/07/2017 21:00 - 14/07/2017 22:00","BZN|BG","4342.00","4446.00"
"14/07/2017 22:00 - 14/07/2017 23:00","BZN|BG","4074.00","4098.00"
"14/07/2017 23:00 - 15/07/2017 00:00","BZN|BG","3707.00","3610.00"
"15/07/2017 00:00 - 15/07/2017 01:00","BZN|BG","3421.00","3330.00"
"15/07/2017 01:00 - 15/07/2017 02:00","BZN|BG","3280.00","3183.00"
"15/07/2017 02:00 - 15/07/2017 03:00","BZN|BG","3212.00","3116.00"
"15/07/2017 03:00 - 15/07/2017 04:00","BZN|BG","3181.00","3080.00"
"15/07/2017 04:00 - 15/07/2017 05:00","BZN|BG","3189.00","3101.00"
"15/07/2017 05:00 - 15/07/2017 06:00","BZN|BG","3296.00","3209.00"
"15/07/2017 06:00 - 15/07/2017 07:00","BZN|BG","3511.00","3442.00"
"15/07/2017 07:00 - 15/07/2017 08:00","BZN|BG","3826.00","3757.00"
"15/07/2017 08:00 - 15/07/2017 09:00","BZN|BG","4041.00","3946.00"
"15/07/2017 09:00 - 15/07/2017 10:00","BZN|BG","4063.00","3979.00"
"15/07/2017 10:00 - 15/07/2017 11:00","BZN|BG","4094.00","4059.00"
"15/07/2017 11:00 - 15/07/2017 12:00","BZN|BG","4089.00","4094.00"
"15/07/2017 12:00 - 15/07/2017 13:00","BZN|BG","4064.00","4107.00"
"15/07/2017 13:00 - 15/07/2017 14:00","BZN|BG","4016.00","3964.00"
"15/07/2017 14:00 - 15/07/2017 15:00","BZN|BG","4016.00","3940.00"
"15/07/2017 15:00 - 15/07/2017 16:00","BZN|BG","4047.00","3973.00"
"15/07/2017 16:00 - 15/07/2017 17:00","BZN|BG","4103.00","4023.00"
"15/07/2017 17:00 - 15/07/2017 18:00","BZN|BG","4181.00","4110.00"
"15/07/2017 18:00 - 15/07/2017 19:00","BZN|BG","4205.00","4138.00"
"15/07/2017 19:00 - 15/07/2017 20:00","BZN|BG","4126.00","4061.00"
"15/07/2017 20:00 - 15/07/2017 21:00","BZN|BG","4162.00","4156.00"
"15/07/2017 21:00 - 15/07/2017 22:00","BZN|BG","4034.00","4022.00"
"15/07/2017 22:00 - 15/07/2017 23:00","BZN|BG","3795.00","3757.00"
"15/07/2017 23:00 - 16/07/2017 00:00","BZN|BG","3461.00","3384.00"
"16/07/2017 00:00 - 16/07/2017 01:00","BZN|BG","3266.00","3166.00"
"16/07/2017 01:00 - 16/07/2017 02:00","BZN|BG","3117.00","3050.00"
"16/07/2017 02:00 - 16/07/2017 03:00","BZN|BG","3060.00","2988.00"
"16/07/2017 03:00 - 16/07/2017 04:00","BZN|BG","3046.00","2965.00"
"16/07/2017 04:00 - 16/07/2017 05:00","BZN|BG","3031.00","2958.00"
"16/07/2017 05:00 - 16/07/2017 06:00","BZN|BG","3075.00","3010.00"
"16/07/2017 06:00 - 16/07/2017 07:00","BZN|BG","3211.00","3142.00"
"16/07/2017 07:00 - 16/07/2017 08:00","BZN|BG","3491.00","3336.00"
"16/07/2017 08:00 - 16/07/2017 09:00","BZN|BG","3742.00","3495.00"
"16/07/2017 09:00 - 16/07/2017 10:00","BZN|BG","3851.00","3561.00"
"16/07/2017 10:00 - 16/07/2017 11:00","BZN|BG","3942.00","3623.00"
"16/07/2017 11:00 - 16/07/2017 12:00","BZN|BG","3941.00","3662.00"
"16/07/2017 12:00 - 16/07/2017 13:00","BZN|BG","3929.00","3699.00"
"16/07/2017 13:00 - 16/07/2017 14:00","BZN|BG","3841.00","3675.00"
"16/07/2017 14:00 - 16/07/2017 15:00","BZN|BG","3806.00","3690.00"
"16/07/2017 15:00 - 16/07/2017 16:00","BZN|BG","3830.00","3736.00"
"16/07/2017 16:00 - 16/07/2017 17:00","BZN|BG","3945.00","3868.00"
"16/07/2017 17:00 - 16/07/2017 18:00","BZN|BG","4053.00","3963.00"
"16/07/2017 18:00 - 16/07/2017 19:00","BZN|BG","4109.00","3969.00"
"16/07/2017 19:00 - 16/07/2017 20:00","BZN|BG","4113.00","3923.00"
"16/07/2017 20:00 - 16/07/2017 21:00","BZN|BG","4074.00","4065.00"
"16/07/2017 21:00 - 16/07/2017 22:00","BZN|BG","3931.00","4002.00"
"16/07/2017 22:00 - 16/07/2017 23:00","BZN|BG","3847.00","3607.00"
"16/07/2017 23:00 - 17/07/2017 00:00","BZN|BG","3360.00","3274.00"
"17/07/2017 00:00 - 17/07/2017 01:00","BZN|BG","3116.00","3076.00"
"17/07/2017 01:00 - 17/07/2017 02:00","BZN|BG","3023.00","2975.00"
"17/07/2017 02:00 - 17/07/2017 03:00","BZN|BG","2983.00","2933.00"
"17/07/2017 03:00 - 17/07/2017 04:00","BZN|BG","2982.00","2922.00"
"17/07/2017 04:00 - 17/07/2017 05:00","BZN|BG","3070.00","2978.00"
"17/07/2017 05:00 - 17/07/2017 06:00","BZN|BG","3349.00","3165.00"
"17/07/2017 06:00 - 17/07/2017 07:00","BZN|BG","3738.00","3431.00"
"17/07/2017 07:00 - 17/07/2017 08:00","BZN|BG","4064.00","3686.00"
"17/07/2017 08:00 - 17/07/2017 09:00","BZN|BG","4225.00","3825.00"
"17/07/2017 09:00 - 17/07/2017 10:00","BZN|BG","4196.00","3875.00"
"17/07/2017 10:00 - 17/07/2017 11:00","BZN|BG","4209.00","3940.00"
"17/07/2017 11:00 - 17/07/2017 12:00","BZN|BG","4154.00","3953.00"
"17/07/2017 12:00 - 17/07/2017 13:00","BZN|BG","4202.00","4045.00"
"17/07/2017 13:00 - 17/07/2017 14:00","BZN|BG","4166.00","4071.00"
"17/07/2017 14:00 - 17/07/2017 15:00","BZN|BG","4139.00","4087.00"
"17/07/2017 15:00 - 17/07/2017 16:00","BZN|BG","4096.00","4075.00"
"17/07/2017 16:00 - 17/07/2017 17:00","BZN|BG","4130.00","4001.00"
"17/07/2017 17:00 - 17/07/2017 18:00","BZN|BG","4229.00","4131.00"
"17/07/2017 18:00 - 17/07/2017 19:00","BZN|BG","4250.00","4124.00"
"17/07/2017 19:00 - 17/07/2017 20:00","BZN|BG","4203.00","4035.00"
"17/07/2017 20:00 - 17/07/2017 21:00","BZN|BG","4261.00","4092.00"
"17/07/2017 21:00 - 17/07/2017 22:00","BZN|BG","4095.00","3985.00"
"17/07/2017 22:00 - 17/07/2017 23:00","BZN|BG","3832.00","3714.00"
"17/07/2017 23:00 - 18/07/2017 00:00","BZN|BG","3495.00","3580.00"
"18/07/2017 00:00 - 18/07/2017 01:00","BZN|BG","3238.00","3333.00"
"18/07/2017 01:00 - 18/07/2017 02:00","BZN|BG","3144.00","3228.00"
"18/07/2017 02:00 - 18/07/2017 03:00","BZN|BG","3037.00","3181.00"
"18/07/2017 03:00 - 18/07/2017 04:00","BZN|BG","3026.00","3177.00"
"18/07/2017 04:00 - 18/07/2017 05:00","BZN|BG","3112.00","3224.00"
"18/07/2017 05:00 - 18/07/2017 06:00","BZN|BG","3386.00","3400.00"
"18/07/2017 06:00 - 18/07/2017 07:00","BZN|BG","3713.00","3643.00"
"18/07/2017 07:00 - 18/07/2017 08:00","BZN|BG","4084.00","3902.00"
"18/07/2017 08:00 - 18/07/2017 09:00","BZN|BG","4254.00","4043.00"
"18/07/2017 09:00 - 18/07/2017 10:00","BZN|BG","4220.00","4054.00"
"18/07/2017 10:00 - 18/07/2017 11:00","BZN|BG","4246.00","4107.00"
"18/07/2017 11:00 - 18/07/2017 12:00","BZN|BG","4198.00","4121.00"
"18/07/2017 12:00 - 18/07/2017 13:00","BZN|BG","4231.00","4183.00"
"18/07/2017 13:00 - 18/07/2017 14:00","BZN|BG","4218.00","4191.00"
"18/07/2017 14:00 - 18/07/2017 15:00","BZN|BG","4204.00","4208.00"
"18/07/2017 15:00 - 18/07/2017 16:00","BZN|BG","4191.00","4236.00"
"18/07/2017 16:00 - 18/07/2017 17:00","BZN|BG","4140.00","4066.00"
"18/07/2017 17:00 - 18/07/2017 18:00","BZN|BG","4246.00","4381.00"
"18/07/2017 18:00 - 18/07/2017 19:00","BZN|BG","4249.00","4354.00"
"18/07/2017 19:00 - 18/07/2017 20:00","BZN|BG","4229.00","4243.00"
"18/07/2017 20:00 - 18/07/2017 21:00","BZN|BG","4340.00","4320.00"
"18/07/2017 21:00 - 18/07/2017 22:00","BZN|BG","4165.00","4211.00"
"18/07/2017 22:00 - 18/07/2017 23:00","BZN|BG","3845.00","3863.00"
"18/07/2017 23:00 - 19/07/2017 00:00","BZN|BG","3476.00","3498.00"
"19/07/2017 00:00 - 19/07/2017 01:00","BZN|BG","3214.00","3257.00"
"19/07/2017 01:00 - 19/07/2017 02:00","BZN|BG","3079.00","3150.00"
"19/07/2017 02:00 - 19/07/2017 03:00","BZN|BG","3041.00","3103.00"
"19/07/2017 03:00 - 19/07/2017 04:00","BZN|BG","3073.00","3104.00"
"19/07/2017 04:00 - 19/07/2017 05:00","BZN|BG","3159.00","3150.00"
"19/07/2017 05:00 - 19/07/2017 06:00","BZN|BG","3355.00","3390.00"
"19/07/2017 06:00 - 19/07/2017 07:00","BZN|BG","3721.00","3695.00"
"19/07/2017 07:00 - 19/07/2017 08:00","BZN|BG","4078.00","4024.00"
"19/07/2017 08:00 - 19/07/2017 09:00","BZN|BG","4297.00","4199.00"
"19/07/2017 09:00 - 19/07/2017 10:00","BZN|BG","4273.00","4199.00"
"19/07/2017 10:00 - 19/07/2017 11:00","BZN|BG","4310.00","4254.00"
"19/07/2017 11:00 - 19/07/2017 12:00","BZN|BG","4275.00","4223.00"
"19/07/2017 12:00 - 19/07/2017 13:00","BZN|BG","4336.00","4300.00"
"19/07/2017 13:00 - 19/07/2017 14:00","BZN|BG","4372.00","4311.00"
"19/07/2017 14:00 - 19/07/2017 15:00","BZN|BG","4363.00","4335.00"
"19/07/2017 15:00 - 19/07/2017 16:00","BZN|BG","4354.00","4358.00"
"19/07/2017 16:00 - 19/07/2017 17:00","BZN|BG","4289.00","4271.00"
"19/07/2017 17:00 - 19/07/2017 18:00","BZN|BG","4336.00","4359.00"
"19/07/2017 18:00 - 19/07/2017 19:00","BZN|BG","4491.00","4327.00"
"19/07/2017 19:00 - 19/07/2017 20:00","BZN|BG","4459.00","4243.00"
"19/07/2017 20:00 - 19/07/2017 21:00","BZN|BG","4484.00","4293.00"
"19/07/2017 21:00 - 19/07/2017 22:00","BZN|BG","4234.00","4196.00"
"19/07/2017 22:00 - 19/07/2017 23:00","BZN|BG","3911.00","3908.00"
"19/07/2017 23:00 - 20/07/2017 00:00","BZN|BG","3615.00","3549.00"
"20/07/2017 00:00 - 20/07/2017 01:00","BZN|BG","3320.00","3302.00"
"20/07/2017 01:00 - 20/07/2017 02:00","BZN|BG","3158.00","3195.00"
"20/07/2017 02:00 - 20/07/2017 03:00","BZN|BG","3109.00","3140.00"
"20/07/2017 03:00 - 20/07/2017 04:00","BZN|BG","3107.00","3138.00"
"20/07/2017 04:00 - 20/07/2017 05:00","BZN|BG","3188.00","3198.00"
"20/07/2017 05:00 - 20/07/2017 06:00","BZN|BG","3445.00","3430.00"
"20/07/2017 06:00 - 20/07/2017 07:00","BZN|BG","3792.00","3739.00"
"20/07/2017 07:00 - 20/07/2017 08:00","BZN|BG","4148.00","4077.00"
"20/07/2017 08:00 - 20/07/2017 09:00","BZN|BG","4302.00","4268.00"
"20/07/2017 09:00 - 20/07/2017 10:00","BZN|BG","4270.00","4286.00"
"20/07/2017 10:00 - 20/07/2017 11:00","BZN|BG","4347.00","4356.00"
"20/07/2017 11:00 - 20/07/2017 12:00","BZN|BG","4317.00","4369.00"
"20/07/2017 12:00 - 20/07/2017 13:00","BZN|BG","4412.00","4446.00"
"20/07/2017 13:00 - 20/07/2017 14:00","BZN|BG","4389.00","4459.00"
"20/07/2017 14:00 - 20/07/2017 15:00","BZN|BG","4386.00","4463.00"
"20/07/2017 15:00 - 20/07/2017 16:00","BZN|BG","4388.00","4467.00"
"20/07/2017 16:00 - 20/07/2017 17:00","BZN|BG","4294.00","4382.00"
"20/07/2017 17:00 - 20/07/2017 18:00","BZN|BG","4345.00","4539.00"
"20/07/2017 18:00 - 20/07/2017 19:00","BZN|BG","4421.00","4511.00"
"20/07/2017 19:00 - 20/07/2017 20:00","BZN|BG","4365.00","4413.00"
"20/07/2017 20:00 - 20/07/2017 21:00","BZN|BG","4427.00","4489.00"
"20/07/2017 21:00 - 20/07/2017 22:00","BZN|BG","4360.00","4348.00"
"20/07/2017 22:00 - 20/07/2017 23:00","BZN|BG","4054.00","3969.00"
"20/07/2017 23:00 - 21/07/2017 00:00","BZN|BG","3624.00","3529.00"
"21/07/2017 00:00 - 21/07/2017 01:00","BZN|BG","3340.00","3293.00"
"21/07/2017 01:00 - 21/07/2017 02:00","BZN|BG","3211.00","3191.00"
"21/07/2017 02:00 - 21/07/2017 03:00","BZN|BG","3135.00","3140.00"
"21/07/2017 03:00 - 21/07/2017 04:00","BZN|BG","3143.00","3145.00"
"21/07/2017 04:00 - 21/07/2017 05:00","BZN|BG","3218.00","3214.00"
"21/07/2017 05:00 - 21/07/2017 06:00","BZN|BG","3470.00","3452.00"
"21/07/2017 06:00 - 21/07/2017 07:00","BZN|BG","3820.00","3787.00"
"21/07/2017 07:00 - 21/07/2017 08:00","BZN|BG","4186.00","4148.00"
"21/07/2017 08:00 - 21/07/2017 09:00","BZN|BG","4366.00","4352.00"
"21/07/2017 09:00 - 21/07/2017 10:00","BZN|BG","4372.00","4362.00"
"21/07/2017 10:00 - 21/07/2017 11:00","BZN|BG","4413.00","4429.00"
"21/07/2017 11:00 - 21/07/2017 12:00","BZN|BG","4405.00","4437.00"
"21/07/2017 12:00 - 21/07/2017 13:00","BZN|BG","4479.00","4516.00"
"21/07/2017 13:00 - 21/07/2017 14:00","BZN|BG","4535.00","4535.00"
"21/07/2017 14:00 - 21/07/2017 15:00","BZN|BG","4492.00","4540.00"
"21/07/2017 15:00 - 21/07/2017 16:00","BZN|BG","4492.00","4542.00"
"21/07/2017 16:00 - 21/07/2017 17:00","BZN|BG","4448.00","4469.00"
"21/07/2017 17:00 - 21/07/2017 18:00","BZN|BG","4451.00","4643.00"
"21/07/2017 18:00 - 21/07/2017 19:00","BZN|BG","4448.00","4626.00"
"21/07/2017 19:00 - 21/07/2017 20:00","BZN|BG","4388.00","4535.00"
"21/07/2017 20:00 - 21/07/2017 21:00","BZN|BG","4492.00","4631.00"
"21/07/2017 21:00 - 21/07/2017 22:00","BZN|BG","4317.00","4488.00"
"21/07/2017 22:00 - 21/07/2017 23:00","BZN|BG","4034.00","4106.00"
"21/07/2017 23:00 - 22/07/2017 00:00","BZN|BG","3664.00","3658.00"
"22/07/2017 00:00 - 22/07/2017 01:00","BZN|BG","3364.00","3380.00"
"22/07/2017 01:00 - 22/07/2017 02:00","BZN|BG","3230.00","3242.00"
"22/07/2017 02:00 - 22/07/2017 03:00","BZN|BG","3157.00","3176.00"
"22/07/2017 03:00 - 22/07/2017 04:00","BZN|BG","3134.00","3146.00"
"22/07/2017 04:00 - 22/07/2017 05:00","BZN|BG","3158.00","3155.00"
"22/07/2017 05:00 - 22/07/2017 06:00","BZN|BG","3257.00","3275.00"
"22/07/2017 06:00 - 22/07/2017 07:00","BZN|BG","3491.00","3514.00"
"22/07/2017 07:00 - 22/07/2017 08:00","BZN|BG","3856.00","3867.00"
"22/07/2017 08:00 - 22/07/2017 09:00","BZN|BG","4037.00","4108.00"
"22/07/2017 09:00 - 22/07/2017 10:00","BZN|BG","4096.00","4132.00"
"22/07/2017 10:00 - 22/07/2017 11:00","BZN|BG","4190.00","4167.00"
"22/07/2017 11:00 - 22/07/2017 12:00","BZN|BG","4235.00","4161.00"
"22/07/2017 12:00 - 22/07/2017 13:00","BZN|BG","4186.00","4131.00"
"22/07/2017 13:00 - 22/07/2017 14:00","BZN|BG","4086.00","4075.00"
"22/07/2017 14:00 - 22/07/2017 15:00","BZN|BG","4073.00","4075.00"
"22/07/2017 15:00 - 22/07/2017 16:00","BZN|BG","4087.00","4104.00"
"22/07/2017 16:00 - 22/07/2017 17:00","BZN|BG","4214.00","4157.00"
"22/07/2017 17:00 - 22/07/2017 18:00","BZN|BG","4286.00","4230.00"
"22/07/2017 18:00 - 22/07/2017 19:00","BZN|BG","4278.00","4253.00"
"22/07/2017 19:00 - 22/07/2017 20:00","BZN|BG","4254.00","4193.00"
"22/07/2017 20:00 - 22/07/2017 21:00","BZN|BG","4353.00","4220.00"
"22/07/2017 21:00 - 22/07/2017 22:00","BZN|BG","4183.00","4122.00"
"22/07/2017 22:00 - 22/07/2017 23:00","BZN|BG","3937.00","3951.00"
"22/07/2017 23:00 - 23/07/2017 00:00","BZN|BG","3591.00","3510.00"
"23/07/2017 00:00 - 23/07/2017 01:00","BZN|BG","3326.00","3300.00"
"23/07/2017 01:00 - 23/07/2017 02:00","BZN|BG","3168.00","3140.00"
"23/07/2017 02:00 - 23/07/2017 03:00","BZN|BG","3085.00","3079.00"
"23/07/2017 03:00 - 23/07/2017 04:00","BZN|BG","3066.00","3063.00"
"23/07/2017 04:00 - 23/07/2017 05:00","BZN|BG","3049.00","3047.00"
"23/07/2017 05:00 - 23/07/2017 06:00","BZN|BG","3104.00","3096.00"
"23/07/2017 06:00 - 23/07/2017 07:00","BZN|BG","3298.00","3244.00"
"23/07/2017 07:00 - 23/07/2017 08:00","BZN|BG","3631.00","3551.00"
"23/07/2017 08:00 - 23/07/2017 09:00","BZN|BG","3875.00","3826.00"
"23/07/2017 09:00 - 23/07/2017 10:00","BZN|BG","3982.00","3946.00"
"23/07/2017 10:00 - 23/07/2017 11:00","BZN|BG","4076.00","4046.00"
"23/07/2017 11:00 - 23/07/2017 12:00","BZN|BG","4124.00","4045.00"
"23/07/2017 12:00 - 23/07/2017 13:00","BZN|BG","4177.00","4038.00"
"23/07/2017 13:00 - 23/07/2017 14:00","BZN|BG","4139.00","3991.00"
"23/07/2017 14:00 - 23/07/2017 15:00","BZN|BG","4129.00","3972.00"
"23/07/2017 15:00 - 23/07/2017 16:00","BZN|BG","4172.00","4007.00"
"23/07/2017 16:00 - 23/07/2017 17:00","BZN|BG","4270.00","4179.00"
"23/07/2017 17:00 - 23/07/2017 18:00","BZN|BG","4358.00","4340.00"
"23/07/2017 18:00 - 23/07/2017 19:00","BZN|BG","4362.00","4424.00"
"23/07/2017 19:00 - 23/07/2017 20:00","BZN|BG","4350.00","4431.00"
"23/07/2017 20:00 - 23/07/2017 21:00","BZN|BG","4496.00","4346.00"
"23/07/2017 21:00 - 23/07/2017 22:00","BZN|BG","4351.00","4038.00"
"23/07/2017 22:00 - 23/07/2017 23:00","BZN|BG","4052.00","3856.00"
"23/07/2017 23:00 - 24/07/2017 00:00","BZN|BG","3650.00","3534.00"
"24/07/2017 00:00 - 24/07/2017 01:00","BZN|BG","3378.00","3255.00"
"24/07/2017 01:00 - 24/07/2017 02:00","BZN|BG","3214.00","3149.00"
"24/07/2017 02:00 - 24/07/2017 03:00","BZN|BG","3133.00","3103.00"
"24/07/2017 03:00 - 24/07/2017 04:00","BZN|BG","3149.00","3101.00"
"24/07/2017 04:00 - 24/07/2017 05:00","BZN|BG","3257.00","3210.00"
"24/07/2017 05:00 - 24/07/2017 06:00","BZN|BG","3511.00","3554.00"
"24/07/2017 06:00 - 24/07/2017 07:00","BZN|BG","3877.00","4034.00"
"24/07/2017 07:00 - 24/07/2017 08:00","BZN|BG","4295.00","4436.00"
"24/07/2017 08:00 - 24/07/2017 09:00","BZN|BG","4561.00","4633.00"
"24/07/2017 09:00 - 24/07/2017 10:00","BZN|BG","4623.00","4609.00"
"24/07/2017 10:00 - 24/07/2017 11:00","BZN|BG","4726.00","4620.00"
"24/07/2017 11:00 - 24/07/2017 12:00","BZN|BG","4748.00","4573.00"
"24/07/2017 12:00 - 24/07/2017 13:00","BZN|BG","4860.00","4614.00"
"24/07/2017 13:00 - 24/07/2017 14:00","BZN|BG","4884.00","4583.00"
"24/07/2017 14:00 - 24/07/2017 15:00","BZN|BG","4850.00","4561.00"
"24/07/2017 15:00 - 24/07/2017 16:00","BZN|BG","4812.00","4524.00"
"24/07/2017 16:00 - 24/07/2017 17:00","BZN|BG","4738.00","4554.00"
"24/07/2017 17:00 - 24/07/2017 18:00","BZN|BG","4776.00","4641.00"
"24/07/2017 18:00 - 24/07/2017 19:00","BZN|BG","4756.00","4660.00"
"24/07/2017 19:00 - 24/07/2017 20:00","BZN|BG","4664.00","4618.00"
"24/07/2017 20:00 - 24/07/2017 21:00","BZN|BG","4736.00","4670.00"
"24/07/2017 21:00 - 24/07/2017 22:00","BZN|BG","4554.00","4463.00"
"24/07/2017 22:00 - 24/07/2017 23:00","BZN|BG","4211.00","4136.00"
"24/07/2017 23:00 - 25/07/2017 00:00","BZN|BG","3797.00","3577.00"
"25/07/2017 00:00 - 25/07/2017 01:00","BZN|BG","3512.00","3335.00"
"25/07/2017 01:00 - 25/07/2017 02:00","BZN|BG","3379.00","3236.00"
"25/07/2017 02:00 - 25/07/2017 03:00","BZN|BG","3280.00","3176.00"
"25/07/2017 03:00 - 25/07/2017 04:00","BZN|BG","3303.00","3184.00"
"25/07/2017 04:00 - 25/07/2017 05:00","BZN|BG","3347.00","3259.00"
"25/07/2017 05:00 - 25/07/2017 06:00","BZN|BG","3596.00","3492.00"
"25/07/2017 06:00 - 25/07/2017 07:00","BZN|BG","3926.00","3814.00"
"25/07/2017 07:00 - 25/07/2017 08:00","BZN|BG","4345.00","4153.00"
"25/07/2017 08:00 - 25/07/2017 09:00","BZN|BG","4540.00","4319.00"
"25/07/2017 09:00 - 25/07/2017 10:00","BZN|BG","4603.00","4300.00"
"25/07/2017 10:00 - 25/07/2017 11:00","BZN|BG","4657.00","4347.00"
"25/07/2017 11:00 - 25/07/2017 12:00","BZN|BG","4618.00","4325.00"
"25/07/2017 12:00 - 25/07/2017 13:00","BZN|BG","4682.00","4387.00"
"25/07/2017 13:00 - 25/07/2017 14:00","BZN|BG","4670.00","4407.00"
"25/07/2017 14:00 - 25/07/2017 15:00","BZN|BG","4635.00","4389.00"
"25/07/2017 15:00 - 25/07/2017 16:00","BZN|BG","4670.00","4388.00"
"25/07/2017 16:00 - 25/07/2017 17:00","BZN|BG","4614.00","4189.00"
"25/07/2017 17:00 - 25/07/2017 18:00","BZN|BG","4666.00","4375.00"
"25/07/2017 18:00 - 25/07/2017 19:00","BZN|BG","4628.00","4433.00"
"25/07/2017 19:00 - 25/07/2017 20:00","BZN|BG","4520.00","4248.00"
"25/07/2017 20:00 - 25/07/2017 21:00","BZN|BG","4448.00","4624.00"
"25/07/2017 21:00 - 25/07/2017 22:00","BZN|BG","4216.00","4419.00"
"25/07/2017 22:00 - 25/07/2017 23:00","BZN|BG","3910.00","3955.00"
"25/07/2017 23:00 - 26/07/2017 00:00","BZN|BG","3597.00","3656.00"
"26/07/2017 00:00 - 26/07/2017 01:00","BZN|BG","3327.00","3366.00"
"26/07/2017 01:00 - 26/07/2017 02:00","BZN|BG","3197.00","3236.00"
"26/07/2017 02:00 - 26/07/2017 03:00","BZN|BG","3178.00","3160.00"
"26/07/2017 03:00 - 26/07/2017 04:00","BZN|BG","3195.00","3174.00"
"26/07/2017 04:00 - 26/07/2017 05:00","BZN|BG","3248.00","3273.00"
"26/07/2017 05:00 - 26/07/2017 06:00","BZN|BG","3509.00","3555.00"
"26/07/2017 06:00 - 26/07/2017 07:00","BZN|BG","3859.00","3951.00"
"26/07/2017 07:00 - 26/07/2017 08:00","BZN|BG","4220.00","4373.00"
"26/07/2017 08:00 - 26/07/2017 09:00","BZN|BG","4406.00","4574.00"
"26/07/2017 09:00 - 26/07/2017 10:00","BZN|BG","4440.00","4544.00"
"26/07/2017 10:00 - 26/07/2017 11:00","BZN|BG","4504.00","4602.00"
"26/07/2017 11:00 - 26/07/2017 12:00","BZN|BG","4491.00","4575.00"
"26/07/2017 12:00 - 26/07/2017 13:00","BZN|BG","4581.00","4651.00"
"26/07/2017 13:00 - 26/07/2017 14:00","BZN|BG","4603.00","4678.00"
"26/07/2017 14:00 - 26/07/2017 15:00","BZN|BG","4601.00","4668.00"
"26/07/2017 15:00 - 26/07/2017 16:00","BZN|BG","4543.00","4670.00"
"26/07/2017 16:00 - 26/07/2017 17:00","BZN|BG","4517.00","4609.00"
"26/07/2017 17:00 - 26/07/2017 18:00","BZN|BG","4607.00","4604.00"
"26/07/2017 18:00 - 26/07/2017 19:00","BZN|BG","4603.00","4602.00"
"26/07/2017 19:00 - 26/07/2017 20:00","BZN|BG","4511.00","4606.00"
"26/07/2017 20:00 - 26/07/2017 21:00","BZN|BG","4547.00","4596.00"
"26/07/2017 21:00 - 26/07/2017 22:00","BZN|BG","4359.00","4430.00"
"26/07/2017 22:00 - 26/07/2017 23:00","BZN|BG","4044.00","4045.00"
"26/07/2017 23:00 - 27/07/2017 00:00","BZN|BG","3644.00","3626.00"
"27/07/2017 00:00 - 27/07/2017 01:00","BZN|BG","3380.00","3348.00"
"27/07/2017 01:00 - 27/07/2017 02:00","BZN|BG","3277.00","3222.00"
"27/07/2017 02:00 - 27/07/2017 03:00","BZN|BG","3246.00","3146.00"
"27/07/2017 03:00 - 27/07/2017 04:00","BZN|BG","3250.00","3158.00"
"27/07/2017 04:00 - 27/07/2017 05:00","BZN|BG","3297.00","3235.00"
"27/07/2017 05:00 - 27/07/2017 06:00","BZN|BG","3526.00","3473.00"
"27/07/2017 06:00 - 27/07/2017 07:00","BZN|BG","3915.00","3801.00"
"27/07/2017 07:00 - 27/07/2017 08:00","BZN|BG","4189.00","4160.00"
"27/07/2017 08:00 - 27/07/2017 09:00","BZN|BG","4432.00","4334.00"
"27/07/2017 09:00 - 27/07/2017 10:00","BZN|BG","4323.00","4326.00"
"27/07/2017 10:00 - 27/07/2017 11:00","BZN|BG","4396.00","4368.00"
"27/07/2017 11:00 - 27/07/2017 12:00","BZN|BG","4325.00","4340.00"
"27/07/2017 12:00 - 27/07/2017 13:00","BZN|BG","4348.00","4413.00"
"27/07/2017 13:00 - 27/07/2017 14:00","BZN|BG","4349.00","4428.00"
"27/07/2017 14:00 - 27/07/2017 15:00","BZN|BG","4340.00","4409.00"
"27/07/2017 15:00 - 27/07/2017 16:00","BZN|BG","4288.00","4430.00"
"27/07/2017 16:00 - 27/07/2017 17:00","BZN|BG","4197.00","4368.00"
"27/07/2017 17:00 - 27/07/2017 18:00","BZN|BG","4318.00","4441.00"
"27/07/2017 18:00 - 27/07/2017 19:00","BZN|BG","4271.00","4445.00"
"27/07/2017 19:00 - 27/07/2017 20:00","BZN|BG","4219.00","4378.00"
"27/07/2017 20:00 - 27/07/2017 21:00","BZN|BG","4312.00","4467.00"
"27/07/2017 21:00 - 27/07/2017 22:00","BZN|BG","4176.00","4309.00"
"27/07/2017 22:00 - 27/07/2017 23:00","BZN|BG","3902.00","3989.00"
"27/07/2017 23:00 - 28/07/2017 00:00","BZN|BG","3548.00","3615.00"
"28/07/2017 00:00 - 28/07/2017 01:00","BZN|BG","3243.00","3356.00"
"28/07/2017 01:00 - 28/07/2017 02:00","BZN|BG","3144.00","3235.00"
"28/07/2017 02:00 - 28/07/2017 03:00","BZN|BG","3112.00","3175.00"
"28/07/2017 03:00 - 28/07/2017 04:00","BZN|BG","3123.00","3182.00"
"28/07/2017 04:00 - 28/07/2017 05:00","BZN|BG","3197.00","3254.00"
"28/07/2017 05:00 - 28/07/2017 06:00","BZN|BG","3379.00","3496.00"
"28/07/2017 06:00 - 28/07/2017 07:00","BZN|BG","3740.00","3831.00"
"28/07/2017 07:00 - 28/07/2017 08:00","BZN|BG","4104.00","4188.00"
"28/07/2017 08:00 - 28/07/2017 09:00","BZN|BG","4245.00","4368.00"
"28/07/2017 09:00 - 28/07/2017 10:00","BZN|BG","4268.00","4369.00"
"28/07/2017 10:00 - 28/07/2017 11:00","BZN|BG","4281.00","4410.00"
"28/07/2017 11:00 - 28/07/2017 12:00","BZN|BG","4213.00","4381.00"
"28/07/2017 12:00 - 28/07/2017 13:00","BZN|BG","4246.00","4457.00"
"28/07/2017 13:00 - 28/07/2017 14:00","BZN|BG","4275.00","4467.00"
"28/07/2017 14:00 - 28/07/2017 15:00","BZN|BG","4229.00","4449.00"
"28/07/2017 15:00 - 28/07/2017 16:00","BZN|BG","4195.00","4452.00"
"28/07/2017 16:00 - 28/07/2017 17:00","BZN|BG","4153.00","4399.00"
"28/07/2017 17:00 - 28/07/2017 18:00","BZN|BG","4207.00","4470.00"
"28/07/2017 18:00 - 28/07/2017 19:00","BZN|BG","4172.00","4500.00"
"28/07/2017 19:00 - 28/07/2017 20:00","BZN|BG","4191.00","4439.00"
"28/07/2017 20:00 - 28/07/2017 21:00","BZN|BG","4304.00","4484.00"
"28/07/2017 21:00 - 28/07/2017 22:00","BZN|BG","4152.00","4302.00"
"28/07/2017 22:00 - 28/07/2017 23:00","BZN|BG","3947.00","3988.00"
"28/07/2017 23:00 - 29/07/2017 00:00","BZN|BG","3601.00","3434.00"
"29/07/2017 00:00 - 29/07/2017 01:00","BZN|BG","3272.00","3213.00"
"29/07/2017 01:00 - 29/07/2017 02:00","BZN|BG","3177.00","3115.00"
"29/07/2017 02:00 - 29/07/2017 03:00","BZN|BG","3094.00","3062.00"
"29/07/2017 03:00 - 29/07/2017 04:00","BZN|BG","3082.00","3045.00"
"29/07/2017 04:00 - 29/07/2017 05:00","BZN|BG","3105.00","3066.00"
"29/07/2017 05:00 - 29/07/2017 06:00","BZN|BG","3122.00","3150.00"
"29/07/2017 06:00 - 29/07/2017 07:00","BZN|BG","3360.00","3352.00"
"29/07/2017 07:00 - 29/07/2017 08:00","BZN|BG","3753.00","3665.00"
"29/07/2017 08:00 - 29/07/2017 09:00","BZN|BG","3984.00","3821.00"
"29/07/2017 09:00 - 29/07/2017 10:00","BZN|BG","4047.00","3872.00"
"29/07/2017 10:00 - 29/07/2017 11:00","BZN|BG","4067.00","3952.00"
"29/07/2017 11:00 - 29/07/2017 12:00","BZN|BG","4064.00","3991.00"
"29/07/2017 12:00 - 29/07/2017 13:00","BZN|BG","4034.00","3930.00"
"29/07/2017 13:00 - 29/07/2017 14:00","BZN|BG","4029.00","3805.00"
"29/07/2017 14:00 - 29/07/2017 15:00","BZN|BG","3990.00","3788.00"
"29/07/2017 15:00 - 29/07/2017 16:00","BZN|BG","4010.00","3801.00"
"29/07/2017 16:00 - 29/07/2017 17:00","BZN|BG","4067.00","3914.00"
"29/07/2017 17:00 - 29/07/2017 18:00","BZN|BG","4065.00","3979.00"
"29/07/2017 18:00 - 29/07/2017 19:00","BZN|BG","4123.00","3971.00"
"29/07/2017 19:00 - 29/07/2017 20:00","BZN|BG","4033.00","3950.00"
"29/07/2017 20:00 - 29/07/2017 21:00","BZN|BG","4210.00","4039.00"
"29/07/2017 21:00 - 29/07/2017 22:00","BZN|BG","4041.00","3887.00"
"29/07/2017 22:00 - 29/07/2017 23:00","BZN|BG","3805.00","3748.00"
"29/07/2017 23:00 - 30/07/2017 00:00","BZN|BG","3487.00","3378.00"
"30/07/2017 00:00 - 30/07/2017 01:00","BZN|BG","3229.00","3160.00"
"30/07/2017 01:00 - 30/07/2017 02:00","BZN|BG","3036.00","3029.00"
"30/07/2017 02:00 - 30/07/2017 03:00","BZN|BG","3001.00","2961.00"
"30/07/2017 03:00 - 30/07/2017 04:00","BZN|BG","2969.00","2946.00"
"30/07/2017 04:00 - 30/07/2017 05:00","BZN|BG","2995.00","2932.00"
"30/07/2017 05:00 - 30/07/2017 06:00","BZN|BG","2995.00","2973.00"
"30/07/2017 06:00 - 30/07/2017 07:00","BZN|BG","3202.00","3117.00"
"30/07/2017 07:00 - 30/07/2017 08:00","BZN|BG","3565.00","3365.00"
"30/07/2017 08:00 - 30/07/2017 09:00","BZN|BG","3777.00","3546.00"
"30/07/2017 09:00 - 30/07/2017 10:00","BZN|BG","3900.00","3626.00"
"30/07/2017 10:00 - 30/07/2017 11:00","BZN|BG","3968.00","3696.00"
"30/07/2017 11:00 - 30/07/2017 12:00","BZN|BG","4007.00","3731.00"
"30/07/2017 12:00 - 30/07/2017 13:00","BZN|BG","3951.00","3771.00"
"30/07/2017 13:00 - 30/07/2017 14:00","BZN|BG","3942.00","3748.00"
"30/07/2017 14:00 - 30/07/2017 15:00","BZN|BG","3945.00","3742.00"
"30/07/2017 15:00 - 30/07/2017 16:00","BZN|BG","3993.00","3800.00"
"30/07/2017 16:00 - 30/07/2017 17:00","BZN|BG","4094.00","3931.00"
"30/07/2017 17:00 - 30/07/2017 18:00","BZN|BG","4135.00","4050.00"
"30/07/2017 18:00 - 30/07/2017 19:00","BZN|BG","4139.00","4056.00"
"30/07/2017 19:00 - 30/07/2017 20:00","BZN|BG","4108.00","4039.00"
"30/07/2017 20:00 - 30/07/2017 21:00","BZN|BG","4288.00","4236.00"
"30/07/2017 21:00 - 30/07/2017 22:00","BZN|BG","4219.00","4065.00"
"30/07/2017 22:00 - 30/07/2017 23:00","BZN|BG","3888.00","3711.00"
"30/07/2017 23:00 - 31/07/2017 00:00","BZN|BG","3435.00","3396.00"
"31/07/2017 00:00 - 31/07/2017 01:00","BZN|BG","3241.00","3163.00"
"31/07/2017 01:00 - 31/07/2017 02:00","BZN|BG","3098.00","3022.00"
"31/07/2017 02:00 - 31/07/2017 03:00","BZN|BG","3032.00","2952.00"
"31/07/2017 03:00 - 31/07/2017 04:00","BZN|BG","3006.00","2966.00"
"31/07/2017 04:00 - 31/07/2017 05:00","BZN|BG","3123.00","3060.00"
"31/07/2017 05:00 - 31/07/2017 06:00","BZN|BG","3348.00","3280.00"
"31/07/2017 06:00 - 31/07/2017 07:00","BZN|BG","3645.00","3597.00"
"31/07/2017 07:00 - 31/07/2017 08:00","BZN|BG","4068.00","3959.00"
"31/07/2017 08:00 - 31/07/2017 09:00","BZN|BG","4273.00","4190.00"
"31/07/2017 09:00 - 31/07/2017 10:00","BZN|BG","4392.00","4243.00"
"31/07/2017 10:00 - 31/07/2017 11:00","BZN|BG","4397.00","4333.00"
"31/07/2017 11:00 - 31/07/2017 12:00","BZN|BG","4440.00","4352.00"
"31/07/2017 12:00 - 31/07/2017 13:00","BZN|BG","4522.00","4449.00"
"31/07/2017 13:00 - 31/07/2017 14:00","BZN|BG","4532.00","4470.00"
"31/07/2017 14:00 - 31/07/2017 15:00","BZN|BG","4508.00","4440.00"
"31/07/2017 15:00 - 31/07/2017 16:00","BZN|BG","4508.00","4406.00"
"31/07/2017 16:00 - 31/07/2017 17:00","BZN|BG","4469.00","4340.00"
"31/07/2017 17:00 - 31/07/2017 18:00","BZN|BG","4502.00","4487.00"
"31/07/2017 18:00 - 31/07/2017 19:00","BZN|BG","4506.00","4469.00"
"31/07/2017 19:00 - 31/07/2017 20:00","BZN|BG","4456.00","4388.00"
"31/07/2017 20:00 - 31/07/2017 21:00","BZN|BG","4563.00","4452.00"
"31/07/2017 21:00 - 31/07/2017 22:00","BZN|BG","4390.00","4292.00"
"31/07/2017 22:00 - 31/07/2017 23:00","BZN|BG","4043.00","3990.00"
"31/07/2017 23:00 - 01/08/2017 00:00","BZN|BG","3648.00","3558.00"
"01/08/2017 00:00 - 01/08/2017 01:00","BZN|BG","3345.00","3315.00"
"01/08/2017 01:00 - 01/08/2017 02:00","BZN|BG","3207.00","3217.00"
"01/08/2017 02:00 - 01/08/2017 03:00","BZN|BG","3141.00","3173.00"
"01/08/2017 03:00 - 01/08/2017 04:00","BZN|BG","3120.00","3183.00"
"01/08/2017 04:00 - 01/08/2017 05:00","BZN|BG","3210.00","3247.00"
"01/08/2017 05:00 - 01/08/2017 06:00","BZN|BG","3402.00","3488.00"
"01/08/2017 06:00 - 01/08/2017 07:00","BZN|BG","3735.00","3852.00"
"01/08/2017 07:00 - 01/08/2017 08:00","BZN|BG","4130.00","4217.00"
"01/08/2017 08:00 - 01/08/2017 09:00","BZN|BG","4332.00","4407.00"
"01/08/2017 09:00 - 01/08/2017 10:00","BZN|BG","4346.00","4408.00"
"01/08/2017 10:00 - 01/08/2017 11:00","BZN|BG","4386.00","4457.00"
"01/08/2017 11:00 - 01/08/2017 12:00","BZN|BG","4368.00","4420.00"
"01/08/2017 12:00 - 01/08/2017 13:00","BZN|BG","4477.00","4477.00"
"01/08/2017 13:00 - 01/08/2017 14:00","BZN|BG","4478.00","4499.00"
"01/08/2017 14:00 - 01/08/2017 15:00","BZN|BG","4473.00","4470.00"
"01/08/2017 15:00 - 01/08/2017 16:00","BZN|BG","4471.00","4442.00"
"01/08/2017 16:00 - 01/08/2017 17:00","BZN|BG","4417.00","4383.00"
"01/08/2017 17:00 - 01/08/2017 18:00","BZN|BG","4436.00","4524.00"
"01/08/2017 18:00 - 01/08/2017 19:00","BZN|BG","4428.00","4502.00"
"01/08/2017 19:00 - 01/08/2017 20:00","BZN|BG","4394.00","4443.00"
"01/08/2017 20:00 - 01/08/2017 21:00","BZN|BG","4498.00","4498.00"
"01/08/2017 21:00 - 01/08/2017 22:00","BZN|BG","4308.00","4324.00"
"01/08/2017 22:00 - 01/08/2017 23:00","BZN|BG","4022.00","4052.00"
"01/08/2017 23:00 - 02/08/2017 00:00","BZN|BG","3625.00","3582.00"
"02/08/2017 00:00 - 02/08/2017 01:00","BZN|BG","3344.00","3311.00"
"02/08/2017 01:00 - 02/08/2017 02:00","BZN|BG","3207.00","3206.00"
"02/08/2017 02:00 - 02/08/2017 03:00","BZN|BG","3121.00","3163.00"
"02/08/2017 03:00 - 02/08/2017 04:00","BZN|BG","3115.00","3172.00"
"02/08/2017 04:00 - 02/08/2017 05:00","BZN|BG","3206.00","3229.00"
"02/08/2017 05:00 - 02/08/2017 06:00","BZN|BG","3423.00","3449.00"
"02/08/2017 06:00 - 02/08/2017 07:00","BZN|BG","3751.00","3787.00"
"02/08/2017 07:00 - 02/08/2017 08:00","BZN|BG","4129.00","4123.00"
"02/08/2017 08:00 - 02/08/2017 09:00","BZN|BG","4345.00","4301.00"
"02/08/2017 09:00 - 02/08/2017 10:00","BZN|BG","4376.00","4300.00"
"02/08/2017 10:00 - 02/08/2017 11:00","BZN|BG","4462.00","4347.00"
"02/08/2017 11:00 - 02/08/2017 12:00","BZN|BG","4498.00","4306.00"
"02/08/2017 12:00 - 02/08/2017 13:00","BZN|BG","4604.00","4354.00"
"02/08/2017 13:00 - 02/08/2017 14:00","BZN|BG","4610.00","4367.00"
"02/08/2017 14:00 - 02/08/2017 15:00","BZN|BG","4589.00","4344.00"
"02/08/2017 15:00 - 02/08/2017 16:00","BZN|BG","4616.00","4309.00"
"02/08/2017 16:00 - 02/08/2017 17:00","BZN|BG","4538.00","4250.00"
"02/08/2017 17:00 - 02/08/2017 18:00","BZN|BG","4580.00","4498.00"
"02/08/2017 18:00 - 02/08/2017 19:00","BZN|BG","4578.00","4468.00"
"02/08/2017 19:00 - 02/08/2017 20:00","BZN|BG","4507.00","4399.00"
"02/08/2017 20:00 - 02/08/2017 21:00","BZN|BG","4592.00","4448.00"
"02/08/2017 21:00 - 02/08/2017 22:00","BZN|BG","4413.00","4246.00"
"02/08/2017 22:00 - 02/08/2017 23:00","BZN|BG","4065.00","3931.00"
"02/08/2017 23:00 - 03/08/2017 00:00","BZN|BG","3691.00","3655.00"
"03/08/2017 00:00 - 03/08/2017 01:00","BZN|BG","3365.00","3347.00"
"03/08/2017 01:00 - 03/08/2017 02:00","BZN|BG","3229.00","3224.00"
"03/08/2017 02:00 - 03/08/2017 03:00","BZN|BG","3166.00","3171.00"
"03/08/2017 03:00 - 03/08/2017 04:00","BZN|BG","3169.00","3174.00"
"03/08/2017 04:00 - 03/08/2017 05:00","BZN|BG","3252.00","3247.00"
"03/08/2017 05:00 - 03/08/2017 06:00","BZN|BG","3483.00","3490.00"
"03/08/2017 06:00 - 03/08/2017 07:00","BZN|BG","3781.00","3868.00"
"03/08/2017 07:00 - 03/08/2017 08:00","BZN|BG","4182.00","4262.00"
"03/08/2017 08:00 - 03/08/2017 09:00","BZN|BG","4404.00","4468.00"
"03/08/2017 09:00 - 03/08/2017 10:00","BZN|BG","4467.00","4471.00"
"03/08/2017 10:00 - 03/08/2017 11:00","BZN|BG","4593.00","4525.00"
"03/08/2017 11:00 - 03/08/2017 12:00","BZN|BG","4617.00","4488.00"
"03/08/2017 12:00 - 03/08/2017 13:00","BZN|BG","4748.00","4559.00"
"03/08/2017 13:00 - 03/08/2017 14:00","BZN|BG","4733.00","4574.00"
"03/08/2017 14:00 - 03/08/2017 15:00","BZN|BG","4723.00","4562.00"
"03/08/2017 15:00 - 03/08/2017 16:00","BZN|BG","4670.00","4537.00"
"03/08/2017 16:00 - 03/08/2017 17:00","BZN|BG","4590.00","4506.00"
"03/08/2017 17:00 - 03/08/2017 18:00","BZN|BG","4683.00","4591.00"
"03/08/2017 18:00 - 03/08/2017 19:00","BZN|BG","4693.00","4594.00"
"03/08/2017 19:00 - 03/08/2017 20:00","BZN|BG","4605.00","4535.00"
"03/08/2017 20:00 - 03/08/2017 21:00","BZN|BG","4757.00","4626.00"
"03/08/2017 21:00 - 03/08/2017 22:00","BZN|BG","4525.00","4406.00"
"03/08/2017 22:00 - 03/08/2017 23:00","BZN|BG","4178.00","4125.00"
"03/08/2017 23:00 - 04/08/2017 00:00","BZN|BG","3760.00","3716.00"
"04/08/2017 00:00 - 04/08/2017 01:00","BZN|BG","3429.00","3395.00"
"04/08/2017 01:00 - 04/08/2017 02:00","BZN|BG","3300.00","3258.00"
"04/08/2017 02:00 - 04/08/2017 03:00","BZN|BG","3206.00","3197.00"
"04/08/2017 03:00 - 04/08/2017 04:00","BZN|BG","3199.00","3199.00"
"04/08/2017 04:00 - 04/08/2017 05:00","BZN|BG","3284.00","3275.00"
"04/08/2017 05:00 - 04/08/2017 06:00","BZN|BG","3493.00","3524.00"
"04/08/2017 06:00 - 04/08/2017 07:00","BZN|BG","3798.00","3910.00"
"04/08/2017 07:00 - 04/08/2017 08:00","BZN|BG","4196.00","4319.00"
"04/08/2017 08:00 - 04/08/2017 09:00","BZN|BG","4448.00","4538.00"
"04/08/2017 09:00 - 04/08/2017 10:00","BZN|BG","4598.00","4549.00"
"04/08/2017 10:00 - 04/08/2017 11:00","BZN|BG","4707.00","4616.00"
"04/08/2017 11:00 - 04/08/2017 12:00","BZN|BG","4749.00","4587.00"
"04/08/2017 12:00 - 04/08/2017 13:00","BZN|BG","4841.00","4669.00"
"04/08/2017 13:00 - 04/08/2017 14:00","BZN|BG","4808.00","4682.00"
"04/08/2017 14:00 - 04/08/2017 15:00","BZN|BG","4813.00","4671.00"
"04/08/2017 15:00 - 04/08/2017 16:00","BZN|BG","4828.00","4658.00"
"04/08/2017 16:00 - 04/08/2017 17:00","BZN|BG","4778.00","4627.00"
"04/08/2017 17:00 - 04/08/2017 18:00","BZN|BG","4804.00","4697.00"
"04/08/2017 18:00 - 04/08/2017 19:00","BZN|BG","4824.00","4664.00"
"04/08/2017 19:00 - 04/08/2017 20:00","BZN|BG","4646.00","4602.00"
"04/08/2017 20:00 - 04/08/2017 21:00","BZN|BG","4797.00","4663.00"
"04/08/2017 21:00 - 04/08/2017 22:00","BZN|BG","4552.00","4477.00"
"04/08/2017 22:00 - 04/08/2017 23:00","BZN|BG","4247.00","4178.00"
"04/08/2017 23:00 - 05/08/2017 00:00","BZN|BG","3845.00","3681.00"
"05/08/2017 00:00 - 05/08/2017 01:00","BZN|BG","3531.00","3379.00"
"05/08/2017 01:00 - 05/08/2017 02:00","BZN|BG","3373.00","3293.00"
"05/08/2017 02:00 - 05/08/2017 03:00","BZN|BG","3289.00","3216.00"
"05/08/2017 03:00 - 05/08/2017 04:00","BZN|BG","3256.00","3205.00"
"05/08/2017 04:00 - 05/08/2017 05:00","BZN|BG","3261.00","3232.00"
"05/08/2017 05:00 - 05/08/2017 06:00","BZN|BG","3340.00","3253.00"
"05/08/2017 06:00 - 05/08/2017 07:00","BZN|BG","3569.00","3540.00"
"05/08/2017 07:00 - 05/08/2017 08:00","BZN|BG","3933.00","4011.00"
"05/08/2017 08:00 - 05/08/2017 09:00","BZN|BG","4206.00","4289.00"
"05/08/2017 09:00 - 05/08/2017 10:00","BZN|BG","4381.00","4365.00"
"05/08/2017 10:00 - 05/08/2017 11:00","BZN|BG","4526.00","4389.00"
"05/08/2017 11:00 - 05/08/2017 12:00","BZN|BG","4578.00","4385.00"
"05/08/2017 12:00 - 05/08/2017 13:00","BZN|BG","4595.00","4347.00"
"05/08/2017 13:00 - 05/08/2017 14:00","BZN|BG","4518.00","4340.00"
"05/08/2017 14:00 - 05/08/2017 15:00","BZN|BG","4473.00","4290.00"
"05/08/2017 15:00 - 05/08/2017 16:00","BZN|BG","4451.00","4310.00"
"05/08/2017 16:00 - 05/08/2017 17:00","BZN|BG","4479.00","4366.00"
"05/08/2017 17:00 - 05/08/2017 18:00","BZN|BG","4538.00","4365.00"
"05/08/2017 18:00 - 05/08/2017 19:00","BZN|BG","4537.00","4423.00"
"05/08/2017 19:00 - 05/08/2017 20:00","BZN|BG","4527.00","4333.00"
"05/08/2017 20:00 - 05/08/2017 21:00","BZN|BG","4658.00","4509.00"
"05/08/2017 21:00 - 05/08/2017 22:00","BZN|BG","4442.00","4314.00"
"05/08/2017 22:00 - 05/08/2017 23:00","BZN|BG","4159.00","4042.00"
"05/08/2017 23:00 - 06/08/2017 00:00","BZN|BG","3777.00","3725.00"
"06/08/2017 00:00 - 06/08/2017 01:00","BZN|BG","3494.00","3450.00"
"06/08/2017 01:00 - 06/08/2017 02:00","BZN|BG","3304.00","3244.00"
"06/08/2017 02:00 - 06/08/2017 03:00","BZN|BG","3239.00","3207.00"
"06/08/2017 03:00 - 06/08/2017 04:00","BZN|BG","3198.00","3172.00"
"06/08/2017 04:00 - 06/08/2017 05:00","BZN|BG","3205.00","3201.00"
"06/08/2017 05:00 - 06/08/2017 06:00","BZN|BG","3242.00","3202.00"
"06/08/2017 06:00 - 06/08/2017 07:00","BZN|BG","3448.00","3432.00"
"06/08/2017 07:00 - 06/08/2017 08:00","BZN|BG","3760.00","3836.00"
"06/08/2017 08:00 - 06/08/2017 09:00","BZN|BG","4074.00","4073.00"
"06/08/2017 09:00 - 06/08/2017 10:00","BZN|BG","4274.00","4210.00"
"06/08/2017 10:00 - 06/08/2017 11:00","BZN|BG","4448.00","4286.00"
"06/08/2017 11:00 - 06/08/2017 12:00","BZN|BG","4547.00","4330.00"
"06/08/2017 12:00 - 06/08/2017 13:00","BZN|BG","4564.00","4270.00"
"06/08/2017 13:00 - 06/08/2017 14:00","BZN|BG","4498.00","4261.00"
"06/08/2017 14:00 - 06/08/2017 15:00","BZN|BG","4476.00","4264.00"
"06/08/2017 15:00 - 06/08/2017 16:00","BZN|BG","4505.00","4335.00"
"06/08/2017 16:00 - 06/08/2017 17:00","BZN|BG","4585.00","4485.00"
"06/08/2017 17:00 - 06/08/2017 18:00","BZN|BG","4639.00","4546.00"
"06/08/2017 18:00 - 06/08/2017 19:00","BZN|BG","4650.00","4552.00"
"06/08/2017 19:00 - 06/08/2017 20:00","BZN|BG","4658.00","4506.00"
"06/08/2017 20:00 - 06/08/2017 21:00","BZN|BG","4743.00","4772.00"
"06/08/2017 21:00 - 06/08/2017 22:00","BZN|BG","4492.00","4660.00"
"06/08/2017 22:00 - 06/08/2017 23:00","BZN|BG","4260.00","4121.00"
"06/08/2017 23:00 - 07/08/2017 00:00","BZN|BG","3770.00","3736.00"
"07/08/2017 00:00 - 07/08/2017 01:00","BZN|BG","3489.00","3548.00"
"07/08/2017 01:00 - 07/08/2017 02:00","BZN|BG","3338.00","3411.00"
"07/08/2017 02:00 - 07/08/2017 03:00","BZN|BG","3241.00","3347.00"
"07/08/2017 03:00 - 07/08/2017 04:00","BZN|BG","3264.00","3322.00"
"07/08/2017 04:00 - 07/08/2017 05:00","BZN|BG","3361.00","3433.00"
"07/08/2017 05:00 - 07/08/2017 06:00","BZN|BG","3572.00","3645.00"
"07/08/2017 06:00 - 07/08/2017 07:00","BZN|BG","3937.00","3926.00"
"07/08/2017 07:00 - 07/08/2017 08:00","BZN|BG","4382.00","4325.00"
"07/08/2017 08:00 - 07/08/2017 09:00","BZN|BG","4657.00","4519.00"
"07/08/2017 09:00 - 07/08/2017 10:00","BZN|BG","4748.00","4632.00"
"07/08/2017 10:00 - 07/08/2017 11:00","BZN|BG","4881.00","4637.00"
"07/08/2017 11:00 - 07/08/2017 12:00","BZN|BG","4896.00","4677.00"
"07/08/2017 12:00 - 07/08/2017 13:00","BZN|BG","5039.00","4755.00"
"07/08/2017 13:00 - 07/08/2017 14:00","BZN|BG","5022.00","4764.00"
"07/08/2017 14:00 - 07/08/2017 15:00","BZN|BG","4999.00","4683.00"
"07/08/2017 15:00 - 07/08/2017 16:00","BZN|BG","4910.00","4685.00"
"07/08/2017 16:00 - 07/08/2017 17:00","BZN|BG","4788.00","4552.00"
"07/08/2017 17:00 - 07/08/2017 18:00","BZN|BG","4817.00","4719.00"
"07/08/2017 18:00 - 07/08/2017 19:00","BZN|BG","4763.00","4735.00"
"07/08/2017 19:00 - 07/08/2017 20:00","BZN|BG","4726.00","4490.00"
"07/08/2017 20:00 - 07/08/2017 21:00","BZN|BG","4804.00","5018.00"
"07/08/2017 21:00 - 07/08/2017 22:00","BZN|BG","4572.00","4761.00"
"07/08/2017 22:00 - 07/08/2017 23:00","BZN|BG","4222.00","4245.00"
"07/08/2017 23:00 - 08/08/2017 00:00","BZN|BG","3835.00","3831.00"
"08/08/2017 00:00 - 08/08/2017 01:00","BZN|BG","3554.00","3521.00"
"08/08/2017 01:00 - 08/08/2017 02:00","BZN|BG","3396.00","3394.00"
"08/08/2017 02:00 - 08/08/2017 03:00","BZN|BG","3336.00","3327.00"
"08/08/2017 03:00 - 08/08/2017 04:00","BZN|BG","3341.00","3317.00"
"08/08/2017 04:00 - 08/08/2017 05:00","BZN|BG","3413.00","3414.00"
"08/08/2017 05:00 - 08/08/2017 06:00","BZN|BG","3623.00","3648.00"
"08/08/2017 06:00 - 08/08/2017 07:00","BZN|BG","3953.00","4008.00"
"08/08/2017 07:00 - 08/08/2017 08:00","BZN|BG","4305.00","4440.00"
"08/08/2017 08:00 - 08/08/2017 09:00","BZN|BG","4523.00","4672.00"
"08/08/2017 09:00 - 08/08/2017 10:00","BZN|BG","4586.00","4732.00"
"08/08/2017 10:00 - 08/08/2017 11:00","BZN|BG","4685.00","4826.00"
"08/08/2017 11:00 - 08/08/2017 12:00","BZN|BG","4737.00","4829.00"
"08/08/2017 12:00 - 08/08/2017 13:00","BZN|BG","4851.00","4942.00"
"08/08/2017 13:00 - 08/08/2017 14:00","BZN|BG","4827.00","4944.00"
"08/08/2017 14:00 - 08/08/2017 15:00","BZN|BG","4830.00","4929.00"
"08/08/2017 15:00 - 08/08/2017 16:00","BZN|BG","4821.00","4932.00"
"08/08/2017 16:00 - 08/08/2017 17:00","BZN|BG","4754.00","4836.00"
"08/08/2017 17:00 - 08/08/2017 18:00","BZN|BG","4760.00","4857.00"
"08/08/2017 18:00 - 08/08/2017 19:00","BZN|BG","4750.00","4848.00"
"08/08/2017 19:00 - 08/08/2017 20:00","BZN|BG","4721.00","4826.00"
"08/08/2017 20:00 - 08/08/2017 21:00","BZN|BG","4755.00","4871.00"
"08/08/2017 21:00 - 08/08/2017 22:00","BZN|BG","4491.00","4649.00"
"08/08/2017 22:00 - 08/08/2017 23:00","BZN|BG","4190.00","4305.00"
"08/08/2017 23:00 - 09/08/2017 00:00","BZN|BG","3830.00","3863.00"
"09/08/2017 00:00 - 09/08/2017 01:00","BZN|BG","3563.00","3561.00"
"09/08/2017 01:00 - 09/08/2017 02:00","BZN|BG","3399.00","3431.00"
"09/08/2017 02:00 - 09/08/2017 03:00","BZN|BG","3329.00","3358.00"
"09/08/2017 03:00 - 09/08/2017 04:00","BZN|BG","3327.00","3343.00"
"09/08/2017 04:00 - 09/08/2017 05:00","BZN|BG","3385.00","3438.00"
"09/08/2017 05:00 - 09/08/2017 06:00","BZN|BG","3617.00","3666.00"
"09/08/2017 06:00 - 09/08/2017 07:00","BZN|BG","3918.00","3994.00"
"09/08/2017 07:00 - 09/08/2017 08:00","BZN|BG","4252.00","4407.00"
"09/08/2017 08:00 - 09/08/2017 09:00","BZN|BG","4396.00","4643.00"
"09/08/2017 09:00 - 09/08/2017 10:00","BZN|BG","4524.00","4708.00"
"09/08/2017 10:00 - 09/08/2017 11:00","BZN|BG","4673.00","4816.00"
"09/08/2017 11:00 - 09/08/2017 12:00","BZN|BG","4689.00","4838.00"
"09/08/2017 12:00 - 09/08/2017 13:00","BZN|BG","4824.00","4963.00"
"09/08/2017 13:00 - 09/08/2017 14:00","BZN|BG","4797.00","4933.00"
"09/08/2017 14:00 - 09/08/2017 15:00","BZN|BG","4808.00","4939.00"
"09/08/2017 15:00 - 09/08/2017 16:00","BZN|BG","4779.00","4992.00"
"09/08/2017 16:00 - 09/08/2017 17:00","BZN|BG","4699.00","4692.00"
"09/08/2017 17:00 - 09/08/2017 18:00","BZN|BG","4731.00","4762.00"
"09/08/2017 18:00 - 09/08/2017 19:00","BZN|BG","4736.00","4735.00"
"09/08/2017 19:00 - 09/08/2017 20:00","BZN|BG","4748.00","4637.00"
"09/08/2017 20:00 - 09/08/2017 21:00","BZN|BG","4847.00","4785.00"
"09/08/2017 21:00 - 09/08/2017 22:00","BZN|BG","4588.00","4552.00"
"09/08/2017 22:00 - 09/08/2017 23:00","BZN|BG","4239.00","4181.00"
"09/08/2017 23:00 - 10/08/2017 00:00","BZN|BG","3848.00","3795.00"
"10/08/2017 00:00 - 10/08/2017 01:00","BZN|BG","3563.00","3525.00"
"10/08/2017 01:00 - 10/08/2017 02:00","BZN|BG","3430.00","3404.00"
"10/08/2017 02:00 - 10/08/2017 03:00","BZN|BG","3336.00","3338.00"
"10/08/2017 03:00 - 10/08/2017 04:00","BZN|BG","3331.00","3330.00"
"10/08/2017 04:00 - 10/08/2017 05:00","BZN|BG","3409.00","3411.00"
"10/08/2017 05:00 - 10/08/2017 06:00","BZN|BG","3622.00","3610.00"
"10/08/2017 06:00 - 10/08/2017 07:00","BZN|BG","3926.00","3904.00"
"10/08/2017 07:00 - 10/08/2017 08:00","BZN|BG","4327.00","4265.00"
"10/08/2017 08:00 - 10/08/2017 09:00","BZN|BG","4558.00","4474.00"
"10/08/2017 09:00 - 10/08/2017 10:00","BZN|BG","4653.00","4530.00"
"10/08/2017 10:00 - 10/08/2017 11:00","BZN|BG","4743.00","4629.00"
"10/08/2017 11:00 - 10/08/2017 12:00","BZN|BG","4789.00","4651.00"
"10/08/2017 12:00 - 10/08/2017 13:00","BZN|BG","4888.00","4760.00"
"10/08/2017 13:00 - 10/08/2017 14:00","BZN|BG","4846.00","4748.00"
"10/08/2017 14:00 - 10/08/2017 15:00","BZN|BG","4824.00","4759.00"
"10/08/2017 15:00 - 10/08/2017 16:00","BZN|BG","4810.00","4774.00"
"10/08/2017 16:00 - 10/08/2017 17:00","BZN|BG","4752.00","4639.00"
"10/08/2017 17:00 - 10/08/2017 18:00","BZN|BG","4798.00","4696.00"
"10/08/2017 18:00 - 10/08/2017 19:00","BZN|BG","4739.00","4667.00"
"10/08/2017 19:00 - 10/08/2017 20:00","BZN|BG","4736.00","4585.00"
"10/08/2017 20:00 - 10/08/2017 21:00","BZN|BG","4735.00","4684.00"
"10/08/2017 21:00 - 10/08/2017 22:00","BZN|BG","4519.00","4449.00"
"10/08/2017 22:00 - 10/08/2017 23:00","BZN|BG","4221.00","4096.00"
"10/08/2017 23:00 - 11/08/2017 00:00","BZN|BG","3803.00","3794.00"
"11/08/2017 00:00 - 11/08/2017 01:00","BZN|BG","3538.00","3526.00"
"11/08/2017 01:00 - 11/08/2017 02:00","BZN|BG","3368.00","3401.00"
"11/08/2017 02:00 - 11/08/2017 03:00","BZN|BG","3271.00","3335.00"
"11/08/2017 03:00 - 11/08/2017 04:00","BZN|BG","3249.00","3327.00"
"11/08/2017 04:00 - 11/08/2017 05:00","BZN|BG","3379.00","3410.00"
"11/08/2017 05:00 - 11/08/2017 06:00","BZN|BG","3587.00","3624.00"
"11/08/2017 06:00 - 11/08/2017 07:00","BZN|BG","3915.00","3931.00"
"11/08/2017 07:00 - 11/08/2017 08:00","BZN|BG","4310.00","4304.00"
"11/08/2017 08:00 - 11/08/2017 09:00","BZN|BG","4546.00","4512.00"
"11/08/2017 09:00 - 11/08/2017 10:00","BZN|BG","4660.00","4582.00"
"11/08/2017 10:00 - 11/08/2017 11:00","BZN|BG","4745.00","4697.00"
"11/08/2017 11:00 - 11/08/2017 12:00","BZN|BG","4783.00","4720.00"
"11/08/2017 12:00 - 11/08/2017 13:00","BZN|BG","4855.00","4841.00"
"11/08/2017 13:00 - 11/08/2017 14:00","BZN|BG","4849.00","4829.00"
"11/08/2017 14:00 - 11/08/2017 15:00","BZN|BG","4810.00","4838.00"
"11/08/2017 15:00 - 11/08/2017 16:00","BZN|BG","4792.00","4845.00"
"11/08/2017 16:00 - 11/08/2017 17:00","BZN|BG","4734.00","4726.00"
"11/08/2017 17:00 - 11/08/2017 18:00","BZN|BG","4751.00","4793.00"
"11/08/2017 18:00 - 11/08/2017 19:00","BZN|BG","4731.00","4749.00"
"11/08/2017 19:00 - 11/08/2017 20:00","BZN|BG","4731.00","4642.00"
"11/08/2017 20:00 - 11/08/2017 21:00","BZN|BG","4692.00","4799.00"
"11/08/2017 21:00 - 11/08/2017 22:00","BZN|BG","4497.00","4565.00"
"11/08/2017 22:00 - 11/08/2017 23:00","BZN|BG","4188.00","4218.00"
"11/08/2017 23:00 - 12/08/2017 00:00","BZN|BG","3781.00","3842.00"
"12/08/2017 00:00 - 12/08/2017 01:00","BZN|BG","3495.00","3549.00"
"12/08/2017 01:00 - 12/08/2017 02:00","BZN|BG","3348.00","3398.00"
"12/08/2017 02:00 - 12/08/2017 03:00","BZN|BG","3251.00","3319.00"
"12/08/2017 03:00 - 12/08/2017 04:00","BZN|BG","3215.00","3282.00"
"12/08/2017 04:00 - 12/08/2017 05:00","BZN|BG","3241.00","3284.00"
"12/08/2017 05:00 - 12/08/2017 06:00","BZN|BG","3296.00","3359.00"
"12/08/2017 06:00 - 12/08/2017 07:00","BZN|BG","3503.00","3565.00"
"12/08/2017 07:00 - 12/08/2017 08:00","BZN|BG","3828.00","3889.00"
"12/08/2017 08:00 - 12/08/2017 09:00","BZN|BG","4094.00","4133.00"
"12/08/2017 09:00 - 12/08/2017 10:00","BZN|BG","4266.00","4300.00"
"12/08/2017 10:00 - 12/08/2017 11:00","BZN|BG","4395.00","4431.00"
"12/08/2017 11:00 - 12/08/2017 12:00","BZN|BG","4429.00","4500.00"
"12/08/2017 12:00 - 12/08/2017 13:00","BZN|BG","4433.00","4519.00"
"12/08/2017 13:00 - 12/08/2017 14:00","BZN|BG","4378.00","4423.00"
"12/08/2017 14:00 - 12/08/2017 15:00","BZN|BG","4350.00","4371.00"
"12/08/2017 15:00 - 12/08/2017 16:00","BZN|BG","4368.00","4368.00"
"12/08/2017 16:00 - 12/08/2017 17:00","BZN|BG","4394.00","4395.00"
"12/08/2017 17:00 - 12/08/2017 18:00","BZN|BG","4428.00","4456.00"
"12/08/2017 18:00 - 12/08/2017 19:00","BZN|BG","4403.00","4463.00"
"12/08/2017 19:00 - 12/08/2017 20:00","BZN|BG","4404.00","4437.00"
"12/08/2017 20:00 - 12/08/2017 21:00","BZN|BG","4424.00","4554.00"
"12/08/2017 21:00 - 12/08/2017 22:00","BZN|BG","4164.00","4327.00"
"12/08/2017 22:00 - 12/08/2017 23:00","BZN|BG","3894.00","4048.00"
"12/08/2017 23:00 - 13/08/2017 00:00","BZN|BG","3556.00","3611.00"
"13/08/2017 00:00 - 13/08/2017 01:00","BZN|BG","3282.00","3374.00"
"13/08/2017 01:00 - 13/08/2017 02:00","BZN|BG","3129.00","3212.00"
"13/08/2017 02:00 - 13/08/2017 03:00","BZN|BG","3055.00","3156.00"
"13/08/2017 03:00 - 13/08/2017 04:00","BZN|BG","3026.00","3116.00"
"13/08/2017 04:00 - 13/08/2017 05:00","BZN|BG","3040.00","3127.00"
"13/08/2017 05:00 - 13/08/2017 06:00","BZN|BG","3058.00","3151.00"
"13/08/2017 06:00 - 13/08/2017 07:00","BZN|BG","3210.00","3306.00"
"13/08/2017 07:00 - 13/08/2017 08:00","BZN|BG","3506.00","3544.00"
"13/08/2017 08:00 - 13/08/2017 09:00","BZN|BG","3738.00","3768.00"
"13/08/2017 09:00 - 13/08/2017 10:00","BZN|BG","3922.00","3926.00"
"13/08/2017 10:00 - 13/08/2017 11:00","BZN|BG","4030.00","4063.00"
"13/08/2017 11:00 - 13/08/2017 12:00","BZN|BG","4079.00","4150.00"
"13/08/2017 12:00 - 13/08/2017 13:00","BZN|BG","4020.00","4167.00"
"13/08/2017 13:00 - 13/08/2017 14:00","BZN|BG","3949.00","4096.00"
"13/08/2017 14:00 - 13/08/2017 15:00","BZN|BG","3898.00","4086.00"
"13/08/2017 15:00 - 13/08/2017 16:00","BZN|BG","3918.00","4156.00"
"13/08/2017 16:00 - 13/08/2017 17:00","BZN|BG","4001.00","4272.00"
"13/08/2017 17:00 - 13/08/2017 18:00","BZN|BG","4084.00","4365.00"
"13/08/2017 18:00 - 13/08/2017 19:00","BZN|BG","4113.00","4370.00"
"13/08/2017 19:00 - 13/08/2017 20:00","BZN|BG","4181.00","4338.00"
"13/08/2017 20:00 - 13/08/2017 21:00","BZN|BG","4150.00","4528.00"
"13/08/2017 21:00 - 13/08/2017 22:00","BZN|BG","3883.00","4276.00"
"13/08/2017 22:00 - 13/08/2017 23:00","BZN|BG","3590.00","3913.00"
"13/08/2017 23:00 - 14/08/2017 00:00","BZN|BG","3277.00","3457.00"
"14/08/2017 00:00 - 14/08/2017 01:00","BZN|BG","3077.00","3228.00"
"14/08/2017 01:00 - 14/08/2017 02:00","BZN|BG","3009.00","3106.00"
"14/08/2017 02:00 - 14/08/2017 03:00","BZN|BG","2967.00","3029.00"
"14/08/2017 03:00 - 14/08/2017 04:00","BZN|BG","2978.00","3040.00"
"14/08/2017 04:00 - 14/08/2017 05:00","BZN|BG","3070.00","3120.00"
"14/08/2017 05:00 - 14/08/2017 06:00","BZN|BG","3313.00","3276.00"
"14/08/2017 06:00 - 14/08/2017 07:00","BZN|BG","3632.00","3550.00"
"14/08/2017 07:00 - 14/08/2017 08:00","BZN|BG","3964.00","3896.00"
"14/08/2017 08:00 - 14/08/2017 09:00","BZN|BG","4151.00","4104.00"
"14/08/2017 09:00 - 14/08/2017 10:00","BZN|BG","4193.00","4192.00"
"14/08/2017 10:00 - 14/08/2017 11:00","BZN|BG","4232.00","4299.00"
"14/08/2017 11:00 - 14/08/2017 12:00","BZN|BG","4225.00","4331.00"
"14/08/2017 12:00 - 14/08/2017 13:00","BZN|BG","4285.00","4434.00"
"14/08/2017 13:00 - 14/08/2017 14:00","BZN|BG","4275.00","4433.00"
"14/08/2017 14:00 - 14/08/2017 15:00","BZN|BG","4279.00","4431.00"
"14/08/2017 15:00 - 14/08/2017 16:00","BZN|BG","4255.00","4417.00"
"14/08/2017 16:00 - 14/08/2017 17:00","BZN|BG","4203.00","4391.00"
"14/08/2017 17:00 - 14/08/2017 18:00","BZN|BG","4240.00","4496.00"
"14/08/2017 18:00 - 14/08/2017 19:00","BZN|BG","4234.00","4420.00"
"14/08/2017 19:00 - 14/08/2017 20:00","BZN|BG","4289.00","4351.00"
"14/08/2017 20:00 - 14/08/2017 21:00","BZN|BG","4333.00","4424.00"
"14/08/2017 21:00 - 14/08/2017 22:00","BZN|BG","4095.00","4196.00"
"14/08/2017 22:00 - 14/08/2017 23:00","BZN|BG","3812.00","3891.00"
"14/08/2017 23:00 - 15/08/2017 00:00","BZN|BG","3450.00","3568.00"
"15/08/2017 00:00 - 15/08/2017 01:00","BZN|BG","3185.00","3326.00"
"15/08/2017 01:00 - 15/08/2017 02:00","BZN|BG","3072.00","3199.00"
"15/08/2017 02:00 - 15/08/2017 03:00","BZN|BG","3044.00","3126.00"
"15/08/2017 03:00 - 15/08/2017 04:00","BZN|BG","3031.00","3122.00"
"15/08/2017 04:00 - 15/08/2017 05:00","BZN|BG","3111.00","3194.00"
"15/08/2017 05:00 - 15/08/2017 06:00","BZN|BG","3313.00","3374.00"
"15/08/2017 06:00 - 15/08/2017 07:00","BZN|BG","3616.00","3626.00"
"15/08/2017 07:00 - 15/08/2017 08:00","BZN|BG","3984.00","3939.00"
"15/08/2017 08:00 - 15/08/2017 09:00","BZN|BG","4190.00","4121.00"
"15/08/2017 09:00 - 15/08/2017 10:00","BZN|BG","4231.00","4205.00"
"15/08/2017 10:00 - 15/08/2017 11:00","BZN|BG","4287.00","4306.00"
"15/08/2017 11:00 - 15/08/2017 12:00","BZN|BG","4268.00","4340.00"
"15/08/2017 12:00 - 15/08/2017 13:00","BZN|BG","4326.00","4430.00"
"15/08/2017 13:00 - 15/08/2017 14:00","BZN|BG","4304.00","4394.00"
"15/08/2017 14:00 - 15/08/2017 15:00","BZN|BG","4295.00","4396.00"
"15/08/2017 15:00 - 15/08/2017 16:00","BZN|BG","4303.00","4409.00"
"15/08/2017 16:00 - 15/08/2017 17:00","BZN|BG","4256.00","4276.00"
"15/08/2017 17:00 - 15/08/2017 18:00","BZN|BG","4295.00","4283.00"
"15/08/2017 18:00 - 15/08/2017 19:00","BZN|BG","4264.00","4233.00"
"15/08/2017 19:00 - 15/08/2017 20:00","BZN|BG","4298.00","4178.00"
"15/08/2017 20:00 - 15/08/2017 21:00","BZN|BG","4342.00","4248.00"
"15/08/2017 21:00 - 15/08/2017 22:00","BZN|BG","4128.00","3991.00"
"15/08/2017 22:00 - 15/08/2017 23:00","BZN|BG","3849.00","3646.00"
"15/08/2017 23:00 - 16/08/2017 00:00","BZN|BG","3526.00","3364.00"
"16/08/2017 00:00 - 16/08/2017 01:00","BZN|BG","3268.00","3192.00"
"16/08/2017 01:00 - 16/08/2017 02:00","BZN|BG","3143.00","3096.00"
"16/08/2017 02:00 - 16/08/2017 03:00","BZN|BG","3053.00","3043.00"
"16/08/2017 03:00 - 16/08/2017 04:00","BZN|BG","3037.00","3043.00"
"16/08/2017 04:00 - 16/08/2017 05:00","BZN|BG","3126.00","3119.00"
"16/08/2017 05:00 - 16/08/2017 06:00","BZN|BG","3335.00","3317.00"
"16/08/2017 06:00 - 16/08/2017 07:00","BZN|BG","3696.00","3592.00"
"16/08/2017 07:00 - 16/08/2017 08:00","BZN|BG","4035.00","3929.00"
"16/08/2017 08:00 - 16/08/2017 09:00","BZN|BG","4211.00","4118.00"
"16/08/2017 09:00 - 16/08/2017 10:00","BZN|BG","4309.00","4202.00"
"16/08/2017 10:00 - 16/08/2017 11:00","BZN|BG","4380.00","4311.00"
"16/08/2017 11:00 - 16/08/2017 12:00","BZN|BG","4402.00","4349.00"
"16/08/2017 12:00 - 16/08/2017 13:00","BZN|BG","4477.00","4447.00"
"16/08/2017 13:00 - 16/08/2017 14:00","BZN|BG","4420.00","4422.00"
"16/08/2017 14:00 - 16/08/2017 15:00","BZN|BG","4404.00","4417.00"
"16/08/2017 15:00 - 16/08/2017 16:00","BZN|BG","4403.00","4411.00"
"16/08/2017 16:00 - 16/08/2017 17:00","BZN|BG","4320.00","4297.00"
"16/08/2017 17:00 - 16/08/2017 18:00","BZN|BG","4335.00","4392.00"
"16/08/2017 18:00 - 16/08/2017 19:00","BZN|BG","4344.00","4348.00"
"16/08/2017 19:00 - 16/08/2017 20:00","BZN|BG","4399.00","4308.00"
"16/08/2017 20:00 - 16/08/2017 21:00","BZN|BG","4453.00","4363.00"
"16/08/2017 21:00 - 16/08/2017 22:00","BZN|BG","4189.00","4132.00"
"16/08/2017 22:00 - 16/08/2017 23:00","BZN|BG","3881.00","3829.00"
"16/08/2017 23:00 - 17/08/2017 00:00","BZN|BG","3535.00","3459.00"
"17/08/2017 00:00 - 17/08/2017 01:00","BZN|BG","3276.00","3210.00"
"17/08/2017 01:00 - 17/08/2017 02:00","BZN|BG","3138.00","3082.00"
"17/08/2017 02:00 - 17/08/2017 03:00","BZN|BG","3084.00","3014.00"
"17/08/2017 03:00 - 17/08/2017 04:00","BZN|BG","3083.00","3010.00"
"17/08/2017 04:00 - 17/08/2017 05:00","BZN|BG","3175.00","3092.00"
"17/08/2017 05:00 - 17/08/2017 06:00","BZN|BG","3391.00","3308.00"
"17/08/2017 06:00 - 17/08/2017 07:00","BZN|BG","3688.00","3605.00"
"17/08/2017 07:00 - 17/08/2017 08:00","BZN|BG","4032.00","3970.00"
"17/08/2017 08:00 - 17/08/2017 09:00","BZN|BG","4209.00","4175.00"
"17/08/2017 09:00 - 17/08/2017 10:00","BZN|BG","4284.00","4259.00"
"17/08/2017 10:00 - 17/08/2017 11:00","BZN|BG","4358.00","4366.00"
"17/08/2017 11:00 - 17/08/2017 12:00","BZN|BG","4347.00","4398.00"
"17/08/2017 12:00 - 17/08/2017 13:00","BZN|BG","4412.00","4495.00"
"17/08/2017 13:00 - 17/08/2017 14:00","BZN|BG","4389.00","4473.00"
"17/08/2017 14:00 - 17/08/2017 15:00","BZN|BG","4380.00","4467.00"
"17/08/2017 15:00 - 17/08/2017 16:00","BZN|BG","4367.00","4470.00"
"17/08/2017 16:00 - 17/08/2017 17:00","BZN|BG","4340.00","4374.00"
"17/08/2017 17:00 - 17/08/2017 18:00","BZN|BG","4376.00","4444.00"
"17/08/2017 18:00 - 17/08/2017 19:00","BZN|BG","4398.00","4402.00"
"17/08/2017 19:00 - 17/08/2017 20:00","BZN|BG","4459.00","4377.00"
"17/08/2017 20:00 - 17/08/2017 21:00","BZN|BG","4441.00","4427.00"
"17/08/2017 21:00 - 17/08/2017 22:00","BZN|BG","4175.00","4204.00"
"17/08/2017 22:00 - 17/08/2017 23:00","BZN|BG","3777.00","3907.00"
"17/08/2017 23:00 - 18/08/2017 00:00","BZN|BG","3531.00","3517.00"
"18/08/2017 00:00 - 18/08/2017 01:00","BZN|BG","3271.00","3271.00"
"18/08/2017 01:00 - 18/08/2017 02:00","BZN|BG","3129.00","3146.00"
"18/08/2017 02:00 - 18/08/2017 03:00","BZN|BG","3075.00","3076.00"
"18/08/2017 03:00 - 18/08/2017 04:00","BZN|BG","3081.00","3071.00"
"18/08/2017 04:00 - 18/08/2017 05:00","BZN|BG","3171.00","3153.00"
"18/08/2017 05:00 - 18/08/2017 06:00","BZN|BG","3370.00","3364.00"
"18/08/2017 06:00 - 18/08/2017 07:00","BZN|BG","3694.00","3660.00"
"18/08/2017 07:00 - 18/08/2017 08:00","BZN|BG","4041.00","4022.00"
"18/08/2017 08:00 - 18/08/2017 09:00","BZN|BG","4252.00","4230.00"
"18/08/2017 09:00 - 18/08/2017 10:00","BZN|BG","4330.00","4309.00"
"18/08/2017 10:00 - 18/08/2017 11:00","BZN|BG","4421.00","4412.00"
"18/08/2017 11:00 - 18/08/2017 12:00","BZN|BG","4452.00","4439.00"
"18/08/2017 12:00 - 18/08/2017 13:00","BZN|BG","4515.00","4534.00"
"18/08/2017 13:00 - 18/08/2017 14:00","BZN|BG","4469.00","4507.00"
"18/08/2017 14:00 - 18/08/2017 15:00","BZN|BG","4446.00","4502.00"
"18/08/2017 15:00 - 18/08/2017 16:00","BZN|BG","4410.00","4504.00"
"18/08/2017 16:00 - 18/08/2017 17:00","BZN|BG","4356.00","4430.00"
"18/08/2017 17:00 - 18/08/2017 18:00","BZN|BG","4383.00","4460.00"
"18/08/2017 18:00 - 18/08/2017 19:00","BZN|BG","4348.00","4430.00"
"18/08/2017 19:00 - 18/08/2017 20:00","BZN|BG","4408.00","4417.00"
"18/08/2017 20:00 - 18/08/2017 21:00","BZN|BG","4402.00","4462.00"
"18/08/2017 21:00 - 18/08/2017 22:00","BZN|BG","4091.00","4243.00"
"18/08/2017 22:00 - 18/08/2017 23:00","BZN|BG","3831.00","3958.00"
"18/08/2017 23:00 - 19/08/2017 00:00","BZN|BG","3489.00","3533.00"
"19/08/2017 00:00 - 19/08/2017 01:00","BZN|BG","3241.00","3289.00"
"19/08/2017 01:00 - 19/08/2017 02:00","BZN|BG","3090.00","3164.00"
"19/08/2017 02:00 - 19/08/2017 03:00","BZN|BG","3034.00","3081.00"
"19/08/2017 03:00 - 19/08/2017 04:00","BZN|BG","2985.00","3048.00"
"19/08/2017 04:00 - 19/08/2017 05:00","BZN|BG","3021.00","3080.00"
"19/08/2017 05:00 - 19/08/2017 06:00","BZN|BG","3117.00","3129.00"
"19/08/2017 06:00 - 19/08/2017 07:00","BZN|BG","3318.00","3308.00"
"19/08/2017 07:00 - 19/08/2017 08:00","BZN|BG","3673.00","3604.00"
"19/08/2017 08:00 - 19/08/2017 09:00","BZN|BG","3894.00","3847.00"
"19/08/2017 09:00 - 19/08/2017 10:00","BZN|BG","4019.00","4011.00"
"19/08/2017 10:00 - 19/08/2017 11:00","BZN|BG","4117.00","4129.00"
"19/08/2017 11:00 - 19/08/2017 12:00","BZN|BG","4127.00","4167.00"
"19/08/2017 12:00 - 19/08/2017 13:00","BZN|BG","4107.00","4171.00"
"19/08/2017 13:00 - 19/08/2017 14:00","BZN|BG","4042.00","4114.00"
"19/08/2017 14:00 - 19/08/2017 15:00","BZN|BG","4015.00","4091.00"
"19/08/2017 15:00 - 19/08/2017 16:00","BZN|BG","4056.00","4137.00"
"19/08/2017 16:00 - 19/08/2017 17:00","BZN|BG","4109.00","4190.00"
"19/08/2017 17:00 - 19/08/2017 18:00","BZN|BG","4225.00","4235.00"
"19/08/2017 18:00 - 19/08/2017 19:00","BZN|BG","4171.00","4204.00"
"19/08/2017 19:00 - 19/08/2017 20:00","BZN|BG","4239.00","4205.00"
"19/08/2017 20:00 - 19/08/2017 21:00","BZN|BG","4252.00","4222.00"
"19/08/2017 21:00 - 19/08/2017 22:00","BZN|BG","4010.00","4018.00"
"19/08/2017 22:00 - 19/08/2017 23:00","BZN|BG","3770.00","3808.00"
"19/08/2017 23:00 - 20/08/2017 00:00","BZN|BG","3442.00","3363.00"
"20/08/2017 00:00 - 20/08/2017 01:00","BZN|BG","3162.00","3117.00"
"20/08/2017 01:00 - 20/08/2017 02:00","BZN|BG","3001.00","2979.00"
"20/08/2017 02:00 - 20/08/2017 03:00","BZN|BG","2941.00","2912.00"
"20/08/2017 03:00 - 20/08/2017 04:00","BZN|BG","2914.00","2888.00"
"20/08/2017 04:00 - 20/08/2017 05:00","BZN|BG","2933.00","2897.00"
"20/08/2017 05:00 - 20/08/2017 06:00","BZN|BG","2991.00","2904.00"
"20/08/2017 06:00 - 20/08/2017 07:00","BZN|BG","3153.00","3052.00"
"20/08/2017 07:00 - 20/08/2017 08:00","BZN|BG","3487.00","3354.00"
"20/08/2017 08:00 - 20/08/2017 09:00","BZN|BG","3759.00","3579.00"
"20/08/2017 09:00 - 20/08/2017 10:00","BZN|BG","3908.00","3766.00"
"20/08/2017 10:00 - 20/08/2017 11:00","BZN|BG","4006.00","3874.00"
"20/08/2017 11:00 - 20/08/2017 12:00","BZN|BG","4075.00","3915.00"
"20/08/2017 12:00 - 20/08/2017 13:00","BZN|BG","4078.00","3888.00"
"20/08/2017 13:00 - 20/08/2017 14:00","BZN|BG","4012.00","3845.00"
"20/08/2017 14:00 - 20/08/2017 15:00","BZN|BG","3991.00","3827.00"
"20/08/2017 15:00 - 20/08/2017 16:00","BZN|BG","4032.00","3873.00"
"20/08/2017 16:00 - 20/08/2017 17:00","BZN|BG","4119.00","3966.00"
"20/08/2017 17:00 - 20/08/2017 18:00","BZN|BG","4173.00","4084.00"
"20/08/2017 18:00 - 20/08/2017 19:00","BZN|BG","4190.00","4145.00"
"20/08/2017 19:00 - 20/08/2017 20:00","BZN|BG","4326.00","4228.00"
"20/08/2017 20:00 - 20/08/2017 21:00","BZN|BG","4359.00","4196.00"
"20/08/2017 21:00 - 20/08/2017 22:00","BZN|BG","4110.00","3931.00"
"20/08/2017 22:00 - 20/08/2017 23:00","BZN|BG","3795.00","3621.00"
"20/08/2017 23:00 - 21/08/2017 00:00","BZN|BG","3414.00","3371.00"
"21/08/2017 00:00 - 21/08/2017 01:00","BZN|BG","3185.00","3051.00"
"21/08/2017 01:00 - 21/08/2017 02:00","BZN|BG","3054.00","2934.00"
"21/08/2017 02:00 - 21/08/2017 03:00","BZN|BG","2983.00","2873.00"
"21/08/2017 03:00 - 21/08/2017 04:00","BZN|BG","2990.00","2882.00"
"21/08/2017 04:00 - 21/08/2017 05:00","BZN|BG","3105.00","2992.00"
"21/08/2017 05:00 - 21/08/2017 06:00","BZN|BG","3349.00","3246.00"
"21/08/2017 06:00 - 21/08/2017 07:00","BZN|BG","3676.00","3590.00"
"21/08/2017 07:00 - 21/08/2017 08:00","BZN|BG","4049.00","3936.00"
"21/08/2017 08:00 - 21/08/2017 09:00","BZN|BG","4244.00","4145.00"
"21/08/2017 09:00 - 21/08/2017 10:00","BZN|BG","4269.00","4144.00"
"21/08/2017 10:00 - 21/08/2017 11:00","BZN|BG","4290.00","4214.00"
"21/08/2017 11:00 - 21/08/2017 12:00","BZN|BG","4268.00","4247.00"
"21/08/2017 12:00 - 21/08/2017 13:00","BZN|BG","4334.00","4325.00"
"21/08/2017 13:00 - 21/08/2017 14:00","BZN|BG","4286.00","4315.00"
"21/08/2017 14:00 - 21/08/2017 15:00","BZN|BG","4261.00","4325.00"
"21/08/2017 15:00 - 21/08/2017 16:00","BZN|BG","4239.00","4274.00"
"21/08/2017 16:00 - 21/08/2017 17:00","BZN|BG","4190.00","4196.00"
"21/08/2017 17:00 - 21/08/2017 18:00","BZN|BG","4280.00","4288.00"
"21/08/2017 18:00 - 21/08/2017 19:00","BZN|BG","4353.00","4272.00"
"21/08/2017 19:00 - 21/08/2017 20:00","BZN|BG","4416.00","4369.00"
"21/08/2017 20:00 - 21/08/2017 21:00","BZN|BG","4286.00","4456.00"
"21/08/2017 21:00 - 21/08/2017 22:00","BZN|BG","4016.00","4194.00"
"21/08/2017 22:00 - 21/08/2017 23:00","BZN|BG","3995.00","3887.00"
"21/08/2017 23:00 - 22/08/2017 00:00","BZN|BG","3382.00","3472.00"
"22/08/2017 00:00 - 22/08/2017 01:00","BZN|BG","3156.00","3215.00"
"22/08/2017 01:00 - 22/08/2017 02:00","BZN|BG","3040.00","3084.00"
"22/08/2017 02:00 - 22/08/2017 03:00","BZN|BG","3014.00","3018.00"
"22/08/2017 03:00 - 22/08/2017 04:00","BZN|BG","2990.00","3008.00"
"22/08/2017 04:00 - 22/08/2017 05:00","BZN|BG","3046.00","3092.00"
"22/08/2017 05:00 - 22/08/2017 06:00","BZN|BG","3283.00","3281.00"
"22/08/2017 06:00 - 22/08/2017 07:00","BZN|BG","3583.00","3549.00"
"22/08/2017 07:00 - 22/08/2017 08:00","BZN|BG","3960.00","3865.00"
"22/08/2017 08:00 - 22/08/2017 09:00","BZN|BG","4148.00","4050.00"
"22/08/2017 09:00 - 22/08/2017 10:00","BZN|BG","4169.00","4116.00"
"22/08/2017 10:00 - 22/08/2017 11:00","BZN|BG","4178.00","4192.00"
"22/08/2017 11:00 - 22/08/2017 12:00","BZN|BG","4088.00","4208.00"
"22/08/2017 12:00 - 22/08/2017 13:00","BZN|BG","4119.00","4272.00"
"22/08/2017 13:00 - 22/08/2017 14:00","BZN|BG","4078.00","4244.00"
"22/08/2017 14:00 - 22/08/2017 15:00","BZN|BG","4069.00","4233.00"
"22/08/2017 15:00 - 22/08/2017 16:00","BZN|BG","4051.00","4228.00"
"22/08/2017 16:00 - 22/08/2017 17:00","BZN|BG","4027.00","4186.00"
"22/08/2017 17:00 - 22/08/2017 18:00","BZN|BG","4088.00","4254.00"
"22/08/2017 18:00 - 22/08/2017 19:00","BZN|BG","4153.00","4233.00"
"22/08/2017 19:00 - 22/08/2017 20:00","BZN|BG","4319.00","4274.00"
"22/08/2017 20:00 - 22/08/2017 21:00","BZN|BG","4271.00","4322.00"
"22/08/2017 21:00 - 22/08/2017 22:00","BZN|BG","3993.00","4081.00"
"22/08/2017 22:00 - 22/08/2017 23:00","BZN|BG","3678.00","3791.00"
"22/08/2017 23:00 - 23/08/2017 00:00","BZN|BG","3355.00","3322.00"
"23/08/2017 00:00 - 23/08/2017 01:00","BZN|BG","3125.00","3126.00"
"23/08/2017 01:00 - 23/08/2017 02:00","BZN|BG","2993.00","3033.00"
"23/08/2017 02:00 - 23/08/2017 03:00","BZN|BG","2953.00","2989.00"
"23/08/2017 03:00 - 23/08/2017 04:00","BZN|BG","2955.00","2981.00"
"23/08/2017 04:00 - 23/08/2017 05:00","BZN|BG","3058.00","3058.00"
"23/08/2017 05:00 - 23/08/2017 06:00","BZN|BG","3309.00","3242.00"
"23/08/2017 06:00 - 23/08/2017 07:00","BZN|BG","3645.00","3504.00"
"23/08/2017 07:00 - 23/08/2017 08:00","BZN|BG","4013.00","3809.00"
"23/08/2017 08:00 - 23/08/2017 09:00","BZN|BG","4189.00","3989.00"
"23/08/2017 09:00 - 23/08/2017 10:00","BZN|BG","4170.00","4046.00"
"23/08/2017 10:00 - 23/08/2017 11:00","BZN|BG","4215.00","4120.00"
"23/08/2017 11:00 - 23/08/2017 12:00","BZN|BG","4161.00","4129.00"
"23/08/2017 12:00 - 23/08/2017 13:00","BZN|BG","4203.00","4190.00"
"23/08/2017 13:00 - 23/08/2017 14:00","BZN|BG","4157.00","4158.00"
"23/08/2017 14:00 - 23/08/2017 15:00","BZN|BG","4150.00","4150.00"
"23/08/2017 15:00 - 23/08/2017 16:00","BZN|BG","4147.00","4147.00"
"23/08/2017 16:00 - 23/08/2017 17:00","BZN|BG","4101.00","4108.00"
"23/08/2017 17:00 - 23/08/2017 18:00","BZN|BG","4172.00","4188.00"
"23/08/2017 18:00 - 23/08/2017 19:00","BZN|BG","4200.00","4174.00"
"23/08/2017 19:00 - 23/08/2017 20:00","BZN|BG","4344.00","4251.00"
"23/08/2017 20:00 - 23/08/2017 21:00","BZN|BG","4323.00","4293.00"
"23/08/2017 21:00 - 23/08/2017 22:00","BZN|BG","4069.00","4008.00"
"23/08/2017 22:00 - 23/08/2017 23:00","BZN|BG","3758.00","3668.00"
"23/08/2017 23:00 - 24/08/2017 00:00","BZN|BG","3396.00","3277.00"
"24/08/2017 00:00 - 24/08/2017 01:00","BZN|BG","3142.00","3087.00"
"24/08/2017 01:00 - 24/08/2017 02:00","BZN|BG","3037.00","2991.00"
"24/08/2017 02:00 - 24/08/2017 03:00","BZN|BG","2972.00","2953.00"
"24/08/2017 03:00 - 24/08/2017 04:00","BZN|BG","2991.00","2945.00"
"24/08/2017 04:00 - 24/08/2017 05:00","BZN|BG","3084.00","3024.00"
"24/08/2017 05:00 - 24/08/2017 06:00","BZN|BG","3329.00","3226.00"
"24/08/2017 06:00 - 24/08/2017 07:00","BZN|BG","3657.00","3524.00"
"24/08/2017 07:00 - 24/08/2017 08:00","BZN|BG","4028.00","3856.00"
"24/08/2017 08:00 - 24/08/2017 09:00","BZN|BG","4203.00","4037.00"
"24/08/2017 09:00 - 24/08/2017 10:00","BZN|BG","4237.00","4093.00"
"24/08/2017 10:00 - 24/08/2017 11:00","BZN|BG","4267.00","4149.00"
"24/08/2017 11:00 - 24/08/2017 12:00","BZN|BG","4237.00","4145.00"
"24/08/2017 12:00 - 24/08/2017 13:00","BZN|BG","4282.00","4199.00"
"24/08/2017 13:00 - 24/08/2017 14:00","BZN|BG","4234.00","4142.00"
"24/08/2017 14:00 - 24/08/2017 15:00","BZN|BG","4231.00","4126.00"
"24/08/2017 15:00 - 24/08/2017 16:00","BZN|BG","4199.00","4103.00"
"24/08/2017 16:00 - 24/08/2017 17:00","BZN|BG","4176.00","4036.00"
"24/08/2017 17:00 - 24/08/2017 18:00","BZN|BG","4311.00","4135.00"
"24/08/2017 18:00 - 24/08/2017 19:00","BZN|BG","4321.00","4143.00"
"24/08/2017 19:00 - 24/08/2017 20:00","BZN|BG","4431.00","4318.00"
"24/08/2017 20:00 - 24/08/2017 21:00","BZN|BG","4389.00","4340.00"
"24/08/2017 21:00 - 24/08/2017 22:00","BZN|BG","4114.00","4032.00"
"24/08/2017 22:00 - 24/08/2017 23:00","BZN|BG","3847.00","3674.00"
"24/08/2017 23:00 - 25/08/2017 00:00","BZN|BG","3501.00","3359.00"
"25/08/2017 00:00 - 25/08/2017 01:00","BZN|BG","3245.00","3131.00"
"25/08/2017 01:00 - 25/08/2017 02:00","BZN|BG","3142.00","3016.00"
"25/08/2017 02:00 - 25/08/2017 03:00","BZN|BG","3087.00","2971.00"
"25/08/2017 03:00 - 25/08/2017 04:00","BZN|BG","3083.00","2964.00"
"25/08/2017 04:00 - 25/08/2017 05:00","BZN|BG","3191.00","3056.00"
"25/08/2017 05:00 - 25/08/2017 06:00","BZN|BG","3370.00","3290.00"
"25/08/2017 06:00 - 25/08/2017 07:00","BZN|BG","3753.00","3627.00"
"25/08/2017 07:00 - 25/08/2017 08:00","BZN|BG","4124.00","4002.00"
"25/08/2017 08:00 - 25/08/2017 09:00","BZN|BG","4295.00","4203.00"
"25/08/2017 09:00 - 25/08/2017 10:00","BZN|BG","4252.00","4252.00"
"25/08/2017 10:00 - 25/08/2017 11:00","BZN|BG","4304.00","4312.00"
"25/08/2017 11:00 - 25/08/2017 12:00","BZN|BG","4251.00","4298.00"
"25/08/2017 12:00 - 25/08/2017 13:00","BZN|BG","4321.00","4356.00"
"25/08/2017 13:00 - 25/08/2017 14:00","BZN|BG","4354.00","4300.00"
"25/08/2017 14:00 - 25/08/2017 15:00","BZN|BG","4326.00","4287.00"
"25/08/2017 15:00 - 25/08/2017 16:00","BZN|BG","4328.00","4273.00"
"25/08/2017 16:00 - 25/08/2017 17:00","BZN|BG","4286.00","4213.00"
"25/08/2017 17:00 - 25/08/2017 18:00","BZN|BG","4306.00","4283.00"
"25/08/2017 18:00 - 25/08/2017 19:00","BZN|BG","4315.00","4299.00"
"25/08/2017 19:00 - 25/08/2017 20:00","BZN|BG","4409.00","4423.00"
"25/08/2017 20:00 - 25/08/2017 21:00","BZN|BG","4347.00","4426.00"
"25/08/2017 21:00 - 25/08/2017 22:00","BZN|BG","4095.00","4155.00"
"25/08/2017 22:00 - 25/08/2017 23:00","BZN|BG","3814.00","3839.00"
"25/08/2017 23:00 - 26/08/2017 00:00","BZN|BG","3522.00","3513.00"
"26/08/2017 00:00 - 26/08/2017 01:00","BZN|BG","3265.00","3291.00"
"26/08/2017 01:00 - 26/08/2017 02:00","BZN|BG","3103.00","3155.00"
"26/08/2017 02:00 - 26/08/2017 03:00","BZN|BG","3050.00","3100.00"
"26/08/2017 03:00 - 26/08/2017 04:00","BZN|BG","3067.00","3050.00"
"26/08/2017 04:00 - 26/08/2017 05:00","BZN|BG","3115.00","3094.00"
"26/08/2017 05:00 - 26/08/2017 06:00","BZN|BG","3215.00","3174.00"
"26/08/2017 06:00 - 26/08/2017 07:00","BZN|BG","3394.00","3359.00"
"26/08/2017 07:00 - 26/08/2017 08:00","BZN|BG","3747.00","3683.00"
"26/08/2017 08:00 - 26/08/2017 09:00","BZN|BG","3965.00","3900.00"
"26/08/2017 09:00 - 26/08/2017 10:00","BZN|BG","4032.00","4017.00"
"26/08/2017 10:00 - 26/08/2017 11:00","BZN|BG","4052.00","4123.00"
"26/08/2017 11:00 - 26/08/2017 12:00","BZN|BG","4050.00","4138.00"
"26/08/2017 12:00 - 26/08/2017 13:00","BZN|BG","4011.00","4111.00"
"26/08/2017 13:00 - 26/08/2017 14:00","BZN|BG","3931.00","4011.00"
"26/08/2017 14:00 - 26/08/2017 15:00","BZN|BG","3901.00","3974.00"
"26/08/2017 15:00 - 26/08/2017 16:00","BZN|BG","3928.00","4037.00"
"26/08/2017 16:00 - 26/08/2017 17:00","BZN|BG","3979.00","4126.00"
"26/08/2017 17:00 - 26/08/2017 18:00","BZN|BG","4116.00","4199.00"
"26/08/2017 18:00 - 26/08/2017 19:00","BZN|BG","4150.00","4193.00"
"26/08/2017 19:00 - 26/08/2017 20:00","BZN|BG","4279.00","4265.00"
"26/08/2017 20:00 - 26/08/2017 21:00","BZN|BG","4212.00","4288.00"
"26/08/2017 21:00 - 26/08/2017 22:00","BZN|BG","3991.00","4036.00"
"26/08/2017 22:00 - 26/08/2017 23:00","BZN|BG","3737.00","3789.00"
"26/08/2017 23:00 - 27/08/2017 00:00","BZN|BG","3433.00","3457.00"
"27/08/2017 00:00 - 27/08/2017 01:00","BZN|BG","3181.00","3194.00"
"27/08/2017 01:00 - 27/08/2017 02:00","BZN|BG","3059.00","3042.00"
"27/08/2017 02:00 - 27/08/2017 03:00","BZN|BG","2986.00","2986.00"
"27/08/2017 03:00 - 27/08/2017 04:00","BZN|BG","2990.00","2961.00"
"27/08/2017 04:00 - 27/08/2017 05:00","BZN|BG","3022.00","2980.00"
"27/08/2017 05:00 - 27/08/2017 06:00","BZN|BG","3075.00","3039.00"
"27/08/2017 06:00 - 27/08/2017 07:00","BZN|BG","3248.00","3205.00"
"27/08/2017 07:00 - 27/08/2017 08:00","BZN|BG","3587.00","3545.00"
"27/08/2017 08:00 - 27/08/2017 09:00","BZN|BG","3830.00","3822.00"
"27/08/2017 09:00 - 27/08/2017 10:00","BZN|BG","3917.00","3975.00"
"27/08/2017 10:00 - 27/08/2017 11:00","BZN|BG","3939.00","4074.00"
"27/08/2017 11:00 - 27/08/2017 12:00","BZN|BG","3983.00","4145.00"
"27/08/2017 12:00 - 27/08/2017 13:00","BZN|BG","3940.00","4147.00"
"27/08/2017 13:00 - 27/08/2017 14:00","BZN|BG","3928.00","4051.00"
"27/08/2017 14:00 - 27/08/2017 15:00","BZN|BG","3918.00","4020.00"
"27/08/2017 15:00 - 27/08/2017 16:00","BZN|BG","3969.00","4061.00"
"27/08/2017 16:00 - 27/08/2017 17:00","BZN|BG","4074.00","4148.00"
"27/08/2017 17:00 - 27/08/2017 18:00","BZN|BG","4152.00","4202.00"
"27/08/2017 18:00 - 27/08/2017 19:00","BZN|BG","4205.00","4219.00"
"27/08/2017 19:00 - 27/08/2017 20:00","BZN|BG","4349.00","4355.00"
"27/08/2017 20:00 - 27/08/2017 21:00","BZN|BG","4284.00","4388.00"
"27/08/2017 21:00 - 27/08/2017 22:00","BZN|BG","4110.00","4123.00"
"27/08/2017 22:00 - 27/08/2017 23:00","BZN|BG","3814.00","3788.00"
"27/08/2017 23:00 - 28/08/2017 00:00","BZN|BG","3405.00","3421.00"
"28/08/2017 00:00 - 28/08/2017 01:00","BZN|BG","3178.00","3182.00"
"28/08/2017 01:00 - 28/08/2017 02:00","BZN|BG","3060.00","3047.00"
"28/08/2017 02:00 - 28/08/2017 03:00","BZN|BG","2998.00","2972.00"
"28/08/2017 03:00 - 28/08/2017 04:00","BZN|BG","3031.00","2981.00"
"28/08/2017 04:00 - 28/08/2017 05:00","BZN|BG","3159.00","3119.00"
"28/08/2017 05:00 - 28/08/2017 06:00","BZN|BG","3425.00","3409.00"
"28/08/2017 06:00 - 28/08/2017 07:00","BZN|BG","3757.00","3799.00"
"28/08/2017 07:00 - 28/08/2017 08:00","BZN|BG","4103.00","4244.00"
"28/08/2017 08:00 - 28/08/2017 09:00","BZN|BG","4317.00","4475.00"
"28/08/2017 09:00 - 28/08/2017 10:00","BZN|BG","4332.00","4505.00"
"28/08/2017 10:00 - 28/08/2017 11:00","BZN|BG","4383.00","4531.00"
"28/08/2017 11:00 - 28/08/2017 12:00","BZN|BG","4393.00","4505.00"
"28/08/2017 12:00 - 28/08/2017 13:00","BZN|BG","4501.00","4583.00"
"28/08/2017 13:00 - 28/08/2017 14:00","BZN|BG","4537.00","4524.00"
"28/08/2017 14:00 - 28/08/2017 15:00","BZN|BG","4493.00","4493.00"
"28/08/2017 15:00 - 28/08/2017 16:00","BZN|BG","4486.00","4466.00"
"28/08/2017 16:00 - 28/08/2017 17:00","BZN|BG","4394.00","4406.00"
"28/08/2017 17:00 - 28/08/2017 18:00","BZN|BG","4393.00","4480.00"
"28/08/2017 18:00 - 28/08/2017 19:00","BZN|BG","4424.00","4540.00"
"28/08/2017 19:00 - 28/08/2017 20:00","BZN|BG","4576.00","4592.00"
"28/08/2017 20:00 - 28/08/2017 21:00","BZN|BG","4463.00","4491.00"
"28/08/2017 21:00 - 28/08/2017 22:00","BZN|BG","4185.00","4280.00"
"28/08/2017 22:00 - 28/08/2017 23:00","BZN|BG","3843.00","4045.00"
"28/08/2017 23:00 - 29/08/2017 00:00","BZN|BG","3566.00","3470.00"
"29/08/2017 00:00 - 29/08/2017 01:00","BZN|BG","3345.00","3257.00"
"29/08/2017 01:00 - 29/08/2017 02:00","BZN|BG","3230.00","3154.00"
"29/08/2017 02:00 - 29/08/2017 03:00","BZN|BG","3167.00","3113.00"
"29/08/2017 03:00 - 29/08/2017 04:00","BZN|BG","3182.00","3112.00"
"29/08/2017 04:00 - 29/08/2017 05:00","BZN|BG","3280.00","3205.00"
"29/08/2017 05:00 - 29/08/2017 06:00","BZN|BG","3506.00","3432.00"
"29/08/2017 06:00 - 29/08/2017 07:00","BZN|BG","3817.00","3757.00"
"29/08/2017 07:00 - 29/08/2017 08:00","BZN|BG","4169.00","4124.00"
"29/08/2017 08:00 - 29/08/2017 09:00","BZN|BG","4371.00","4309.00"
"29/08/2017 09:00 - 29/08/2017 10:00","BZN|BG","4354.00","4317.00"
"29/08/2017 10:00 - 29/08/2017 11:00","BZN|BG","4369.00","4364.00"
"29/08/2017 11:00 - 29/08/2017 12:00","BZN|BG","4298.00","4329.00"
"29/08/2017 12:00 - 29/08/2017 13:00","BZN|BG","4278.00","4363.00"
"29/08/2017 13:00 - 29/08/2017 14:00","BZN|BG","4211.00","4350.00"
"29/08/2017 14:00 - 29/08/2017 15:00","BZN|BG","4205.00","4344.00"
"29/08/2017 15:00 - 29/08/2017 16:00","BZN|BG","4184.00","4334.00"
"29/08/2017 16:00 - 29/08/2017 17:00","BZN|BG","4161.00","4306.00"
"29/08/2017 17:00 - 29/08/2017 18:00","BZN|BG","4238.00","4396.00"
"29/08/2017 18:00 - 29/08/2017 19:00","BZN|BG","4355.00","4408.00"
"29/08/2017 19:00 - 29/08/2017 20:00","BZN|BG","4476.00","4573.00"
"29/08/2017 20:00 - 29/08/2017 21:00","BZN|BG","4332.00","4539.00"
"29/08/2017 21:00 - 29/08/2017 22:00","BZN|BG","4049.00","4274.00"
"29/08/2017 22:00 - 29/08/2017 23:00","BZN|BG","3772.00","3993.00"
"29/08/2017 23:00 - 30/08/2017 00:00","BZN|BG","3447.00","3513.00"
"30/08/2017 00:00 - 30/08/2017 01:00","BZN|BG","3212.00","3294.00"
"30/08/2017 01:00 - 30/08/2017 02:00","BZN|BG","3091.00","3191.00"
"30/08/2017 02:00 - 30/08/2017 03:00","BZN|BG","3062.00","3148.00"
"30/08/2017 03:00 - 30/08/2017 04:00","BZN|BG","3069.00","3146.00"
"30/08/2017 04:00 - 30/08/2017 05:00","BZN|BG","3184.00","3234.00"
"30/08/2017 05:00 - 30/08/2017 06:00","BZN|BG","3449.00","3457.00"
"30/08/2017 06:00 - 30/08/2017 07:00","BZN|BG","3774.00","3786.00"
"30/08/2017 07:00 - 30/08/2017 08:00","BZN|BG","4135.00","4148.00"
"30/08/2017 08:00 - 30/08/2017 09:00","BZN|BG","4300.00","4322.00"
"30/08/2017 09:00 - 30/08/2017 10:00","BZN|BG","4236.00","4320.00"
"30/08/2017 10:00 - 30/08/2017 11:00","BZN|BG","4232.00","4353.00"
"30/08/2017 11:00 - 30/08/2017 12:00","BZN|BG","4183.00","4270.00"
"30/08/2017 12:00 - 30/08/2017 13:00","BZN|BG","4255.00","4339.00"
"30/08/2017 13:00 - 30/08/2017 14:00","BZN|BG","4278.00","4302.00"
"30/08/2017 14:00 - 30/08/2017 15:00","BZN|BG","4258.00","4285.00"
"30/08/2017 15:00 - 30/08/2017 16:00","BZN|BG","4255.00","4265.00"
"30/08/2017 16:00 - 30/08/2017 17:00","BZN|BG","4227.00","4216.00"
"30/08/2017 17:00 - 30/08/2017 18:00","BZN|BG","4306.00","4320.00"
"30/08/2017 18:00 - 30/08/2017 19:00","BZN|BG","4362.00","4360.00"
"30/08/2017 19:00 - 30/08/2017 20:00","BZN|BG","4548.00","4546.00"
"30/08/2017 20:00 - 30/08/2017 21:00","BZN|BG","4478.00","4495.00"
"30/08/2017 21:00 - 30/08/2017 22:00","BZN|BG","4197.00","4181.00"
"30/08/2017 22:00 - 30/08/2017 23:00","BZN|BG","3879.00","3831.00"
"30/08/2017 23:00 - 31/08/2017 00:00","BZN|BG","3495.00","3448.00"
"31/08/2017 00:00 - 31/08/2017 01:00","BZN|BG","3217.00","3224.00"
"31/08/2017 01:00 - 31/08/2017 02:00","BZN|BG","3139.00","3117.00"
"31/08/2017 02:00 - 31/08/2017 03:00","BZN|BG","3106.00","3070.00"
"31/08/2017 03:00 - 31/08/2017 04:00","BZN|BG","3134.00","3072.00"
"31/08/2017 04:00 - 31/08/2017 05:00","BZN|BG","3225.00","3166.00"
"31/08/2017 05:00 - 31/08/2017 06:00","BZN|BG","3453.00","3400.00"
"31/08/2017 06:00 - 31/08/2017 07:00","BZN|BG","3753.00","3740.00"
"31/08/2017 07:00 - 31/08/2017 08:00","BZN|BG","4117.00","4119.00"
"31/08/2017 08:00 - 31/08/2017 09:00","BZN|BG","4271.00","4302.00"
"31/08/2017 09:00 - 31/08/2017 10:00","BZN|BG","4220.00","4302.00"
"31/08/2017 10:00 - 31/08/2017 11:00","BZN|BG","4231.00","4332.00"
"31/08/2017 11:00 - 31/08/2017 12:00","BZN|BG","4205.00","4209.00"
"31/08/2017 12:00 - 31/08/2017 13:00","BZN|BG","4262.00","4275.00"
"31/08/2017 13:00 - 31/08/2017 14:00","BZN|BG","4262.00","4211.00"
"31/08/2017 14:00 - 31/08/2017 15:00","BZN|BG","4282.00","4190.00"
"31/08/2017 15:00 - 31/08/2017 16:00","BZN|BG","4237.00","4160.00"
"31/08/2017 16:00 - 31/08/2017 17:00","BZN|BG","4224.00","4100.00"
"31/08/2017 17:00 - 31/08/2017 18:00","BZN|BG","4261.00","4232.00"
"31/08/2017 18:00 - 31/08/2017 19:00","BZN|BG","4354.00","4315.00"
"31/08/2017 19:00 - 31/08/2017 20:00","BZN|BG","4559.00","4535.00"
"31/08/2017 20:00 - 31/08/2017 21:00","BZN|BG","4466.00","4452.00"
"31/08/2017 21:00 - 31/08/2017 22:00","BZN|BG","4189.00","4110.00"
"31/08/2017 22:00 - 31/08/2017 23:00","BZN|BG","3896.00","3742.00"
"31/08/2017 23:00 - 01/09/2017 00:00","BZN|BG","3557.00","3543.00"
"01/09/2017 00:00 - 01/09/2017 01:00","BZN|BG","3289.00","3308.00"
"01/09/2017 01:00 - 01/09/2017 02:00","BZN|BG","3159.00","3195.00"
"01/09/2017 02:00 - 01/09/2017 03:00","BZN|BG","3107.00","3149.00"
"01/09/2017 03:00 - 01/09/2017 04:00","BZN|BG","3093.00","3151.00"
"01/09/2017 04:00 - 01/09/2017 05:00","BZN|BG","3208.00","3242.00"
"01/09/2017 05:00 - 01/09/2017 06:00","BZN|BG","3472.00","3464.00"
"01/09/2017 06:00 - 01/09/2017 07:00","BZN|BG","3777.00","3774.00"
"01/09/2017 07:00 - 01/09/2017 08:00","BZN|BG","4076.00","4117.00"
"01/09/2017 08:00 - 01/09/2017 09:00","BZN|BG","4238.00","4285.00"
"01/09/2017 09:00 - 01/09/2017 10:00","BZN|BG","4174.00","4273.00"
"01/09/2017 10:00 - 01/09/2017 11:00","BZN|BG","4198.00","4298.00"
"01/09/2017 11:00 - 01/09/2017 12:00","BZN|BG","4168.00","4245.00"
"01/09/2017 12:00 - 01/09/2017 13:00","BZN|BG","4240.00","4282.00"
"01/09/2017 13:00 - 01/09/2017 14:00","BZN|BG","4250.00","4260.00"
"01/09/2017 14:00 - 01/09/2017 15:00","BZN|BG","4239.00","4252.00"
"01/09/2017 15:00 - 01/09/2017 16:00","BZN|BG","4260.00","4242.00"
"01/09/2017 16:00 - 01/09/2017 17:00","BZN|BG","4223.00","4217.00"
"01/09/2017 17:00 - 01/09/2017 18:00","BZN|BG","4257.00","4321.00"
"01/09/2017 18:00 - 01/09/2017 19:00","BZN|BG","4376.00","4385.00"
"01/09/2017 19:00 - 01/09/2017 20:00","BZN|BG","4361.00","4574.00"
"01/09/2017 20:00 - 01/09/2017 21:00","BZN|BG","4292.00","4506.00"
"01/09/2017 21:00 - 01/09/2017 22:00","BZN|BG","4074.00","4217.00"
"01/09/2017 22:00 - 01/09/2017 23:00","BZN|BG","3824.00","3902.00"
"01/09/2017 23:00 - 02/09/2017 00:00","BZN|BG","3498.00","3568.00"
"02/09/2017 00:00 - 02/09/2017 01:00","BZN|BG","3265.00","3317.00"
"02/09/2017 01:00 - 02/09/2017 02:00","BZN|BG","3129.00","3157.00"
"02/09/2017 02:00 - 02/09/2017 03:00","BZN|BG","3072.00","3105.00"
"02/09/2017 03:00 - 02/09/2017 04:00","BZN|BG","3046.00","3120.00"
"02/09/2017 04:00 - 02/09/2017 05:00","BZN|BG","3093.00","3163.00"
"02/09/2017 05:00 - 02/09/2017 06:00","BZN|BG","3221.00","3252.00"
"02/09/2017 06:00 - 02/09/2017 07:00","BZN|BG","3418.00","3412.00"
"02/09/2017 07:00 - 02/09/2017 08:00","BZN|BG","3741.00","3728.00"
"02/09/2017 08:00 - 02/09/2017 09:00","BZN|BG","3970.00","3922.00"
"02/09/2017 09:00 - 02/09/2017 10:00","BZN|BG","4004.00","3982.00"
"02/09/2017 10:00 - 02/09/2017 11:00","BZN|BG","4048.00","4000.00"
"02/09/2017 11:00 - 02/09/2017 12:00","BZN|BG","4048.00","4000.00"
"02/09/2017 12:00 - 02/09/2017 13:00","BZN|BG","4024.00","3994.00"
"02/09/2017 13:00 - 02/09/2017 14:00","BZN|BG","4008.00","3981.00"
"02/09/2017 14:00 - 02/09/2017 15:00","BZN|BG","3992.00","3977.00"
"02/09/2017 15:00 - 02/09/2017 16:00","BZN|BG","3993.00","4000.00"
"02/09/2017 16:00 - 02/09/2017 17:00","BZN|BG","4066.00","4044.00"
"02/09/2017 17:00 - 02/09/2017 18:00","BZN|BG","4115.00","4162.00"
"02/09/2017 18:00 - 02/09/2017 19:00","BZN|BG","4125.00","4192.00"
"02/09/2017 19:00 - 02/09/2017 20:00","BZN|BG","4328.00","4303.00"
"02/09/2017 20:00 - 02/09/2017 21:00","BZN|BG","4190.00","4241.00"
"02/09/2017 21:00 - 02/09/2017 22:00","BZN|BG","3962.00","4038.00"
"02/09/2017 22:00 - 02/09/2017 23:00","BZN|BG","3692.00","3805.00"
"02/09/2017 23:00 - 03/09/2017 00:00","BZN|BG","3422.00","3491.00"
"03/09/2017 00:00 - 03/09/2017 01:00","BZN|BG","3199.00","3191.00"
"03/09/2017 01:00 - 03/09/2017 02:00","BZN|BG","3069.00","3047.00"
"03/09/2017 02:00 - 03/09/2017 03:00","BZN|BG","3007.00","2960.00"
"03/09/2017 03:00 - 03/09/2017 04:00","BZN|BG","2964.00","2964.00"
"03/09/2017 04:00 - 03/09/2017 05:00","BZN|BG","2989.00","2990.00"
"03/09/2017 05:00 - 03/09/2017 06:00","BZN|BG","3080.00","3034.00"
"03/09/2017 06:00 - 03/09/2017 07:00","BZN|BG","3237.00","3178.00"
"03/09/2017 07:00 - 03/09/2017 08:00","BZN|BG","3575.00","3458.00"
"03/09/2017 08:00 - 03/09/2017 09:00","BZN|BG","3840.00","3659.00"
"03/09/2017 09:00 - 03/09/2017 10:00","BZN|BG","3930.00","3732.00"
"03/09/2017 10:00 - 03/09/2017 11:00","BZN|BG","4008.00","3750.00"
"03/09/2017 11:00 - 03/09/2017 12:00","BZN|BG","4007.00","3786.00"
"03/09/2017 12:00 - 03/09/2017 13:00","BZN|BG","3927.00","3828.00"
"03/09/2017 13:00 - 03/09/2017 14:00","BZN|BG","3916.00","3840.00"
"03/09/2017 14:00 - 03/09/2017 15:00","BZN|BG","3914.00","3849.00"
"03/09/2017 15:00 - 03/09/2017 16:00","BZN|BG","3961.00","3901.00"
"03/09/2017 16:00 - 03/09/2017 17:00","BZN|BG","4052.00","4010.00"
"03/09/2017 17:00 - 03/09/2017 18:00","BZN|BG","4150.00","4091.00"
"03/09/2017 18:00 - 03/09/2017 19:00","BZN|BG","4230.00","4145.00"
"03/09/2017 19:00 - 03/09/2017 20:00","BZN|BG","4405.00","4294.00"
"03/09/2017 20:00 - 03/09/2017 21:00","BZN|BG","4215.00","4222.00"
"03/09/2017 21:00 - 03/09/2017 22:00","BZN|BG","3921.00","4032.00"
"03/09/2017 22:00 - 03/09/2017 23:00","BZN|BG","3656.00","3709.00"
"03/09/2017 23:00 - 04/09/2017 00:00","BZN|BG","3241.00","3259.00"
"04/09/2017 00:00 - 04/09/2017 01:00","BZN|BG","3092.00","3051.00"
"04/09/2017 01:00 - 04/09/2017 02:00","BZN|BG","2968.00","2942.00"
"04/09/2017 02:00 - 04/09/2017 03:00","BZN|BG","2946.00","2886.00"
"04/09/2017 03:00 - 04/09/2017 04:00","BZN|BG","2953.00","2915.00"
"04/09/2017 04:00 - 04/09/2017 05:00","BZN|BG","3062.00","3026.00"
"04/09/2017 05:00 - 04/09/2017 06:00","BZN|BG","3377.00","3257.00"
"04/09/2017 06:00 - 04/09/2017 07:00","BZN|BG","3685.00","3546.00"
"04/09/2017 07:00 - 04/09/2017 08:00","BZN|BG","4042.00","3848.00"
"04/09/2017 08:00 - 04/09/2017 09:00","BZN|BG","4209.00","4034.00"
"04/09/2017 09:00 - 04/09/2017 10:00","BZN|BG","4179.00","4047.00"
"04/09/2017 10:00 - 04/09/2017 11:00","BZN|BG","4199.00","4091.00"
"04/09/2017 11:00 - 04/09/2017 12:00","BZN|BG","4234.00","4100.00"
"04/09/2017 12:00 - 04/09/2017 13:00","BZN|BG","4213.00","4194.00"
"04/09/2017 13:00 - 04/09/2017 14:00","BZN|BG","4266.00","4226.00"
"04/09/2017 14:00 - 04/09/2017 15:00","BZN|BG","4231.00","4231.00"
"04/09/2017 15:00 - 04/09/2017 16:00","BZN|BG","4196.00","4232.00"
"04/09/2017 16:00 - 04/09/2017 17:00","BZN|BG","4096.00","4244.00"
"04/09/2017 17:00 - 04/09/2017 18:00","BZN|BG","4146.00","4245.00"
"04/09/2017 18:00 - 04/09/2017 19:00","BZN|BG","4274.00","4297.00"
"04/09/2017 19:00 - 04/09/2017 20:00","BZN|BG","4500.00","4552.00"
"04/09/2017 20:00 - 04/09/2017 21:00","BZN|BG","4334.00","4439.00"
"04/09/2017 21:00 - 04/09/2017 22:00","BZN|BG","4043.00","4163.00"
"04/09/2017 22:00 - 04/09/2017 23:00","BZN|BG","3772.00","3822.00"
"04/09/2017 23:00 - 05/09/2017 00:00","BZN|BG","3435.00","3405.00"
"05/09/2017 00:00 - 05/09/2017 01:00","BZN|BG","3225.00","3150.00"
"05/09/2017 01:00 - 05/09/2017 02:00","BZN|BG","3107.00","3037.00"
"05/09/2017 02:00 - 05/09/2017 03:00","BZN|BG","3085.00","2992.00"
"05/09/2017 03:00 - 05/09/2017 04:00","BZN|BG","3071.00","2997.00"
"05/09/2017 04:00 - 05/09/2017 05:00","BZN|BG","3174.00","3105.00"
"05/09/2017 05:00 - 05/09/2017 06:00","BZN|BG","3494.00","3336.00"
"05/09/2017 06:00 - 05/09/2017 07:00","BZN|BG","3789.00","3647.00"
"05/09/2017 07:00 - 05/09/2017 08:00","BZN|BG","4135.00","3984.00"
"05/09/2017 08:00 - 05/09/2017 09:00","BZN|BG","4276.00","4151.00"
"05/09/2017 09:00 - 05/09/2017 10:00","BZN|BG","4236.00","4122.00"
"05/09/2017 10:00 - 05/09/2017 11:00","BZN|BG","4225.00","4081.00"
"05/09/2017 11:00 - 05/09/2017 12:00","BZN|BG","4162.00","4065.00"
"05/09/2017 12:00 - 05/09/2017 13:00","BZN|BG","4221.00","4046.00"
"05/09/2017 13:00 - 05/09/2017 14:00","BZN|BG","4206.00","4070.00"
"05/09/2017 14:00 - 05/09/2017 15:00","BZN|BG","4193.00","4044.00"
"05/09/2017 15:00 - 05/09/2017 16:00","BZN|BG","4184.00","4036.00"
"05/09/2017 16:00 - 05/09/2017 17:00","BZN|BG","4173.00","4027.00"
"05/09/2017 17:00 - 05/09/2017 18:00","BZN|BG","4256.00","3988.00"
"05/09/2017 18:00 - 05/09/2017 19:00","BZN|BG","4365.00","4105.00"
"05/09/2017 19:00 - 05/09/2017 20:00","BZN|BG","4499.00","4384.00"
"05/09/2017 20:00 - 05/09/2017 21:00","BZN|BG","4267.00","4268.00"
"05/09/2017 21:00 - 05/09/2017 22:00","BZN|BG","4035.00","3975.00"
"05/09/2017 22:00 - 05/09/2017 23:00","BZN|BG","3858.00","3661.00"
"05/09/2017 23:00 - 06/09/2017 00:00","BZN|BG","3422.00","3407.00"
"06/09/2017 00:00 - 06/09/2017 01:00","BZN|BG","3191.00","3188.00"
"06/09/2017 01:00 - 06/09/2017 02:00","BZN|BG","3082.00","3089.00"
"06/09/2017 02:00 - 06/09/2017 03:00","BZN|BG","3041.00","3052.00"
"06/09/2017 03:00 - 06/09/2017 04:00","BZN|BG","3027.00","3060.00"
"06/09/2017 04:00 - 06/09/2017 05:00","BZN|BG","3106.00","3167.00"
"06/09/2017 05:00 - 06/09/2017 06:00","BZN|BG","3198.00","3410.00"
"06/09/2017 06:00 - 06/09/2017 07:00","BZN|BG","3372.00","3703.00"
"06/09/2017 07:00 - 06/09/2017 08:00","BZN|BG","3725.00","4030.00"
"06/09/2017 08:00 - 06/09/2017 09:00","BZN|BG","3952.00","4197.00"
"06/09/2017 09:00 - 06/09/2017 10:00","BZN|BG","3959.00","4008.00"
"06/09/2017 10:00 - 06/09/2017 11:00","BZN|BG","3970.00","4058.00"
"06/09/2017 11:00 - 06/09/2017 12:00","BZN|BG","3899.00","3985.00"
"06/09/2017 12:00 - 06/09/2017 13:00","BZN|BG","3880.00","4058.00"
"06/09/2017 13:00 - 06/09/2017 14:00","BZN|BG","3850.00","4054.00"
"06/09/2017 14:00 - 06/09/2017 15:00","BZN|BG","3833.00","4052.00"
"06/09/2017 15:00 - 06/09/2017 16:00","BZN|BG","3866.00","4041.00"
"06/09/2017 16:00 - 06/09/2017 17:00","BZN|BG","3888.00","3986.00"
"06/09/2017 17:00 - 06/09/2017 18:00","BZN|BG","3967.00","4093.00"
"06/09/2017 18:00 - 06/09/2017 19:00","BZN|BG","4129.00","4208.00"
"06/09/2017 19:00 - 06/09/2017 20:00","BZN|BG","4383.00","4484.00"
"06/09/2017 20:00 - 06/09/2017 21:00","BZN|BG","4243.00","4360.00"
"06/09/2017 21:00 - 06/09/2017 22:00","BZN|BG","4026.00","4074.00"
"06/09/2017 22:00 - 06/09/2017 23:00","BZN|BG","3758.00","3770.00"
"06/09/2017 23:00 - 07/09/2017 00:00","BZN|BG","3342.00","3428.00"
"07/09/2017 00:00 - 07/09/2017 01:00","BZN|BG","3122.00","3204.00"
"07/09/2017 01:00 - 07/09/2017 02:00","BZN|BG","3012.00","3102.00"
"07/09/2017 02:00 - 07/09/2017 03:00","BZN|BG","2981.00","3066.00"
"07/09/2017 03:00 - 07/09/2017 04:00","BZN|BG","3006.00","3071.00"
"07/09/2017 04:00 - 07/09/2017 05:00","BZN|BG","3107.00","3175.00"
"07/09/2017 05:00 - 07/09/2017 06:00","BZN|BG","3438.00","3435.00"
"07/09/2017 06:00 - 07/09/2017 07:00","BZN|BG","3719.00","3739.00"
"07/09/2017 07:00 - 07/09/2017 08:00","BZN|BG","3945.00","4076.00"
"07/09/2017 08:00 - 07/09/2017 09:00","BZN|BG","3983.00","4237.00"
"07/09/2017 09:00 - 07/09/2017 10:00","BZN|BG","3863.00","4254.00"
"07/09/2017 10:00 - 07/09/2017 11:00","BZN|BG","3814.00","4251.00"
"07/09/2017 11:00 - 07/09/2017 12:00","BZN|BG","3765.00","4265.00"
"07/09/2017 12:00 - 07/09/2017 13:00","BZN|BG","3811.00","4249.00"
"07/09/2017 13:00 - 07/09/2017 14:00","BZN|BG","3873.00","4250.00"
"07/09/2017 14:00 - 07/09/2017 15:00","BZN|BG","3914.00","4251.00"
"07/09/2017 15:00 - 07/09/2017 16:00","BZN|BG","3990.00","4254.00"
"07/09/2017 16:00 - 07/09/2017 17:00","BZN|BG","4034.00","4264.00"
"07/09/2017 17:00 - 07/09/2017 18:00","BZN|BG","4159.00","4313.00"
"07/09/2017 18:00 - 07/09/2017 19:00","BZN|BG","4331.00","4392.00"
"07/09/2017 19:00 - 07/09/2017 20:00","BZN|BG","4555.00","4492.00"
"07/09/2017 20:00 - 07/09/2017 21:00","BZN|BG","4385.00","4379.00"
"07/09/2017 21:00 - 07/09/2017 22:00","BZN|BG","4069.00","4141.00"
"07/09/2017 22:00 - 07/09/2017 23:00","BZN|BG","3779.00","3879.00"
"07/09/2017 23:00 - 08/09/2017 00:00","BZN|BG","3494.00","3488.00"
"08/09/2017 00:00 - 08/09/2017 01:00","BZN|BG","3268.00","3231.00"
"08/09/2017 01:00 - 08/09/2017 02:00","BZN|BG","3172.00","3115.00"
"08/09/2017 02:00 - 08/09/2017 03:00","BZN|BG","3133.00","3073.00"
"08/09/2017 03:00 - 08/09/2017 04:00","BZN|BG","3128.00","3074.00"
"08/09/2017 04:00 - 08/09/2017 05:00","BZN|BG","3229.00","3176.00"
"08/09/2017 05:00 - 08/09/2017 06:00","BZN|BG","3537.00","3409.00"
"08/09/2017 06:00 - 08/09/2017 07:00","BZN|BG","3795.00","3694.00"
"08/09/2017 07:00 - 08/09/2017 08:00","BZN|BG","4157.00","4032.00"
"08/09/2017 08:00 - 08/09/2017 09:00","BZN|BG","4252.00","4208.00"
"08/09/2017 09:00 - 08/09/2017 10:00","BZN|BG","4199.00","4132.00"
"08/09/2017 10:00 - 08/09/2017 11:00","BZN|BG","4224.00","4157.00"
"08/09/2017 11:00 - 08/09/2017 12:00","BZN|BG","4186.00","4084.00"
"08/09/2017 12:00 - 08/09/2017 13:00","BZN|BG","4261.00","4143.00"
"08/09/2017 13:00 - 08/09/2017 14:00","BZN|BG","4305.00","4129.00"
"08/09/2017 14:00 - 08/09/2017 15:00","BZN|BG","4281.00","4117.00"
"08/09/2017 15:00 - 08/09/2017 16:00","BZN|BG","4298.00","4123.00"
"08/09/2017 16:00 - 08/09/2017 17:00","BZN|BG","4261.00","4091.00"
"08/09/2017 17:00 - 08/09/2017 18:00","BZN|BG","4303.00","4175.00"
"08/09/2017 18:00 - 08/09/2017 19:00","BZN|BG","4384.00","4316.00"
"08/09/2017 19:00 - 08/09/2017 20:00","BZN|BG","4545.00","4505.00"
"08/09/2017 20:00 - 08/09/2017 21:00","BZN|BG","4361.00","4391.00"
"08/09/2017 21:00 - 08/09/2017 22:00","BZN|BG","4092.00","4162.00"
"08/09/2017 22:00 - 08/09/2017 23:00","BZN|BG","3839.00","3905.00"
"08/09/2017 23:00 - 09/09/2017 00:00","BZN|BG","3524.00","3484.00"
"09/09/2017 00:00 - 09/09/2017 01:00","BZN|BG","3307.00","3287.00"
"09/09/2017 01:00 - 09/09/2017 02:00","BZN|BG","3160.00","3172.00"
"09/09/2017 02:00 - 09/09/2017 03:00","BZN|BG","3118.00","3124.00"
"09/09/2017 03:00 - 09/09/2017 04:00","BZN|BG","3101.00","3102.00"
"09/09/2017 04:00 - 09/09/2017 05:00","BZN|BG","3162.00","3142.00"
"09/09/2017 05:00 - 09/09/2017 06:00","BZN|BG","3294.00","3251.00"
"09/09/2017 06:00 - 09/09/2017 07:00","BZN|BG","3488.00","3418.00"
"09/09/2017 07:00 - 09/09/2017 08:00","BZN|BG","3793.00","3693.00"
"09/09/2017 08:00 - 09/09/2017 09:00","BZN|BG","3959.00","3888.00"
"09/09/2017 09:00 - 09/09/2017 10:00","BZN|BG","4045.00","3917.00"
"09/09/2017 10:00 - 09/09/2017 11:00","BZN|BG","4057.00","3954.00"
"09/09/2017 11:00 - 09/09/2017 12:00","BZN|BG","4010.00","3954.00"
"09/09/2017 12:00 - 09/09/2017 13:00","BZN|BG","3995.00","3948.00"
"09/09/2017 13:00 - 09/09/2017 14:00","BZN|BG","3947.00","3943.00"
"09/09/2017 14:00 - 09/09/2017 15:00","BZN|BG","3953.00","3939.00"
"09/09/2017 15:00 - 09/09/2017 16:00","BZN|BG","3981.00","3940.00"
"09/09/2017 16:00 - 09/09/2017 17:00","BZN|BG","4029.00","4024.00"
"09/09/2017 17:00 - 09/09/2017 18:00","BZN|BG","4075.00","4080.00"
"09/09/2017 18:00 - 09/09/2017 19:00","BZN|BG","4200.00","4093.00"
"09/09/2017 19:00 - 09/09/2017 20:00","BZN|BG","4366.00","4327.00"
"09/09/2017 20:00 - 09/09/2017 21:00","BZN|BG","4085.00","4195.00"
"09/09/2017 21:00 - 09/09/2017 22:00","BZN|BG","3801.00","3976.00"
"09/09/2017 22:00 - 09/09/2017 23:00","BZN|BG","3630.00","3717.00"
"09/09/2017 23:00 - 10/09/2017 00:00","BZN|BG","3352.00","3398.00"
"10/09/2017 00:00 - 10/09/2017 01:00","BZN|BG","3142.00","3204.00"
"10/09/2017 01:00 - 10/09/2017 02:00","BZN|BG","3019.00","3091.00"
"10/09/2017 02:00 - 10/09/2017 03:00","BZN|BG","2975.00","3037.00"
"10/09/2017 03:00 - 10/09/2017 04:00","BZN|BG","2970.00","3000.00"
"10/09/2017 04:00 - 10/09/2017 05:00","BZN|BG","3025.00","3020.00"
"10/09/2017 05:00 - 10/09/2017 06:00","BZN|BG","3107.00","3093.00"
"10/09/2017 06:00 - 10/09/2017 07:00","BZN|BG","3224.00","3219.00"
"10/09/2017 07:00 - 10/09/2017 08:00","BZN|BG","3526.00","3489.00"
"10/09/2017 08:00 - 10/09/2017 09:00","BZN|BG","3751.00","3701.00"
"10/09/2017 09:00 - 10/09/2017 10:00","BZN|BG","3839.00","3773.00"
"10/09/2017 10:00 - 10/09/2017 11:00","BZN|BG","3883.00","3836.00"
"10/09/2017 11:00 - 10/09/2017 12:00","BZN|BG","3885.00","3837.00"
"10/09/2017 12:00 - 10/09/2017 13:00","BZN|BG","3851.00","3902.00"
"10/09/2017 13:00 - 10/09/2017 14:00","BZN|BG","3837.00","3912.00"
"10/09/2017 14:00 - 10/09/2017 15:00","BZN|BG","3837.00","3913.00"
"10/09/2017 15:00 - 10/09/2017 16:00","BZN|BG","3879.00","3963.00"
"10/09/2017 16:00 - 10/09/2017 17:00","BZN|BG","3971.00","4060.00"
"10/09/2017 17:00 - 10/09/2017 18:00","BZN|BG","4056.00","4163.00"
"10/09/2017 18:00 - 10/09/2017 19:00","BZN|BG","4201.00","4248.00"
"10/09/2017 19:00 - 10/09/2017 20:00","BZN|BG","4436.00","4433.00"
"10/09/2017 20:00 - 10/09/2017 21:00","BZN|BG","4248.00","4256.00"
"10/09/2017 21:00 - 10/09/2017 22:00","BZN|BG","4015.00","3984.00"
"10/09/2017 22:00 - 10/09/2017 23:00","BZN|BG","3735.00","3737.00"
"10/09/2017 23:00 - 11/09/2017 00:00","BZN|BG","3396.00","3358.00"
"11/09/2017 00:00 - 11/09/2017 01:00","BZN|BG","3155.00","3164.00"
"11/09/2017 01:00 - 11/09/2017 02:00","BZN|BG","3049.00","3044.00"
"11/09/2017 02:00 - 11/09/2017 03:00","BZN|BG","3011.00","3020.00"
"11/09/2017 03:00 - 11/09/2017 04:00","BZN|BG","3025.00","3014.00"
"11/09/2017 04:00 - 11/09/2017 05:00","BZN|BG","3149.00","3134.00"
"11/09/2017 05:00 - 11/09/2017 06:00","BZN|BG","3465.00","3464.00"
"11/09/2017 06:00 - 11/09/2017 07:00","BZN|BG","3817.00","3767.00"
"11/09/2017 07:00 - 11/09/2017 08:00","BZN|BG","4149.00","4112.00"
"11/09/2017 08:00 - 11/09/2017 09:00","BZN|BG","4326.00","4256.00"
"11/09/2017 09:00 - 11/09/2017 10:00","BZN|BG","4240.00","4231.00"
"11/09/2017 10:00 - 11/09/2017 11:00","BZN|BG","4312.00","4252.00"
"11/09/2017 11:00 - 11/09/2017 12:00","BZN|BG","4305.00","4214.00"
"11/09/2017 12:00 - 11/09/2017 13:00","BZN|BG","4396.00","4327.00"
"11/09/2017 13:00 - 11/09/2017 14:00","BZN|BG","4405.00","4398.00"
"11/09/2017 14:00 - 11/09/2017 15:00","BZN|BG","4410.00","4386.00"
"11/09/2017 15:00 - 11/09/2017 16:00","BZN|BG","4408.00","4378.00"
"11/09/2017 16:00 - 11/09/2017 17:00","BZN|BG","4296.00","4352.00"
"11/09/2017 17:00 - 11/09/2017 18:00","BZN|BG","4356.00","4394.00"
"11/09/2017 18:00 - 11/09/2017 19:00","BZN|BG","4525.00","4465.00"
"11/09/2017 19:00 - 11/09/2017 20:00","BZN|BG","4710.00","4588.00"
"11/09/2017 20:00 - 11/09/2017 21:00","BZN|BG","4408.00","4443.00"
"11/09/2017 21:00 - 11/09/2017 22:00","BZN|BG","4154.00","4174.00"
"11/09/2017 22:00 - 11/09/2017 23:00","BZN|BG","3874.00","3919.00"
"11/09/2017 23:00 - 12/09/2017 00:00","BZN|BG","3553.00","3470.00"
"12/09/2017 00:00 - 12/09/2017 01:00","BZN|BG","3339.00","3255.00"
"12/09/2017 01:00 - 12/09/2017 02:00","BZN|BG","3191.00","3155.00"
"12/09/2017 02:00 - 12/09/2017 03:00","BZN|BG","3128.00","3119.00"
"12/09/2017 03:00 - 12/09/2017 04:00","BZN|BG","3167.00","3116.00"
"12/09/2017 04:00 - 12/09/2017 05:00","BZN|BG","3284.00","3236.00"
"12/09/2017 05:00 - 12/09/2017 06:00","BZN|BG","3593.00","3532.00"
"12/09/2017 06:00 - 12/09/2017 07:00","BZN|BG","3877.00","3811.00"
"12/09/2017 07:00 - 12/09/2017 08:00","BZN|BG","4211.00","4183.00"
"12/09/2017 08:00 - 12/09/2017 09:00","BZN|BG","4357.00","4352.00"
"12/09/2017 09:00 - 12/09/2017 10:00","BZN|BG","4361.00","4299.00"
"12/09/2017 10:00 - 12/09/2017 11:00","BZN|BG","4401.00","4323.00"
"12/09/2017 11:00 - 12/09/2017 12:00","BZN|BG","4352.00","4290.00"
"12/09/2017 12:00 - 12/09/2017 13:00","BZN|BG","4441.00","4343.00"
"12/09/2017 13:00 - 12/09/2017 14:00","BZN|BG","4472.00","4366.00"
"12/09/2017 14:00 - 12/09/2017 15:00","BZN|BG","4472.00","4250.00"
"12/09/2017 15:00 - 12/09/2017 16:00","BZN|BG","4470.00","4276.00"
"12/09/2017 16:00 - 12/09/2017 17:00","BZN|BG","4396.00","4255.00"
"12/09/2017 17:00 - 12/09/2017 18:00","BZN|BG","4444.00","4308.00"
"12/09/2017 18:00 - 12/09/2017 19:00","BZN|BG","4592.00","4398.00"
"12/09/2017 19:00 - 12/09/2017 20:00","BZN|BG","4761.00","4556.00"
"12/09/2017 20:00 - 12/09/2017 21:00","BZN|BG","4530.00","4409.00"
"12/09/2017 21:00 - 12/09/2017 22:00","BZN|BG","4235.00","4176.00"
"12/09/2017 22:00 - 12/09/2017 23:00","BZN|BG","3998.00","3921.00"
"12/09/2017 23:00 - 13/09/2017 00:00","BZN|BG","3599.00","3519.00"
"13/09/2017 00:00 - 13/09/2017 01:00","BZN|BG","3348.00","3282.00"
"13/09/2017 01:00 - 13/09/2017 02:00","BZN|BG","3239.00","3166.00"
"13/09/2017 02:00 - 13/09/2017 03:00","BZN|BG","3183.00","3131.00"
"13/09/2017 03:00 - 13/09/2017 04:00","BZN|BG","3186.00","3129.00"
"13/09/2017 04:00 - 13/09/2017 05:00","BZN|BG","3299.00","3238.00"
"13/09/2017 05:00 - 13/09/2017 06:00","BZN|BG","3600.00","3535.00"
"13/09/2017 06:00 - 13/09/2017 07:00","BZN|BG","3885.00","3826.00"
"13/09/2017 07:00 - 13/09/2017 08:00","BZN|BG","4221.00","4216.00"
"13/09/2017 08:00 - 13/09/2017 09:00","BZN|BG","4348.00","4387.00"
"13/09/2017 09:00 - 13/09/2017 10:00","BZN|BG","4299.00","4316.00"
"13/09/2017 10:00 - 13/09/2017 11:00","BZN|BG","4345.00","4330.00"
"13/09/2017 11:00 - 13/09/2017 12:00","BZN|BG","4305.00","4220.00"
"13/09/2017 12:00 - 13/09/2017 13:00","BZN|BG","4385.00","4312.00"
"13/09/2017 13:00 - 13/09/2017 14:00","BZN|BG","4440.00","4335.00"
"13/09/2017 14:00 - 13/09/2017 15:00","BZN|BG","4433.00","4302.00"
"13/09/2017 15:00 - 13/09/2017 16:00","BZN|BG","4408.00","4332.00"
"13/09/2017 16:00 - 13/09/2017 17:00","BZN|BG","4335.00","4290.00"
"13/09/2017 17:00 - 13/09/2017 18:00","BZN|BG","4398.00","4352.00"
"13/09/2017 18:00 - 13/09/2017 19:00","BZN|BG","4557.00","4482.00"
"13/09/2017 19:00 - 13/09/2017 20:00","BZN|BG","4767.00","4693.00"
"13/09/2017 20:00 - 13/09/2017 21:00","BZN|BG","4512.00","4481.00"
"13/09/2017 21:00 - 13/09/2017 22:00","BZN|BG","4167.00","4180.00"
"13/09/2017 22:00 - 13/09/2017 23:00","BZN|BG","3874.00","3864.00"
"13/09/2017 23:00 - 14/09/2017 00:00","BZN|BG","3458.00","3473.00"
"14/09/2017 00:00 - 14/09/2017 01:00","BZN|BG","3218.00","3248.00"
"14/09/2017 01:00 - 14/09/2017 02:00","BZN|BG","3100.00","3129.00"
"14/09/2017 02:00 - 14/09/2017 03:00","BZN|BG","3035.00","3090.00"
"14/09/2017 03:00 - 14/09/2017 04:00","BZN|BG","2971.00","3094.00"
"14/09/2017 04:00 - 14/09/2017 05:00","BZN|BG","3153.00","3207.00"
"14/09/2017 05:00 - 14/09/2017 06:00","BZN|BG","3448.00","3510.00"
"14/09/2017 06:00 - 14/09/2017 07:00","BZN|BG","3715.00","3802.00"
"14/09/2017 07:00 - 14/09/2017 08:00","BZN|BG","4060.00","4181.00"
"14/09/2017 08:00 - 14/09/2017 09:00","BZN|BG","4265.00","4347.00"
"14/09/2017 09:00 - 14/09/2017 10:00","BZN|BG","4265.00","4321.00"
"14/09/2017 10:00 - 14/09/2017 11:00","BZN|BG","4285.00","4334.00"
"14/09/2017 11:00 - 14/09/2017 12:00","BZN|BG","4256.00","4281.00"
"14/09/2017 12:00 - 14/09/2017 13:00","BZN|BG","4327.00","4336.00"
"14/09/2017 13:00 - 14/09/2017 14:00","BZN|BG","4335.00","4357.00"
"14/09/2017 14:00 - 14/09/2017 15:00","BZN|BG","4374.00","4338.00"
"14/09/2017 15:00 - 14/09/2017 16:00","BZN|BG","4416.00","4357.00"
"14/09/2017 16:00 - 14/09/2017 17:00","BZN|BG","4361.00","4310.00"
"14/09/2017 17:00 - 14/09/2017 18:00","BZN|BG","4446.00","4378.00"
"14/09/2017 18:00 - 14/09/2017 19:00","BZN|BG","4619.00","4525.00"
"14/09/2017 19:00 - 14/09/2017 20:00","BZN|BG","4812.00","4751.00"
"14/09/2017 20:00 - 14/09/2017 21:00","BZN|BG","4604.00","4526.00"
"14/09/2017 21:00 - 14/09/2017 22:00","BZN|BG","4303.00","4215.00"
"14/09/2017 22:00 - 14/09/2017 23:00","BZN|BG","3968.00","3892.00"
"14/09/2017 23:00 - 15/09/2017 00:00","BZN|BG","3557.00","3559.00"
"15/09/2017 00:00 - 15/09/2017 01:00","BZN|BG","3302.00","3319.00"
"15/09/2017 01:00 - 15/09/2017 02:00","BZN|BG","3176.00","3196.00"
"15/09/2017 02:00 - 15/09/2017 03:00","BZN|BG","3110.00","3151.00"
"15/09/2017 03:00 - 15/09/2017 04:00","BZN|BG","3091.00","3155.00"
"15/09/2017 04:00 - 15/09/2017 05:00","BZN|BG","3227.00","3264.00"
"15/09/2017 05:00 - 15/09/2017 06:00","BZN|BG","3566.00","3553.00"
"15/09/2017 06:00 - 15/09/2017 07:00","BZN|BG","3927.00","3832.00"
"15/09/2017 07:00 - 15/09/2017 08:00","BZN|BG","4191.00","4185.00"
"15/09/2017 08:00 - 15/09/2017 09:00","BZN|BG","4227.00","4337.00"
"15/09/2017 09:00 - 15/09/2017 10:00","BZN|BG","4118.00","4309.00"
"15/09/2017 10:00 - 15/09/2017 11:00","BZN|BG","4188.00","4326.00"
"15/09/2017 11:00 - 15/09/2017 12:00","BZN|BG","4183.00","4276.00"
"15/09/2017 12:00 - 15/09/2017 13:00","BZN|BG","4274.00","4340.00"
"15/09/2017 13:00 - 15/09/2017 14:00","BZN|BG","4328.00","4364.00"
"15/09/2017 14:00 - 15/09/2017 15:00","BZN|BG","4349.00","4338.00"
"15/09/2017 15:00 - 15/09/2017 16:00","BZN|BG","4399.00","4355.00"
"15/09/2017 16:00 - 15/09/2017 17:00","BZN|BG","4375.00","4292.00"
"15/09/2017 17:00 - 15/09/2017 18:00","BZN|BG","4388.00","4363.00"
"15/09/2017 18:00 - 15/09/2017 19:00","BZN|BG","4549.00","4521.00"
"15/09/2017 19:00 - 15/09/2017 20:00","BZN|BG","4702.00","4757.00"
"15/09/2017 20:00 - 15/09/2017 21:00","BZN|BG","4445.00","4519.00"
"15/09/2017 21:00 - 15/09/2017 22:00","BZN|BG","4153.00","4190.00"
"15/09/2017 22:00 - 15/09/2017 23:00","BZN|BG","3917.00","3863.00"
"15/09/2017 23:00 - 16/09/2017 00:00","BZN|BG","3585.00","3573.00"
"16/09/2017 00:00 - 16/09/2017 01:00","BZN|BG","3395.00","3356.00"
"16/09/2017 01:00 - 16/09/2017 02:00","BZN|BG","3287.00","3209.00"
"16/09/2017 02:00 - 16/09/2017 03:00","BZN|BG","3219.00","3167.00"
"16/09/2017 03:00 - 16/09/2017 04:00","BZN|BG","3203.00","3150.00"
"16/09/2017 04:00 - 16/09/2017 05:00","BZN|BG","3252.00","3209.00"
"16/09/2017 05:00 - 16/09/2017 06:00","BZN|BG","3426.00","3336.00"
"16/09/2017 06:00 - 16/09/2017 07:00","BZN|BG","3593.00","3522.00"
"16/09/2017 07:00 - 16/09/2017 08:00","BZN|BG","3931.00","3816.00"
"16/09/2017 08:00 - 16/09/2017 09:00","BZN|BG","4119.00","3976.00"
"16/09/2017 09:00 - 16/09/2017 10:00","BZN|BG","4161.00","4059.00"
"16/09/2017 10:00 - 16/09/2017 11:00","BZN|BG","4188.00","4070.00"
"16/09/2017 11:00 - 16/09/2017 12:00","BZN|BG","4211.00","4019.00"
"16/09/2017 12:00 - 16/09/2017 13:00","BZN|BG","4194.00","4003.00"
"16/09/2017 13:00 - 16/09/2017 14:00","BZN|BG","4161.00","3950.00"
"16/09/2017 14:00 - 16/09/2017 15:00","BZN|BG","4168.00","3958.00"
"16/09/2017 15:00 - 16/09/2017 16:00","BZN|BG","4192.00","3998.00"
"16/09/2017 16:00 - 16/09/2017 17:00","BZN|BG","4194.00","4068.00"
"16/09/2017 17:00 - 16/09/2017 18:00","BZN|BG","4238.00","4134.00"
"16/09/2017 18:00 - 16/09/2017 19:00","BZN|BG","4355.00","4313.00"
"16/09/2017 19:00 - 16/09/2017 20:00","BZN|BG","4559.00","4553.00"
"16/09/2017 20:00 - 16/09/2017 21:00","BZN|BG","4264.00","4277.00"
"16/09/2017 21:00 - 16/09/2017 22:00","BZN|BG","4045.00","3997.00"
"16/09/2017 22:00 - 16/09/2017 23:00","BZN|BG","3768.00","3828.00"
"16/09/2017 23:00 - 17/09/2017 00:00","BZN|BG","3487.00","3501.00"
"17/09/2017 00:00 - 17/09/2017 01:00","BZN|BG","3285.00","3293.00"
"17/09/2017 01:00 - 17/09/2017 02:00","BZN|BG","3179.00","3173.00"
"17/09/2017 02:00 - 17/09/2017 03:00","BZN|BG","3086.00","3129.00"
"17/09/2017 03:00 - 17/09/2017 04:00","BZN|BG","3079.00","3124.00"
"17/09/2017 04:00 - 17/09/2017 05:00","BZN|BG","3110.00","3178.00"
"17/09/2017 05:00 - 17/09/2017 06:00","BZN|BG","3180.00","3259.00"
"17/09/2017 06:00 - 17/09/2017 07:00","BZN|BG","3326.00","3373.00"
"17/09/2017 07:00 - 17/09/2017 08:00","BZN|BG","3665.00","3669.00"
"17/09/2017 08:00 - 17/09/2017 09:00","BZN|BG","3888.00","3889.00"
"17/09/2017 09:00 - 17/09/2017 10:00","BZN|BG","3949.00","3975.00"
"17/09/2017 10:00 - 17/09/2017 11:00","BZN|BG","4009.00","4018.00"
"17/09/2017 11:00 - 17/09/2017 12:00","BZN|BG","4068.00","4020.00"
"17/09/2017 12:00 - 17/09/2017 13:00","BZN|BG","4051.00","3969.00"
"17/09/2017 13:00 - 17/09/2017 14:00","BZN|BG","4076.00","3948.00"
"17/09/2017 14:00 - 17/09/2017 15:00","BZN|BG","4093.00","3948.00"
"17/09/2017 15:00 - 17/09/2017 16:00","BZN|BG","4152.00","3991.00"
"17/09/2017 16:00 - 17/09/2017 17:00","BZN|BG","4179.00","4085.00"
"17/09/2017 17:00 - 17/09/2017 18:00","BZN|BG","4254.00","4173.00"
"17/09/2017 18:00 - 17/09/2017 19:00","BZN|BG","4405.00","4321.00"
"17/09/2017 19:00 - 17/09/2017 20:00","BZN|BG","4612.00","4563.00"
"17/09/2017 20:00 - 17/09/2017 21:00","BZN|BG","4419.00","4348.00"
"17/09/2017 21:00 - 17/09/2017 22:00","BZN|BG","4169.00","4081.00"
"17/09/2017 22:00 - 17/09/2017 23:00","BZN|BG","3836.00","3761.00"
"17/09/2017 23:00 - 18/09/2017 00:00","BZN|BG","3501.00","3409.00"
"18/09/2017 00:00 - 18/09/2017 01:00","BZN|BG","3266.00","3205.00"
"18/09/2017 01:00 - 18/09/2017 02:00","BZN|BG","3159.00","3116.00"
"18/09/2017 02:00 - 18/09/2017 03:00","BZN|BG","3130.00","3083.00"
"18/09/2017 03:00 - 18/09/2017 04:00","BZN|BG","3096.00","3097.00"
"18/09/2017 04:00 - 18/09/2017 05:00","BZN|BG","3228.00","3220.00"
"18/09/2017 05:00 - 18/09/2017 06:00","BZN|BG","3694.00","3535.00"
"18/09/2017 06:00 - 18/09/2017 07:00","BZN|BG","3993.00","3885.00"
"18/09/2017 07:00 - 18/09/2017 08:00","BZN|BG","4238.00","4216.00"
"18/09/2017 08:00 - 18/09/2017 09:00","BZN|BG","4379.00","4392.00"
"18/09/2017 09:00 - 18/09/2017 10:00","BZN|BG","4333.00","4306.00"
"18/09/2017 10:00 - 18/09/2017 11:00","BZN|BG","4382.00","4378.00"
"18/09/2017 11:00 - 18/09/2017 12:00","BZN|BG","4382.00","4371.00"
"18/09/2017 12:00 - 18/09/2017 13:00","BZN|BG","4490.00","4462.00"
"18/09/2017 13:00 - 18/09/2017 14:00","BZN|BG","4565.00","4470.00"
"18/09/2017 14:00 - 18/09/2017 15:00","BZN|BG","4587.00","4470.00"
"18/09/2017 15:00 - 18/09/2017 16:00","BZN|BG","4540.00","4470.00"
"18/09/2017 16:00 - 18/09/2017 17:00","BZN|BG","4413.00","4465.00"
"18/09/2017 17:00 - 18/09/2017 18:00","BZN|BG","4452.00","4509.00"
"18/09/2017 18:00 - 18/09/2017 19:00","BZN|BG","4660.00","4633.00"
"18/09/2017 19:00 - 18/09/2017 20:00","BZN|BG","4832.00","4769.00"
"18/09/2017 20:00 - 18/09/2017 21:00","BZN|BG","4565.00","4462.00"
"18/09/2017 21:00 - 18/09/2017 22:00","BZN|BG","4238.00","4205.00"
"18/09/2017 22:00 - 18/09/2017 23:00","BZN|BG","3929.00","3920.00"
"18/09/2017 23:00 - 19/09/2017 00:00","BZN|BG","3571.00","3566.00"
"19/09/2017 00:00 - 19/09/2017 01:00","BZN|BG","3356.00","3372.00"
"19/09/2017 01:00 - 19/09/2017 02:00","BZN|BG","3266.00","3277.00"
"19/09/2017 02:00 - 19/09/2017 03:00","BZN|BG","3238.00","3235.00"
"19/09/2017 03:00 - 19/09/2017 04:00","BZN|BG","3247.00","3230.00"
"19/09/2017 04:00 - 19/09/2017 05:00","BZN|BG","3363.00","3352.00"
"19/09/2017 05:00 - 19/09/2017 06:00","BZN|BG","3708.00","3645.00"
"19/09/2017 06:00 - 19/09/2017 07:00","BZN|BG","4005.00","3914.00"
"19/09/2017 07:00 - 19/09/2017 08:00","BZN|BG","4280.00","4205.00"
"19/09/2017 08:00 - 19/09/2017 09:00","BZN|BG","4363.00","4309.00"
"19/09/2017 09:00 - 19/09/2017 10:00","BZN|BG","4385.00","4269.00"
"19/09/2017 10:00 - 19/09/2017 11:00","BZN|BG","4387.00","4315.00"
"19/09/2017 11:00 - 19/09/2017 12:00","BZN|BG","4341.00","4282.00"
"19/09/2017 12:00 - 19/09/2017 13:00","BZN|BG","4426.00","4368.00"
"19/09/2017 13:00 - 19/09/2017 14:00","BZN|BG","4458.00","4408.00"
"19/09/2017 14:00 - 19/09/2017 15:00","BZN|BG","4470.00","4431.00"
"19/09/2017 15:00 - 19/09/2017 16:00","BZN|BG","4491.00","4466.00"
"19/09/2017 16:00 - 19/09/2017 17:00","BZN|BG","4419.00","4288.00"
"19/09/2017 17:00 - 19/09/2017 18:00","BZN|BG","4466.00","4348.00"
"19/09/2017 18:00 - 19/09/2017 19:00","BZN|BG","4678.00","4541.00"
"19/09/2017 19:00 - 19/09/2017 20:00","BZN|BG","4828.00","4790.00"
"19/09/2017 20:00 - 19/09/2017 21:00","BZN|BG","4558.00","4548.00"
"19/09/2017 21:00 - 19/09/2017 22:00","BZN|BG","4227.00","4241.00"
"19/09/2017 22:00 - 19/09/2017 23:00","BZN|BG","3907.00","3958.00"
"19/09/2017 23:00 - 20/09/2017 00:00","BZN|BG","3522.00","3598.00"
"20/09/2017 00:00 - 20/09/2017 01:00","BZN|BG","3280.00","3382.00"
"20/09/2017 01:00 - 20/09/2017 02:00","BZN|BG","3182.00","3271.00"
"20/09/2017 02:00 - 20/09/2017 03:00","BZN|BG","3148.00","3221.00"
"20/09/2017 03:00 - 20/09/2017 04:00","BZN|BG","3172.00","3216.00"
"20/09/2017 04:00 - 20/09/2017 05:00","BZN|BG","3279.00","3349.00"
"20/09/2017 05:00 - 20/09/2017 06:00","BZN|BG","3668.00","3654.00"
"20/09/2017 06:00 - 20/09/2017 07:00","BZN|BG","3994.00","3939.00"
"20/09/2017 07:00 - 20/09/2017 08:00","BZN|BG","4225.00","4227.00"
"20/09/2017 08:00 - 20/09/2017 09:00","BZN|BG","4308.00","4339.00"
"20/09/2017 09:00 - 20/09/2017 10:00","BZN|BG","4220.00","4301.00"
"20/09/2017 10:00 - 20/09/2017 11:00","BZN|BG","4231.00","4353.00"
"20/09/2017 11:00 - 20/09/2017 12:00","BZN|BG","4184.00","4320.00"
"20/09/2017 12:00 - 20/09/2017 13:00","BZN|BG","4223.00","4413.00"
"20/09/2017 13:00 - 20/09/2017 14:00","BZN|BG","4278.00","4454.00"
"20/09/2017 14:00 - 20/09/2017 15:00","BZN|BG","4267.00","4508.00"
"20/09/2017 15:00 - 20/09/2017 16:00","BZN|BG","4278.00","4541.00"
"20/09/2017 16:00 - 20/09/2017 17:00","BZN|BG","4265.00","4331.00"
"20/09/2017 17:00 - 20/09/2017 18:00","BZN|BG","4390.00","4387.00"
"20/09/2017 18:00 - 20/09/2017 19:00","BZN|BG","4655.00","4585.00"
"20/09/2017 19:00 - 20/09/2017 20:00","BZN|BG","4717.00","4821.00"
"20/09/2017 20:00 - 20/09/2017 21:00","BZN|BG","4462.00","4538.00"
"20/09/2017 21:00 - 20/09/2017 22:00","BZN|BG","4120.00","4187.00"
"20/09/2017 22:00 - 20/09/2017 23:00","BZN|BG","3811.00","3867.00"
"20/09/2017 23:00 - 21/09/2017 00:00","BZN|BG","3318.00","3428.00"
"21/09/2017 00:00 - 21/09/2017 01:00","BZN|BG","3080.00","3268.00"
"21/09/2017 01:00 - 21/09/2017 02:00","BZN|BG","3003.00","3191.00"
"21/09/2017 02:00 - 21/09/2017 03:00","BZN|BG","2899.00","3156.00"
"21/09/2017 03:00 - 21/09/2017 04:00","BZN|BG","2918.00","3155.00"
"21/09/2017 04:00 - 21/09/2017 05:00","BZN|BG","3049.00","3264.00"
"21/09/2017 05:00 - 21/09/2017 06:00","BZN|BG","3413.00","3526.00"
"21/09/2017 06:00 - 21/09/2017 07:00","BZN|BG","3697.00","3765.00"
"21/09/2017 07:00 - 21/09/2017 08:00","BZN|BG","3904.00","4001.00"
"21/09/2017 08:00 - 21/09/2017 09:00","BZN|BG","3947.00","4089.00"
"21/09/2017 09:00 - 21/09/2017 10:00","BZN|BG","3820.00","4065.00"
"21/09/2017 10:00 - 21/09/2017 11:00","BZN|BG","3735.00","4103.00"
"21/09/2017 11:00 - 21/09/2017 12:00","BZN|BG","3547.00","4073.00"
"21/09/2017 12:00 - 21/09/2017 13:00","BZN|BG","3555.00","4151.00"
"21/09/2017 13:00 - 21/09/2017 14:00","BZN|BG","3635.00","4183.00"
"21/09/2017 14:00 - 21/09/2017 15:00","BZN|BG","3749.00","4183.00"
"21/09/2017 15:00 - 21/09/2017 16:00","BZN|BG","3877.00","4182.00"
"21/09/2017 16:00 - 21/09/2017 17:00","BZN|BG","3957.00","4184.00"
"21/09/2017 17:00 - 21/09/2017 18:00","BZN|BG","4174.00","4237.00"
"21/09/2017 18:00 - 21/09/2017 19:00","BZN|BG","4441.00","4424.00"
"21/09/2017 19:00 - 21/09/2017 20:00","BZN|BG","4386.00","4626.00"
"21/09/2017 20:00 - 21/09/2017 21:00","BZN|BG","4032.00","4352.00"
"21/09/2017 21:00 - 21/09/2017 22:00","BZN|BG","3795.00","4017.00"
"21/09/2017 22:00 - 21/09/2017 23:00","BZN|BG","3526.00","3709.00"
"21/09/2017 23:00 - 22/09/2017 00:00","BZN|BG","3310.00","3350.00"
"22/09/2017 00:00 - 22/09/2017 01:00","BZN|BG","3072.00","3211.00"
"22/09/2017 01:00 - 22/09/2017 02:00","BZN|BG","2988.00","3144.00"
"22/09/2017 02:00 - 22/09/2017 03:00","BZN|BG","2928.00","3114.00"
"22/09/2017 03:00 - 22/09/2017 04:00","BZN|BG","2899.00","3113.00"
"22/09/2017 04:00 - 22/09/2017 05:00","BZN|BG","2978.00","3211.00"
"22/09/2017 05:00 - 22/09/2017 06:00","BZN|BG","3069.00","3449.00"
"22/09/2017 06:00 - 22/09/2017 07:00","BZN|BG","3213.00","3665.00"
"22/09/2017 07:00 - 22/09/2017 08:00","BZN|BG","3525.00","3878.00"
"22/09/2017 08:00 - 22/09/2017 09:00","BZN|BG","3697.00","3958.00"
"22/09/2017 09:00 - 22/09/2017 10:00","BZN|BG","3727.00","3936.00"
"22/09/2017 10:00 - 22/09/2017 11:00","BZN|BG","3770.00","3970.00"
"22/09/2017 11:00 - 22/09/2017 12:00","BZN|BG","3733.00","3943.00"
"22/09/2017 12:00 - 22/09/2017 13:00","BZN|BG","3715.00","4014.00"
"22/09/2017 13:00 - 22/09/2017 14:00","BZN|BG","3659.00","4043.00"
"22/09/2017 14:00 - 22/09/2017 15:00","BZN|BG","3636.00","4023.00"
"22/09/2017 15:00 - 22/09/2017 16:00","BZN|BG","3670.00","4002.00"
"22/09/2017 16:00 - 22/09/2017 17:00","BZN|BG","3798.00","4071.00"
"22/09/2017 17:00 - 22/09/2017 18:00","BZN|BG","3987.00","4117.00"
"22/09/2017 18:00 - 22/09/2017 19:00","BZN|BG","4249.00","4277.00"
"22/09/2017 19:00 - 22/09/2017 20:00","BZN|BG","4234.00","4450.00"
"22/09/2017 20:00 - 22/09/2017 21:00","BZN|BG","3978.00","4205.00"
"22/09/2017 21:00 - 22/09/2017 22:00","BZN|BG","3761.00","3907.00"
"22/09/2017 22:00 - 22/09/2017 23:00","BZN|BG","3585.00","3632.00"
"22/09/2017 23:00 - 23/09/2017 00:00","BZN|BG","3395.00","3353.00"
"23/09/2017 00:00 - 23/09/2017 01:00","BZN|BG","3194.00","3147.00"
"23/09/2017 01:00 - 23/09/2017 02:00","BZN|BG","3101.00","3040.00"
"23/09/2017 02:00 - 23/09/2017 03:00","BZN|BG","3042.00","2968.00"
"23/09/2017 03:00 - 23/09/2017 04:00","BZN|BG","3025.00","2947.00"
"23/09/2017 04:00 - 23/09/2017 05:00","BZN|BG","3073.00","2992.00"
"23/09/2017 05:00 - 23/09/2017 06:00","BZN|BG","3209.00","3122.00"
"23/09/2017 06:00 - 23/09/2017 07:00","BZN|BG","3382.00","3241.00"
"23/09/2017 07:00 - 23/09/2017 08:00","BZN|BG","3714.00","3480.00"
"23/09/2017 08:00 - 23/09/2017 09:00","BZN|BG","3919.00","3621.00"
"23/09/2017 09:00 - 23/09/2017 10:00","BZN|BG","3918.00","3647.00"
"23/09/2017 10:00 - 23/09/2017 11:00","BZN|BG","3908.00","3668.00"
"23/09/2017 11:00 - 23/09/2017 12:00","BZN|BG","3865.00","3685.00"
"23/09/2017 12:00 - 23/09/2017 13:00","BZN|BG","3805.00","3626.00"
"23/09/2017 13:00 - 23/09/2017 14:00","BZN|BG","3772.00","3539.00"
"23/09/2017 14:00 - 23/09/2017 15:00","BZN|BG","3761.00","3566.00"
"23/09/2017 15:00 - 23/09/2017 16:00","BZN|BG","3777.00","3646.00"
"23/09/2017 16:00 - 23/09/2017 17:00","BZN|BG","3805.00","3705.00"
"23/09/2017 17:00 - 23/09/2017 18:00","BZN|BG","3933.00","3763.00"
"23/09/2017 18:00 - 23/09/2017 19:00","BZN|BG","4245.00","3938.00"
"23/09/2017 19:00 - 23/09/2017 20:00","BZN|BG","4349.00","4272.00"
"23/09/2017 20:00 - 23/09/2017 21:00","BZN|BG","4068.00","3963.00"
"23/09/2017 21:00 - 23/09/2017 22:00","BZN|BG","3808.00","3735.00"
"23/09/2017 22:00 - 23/09/2017 23:00","BZN|BG","3619.00","3441.00"
"23/09/2017 23:00 - 24/09/2017 00:00","BZN|BG","3346.00","3371.00"
"24/09/2017 00:00 - 24/09/2017 01:00","BZN|BG","3168.00","3147.00"
"24/09/2017 01:00 - 24/09/2017 02:00","BZN|BG","3062.00","3033.00"
"24/09/2017 02:00 - 24/09/2017 03:00","BZN|BG","2999.00","2930.00"
"24/09/2017 03:00 - 24/09/2017 04:00","BZN|BG","2976.00","2937.00"
"24/09/2017 04:00 - 24/09/2017 05:00","BZN|BG","3011.00","2960.00"
"24/09/2017 05:00 - 24/09/2017 06:00","BZN|BG","3127.00","3012.00"
"24/09/2017 06:00 - 24/09/2017 07:00","BZN|BG","3269.00","3106.00"
"24/09/2017 07:00 - 24/09/2017 08:00","BZN|BG","3605.00","3331.00"
"24/09/2017 08:00 - 24/09/2017 09:00","BZN|BG","3864.00","3475.00"
"24/09/2017 09:00 - 24/09/2017 10:00","BZN|BG","3883.00","3518.00"
"24/09/2017 10:00 - 24/09/2017 11:00","BZN|BG","3846.00","3581.00"
"24/09/2017 11:00 - 24/09/2017 12:00","BZN|BG","3840.00","3610.00"
"24/09/2017 12:00 - 24/09/2017 13:00","BZN|BG","3800.00","3604.00"
"24/09/2017 13:00 - 24/09/2017 14:00","BZN|BG","3776.00","3629.00"
"24/09/2017 14:00 - 24/09/2017 15:00","BZN|BG","3764.00","3575.00"
"24/09/2017 15:00 - 24/09/2017 16:00","BZN|BG","3823.00","3688.00"
"24/09/2017 16:00 - 24/09/2017 17:00","BZN|BG","3930.00","3720.00"
"24/09/2017 17:00 - 24/09/2017 18:00","BZN|BG","4067.00","3808.00"
"24/09/2017 18:00 - 24/09/2017 19:00","BZN|BG","4411.00","3997.00"
"24/09/2017 19:00 - 24/09/2017 20:00","BZN|BG","4577.00","4243.00"
"24/09/2017 20:00 - 24/09/2017 21:00","BZN|BG","4254.00","4070.00"
"24/09/2017 21:00 - 24/09/2017 22:00","BZN|BG","3996.00","3852.00"
"24/09/2017 22:00 - 24/09/2017 23:00","BZN|BG","3680.00","3580.00"
"24/09/2017 23:00 - 25/09/2017 00:00","BZN|BG","3337.00","3217.00"
"25/09/2017 00:00 - 25/09/2017 01:00","BZN|BG","3149.00","3048.00"
"25/09/2017 01:00 - 25/09/2017 02:00","BZN|BG","3042.00","2964.00"
"25/09/2017 02:00 - 25/09/2017 03:00","BZN|BG","2992.00","2937.00"
"25/09/2017 03:00 - 25/09/2017 04:00","BZN|BG","3040.00","2909.00"
"25/09/2017 04:00 - 25/09/2017 05:00","BZN|BG","3189.00","3033.00"
"25/09/2017 05:00 - 25/09/2017 06:00","BZN|BG","3618.00","3452.00"
"25/09/2017 06:00 - 25/09/2017 07:00","BZN|BG","3970.00","3720.00"
"25/09/2017 07:00 - 25/09/2017 08:00","BZN|BG","4210.00","3897.00"
"25/09/2017 08:00 - 25/09/2017 09:00","BZN|BG","4284.00","4007.00"
"25/09/2017 09:00 - 25/09/2017 10:00","BZN|BG","4201.00","3967.00"
"25/09/2017 10:00 - 25/09/2017 11:00","BZN|BG","4187.00","4019.00"
"25/09/2017 11:00 - 25/09/2017 12:00","BZN|BG","4108.00","4024.00"
"25/09/2017 12:00 - 25/09/2017 13:00","BZN|BG","4165.00","4114.00"
"25/09/2017 13:00 - 25/09/2017 14:00","BZN|BG","4181.00","4211.00"
"25/09/2017 14:00 - 25/09/2017 15:00","BZN|BG","4158.00","4235.00"
"25/09/2017 15:00 - 25/09/2017 16:00","BZN|BG","4142.00","4198.00"
"25/09/2017 16:00 - 25/09/2017 17:00","BZN|BG","4138.00","4073.00"
"25/09/2017 17:00 - 25/09/2017 18:00","BZN|BG","4326.00","4122.00"
"25/09/2017 18:00 - 25/09/2017 19:00","BZN|BG","4668.00","4364.00"
"25/09/2017 19:00 - 25/09/2017 20:00","BZN|BG","4656.00","4563.00"
"25/09/2017 20:00 - 25/09/2017 21:00","BZN|BG","4357.00","4328.00"
"25/09/2017 21:00 - 25/09/2017 22:00","BZN|BG","4022.00","4034.00"
"25/09/2017 22:00 - 25/09/2017 23:00","BZN|BG","3764.00","3770.00"
"25/09/2017 23:00 - 26/09/2017 00:00","BZN|BG","3454.00","3479.00"
"26/09/2017 00:00 - 26/09/2017 01:00","BZN|BG","3263.00","3265.00"
"26/09/2017 01:00 - 26/09/2017 02:00","BZN|BG","3150.00","3171.00"
"26/09/2017 02:00 - 26/09/2017 03:00","BZN|BG","3113.00","3123.00"
"26/09/2017 03:00 - 26/09/2017 04:00","BZN|BG","3166.00","3125.00"
"26/09/2017 04:00 - 26/09/2017 05:00","BZN|BG","3283.00","3248.00"
"26/09/2017 05:00 - 26/09/2017 06:00","BZN|BG","3693.00","3594.00"
"26/09/2017 06:00 - 26/09/2017 07:00","BZN|BG","4061.00","3888.00"
"26/09/2017 07:00 - 26/09/2017 08:00","BZN|BG","4326.00","4160.00"
"26/09/2017 08:00 - 26/09/2017 09:00","BZN|BG","4430.00","4361.00"
"26/09/2017 09:00 - 26/09/2017 10:00","BZN|BG","4387.00","4305.00"
"26/09/2017 10:00 - 26/09/2017 11:00","BZN|BG","4355.00","4261.00"
"26/09/2017 11:00 - 26/09/2017 12:00","BZN|BG","4284.00","4205.00"
"26/09/2017 12:00 - 26/09/2017 13:00","BZN|BG","4318.00","4221.00"
"26/09/2017 13:00 - 26/09/2017 14:00","BZN|BG","4385.00","4236.00"
"26/09/2017 14:00 - 26/09/2017 15:00","BZN|BG","4361.00","4145.00"
"26/09/2017 15:00 - 26/09/2017 16:00","BZN|BG","4351.00","4184.00"
"26/09/2017 16:00 - 26/09/2017 17:00","BZN|BG","4351.00","4183.00"
"26/09/2017 17:00 - 26/09/2017 18:00","BZN|BG","4577.00","4356.00"
"26/09/2017 18:00 - 26/09/2017 19:00","BZN|BG","4768.00","4698.00"
"26/09/2017 19:00 - 26/09/2017 20:00","BZN|BG","4721.00","4748.00"
"26/09/2017 20:00 - 26/09/2017 21:00","BZN|BG","4395.00","4439.00"
"26/09/2017 21:00 - 26/09/2017 22:00","BZN|BG","4057.00","4146.00"
"26/09/2017 22:00 - 26/09/2017 23:00","BZN|BG","3798.00","3854.00"
"26/09/2017 23:00 - 27/09/2017 00:00","BZN|BG","3498.00","3490.00"
"27/09/2017 00:00 - 27/09/2017 01:00","BZN|BG","3319.00","3273.00"
"27/09/2017 01:00 - 27/09/2017 02:00","BZN|BG","3224.00","3179.00"
"27/09/2017 02:00 - 27/09/2017 03:00","BZN|BG","3168.00","3128.00"
"27/09/2017 03:00 - 27/09/2017 04:00","BZN|BG","3206.00","3131.00"
"27/09/2017 04:00 - 27/09/2017 05:00","BZN|BG","3312.00","3267.00"
"27/09/2017 05:00 - 27/09/2017 06:00","BZN|BG","3705.00","3663.00"
"27/09/2017 06:00 - 27/09/2017 07:00","BZN|BG","4082.00","3985.00"
"27/09/2017 07:00 - 27/09/2017 08:00","BZN|BG","4356.00","4308.00"
"27/09/2017 08:00 - 27/09/2017 09:00","BZN|BG","4521.00","4454.00"
"27/09/2017 09:00 - 27/09/2017 10:00","BZN|BG","4489.00","4400.00"
"27/09/2017 10:00 - 27/09/2017 11:00","BZN|BG","4505.00","4377.00"
"27/09/2017 11:00 - 27/09/2017 12:00","BZN|BG","4410.00","4352.00"
"27/09/2017 12:00 - 27/09/2017 13:00","BZN|BG","4382.00","4326.00"
"27/09/2017 13:00 - 27/09/2017 14:00","BZN|BG","4405.00","4291.00"
"27/09/2017 14:00 - 27/09/2017 15:00","BZN|BG","4354.00","4215.00"
"27/09/2017 15:00 - 27/09/2017 16:00","BZN|BG","4344.00","4250.00"
"27/09/2017 16:00 - 27/09/2017 17:00","BZN|BG","4393.00","4261.00"
"27/09/2017 17:00 - 27/09/2017 18:00","BZN|BG","4629.00","4413.00"
"27/09/2017 18:00 - 27/09/2017 19:00","BZN|BG","4888.00","4750.00"
"27/09/2017 19:00 - 27/09/2017 20:00","BZN|BG","4786.00","4802.00"
"27/09/2017 20:00 - 27/09/2017 21:00","BZN|BG","4485.00","4468.00"
"27/09/2017 21:00 - 27/09/2017 22:00","BZN|BG","4193.00","4157.00"
"27/09/2017 22:00 - 27/09/2017 23:00","BZN|BG","3900.00","3837.00"
"27/09/2017 23:00 - 28/09/2017 00:00","BZN|BG","3539.00","3442.00"
"28/09/2017 00:00 - 28/09/2017 01:00","BZN|BG","3334.00","3235.00"
"28/09/2017 01:00 - 28/09/2017 02:00","BZN|BG","3198.00","3140.00"
"28/09/2017 02:00 - 28/09/2017 03:00","BZN|BG","3174.00","3093.00"
"28/09/2017 03:00 - 28/09/2017 04:00","BZN|BG","3188.00","3107.00"
"28/09/2017 04:00 - 28/09/2017 05:00","BZN|BG","3286.00","3242.00"
"28/09/2017 05:00 - 28/09/2017 06:00","BZN|BG","3759.00","3643.00"
"28/09/2017 06:00 - 28/09/2017 07:00","BZN|BG","4125.00","3979.00"
"28/09/2017 07:00 - 28/09/2017 08:00","BZN|BG","4412.00","4288.00"
"28/09/2017 08:00 - 28/09/2017 09:00","BZN|BG","4519.00","4429.00"
"28/09/2017 09:00 - 28/09/2017 10:00","BZN|BG","4400.00","4357.00"
"28/09/2017 10:00 - 28/09/2017 11:00","BZN|BG","4342.00","4374.00"
"28/09/2017 11:00 - 28/09/2017 12:00","BZN|BG","4281.00","4204.00"
"28/09/2017 12:00 - 28/09/2017 13:00","BZN|BG","4326.00","4267.00"
"28/09/2017 13:00 - 28/09/2017 14:00","BZN|BG","4339.00","4294.00"
"28/09/2017 14:00 - 28/09/2017 15:00","BZN|BG","4343.00","4282.00"
"28/09/2017 15:00 - 28/09/2017 16:00","BZN|BG","4367.00","4313.00"
"28/09/2017 16:00 - 28/09/2017 17:00","BZN|BG","4411.00","4317.00"
"28/09/2017 17:00 - 28/09/2017 18:00","BZN|BG","4627.00","4523.00"
"28/09/2017 18:00 - 28/09/2017 19:00","BZN|BG","4941.00","4775.00"
"28/09/2017 19:00 - 28/09/2017 20:00","BZN|BG","4837.00","4593.00"
"28/09/2017 20:00 - 28/09/2017 21:00","BZN|BG","4580.00","4417.00"
"28/09/2017 21:00 - 28/09/2017 22:00","BZN|BG","4267.00","4086.00"
"28/09/2017 22:00 - 28/09/2017 23:00","BZN|BG","3968.00","3736.00"
"28/09/2017 23:00 - 29/09/2017 00:00","BZN|BG","3598.00","3490.00"
"29/09/2017 00:00 - 29/09/2017 01:00","BZN|BG","3367.00","3290.00"
"29/09/2017 01:00 - 29/09/2017 02:00","BZN|BG","3256.00","3197.00"
"29/09/2017 02:00 - 29/09/2017 03:00","BZN|BG","3216.00","3145.00"
"29/09/2017 03:00 - 29/09/2017 04:00","BZN|BG","3222.00","3167.00"
"29/09/2017 04:00 - 29/09/2017 05:00","BZN|BG","3378.00","3300.00"
"29/09/2017 05:00 - 29/09/2017 06:00","BZN|BG","3799.00","3729.00"
"29/09/2017 06:00 - 29/09/2017 07:00","BZN|BG","4202.00","4101.00"
"29/09/2017 07:00 - 29/09/2017 08:00","BZN|BG","4463.00","4426.00"
"29/09/2017 08:00 - 29/09/2017 09:00","BZN|BG","4553.00","4588.00"
"29/09/2017 09:00 - 29/09/2017 10:00","BZN|BG","4444.00","4498.00"
"29/09/2017 10:00 - 29/09/2017 11:00","BZN|BG","4325.00","4512.00"
"29/09/2017 11:00 - 29/09/2017 12:00","BZN|BG","4229.00","4400.00"
"29/09/2017 12:00 - 29/09/2017 13:00","BZN|BG","4287.00","4356.00"
"29/09/2017 13:00 - 29/09/2017 14:00","BZN|BG","4252.00","4384.00"
"29/09/2017 14:00 - 29/09/2017 15:00","BZN|BG","4263.00","4363.00"
"29/09/2017 15:00 - 29/09/2017 16:00","BZN|BG","4346.00","4383.00"
"29/09/2017 16:00 - 29/09/2017 17:00","BZN|BG","4426.00","4397.00"
"29/09/2017 17:00 - 29/09/2017 18:00","BZN|BG","4685.00","4593.00"
"29/09/2017 18:00 - 29/09/2017 19:00","BZN|BG","5013.00","4890.00"
"29/09/2017 19:00 - 29/09/2017 20:00","BZN|BG","4866.00","4870.00"
"29/09/2017 20:00 - 29/09/2017 21:00","BZN|BG","4571.00","4513.00"
"29/09/2017 21:00 - 29/09/2017 22:00","BZN|BG","4271.00","4179.00"
"29/09/2017 22:00 - 29/09/2017 23:00","BZN|BG","3995.00","3830.00"
"29/09/2017 23:00 - 30/09/2017 00:00","BZN|BG","3655.00","3532.00"
"30/09/2017 00:00 - 30/09/2017 01:00","BZN|BG","3401.00","3378.00"
"30/09/2017 01:00 - 30/09/2017 02:00","BZN|BG","3277.00","3310.00"
"30/09/2017 02:00 - 30/09/2017 03:00","BZN|BG","3209.00","3263.00"
"30/09/2017 03:00 - 30/09/2017 04:00","BZN|BG","3213.00","3254.00"
"30/09/2017 04:00 - 30/09/2017 05:00","BZN|BG","3267.00","3297.00"
"30/09/2017 05:00 - 30/09/2017 06:00","BZN|BG","3448.00","3462.00"
"30/09/2017 06:00 - 30/09/2017 07:00","BZN|BG","3688.00","3664.00"
"30/09/2017 07:00 - 30/09/2017 08:00","BZN|BG","4071.00","4023.00"
"30/09/2017 08:00 - 30/09/2017 09:00","BZN|BG","4319.00","4239.00"
"30/09/2017 09:00 - 30/09/2017 10:00","BZN|BG","4320.00","4156.00"
"30/09/2017 10:00 - 30/09/2017 11:00","BZN|BG","4307.00","4188.00"
"30/09/2017 11:00 - 30/09/2017 12:00","BZN|BG","4233.00","4077.00"
"30/09/2017 12:00 - 30/09/2017 13:00","BZN|BG","4153.00","3957.00"
"30/09/2017 13:00 - 30/09/2017 14:00","BZN|BG","4121.00","3877.00"
"30/09/2017 14:00 - 30/09/2017 15:00","BZN|BG","4132.00","3829.00"
"30/09/2017 15:00 - 30/09/2017 16:00","BZN|BG","4186.00","3876.00"
"30/09/2017 16:00 - 30/09/2017 17:00","BZN|BG","4295.00","3935.00"
"30/09/2017 17:00 - 30/09/2017 18:00","BZN|BG","4533.00","4158.00"
"30/09/2017 18:00 - 30/09/2017 19:00","BZN|BG","4802.00","4603.00"
"30/09/2017 19:00 - 30/09/2017 20:00","BZN|BG","4676.00","4752.00"
"30/09/2017 20:00 - 30/09/2017 21:00","BZN|BG","4344.00","4377.00"
"30/09/2017 21:00 - 30/09/2017 22:00","BZN|BG","4099.00","4027.00"
"30/09/2017 22:00 - 30/09/2017 23:00","BZN|BG","3830.00","3766.00"
"30/09/2017 23:00 - 01/10/2017 00:00","BZN|BG","3518.00","3657.00"
"01/10/2017 00:00 - 01/10/2017 01:00","BZN|BG","3285.00","3456.00"
"01/10/2017 01:00 - 01/10/2017 02:00","BZN|BG","3144.00","3336.00"
"01/10/2017 02:00 - 01/10/2017 03:00","BZN|BG","3093.00","3265.00"
"01/10/2017 03:00 - 01/10/2017 04:00","BZN|BG","3069.00","3240.00"
"01/10/2017 04:00 - 01/10/2017 05:00","BZN|BG","3104.00","3280.00"
"01/10/2017 05:00 - 01/10/2017 06:00","BZN|BG","3222.00","3413.00"
"01/10/2017 06:00 - 01/10/2017 07:00","BZN|BG","3380.00","3576.00"
"01/10/2017 07:00 - 01/10/2017 08:00","BZN|BG","3767.00","3963.00"
"01/10/2017 08:00 - 01/10/2017 09:00","BZN|BG","4074.00","4261.00"
"01/10/2017 09:00 - 01/10/2017 10:00","BZN|BG","4160.00","4283.00"
"01/10/2017 10:00 - 01/10/2017 11:00","BZN|BG","4154.00","4199.00"
"01/10/2017 11:00 - 01/10/2017 12:00","BZN|BG","4108.00","4185.00"
"01/10/2017 12:00 - 01/10/2017 13:00","BZN|BG","4018.00","4098.00"
"01/10/2017 13:00 - 01/10/2017 14:00","BZN|BG","3979.00","4044.00"
"01/10/2017 14:00 - 01/10/2017 15:00","BZN|BG","3992.00","4016.00"
"01/10/2017 15:00 - 01/10/2017 16:00","BZN|BG","4050.00","4075.00"
"01/10/2017 16:00 - 01/10/2017 17:00","BZN|BG","4196.00","4184.00"
"01/10/2017 17:00 - 01/10/2017 18:00","BZN|BG","4487.00","4322.00"
"01/10/2017 18:00 - 01/10/2017 19:00","BZN|BG","4948.00","4670.00"
"01/10/2017 19:00 - 01/10/2017 20:00","BZN|BG","4921.00","4837.00"
"01/10/2017 20:00 - 01/10/2017 21:00","BZN|BG","4612.00","4513.00"
"01/10/2017 21:00 - 01/10/2017 22:00","BZN|BG","4336.00","4253.00"
"01/10/2017 22:00 - 01/10/2017 23:00","BZN|BG","3933.00","3936.00"
"01/10/2017 23:00 - 02/10/2017 00:00","BZN|BG","3507.00","3481.00"
"02/10/2017 00:00 - 02/10/2017 01:00","BZN|BG","3297.00","3276.00"
"02/10/2017 01:00 - 02/10/2017 02:00","BZN|BG","3179.00","3158.00"
"02/10/2017 02:00 - 02/10/2017 03:00","BZN|BG","3131.00","3103.00"
"02/10/2017 03:00 - 02/10/2017 04:00","BZN|BG","3175.00","3160.00"
"02/10/2017 04:00 - 02/10/2017 05:00","BZN|BG","3360.00","3336.00"
"02/10/2017 05:00 - 02/10/2017 06:00","BZN|BG","3869.00","3842.00"
"02/10/2017 06:00 - 02/10/2017 07:00","BZN|BG","4297.00","4256.00"
"02/10/2017 07:00 - 02/10/2017 08:00","BZN|BG","4492.00","4539.00"
"02/10/2017 08:00 - 02/10/2017 09:00","BZN|BG","4524.00","4627.00"
"02/10/2017 09:00 - 02/10/2017 10:00","BZN|BG","4309.00","4542.00"
"02/10/2017 10:00 - 02/10/2017 11:00","BZN|BG","4203.00","4528.00"
"02/10/2017 11:00 - 02/10/2017 12:00","BZN|BG","4058.00","4448.00"
"02/10/2017 12:00 - 02/10/2017 13:00","BZN|BG","4084.00","4509.00"
"02/10/2017 13:00 - 02/10/2017 14:00","BZN|BG","4117.00","4526.00"
"02/10/2017 14:00 - 02/10/2017 15:00","BZN|BG","4125.00","4501.00"
"02/10/2017 15:00 - 02/10/2017 16:00","BZN|BG","4118.00","4484.00"
"02/10/2017 16:00 - 02/10/2017 17:00","BZN|BG","4133.00","4480.00"
"02/10/2017 17:00 - 02/10/2017 18:00","BZN|BG","4442.00","4680.00"
"02/10/2017 18:00 - 02/10/2017 19:00","BZN|BG","4984.00","5046.00"
"02/10/2017 19:00 - 02/10/2017 20:00","BZN|BG","5017.00","5032.00"
"02/10/2017 20:00 - 02/10/2017 21:00","BZN|BG","4707.00","4684.00"
"02/10/2017 21:00 - 02/10/2017 22:00","BZN|BG","4407.00","4295.00"
"02/10/2017 22:00 - 02/10/2017 23:00","BZN|BG","3742.00","3996.00"
"02/10/2017 23:00 - 03/10/2017 00:00","BZN|BG","3655.00","3624.00"
"03/10/2017 00:00 - 03/10/2017 01:00","BZN|BG","3432.00","3384.00"
"03/10/2017 01:00 - 03/10/2017 02:00","BZN|BG","3322.00","3256.00"
"03/10/2017 02:00 - 03/10/2017 03:00","BZN|BG","3303.00","3204.00"
"03/10/2017 03:00 - 03/10/2017 04:00","BZN|BG","3327.00","3217.00"
"03/10/2017 04:00 - 03/10/2017 05:00","BZN|BG","3502.00","3337.00"
"03/10/2017 05:00 - 03/10/2017 06:00","BZN|BG","3959.00","3746.00"
"03/10/2017 06:00 - 03/10/2017 07:00","BZN|BG","4354.00","4131.00"
"03/10/2017 07:00 - 03/10/2017 08:00","BZN|BG","4573.00","4441.00"
"03/10/2017 08:00 - 03/10/2017 09:00","BZN|BG","4609.00","4602.00"
"03/10/2017 09:00 - 03/10/2017 10:00","BZN|BG","4380.00","4549.00"
"03/10/2017 10:00 - 03/10/2017 11:00","BZN|BG","4270.00","4509.00"
"03/10/2017 11:00 - 03/10/2017 12:00","BZN|BG","4079.00","4414.00"
"03/10/2017 12:00 - 03/10/2017 13:00","BZN|BG","4092.00","4436.00"
"03/10/2017 13:00 - 03/10/2017 14:00","BZN|BG","4094.00","4428.00"
"03/10/2017 14:00 - 03/10/2017 15:00","BZN|BG","4076.00","4404.00"
"03/10/2017 15:00 - 03/10/2017 16:00","BZN|BG","4075.00","4438.00"
"03/10/2017 16:00 - 03/10/2017 17:00","BZN|BG","4110.00","4500.00"
"03/10/2017 17:00 - 03/10/2017 18:00","BZN|BG","4391.00","4756.00"
"03/10/2017 18:00 - 03/10/2017 19:00","BZN|BG","5003.00","5050.00"
"03/10/2017 19:00 - 03/10/2017 20:00","BZN|BG","4988.00","4944.00"
"03/10/2017 20:00 - 03/10/2017 21:00","BZN|BG","4742.00","4648.00"
"03/10/2017 21:00 - 03/10/2017 22:00","BZN|BG","4430.00","4359.00"
"03/10/2017 22:00 - 03/10/2017 23:00","BZN|BG","4081.00","4069.00"
"03/10/2017 23:00 - 04/10/2017 00:00","BZN|BG","3681.00","3626.00"
"04/10/2017 00:00 - 04/10/2017 01:00","BZN|BG","3446.00","3426.00"
"04/10/2017 01:00 - 04/10/2017 02:00","BZN|BG","3294.00","3314.00"
"04/10/2017 02:00 - 04/10/2017 03:00","BZN|BG","3252.00","3275.00"
"04/10/2017 03:00 - 04/10/2017 04:00","BZN|BG","3291.00","3302.00"
"04/10/2017 04:00 - 04/10/2017 05:00","BZN|BG","3470.00","3418.00"
"04/10/2017 05:00 - 04/10/2017 06:00","BZN|BG","3953.00","3832.00"
"04/10/2017 06:00 - 04/10/2017 07:00","BZN|BG","4348.00","4201.00"
"04/10/2017 07:00 - 04/10/2017 08:00","BZN|BG","4522.00","4465.00"
"04/10/2017 08:00 - 04/10/2017 09:00","BZN|BG","4523.00","4579.00"
"04/10/2017 09:00 - 04/10/2017 10:00","BZN|BG","4328.00","4429.00"
"04/10/2017 10:00 - 04/10/2017 11:00","BZN|BG","4196.00","4334.00"
"04/10/2017 11:00 - 04/10/2017 12:00","BZN|BG","4069.00","4175.00"
"04/10/2017 12:00 - 04/10/2017 13:00","BZN|BG","4087.00","4216.00"
"04/10/2017 13:00 - 04/10/2017 14:00","BZN|BG","4056.00","4243.00"
"04/10/2017 14:00 - 04/10/2017 15:00","BZN|BG","4073.00","4220.00"
"04/10/2017 15:00 - 04/10/2017 16:00","BZN|BG","4101.00","4253.00"
"04/10/2017 16:00 - 04/10/2017 17:00","BZN|BG","4158.00","4324.00"
"04/10/2017 17:00 - 04/10/2017 18:00","BZN|BG","4461.00","4686.00"
"04/10/2017 18:00 - 04/10/2017 19:00","BZN|BG","5035.00","5109.00"
"04/10/2017 19:00 - 04/10/2017 20:00","BZN|BG","5014.00","4997.00"
"04/10/2017 20:00 - 04/10/2017 21:00","BZN|BG","4759.00","4666.00"
"04/10/2017 21:00 - 04/10/2017 22:00","BZN|BG","4400.00","4318.00"
"04/10/2017 22:00 - 04/10/2017 23:00","BZN|BG","4069.00","4002.00"
"04/10/2017 23:00 - 05/10/2017 00:00","BZN|BG","3634.00","3535.00"
"05/10/2017 00:00 - 05/10/2017 01:00","BZN|BG","3426.00","3329.00"
"05/10/2017 01:00 - 05/10/2017 02:00","BZN|BG","3304.00","3219.00"
"05/10/2017 02:00 - 05/10/2017 03:00","BZN|BG","3268.00","3184.00"
"05/10/2017 03:00 - 05/10/2017 04:00","BZN|BG","3288.00","3210.00"
"05/10/2017 04:00 - 05/10/2017 05:00","BZN|BG","3386.00","3334.00"
"05/10/2017 05:00 - 05/10/2017 06:00","BZN|BG","3835.00","3745.00"
"05/10/2017 06:00 - 05/10/2017 07:00","BZN|BG","4303.00","4107.00"
"05/10/2017 07:00 - 05/10/2017 08:00","BZN|BG","4483.00","4354.00"
"05/10/2017 08:00 - 05/10/2017 09:00","BZN|BG","4471.00","4456.00"
"05/10/2017 09:00 - 05/10/2017 10:00","BZN|BG","4268.00","4279.00"
"05/10/2017 10:00 - 05/10/2017 11:00","BZN|BG","4141.00","4175.00"
"05/10/2017 11:00 - 05/10/2017 12:00","BZN|BG","3992.00","4002.00"
"05/10/2017 12:00 - 05/10/2017 13:00","BZN|BG","4000.00","4031.00"
"05/10/2017 13:00 - 05/10/2017 14:00","BZN|BG","4022.00","4051.00"
"05/10/2017 14:00 - 05/10/2017 15:00","BZN|BG","4046.00","4030.00"
"05/10/2017 15:00 - 05/10/2017 16:00","BZN|BG","4023.00","4050.00"
"05/10/2017 16:00 - 05/10/2017 17:00","BZN|BG","4071.00","4092.00"
"05/10/2017 17:00 - 05/10/2017 18:00","BZN|BG","4318.00","4387.00"
"05/10/2017 18:00 - 05/10/2017 19:00","BZN|BG","4863.00","4804.00"
"05/10/2017 19:00 - 05/10/2017 20:00","BZN|BG","4877.00","4731.00"
"05/10/2017 20:00 - 05/10/2017 21:00","BZN|BG","4591.00","4480.00"
"05/10/2017 21:00 - 05/10/2017 22:00","BZN|BG","4282.00","4207.00"
"05/10/2017 22:00 - 05/10/2017 23:00","BZN|BG","3997.00","3948.00"
"05/10/2017 23:00 - 06/10/2017 00:00","BZN|BG","3615.00","3570.00"
"06/10/2017 00:00 - 06/10/2017 01:00","BZN|BG","3383.00","3342.00"
"06/10/2017 01:00 - 06/10/2017 02:00","BZN|BG","3269.00","3217.00"
"06/10/2017 02:00 - 06/10/2017 03:00","BZN|BG","3233.00","3177.00"
"06/10/2017 03:00 - 06/10/2017 04:00","BZN|BG","3227.00","3204.00"
"06/10/2017 04:00 - 06/10/2017 05:00","BZN|BG","3373.00","3331.00"
"06/10/2017 05:00 - 06/10/2017 06:00","BZN|BG","3832.00","3733.00"
"06/10/2017 06:00 - 06/10/2017 07:00","BZN|BG","4188.00","4083.00"
"06/10/2017 07:00 - 06/10/2017 08:00","BZN|BG","4342.00","4309.00"
"06/10/2017 08:00 - 06/10/2017 09:00","BZN|BG","4335.00","4396.00"
"06/10/2017 09:00 - 06/10/2017 10:00","BZN|BG","4177.00","4247.00"
"06/10/2017 10:00 - 06/10/2017 11:00","BZN|BG","4079.00","4154.00"
"06/10/2017 11:00 - 06/10/2017 12:00","BZN|BG","3942.00","4011.00"
"06/10/2017 12:00 - 06/10/2017 13:00","BZN|BG","3993.00","4038.00"
"06/10/2017 13:00 - 06/10/2017 14:00","BZN|BG","4008.00","4051.00"
"06/10/2017 14:00 - 06/10/2017 15:00","BZN|BG","3997.00","4039.00"
"06/10/2017 15:00 - 06/10/2017 16:00","BZN|BG","4044.00","4054.00"
"06/10/2017 16:00 - 06/10/2017 17:00","BZN|BG","4121.00","4090.00"
"06/10/2017 17:00 - 06/10/2017 18:00","BZN|BG","4417.00","4381.00"
"06/10/2017 18:00 - 06/10/2017 19:00","BZN|BG","4862.00","4830.00"
"06/10/2017 19:00 - 06/10/2017 20:00","BZN|BG","4742.00","4793.00"
"06/10/2017 20:00 - 06/10/2017 21:00","BZN|BG","4447.00","4511.00"
"06/10/2017 21:00 - 06/10/2017 22:00","BZN|BG","4190.00","4221.00"
"06/10/2017 22:00 - 06/10/2017 23:00","BZN|BG","3947.00","3951.00"
"06/10/2017 23:00 - 07/10/2017 00:00","BZN|BG","3627.00","3586.00"
"07/10/2017 00:00 - 07/10/2017 01:00","BZN|BG","3375.00","3391.00"
"07/10/2017 01:00 - 07/10/2017 02:00","BZN|BG","3253.00","3296.00"
"07/10/2017 02:00 - 07/10/2017 03:00","BZN|BG","3192.00","3243.00"
"07/10/2017 03:00 - 07/10/2017 04:00","BZN|BG","3202.00","3247.00"
"07/10/2017 04:00 - 07/10/2017 05:00","BZN|BG","3269.00","3294.00"
"07/10/2017 05:00 - 07/10/2017 06:00","BZN|BG","3417.00","3450.00"
"07/10/2017 06:00 - 07/10/2017 07:00","BZN|BG","3627.00","3656.00"
"07/10/2017 07:00 - 07/10/2017 08:00","BZN|BG","4083.00","3985.00"
"07/10/2017 08:00 - 07/10/2017 09:00","BZN|BG","4425.00","4199.00"
"07/10/2017 09:00 - 07/10/2017 10:00","BZN|BG","4548.00","4200.00"
"07/10/2017 10:00 - 07/10/2017 11:00","BZN|BG","4618.00","4170.00"
"07/10/2017 11:00 - 07/10/2017 12:00","BZN|BG","4553.00","4011.00"
"07/10/2017 12:00 - 07/10/2017 13:00","BZN|BG","4434.00","3835.00"
"07/10/2017 13:00 - 07/10/2017 14:00","BZN|BG","4415.00","3764.00"
"07/10/2017 14:00 - 07/10/2017 15:00","BZN|BG","4425.00","3780.00"
"07/10/2017 15:00 - 07/10/2017 16:00","BZN|BG","4519.00","3855.00"
"07/10/2017 16:00 - 07/10/2017 17:00","BZN|BG","4656.00","4008.00"
"07/10/2017 17:00 - 07/10/2017 18:00","BZN|BG","4836.00","4340.00"
"07/10/2017 18:00 - 07/10/2017 19:00","BZN|BG","4936.00","4716.00"
"07/10/2017 19:00 - 07/10/2017 20:00","BZN|BG","4749.00","4605.00"
"07/10/2017 20:00 - 07/10/2017 21:00","BZN|BG","4423.00","4313.00"
"07/10/2017 21:00 - 07/10/2017 22:00","BZN|BG","4182.00","4098.00"
"07/10/2017 22:00 - 07/10/2017 23:00","BZN|BG","3974.00","3861.00"
"07/10/2017 23:00 - 08/10/2017 00:00","BZN|BG","3678.00","3638.00"
"08/10/2017 00:00 - 08/10/2017 01:00","BZN|BG","3449.00","3414.00"
"08/10/2017 01:00 - 08/10/2017 02:00","BZN|BG","3324.00","3279.00"
"08/10/2017 02:00 - 08/10/2017 03:00","BZN|BG","3287.00","3229.00"
"08/10/2017 03:00 - 08/10/2017 04:00","BZN|BG","3259.00","3206.00"
"08/10/2017 04:00 - 08/10/2017 05:00","BZN|BG","3286.00","3246.00"
"08/10/2017 05:00 - 08/10/2017 06:00","BZN|BG","3405.00","3380.00"
"08/10/2017 06:00 - 08/10/2017 07:00","BZN|BG","3607.00","3558.00"
"08/10/2017 07:00 - 08/10/2017 08:00","BZN|BG","4022.00","3995.00"
"08/10/2017 08:00 - 08/10/2017 09:00","BZN|BG","4321.00","4343.00"
"08/10/2017 09:00 - 08/10/2017 10:00","BZN|BG","4378.00","4441.00"
"08/10/2017 10:00 - 08/10/2017 11:00","BZN|BG","4331.00","4431.00"
"08/10/2017 11:00 - 08/10/2017 12:00","BZN|BG","4279.00","4361.00"
"08/10/2017 12:00 - 08/10/2017 13:00","BZN|BG","4192.00","4225.00"
"08/10/2017 13:00 - 08/10/2017 14:00","BZN|BG","4136.00","4166.00"
"08/10/2017 14:00 - 08/10/2017 15:00","BZN|BG","4103.00","4178.00"
"08/10/2017 15:00 - 08/10/2017 16:00","BZN|BG","4144.00","4237.00"
"08/10/2017 16:00 - 08/10/2017 17:00","BZN|BG","4361.00","4383.00"
"08/10/2017 17:00 - 08/10/2017 18:00","BZN|BG","4663.00","4675.00"
"08/10/2017 18:00 - 08/10/2017 19:00","BZN|BG","5113.00","5137.00"
"08/10/2017 19:00 - 08/10/2017 20:00","BZN|BG","5033.00","5110.00"
"08/10/2017 20:00 - 08/10/2017 21:00","BZN|BG","4714.00","4799.00"
"08/10/2017 21:00 - 08/10/2017 22:00","BZN|BG","4453.00","4521.00"
"08/10/2017 22:00 - 08/10/2017 23:00","BZN|BG","4104.00","4117.00"
"08/10/2017 23:00 - 09/10/2017 00:00","BZN|BG","3678.00","3549.00"
"09/10/2017 00:00 - 09/10/2017 01:00","BZN|BG","3403.00","3314.00"
"09/10/2017 01:00 - 09/10/2017 02:00","BZN|BG","3278.00","3196.00"
"09/10/2017 02:00 - 09/10/2017 03:00","BZN|BG","3244.00","3153.00"
"09/10/2017 03:00 - 09/10/2017 04:00","BZN|BG","3261.00","3199.00"
"09/10/2017 04:00 - 09/10/2017 05:00","BZN|BG","3412.00","3431.00"
"09/10/2017 05:00 - 09/10/2017 06:00","BZN|BG","3930.00","4111.00"
"09/10/2017 06:00 - 09/10/2017 07:00","BZN|BG","4408.00","4666.00"
"09/10/2017 07:00 - 09/10/2017 08:00","BZN|BG","4630.00","4927.00"
"09/10/2017 08:00 - 09/10/2017 09:00","BZN|BG","4691.00","5018.00"
"09/10/2017 09:00 - 09/10/2017 10:00","BZN|BG","4438.00","4917.00"
"09/10/2017 10:00 - 09/10/2017 11:00","BZN|BG","4339.00","4857.00"
"09/10/2017 11:00 - 09/10/2017 12:00","BZN|BG","4262.00","4793.00"
"09/10/2017 12:00 - 09/10/2017 13:00","BZN|BG","4300.00","4821.00"
"09/10/2017 13:00 - 09/10/2017 14:00","BZN|BG","4310.00","4832.00"
"09/10/2017 14:00 - 09/10/2017 15:00","BZN|BG","4346.00","4830.00"
"09/10/2017 15:00 - 09/10/2017 16:00","BZN|BG","4315.00","4812.00"
"09/10/2017 16:00 - 09/10/2017 17:00","BZN|BG","4321.00","4805.00"
"09/10/2017 17:00 - 09/10/2017 18:00","BZN|BG","4637.00","4945.00"
"09/10/2017 18:00 - 09/10/2017 19:00","BZN|BG","5162.00","5217.00"
"09/10/2017 19:00 - 09/10/2017 20:00","BZN|BG","5125.00","5238.00"
"09/10/2017 20:00 - 09/10/2017 21:00","BZN|BG","4835.00","4889.00"
"09/10/2017 21:00 - 09/10/2017 22:00","BZN|BG","4510.00","4541.00"
"09/10/2017 22:00 - 09/10/2017 23:00","BZN|BG","4155.00","4144.00"
"09/10/2017 23:00 - 10/10/2017 00:00","BZN|BG","3770.00","3712.00"
"10/10/2017 00:00 - 10/10/2017 01:00","BZN|BG","3515.00","3475.00"
"10/10/2017 01:00 - 10/10/2017 02:00","BZN|BG","3393.00","3351.00"
"10/10/2017 02:00 - 10/10/2017 03:00","BZN|BG","3340.00","3315.00"
"10/10/2017 03:00 - 10/10/2017 04:00","BZN|BG","3384.00","3331.00"
"10/10/2017 04:00 - 10/10/2017 05:00","BZN|BG","3526.00","3505.00"
"10/10/2017 05:00 - 10/10/2017 06:00","BZN|BG","4023.00","4012.00"
"10/10/2017 06:00 - 10/10/2017 07:00","BZN|BG","4473.00","4460.00"
"10/10/2017 07:00 - 10/10/2017 08:00","BZN|BG","4647.00","4684.00"
"10/10/2017 08:00 - 10/10/2017 09:00","BZN|BG","4630.00","4735.00"
"10/10/2017 09:00 - 10/10/2017 10:00","BZN|BG","4442.00","4623.00"
"10/10/2017 10:00 - 10/10/2017 11:00","BZN|BG","4304.00","4559.00"
"10/10/2017 11:00 - 10/10/2017 12:00","BZN|BG","4123.00","4462.00"
"10/10/2017 12:00 - 10/10/2017 13:00","BZN|BG","4107.00","4487.00"
"10/10/2017 13:00 - 10/10/2017 14:00","BZN|BG","4113.00","4486.00"
"10/10/2017 14:00 - 10/10/2017 15:00","BZN|BG","4113.00","4487.00"
"10/10/2017 15:00 - 10/10/2017 16:00","BZN|BG","4142.00","4500.00"
"10/10/2017 16:00 - 10/10/2017 17:00","BZN|BG","4178.00","4525.00"
"10/10/2017 17:00 - 10/10/2017 18:00","BZN|BG","4529.00","4724.00"
"10/10/2017 18:00 - 10/10/2017 19:00","BZN|BG","5151.00","5117.00"
"10/10/2017 19:00 - 10/10/2017 20:00","BZN|BG","5086.00","5056.00"
"10/10/2017 20:00 - 10/10/2017 21:00","BZN|BG","4848.00","4781.00"
"10/10/2017 21:00 - 10/10/2017 22:00","BZN|BG","4518.00","4459.00"
"10/10/2017 22:00 - 10/10/2017 23:00","BZN|BG","4171.00","4158.00"
"10/10/2017 23:00 - 11/10/2017 00:00","BZN|BG","3788.00","3691.00"
"11/10/2017 00:00 - 11/10/2017 01:00","BZN|BG","3550.00","3450.00"
"11/10/2017 01:00 - 11/10/2017 02:00","BZN|BG","3408.00","3322.00"
"11/10/2017 02:00 - 11/10/2017 03:00","BZN|BG","3360.00","3287.00"
"11/10/2017 03:00 - 11/10/2017 04:00","BZN|BG","3400.00","3304.00"
"11/10/2017 04:00 - 11/10/2017 05:00","BZN|BG","3581.00","3469.00"
"11/10/2017 05:00 - 11/10/2017 06:00","BZN|BG","4031.00","3957.00"
"11/10/2017 06:00 - 11/10/2017 07:00","BZN|BG","4445.00","4381.00"
"11/10/2017 07:00 - 11/10/2017 08:00","BZN|BG","4632.00","4577.00"
"11/10/2017 08:00 - 11/10/2017 09:00","BZN|BG","4651.00","4614.00"
"11/10/2017 09:00 - 11/10/2017 10:00","BZN|BG","4433.00","4447.00"
"11/10/2017 10:00 - 11/10/2017 11:00","BZN|BG","4291.00","4366.00"
"11/10/2017 11:00 - 11/10/2017 12:00","BZN|BG","4118.00","4224.00"
"11/10/2017 12:00 - 11/10/2017 13:00","BZN|BG","4117.00","4248.00"
"11/10/2017 13:00 - 11/10/2017 14:00","BZN|BG","4113.00","4254.00"
"11/10/2017 14:00 - 11/10/2017 15:00","BZN|BG","4106.00","4254.00"
"11/10/2017 15:00 - 11/10/2017 16:00","BZN|BG","4127.00","4253.00"
"11/10/2017 16:00 - 11/10/2017 17:00","BZN|BG","4150.00","4272.00"
"11/10/2017 17:00 - 11/10/2017 18:00","BZN|BG","4526.00","4510.00"
"11/10/2017 18:00 - 11/10/2017 19:00","BZN|BG","5128.00","5025.00"
"11/10/2017 19:00 - 11/10/2017 20:00","BZN|BG","5065.00","4987.00"
"11/10/2017 20:00 - 11/10/2017 21:00","BZN|BG","4819.00","4717.00"
"11/10/2017 21:00 - 11/10/2017 22:00","BZN|BG","4459.00","4391.00"
"11/10/2017 22:00 - 11/10/2017 23:00","BZN|BG","4197.00","4083.00"
"11/10/2017 23:00 - 12/10/2017 00:00","BZN|BG","3739.00","3688.00"
"12/10/2017 00:00 - 12/10/2017 01:00","BZN|BG","3480.00","3463.00"
"12/10/2017 01:00 - 12/10/2017 02:00","BZN|BG","3349.00","3344.00"
"12/10/2017 02:00 - 12/10/2017 03:00","BZN|BG","3322.00","3309.00"
"12/10/2017 03:00 - 12/10/2017 04:00","BZN|BG","3349.00","3337.00"
"12/10/2017 04:00 - 12/10/2017 05:00","BZN|BG","3520.00","3499.00"
"12/10/2017 05:00 - 12/10/2017 06:00","BZN|BG","4003.00","4010.00"
"12/10/2017 06:00 - 12/10/2017 07:00","BZN|BG","4409.00","4456.00"
"12/10/2017 07:00 - 12/10/2017 08:00","BZN|BG","4620.00","4656.00"
"12/10/2017 08:00 - 12/10/2017 09:00","BZN|BG","4606.00","4661.00"
"12/10/2017 09:00 - 12/10/2017 10:00","BZN|BG","4393.00","4437.00"
"12/10/2017 10:00 - 12/10/2017 11:00","BZN|BG","4288.00","4301.00"
"12/10/2017 11:00 - 12/10/2017 12:00","BZN|BG","4106.00","4125.00"
"12/10/2017 12:00 - 12/10/2017 13:00","BZN|BG","4111.00","4141.00"
"12/10/2017 13:00 - 12/10/2017 14:00","BZN|BG","4052.00","4145.00"
"12/10/2017 14:00 - 12/10/2017 15:00","BZN|BG","4091.00","4147.00"
"12/10/2017 15:00 - 12/10/2017 16:00","BZN|BG","4109.00","4156.00"
"12/10/2017 16:00 - 12/10/2017 17:00","BZN|BG","4145.00","4198.00"
"12/10/2017 17:00 - 12/10/2017 18:00","BZN|BG","4491.00","4482.00"
"12/10/2017 18:00 - 12/10/2017 19:00","BZN|BG","5078.00","5024.00"
"12/10/2017 19:00 - 12/10/2017 20:00","BZN|BG","5027.00","4985.00"
"12/10/2017 20:00 - 12/10/2017 21:00","BZN|BG","4768.00","4722.00"
"12/10/2017 21:00 - 12/10/2017 22:00","BZN|BG","4461.00","4410.00"
"12/10/2017 22:00 - 12/10/2017 23:00","BZN|BG","4134.00","4102.00"
"12/10/2017 23:00 - 13/10/2017 00:00","BZN|BG","3733.00","3744.00"
"13/10/2017 00:00 - 13/10/2017 01:00","BZN|BG","3471.00","3517.00"
"13/10/2017 01:00 - 13/10/2017 02:00","BZN|BG","3374.00","3396.00"
"13/10/2017 02:00 - 13/10/2017 03:00","BZN|BG","3336.00","3358.00"
"13/10/2017 03:00 - 13/10/2017 04:00","BZN|BG","3357.00","3387.00"
"13/10/2017 04:00 - 13/10/2017 05:00","BZN|BG","3486.00","3540.00"
"13/10/2017 05:00 - 13/10/2017 06:00","BZN|BG","3959.00","4001.00"
"13/10/2017 06:00 - 13/10/2017 07:00","BZN|BG","4369.00","4406.00"
"13/10/2017 07:00 - 13/10/2017 08:00","BZN|BG","4521.00","4589.00"
"13/10/2017 08:00 - 13/10/2017 09:00","BZN|BG","4497.00","4599.00"
"13/10/2017 09:00 - 13/10/2017 10:00","BZN|BG","4273.00","4395.00"
"13/10/2017 10:00 - 13/10/2017 11:00","BZN|BG","4140.00","4277.00"
"13/10/2017 11:00 - 13/10/2017 12:00","BZN|BG","3986.00","4118.00"
"13/10/2017 12:00 - 13/10/2017 13:00","BZN|BG","4011.00","4133.00"
"13/10/2017 13:00 - 13/10/2017 14:00","BZN|BG","3973.00","4134.00"
"13/10/2017 14:00 - 13/10/2017 15:00","BZN|BG","3979.00","4133.00"
"13/10/2017 15:00 - 13/10/2017 16:00","BZN|BG","4048.00","4142.00"
"13/10/2017 16:00 - 13/10/2017 17:00","BZN|BG","4129.00","4182.00"
"13/10/2017 17:00 - 13/10/2017 18:00","BZN|BG","4485.00","4482.00"
"13/10/2017 18:00 - 13/10/2017 19:00","BZN|BG","4919.00","5051.00"
"13/10/2017 19:00 - 13/10/2017 20:00","BZN|BG","4832.00","5010.00"
"13/10/2017 20:00 - 13/10/2017 21:00","BZN|BG","4534.00","4748.00"
"13/10/2017 21:00 - 13/10/2017 22:00","BZN|BG","4249.00","4425.00"
"13/10/2017 22:00 - 13/10/2017 23:00","BZN|BG","3947.00","4113.00"
"13/10/2017 23:00 - 14/10/2017 00:00","BZN|BG","3653.00","3649.00"
"14/10/2017 00:00 - 14/10/2017 01:00","BZN|BG","3420.00","3383.00"
"14/10/2017 01:00 - 14/10/2017 02:00","BZN|BG","3291.00","3254.00"
"14/10/2017 02:00 - 14/10/2017 03:00","BZN|BG","3246.00","3189.00"
"14/10/2017 03:00 - 14/10/2017 04:00","BZN|BG","3254.00","3196.00"
"14/10/2017 04:00 - 14/10/2017 05:00","BZN|BG","3326.00","3242.00"
"14/10/2017 05:00 - 14/10/2017 06:00","BZN|BG","3506.00","3343.00"
"14/10/2017 06:00 - 14/10/2017 07:00","BZN|BG","3734.00","3488.00"
"14/10/2017 07:00 - 14/10/2017 08:00","BZN|BG","4082.00","3801.00"
"14/10/2017 08:00 - 14/10/2017 09:00","BZN|BG","4213.00","4036.00"
"14/10/2017 09:00 - 14/10/2017 10:00","BZN|BG","4127.00","4121.00"
"14/10/2017 10:00 - 14/10/2017 11:00","BZN|BG","4037.00","4169.00"
"14/10/2017 11:00 - 14/10/2017 12:00","BZN|BG","3938.00","4017.00"
"14/10/2017 12:00 - 14/10/2017 13:00","BZN|BG","3900.00","3741.00"
"14/10/2017 13:00 - 14/10/2017 14:00","BZN|BG","3780.00","3695.00"
"14/10/2017 14:00 - 14/10/2017 15:00","BZN|BG","3761.00","3716.00"
"14/10/2017 15:00 - 14/10/2017 16:00","BZN|BG","3798.00","3896.00"
"14/10/2017 16:00 - 14/10/2017 17:00","BZN|BG","3937.00","4162.00"
"14/10/2017 17:00 - 14/10/2017 18:00","BZN|BG","4298.00","4509.00"
"14/10/2017 18:00 - 14/10/2017 19:00","BZN|BG","4771.00","4703.00"
"14/10/2017 19:00 - 14/10/2017 20:00","BZN|BG","4579.00","4543.00"
"14/10/2017 20:00 - 14/10/2017 21:00","BZN|BG","4304.00","4265.00"
"14/10/2017 21:00 - 14/10/2017 22:00","BZN|BG","4087.00","4061.00"
"14/10/2017 22:00 - 14/10/2017 23:00","BZN|BG","3844.00","3883.00"
"14/10/2017 23:00 - 15/10/2017 00:00","BZN|BG","3560.00","3583.00"
"15/10/2017 00:00 - 15/10/2017 01:00","BZN|BG","3307.00","3374.00"
"15/10/2017 01:00 - 15/10/2017 02:00","BZN|BG","3173.00","3261.00"
"15/10/2017 02:00 - 15/10/2017 03:00","BZN|BG","3122.00","3226.00"
"15/10/2017 03:00 - 15/10/2017 04:00","BZN|BG","3121.00","3202.00"
"15/10/2017 04:00 - 15/10/2017 05:00","BZN|BG","3186.00","3227.00"
"15/10/2017 05:00 - 15/10/2017 06:00","BZN|BG","3296.00","3339.00"
"15/10/2017 06:00 - 15/10/2017 07:00","BZN|BG","3487.00","3532.00"
"15/10/2017 07:00 - 15/10/2017 08:00","BZN|BG","3840.00","3926.00"
"15/10/2017 08:00 - 15/10/2017 09:00","BZN|BG","4018.00","4210.00"
"15/10/2017 09:00 - 15/10/2017 10:00","BZN|BG","3953.00","4265.00"
"15/10/2017 10:00 - 15/10/2017 11:00","BZN|BG","3904.00","4196.00"
"15/10/2017 11:00 - 15/10/2017 12:00","BZN|BG","3799.00","4118.00"
"15/10/2017 12:00 - 15/10/2017 13:00","BZN|BG","3703.00","3989.00"
"15/10/2017 13:00 - 15/10/2017 14:00","BZN|BG","3684.00","3907.00"
"15/10/2017 14:00 - 15/10/2017 15:00","BZN|BG","3652.00","3859.00"
"15/10/2017 15:00 - 15/10/2017 16:00","BZN|BG","3807.00","3893.00"
"15/10/2017 16:00 - 15/10/2017 17:00","BZN|BG","3980.00","4074.00"
"15/10/2017 17:00 - 15/10/2017 18:00","BZN|BG","4381.00","4328.00"
"15/10/2017 18:00 - 15/10/2017 19:00","BZN|BG","4900.00","4705.00"
"15/10/2017 19:00 - 15/10/2017 20:00","BZN|BG","4747.00","4636.00"
"15/10/2017 20:00 - 15/10/2017 21:00","BZN|BG","4448.00","4359.00"
"15/10/2017 21:00 - 15/10/2017 22:00","BZN|BG","4145.00","4132.00"
"15/10/2017 22:00 - 15/10/2017 23:00","BZN|BG","3815.00","3829.00"
"15/10/2017 23:00 - 16/10/2017 00:00","BZN|BG","3485.00","3421.00"
"16/10/2017 00:00 - 16/10/2017 01:00","BZN|BG","3262.00","3211.00"
"16/10/2017 01:00 - 16/10/2017 02:00","BZN|BG","3097.00","3102.00"
"16/10/2017 02:00 - 16/10/2017 03:00","BZN|BG","3118.00","3077.00"
"16/10/2017 03:00 - 16/10/2017 04:00","BZN|BG","3156.00","3102.00"
"16/10/2017 04:00 - 16/10/2017 05:00","BZN|BG","3331.00","3243.00"
"16/10/2017 05:00 - 16/10/2017 06:00","BZN|BG","3862.00","3718.00"
"16/10/2017 06:00 - 16/10/2017 07:00","BZN|BG","4308.00","4155.00"
"16/10/2017 07:00 - 16/10/2017 08:00","BZN|BG","4483.00","4378.00"
"16/10/2017 08:00 - 16/10/2017 09:00","BZN|BG","4454.00","4454.00"
"16/10/2017 09:00 - 16/10/2017 10:00","BZN|BG","4245.00","4213.00"
"16/10/2017 10:00 - 16/10/2017 11:00","BZN|BG","4133.00","4161.00"
"16/10/2017 11:00 - 16/10/2017 12:00","BZN|BG","3996.00","4087.00"
"16/10/2017 12:00 - 16/10/2017 13:00","BZN|BG","4016.00","4115.00"
"16/10/2017 13:00 - 16/10/2017 14:00","BZN|BG","3983.00","4130.00"
"16/10/2017 14:00 - 16/10/2017 15:00","BZN|BG","3988.00","4148.00"
"16/10/2017 15:00 - 16/10/2017 16:00","BZN|BG","4061.00","4089.00"
"16/10/2017 16:00 - 16/10/2017 17:00","BZN|BG","4085.00","4100.00"
"16/10/2017 17:00 - 16/10/2017 18:00","BZN|BG","4404.00","4388.00"
"16/10/2017 18:00 - 16/10/2017 19:00","BZN|BG","5005.00","4910.00"
"16/10/2017 19:00 - 16/10/2017 20:00","BZN|BG","4832.00","4868.00"
"16/10/2017 20:00 - 16/10/2017 21:00","BZN|BG","4543.00","4585.00"
"16/10/2017 21:00 - 16/10/2017 22:00","BZN|BG","4249.00","4268.00"
"16/10/2017 22:00 - 16/10/2017 23:00","BZN|BG","3983.00","3937.00"
"16/10/2017 23:00 - 17/10/2017 00:00","BZN|BG","3609.00","3601.00"
"17/10/2017 00:00 - 17/10/2017 01:00","BZN|BG","3354.00","3381.00"
"17/10/2017 01:00 - 17/10/2017 02:00","BZN|BG","3265.00","3281.00"
"17/10/2017 02:00 - 17/10/2017 03:00","BZN|BG","3234.00","3245.00"
"17/10/2017 03:00 - 17/10/2017 04:00","BZN|BG","3263.00","3273.00"
"17/10/2017 04:00 - 17/10/2017 05:00","BZN|BG","3423.00","3424.00"
"17/10/2017 05:00 - 17/10/2017 06:00","BZN|BG","3915.00","3878.00"
"17/10/2017 06:00 - 17/10/2017 07:00","BZN|BG","4335.00","4262.00"
"17/10/2017 07:00 - 17/10/2017 08:00","BZN|BG","4502.00","4438.00"
"17/10/2017 08:00 - 17/10/2017 09:00","BZN|BG","4443.00","4455.00"
"17/10/2017 09:00 - 17/10/2017 10:00","BZN|BG","4264.00","4296.00"
"17/10/2017 10:00 - 17/10/2017 11:00","BZN|BG","4128.00","4217.00"
"17/10/2017 11:00 - 17/10/2017 12:00","BZN|BG","3975.00","4089.00"
"17/10/2017 12:00 - 17/10/2017 13:00","BZN|BG","3997.00","4098.00"
"17/10/2017 13:00 - 17/10/2017 14:00","BZN|BG","4001.00","4088.00"
"17/10/2017 14:00 - 17/10/2017 15:00","BZN|BG","4016.00","4082.00"
"17/10/2017 15:00 - 17/10/2017 16:00","BZN|BG","4044.00","4099.00"
"17/10/2017 16:00 - 17/10/2017 17:00","BZN|BG","4116.00","4131.00"
"17/10/2017 17:00 - 17/10/2017 18:00","BZN|BG","4489.00","4431.00"
"17/10/2017 18:00 - 17/10/2017 19:00","BZN|BG","5019.00","4947.00"
"17/10/2017 19:00 - 17/10/2017 20:00","BZN|BG","4831.00","4874.00"
"17/10/2017 20:00 - 17/10/2017 21:00","BZN|BG","4604.00","4604.00"
"17/10/2017 21:00 - 17/10/2017 22:00","BZN|BG","4296.00","4298.00"
"17/10/2017 22:00 - 17/10/2017 23:00","BZN|BG","3969.00","3990.00"
"17/10/2017 23:00 - 18/10/2017 00:00","BZN|BG","3609.00","3614.00"
"18/10/2017 00:00 - 18/10/2017 01:00","BZN|BG","3373.00","3377.00"
"18/10/2017 01:00 - 18/10/2017 02:00","BZN|BG","3241.00","3272.00"
"18/10/2017 02:00 - 18/10/2017 03:00","BZN|BG","3216.00","3233.00"
"18/10/2017 03:00 - 18/10/2017 04:00","BZN|BG","3266.00","3271.00"
"18/10/2017 04:00 - 18/10/2017 05:00","BZN|BG","3425.00","3430.00"
"18/10/2017 05:00 - 18/10/2017 06:00","BZN|BG","3869.00","3906.00"
"18/10/2017 06:00 - 18/10/2017 07:00","BZN|BG","4294.00","4315.00"
"18/10/2017 07:00 - 18/10/2017 08:00","BZN|BG","4476.00","4505.00"
"18/10/2017 08:00 - 18/10/2017 09:00","BZN|BG","4419.00","4528.00"
"18/10/2017 09:00 - 18/10/2017 10:00","BZN|BG","4163.00","4319.00"
"18/10/2017 10:00 - 18/10/2017 11:00","BZN|BG","4051.00","4219.00"
"18/10/2017 11:00 - 18/10/2017 12:00","BZN|BG","3895.00","4052.00"
"18/10/2017 12:00 - 18/10/2017 13:00","BZN|BG","3893.00","4052.00"
"18/10/2017 13:00 - 18/10/2017 14:00","BZN|BG","3935.00","4032.00"
"18/10/2017 14:00 - 18/10/2017 15:00","BZN|BG","3964.00","4027.00"
"18/10/2017 15:00 - 18/10/2017 16:00","BZN|BG","4011.00","4037.00"
"18/10/2017 16:00 - 18/10/2017 17:00","BZN|BG","4089.00","4061.00"
"18/10/2017 17:00 - 18/10/2017 18:00","BZN|BG","4471.00","4392.00"
"18/10/2017 18:00 - 18/10/2017 19:00","BZN|BG","4977.00","4981.00"
"18/10/2017 19:00 - 18/10/2017 20:00","BZN|BG","4794.00","4918.00"
"18/10/2017 20:00 - 18/10/2017 21:00","BZN|BG","4539.00","4649.00"
"18/10/2017 21:00 - 18/10/2017 22:00","BZN|BG","4212.00","4324.00"
"18/10/2017 22:00 - 18/10/2017 23:00","BZN|BG","3959.00","3992.00"
"18/10/2017 23:00 - 19/10/2017 00:00","BZN|BG","3609.00","3647.00"
"19/10/2017 00:00 - 19/10/2017 01:00","BZN|BG","3353.00","3393.00"
"19/10/2017 01:00 - 19/10/2017 02:00","BZN|BG","3262.00","3287.00"
"19/10/2017 02:00 - 19/10/2017 03:00","BZN|BG","3236.00","3247.00"
"19/10/2017 03:00 - 19/10/2017 04:00","BZN|BG","3262.00","3282.00"
"19/10/2017 04:00 - 19/10/2017 05:00","BZN|BG","3419.00","3431.00"
"19/10/2017 05:00 - 19/10/2017 06:00","BZN|BG","3889.00","3884.00"
"19/10/2017 06:00 - 19/10/2017 07:00","BZN|BG","4365.00","4275.00"
"19/10/2017 07:00 - 19/10/2017 08:00","BZN|BG","4538.00","4448.00"
"19/10/2017 08:00 - 19/10/2017 09:00","BZN|BG","4527.00","4462.00"
"19/10/2017 09:00 - 19/10/2017 10:00","BZN|BG","4303.00","4305.00"
"19/10/2017 10:00 - 19/10/2017 11:00","BZN|BG","4166.00","4225.00"
"19/10/2017 11:00 - 19/10/2017 12:00","BZN|BG","4010.00","4098.00"
"19/10/2017 12:00 - 19/10/2017 13:00","BZN|BG","4031.00","4103.00"
"19/10/2017 13:00 - 19/10/2017 14:00","BZN|BG","4058.00","4092.00"
"19/10/2017 14:00 - 19/10/2017 15:00","BZN|BG","4111.00","4089.00"
"19/10/2017 15:00 - 19/10/2017 16:00","BZN|BG","4153.00","4098.00"
"19/10/2017 16:00 - 19/10/2017 17:00","BZN|BG","4177.00","4124.00"
"19/10/2017 17:00 - 19/10/2017 18:00","BZN|BG","4526.00","4437.00"
"19/10/2017 18:00 - 19/10/2017 19:00","BZN|BG","5044.00","4979.00"
"19/10/2017 19:00 - 19/10/2017 20:00","BZN|BG","4806.00","4896.00"
"19/10/2017 20:00 - 19/10/2017 21:00","BZN|BG","4588.00","4651.00"
"19/10/2017 21:00 - 19/10/2017 22:00","BZN|BG","4294.00","4351.00"
"19/10/2017 22:00 - 19/10/2017 23:00","BZN|BG","3993.00","4044.00"
"19/10/2017 23:00 - 20/10/2017 00:00","BZN|BG","3660.00","3603.00"
"20/10/2017 00:00 - 20/10/2017 01:00","BZN|BG","3411.00","3361.00"
"20/10/2017 01:00 - 20/10/2017 02:00","BZN|BG","3296.00","3250.00"
"20/10/2017 02:00 - 20/10/2017 03:00","BZN|BG","3253.00","3215.00"
"20/10/2017 03:00 - 20/10/2017 04:00","BZN|BG","3272.00","3251.00"
"20/10/2017 04:00 - 20/10/2017 05:00","BZN|BG","3437.00","3413.00"
"20/10/2017 05:00 - 20/10/2017 06:00","BZN|BG","3872.00","3904.00"
"20/10/2017 06:00 - 20/10/2017 07:00","BZN|BG","4332.00","4340.00"
"20/10/2017 07:00 - 20/10/2017 08:00","BZN|BG","4496.00","4525.00"
"20/10/2017 08:00 - 20/10/2017 09:00","BZN|BG","4502.00","4519.00"
"20/10/2017 09:00 - 20/10/2017 10:00","BZN|BG","4295.00","4357.00"
"20/10/2017 10:00 - 20/10/2017 11:00","BZN|BG","4147.00","4264.00"
"20/10/2017 11:00 - 20/10/2017 12:00","BZN|BG","4008.00","4133.00"
"20/10/2017 12:00 - 20/10/2017 13:00","BZN|BG","3993.00","4139.00"
"20/10/2017 13:00 - 20/10/2017 14:00","BZN|BG","3990.00","4133.00"
"20/10/2017 14:00 - 20/10/2017 15:00","BZN|BG","3993.00","4136.00"
"20/10/2017 15:00 - 20/10/2017 16:00","BZN|BG","4011.00","4155.00"
"20/10/2017 16:00 - 20/10/2017 17:00","BZN|BG","4078.00","4187.00"
"20/10/2017 17:00 - 20/10/2017 18:00","BZN|BG","4446.00","4488.00"
"20/10/2017 18:00 - 20/10/2017 19:00","BZN|BG","4930.00","4962.00"
"20/10/2017 19:00 - 20/10/2017 20:00","BZN|BG","4750.00","4858.00"
"20/10/2017 20:00 - 20/10/2017 21:00","BZN|BG","4462.00","4608.00"
"20/10/2017 21:00 - 20/10/2017 22:00","BZN|BG","4166.00","4302.00"
"20/10/2017 22:00 - 20/10/2017 23:00","BZN|BG","3934.00","4001.00"
"20/10/2017 23:00 - 21/10/2017 00:00","BZN|BG","3634.00","3638.00"
"21/10/2017 00:00 - 21/10/2017 01:00","BZN|BG","3417.00","3387.00"
"21/10/2017 01:00 - 21/10/2017 02:00","BZN|BG","3296.00","3248.00"
"21/10/2017 02:00 - 21/10/2017 03:00","BZN|BG","3210.00","3200.00"
"21/10/2017 03:00 - 21/10/2017 04:00","BZN|BG","3225.00","3209.00"
"21/10/2017 04:00 - 21/10/2017 05:00","BZN|BG","3281.00","3289.00"
"21/10/2017 05:00 - 21/10/2017 06:00","BZN|BG","3470.00","3489.00"
"21/10/2017 06:00 - 21/10/2017 07:00","BZN|BG","3694.00","3742.00"
"21/10/2017 07:00 - 21/10/2017 08:00","BZN|BG","4022.00","4129.00"
"21/10/2017 08:00 - 21/10/2017 09:00","BZN|BG","4165.00","4275.00"
"21/10/2017 09:00 - 21/10/2017 10:00","BZN|BG","4022.00","4195.00"
"21/10/2017 10:00 - 21/10/2017 11:00","BZN|BG","3938.00","4110.00"
"21/10/2017 11:00 - 21/10/2017 12:00","BZN|BG","3863.00","4018.00"
"21/10/2017 12:00 - 21/10/2017 13:00","BZN|BG","3842.00","3983.00"
"21/10/2017 13:00 - 21/10/2017 14:00","BZN|BG","3739.00","3870.00"
"21/10/2017 14:00 - 21/10/2017 15:00","BZN|BG","3709.00","3852.00"
"21/10/2017 15:00 - 21/10/2017 16:00","BZN|BG","3753.00","3888.00"
"21/10/2017 16:00 - 21/10/2017 17:00","BZN|BG","3891.00","4021.00"
"21/10/2017 17:00 - 21/10/2017 18:00","BZN|BG","4250.00","4365.00"
"21/10/2017 18:00 - 21/10/2017 19:00","BZN|BG","4636.00","4817.00"
"21/10/2017 19:00 - 21/10/2017 20:00","BZN|BG","4461.00","4623.00"
"21/10/2017 20:00 - 21/10/2017 21:00","BZN|BG","4184.00","4345.00"
"21/10/2017 21:00 - 21/10/2017 22:00","BZN|BG","3936.00","4127.00"
"21/10/2017 22:00 - 21/10/2017 23:00","BZN|BG","3746.00","3881.00"
"21/10/2017 23:00 - 22/10/2017 00:00","BZN|BG","3479.00","3470.00"
"22/10/2017 00:00 - 22/10/2017 01:00","BZN|BG","3289.00","3217.00"
"22/10/2017 01:00 - 22/10/2017 02:00","BZN|BG","3140.00","3081.00"
"22/10/2017 02:00 - 22/10/2017 03:00","BZN|BG","3096.00","3030.00"
"22/10/2017 03:00 - 22/10/2017 04:00","BZN|BG","3082.00","3030.00"
"22/10/2017 04:00 - 22/10/2017 05:00","BZN|BG","3145.00","3096.00"
"22/10/2017 05:00 - 22/10/2017 06:00","BZN|BG","3284.00","3209.00"
"22/10/2017 06:00 - 22/10/2017 07:00","BZN|BG","3434.00","3404.00"
"22/10/2017 07:00 - 22/10/2017 08:00","BZN|BG","3770.00","3766.00"
"22/10/2017 08:00 - 22/10/2017 09:00","BZN|BG","3968.00","3948.00"
"22/10/2017 09:00 - 22/10/2017 10:00","BZN|BG","3944.00","3883.00"
"22/10/2017 10:00 - 22/10/2017 11:00","BZN|BG","3885.00","3834.00"
"22/10/2017 11:00 - 22/10/2017 12:00","BZN|BG","3822.00","3729.00"
"22/10/2017 12:00 - 22/10/2017 13:00","BZN|BG","3781.00","3632.00"
"22/10/2017 13:00 - 22/10/2017 14:00","BZN|BG","3688.00","3614.00"
"22/10/2017 14:00 - 22/10/2017 15:00","BZN|BG","3694.00","3581.00"
"22/10/2017 15:00 - 22/10/2017 16:00","BZN|BG","3824.00","3720.00"
"22/10/2017 16:00 - 22/10/2017 17:00","BZN|BG","4014.00","3875.00"
"22/10/2017 17:00 - 22/10/2017 18:00","BZN|BG","4466.00","4233.00"
"22/10/2017 18:00 - 22/10/2017 19:00","BZN|BG","4870.00","4697.00"
"22/10/2017 19:00 - 22/10/2017 20:00","BZN|BG","4696.00","4560.00"
"22/10/2017 20:00 - 22/10/2017 21:00","BZN|BG","4361.00","4292.00"
"22/10/2017 21:00 - 22/10/2017 22:00","BZN|BG","4104.00","4021.00"
"22/10/2017 22:00 - 22/10/2017 23:00","BZN|BG","3873.00","3725.00"
"22/10/2017 23:00 - 23/10/2017 00:00","BZN|BG","3481.00","3482.00"
"23/10/2017 00:00 - 23/10/2017 01:00","BZN|BG","3232.00","3273.00"
"23/10/2017 01:00 - 23/10/2017 02:00","BZN|BG","3124.00","3119.00"
"23/10/2017 02:00 - 23/10/2017 03:00","BZN|BG","3110.00","3139.00"
"23/10/2017 03:00 - 23/10/2017 04:00","BZN|BG","3130.00","3177.00"
"23/10/2017 04:00 - 23/10/2017 05:00","BZN|BG","3290.00","3352.00"
"23/10/2017 05:00 - 23/10/2017 06:00","BZN|BG","3820.00","3880.00"
"23/10/2017 06:00 - 23/10/2017 07:00","BZN|BG","4298.00","4324.00"
"23/10/2017 07:00 - 23/10/2017 08:00","BZN|BG","4495.00","4498.00"
"23/10/2017 08:00 - 23/10/2017 09:00","BZN|BG","4574.00","4477.00"
"23/10/2017 09:00 - 23/10/2017 10:00","BZN|BG","4490.00","4324.00"
"23/10/2017 10:00 - 23/10/2017 11:00","BZN|BG","4427.00","4242.00"
"23/10/2017 11:00 - 23/10/2017 12:00","BZN|BG","4335.00","4141.00"
"23/10/2017 12:00 - 23/10/2017 13:00","BZN|BG","4417.00","4156.00"
"23/10/2017 13:00 - 23/10/2017 14:00","BZN|BG","4449.00","4132.00"
"23/10/2017 14:00 - 23/10/2017 15:00","BZN|BG","4498.00","4135.00"
"23/10/2017 15:00 - 23/10/2017 16:00","BZN|BG","4543.00","4191.00"
"23/10/2017 16:00 - 23/10/2017 17:00","BZN|BG","4591.00","4210.00"
"23/10/2017 17:00 - 23/10/2017 18:00","BZN|BG","4956.00","4453.00"
"23/10/2017 18:00 - 23/10/2017 19:00","BZN|BG","5124.00","4914.00"
"23/10/2017 19:00 - 23/10/2017 20:00","BZN|BG","4866.00","4746.00"
"23/10/2017 20:00 - 23/10/2017 21:00","BZN|BG","4537.00","4467.00"
"23/10/2017 21:00 - 23/10/2017 22:00","BZN|BG","4231.00","4182.00"
"23/10/2017 22:00 - 23/10/2017 23:00","BZN|BG","3947.00","3925.00"
"23/10/2017 23:00 - 24/10/2017 00:00","BZN|BG","3591.00","3690.00"
"24/10/2017 00:00 - 24/10/2017 01:00","BZN|BG","3378.00","3454.00"
"24/10/2017 01:00 - 24/10/2017 02:00","BZN|BG","3265.00","3360.00"
"24/10/2017 02:00 - 24/10/2017 03:00","BZN|BG","3226.00","3329.00"
"24/10/2017 03:00 - 24/10/2017 04:00","BZN|BG","3253.00","3361.00"
"24/10/2017 04:00 - 24/10/2017 05:00","BZN|BG","3436.00","3519.00"
"24/10/2017 05:00 - 24/10/2017 06:00","BZN|BG","3898.00","4000.00"
"24/10/2017 06:00 - 24/10/2017 07:00","BZN|BG","4352.00","4457.00"
"24/10/2017 07:00 - 24/10/2017 08:00","BZN|BG","4675.00","4629.00"
"24/10/2017 08:00 - 24/10/2017 09:00","BZN|BG","4858.00","4638.00"
"24/10/2017 09:00 - 24/10/2017 10:00","BZN|BG","4805.00","4507.00"
"24/10/2017 10:00 - 24/10/2017 11:00","BZN|BG","4764.00","4434.00"
"24/10/2017 11:00 - 24/10/2017 12:00","BZN|BG","4640.00","4339.00"
"24/10/2017 12:00 - 24/10/2017 13:00","BZN|BG","4576.00","4352.00"
"24/10/2017 13:00 - 24/10/2017 14:00","BZN|BG","4569.00","4362.00"
"24/10/2017 14:00 - 24/10/2017 15:00","BZN|BG","4576.00","4365.00"
"24/10/2017 15:00 - 24/10/2017 16:00","BZN|BG","4595.00","4379.00"
"24/10/2017 16:00 - 24/10/2017 17:00","BZN|BG","4687.00","4415.00"
"24/10/2017 17:00 - 24/10/2017 18:00","BZN|BG","5120.00","4748.00"
"24/10/2017 18:00 - 24/10/2017 19:00","BZN|BG","5313.00","5245.00"
"24/10/2017 19:00 - 24/10/2017 20:00","BZN|BG","5028.00","5055.00"
"24/10/2017 20:00 - 24/10/2017 21:00","BZN|BG","4768.00","4773.00"
"24/10/2017 21:00 - 24/10/2017 22:00","BZN|BG","4496.00","4448.00"
"24/10/2017 22:00 - 24/10/2017 23:00","BZN|BG","4200.00","4145.00"
"24/10/2017 23:00 - 25/10/2017 00:00","BZN|BG","3809.00","3661.00"
"25/10/2017 00:00 - 25/10/2017 01:00","BZN|BG","3562.00","3409.00"
"25/10/2017 01:00 - 25/10/2017 02:00","BZN|BG","3440.00","3306.00"
"25/10/2017 02:00 - 25/10/2017 03:00","BZN|BG","3389.00","3272.00"
"25/10/2017 03:00 - 25/10/2017 04:00","BZN|BG","3375.00","3311.00"
"25/10/2017 04:00 - 25/10/2017 05:00","BZN|BG","3562.00","3495.00"
"25/10/2017 05:00 - 25/10/2017 06:00","BZN|BG","4062.00","4032.00"
"25/10/2017 06:00 - 25/10/2017 07:00","BZN|BG","4503.00","4550.00"
"25/10/2017 07:00 - 25/10/2017 08:00","BZN|BG","4827.00","4746.00"
"25/10/2017 08:00 - 25/10/2017 09:00","BZN|BG","5054.00","4762.00"
"25/10/2017 09:00 - 25/10/2017 10:00","BZN|BG","4985.00","4716.00"
"25/10/2017 10:00 - 25/10/2017 11:00","BZN|BG","4978.00","4690.00"
"25/10/2017 11:00 - 25/10/2017 12:00","BZN|BG","4878.00","4655.00"
"25/10/2017 12:00 - 25/10/2017 13:00","BZN|BG","4871.00","4662.00"
"25/10/2017 13:00 - 25/10/2017 14:00","BZN|BG","4876.00","4675.00"
"25/10/2017 14:00 - 25/10/2017 15:00","BZN|BG","4902.00","4679.00"
"25/10/2017 15:00 - 25/10/2017 16:00","BZN|BG","4986.00","4682.00"
"25/10/2017 16:00 - 25/10/2017 17:00","BZN|BG","4986.00","4702.00"
"25/10/2017 17:00 - 25/10/2017 18:00","BZN|BG","5240.00","4918.00"
"25/10/2017 18:00 - 25/10/2017 19:00","BZN|BG","5485.00","5253.00"
"25/10/2017 19:00 - 25/10/2017 20:00","BZN|BG","5249.00","5020.00"
"25/10/2017 20:00 - 25/10/2017 21:00","BZN|BG","4912.00","4719.00"
"25/10/2017 21:00 - 25/10/2017 22:00","BZN|BG","4605.00","4346.00"
"25/10/2017 22:00 - 25/10/2017 23:00","BZN|BG","4295.00","4013.00"
"25/10/2017 23:00 - 26/10/2017 00:00","BZN|BG","3915.00","3811.00"
"26/10/2017 00:00 - 26/10/2017 01:00","BZN|BG","3670.00","3580.00"
"26/10/2017 01:00 - 26/10/2017 02:00","BZN|BG","3551.00","3478.00"
"26/10/2017 02:00 - 26/10/2017 03:00","BZN|BG","3503.00","3444.00"
"26/10/2017 03:00 - 26/10/2017 04:00","BZN|BG","3521.00","3478.00"
"26/10/2017 04:00 - 26/10/2017 05:00","BZN|BG","3697.00","3676.00"
"26/10/2017 05:00 - 26/10/2017 06:00","BZN|BG","4229.00","4227.00"
"26/10/2017 06:00 - 26/10/2017 07:00","BZN|BG","4720.00","4762.00"
"26/10/2017 07:00 - 26/10/2017 08:00","BZN|BG","5019.00","5006.00"
"26/10/2017 08:00 - 26/10/2017 09:00","BZN|BG","5068.00","5020.00"
"26/10/2017 09:00 - 26/10/2017 10:00","BZN|BG","4928.00","4917.00"
"26/10/2017 10:00 - 26/10/2017 11:00","BZN|BG","4784.00","4853.00"
"26/10/2017 11:00 - 26/10/2017 12:00","BZN|BG","4587.00","4770.00"
"26/10/2017 12:00 - 26/10/2017 13:00","BZN|BG","4537.00","4769.00"
"26/10/2017 13:00 - 26/10/2017 14:00","BZN|BG","4488.00","4779.00"
"26/10/2017 14:00 - 26/10/2017 15:00","BZN|BG","4398.00","4794.00"
"26/10/2017 15:00 - 26/10/2017 16:00","BZN|BG","4385.00","4819.00"
"26/10/2017 16:00 - 26/10/2017 17:00","BZN|BG","4410.00","4872.00"
"26/10/2017 17:00 - 26/10/2017 18:00","BZN|BG","4941.00","5175.00"
"26/10/2017 18:00 - 26/10/2017 19:00","BZN|BG","5351.00","5530.00"
"26/10/2017 19:00 - 26/10/2017 20:00","BZN|BG","5150.00","5291.00"
"26/10/2017 20:00 - 26/10/2017 21:00","BZN|BG","4918.00","5011.00"
"26/10/2017 21:00 - 26/10/2017 22:00","BZN|BG","4629.00","4675.00"
"26/10/2017 22:00 - 26/10/2017 23:00","BZN|BG","4279.00","4360.00"
"26/10/2017 23:00 - 27/10/2017 00:00","BZN|BG","3889.00","3927.00"
"27/10/2017 00:00 - 27/10/2017 01:00","BZN|BG","3600.00","3657.00"
"27/10/2017 01:00 - 27/10/2017 02:00","BZN|BG","3432.00","3540.00"
"27/10/2017 02:00 - 27/10/2017 03:00","BZN|BG","3434.00","3496.00"
"27/10/2017 03:00 - 27/10/2017 04:00","BZN|BG","3489.00","3519.00"
"27/10/2017 04:00 - 27/10/2017 05:00","BZN|BG","3649.00","3699.00"
"27/10/2017 05:00 - 27/10/2017 06:00","BZN|BG","4136.00","4190.00"
"27/10/2017 06:00 - 27/10/2017 07:00","BZN|BG","4592.00","4661.00"
"27/10/2017 07:00 - 27/10/2017 08:00","BZN|BG","4900.00","4896.00"
"27/10/2017 08:00 - 27/10/2017 09:00","BZN|BG","4945.00","4943.00"
"27/10/2017 09:00 - 27/10/2017 10:00","BZN|BG","4725.00","4884.00"
"27/10/2017 10:00 - 27/10/2017 11:00","BZN|BG","4560.00","4849.00"
"27/10/2017 11:00 - 27/10/2017 12:00","BZN|BG","4353.00","4797.00"
"27/10/2017 12:00 - 27/10/2017 13:00","BZN|BG","4306.00","4797.00"
"27/10/2017 13:00 - 27/10/2017 14:00","BZN|BG","4321.00","4806.00"
"27/10/2017 14:00 - 27/10/2017 15:00","BZN|BG","4272.00","4821.00"
"27/10/2017 15:00 - 27/10/2017 16:00","BZN|BG","4249.00","4839.00"
"27/10/2017 16:00 - 27/10/2017 17:00","BZN|BG","4287.00","4887.00"
"27/10/2017 17:00 - 27/10/2017 18:00","BZN|BG","4857.00","5169.00"
"27/10/2017 18:00 - 27/10/2017 19:00","BZN|BG","5252.00","5473.00"
"27/10/2017 19:00 - 27/10/2017 20:00","BZN|BG","4992.00","5234.00"
"27/10/2017 20:00 - 27/10/2017 21:00","BZN|BG","4706.00","4942.00"
"27/10/2017 21:00 - 27/10/2017 22:00","BZN|BG","4447.00","4606.00"
"27/10/2017 22:00 - 27/10/2017 23:00","BZN|BG","4187.00","4288.00"
"27/10/2017 23:00 - 28/10/2017 00:00","BZN|BG","3801.00","3865.00"
"28/10/2017 00:00 - 28/10/2017 01:00","BZN|BG","3564.00","3624.00"
"28/10/2017 01:00 - 28/10/2017 02:00","BZN|BG","3416.00","3488.00"
"28/10/2017 02:00 - 28/10/2017 03:00","BZN|BG","3358.00","3394.00"
"28/10/2017 03:00 - 28/10/2017 04:00","BZN|BG","3352.00","3412.00"
"28/10/2017 04:00 - 28/10/2017 05:00","BZN|BG","3413.00","3481.00"
"28/10/2017 05:00 - 28/10/2017 06:00","BZN|BG","3601.00","3718.00"
"28/10/2017 06:00 - 28/10/2017 07:00","BZN|BG","3793.00","3998.00"
"28/10/2017 07:00 - 28/10/2017 08:00","BZN|BG","4231.00","4406.00"
"28/10/2017 08:00 - 28/10/2017 09:00","BZN|BG","4566.00","4585.00"
"28/10/2017 09:00 - 28/10/2017 10:00","BZN|BG","4646.00","4422.00"
"28/10/2017 10:00 - 28/10/2017 11:00","BZN|BG","4642.00","4325.00"
"28/10/2017 11:00 - 28/10/2017 12:00","BZN|BG","4560.00","4239.00"
"28/10/2017 12:00 - 28/10/2017 13:00","BZN|BG","4522.00","4215.00"
"28/10/2017 13:00 - 28/10/2017 14:00","BZN|BG","4407.00","4097.00"
"28/10/2017 14:00 - 28/10/2017 15:00","BZN|BG","4385.00","4064.00"
"28/10/2017 15:00 - 28/10/2017 16:00","BZN|BG","4425.00","4108.00"
"28/10/2017 16:00 - 28/10/2017 17:00","BZN|BG","4560.00","4248.00"
"28/10/2017 17:00 - 28/10/2017 18:00","BZN|BG","4841.00","4613.00"
"28/10/2017 18:00 - 28/10/2017 19:00","BZN|BG","4989.00","5005.00"
"28/10/2017 19:00 - 28/10/2017 20:00","BZN|BG","4783.00","4814.00"
"28/10/2017 20:00 - 28/10/2017 21:00","BZN|BG","4510.00","4512.00"
"28/10/2017 21:00 - 28/10/2017 22:00","BZN|BG","4288.00","4241.00"
"28/10/2017 22:00 - 28/10/2017 23:00","BZN|BG","4068.00","4034.00"
"28/10/2017 23:00 - 29/10/2017 00:00","BZN|BG","3694.00","3776.00"
"29/10/2017 00:00 - 29/10/2017 01:00","BZN|BG","3457.00","3532.00"
"29/10/2017 01:00 - 29/10/2017 02:00 (CEST)","BZN|BG","3280.00","3342.00"
"29/10/2017 02:00 (CEST) - 29/10/2017 02:00 (CET)","BZN|BG","3086.00","3285.00"
"29/10/2017 02:00 (CET) - 29/10/2017 03:00","BZN|BG","3155.00","3268.00"
"29/10/2017 03:00 - 29/10/2017 04:00","BZN|BG","3111.00","3345.00"
"29/10/2017 04:00 - 29/10/2017 05:00","BZN|BG","3147.00","3518.00"
"29/10/2017 05:00 - 29/10/2017 06:00","BZN|BG","3344.00","3702.00"
"29/10/2017 06:00 - 29/10/2017 07:00","BZN|BG","3665.00","4118.00"
"29/10/2017 07:00 - 29/10/2017 08:00","BZN|BG","3921.00","4362.00"
"29/10/2017 08:00 - 29/10/2017 09:00","BZN|BG","4034.00","4335.00"
"29/10/2017 09:00 - 29/10/2017 10:00","BZN|BG","4002.00","4272.00"
"29/10/2017 10:00 - 29/10/2017 11:00","BZN|BG","3885.00","4202.00"
"29/10/2017 11:00 - 29/10/2017 12:00","BZN|BG","3850.00","4158.00"
"29/10/2017 12:00 - 29/10/2017 13:00","BZN|BG","3852.00","4057.00"
"29/10/2017 13:00 - 29/10/2017 14:00","BZN|BG","3879.00","4062.00"
"29/10/2017 14:00 - 29/10/2017 15:00","BZN|BG","4042.00","4379.00"
"29/10/2017 15:00 - 29/10/2017 16:00","BZN|BG","4248.00","4769.00"
"29/10/2017 16:00 - 29/10/2017 17:00","BZN|BG","4689.00","5125.00"
"29/10/2017 17:00 - 29/10/2017 18:00","BZN|BG","4967.00","5006.00"
"29/10/2017 18:00 - 29/10/2017 19:00","BZN|BG","4842.00","4936.00"
"29/10/2017 19:00 - 29/10/2017 20:00","BZN|BG","4556.00","4570.00"
"29/10/2017 20:00 - 29/10/2017 21:00","BZN|BG","4251.00","4290.00"
"29/10/2017 21:00 - 29/10/2017 22:00","BZN|BG","4040.00","4038.00"
"29/10/2017 22:00 - 29/10/2017 23:00","BZN|BG","3708.00","3994.00"
"29/10/2017 23:00 - 30/10/2017 00:00","BZN|BG","3568.00","3695.00"
"30/10/2017 00:00 - 30/10/2017 01:00","BZN|BG","3379.00","3576.00"
"30/10/2017 01:00 - 30/10/2017 02:00","BZN|BG","3281.00","3552.00"
"30/10/2017 02:00 - 30/10/2017 03:00","BZN|BG","3262.00","3580.00"
"30/10/2017 03:00 - 30/10/2017 04:00","BZN|BG","3288.00","3751.00"
"30/10/2017 04:00 - 30/10/2017 05:00","BZN|BG","3506.00","4299.00"
"30/10/2017 05:00 - 30/10/2017 06:00","BZN|BG","4067.00","4785.00"
"30/10/2017 06:00 - 30/10/2017 07:00","BZN|BG","4493.00","4993.00"
"30/10/2017 07:00 - 30/10/2017 08:00","BZN|BG","4728.00","5093.00"
"30/10/2017 08:00 - 30/10/2017 09:00","BZN|BG","4780.00","4974.00"
"30/10/2017 09:00 - 30/10/2017 10:00","BZN|BG","4644.00","4952.00"
"30/10/2017 10:00 - 30/10/2017 11:00","BZN|BG","4604.00","4866.00"
"30/10/2017 11:00 - 30/10/2017 12:00","BZN|BG","4494.00","4927.00"
"30/10/2017 12:00 - 30/10/2017 13:00","BZN|BG","4543.00","4944.00"
"30/10/2017 13:00 - 30/10/2017 14:00","BZN|BG","4594.00","4959.00"
"30/10/2017 14:00 - 30/10/2017 15:00","BZN|BG","4618.00","4967.00"
"30/10/2017 15:00 - 30/10/2017 16:00","BZN|BG","4691.00","4986.00"
"30/10/2017 16:00 - 30/10/2017 17:00","BZN|BG","5036.00","5365.00"
"30/10/2017 17:00 - 30/10/2017 18:00","BZN|BG","5441.00","5243.00"
"30/10/2017 18:00 - 30/10/2017 19:00","BZN|BG","5382.00","5068.00"
"30/10/2017 19:00 - 30/10/2017 20:00","BZN|BG","5138.00","4941.00"
"30/10/2017 20:00 - 30/10/2017 21:00","BZN|BG","4847.00","4725.00"
"30/10/2017 21:00 - 30/10/2017 22:00","BZN|BG","4558.00","4538.00"
"30/10/2017 22:00 - 30/10/2017 23:00","BZN|BG","4191.00","4378.00"
"30/10/2017 23:00 - 31/10/2017 00:00","BZN|BG","3879.00","4071.00"
"31/10/2017 00:00 - 31/10/2017 01:00","BZN|BG","3677.00","3932.00"
"31/10/2017 01:00 - 31/10/2017 02:00","BZN|BG","3552.00","3886.00"
"31/10/2017 02:00 - 31/10/2017 03:00","BZN|BG","3515.00","3905.00"
"31/10/2017 03:00 - 31/10/2017 04:00","BZN|BG","3561.00","4085.00"
"31/10/2017 04:00 - 31/10/2017 05:00","BZN|BG","3742.00","4572.00"
"31/10/2017 05:00 - 31/10/2017 06:00","BZN|BG","4226.00","5050.00"
"31/10/2017 06:00 - 31/10/2017 07:00","BZN|BG","4674.00","5316.00"
"31/10/2017 07:00 - 31/10/2017 08:00","BZN|BG","4948.00","5394.00"
"31/10/2017 08:00 - 31/10/2017 09:00","BZN|BG","5002.00","5302.00"
"31/10/2017 09:00 - 31/10/2017 10:00","BZN|BG","4834.00","5239.00"
"31/10/2017 10:00 - 31/10/2017 11:00","BZN|BG","4746.00","5139.00"
"31/10/2017 11:00 - 31/10/2017 12:00","BZN|BG","4626.00","5129.00"
"31/10/2017 12:00 - 31/10/2017 13:00","BZN|BG","4602.00","5130.00"
"31/10/2017 13:00 - 31/10/2017 14:00","BZN|BG","4618.00","5127.00"
"31/10/2017 14:00 - 31/10/2017 15:00","BZN|BG","4640.00","5134.00"
"31/10/2017 15:00 - 31/10/2017 16:00","BZN|BG","4729.00","5165.00"
"31/10/2017 16:00 - 31/10/2017 17:00","BZN|BG","5132.00","5428.00"
"31/10/2017 17:00 - 31/10/2017 18:00","BZN|BG","5570.00","5659.00"
"31/10/2017 18:00 - 31/10/2017 19:00","BZN|BG","5509.00","5483.00"
"31/10/2017 19:00 - 31/10/2017 20:00","BZN|BG","5273.00","5279.00"
"31/10/2017 20:00 - 31/10/2017 21:00","BZN|BG","4977.00","5060.00"
"31/10/2017 21:00 - 31/10/2017 22:00","BZN|BG","4731.00","4840.00"
"31/10/2017 22:00 - 31/10/2017 23:00","BZN|BG","4383.00","3922.00"
"31/10/2017 23:00 - 01/11/2017 00:00","BZN|BG","3979.00","3722.00"
"01/11/2017 00:00 - 01/11/2017 01:00","BZN|BG","3753.00","3625.00"
"01/11/2017 01:00 - 01/11/2017 02:00","BZN|BG","3641.00","3595.00"
"01/11/2017 02:00 - 01/11/2017 03:00","BZN|BG","3612.00","3610.00"
"01/11/2017 03:00 - 01/11/2017 04:00","BZN|BG","3641.00","3781.00"
"01/11/2017 04:00 - 01/11/2017 05:00","BZN|BG","3821.00","4239.00"
"01/11/2017 05:00 - 01/11/2017 06:00","BZN|BG","4251.00","4675.00"
"01/11/2017 06:00 - 01/11/2017 07:00","BZN|BG","4728.00","4963.00"
"01/11/2017 07:00 - 01/11/2017 08:00","BZN|BG","5129.00","5071.00"
"01/11/2017 08:00 - 01/11/2017 09:00","BZN|BG","5208.00","4942.00"
"01/11/2017 09:00 - 01/11/2017 10:00","BZN|BG","5025.00","4852.00"
"01/11/2017 10:00 - 01/11/2017 11:00","BZN|BG","4912.00","4663.00"
"01/11/2017 11:00 - 01/11/2017 12:00","BZN|BG","4736.00","4633.00"
"01/11/2017 12:00 - 01/11/2017 13:00","BZN|BG","4852.00","4629.00"
"01/11/2017 13:00 - 01/11/2017 14:00","BZN|BG","4823.00","4605.00"
"01/11/2017 14:00 - 01/11/2017 15:00","BZN|BG","4781.00","4909.00"
"01/11/2017 15:00 - 01/11/2017 16:00","BZN|BG","4689.00","5331.00"
"01/11/2017 16:00 - 01/11/2017 17:00","BZN|BG","5098.00","5712.00"
"01/11/2017 17:00 - 01/11/2017 18:00","BZN|BG","5544.00","5680.00"
"01/11/2017 18:00 - 01/11/2017 19:00","BZN|BG","5616.00","5422.00"
"01/11/2017 19:00 - 01/11/2017 20:00","BZN|BG","5361.00","5093.00"
"01/11/2017 20:00 - 01/11/2017 21:00","BZN|BG","5084.00","4755.00"
"01/11/2017 21:00 - 01/11/2017 22:00","BZN|BG","4795.00","4398.00"
"01/11/2017 22:00 - 01/11/2017 23:00","BZN|BG","4496.00","N/A"
"01/11/2017 23:00 - 02/11/2017 00:00","BZN|BG","4105.00","3946.00"
"02/11/2017 00:00 - 02/11/2017 01:00","BZN|BG","3860.00","3745.00"
"02/11/2017 01:00 - 02/11/2017 02:00","BZN|BG","3750.00","3642.00"
"02/11/2017 02:00 - 02/11/2017 03:00","BZN|BG","3710.00","3615.00"
"02/11/2017 03:00 - 02/11/2017 04:00","BZN|BG","3746.00","3637.00"
"02/11/2017 04:00 - 02/11/2017 05:00","BZN|BG","3946.00","3810.00"
"02/11/2017 05:00 - 02/11/2017 06:00","BZN|BG","4375.00","4297.00"
"02/11/2017 06:00 - 02/11/2017 07:00","BZN|BG","4880.00","4744.00"
"02/11/2017 07:00 - 02/11/2017 08:00","BZN|BG","5243.00","5038.00"
"02/11/2017 08:00 - 02/11/2017 09:00","BZN|BG","5233.00","5138.00"
"02/11/2017 09:00 - 02/11/2017 10:00","BZN|BG","5032.00","4988.00"
"02/11/2017 10:00 - 02/11/2017 11:00","BZN|BG","4886.00","4889.00"
"02/11/2017 11:00 - 02/11/2017 12:00","BZN|BG","4700.00","4715.00"
"02/11/2017 12:00 - 02/11/2017 13:00","BZN|BG","4700.00","4676.00"
"02/11/2017 13:00 - 02/11/2017 14:00","BZN|BG","4623.00","4677.00"
"02/11/2017 14:00 - 02/11/2017 15:00","BZN|BG","4618.00","4662.00"
"02/11/2017 15:00 - 02/11/2017 16:00","BZN|BG","4725.00","4833.00"
"02/11/2017 16:00 - 02/11/2017 17:00","BZN|BG","5164.00","5212.00"
"02/11/2017 17:00 - 02/11/2017 18:00","BZN|BG","5626.00","5625.00"
"02/11/2017 18:00 - 02/11/2017 19:00","BZN|BG","5627.00","5570.00"
"02/11/2017 19:00 - 02/11/2017 20:00","BZN|BG","5338.00","5357.00"
"02/11/2017 20:00 - 02/11/2017 21:00","BZN|BG","5055.00","5052.00"
"02/11/2017 21:00 - 02/11/2017 22:00","BZN|BG","4783.00","4752.00"
"02/11/2017 22:00 - 02/11/2017 23:00","BZN|BG","4447.00","4410.00"
"02/11/2017 23:00 - 03/11/2017 00:00","BZN|BG","4049.00","4041.00"
"03/11/2017 00:00 - 03/11/2017 01:00","BZN|BG","3832.00","3821.00"
"03/11/2017 01:00 - 03/11/2017 02:00","BZN|BG","3708.00","3709.00"
"03/11/2017 02:00 - 03/11/2017 03:00","BZN|BG","3662.00","3679.00"
"03/11/2017 03:00 - 03/11/2017 04:00","BZN|BG","3705.00","3701.00"
"03/11/2017 04:00 - 03/11/2017 05:00","BZN|BG","3896.00","3860.00"
"03/11/2017 05:00 - 03/11/2017 06:00","BZN|BG","4299.00","4293.00"
"03/11/2017 06:00 - 03/11/2017 07:00","BZN|BG","4757.00","4702.00"
"03/11/2017 07:00 - 03/11/2017 08:00","BZN|BG","5140.00","4981.00"
"03/11/2017 08:00 - 03/11/2017 09:00","BZN|BG","5242.00","5068.00"
"03/11/2017 09:00 - 03/11/2017 10:00","BZN|BG","5093.00","4926.00"
"03/11/2017 10:00 - 03/11/2017 11:00","BZN|BG","5004.00","4835.00"
"03/11/2017 11:00 - 03/11/2017 12:00","BZN|BG","4862.00","4678.00"
"03/11/2017 12:00 - 03/11/2017 13:00","BZN|BG","4883.00","4655.00"
"03/11/2017 13:00 - 03/11/2017 14:00","BZN|BG","4867.00","4657.00"
"03/11/2017 14:00 - 03/11/2017 15:00","BZN|BG","4892.00","4641.00"
"03/11/2017 15:00 - 03/11/2017 16:00","BZN|BG","5019.00","4773.00"
"03/11/2017 16:00 - 03/11/2017 17:00","BZN|BG","5307.00","5160.00"
"03/11/2017 17:00 - 03/11/2017 18:00","BZN|BG","5624.00","5589.00"
"03/11/2017 18:00 - 03/11/2017 19:00","BZN|BG","5534.00","5544.00"
"03/11/2017 19:00 - 03/11/2017 20:00","BZN|BG","5236.00","5338.00"
"03/11/2017 20:00 - 03/11/2017 21:00","BZN|BG","4944.00","5049.00"
"03/11/2017 21:00 - 03/11/2017 22:00","BZN|BG","4728.00","4764.00"
"03/11/2017 22:00 - 03/11/2017 23:00","BZN|BG","4406.00","4445.00"
"03/11/2017 23:00 - 04/11/2017 00:00","BZN|BG","4018.00","3962.00"
"04/11/2017 00:00 - 04/11/2017 01:00","BZN|BG","3784.00","3768.00"
"04/11/2017 01:00 - 04/11/2017 02:00","BZN|BG","3654.00","3647.00"
"04/11/2017 02:00 - 04/11/2017 03:00","BZN|BG","3580.00","3599.00"
"04/11/2017 03:00 - 04/11/2017 04:00","BZN|BG","3577.00","3595.00"
"04/11/2017 04:00 - 04/11/2017 05:00","BZN|BG","3643.00","3651.00"
"04/11/2017 05:00 - 04/11/2017 06:00","BZN|BG","3847.00","3822.00"
"04/11/2017 06:00 - 04/11/2017 07:00","BZN|BG","4164.00","3998.00"
"04/11/2017 07:00 - 04/11/2017 08:00","BZN|BG","4517.00","4400.00"
"04/11/2017 08:00 - 04/11/2017 09:00","BZN|BG","4648.00","4707.00"
"04/11/2017 09:00 - 04/11/2017 10:00","BZN|BG","4588.00","4780.00"
"04/11/2017 10:00 - 04/11/2017 11:00","BZN|BG","4475.00","4772.00"
"04/11/2017 11:00 - 04/11/2017 12:00","BZN|BG","4402.00","4621.00"
"04/11/2017 12:00 - 04/11/2017 13:00","BZN|BG","4362.00","4551.00"
"04/11/2017 13:00 - 04/11/2017 14:00","BZN|BG","4272.00","4339.00"
"04/11/2017 14:00 - 04/11/2017 15:00","BZN|BG","4319.00","4299.00"
"04/11/2017 15:00 - 04/11/2017 16:00","BZN|BG","4494.00","4365.00"
"04/11/2017 16:00 - 04/11/2017 17:00","BZN|BG","4969.00","4777.00"
"04/11/2017 17:00 - 04/11/2017 18:00","BZN|BG","5245.00","5297.00"
"04/11/2017 18:00 - 04/11/2017 19:00","BZN|BG","5107.00","5259.00"
"04/11/2017 19:00 - 04/11/2017 20:00","BZN|BG","4849.00","5040.00"
"04/11/2017 20:00 - 04/11/2017 21:00","BZN|BG","4614.00","4700.00"
"04/11/2017 21:00 - 04/11/2017 22:00","BZN|BG","4447.00","4424.00"
"04/11/2017 22:00 - 04/11/2017 23:00","BZN|BG","4161.00","4149.00"
"04/11/2017 23:00 - 05/11/2017 00:00","BZN|BG","3863.00","3848.00"
"05/11/2017 00:00 - 05/11/2017 01:00","BZN|BG","3668.00","3673.00"
"05/11/2017 01:00 - 05/11/2017 02:00","BZN|BG","3561.00","3569.00"
"05/11/2017 02:00 - 05/11/2017 03:00","BZN|BG","3519.00","3574.00"
"05/11/2017 03:00 - 05/11/2017 04:00","BZN|BG","3503.00","3478.00"
"05/11/2017 04:00 - 05/11/2017 05:00","BZN|BG","3561.00","3551.00"
"05/11/2017 05:00 - 05/11/2017 06:00","BZN|BG","3698.00","3800.00"
"05/11/2017 06:00 - 05/11/2017 07:00","BZN|BG","3968.00","4183.00"
"05/11/2017 07:00 - 05/11/2017 08:00","BZN|BG","4359.00","4472.00"
"05/11/2017 08:00 - 05/11/2017 09:00","BZN|BG","4545.00","4632.00"
"05/11/2017 09:00 - 05/11/2017 10:00","BZN|BG","4542.00","4634.00"
"05/11/2017 10:00 - 05/11/2017 11:00","BZN|BG","4431.00","4344.00"
"05/11/2017 11:00 - 05/11/2017 12:00","BZN|BG","4354.00","4223.00"
"05/11/2017 12:00 - 05/11/2017 13:00","BZN|BG","4323.00","4235.00"
"05/11/2017 13:00 - 05/11/2017 14:00","BZN|BG","4238.00","4230.00"
"05/11/2017 14:00 - 05/11/2017 15:00","BZN|BG","4276.00","4348.00"
"05/11/2017 15:00 - 05/11/2017 16:00","BZN|BG","4498.00","4555.00"
"05/11/2017 16:00 - 05/11/2017 17:00","BZN|BG","5142.00","5088.00"
"05/11/2017 17:00 - 05/11/2017 18:00","BZN|BG","5520.00","5407.00"
"05/11/2017 18:00 - 05/11/2017 19:00","BZN|BG","5406.00","5377.00"
"05/11/2017 19:00 - 05/11/2017 20:00","BZN|BG","5152.00","5066.00"
"05/11/2017 20:00 - 05/11/2017 21:00","BZN|BG","4821.00","4672.00"
"05/11/2017 21:00 - 05/11/2017 22:00","BZN|BG","4584.00","4465.00"
"05/11/2017 22:00 - 05/11/2017 23:00","BZN|BG","4229.00","4142.00"
"05/11/2017 23:00 - 06/11/2017 00:00","BZN|BG","3878.00","4134.00"
"06/11/2017 00:00 - 06/11/2017 01:00","BZN|BG","3636.00","3757.00"
"06/11/2017 01:00 - 06/11/2017 02:00","BZN|BG","3518.00","3564.00"
"06/11/2017 02:00 - 06/11/2017 03:00","BZN|BG","3520.00","3525.00"
"06/11/2017 03:00 - 06/11/2017 04:00","BZN|BG","3555.00","3551.00"
"06/11/2017 04:00 - 06/11/2017 05:00","BZN|BG","3751.00","3768.00"
"06/11/2017 05:00 - 06/11/2017 06:00","BZN|BG","4305.00","4326.00"
"06/11/2017 06:00 - 06/11/2017 07:00","BZN|BG","4777.00","4749.00"
"06/11/2017 07:00 - 06/11/2017 08:00","BZN|BG","5087.00","4983.00"
"06/11/2017 08:00 - 06/11/2017 09:00","BZN|BG","5158.00","5034.00"
"06/11/2017 09:00 - 06/11/2017 10:00","BZN|BG","4971.00","4904.00"
"06/11/2017 10:00 - 06/11/2017 11:00","BZN|BG","4844.00","4865.00"
"06/11/2017 11:00 - 06/11/2017 12:00","BZN|BG","4663.00","4759.00"
"06/11/2017 12:00 - 06/11/2017 13:00","BZN|BG","4711.00","4795.00"
"06/11/2017 13:00 - 06/11/2017 14:00","BZN|BG","4687.00","4832.00"
"06/11/2017 14:00 - 06/11/2017 15:00","BZN|BG","4717.00","4850.00"
"06/11/2017 15:00 - 06/11/2017 16:00","BZN|BG","4820.00","4903.00"
"06/11/2017 16:00 - 06/11/2017 17:00","BZN|BG","5217.00","5155.00"
"06/11/2017 17:00 - 06/11/2017 18:00","BZN|BG","5542.00","5450.00"
"06/11/2017 18:00 - 06/11/2017 19:00","BZN|BG","5526.00","5411.00"
"06/11/2017 19:00 - 06/11/2017 20:00","BZN|BG","5288.00","5244.00"
"06/11/2017 20:00 - 06/11/2017 21:00","BZN|BG","5011.00","5046.00"
"06/11/2017 21:00 - 06/11/2017 22:00","BZN|BG","4717.00","4849.00"
"06/11/2017 22:00 - 06/11/2017 23:00","BZN|BG","4393.00","4599.00"
"06/11/2017 23:00 - 07/11/2017 00:00","BZN|BG","3987.00","4053.00"
"07/11/2017 00:00 - 07/11/2017 01:00","BZN|BG","3764.00","3811.00"
"07/11/2017 01:00 - 07/11/2017 02:00","BZN|BG","3657.00","3684.00"
"07/11/2017 02:00 - 07/11/2017 03:00","BZN|BG","3606.00","3645.00"
"07/11/2017 03:00 - 07/11/2017 04:00","BZN|BG","3640.00","3671.00"
"07/11/2017 04:00 - 07/11/2017 05:00","BZN|BG","3824.00","3822.00"
"07/11/2017 05:00 - 07/11/2017 06:00","BZN|BG","4337.00","4219.00"
"07/11/2017 06:00 - 07/11/2017 07:00","BZN|BG","4777.00","4663.00"
"07/11/2017 07:00 - 07/11/2017 08:00","BZN|BG","5082.00","5001.00"
"07/11/2017 08:00 - 07/11/2017 09:00","BZN|BG","5133.00","5104.00"
"07/11/2017 09:00 - 07/11/2017 10:00","BZN|BG","4971.00","4964.00"
"07/11/2017 10:00 - 07/11/2017 11:00","BZN|BG","4837.00","4834.00"
"07/11/2017 11:00 - 07/11/2017 12:00","BZN|BG","4696.00","4677.00"
"07/11/2017 12:00 - 07/11/2017 13:00","BZN|BG","4741.00","4643.00"
"07/11/2017 13:00 - 07/11/2017 14:00","BZN|BG","4743.00","4642.00"
"07/11/2017 14:00 - 07/11/2017 15:00","BZN|BG","4782.00","4630.00"
"07/11/2017 15:00 - 07/11/2017 16:00","BZN|BG","4933.00","4803.00"
"07/11/2017 16:00 - 07/11/2017 17:00","BZN|BG","5279.00","5225.00"
"07/11/2017 17:00 - 07/11/2017 18:00","BZN|BG","5599.00","5679.00"
"07/11/2017 18:00 - 07/11/2017 19:00","BZN|BG","5597.00","5644.00"
"07/11/2017 19:00 - 07/11/2017 20:00","BZN|BG","5304.00","5415.00"
"07/11/2017 20:00 - 07/11/2017 21:00","BZN|BG","5011.00","5073.00"
"07/11/2017 21:00 - 07/11/2017 22:00","BZN|BG","4791.00","4755.00"
"07/11/2017 22:00 - 07/11/2017 23:00","BZN|BG","4432.00","4410.00"
"07/11/2017 23:00 - 08/11/2017 00:00","BZN|BG","4003.00","3993.00"
"08/11/2017 00:00 - 08/11/2017 01:00","BZN|BG","3761.00","3782.00"
"08/11/2017 01:00 - 08/11/2017 02:00","BZN|BG","3649.00","3674.00"
"08/11/2017 02:00 - 08/11/2017 03:00","BZN|BG","3616.00","3633.00"
"08/11/2017 03:00 - 08/11/2017 04:00","BZN|BG","3625.00","3649.00"
"08/11/2017 04:00 - 08/11/2017 05:00","BZN|BG","3787.00","3797.00"
"08/11/2017 05:00 - 08/11/2017 06:00","BZN|BG","4274.00","4170.00"
"08/11/2017 06:00 - 08/11/2017 07:00","BZN|BG","4734.00","4608.00"
"08/11/2017 07:00 - 08/11/2017 08:00","BZN|BG","5032.00","4951.00"
"08/11/2017 08:00 - 08/11/2017 09:00","BZN|BG","5185.00","5067.00"
"08/11/2017 09:00 - 08/11/2017 10:00","BZN|BG","5094.00","5018.00"
"08/11/2017 10:00 - 08/11/2017 11:00","BZN|BG","5034.00","4967.00"
"08/11/2017 11:00 - 08/11/2017 12:00","BZN|BG","4905.00","4908.00"
"08/11/2017 12:00 - 08/11/2017 13:00","BZN|BG","4956.00","4895.00"
"08/11/2017 13:00 - 08/11/2017 14:00","BZN|BG","4988.00","4893.00"
"08/11/2017 14:00 - 08/11/2017 15:00","BZN|BG","5102.00","4892.00"
"08/11/2017 15:00 - 08/11/2017 16:00","BZN|BG","5205.00","4958.00"
"08/11/2017 16:00 - 08/11/2017 17:00","BZN|BG","5462.00","5233.00"
"08/11/2017 17:00 - 08/11/2017 18:00","BZN|BG","5659.00","5580.00"
"08/11/2017 18:00 - 08/11/2017 19:00","BZN|BG","5572.00","5543.00"
"08/11/2017 19:00 - 08/11/2017 20:00","BZN|BG","5292.00","5346.00"
"08/11/2017 20:00 - 08/11/2017 21:00","BZN|BG","5052.00","5030.00"
"08/11/2017 21:00 - 08/11/2017 22:00","BZN|BG","4804.00","4733.00"
"08/11/2017 22:00 - 08/11/2017 23:00","BZN|BG","4461.00","4407.00"
"08/11/2017 23:00 - 09/11/2017 00:00","BZN|BG","3971.00","3948.00"
"09/11/2017 00:00 - 09/11/2017 01:00","BZN|BG","3695.00","3727.00"
"09/11/2017 01:00 - 09/11/2017 02:00","BZN|BG","3657.00","3617.00"
"09/11/2017 02:00 - 09/11/2017 03:00","BZN|BG","3620.00","3571.00"
"09/11/2017 03:00 - 09/11/2017 04:00","BZN|BG","3635.00","3594.00"
"09/11/2017 04:00 - 09/11/2017 05:00","BZN|BG","3757.00","3753.00"
"09/11/2017 05:00 - 09/11/2017 06:00","BZN|BG","4255.00","4162.00"
"09/11/2017 06:00 - 09/11/2017 07:00","BZN|BG","4706.00","4610.00"
"09/11/2017 07:00 - 09/11/2017 08:00","BZN|BG","5030.00","4954.00"
"09/11/2017 08:00 - 09/11/2017 09:00","BZN|BG","5116.00","5054.00"
"09/11/2017 09:00 - 09/11/2017 10:00","BZN|BG","4975.00","5004.00"
"09/11/2017 10:00 - 09/11/2017 11:00","BZN|BG","4891.00","4957.00"
"09/11/2017 11:00 - 09/11/2017 12:00","BZN|BG","4759.00","4901.00"
"09/11/2017 12:00 - 09/11/2017 13:00","BZN|BG","4778.00","4896.00"
"09/11/2017 13:00 - 09/11/2017 14:00","BZN|BG","4743.00","4895.00"
"09/11/2017 14:00 - 09/11/2017 15:00","BZN|BG","4769.00","4904.00"
"09/11/2017 15:00 - 09/11/2017 16:00","BZN|BG","4863.00","4971.00"
"09/11/2017 16:00 - 09/11/2017 17:00","BZN|BG","5238.00","5258.00"
"09/11/2017 17:00 - 09/11/2017 18:00","BZN|BG","5557.00","5608.00"
"09/11/2017 18:00 - 09/11/2017 19:00","BZN|BG","5524.00","5586.00"
"09/11/2017 19:00 - 09/11/2017 20:00","BZN|BG","5279.00","5363.00"
"09/11/2017 20:00 - 09/11/2017 21:00","BZN|BG","5040.00","5053.00"
"09/11/2017 21:00 - 09/11/2017 22:00","BZN|BG","4828.00","4770.00"
"09/11/2017 22:00 - 09/11/2017 23:00","BZN|BG","4449.00","4433.00"
"09/11/2017 23:00 - 10/11/2017 00:00","BZN|BG","4055.00","N/A"
"10/11/2017 00:00 - 10/11/2017 01:00","BZN|BG","3830.00","N/A"
"10/11/2017 01:00 - 10/11/2017 02:00","BZN|BG","3695.00","N/A"
"10/11/2017 02:00 - 10/11/2017 03:00","BZN|BG","3648.00","N/A"
"10/11/2017 03:00 - 10/11/2017 04:00","BZN|BG","3683.00","N/A"
"10/11/2017 04:00 - 10/11/2017 05:00","BZN|BG","3855.00","N/A"
"10/11/2017 05:00 - 10/11/2017 06:00","BZN|BG","4322.00","N/A"
"10/11/2017 06:00 - 10/11/2017 07:00","BZN|BG","4792.00","N/A"
"10/11/2017 07:00 - 10/11/2017 08:00","BZN|BG","5104.00","N/A"
"10/11/2017 08:00 - 10/11/2017 09:00","BZN|BG","5154.00","N/A"
"10/11/2017 09:00 - 10/11/2017 10:00","BZN|BG","5006.00","N/A"
"10/11/2017 10:00 - 10/11/2017 11:00","BZN|BG","4954.00","N/A"
"10/11/2017 11:00 - 10/11/2017 12:00","BZN|BG","4774.00","N/A"
"10/11/2017 12:00 - 10/11/2017 13:00","BZN|BG","4745.00","N/A"
"10/11/2017 13:00 - 10/11/2017 14:00","BZN|BG","4712.00","N/A"
"10/11/2017 14:00 - 10/11/2017 15:00","BZN|BG","4769.00","N/A"
"10/11/2017 15:00 - 10/11/2017 16:00","BZN|BG","4933.00","N/A"
"10/11/2017 16:00 - 10/11/2017 17:00","BZN|BG","5310.00","N/A"
"10/11/2017 17:00 - 10/11/2017 18:00","BZN|BG","5584.00","N/A"
"10/11/2017 18:00 - 10/11/2017 19:00","BZN|BG","5486.00","N/A"
"10/11/2017 19:00 - 10/11/2017 20:00","BZN|BG","5252.00","N/A"
"10/11/2017 20:00 - 10/11/2017 21:00","BZN|BG","4987.00","N/A"
"10/11/2017 21:00 - 10/11/2017 22:00","BZN|BG","4804.00","N/A"
"10/11/2017 22:00 - 10/11/2017 23:00","BZN|BG","4545.00","N/A"
"10/11/2017 23:00 - 11/11/2017 00:00","BZN|BG","4150.00","4056.00"
"11/11/2017 00:00 - 11/11/2017 01:00","BZN|BG","3850.00","3850.00"
"11/11/2017 01:00 - 11/11/2017 02:00","BZN|BG","3715.00","3726.00"
"11/11/2017 02:00 - 11/11/2017 03:00","BZN|BG","3665.00","3656.00"
"11/11/2017 03:00 - 11/11/2017 04:00","BZN|BG","3654.00","3618.00"
"11/11/2017 04:00 - 11/11/2017 05:00","BZN|BG","3724.00","3616.00"
"11/11/2017 05:00 - 11/11/2017 06:00","BZN|BG","3891.00","3692.00"
"11/11/2017 06:00 - 11/11/2017 07:00","BZN|BG","4197.00","3926.00"
"11/11/2017 07:00 - 11/11/2017 08:00","BZN|BG","4640.00","4298.00"
"11/11/2017 08:00 - 11/11/2017 09:00","BZN|BG","4817.00","4687.00"
"11/11/2017 09:00 - 11/11/2017 10:00","BZN|BG","4760.00","4819.00"
"11/11/2017 10:00 - 11/11/2017 11:00","BZN|BG","4722.00","4774.00"
"11/11/2017 11:00 - 11/11/2017 12:00","BZN|BG","4628.00","4647.00"
"11/11/2017 12:00 - 11/11/2017 13:00","BZN|BG","4568.00","4547.00"
"11/11/2017 13:00 - 11/11/2017 14:00","BZN|BG","4432.00","4501.00"
"11/11/2017 14:00 - 11/11/2017 15:00","BZN|BG","4463.00","4411.00"
"11/11/2017 15:00 - 11/11/2017 16:00","BZN|BG","4646.00","4455.00"
"11/11/2017 16:00 - 11/11/2017 17:00","BZN|BG","5083.00","4632.00"
"11/11/2017 17:00 - 11/11/2017 18:00","BZN|BG","5289.00","5074.00"
"11/11/2017 18:00 - 11/11/2017 19:00","BZN|BG","5133.00","5342.00"
"11/11/2017 19:00 - 11/11/2017 20:00","BZN|BG","4890.00","5174.00"
"11/11/2017 20:00 - 11/11/2017 21:00","BZN|BG","4629.00","4850.00"
"11/11/2017 21:00 - 11/11/2017 22:00","BZN|BG","4484.00","4535.00"
"11/11/2017 22:00 - 11/11/2017 23:00","BZN|BG","4189.00","4325.00"
"11/11/2017 23:00 - 12/11/2017 00:00","BZN|BG","3845.00","3897.00"
"12/11/2017 00:00 - 12/11/2017 01:00","BZN|BG","3644.00","3642.00"
"12/11/2017 01:00 - 12/11/2017 02:00","BZN|BG","3531.00","3501.00"
"12/11/2017 02:00 - 12/11/2017 03:00","BZN|BG","3486.00","3447.00"
"12/11/2017 03:00 - 12/11/2017 04:00","BZN|BG","3473.00","3425.00"
"12/11/2017 04:00 - 12/11/2017 05:00","BZN|BG","3532.00","3485.00"
"12/11/2017 05:00 - 12/11/2017 06:00","BZN|BG","3671.00","3626.00"
"12/11/2017 06:00 - 12/11/2017 07:00","BZN|BG","3879.00","3904.00"
"12/11/2017 07:00 - 12/11/2017 08:00","BZN|BG","4234.00","4306.00"
"12/11/2017 08:00 - 12/11/2017 09:00","BZN|BG","4454.00","4498.00"
"12/11/2017 09:00 - 12/11/2017 10:00","BZN|BG","4466.00","4495.00"
"12/11/2017 10:00 - 12/11/2017 11:00","BZN|BG","4396.00","4399.00"
"12/11/2017 11:00 - 12/11/2017 12:00","BZN|BG","4319.00","4333.00"
"12/11/2017 12:00 - 12/11/2017 13:00","BZN|BG","4210.00","4306.00"
"12/11/2017 13:00 - 12/11/2017 14:00","BZN|BG","4187.00","4233.00"
"12/11/2017 14:00 - 12/11/2017 15:00","BZN|BG","4270.00","4261.00"
"12/11/2017 15:00 - 12/11/2017 16:00","BZN|BG","4527.00","4426.00"
"12/11/2017 16:00 - 12/11/2017 17:00","BZN|BG","5180.00","4903.00"
"12/11/2017 17:00 - 12/11/2017 18:00","BZN|BG","5411.00","5183.00"
"12/11/2017 18:00 - 12/11/2017 19:00","BZN|BG","5289.00","5105.00"
"12/11/2017 19:00 - 12/11/2017 20:00","BZN|BG","5034.00","4929.00"
"12/11/2017 20:00 - 12/11/2017 21:00","BZN|BG","4711.00","4701.00"
"12/11/2017 21:00 - 12/11/2017 22:00","BZN|BG","4517.00","4537.00"
"12/11/2017 22:00 - 12/11/2017 23:00","BZN|BG","4181.00","4292.00"
"12/11/2017 23:00 - 13/11/2017 00:00","BZN|BG","3766.00","3838.00"
"13/11/2017 00:00 - 13/11/2017 01:00","BZN|BG","3536.00","3545.00"
"13/11/2017 01:00 - 13/11/2017 02:00","BZN|BG","3452.00","3402.00"
"13/11/2017 02:00 - 13/11/2017 03:00","BZN|BG","3416.00","3404.00"
"13/11/2017 03:00 - 13/11/2017 04:00","BZN|BG","3471.00","3435.00"
"13/11/2017 04:00 - 13/11/2017 05:00","BZN|BG","3649.00","3608.00"
"13/11/2017 05:00 - 13/11/2017 06:00","BZN|BG","4148.00","4098.00"
"13/11/2017 06:00 - 13/11/2017 07:00","BZN|BG","4617.00","4515.00"
"13/11/2017 07:00 - 13/11/2017 08:00","BZN|BG","4905.00","4790.00"
"13/11/2017 08:00 - 13/11/2017 09:00","BZN|BG","4922.00","4852.00"
"13/11/2017 09:00 - 13/11/2017 10:00","BZN|BG","4794.00","4734.00"
"13/11/2017 10:00 - 13/11/2017 11:00","BZN|BG","4732.00","4654.00"
"13/11/2017 11:00 - 13/11/2017 12:00","BZN|BG","4637.00","4540.00"
"13/11/2017 12:00 - 13/11/2017 13:00","BZN|BG","4700.00","4585.00"
"13/11/2017 13:00 - 13/11/2017 14:00","BZN|BG","4676.00","4562.00"
"13/11/2017 14:00 - 13/11/2017 15:00","BZN|BG","4690.00","4590.00"
"13/11/2017 15:00 - 13/11/2017 16:00","BZN|BG","4815.00","4686.00"
"13/11/2017 16:00 - 13/11/2017 17:00","BZN|BG","5155.00","5056.00"
"13/11/2017 17:00 - 13/11/2017 18:00","BZN|BG","5426.00","5360.00"
"13/11/2017 18:00 - 13/11/2017 19:00","BZN|BG","5351.00","5344.00"
"13/11/2017 19:00 - 13/11/2017 20:00","BZN|BG","5081.00","5100.00"
"13/11/2017 20:00 - 13/11/2017 21:00","BZN|BG","4856.00","4815.00"
"13/11/2017 21:00 - 13/11/2017 22:00","BZN|BG","4617.00","4514.00"
"13/11/2017 22:00 - 13/11/2017 23:00","BZN|BG","4291.00","4182.00"
"13/11/2017 23:00 - 14/11/2017 00:00","BZN|BG","3893.00","3805.00"
"14/11/2017 00:00 - 14/11/2017 01:00","BZN|BG","3664.00","3627.00"
"14/11/2017 01:00 - 14/11/2017 02:00","BZN|BG","3562.00","3540.00"
"14/11/2017 02:00 - 14/11/2017 03:00","BZN|BG","3512.00","3508.00"
"14/11/2017 03:00 - 14/11/2017 04:00","BZN|BG","3521.00","3534.00"
"14/11/2017 04:00 - 14/11/2017 05:00","BZN|BG","3687.00","3668.00"
"14/11/2017 05:00 - 14/11/2017 06:00","BZN|BG","4160.00","4027.00"
"14/11/2017 06:00 - 14/11/2017 07:00","BZN|BG","4602.00","4374.00"
"14/11/2017 07:00 - 14/11/2017 08:00","BZN|BG","4880.00","4612.00"
"14/11/2017 08:00 - 14/11/2017 09:00","BZN|BG","4908.00","4684.00"
"14/11/2017 09:00 - 14/11/2017 10:00","BZN|BG","4743.00","4585.00"
"14/11/2017 10:00 - 14/11/2017 11:00","BZN|BG","4642.00","4522.00"
"14/11/2017 11:00 - 14/11/2017 12:00","BZN|BG","4520.00","4421.00"
"14/11/2017 12:00 - 14/11/2017 13:00","BZN|BG","4620.00","4449.00"
"14/11/2017 13:00 - 14/11/2017 14:00","BZN|BG","4596.00","4438.00"
"14/11/2017 14:00 - 14/11/2017 15:00","BZN|BG","4646.00","4507.00"
"14/11/2017 15:00 - 14/11/2017 16:00","BZN|BG","4814.00","4661.00"
"14/11/2017 16:00 - 14/11/2017 17:00","BZN|BG","5198.00","5049.00"
"14/11/2017 17:00 - 14/11/2017 18:00","BZN|BG","5450.00","5387.00"
"14/11/2017 18:00 - 14/11/2017 19:00","BZN|BG","5410.00","5325.00"
"14/11/2017 19:00 - 14/11/2017 20:00","BZN|BG","5140.00","5044.00"
"14/11/2017 20:00 - 14/11/2017 21:00","BZN|BG","4868.00","4767.00"
"14/11/2017 21:00 - 14/11/2017 22:00","BZN|BG","4629.00","4541.00"
"14/11/2017 22:00 - 14/11/2017 23:00","BZN|BG","4292.00","4202.00"
"14/11/2017 23:00 - 15/11/2017 00:00","BZN|BG","3891.00","3903.00"
"15/11/2017 00:00 - 15/11/2017 01:00","BZN|BG","3658.00","3687.00"
"15/11/2017 01:00 - 15/11/2017 02:00","BZN|BG","3570.00","3586.00"
"15/11/2017 02:00 - 15/11/2017 03:00","BZN|BG","3533.00","3547.00"
"15/11/2017 03:00 - 15/11/2017 04:00","BZN|BG","3580.00","3577.00"
"15/11/2017 04:00 - 15/11/2017 05:00","BZN|BG","3720.00","3731.00"
"15/11/2017 05:00 - 15/11/2017 06:00","BZN|BG","4206.00","4172.00"
"15/11/2017 06:00 - 15/11/2017 07:00","BZN|BG","4707.00","4582.00"
"15/11/2017 07:00 - 15/11/2017 08:00","BZN|BG","5100.00","4847.00"
"15/11/2017 08:00 - 15/11/2017 09:00","BZN|BG","5235.00","4930.00"
"15/11/2017 09:00 - 15/11/2017 10:00","BZN|BG","5183.00","4814.00"
"15/11/2017 10:00 - 15/11/2017 11:00","BZN|BG","5109.00","4741.00"
"15/11/2017 11:00 - 15/11/2017 12:00","BZN|BG","5022.00","4621.00"
"15/11/2017 12:00 - 15/11/2017 13:00","BZN|BG","5078.00","4646.00"
"15/11/2017 13:00 - 15/11/2017 14:00","BZN|BG","5062.00","4639.00"
"15/11/2017 14:00 - 15/11/2017 15:00","BZN|BG","5107.00","4710.00"
"15/11/2017 15:00 - 15/11/2017 16:00","BZN|BG","5205.00","4850.00"
"15/11/2017 16:00 - 15/11/2017 17:00","BZN|BG","5402.00","5212.00"
"15/11/2017 17:00 - 15/11/2017 18:00","BZN|BG","5592.00","5509.00"
"15/11/2017 18:00 - 15/11/2017 19:00","BZN|BG","5564.00","5456.00"
"15/11/2017 19:00 - 15/11/2017 20:00","BZN|BG","5295.00","5187.00"
"15/11/2017 20:00 - 15/11/2017 21:00","BZN|BG","4983.00","4921.00"
"15/11/2017 21:00 - 15/11/2017 22:00","BZN|BG","4750.00","4699.00"
"15/11/2017 22:00 - 15/11/2017 23:00","BZN|BG","4450.00","4366.00"
"15/11/2017 23:00 - 16/11/2017 00:00","BZN|BG","3982.00","4070.00"
"16/11/2017 00:00 - 16/11/2017 01:00","BZN|BG","3776.00","3787.00"
"16/11/2017 01:00 - 16/11/2017 02:00","BZN|BG","3641.00","3659.00"
"16/11/2017 02:00 - 16/11/2017 03:00","BZN|BG","3632.00","3606.00"
"16/11/2017 03:00 - 16/11/2017 04:00","BZN|BG","3666.00","3638.00"
"16/11/2017 04:00 - 16/11/2017 05:00","BZN|BG","3804.00","3825.00"
"16/11/2017 05:00 - 16/11/2017 06:00","BZN|BG","4298.00","4361.00"
"16/11/2017 06:00 - 16/11/2017 07:00","BZN|BG","4773.00","4859.00"
"16/11/2017 07:00 - 16/11/2017 08:00","BZN|BG","5125.00","5175.00"
"16/11/2017 08:00 - 16/11/2017 09:00","BZN|BG","5272.00","5260.00"
"16/11/2017 09:00 - 16/11/2017 10:00","BZN|BG","5204.00","5177.00"
"16/11/2017 10:00 - 16/11/2017 11:00","BZN|BG","5194.00","5128.00"
"16/11/2017 11:00 - 16/11/2017 12:00","BZN|BG","5093.00","5051.00"
"16/11/2017 12:00 - 16/11/2017 13:00","BZN|BG","5132.00","5082.00"
"16/11/2017 13:00 - 16/11/2017 14:00","BZN|BG","5144.00","5079.00"
"16/11/2017 14:00 - 16/11/2017 15:00","BZN|BG","5165.00","5128.00"
"16/11/2017 15:00 - 16/11/2017 16:00","BZN|BG","5275.00","5230.00"
"16/11/2017 16:00 - 16/11/2017 17:00","BZN|BG","5516.00","5490.00"
"16/11/2017 17:00 - 16/11/2017 18:00","BZN|BG","5679.00","5692.00"
"16/11/2017 18:00 - 16/11/2017 19:00","BZN|BG","5651.00","5637.00"
"16/11/2017 19:00 - 16/11/2017 20:00","BZN|BG","5377.00","5373.00"
"16/11/2017 20:00 - 16/11/2017 21:00","BZN|BG","5066.00","5104.00"
"16/11/2017 21:00 - 16/11/2017 22:00","BZN|BG","4881.00","4878.00"
"16/11/2017 22:00 - 16/11/2017 23:00","BZN|BG","4500.00","4541.00"
"16/11/2017 23:00 - 17/11/2017 00:00","BZN|BG","4087.00","4007.00"
"17/11/2017 00:00 - 17/11/2017 01:00","BZN|BG","3850.00","3769.00"
"17/11/2017 01:00 - 17/11/2017 02:00","BZN|BG","3725.00","3666.00"
"17/11/2017 02:00 - 17/11/2017 03:00","BZN|BG","3703.00","3622.00"
"17/11/2017 03:00 - 17/11/2017 04:00","BZN|BG","3695.00","3654.00"
"17/11/2017 04:00 - 17/11/2017 05:00","BZN|BG","3835.00","3834.00"
"17/11/2017 05:00 - 17/11/2017 06:00","BZN|BG","4313.00","4353.00"
"17/11/2017 06:00 - 17/11/2017 07:00","BZN|BG","4814.00","4845.00"
"17/11/2017 07:00 - 17/11/2017 08:00","BZN|BG","5162.00","5168.00"
"17/11/2017 08:00 - 17/11/2017 09:00","BZN|BG","5291.00","5262.00"
"17/11/2017 09:00 - 17/11/2017 10:00","BZN|BG","5254.00","5196.00"
"17/11/2017 10:00 - 17/11/2017 11:00","BZN|BG","5168.00","5159.00"
"17/11/2017 11:00 - 17/11/2017 12:00","BZN|BG","5094.00","5095.00"
"17/11/2017 12:00 - 17/11/2017 13:00","BZN|BG","5146.00","5129.00"
"17/11/2017 13:00 - 17/11/2017 14:00","BZN|BG","5151.00","5123.00"
"17/11/2017 14:00 - 17/11/2017 15:00","BZN|BG","5201.00","5165.00"
"17/11/2017 15:00 - 17/11/2017 16:00","BZN|BG","5278.00","5253.00"
"17/11/2017 16:00 - 17/11/2017 17:00","BZN|BG","5507.00","5476.00"
"17/11/2017 17:00 - 17/11/2017 18:00","BZN|BG","5634.00","5652.00"
"17/11/2017 18:00 - 17/11/2017 19:00","BZN|BG","5548.00","5601.00"
"17/11/2017 19:00 - 17/11/2017 20:00","BZN|BG","5271.00","5331.00"
"17/11/2017 20:00 - 17/11/2017 21:00","BZN|BG","4981.00","5049.00"
"17/11/2017 21:00 - 17/11/2017 22:00","BZN|BG","4791.00","4818.00"
"17/11/2017 22:00 - 17/11/2017 23:00","BZN|BG","4511.00","4479.00"
"17/11/2017 23:00 - 18/11/2017 00:00","BZN|BG","4139.00","4052.00"
"18/11/2017 00:00 - 18/11/2017 01:00","BZN|BG","3877.00","3799.00"
"18/11/2017 01:00 - 18/11/2017 02:00","BZN|BG","3734.00","3686.00"
"18/11/2017 02:00 - 18/11/2017 03:00","BZN|BG","3696.00","3644.00"
"18/11/2017 03:00 - 18/11/2017 04:00","BZN|BG","3683.00","3634.00"
"18/11/2017 04:00 - 18/11/2017 05:00","BZN|BG","3736.00","3710.00"
"18/11/2017 05:00 - 18/11/2017 06:00","BZN|BG","3919.00","3892.00"
"18/11/2017 06:00 - 18/11/2017 07:00","BZN|BG","4189.00","4223.00"
"18/11/2017 07:00 - 18/11/2017 08:00","BZN|BG","4655.00","4703.00"
"18/11/2017 08:00 - 18/11/2017 09:00","BZN|BG","4923.00","4895.00"
"18/11/2017 09:00 - 18/11/2017 10:00","BZN|BG","4942.00","4881.00"
"18/11/2017 10:00 - 18/11/2017 11:00","BZN|BG","4922.00","4872.00"
"18/11/2017 11:00 - 18/11/2017 12:00","BZN|BG","4864.00","4850.00"
"18/11/2017 12:00 - 18/11/2017 13:00","BZN|BG","4765.00","4835.00"
"18/11/2017 13:00 - 18/11/2017 14:00","BZN|BG","4700.00","4803.00"
"18/11/2017 14:00 - 18/11/2017 15:00","BZN|BG","4767.00","4825.00"
"18/11/2017 15:00 - 18/11/2017 16:00","BZN|BG","4918.00","4961.00"
"18/11/2017 16:00 - 18/11/2017 17:00","BZN|BG","5275.00","5284.00"
"18/11/2017 17:00 - 18/11/2017 18:00","BZN|BG","5362.00","5436.00"
"18/11/2017 18:00 - 18/11/2017 19:00","BZN|BG","5158.00","5282.00"
"18/11/2017 19:00 - 18/11/2017 20:00","BZN|BG","4933.00","5041.00"
"18/11/2017 20:00 - 18/11/2017 21:00","BZN|BG","4666.00","4783.00"
"18/11/2017 21:00 - 18/11/2017 22:00","BZN|BG","4526.00","4640.00"
"18/11/2017 22:00 - 18/11/2017 23:00","BZN|BG","4315.00","4347.00"
"18/11/2017 23:00 - 19/11/2017 00:00","BZN|BG","4019.00","4055.00"
"19/11/2017 00:00 - 19/11/2017 01:00","BZN|BG","3763.00","3815.00"
"19/11/2017 01:00 - 19/11/2017 02:00","BZN|BG","3604.00","3681.00"
"19/11/2017 02:00 - 19/11/2017 03:00","BZN|BG","3543.00","3628.00"
"19/11/2017 03:00 - 19/11/2017 04:00","BZN|BG","3518.00","3612.00"
"19/11/2017 04:00 - 19/11/2017 05:00","BZN|BG","3580.00","3684.00"
"19/11/2017 05:00 - 19/11/2017 06:00","BZN|BG","3709.00","3849.00"
"19/11/2017 06:00 - 19/11/2017 07:00","BZN|BG","3889.00","4098.00"
"19/11/2017 07:00 - 19/11/2017 08:00","BZN|BG","4352.00","4521.00"
"19/11/2017 08:00 - 19/11/2017 09:00","BZN|BG","4670.00","4783.00"
"19/11/2017 09:00 - 19/11/2017 10:00","BZN|BG","4721.00","4798.00"
"19/11/2017 10:00 - 19/11/2017 11:00","BZN|BG","4753.00","4781.00"
"19/11/2017 11:00 - 19/11/2017 12:00","BZN|BG","4793.00","4761.00"
"19/11/2017 12:00 - 19/11/2017 13:00","BZN|BG","4724.00","4734.00"
"19/11/2017 13:00 - 19/11/2017 14:00","BZN|BG","4666.00","4728.00"
"19/11/2017 14:00 - 19/11/2017 15:00","BZN|BG","4727.00","4783.00"
"19/11/2017 15:00 - 19/11/2017 16:00","BZN|BG","4992.00","4952.00"
"19/11/2017 16:00 - 19/11/2017 17:00","BZN|BG","5501.00","5380.00"
"19/11/2017 17:00 - 19/11/2017 18:00","BZN|BG","5646.00","5532.00"
"19/11/2017 18:00 - 19/11/2017 19:00","BZN|BG","5482.00","5418.00"
"19/11/2017 19:00 - 19/11/2017 20:00","BZN|BG","5221.00","5180.00"
"19/11/2017 20:00 - 19/11/2017 21:00","BZN|BG","4898.00","4877.00"
"19/11/2017 21:00 - 19/11/2017 22:00","BZN|BG","4749.00","4695.00"
"19/11/2017 22:00 - 19/11/2017 23:00","BZN|BG","4499.00","4380.00"
"19/11/2017 23:00 - 20/11/2017 00:00","BZN|BG","4082.00","4059.00"
"20/11/2017 00:00 - 20/11/2017 01:00","BZN|BG","3835.00","3796.00"
"20/11/2017 01:00 - 20/11/2017 02:00","BZN|BG","3684.00","3699.00"
"20/11/2017 02:00 - 20/11/2017 03:00","BZN|BG","3583.00","3657.00"
"20/11/2017 03:00 - 20/11/2017 04:00","BZN|BG","3635.00","3720.00"
"20/11/2017 04:00 - 20/11/2017 05:00","BZN|BG","3815.00","3922.00"
"20/11/2017 05:00 - 20/11/2017 06:00","BZN|BG","4328.00","4486.00"
"20/11/2017 06:00 - 20/11/2017 07:00","BZN|BG","4905.00","5017.00"
"20/11/2017 07:00 - 20/11/2017 08:00","BZN|BG","5398.00","5343.00"
"20/11/2017 08:00 - 20/11/2017 09:00","BZN|BG","5628.00","5362.00"
"20/11/2017 09:00 - 20/11/2017 10:00","BZN|BG","5579.00","5277.00"
"20/11/2017 10:00 - 20/11/2017 11:00","BZN|BG","5479.00","5236.00"
"20/11/2017 11:00 - 20/11/2017 12:00","BZN|BG","5376.00","5173.00"
"20/11/2017 12:00 - 20/11/2017 13:00","BZN|BG","5397.00","5220.00"
"20/11/2017 13:00 - 20/11/2017 14:00","BZN|BG","5405.00","5202.00"
"20/11/2017 14:00 - 20/11/2017 15:00","BZN|BG","5474.00","5212.00"
"20/11/2017 15:00 - 20/11/2017 16:00","BZN|BG","5551.00","5304.00"
"20/11/2017 16:00 - 20/11/2017 17:00","BZN|BG","5746.00","5553.00"
"20/11/2017 17:00 - 20/11/2017 18:00","BZN|BG","5919.00","5752.00"
"20/11/2017 18:00 - 20/11/2017 19:00","BZN|BG","5838.00","5676.00"
"20/11/2017 19:00 - 20/11/2017 20:00","BZN|BG","5608.00","5405.00"
"20/11/2017 20:00 - 20/11/2017 21:00","BZN|BG","5344.00","5179.00"
"20/11/2017 21:00 - 20/11/2017 22:00","BZN|BG","5081.00","4939.00"
"20/11/2017 22:00 - 20/11/2017 23:00","BZN|BG","4707.00","4611.00"
"20/11/2017 23:00 - 21/11/2017 00:00","BZN|BG","4353.00","4343.00"
"21/11/2017 00:00 - 21/11/2017 01:00","BZN|BG","4100.00","4031.00"
"21/11/2017 01:00 - 21/11/2017 02:00","BZN|BG","3969.00","3875.00"
"21/11/2017 02:00 - 21/11/2017 03:00","BZN|BG","3939.00","3830.00"
"21/11/2017 03:00 - 21/11/2017 04:00","BZN|BG","3978.00","3863.00"
"21/11/2017 04:00 - 21/11/2017 05:00","BZN|BG","4142.00","4050.00"
"21/11/2017 05:00 - 21/11/2017 06:00","BZN|BG","4698.00","4640.00"
"21/11/2017 06:00 - 21/11/2017 07:00","BZN|BG","5175.00","5227.00"
"21/11/2017 07:00 - 21/11/2017 08:00","BZN|BG","5474.00","5639.00"
"21/11/2017 08:00 - 21/11/2017 09:00","BZN|BG","5499.00","5755.00"
"21/11/2017 09:00 - 21/11/2017 10:00","BZN|BG","5342.00","5685.00"
"21/11/2017 10:00 - 21/11/2017 11:00","BZN|BG","5165.00","5641.00"
"21/11/2017 11:00 - 21/11/2017 12:00","BZN|BG","5010.00","5562.00"
"21/11/2017 12:00 - 21/11/2017 13:00","BZN|BG","5055.00","5596.00"
"21/11/2017 13:00 - 21/11/2017 14:00","BZN|BG","5020.00","5587.00"
"21/11/2017 14:00 - 21/11/2017 15:00","BZN|BG","5104.00","5622.00"
"21/11/2017 15:00 - 21/11/2017 16:00","BZN|BG","5302.00","5714.00"
"21/11/2017 16:00 - 21/11/2017 17:00","BZN|BG","5694.00","5931.00"
"21/11/2017 17:00 - 21/11/2017 18:00","BZN|BG","5928.00","6081.00"
"21/11/2017 18:00 - 21/11/2017 19:00","BZN|BG","5895.00","6018.00"
"21/11/2017 19:00 - 21/11/2017 20:00","BZN|BG","5606.00","5726.00"
"21/11/2017 20:00 - 21/11/2017 21:00","BZN|BG","5327.00","5415.00"
"21/11/2017 21:00 - 21/11/2017 22:00","BZN|BG","5129.00","5191.00"
"21/11/2017 22:00 - 21/11/2017 23:00","BZN|BG","4729.00","4858.00"
"21/11/2017 23:00 - 22/11/2017 00:00","BZN|BG","4324.00","4419.00"
"22/11/2017 00:00 - 22/11/2017 01:00","BZN|BG","4058.00","4095.00"
"22/11/2017 01:00 - 22/11/2017 02:00","BZN|BG","3952.00","3942.00"
"22/11/2017 02:00 - 22/11/2017 03:00","BZN|BG","3904.00","3900.00"
"22/11/2017 03:00 - 22/11/2017 04:00","BZN|BG","3946.00","3924.00"
"22/11/2017 04:00 - 22/11/2017 05:00","BZN|BG","4095.00","4069.00"
"22/11/2017 05:00 - 22/11/2017 06:00","BZN|BG","4576.00","4544.00"
"22/11/2017 06:00 - 22/11/2017 07:00","BZN|BG","5082.00","5015.00"
"22/11/2017 07:00 - 22/11/2017 08:00","BZN|BG","5433.00","5350.00"
"22/11/2017 08:00 - 22/11/2017 09:00","BZN|BG","5506.00","5454.00"
"22/11/2017 09:00 - 22/11/2017 10:00","BZN|BG","5331.00","5346.00"
"22/11/2017 10:00 - 22/11/2017 11:00","BZN|BG","5242.00","5265.00"
"22/11/2017 11:00 - 22/11/2017 12:00","BZN|BG","5068.00","5146.00"
"22/11/2017 12:00 - 22/11/2017 13:00","BZN|BG","5102.00","5225.00"
"22/11/2017 13:00 - 22/11/2017 14:00","BZN|BG","5069.00","5217.00"
"22/11/2017 14:00 - 22/11/2017 15:00","BZN|BG","5133.00","5270.00"
"22/11/2017 15:00 - 22/11/2017 16:00","BZN|BG","5217.00","5410.00"
"22/11/2017 16:00 - 22/11/2017 17:00","BZN|BG","5636.00","5736.00"
"22/11/2017 17:00 - 22/11/2017 18:00","BZN|BG","5869.00","5959.00"
"22/11/2017 18:00 - 22/11/2017 19:00","BZN|BG","5843.00","5910.00"
"22/11/2017 19:00 - 22/11/2017 20:00","BZN|BG","5568.00","5625.00"
"22/11/2017 20:00 - 22/11/2017 21:00","BZN|BG","5335.00","5325.00"
"22/11/2017 21:00 - 22/11/2017 22:00","BZN|BG","5096.00","5108.00"
"22/11/2017 22:00 - 22/11/2017 23:00","BZN|BG","4700.00","4780.00"
"22/11/2017 23:00 - 23/11/2017 00:00","BZN|BG","4285.00","4313.00"
"23/11/2017 00:00 - 23/11/2017 01:00","BZN|BG","4033.00","4042.00"
"23/11/2017 01:00 - 23/11/2017 02:00","BZN|BG","3925.00","3914.00"
"23/11/2017 02:00 - 23/11/2017 03:00","BZN|BG","3899.00","3877.00"
"23/11/2017 03:00 - 23/11/2017 04:00","BZN|BG","3916.00","3902.00"
"23/11/2017 04:00 - 23/11/2017 05:00","BZN|BG","4080.00","4048.00"
"23/11/2017 05:00 - 23/11/2017 06:00","BZN|BG","4550.00","4522.00"
"23/11/2017 06:00 - 23/11/2017 07:00","BZN|BG","5046.00","4981.00"
"23/11/2017 07:00 - 23/11/2017 08:00","BZN|BG","5292.00","5292.00"
"23/11/2017 08:00 - 23/11/2017 09:00","BZN|BG","5372.00","5374.00"
"23/11/2017 09:00 - 23/11/2017 10:00","BZN|BG","5151.00","5229.00"
"23/11/2017 10:00 - 23/11/2017 11:00","BZN|BG","5023.00","5112.00"
"23/11/2017 11:00 - 23/11/2017 12:00","BZN|BG","4816.00","4959.00"
"23/11/2017 12:00 - 23/11/2017 13:00","BZN|BG","4791.00","5033.00"
"23/11/2017 13:00 - 23/11/2017 14:00","BZN|BG","4715.00","5023.00"
"23/11/2017 14:00 - 23/11/2017 15:00","BZN|BG","4789.00","5096.00"
"23/11/2017 15:00 - 23/11/2017 16:00","BZN|BG","4986.00","5255.00"
"23/11/2017 16:00 - 23/11/2017 17:00","BZN|BG","5455.00","5603.00"
"23/11/2017 17:00 - 23/11/2017 18:00","BZN|BG","5760.00","5831.00"
"23/11/2017 18:00 - 23/11/2017 19:00","BZN|BG","5718.00","5790.00"
"23/11/2017 19:00 - 23/11/2017 20:00","BZN|BG","5477.00","5517.00"
"23/11/2017 20:00 - 23/11/2017 21:00","BZN|BG","5223.00","5237.00"
"23/11/2017 21:00 - 23/11/2017 22:00","BZN|BG","5010.00","5031.00"
"23/11/2017 22:00 - 23/11/2017 23:00","BZN|BG","4674.00","4705.00"
"23/11/2017 23:00 - 24/11/2017 00:00","BZN|BG","4318.00","4248.00"
"24/11/2017 00:00 - 24/11/2017 01:00","BZN|BG","4068.00","4026.00"
"24/11/2017 01:00 - 24/11/2017 02:00","BZN|BG","3934.00","3926.00"
"24/11/2017 02:00 - 24/11/2017 03:00","BZN|BG","3895.00","3895.00"
"24/11/2017 03:00 - 24/11/2017 04:00","BZN|BG","3946.00","3919.00"
"24/11/2017 04:00 - 24/11/2017 05:00","BZN|BG","4106.00","4058.00"
"24/11/2017 05:00 - 24/11/2017 06:00","BZN|BG","4611.00","4502.00"
"24/11/2017 06:00 - 24/11/2017 07:00","BZN|BG","5098.00","4934.00"
"24/11/2017 07:00 - 24/11/2017 08:00","BZN|BG","5446.00","5227.00"
"24/11/2017 08:00 - 24/11/2017 09:00","BZN|BG","5539.00","5301.00"
"24/11/2017 09:00 - 24/11/2017 10:00","BZN|BG","5321.00","5123.00"
"24/11/2017 10:00 - 24/11/2017 11:00","BZN|BG","5165.00","4997.00"
"24/11/2017 11:00 - 24/11/2017 12:00","BZN|BG","4939.00","4815.00"
"24/11/2017 12:00 - 24/11/2017 13:00","BZN|BG","4937.00","4892.00"
"24/11/2017 13:00 - 24/11/2017 14:00","BZN|BG","4903.00","4879.00"
"24/11/2017 14:00 - 24/11/2017 15:00","BZN|BG","4941.00","4960.00"
"24/11/2017 15:00 - 24/11/2017 16:00","BZN|BG","5105.00","5123.00"
"24/11/2017 16:00 - 24/11/2017 17:00","BZN|BG","5548.00","5510.00"
"24/11/2017 17:00 - 24/11/2017 18:00","BZN|BG","5700.00","5765.00"
"24/11/2017 18:00 - 24/11/2017 19:00","BZN|BG","5610.00","5728.00"
"24/11/2017 19:00 - 24/11/2017 20:00","BZN|BG","5408.00","5462.00"
"24/11/2017 20:00 - 24/11/2017 21:00","BZN|BG","5166.00","5198.00"
"24/11/2017 21:00 - 24/11/2017 22:00","BZN|BG","5004.00","4993.00"
"24/11/2017 22:00 - 24/11/2017 23:00","BZN|BG","4702.00","4664.00"
"24/11/2017 23:00 - 25/11/2017 00:00","BZN|BG","4332.00","4265.00"
"25/11/2017 00:00 - 25/11/2017 01:00","BZN|BG","4074.00","4023.00"
"25/11/2017 01:00 - 25/11/2017 02:00","BZN|BG","3948.00","3882.00"
"25/11/2017 02:00 - 25/11/2017 03:00","BZN|BG","3851.00","3847.00"
"25/11/2017 03:00 - 25/11/2017 04:00","BZN|BG","3838.00","3840.00"
"25/11/2017 04:00 - 25/11/2017 05:00","BZN|BG","3908.00","3891.00"
"25/11/2017 05:00 - 25/11/2017 06:00","BZN|BG","4120.00","4084.00"
"25/11/2017 06:00 - 25/11/2017 07:00","BZN|BG","4381.00","4358.00"
"25/11/2017 07:00 - 25/11/2017 08:00","BZN|BG","4840.00","4828.00"
"25/11/2017 08:00 - 25/11/2017 09:00","BZN|BG","5095.00","5096.00"
"25/11/2017 09:00 - 25/11/2017 10:00","BZN|BG","5076.00","5121.00"
"25/11/2017 10:00 - 25/11/2017 11:00","BZN|BG","5027.00","5012.00"
"25/11/2017 11:00 - 25/11/2017 12:00","BZN|BG","4908.00","4894.00"
"25/11/2017 12:00 - 25/11/2017 13:00","BZN|BG","4796.00","4710.00"
"25/11/2017 13:00 - 25/11/2017 14:00","BZN|BG","4701.00","4548.00"
"25/11/2017 14:00 - 25/11/2017 15:00","BZN|BG","4707.00","4665.00"
"25/11/2017 15:00 - 25/11/2017 16:00","BZN|BG","4921.00","4865.00"
"25/11/2017 16:00 - 25/11/2017 17:00","BZN|BG","5370.00","5369.00"
"25/11/2017 17:00 - 25/11/2017 18:00","BZN|BG","5528.00","5501.00"
"25/11/2017 18:00 - 25/11/2017 19:00","BZN|BG","5353.00","5305.00"
"25/11/2017 19:00 - 25/11/2017 20:00","BZN|BG","5114.00","5092.00"
"25/11/2017 20:00 - 25/11/2017 21:00","BZN|BG","4874.00","4830.00"
"25/11/2017 21:00 - 25/11/2017 22:00","BZN|BG","4790.00","4706.00"
"25/11/2017 22:00 - 25/11/2017 23:00","BZN|BG","4499.00","4506.00"
"25/11/2017 23:00 - 26/11/2017 00:00","BZN|BG","4162.00","4146.00"
"26/11/2017 00:00 - 26/11/2017 01:00","BZN|BG","3921.00","3909.00"
"26/11/2017 01:00 - 26/11/2017 02:00","BZN|BG","3811.00","3774.00"
"26/11/2017 02:00 - 26/11/2017 03:00","BZN|BG","3754.00","3720.00"
"26/11/2017 03:00 - 26/11/2017 04:00","BZN|BG","3741.00","3690.00"
"26/11/2017 04:00 - 26/11/2017 05:00","BZN|BG","3760.00","3755.00"
"26/11/2017 05:00 - 26/11/2017 06:00","BZN|BG","3857.00","3885.00"
"26/11/2017 06:00 - 26/11/2017 07:00","BZN|BG","4087.00","4083.00"
"26/11/2017 07:00 - 26/11/2017 08:00","BZN|BG","4522.00","4543.00"
"26/11/2017 08:00 - 26/11/2017 09:00","BZN|BG","4826.00","4869.00"
"26/11/2017 09:00 - 26/11/2017 10:00","BZN|BG","4945.00","4941.00"
"26/11/2017 10:00 - 26/11/2017 11:00","BZN|BG","4948.00","4934.00"
"26/11/2017 11:00 - 26/11/2017 12:00","BZN|BG","4886.00","4951.00"
"26/11/2017 12:00 - 26/11/2017 13:00","BZN|BG","4764.00","4731.00"
"26/11/2017 13:00 - 26/11/2017 14:00","BZN|BG","4664.00","4418.00"
"26/11/2017 14:00 - 26/11/2017 15:00","BZN|BG","4691.00","4501.00"
"26/11/2017 15:00 - 26/11/2017 16:00","BZN|BG","4992.00","4785.00"
"26/11/2017 16:00 - 26/11/2017 17:00","BZN|BG","5584.00","5336.00"
"26/11/2017 17:00 - 26/11/2017 18:00","BZN|BG","5720.00","5506.00"
"26/11/2017 18:00 - 26/11/2017 19:00","BZN|BG","5604.00","5365.00"
"26/11/2017 19:00 - 26/11/2017 20:00","BZN|BG","5337.00","5119.00"
"26/11/2017 20:00 - 26/11/2017 21:00","BZN|BG","5003.00","4837.00"
"26/11/2017 21:00 - 26/11/2017 22:00","BZN|BG","4872.00","4710.00"
"26/11/2017 22:00 - 26/11/2017 23:00","BZN|BG","4503.00","4483.00"
"26/11/2017 23:00 - 27/11/2017 00:00","BZN|BG","4128.00","4125.00"
"27/11/2017 00:00 - 27/11/2017 01:00","BZN|BG","3874.00","3926.00"
"27/11/2017 01:00 - 27/11/2017 02:00","BZN|BG","3767.00","3819.00"
"27/11/2017 02:00 - 27/11/2017 03:00","BZN|BG","3746.00","3744.00"
"27/11/2017 03:00 - 27/11/2017 04:00","BZN|BG","3771.00","3788.00"
"27/11/2017 04:00 - 27/11/2017 05:00","BZN|BG","3985.00","3935.00"
"27/11/2017 05:00 - 27/11/2017 06:00","BZN|BG","4519.00","4338.00"
"27/11/2017 06:00 - 27/11/2017 07:00","BZN|BG","5048.00","4790.00"
"27/11/2017 07:00 - 27/11/2017 08:00","BZN|BG","5507.00","5168.00"
"27/11/2017 08:00 - 27/11/2017 09:00","BZN|BG","5734.00","5352.00"
"27/11/2017 09:00 - 27/11/2017 10:00","BZN|BG","5717.00","5259.00"
"27/11/2017 10:00 - 27/11/2017 11:00","BZN|BG","5716.00","5177.00"
"27/11/2017 11:00 - 27/11/2017 12:00","BZN|BG","5660.00","4988.00"
"27/11/2017 12:00 - 27/11/2017 13:00","BZN|BG","5713.00","5013.00"
"27/11/2017 13:00 - 27/11/2017 14:00","BZN|BG","5685.00","5046.00"
"27/11/2017 14:00 - 27/11/2017 15:00","BZN|BG","5709.00","5172.00"
"27/11/2017 15:00 - 27/11/2017 16:00","BZN|BG","5837.00","5283.00"
"27/11/2017 16:00 - 27/11/2017 17:00","BZN|BG","6001.00","5575.00"
"27/11/2017 17:00 - 27/11/2017 18:00","BZN|BG","6123.00","5823.00"
"27/11/2017 18:00 - 27/11/2017 19:00","BZN|BG","6058.00","5763.00"
"27/11/2017 19:00 - 27/11/2017 20:00","BZN|BG","5818.00","5517.00"
"27/11/2017 20:00 - 27/11/2017 21:00","BZN|BG","5519.00","5236.00"
"27/11/2017 21:00 - 27/11/2017 22:00","BZN|BG","5266.00","4967.00"
"27/11/2017 22:00 - 27/11/2017 23:00","BZN|BG","4881.00","4597.00"
"27/11/2017 23:00 - 28/11/2017 00:00","BZN|BG","4484.00","4352.00"
"28/11/2017 00:00 - 28/11/2017 01:00","BZN|BG","4222.00","4103.00"
"28/11/2017 01:00 - 28/11/2017 02:00","BZN|BG","4089.00","3988.00"
"28/11/2017 02:00 - 28/11/2017 03:00","BZN|BG","4069.00","3956.00"
"28/11/2017 03:00 - 28/11/2017 04:00","BZN|BG","4129.00","3988.00"
"28/11/2017 04:00 - 28/11/2017 05:00","BZN|BG","4330.00","4146.00"
"28/11/2017 05:00 - 28/11/2017 06:00","BZN|BG","4779.00","4644.00"
"28/11/2017 06:00 - 28/11/2017 07:00","BZN|BG","5298.00","5127.00"
"28/11/2017 07:00 - 28/11/2017 08:00","BZN|BG","5684.00","5428.00"
"28/11/2017 08:00 - 28/11/2017 09:00","BZN|BG","5880.00","5510.00"
"28/11/2017 09:00 - 28/11/2017 10:00","BZN|BG","5844.00","5367.00"
"28/11/2017 10:00 - 28/11/2017 11:00","BZN|BG","5831.00","5271.00"
"28/11/2017 11:00 - 28/11/2017 12:00","BZN|BG","5683.00","5124.00"
"28/11/2017 12:00 - 28/11/2017 13:00","BZN|BG","5637.00","5160.00"
"28/11/2017 13:00 - 28/11/2017 14:00","BZN|BG","5610.00","5139.00"
"28/11/2017 14:00 - 28/11/2017 15:00","BZN|BG","5644.00","5215.00"
"28/11/2017 15:00 - 28/11/2017 16:00","BZN|BG","5816.00","5362.00"
"28/11/2017 16:00 - 28/11/2017 17:00","BZN|BG","6075.00","5734.00"
"28/11/2017 17:00 - 28/11/2017 18:00","BZN|BG","6234.00","5946.00"
"28/11/2017 18:00 - 28/11/2017 19:00","BZN|BG","6187.00","5891.00"
"28/11/2017 19:00 - 28/11/2017 20:00","BZN|BG","5920.00","5598.00"
"28/11/2017 20:00 - 28/11/2017 21:00","BZN|BG","5669.00","5308.00"
"28/11/2017 21:00 - 28/11/2017 22:00","BZN|BG","5433.00","5088.00"
"28/11/2017 22:00 - 28/11/2017 23:00","BZN|BG","5061.00","4703.00"
"28/11/2017 23:00 - 29/11/2017 00:00","BZN|BG","4641.00","4391.00"
"29/11/2017 00:00 - 29/11/2017 01:00","BZN|BG","4404.00","4151.00"
"29/11/2017 01:00 - 29/11/2017 02:00","BZN|BG","4283.00","4048.00"
"29/11/2017 02:00 - 29/11/2017 03:00","BZN|BG","4248.00","4011.00"
"29/11/2017 03:00 - 29/11/2017 04:00","BZN|BG","4283.00","4059.00"
"29/11/2017 04:00 - 29/11/2017 05:00","BZN|BG","4442.00","4271.00"
"29/11/2017 05:00 - 29/11/2017 06:00","BZN|BG","4969.00","4915.00"
"29/11/2017 06:00 - 29/11/2017 07:00","BZN|BG","5487.00","5529.00"
"29/11/2017 07:00 - 29/11/2017 08:00","BZN|BG","5815.00","5885.00"
"29/11/2017 08:00 - 29/11/2017 09:00","BZN|BG","5887.00","5960.00"
"29/11/2017 09:00 - 29/11/2017 10:00","BZN|BG","5725.00","5928.00"
"29/11/2017 10:00 - 29/11/2017 11:00","BZN|BG","5578.00","5907.00"
"29/11/2017 11:00 - 29/11/2017 12:00","BZN|BG","5354.00","5876.00"
"29/11/2017 12:00 - 29/11/2017 13:00","BZN|BG","5310.00","5880.00"
"29/11/2017 13:00 - 29/11/2017 14:00","BZN|BG","5286.00","5874.00"
"29/11/2017 14:00 - 29/11/2017 15:00","BZN|BG","5343.00","5916.00"
"29/11/2017 15:00 - 29/11/2017 16:00","BZN|BG","5555.00","5993.00"
"29/11/2017 16:00 - 29/11/2017 17:00","BZN|BG","6032.00","6189.00"
"29/11/2017 17:00 - 29/11/2017 18:00","BZN|BG","6298.00","6299.00"
"29/11/2017 18:00 - 29/11/2017 19:00","BZN|BG","6273.00","6249.00"
"29/11/2017 19:00 - 29/11/2017 20:00","BZN|BG","5991.00","5963.00"
"29/11/2017 20:00 - 29/11/2017 21:00","BZN|BG","5749.00","5686.00"
"29/11/2017 21:00 - 29/11/2017 22:00","BZN|BG","5505.00","5454.00"
"29/11/2017 22:00 - 29/11/2017 23:00","BZN|BG","5152.00","5047.00"
"29/11/2017 23:00 - 30/11/2017 00:00","BZN|BG","4681.00","4551.00"
"30/11/2017 00:00 - 30/11/2017 01:00","BZN|BG","4408.00","4313.00"
"30/11/2017 01:00 - 30/11/2017 02:00","BZN|BG","4288.00","4209.00"
"30/11/2017 02:00 - 30/11/2017 03:00","BZN|BG","4234.00","4174.00"
"30/11/2017 03:00 - 30/11/2017 04:00","BZN|BG","4282.00","4213.00"
"30/11/2017 04:00 - 30/11/2017 05:00","BZN|BG","4434.00","4390.00"
"30/11/2017 05:00 - 30/11/2017 06:00","BZN|BG","4970.00","4895.00"
"30/11/2017 06:00 - 30/11/2017 07:00","BZN|BG","5478.00","5393.00"
"30/11/2017 07:00 - 30/11/2017 08:00","BZN|BG","5814.00","5692.00"
"30/11/2017 08:00 - 30/11/2017 09:00","BZN|BG","5916.00","5782.00"
"30/11/2017 09:00 - 30/11/2017 10:00","BZN|BG","5794.00","5708.00"
"30/11/2017 10:00 - 30/11/2017 11:00","BZN|BG","5732.00","5655.00"
"30/11/2017 11:00 - 30/11/2017 12:00","BZN|BG","5585.00","5571.00"
"30/11/2017 12:00 - 30/11/2017 13:00","BZN|BG","5546.00","5578.00"
"30/11/2017 13:00 - 30/11/2017 14:00","BZN|BG","5461.00","5565.00"
"30/11/2017 14:00 - 30/11/2017 15:00","BZN|BG","5517.00","5637.00"
"30/11/2017 15:00 - 30/11/2017 16:00","BZN|BG","5683.00","5761.00"
"30/11/2017 16:00 - 30/11/2017 17:00","BZN|BG","5865.00","6058.00"
"30/11/2017 17:00 - 30/11/2017 18:00","BZN|BG","5972.00","6228.00"
"30/11/2017 18:00 - 30/11/2017 19:00","BZN|BG","5860.00","6177.00"
"30/11/2017 19:00 - 30/11/2017 20:00","BZN|BG","5635.00","5899.00"
"30/11/2017 20:00 - 30/11/2017 21:00","BZN|BG","5361.00","5635.00"
"30/11/2017 21:00 - 30/11/2017 22:00","BZN|BG","5112.00","5406.00"
"30/11/2017 22:00 - 30/11/2017 23:00","BZN|BG","4788.00","5018.00"
"30/11/2017 23:00 - 01/12/2017 00:00","BZN|BG","4362.00","4446.00"
"01/12/2017 00:00 - 01/12/2017 01:00","BZN|BG","4084.00","4194.00"
"01/12/2017 01:00 - 01/12/2017 02:00","BZN|BG","3990.00","4082.00"
"01/12/2017 02:00 - 01/12/2017 03:00","BZN|BG","3929.00","4047.00"
"01/12/2017 03:00 - 01/12/2017 04:00","BZN|BG","3908.00","4082.00"
"01/12/2017 04:00 - 01/12/2017 05:00","BZN|BG","4101.00","4241.00"
"01/12/2017 05:00 - 01/12/2017 06:00","BZN|BG","4568.00","4701.00"
"01/12/2017 06:00 - 01/12/2017 07:00","BZN|BG","5043.00","5159.00"
"01/12/2017 07:00 - 01/12/2017 08:00","BZN|BG","5338.00","5432.00"
"01/12/2017 08:00 - 01/12/2017 09:00","BZN|BG","5431.00","5510.00"
"01/12/2017 09:00 - 01/12/2017 10:00","BZN|BG","5347.00","5367.00"
"01/12/2017 10:00 - 01/12/2017 11:00","BZN|BG","5320.00","5263.00"
"01/12/2017 11:00 - 01/12/2017 12:00","BZN|BG","5228.00","5105.00"
"01/12/2017 12:00 - 01/12/2017 13:00","BZN|BG","5251.00","5107.00"
"01/12/2017 13:00 - 01/12/2017 14:00","BZN|BG","5211.00","5087.00"
"01/12/2017 14:00 - 01/12/2017 15:00","BZN|BG","5245.00","5167.00"
"01/12/2017 15:00 - 01/12/2017 16:00","BZN|BG","5399.00","5316.00"
"01/12/2017 16:00 - 01/12/2017 17:00","BZN|BG","5637.00","5667.00"
"01/12/2017 17:00 - 01/12/2017 18:00","BZN|BG","5747.00","5868.00"
"01/12/2017 18:00 - 01/12/2017 19:00","BZN|BG","5649.00","5825.00"
"01/12/2017 19:00 - 01/12/2017 20:00","BZN|BG","5370.00","5570.00"
"01/12/2017 20:00 - 01/12/2017 21:00","BZN|BG","5105.00","5329.00"
"01/12/2017 21:00 - 01/12/2017 22:00","BZN|BG","4930.00","5117.00"
"01/12/2017 22:00 - 01/12/2017 23:00","BZN|BG","4664.00","4765.00"
"01/12/2017 23:00 - 02/12/2017 00:00","BZN|BG","4302.00","4367.00"
"02/12/2017 00:00 - 02/12/2017 01:00","BZN|BG","4074.00","4134.00"
"02/12/2017 01:00 - 02/12/2017 02:00","BZN|BG","3951.00","4028.00"
"02/12/2017 02:00 - 02/12/2017 03:00","BZN|BG","3893.00","3941.00"
"02/12/2017 03:00 - 02/12/2017 04:00","BZN|BG","3850.00","3922.00"
"02/12/2017 04:00 - 02/12/2017 05:00","BZN|BG","3886.00","3981.00"
"02/12/2017 05:00 - 02/12/2017 06:00","BZN|BG","4070.00","4178.00"
"02/12/2017 06:00 - 02/12/2017 07:00","BZN|BG","4314.00","4421.00"
"02/12/2017 07:00 - 02/12/2017 08:00","BZN|BG","4745.00","4814.00"
"02/12/2017 08:00 - 02/12/2017 09:00","BZN|BG","4988.00","5034.00"
"02/12/2017 09:00 - 02/12/2017 10:00","BZN|BG","5007.00","5001.00"
"02/12/2017 10:00 - 02/12/2017 11:00","BZN|BG","5021.00","4946.00"
"02/12/2017 11:00 - 02/12/2017 12:00","BZN|BG","4948.00","4806.00"
"02/12/2017 12:00 - 02/12/2017 13:00","BZN|BG","4859.00","4683.00"
"02/12/2017 13:00 - 02/12/2017 14:00","BZN|BG","4758.00","4605.00"
"02/12/2017 14:00 - 02/12/2017 15:00","BZN|BG","4817.00","4637.00"
"02/12/2017 15:00 - 02/12/2017 16:00","BZN|BG","5066.00","4869.00"
"02/12/2017 16:00 - 02/12/2017 17:00","BZN|BG","5396.00","5357.00"
"02/12/2017 17:00 - 02/12/2017 18:00","BZN|BG","5429.00","5519.00"
"02/12/2017 18:00 - 02/12/2017 19:00","BZN|BG","5282.00","5375.00"
"02/12/2017 19:00 - 02/12/2017 20:00","BZN|BG","5018.00","5140.00"
"02/12/2017 20:00 - 02/12/2017 21:00","BZN|BG","4755.00","4901.00"
"02/12/2017 21:00 - 02/12/2017 22:00","BZN|BG","4628.00","4774.00"
"02/12/2017 22:00 - 02/12/2017 23:00","BZN|BG","4351.00","4501.00"
"02/12/2017 23:00 - 03/12/2017 00:00","BZN|BG","4016.00","4251.00"
"03/12/2017 00:00 - 03/12/2017 01:00","BZN|BG","3806.00","3992.00"
"03/12/2017 01:00 - 03/12/2017 02:00","BZN|BG","3686.00","3895.00"
"03/12/2017 02:00 - 03/12/2017 03:00","BZN|BG","3613.00","3820.00"
"03/12/2017 03:00 - 03/12/2017 04:00","BZN|BG","3604.00","3804.00"
"03/12/2017 04:00 - 03/12/2017 05:00","BZN|BG","3633.00","3822.00"
"03/12/2017 05:00 - 03/12/2017 06:00","BZN|BG","3769.00","3912.00"
"03/12/2017 06:00 - 03/12/2017 07:00","BZN|BG","3986.00","4127.00"
"03/12/2017 07:00 - 03/12/2017 08:00","BZN|BG","4383.00","4525.00"
"03/12/2017 08:00 - 03/12/2017 09:00","BZN|BG","4702.00","4794.00"
"03/12/2017 09:00 - 03/12/2017 10:00","BZN|BG","4793.00","4882.00"
"03/12/2017 10:00 - 03/12/2017 11:00","BZN|BG","4779.00","4885.00"
"03/12/2017 11:00 - 03/12/2017 12:00","BZN|BG","4699.00","4800.00"
"03/12/2017 12:00 - 03/12/2017 13:00","BZN|BG","4579.00","4645.00"
"03/12/2017 13:00 - 03/12/2017 14:00","BZN|BG","4487.00","4526.00"
"03/12/2017 14:00 - 03/12/2017 15:00","BZN|BG","4529.00","4575.00"
"03/12/2017 15:00 - 03/12/2017 16:00","BZN|BG","4832.00","4911.00"
"03/12/2017 16:00 - 03/12/2017 17:00","BZN|BG","5409.00","5501.00"
"03/12/2017 17:00 - 03/12/2017 18:00","BZN|BG","5528.00","5628.00"
"03/12/2017 18:00 - 03/12/2017 19:00","BZN|BG","5433.00","5504.00"
"03/12/2017 19:00 - 03/12/2017 20:00","BZN|BG","5170.00","5258.00"
"03/12/2017 20:00 - 03/12/2017 21:00","BZN|BG","4888.00","4951.00"
"03/12/2017 21:00 - 03/12/2017 22:00","BZN|BG","4743.00","4836.00"
"03/12/2017 22:00 - 03/12/2017 23:00","BZN|BG","4408.00","4492.00"
"03/12/2017 23:00 - 04/12/2017 00:00","BZN|BG","3999.00","4408.00"
"04/12/2017 00:00 - 04/12/2017 01:00","BZN|BG","3789.00","4027.00"
"04/12/2017 01:00 - 04/12/2017 02:00","BZN|BG","3663.00","3877.00"
"04/12/2017 02:00 - 04/12/2017 03:00","BZN|BG","3644.00","3849.00"
"04/12/2017 03:00 - 04/12/2017 04:00","BZN|BG","3694.00","3871.00"
"04/12/2017 04:00 - 04/12/2017 05:00","BZN|BG","3911.00","4061.00"
"04/12/2017 05:00 - 04/12/2017 06:00","BZN|BG","4440.00","4517.00"
"04/12/2017 06:00 - 04/12/2017 07:00","BZN|BG","5001.00","4959.00"
"04/12/2017 07:00 - 04/12/2017 08:00","BZN|BG","5430.00","5338.00"
"04/12/2017 08:00 - 04/12/2017 09:00","BZN|BG","5621.00","5532.00"
"04/12/2017 09:00 - 04/12/2017 10:00","BZN|BG","5517.00","5481.00"
"04/12/2017 10:00 - 04/12/2017 11:00","BZN|BG","5508.00","5451.00"
"04/12/2017 11:00 - 04/12/2017 12:00","BZN|BG","5411.00","5293.00"
"04/12/2017 12:00 - 04/12/2017 13:00","BZN|BG","5408.00","5364.00"
"04/12/2017 13:00 - 04/12/2017 14:00","BZN|BG","5374.00","5343.00"
"04/12/2017 14:00 - 04/12/2017 15:00","BZN|BG","5448.00","5376.00"
"04/12/2017 15:00 - 04/12/2017 16:00","BZN|BG","5609.00","5520.00"
"04/12/2017 16:00 - 04/12/2017 17:00","BZN|BG","5834.00","5690.00"
"04/12/2017 17:00 - 04/12/2017 18:00","BZN|BG","5991.00","5807.00"
"04/12/2017 18:00 - 04/12/2017 19:00","BZN|BG","5948.00","5763.00"
"04/12/2017 19:00 - 04/12/2017 20:00","BZN|BG","5708.00","5585.00"
"04/12/2017 20:00 - 04/12/2017 21:00","BZN|BG","5457.00","5355.00"
"04/12/2017 21:00 - 04/12/2017 22:00","BZN|BG","5198.00","5185.00"
"04/12/2017 22:00 - 04/12/2017 23:00","BZN|BG","4849.00","4908.00"
"04/12/2017 23:00 - 05/12/2017 00:00","BZN|BG","4504.00","4245.00"
"05/12/2017 00:00 - 05/12/2017 01:00","BZN|BG","4257.00","4033.00"
"05/12/2017 01:00 - 05/12/2017 02:00","BZN|BG","4148.00","3930.00"
"05/12/2017 02:00 - 05/12/2017 03:00","BZN|BG","4122.00","3895.00"
"05/12/2017 03:00 - 05/12/2017 04:00","BZN|BG","4157.00","3923.00"
"05/12/2017 04:00 - 05/12/2017 05:00","BZN|BG","4315.00","4092.00"
"05/12/2017 05:00 - 05/12/2017 06:00","BZN|BG","4822.00","4639.00"
"05/12/2017 06:00 - 05/12/2017 07:00","BZN|BG","5351.00","5269.00"
"05/12/2017 07:00 - 05/12/2017 08:00","BZN|BG","5708.00","5707.00"
"05/12/2017 08:00 - 05/12/2017 09:00","BZN|BG","5825.00","5895.00"
"05/12/2017 09:00 - 05/12/2017 10:00","BZN|BG","5709.00","5820.00"
"05/12/2017 10:00 - 05/12/2017 11:00","BZN|BG","5632.00","5732.00"
"05/12/2017 11:00 - 05/12/2017 12:00","BZN|BG","5496.00","5593.00"
"05/12/2017 12:00 - 05/12/2017 13:00","BZN|BG","5512.00","5557.00"
"05/12/2017 13:00 - 05/12/2017 14:00","BZN|BG","5514.00","5549.00"
"05/12/2017 14:00 - 05/12/2017 15:00","BZN|BG","5590.00","5595.00"
"05/12/2017 15:00 - 05/12/2017 16:00","BZN|BG","5792.00","5723.00"
"05/12/2017 16:00 - 05/12/2017 17:00","BZN|BG","6093.00","5999.00"
"05/12/2017 17:00 - 05/12/2017 18:00","BZN|BG","6295.00","6168.00"
"05/12/2017 18:00 - 05/12/2017 19:00","BZN|BG","6260.00","6124.00"
"05/12/2017 19:00 - 05/12/2017 20:00","BZN|BG","6029.00","5872.00"
"05/12/2017 20:00 - 05/12/2017 21:00","BZN|BG","5775.00","5581.00"
"05/12/2017 21:00 - 05/12/2017 22:00","BZN|BG","5519.00","5320.00"
"05/12/2017 22:00 - 05/12/2017 23:00","BZN|BG","5106.00","4968.00"
"05/12/2017 23:00 - 06/12/2017 00:00","BZN|BG","4642.00","4487.00"
"06/12/2017 00:00 - 06/12/2017 01:00","BZN|BG","4399.00","4241.00"
"06/12/2017 01:00 - 06/12/2017 02:00","BZN|BG","4271.00","4123.00"
"06/12/2017 02:00 - 06/12/2017 03:00","BZN|BG","4228.00","4082.00"
"06/12/2017 03:00 - 06/12/2017 04:00","BZN|BG","4258.00","4100.00"
"06/12/2017 04:00 - 06/12/2017 05:00","BZN|BG","4431.00","4243.00"
"06/12/2017 05:00 - 06/12/2017 06:00","BZN|BG","4930.00","4717.00"
"06/12/2017 06:00 - 06/12/2017 07:00","BZN|BG","5461.00","5294.00"
"06/12/2017 07:00 - 06/12/2017 08:00","BZN|BG","5792.00","5701.00"
"06/12/2017 08:00 - 06/12/2017 09:00","BZN|BG","5903.00","5887.00"
"06/12/2017 09:00 - 06/12/2017 10:00","BZN|BG","5825.00","5842.00"
"06/12/2017 10:00 - 06/12/2017 11:00","BZN|BG","5746.00","5766.00"
"06/12/2017 11:00 - 06/12/2017 12:00","BZN|BG","5562.00","5638.00"
"06/12/2017 12:00 - 06/12/2017 13:00","BZN|BG","5534.00","5588.00"
"06/12/2017 13:00 - 06/12/2017 14:00","BZN|BG","5499.00","5587.00"
"06/12/2017 14:00 - 06/12/2017 15:00","BZN|BG","5566.00","5635.00"
"06/12/2017 15:00 - 06/12/2017 16:00","BZN|BG","5821.00","5765.00"
"06/12/2017 16:00 - 06/12/2017 17:00","BZN|BG","6225.00","6022.00"
"06/12/2017 17:00 - 06/12/2017 18:00","BZN|BG","6381.00","6203.00"
"06/12/2017 18:00 - 06/12/2017 19:00","BZN|BG","6164.00","6179.00"
"06/12/2017 19:00 - 06/12/2017 20:00","BZN|BG","5799.00","5943.00"
"06/12/2017 20:00 - 06/12/2017 21:00","BZN|BG","5536.00","5673.00"
"06/12/2017 21:00 - 06/12/2017 22:00","BZN|BG","5370.00","5418.00"
"06/12/2017 22:00 - 06/12/2017 23:00","BZN|BG","5074.00","5096.00"
"06/12/2017 23:00 - 07/12/2017 00:00","BZN|BG","4652.00","4618.00"
"07/12/2017 00:00 - 07/12/2017 01:00","BZN|BG","4371.00","4359.00"
"07/12/2017 01:00 - 07/12/2017 02:00","BZN|BG","4231.00","4231.00"
"07/12/2017 02:00 - 07/12/2017 03:00","BZN|BG","4181.00","4194.00"
"07/12/2017 03:00 - 07/12/2017 04:00","BZN|BG","4214.00","4213.00"
"07/12/2017 04:00 - 07/12/2017 05:00","BZN|BG","4377.00","4338.00"
"07/12/2017 05:00 - 07/12/2017 06:00","BZN|BG","4909.00","4762.00"
"07/12/2017 06:00 - 07/12/2017 07:00","BZN|BG","5395.00","5259.00"
"07/12/2017 07:00 - 07/12/2017 08:00","BZN|BG","5676.00","5614.00"
"07/12/2017 08:00 - 07/12/2017 09:00","BZN|BG","5714.00","5761.00"
"07/12/2017 09:00 - 07/12/2017 10:00","BZN|BG","5470.00","5644.00"
"07/12/2017 10:00 - 07/12/2017 11:00","BZN|BG","5318.00","5524.00"
"07/12/2017 11:00 - 07/12/2017 12:00","BZN|BG","5117.00","5299.00"
"07/12/2017 12:00 - 07/12/2017 13:00","BZN|BG","5052.00","5234.00"
"07/12/2017 13:00 - 07/12/2017 14:00","BZN|BG","4979.00","5199.00"
"07/12/2017 14:00 - 07/12/2017 15:00","BZN|BG","5032.00","5260.00"
"07/12/2017 15:00 - 07/12/2017 16:00","BZN|BG","5284.00","5488.00"
"07/12/2017 16:00 - 07/12/2017 17:00","BZN|BG","5756.00","5886.00"
"07/12/2017 17:00 - 07/12/2017 18:00","BZN|BG","5995.00","6166.00"
"07/12/2017 18:00 - 07/12/2017 19:00","BZN|BG","5952.00","6147.00"
"07/12/2017 19:00 - 07/12/2017 20:00","BZN|BG","5765.00","5915.00"
"07/12/2017 20:00 - 07/12/2017 21:00","BZN|BG","5556.00","5647.00"
"07/12/2017 21:00 - 07/12/2017 22:00","BZN|BG","5336.00","5388.00"
"07/12/2017 22:00 - 07/12/2017 23:00","BZN|BG","4936.00","5044.00"
"07/12/2017 23:00 - 08/12/2017 00:00","BZN|BG","4506.00","4548.00"
"08/12/2017 00:00 - 08/12/2017 01:00","BZN|BG","4232.00","4291.00"
"08/12/2017 01:00 - 08/12/2017 02:00","BZN|BG","4101.00","4168.00"
"08/12/2017 02:00 - 08/12/2017 03:00","BZN|BG","4061.00","4129.00"
"08/12/2017 03:00 - 08/12/2017 04:00","BZN|BG","4116.00","4148.00"
"08/12/2017 04:00 - 08/12/2017 05:00","BZN|BG","4295.00","4274.00"
"08/12/2017 05:00 - 08/12/2017 06:00","BZN|BG","4809.00","4687.00"
"08/12/2017 06:00 - 08/12/2017 07:00","BZN|BG","5373.00","5165.00"
"08/12/2017 07:00 - 08/12/2017 08:00","BZN|BG","5689.00","5494.00"
"08/12/2017 08:00 - 08/12/2017 09:00","BZN|BG","5688.00","5628.00"
"08/12/2017 09:00 - 08/12/2017 10:00","BZN|BG","5437.00","5512.00"
"08/12/2017 10:00 - 08/12/2017 11:00","BZN|BG","5248.00","5399.00"
"08/12/2017 11:00 - 08/12/2017 12:00","BZN|BG","5026.00","5172.00"
"08/12/2017 12:00 - 08/12/2017 13:00","BZN|BG","4972.00","5124.00"
"08/12/2017 13:00 - 08/12/2017 14:00","BZN|BG","4912.00","5092.00"
"08/12/2017 14:00 - 08/12/2017 15:00","BZN|BG","4957.00","5159.00"
"08/12/2017 15:00 - 08/12/2017 16:00","BZN|BG","5254.00","5420.00"
"08/12/2017 16:00 - 08/12/2017 17:00","BZN|BG","5729.00","5865.00"
"08/12/2017 17:00 - 08/12/2017 18:00","BZN|BG","5975.00","6149.00"
"08/12/2017 18:00 - 08/12/2017 19:00","BZN|BG","5910.00","6097.00"
"08/12/2017 19:00 - 08/12/2017 20:00","BZN|BG","5642.00","5826.00"
"08/12/2017 20:00 - 08/12/2017 21:00","BZN|BG","5349.00","5544.00"
"08/12/2017 21:00 - 08/12/2017 22:00","BZN|BG","5207.00","5283.00"
"08/12/2017 22:00 - 08/12/2017 23:00","BZN|BG","4889.00","4922.00"
"08/12/2017 23:00 - 09/12/2017 00:00","BZN|BG","4493.00","4549.00"
"09/12/2017 00:00 - 09/12/2017 01:00","BZN|BG","4227.00","4308.00"
"09/12/2017 01:00 - 09/12/2017 02:00","BZN|BG","4110.00","4186.00"
"09/12/2017 02:00 - 09/12/2017 03:00","BZN|BG","4058.00","4113.00"
"09/12/2017 03:00 - 09/12/2017 04:00","BZN|BG","4043.00","4046.00"
"09/12/2017 04:00 - 09/12/2017 05:00","BZN|BG","4092.00","4075.00"
"09/12/2017 05:00 - 09/12/2017 06:00","BZN|BG","4282.00","4098.00"
"09/12/2017 06:00 - 09/12/2017 07:00","BZN|BG","4591.00","4299.00"
"09/12/2017 07:00 - 09/12/2017 08:00","BZN|BG","5081.00","4579.00"
"09/12/2017 08:00 - 09/12/2017 09:00","BZN|BG","5274.00","5017.00"
"09/12/2017 09:00 - 09/12/2017 10:00","BZN|BG","5178.00","5260.00"
"09/12/2017 10:00 - 09/12/2017 11:00","BZN|BG","5017.00","5285.00"
"09/12/2017 11:00 - 09/12/2017 12:00","BZN|BG","4883.00","5302.00"
"09/12/2017 12:00 - 09/12/2017 13:00","BZN|BG","4750.00","5118.00"
"09/12/2017 13:00 - 09/12/2017 14:00","BZN|BG","4644.00","4860.00"
"09/12/2017 14:00 - 09/12/2017 15:00","BZN|BG","4723.00","4572.00"
"09/12/2017 15:00 - 09/12/2017 16:00","BZN|BG","4951.00","4630.00"
"09/12/2017 16:00 - 09/12/2017 17:00","BZN|BG","5458.00","5049.00"
"09/12/2017 17:00 - 09/12/2017 18:00","BZN|BG","5575.00","5633.00"
"09/12/2017 18:00 - 09/12/2017 19:00","BZN|BG","5426.00","5664.00"
"09/12/2017 19:00 - 09/12/2017 20:00","BZN|BG","5197.00","5498.00"
"09/12/2017 20:00 - 09/12/2017 21:00","BZN|BG","4913.00","5201.00"
"09/12/2017 21:00 - 09/12/2017 22:00","BZN|BG","4779.00","4912.00"
"09/12/2017 22:00 - 09/12/2017 23:00","BZN|BG","4541.00","4755.00"
"09/12/2017 23:00 - 10/12/2017 00:00","BZN|BG","4255.00","4402.00"
"10/12/2017 00:00 - 10/12/2017 01:00","BZN|BG","4062.00","4161.00"
"10/12/2017 01:00 - 10/12/2017 02:00","BZN|BG","3927.00","4020.00"
"10/12/2017 02:00 - 10/12/2017 03:00","BZN|BG","3906.00","3930.00"
"10/12/2017 03:00 - 10/12/2017 04:00","BZN|BG","3878.00","3926.00"
"10/12/2017 04:00 - 10/12/2017 05:00","BZN|BG","3766.00","3963.00"
"10/12/2017 05:00 - 10/12/2017 06:00","BZN|BG","4030.00","4128.00"
"10/12/2017 06:00 - 10/12/2017 07:00","BZN|BG","4305.00","4398.00"
"10/12/2017 07:00 - 10/12/2017 08:00","BZN|BG","4745.00","4829.00"
"10/12/2017 08:00 - 10/12/2017 09:00","BZN|BG","5070.00","5218.00"
"10/12/2017 09:00 - 10/12/2017 10:00","BZN|BG","5133.00","5340.00"
"10/12/2017 10:00 - 10/12/2017 11:00","BZN|BG","5095.00","5298.00"
"10/12/2017 11:00 - 10/12/2017 12:00","BZN|BG","5018.00","5092.00"
"10/12/2017 12:00 - 10/12/2017 13:00","BZN|BG","4895.00","4854.00"
"10/12/2017 13:00 - 10/12/2017 14:00","BZN|BG","4785.00","4649.00"
"10/12/2017 14:00 - 10/12/2017 15:00","BZN|BG","4908.00","4707.00"
"10/12/2017 15:00 - 10/12/2017 16:00","BZN|BG","5221.00","5083.00"
"10/12/2017 16:00 - 10/12/2017 17:00","BZN|BG","5847.00","5735.00"
"10/12/2017 17:00 - 10/12/2017 18:00","BZN|BG","6037.00","5908.00"
"10/12/2017 18:00 - 10/12/2017 19:00","BZN|BG","5935.00","5803.00"
"10/12/2017 19:00 - 10/12/2017 20:00","BZN|BG","5705.00","5568.00"
"10/12/2017 20:00 - 10/12/2017 21:00","BZN|BG","5423.00","5301.00"
"10/12/2017 21:00 - 10/12/2017 22:00","BZN|BG","5256.00","5171.00"
"10/12/2017 22:00 - 10/12/2017 23:00","BZN|BG","4843.00","4852.00"
"10/12/2017 23:00 - 11/12/2017 00:00","BZN|BG","4425.00","4587.00"
"11/12/2017 00:00 - 11/12/2017 01:00","BZN|BG","4205.00","4327.00"
"11/12/2017 01:00 - 11/12/2017 02:00","BZN|BG","4116.00","4177.00"
"11/12/2017 02:00 - 11/12/2017 03:00","BZN|BG","4094.00","4136.00"
"11/12/2017 03:00 - 11/12/2017 04:00","BZN|BG","4127.00","4186.00"
"11/12/2017 04:00 - 11/12/2017 05:00","BZN|BG","4331.00","4386.00"
"11/12/2017 05:00 - 11/12/2017 06:00","BZN|BG","4912.00","4883.00"
"11/12/2017 06:00 - 11/12/2017 07:00","BZN|BG","5487.00","5396.00"
"11/12/2017 07:00 - 11/12/2017 08:00","BZN|BG","5883.00","5772.00"
"11/12/2017 08:00 - 11/12/2017 09:00","BZN|BG","6005.00","5939.00"
"11/12/2017 09:00 - 11/12/2017 10:00","BZN|BG","5812.00","5755.00"
"11/12/2017 10:00 - 11/12/2017 11:00","BZN|BG","5637.00","5752.00"
"11/12/2017 11:00 - 11/12/2017 12:00","BZN|BG","5491.00","5554.00"
"11/12/2017 12:00 - 11/12/2017 13:00","BZN|BG","5482.00","5537.00"
"11/12/2017 13:00 - 11/12/2017 14:00","BZN|BG","5479.00","5499.00"
"11/12/2017 14:00 - 11/12/2017 15:00","BZN|BG","5530.00","5568.00"
"11/12/2017 15:00 - 11/12/2017 16:00","BZN|BG","5710.00","5740.00"
"11/12/2017 16:00 - 11/12/2017 17:00","BZN|BG","6036.00","5995.00"
"11/12/2017 17:00 - 11/12/2017 18:00","BZN|BG","6178.00","6169.00"
"11/12/2017 18:00 - 11/12/2017 19:00","BZN|BG","6147.00","6141.00"
"11/12/2017 19:00 - 11/12/2017 20:00","BZN|BG","5912.00","5931.00"
"11/12/2017 20:00 - 11/12/2017 21:00","BZN|BG","5629.00","5693.00"
"11/12/2017 21:00 - 11/12/2017 22:00","BZN|BG","5372.00","5446.00"
"11/12/2017 22:00 - 11/12/2017 23:00","BZN|BG","5152.00","5146.00"
"11/12/2017 23:00 - 12/12/2017 00:00","BZN|BG","4645.00","4663.00"
"12/12/2017 00:00 - 12/12/2017 01:00","BZN|BG","4384.00","4402.00"
"12/12/2017 01:00 - 12/12/2017 02:00","BZN|BG","4229.00","4291.00"
"12/12/2017 02:00 - 12/12/2017 03:00","BZN|BG","4181.00","4246.00"
"12/12/2017 03:00 - 12/12/2017 04:00","BZN|BG","4233.00","4270.00"
"12/12/2017 04:00 - 12/12/2017 05:00","BZN|BG","4392.00","4453.00"
"12/12/2017 05:00 - 12/12/2017 06:00","BZN|BG","4919.00","4971.00"
"12/12/2017 06:00 - 12/12/2017 07:00","BZN|BG","5472.00","5507.00"
"12/12/2017 07:00 - 12/12/2017 08:00","BZN|BG","5774.00","5814.00"
"12/12/2017 08:00 - 12/12/2017 09:00","BZN|BG","5797.00","5892.00"
"12/12/2017 09:00 - 12/12/2017 10:00","BZN|BG","5507.00","5715.00"
"12/12/2017 10:00 - 12/12/2017 11:00","BZN|BG","5319.00","5614.00"
"12/12/2017 11:00 - 12/12/2017 12:00","BZN|BG","5072.00","5428.00"
"12/12/2017 12:00 - 12/12/2017 13:00","BZN|BG","4991.00","5414.00"
"12/12/2017 13:00 - 12/12/2017 14:00","BZN|BG","4939.00","5381.00"
"12/12/2017 14:00 - 12/12/2017 15:00","BZN|BG","4996.00","5430.00"
"12/12/2017 15:00 - 12/12/2017 16:00","BZN|BG","5268.00","5648.00"
"12/12/2017 16:00 - 12/12/2017 17:00","BZN|BG","5744.00","5999.00"
"12/12/2017 17:00 - 12/12/2017 18:00","BZN|BG","6011.00","6182.00"
"12/12/2017 18:00 - 12/12/2017 19:00","BZN|BG","6001.00","6106.00"
"12/12/2017 19:00 - 12/12/2017 20:00","BZN|BG","5756.00","5867.00"
"12/12/2017 20:00 - 12/12/2017 21:00","BZN|BG","5508.00","5630.00"
"12/12/2017 21:00 - 12/12/2017 22:00","BZN|BG","5273.00","5457.00"
"12/12/2017 22:00 - 12/12/2017 23:00","BZN|BG","4865.00","5148.00"
"12/12/2017 23:00 - 13/12/2017 00:00","BZN|BG","4409.00","4542.00"
"13/12/2017 00:00 - 13/12/2017 01:00","BZN|BG","4189.00","4294.00"
"13/12/2017 01:00 - 13/12/2017 02:00","BZN|BG","4049.00","4182.00"
"13/12/2017 02:00 - 13/12/2017 03:00","BZN|BG","4000.00","4142.00"
"13/12/2017 03:00 - 13/12/2017 04:00","BZN|BG","4088.00","4176.00"
"13/12/2017 04:00 - 13/12/2017 05:00","BZN|BG","4278.00","4341.00"
"13/12/2017 05:00 - 13/12/2017 06:00","BZN|BG","4811.00","4832.00"
"13/12/2017 06:00 - 13/12/2017 07:00","BZN|BG","5321.00","5341.00"
"13/12/2017 07:00 - 13/12/2017 08:00","BZN|BG","5676.00","5627.00"
"13/12/2017 08:00 - 13/12/2017 09:00","BZN|BG","5758.00","5696.00"
"13/12/2017 09:00 - 13/12/2017 10:00","BZN|BG","5487.00","5457.00"
"13/12/2017 10:00 - 13/12/2017 11:00","BZN|BG","5318.00","5314.00"
"13/12/2017 11:00 - 13/12/2017 12:00","BZN|BG","5135.00","5065.00"
"13/12/2017 12:00 - 13/12/2017 13:00","BZN|BG","5133.00","5036.00"
"13/12/2017 13:00 - 13/12/2017 14:00","BZN|BG","5079.00","5000.00"
"13/12/2017 14:00 - 13/12/2017 15:00","BZN|BG","5175.00","5060.00"
"13/12/2017 15:00 - 13/12/2017 16:00","BZN|BG","5450.00","5324.00"
"13/12/2017 16:00 - 13/12/2017 17:00","BZN|BG","5800.00","5753.00"
"13/12/2017 17:00 - 13/12/2017 18:00","BZN|BG","5963.00","5981.00"
"13/12/2017 18:00 - 13/12/2017 19:00","BZN|BG","5945.00","5903.00"
"13/12/2017 19:00 - 13/12/2017 20:00","BZN|BG","5698.00","5649.00"
"13/12/2017 20:00 - 13/12/2017 21:00","BZN|BG","5414.00","5397.00"
"13/12/2017 21:00 - 13/12/2017 22:00","BZN|BG","5186.00","5207.00"
"13/12/2017 22:00 - 13/12/2017 23:00","BZN|BG","4774.00","4857.00"
"13/12/2017 23:00 - 14/12/2017 00:00","BZN|BG","4421.00","4455.00"
"14/12/2017 00:00 - 14/12/2017 01:00","BZN|BG","4180.00","4178.00"
"14/12/2017 01:00 - 14/12/2017 02:00","BZN|BG","4040.00","4047.00"
"14/12/2017 02:00 - 14/12/2017 03:00","BZN|BG","4012.00","4000.00"
"14/12/2017 03:00 - 14/12/2017 04:00","BZN|BG","4046.00","4039.00"
"14/12/2017 04:00 - 14/12/2017 05:00","BZN|BG","4191.00","4207.00"
"14/12/2017 05:00 - 14/12/2017 06:00","BZN|BG","4712.00","4711.00"
"14/12/2017 06:00 - 14/12/2017 07:00","BZN|BG","5241.00","5232.00"
"14/12/2017 07:00 - 14/12/2017 08:00","BZN|BG","5504.00","5521.00"
"14/12/2017 08:00 - 14/12/2017 09:00","BZN|BG","5537.00","5579.00"
"14/12/2017 09:00 - 14/12/2017 10:00","BZN|BG","5292.00","5341.00"
"14/12/2017 10:00 - 14/12/2017 11:00","BZN|BG","5138.00","5201.00"
"14/12/2017 11:00 - 14/12/2017 12:00","BZN|BG","4942.00","4964.00"
"14/12/2017 12:00 - 14/12/2017 13:00","BZN|BG","4881.00","4927.00"
"14/12/2017 13:00 - 14/12/2017 14:00","BZN|BG","4842.00","4891.00"
"14/12/2017 14:00 - 14/12/2017 15:00","BZN|BG","4898.00","4947.00"
"14/12/2017 15:00 - 14/12/2017 16:00","BZN|BG","5163.00","5194.00"
"14/12/2017 16:00 - 14/12/2017 17:00","BZN|BG","5632.00","5609.00"
"14/12/2017 17:00 - 14/12/2017 18:00","BZN|BG","5829.00","5830.00"
"14/12/2017 18:00 - 14/12/2017 19:00","BZN|BG","5788.00","5806.00"
"14/12/2017 19:00 - 14/12/2017 20:00","BZN|BG","5528.00","5490.00"
"14/12/2017 20:00 - 14/12/2017 21:00","BZN|BG","5295.00","5221.00"
"14/12/2017 21:00 - 14/12/2017 22:00","BZN|BG","5101.00","5003.00"
"14/12/2017 22:00 - 14/12/2017 23:00","BZN|BG","4773.00","4614.00"
"14/12/2017 23:00 - 15/12/2017 00:00","BZN|BG","4380.00","4463.00"
"15/12/2017 00:00 - 15/12/2017 01:00","BZN|BG","4109.00","4186.00"
"15/12/2017 01:00 - 15/12/2017 02:00","BZN|BG","3991.00","4055.00"
"15/12/2017 02:00 - 15/12/2017 03:00","BZN|BG","3992.00","4008.00"
"15/12/2017 03:00 - 15/12/2017 04:00","BZN|BG","4023.00","4047.00"
"15/12/2017 04:00 - 15/12/2017 05:00","BZN|BG","4185.00","4216.00"
"15/12/2017 05:00 - 15/12/2017 06:00","BZN|BG","4683.00","4722.00"
"15/12/2017 06:00 - 15/12/2017 07:00","BZN|BG","5228.00","5244.00"
"15/12/2017 07:00 - 15/12/2017 08:00","BZN|BG","5557.00","5535.00"
"15/12/2017 08:00 - 15/12/2017 09:00","BZN|BG","5616.00","5594.00"
"15/12/2017 09:00 - 15/12/2017 10:00","BZN|BG","5428.00","5355.00"
"15/12/2017 10:00 - 15/12/2017 11:00","BZN|BG","5272.00","5214.00"
"15/12/2017 11:00 - 15/12/2017 12:00","BZN|BG","5080.00","4977.00"
"15/12/2017 12:00 - 15/12/2017 13:00","BZN|BG","5012.00","4940.00"
"15/12/2017 13:00 - 15/12/2017 14:00","BZN|BG","4972.00","4904.00"
"15/12/2017 14:00 - 15/12/2017 15:00","BZN|BG","5060.00","4959.00"
"15/12/2017 15:00 - 15/12/2017 16:00","BZN|BG","5315.00","5206.00"
"15/12/2017 16:00 - 15/12/2017 17:00","BZN|BG","5625.00","5620.00"
"15/12/2017 17:00 - 15/12/2017 18:00","BZN|BG","5774.00","5841.00"
"15/12/2017 18:00 - 15/12/2017 19:00","BZN|BG","5705.00","5771.00"
"15/12/2017 19:00 - 15/12/2017 20:00","BZN|BG","5424.00","5500.00"
"15/12/2017 20:00 - 15/12/2017 21:00","BZN|BG","5158.00","5231.00"
"15/12/2017 21:00 - 15/12/2017 22:00","BZN|BG","4984.00","5013.00"
"15/12/2017 22:00 - 15/12/2017 23:00","BZN|BG","4708.00","4625.00"
"15/12/2017 23:00 - 16/12/2017 00:00","BZN|BG","4334.00","4288.00"
"16/12/2017 00:00 - 16/12/2017 01:00","BZN|BG","4097.00","4012.00"
"16/12/2017 01:00 - 16/12/2017 02:00","BZN|BG","3950.00","3902.00"
"16/12/2017 02:00 - 16/12/2017 03:00","BZN|BG","3888.00","3843.00"
"16/12/2017 03:00 - 16/12/2017 04:00","BZN|BG","3866.00","3834.00"
"16/12/2017 04:00 - 16/12/2017 05:00","BZN|BG","3930.00","3877.00"
"16/12/2017 05:00 - 16/12/2017 06:00","BZN|BG","4126.00","4073.00"
"16/12/2017 06:00 - 16/12/2017 07:00","BZN|BG","4398.00","4393.00"
"16/12/2017 07:00 - 16/12/2017 08:00","BZN|BG","4805.00","4846.00"
"16/12/2017 08:00 - 16/12/2017 09:00","BZN|BG","4953.00","5042.00"
"16/12/2017 09:00 - 16/12/2017 10:00","BZN|BG","4882.00","4952.00"
"16/12/2017 10:00 - 16/12/2017 11:00","BZN|BG","4759.00","4837.00"
"16/12/2017 11:00 - 16/12/2017 12:00","BZN|BG","4654.00","4737.00"
"16/12/2017 12:00 - 16/12/2017 13:00","BZN|BG","4597.00","4596.00"
"16/12/2017 13:00 - 16/12/2017 14:00","BZN|BG","4536.00","4499.00"
"16/12/2017 14:00 - 16/12/2017 15:00","BZN|BG","4648.00","4591.00"
"16/12/2017 15:00 - 16/12/2017 16:00","BZN|BG","4897.00","4781.00"
"16/12/2017 16:00 - 16/12/2017 17:00","BZN|BG","5299.00","5301.00"
"16/12/2017 17:00 - 16/12/2017 18:00","BZN|BG","5389.00","5402.00"
"16/12/2017 18:00 - 16/12/2017 19:00","BZN|BG","5236.00","5241.00"
"16/12/2017 19:00 - 16/12/2017 20:00","BZN|BG","4997.00","5006.00"
"16/12/2017 20:00 - 16/12/2017 21:00","BZN|BG","4818.00","4739.00"
"16/12/2017 21:00 - 16/12/2017 22:00","BZN|BG","4702.00","4617.00"
"16/12/2017 22:00 - 16/12/2017 23:00","BZN|BG","4465.00","4381.00"
"16/12/2017 23:00 - 17/12/2017 00:00","BZN|BG","4172.00","4288.00"
"17/12/2017 00:00 - 17/12/2017 01:00","BZN|BG","3898.00","4060.00"
"17/12/2017 01:00 - 17/12/2017 02:00","BZN|BG","3772.00","3894.00"
"17/12/2017 02:00 - 17/12/2017 03:00","BZN|BG","3757.00","3838.00"
"17/12/2017 03:00 - 17/12/2017 04:00","BZN|BG","3760.00","3801.00"
"17/12/2017 04:00 - 17/12/2017 05:00","BZN|BG","3767.00","3823.00"
"17/12/2017 05:00 - 17/12/2017 06:00","BZN|BG","3875.00","3915.00"
"17/12/2017 06:00 - 17/12/2017 07:00","BZN|BG","4087.00","4236.00"
"17/12/2017 07:00 - 17/12/2017 08:00","BZN|BG","4553.00","4747.00"
"17/12/2017 08:00 - 17/12/2017 09:00","BZN|BG","4968.00","4889.00"
"17/12/2017 09:00 - 17/12/2017 10:00","BZN|BG","5169.00","4964.00"
"17/12/2017 10:00 - 17/12/2017 11:00","BZN|BG","5272.00","4946.00"
"17/12/2017 11:00 - 17/12/2017 12:00","BZN|BG","5276.00","4883.00"
"17/12/2017 12:00 - 17/12/2017 13:00","BZN|BG","5191.00","4785.00"
"17/12/2017 13:00 - 17/12/2017 14:00","BZN|BG","5170.00","4658.00"
"17/12/2017 14:00 - 17/12/2017 15:00","BZN|BG","5247.00","4753.00"
"17/12/2017 15:00 - 17/12/2017 16:00","BZN|BG","5416.00","4994.00"
"17/12/2017 16:00 - 17/12/2017 17:00","BZN|BG","5763.00","5491.00"
"17/12/2017 17:00 - 17/12/2017 18:00","BZN|BG","5849.00","5647.00"
"17/12/2017 18:00 - 17/12/2017 19:00","BZN|BG","5754.00","5581.00"
"17/12/2017 19:00 - 17/12/2017 20:00","BZN|BG","5534.00","5394.00"
"17/12/2017 20:00 - 17/12/2017 21:00","BZN|BG","5268.00","5178.00"
"17/12/2017 21:00 - 17/12/2017 22:00","BZN|BG","5084.00","5066.00"
"17/12/2017 22:00 - 17/12/2017 23:00","BZN|BG","4808.00","4749.00"
"17/12/2017 23:00 - 18/12/2017 00:00","BZN|BG","4463.00","4270.00"
"18/12/2017 00:00 - 18/12/2017 01:00","BZN|BG","4171.00","4018.00"
"18/12/2017 01:00 - 18/12/2017 02:00","BZN|BG","4045.00","3916.00"
"18/12/2017 02:00 - 18/12/2017 03:00","BZN|BG","4005.00","3892.00"
"18/12/2017 03:00 - 18/12/2017 04:00","BZN|BG","4049.00","3931.00"
"18/12/2017 04:00 - 18/12/2017 05:00","BZN|BG","4200.00","4136.00"
"18/12/2017 05:00 - 18/12/2017 06:00","BZN|BG","4732.00","4711.00"
"18/12/2017 06:00 - 18/12/2017 07:00","BZN|BG","5296.00","5274.00"
"18/12/2017 07:00 - 18/12/2017 08:00","BZN|BG","5736.00","5652.00"
"18/12/2017 08:00 - 18/12/2017 09:00","BZN|BG","5920.00","5763.00"
"18/12/2017 09:00 - 18/12/2017 10:00","BZN|BG","5788.00","5623.00"
"18/12/2017 10:00 - 18/12/2017 11:00","BZN|BG","5743.00","5503.00"
"18/12/2017 11:00 - 18/12/2017 12:00","BZN|BG","5641.00","5396.00"
"18/12/2017 12:00 - 18/12/2017 13:00","BZN|BG","5655.00","5395.00"
"18/12/2017 13:00 - 18/12/2017 14:00","BZN|BG","5644.00","5403.00"
"18/12/2017 14:00 - 18/12/2017 15:00","BZN|BG","5732.00","5429.00"
"18/12/2017 15:00 - 18/12/2017 16:00","BZN|BG","5882.00","5577.00"
"18/12/2017 16:00 - 18/12/2017 17:00","BZN|BG","6082.00","5851.00"
"18/12/2017 17:00 - 18/12/2017 18:00","BZN|BG","6191.00","5986.00"
"18/12/2017 18:00 - 18/12/2017 19:00","BZN|BG","6112.00","5964.00"
"18/12/2017 19:00 - 18/12/2017 20:00","BZN|BG","5884.00","5768.00"
"18/12/2017 20:00 - 18/12/2017 21:00","BZN|BG","5865.00","5517.00"
"18/12/2017 21:00 - 18/12/2017 22:00","BZN|BG","5426.00","5317.00"
"18/12/2017 22:00 - 18/12/2017 23:00","BZN|BG","5040.00","5042.00"
"18/12/2017 23:00 - 19/12/2017 00:00","BZN|BG","4645.00","4729.00"
"19/12/2017 00:00 - 19/12/2017 01:00","BZN|BG","4379.00","4454.00"
"19/12/2017 01:00 - 19/12/2017 02:00","BZN|BG","4288.00","4316.00"
"19/12/2017 02:00 - 19/12/2017 03:00","BZN|BG","4248.00","4274.00"
"19/12/2017 03:00 - 19/12/2017 04:00","BZN|BG","4288.00","4334.00"
"19/12/2017 04:00 - 19/12/2017 05:00","BZN|BG","4465.00","4547.00"
"19/12/2017 05:00 - 19/12/2017 06:00","BZN|BG","5000.00","5197.00"
"19/12/2017 06:00 - 19/12/2017 07:00","BZN|BG","5542.00","5832.00"
"19/12/2017 07:00 - 19/12/2017 08:00","BZN|BG","5991.00","6203.00"
"19/12/2017 08:00 - 19/12/2017 09:00","BZN|BG","6171.00","6247.00"
"19/12/2017 09:00 - 19/12/2017 10:00","BZN|BG","6049.00","6095.00"
"19/12/2017 10:00 - 19/12/2017 11:00","BZN|BG","5980.00","6005.00"
"19/12/2017 11:00 - 19/12/2017 12:00","BZN|BG","5855.00","5884.00"
"19/12/2017 12:00 - 19/12/2017 13:00","BZN|BG","5838.00","5853.00"
"19/12/2017 13:00 - 19/12/2017 14:00","BZN|BG","5778.00","5829.00"
"19/12/2017 14:00 - 19/12/2017 15:00","BZN|BG","5819.00","5868.00"
"19/12/2017 15:00 - 19/12/2017 16:00","BZN|BG","5994.00","6028.00"
"19/12/2017 16:00 - 19/12/2017 17:00","BZN|BG","6245.00","6302.00"
"19/12/2017 17:00 - 19/12/2017 18:00","BZN|BG","6400.00","6436.00"
"19/12/2017 18:00 - 19/12/2017 19:00","BZN|BG","6368.00","6396.00"
"19/12/2017 19:00 - 19/12/2017 20:00","BZN|BG","6114.00","6170.00"
"19/12/2017 20:00 - 19/12/2017 21:00","BZN|BG","5885.00","5931.00"
"19/12/2017 21:00 - 19/12/2017 22:00","BZN|BG","5653.00","5737.00"
"19/12/2017 22:00 - 19/12/2017 23:00","BZN|BG","5281.00","5404.00"
"19/12/2017 23:00 - 20/12/2017 00:00","BZN|BG","4892.00","4868.00"
"20/12/2017 00:00 - 20/12/2017 01:00","BZN|BG","4630.00","4576.00"
"20/12/2017 01:00 - 20/12/2017 02:00","BZN|BG","4509.00","4425.00"
"20/12/2017 02:00 - 20/12/2017 03:00","BZN|BG","4451.00","4384.00"
"20/12/2017 03:00 - 20/12/2017 04:00","BZN|BG","4492.00","4448.00"
"20/12/2017 04:00 - 20/12/2017 05:00","BZN|BG","4656.00","4661.00"
"20/12/2017 05:00 - 20/12/2017 06:00","BZN|BG","5126.00","5319.00"
"20/12/2017 06:00 - 20/12/2017 07:00","BZN|BG","5683.00","5961.00"
"20/12/2017 07:00 - 20/12/2017 08:00","BZN|BG","6080.00","6342.00"
"20/12/2017 08:00 - 20/12/2017 09:00","BZN|BG","6182.00","6394.00"
"20/12/2017 09:00 - 20/12/2017 10:00","BZN|BG","6040.00","6288.00"
"20/12/2017 10:00 - 20/12/2017 11:00","BZN|BG","5955.00","6225.00"
"20/12/2017 11:00 - 20/12/2017 12:00","BZN|BG","5810.00","6145.00"
"20/12/2017 12:00 - 20/12/2017 13:00","BZN|BG","5767.00","6126.00"
"20/12/2017 13:00 - 20/12/2017 14:00","BZN|BG","5800.00","6112.00"
"20/12/2017 14:00 - 20/12/2017 15:00","BZN|BG","5880.00","6150.00"
"20/12/2017 15:00 - 20/12/2017 16:00","BZN|BG","6041.00","6275.00"
"20/12/2017 16:00 - 20/12/2017 17:00","BZN|BG","6317.00","6488.00"
"20/12/2017 17:00 - 20/12/2017 18:00","BZN|BG","6527.00","6591.00"
"20/12/2017 18:00 - 20/12/2017 19:00","BZN|BG","6449.00","6551.00"
"20/12/2017 19:00 - 20/12/2017 20:00","BZN|BG","6205.00","6288.00"
"20/12/2017 20:00 - 20/12/2017 21:00","BZN|BG","5986.00","6021.00"
"20/12/2017 21:00 - 20/12/2017 22:00","BZN|BG","5753.00","5791.00"
"20/12/2017 22:00 - 20/12/2017 23:00","BZN|BG","5337.00","5422.00"
"20/12/2017 23:00 - 21/12/2017 00:00","BZN|BG","4905.00","4831.00"
"21/12/2017 00:00 - 21/12/2017 01:00","BZN|BG","4613.00","4590.00"
"21/12/2017 01:00 - 21/12/2017 02:00","BZN|BG","4490.00","4469.00"
"21/12/2017 02:00 - 21/12/2017 03:00","BZN|BG","4455.00","4438.00"
"21/12/2017 03:00 - 21/12/2017 04:00","BZN|BG","4497.00","4496.00"
"21/12/2017 04:00 - 21/12/2017 05:00","BZN|BG","4615.00","4696.00"
"21/12/2017 05:00 - 21/12/2017 06:00","BZN|BG","5091.00","5316.00"
"21/12/2017 06:00 - 21/12/2017 07:00","BZN|BG","5672.00","5956.00"
"21/12/2017 07:00 - 21/12/2017 08:00","BZN|BG","6157.00","6360.00"
"21/12/2017 08:00 - 21/12/2017 09:00","BZN|BG","6309.00","6453.00"
"21/12/2017 09:00 - 21/12/2017 10:00","BZN|BG","6180.00","6299.00"
"21/12/2017 10:00 - 21/12/2017 11:00","BZN|BG","6071.00","6196.00"
"21/12/2017 11:00 - 21/12/2017 12:00","BZN|BG","5935.00","6068.00"
"21/12/2017 12:00 - 21/12/2017 13:00","BZN|BG","5867.00","6034.00"
"21/12/2017 13:00 - 21/12/2017 14:00","BZN|BG","5805.00","5998.00"
"21/12/2017 14:00 - 21/12/2017 15:00","BZN|BG","5877.00","6047.00"
"21/12/2017 15:00 - 21/12/2017 16:00","BZN|BG","6029.00","6236.00"
"21/12/2017 16:00 - 21/12/2017 17:00","BZN|BG","6277.00","6523.00"
"21/12/2017 17:00 - 21/12/2017 18:00","BZN|BG","6459.00","6667.00"
"21/12/2017 18:00 - 21/12/2017 19:00","BZN|BG","6382.00","6635.00"
"21/12/2017 19:00 - 21/12/2017 20:00","BZN|BG","6158.00","6376.00"
"21/12/2017 20:00 - 21/12/2017 21:00","BZN|BG","5939.00","6122.00"
"21/12/2017 21:00 - 21/12/2017 22:00","BZN|BG","5734.00","5908.00"
"21/12/2017 22:00 - 21/12/2017 23:00","BZN|BG","5370.00","5549.00"
"21/12/2017 23:00 - 22/12/2017 00:00","BZN|BG","4803.00","4947.00"
"22/12/2017 00:00 - 22/12/2017 01:00","BZN|BG","4497.00","4674.00"
"22/12/2017 01:00 - 22/12/2017 02:00","BZN|BG","4330.00","4538.00"
"22/12/2017 02:00 - 22/12/2017 03:00","BZN|BG","4258.00","4500.00"
"22/12/2017 03:00 - 22/12/2017 04:00","BZN|BG","4315.00","4552.00"
"22/12/2017 04:00 - 22/12/2017 05:00","BZN|BG","4614.00","4730.00"
"22/12/2017 05:00 - 22/12/2017 06:00","BZN|BG","5086.00","5277.00"
"22/12/2017 06:00 - 22/12/2017 07:00","BZN|BG","5623.00","5853.00"
"22/12/2017 07:00 - 22/12/2017 08:00","BZN|BG","6005.00","6222.00"
"22/12/2017 08:00 - 22/12/2017 09:00","BZN|BG","6038.00","6308.00"
"22/12/2017 09:00 - 22/12/2017 10:00","BZN|BG","5777.00","6163.00"
"22/12/2017 10:00 - 22/12/2017 11:00","BZN|BG","5495.00","6068.00"
"22/12/2017 11:00 - 22/12/2017 12:00","BZN|BG","5095.00","5947.00"
"22/12/2017 12:00 - 22/12/2017 13:00","BZN|BG","5061.00","5914.00"
"22/12/2017 13:00 - 22/12/2017 14:00","BZN|BG","5147.00","5891.00"
"22/12/2017 14:00 - 22/12/2017 15:00","BZN|BG","5301.00","5944.00"
"22/12/2017 15:00 - 22/12/2017 16:00","BZN|BG","5576.00","6119.00"
"22/12/2017 16:00 - 22/12/2017 17:00","BZN|BG","5967.00","6390.00"
"22/12/2017 17:00 - 22/12/2017 18:00","BZN|BG","6065.00","6534.00"
"22/12/2017 18:00 - 22/12/2017 19:00","BZN|BG","5960.00","6495.00"
"22/12/2017 19:00 - 22/12/2017 20:00","BZN|BG","5683.00","6234.00"
"22/12/2017 20:00 - 22/12/2017 21:00","BZN|BG","5448.00","5981.00"
"22/12/2017 21:00 - 22/12/2017 22:00","BZN|BG","5245.00","5760.00"
"22/12/2017 22:00 - 22/12/2017 23:00","BZN|BG","4938.00","5388.00"
"22/12/2017 23:00 - 23/12/2017 00:00","BZN|BG","4542.00","4864.00"
"23/12/2017 00:00 - 23/12/2017 01:00","BZN|BG","4278.00","4671.00"
"23/12/2017 01:00 - 23/12/2017 02:00","BZN|BG","4101.00","4480.00"
"23/12/2017 02:00 - 23/12/2017 03:00","BZN|BG","4031.00","4424.00"
"23/12/2017 03:00 - 23/12/2017 04:00","BZN|BG","3999.00","4362.00"
"23/12/2017 04:00 - 23/12/2017 05:00","BZN|BG","4033.00","4442.00"
"23/12/2017 05:00 - 23/12/2017 06:00","BZN|BG","4206.00","4560.00"
"23/12/2017 06:00 - 23/12/2017 07:00","BZN|BG","4488.00","4815.00"
"23/12/2017 07:00 - 23/12/2017 08:00","BZN|BG","5028.00","5248.00"
"23/12/2017 08:00 - 23/12/2017 09:00","BZN|BG","5335.00","5559.00"
"23/12/2017 09:00 - 23/12/2017 10:00","BZN|BG","5320.00","5607.00"
"23/12/2017 10:00 - 23/12/2017 11:00","BZN|BG","5164.00","5606.00"
"23/12/2017 11:00 - 23/12/2017 12:00","BZN|BG","4992.00","5497.00"
"23/12/2017 12:00 - 23/12/2017 13:00","BZN|BG","4861.00","5391.00"
"23/12/2017 13:00 - 23/12/2017 14:00","BZN|BG","4790.00","5339.00"
"23/12/2017 14:00 - 23/12/2017 15:00","BZN|BG","4975.00","5411.00"
"23/12/2017 15:00 - 23/12/2017 16:00","BZN|BG","5281.00","5574.00"
"23/12/2017 16:00 - 23/12/2017 17:00","BZN|BG","5706.00","5988.00"
"23/12/2017 17:00 - 23/12/2017 18:00","BZN|BG","5809.00","6070.00"
"23/12/2017 18:00 - 23/12/2017 19:00","BZN|BG","5696.00","6002.00"
"23/12/2017 19:00 - 23/12/2017 20:00","BZN|BG","5470.00","5767.00"
"23/12/2017 20:00 - 23/12/2017 21:00","BZN|BG","5197.00","5519.00"
"23/12/2017 21:00 - 23/12/2017 22:00","BZN|BG","5073.00","5510.00"
"23/12/2017 22:00 - 23/12/2017 23:00","BZN|BG","4808.00","5203.00"
"23/12/2017 23:00 - 24/12/2017 00:00","BZN|BG","4463.00","4765.00"
"24/12/2017 00:00 - 24/12/2017 01:00","BZN|BG","4187.00","4445.00"
"24/12/2017 01:00 - 24/12/2017 02:00","BZN|BG","4103.00","4316.00"
"24/12/2017 02:00 - 24/12/2017 03:00","BZN|BG","4016.00","4247.00"
"24/12/2017 03:00 - 24/12/2017 04:00","BZN|BG","3975.00","4234.00"
"24/12/2017 04:00 - 24/12/2017 05:00","BZN|BG","3983.00","4271.00"
"24/12/2017 05:00 - 24/12/2017 06:00","BZN|BG","4086.00","4380.00"
"24/12/2017 06:00 - 24/12/2017 07:00","BZN|BG","4298.00","4642.00"
"24/12/2017 07:00 - 24/12/2017 08:00","BZN|BG","4778.00","5102.00"
"24/12/2017 08:00 - 24/12/2017 09:00","BZN|BG","5145.00","5486.00"
"24/12/2017 09:00 - 24/12/2017 10:00","BZN|BG","5217.00","5556.00"
"24/12/2017 10:00 - 24/12/2017 11:00","BZN|BG","5109.00","5522.00"
"24/12/2017 11:00 - 24/12/2017 12:00","BZN|BG","5011.00","5450.00"
"24/12/2017 12:00 - 24/12/2017 13:00","BZN|BG","4996.00","5307.00"
"24/12/2017 13:00 - 24/12/2017 14:00","BZN|BG","5071.00","5296.00"
"24/12/2017 14:00 - 24/12/2017 15:00","BZN|BG","5191.00","5277.00"
"24/12/2017 15:00 - 24/12/2017 16:00","BZN|BG","5440.00","5470.00"
"24/12/2017 16:00 - 24/12/2017 17:00","BZN|BG","5778.00","6001.00"
"24/12/2017 17:00 - 24/12/2017 18:00","BZN|BG","5484.00","6120.00"
"24/12/2017 18:00 - 24/12/2017 19:00","BZN|BG","4909.00","5969.00"
"24/12/2017 19:00 - 24/12/2017 20:00","BZN|BG","4486.00","5756.00"
"24/12/2017 20:00 - 24/12/2017 21:00","BZN|BG","4309.00","5490.00"
"24/12/2017 21:00 - 24/12/2017 22:00","BZN|BG","4273.00","5423.00"
"24/12/2017 22:00 - 24/12/2017 23:00","BZN|BG","4110.00","5104.00"
"24/12/2017 23:00 - 25/12/2017 00:00","BZN|BG","4115.00","4391.00"
"25/12/2017 00:00 - 25/12/2017 01:00","BZN|BG","3863.00","4108.00"
"25/12/2017 01:00 - 25/12/2017 02:00","BZN|BG","3748.00","3961.00"
"25/12/2017 02:00 - 25/12/2017 03:00","BZN|BG","3665.00","3860.00"
"25/12/2017 03:00 - 25/12/2017 04:00","BZN|BG","3650.00","3822.00"
"25/12/2017 04:00 - 25/12/2017 05:00","BZN|BG","3707.00","3879.00"
"25/12/2017 05:00 - 25/12/2017 06:00","BZN|BG","3827.00","4008.00"
"25/12/2017 06:00 - 25/12/2017 07:00","BZN|BG","4080.00","4280.00"
"25/12/2017 07:00 - 25/12/2017 08:00","BZN|BG","4489.00","4700.00"
"25/12/2017 08:00 - 25/12/2017 09:00","BZN|BG","4771.00","5026.00"
"25/12/2017 09:00 - 25/12/2017 10:00","BZN|BG","4793.00","5012.00"
"25/12/2017 10:00 - 25/12/2017 11:00","BZN|BG","4713.00","4924.00"
"25/12/2017 11:00 - 25/12/2017 12:00","BZN|BG","4526.00","4848.00"
"25/12/2017 12:00 - 25/12/2017 13:00","BZN|BG","4286.00","4813.00"
"25/12/2017 13:00 - 25/12/2017 14:00","BZN|BG","4131.00","4841.00"
"25/12/2017 14:00 - 25/12/2017 15:00","BZN|BG","4156.00","4983.00"
"25/12/2017 15:00 - 25/12/2017 16:00","BZN|BG","4405.00","5272.00"
"25/12/2017 16:00 - 25/12/2017 17:00","BZN|BG","4995.00","5815.00"
"25/12/2017 17:00 - 25/12/2017 18:00","BZN|BG","5120.00","5753.00"
"25/12/2017 18:00 - 25/12/2017 19:00","BZN|BG","4980.00","5428.00"
"25/12/2017 19:00 - 25/12/2017 20:00","BZN|BG","4750.00","4961.00"
"25/12/2017 20:00 - 25/12/2017 21:00","BZN|BG","4601.00","4574.00"
"25/12/2017 21:00 - 25/12/2017 22:00","BZN|BG","4597.00","4591.00"
"25/12/2017 22:00 - 25/12/2017 23:00","BZN|BG","4437.00","4405.00"
"25/12/2017 23:00 - 26/12/2017 00:00","BZN|BG","4145.00","4212.00"
"26/12/2017 00:00 - 26/12/2017 01:00","BZN|BG","3905.00","3937.00"
"26/12/2017 01:00 - 26/12/2017 02:00","BZN|BG","3789.00","3767.00"
"26/12/2017 02:00 - 26/12/2017 03:00","BZN|BG","3735.00","3672.00"
"26/12/2017 03:00 - 26/12/2017 04:00","BZN|BG","3721.00","3708.00"
"26/12/2017 04:00 - 26/12/2017 05:00","BZN|BG","3790.00","3736.00"
"26/12/2017 05:00 - 26/12/2017 06:00","BZN|BG","3920.00","3838.00"
"26/12/2017 06:00 - 26/12/2017 07:00","BZN|BG","4183.00","4076.00"
"26/12/2017 07:00 - 26/12/2017 08:00","BZN|BG","4594.00","4454.00"
"26/12/2017 08:00 - 26/12/2017 09:00","BZN|BG","4855.00","4657.00"
"26/12/2017 09:00 - 26/12/2017 10:00","BZN|BG","4820.00","4590.00"
"26/12/2017 10:00 - 26/12/2017 11:00","BZN|BG","4785.00","4470.00"
"26/12/2017 11:00 - 26/12/2017 12:00","BZN|BG","4654.00","4254.00"
"26/12/2017 12:00 - 26/12/2017 13:00","BZN|BG","4511.00","4098.00"
"26/12/2017 13:00 - 26/12/2017 14:00","BZN|BG","4421.00","4042.00"
"26/12/2017 14:00 - 26/12/2017 15:00","BZN|BG","4446.00","4141.00"
"26/12/2017 15:00 - 26/12/2017 16:00","BZN|BG","4685.00","4548.00"
"26/12/2017 16:00 - 26/12/2017 17:00","BZN|BG","5212.00","5155.00"
"26/12/2017 17:00 - 26/12/2017 18:00","BZN|BG","5404.00","5283.00"
"26/12/2017 18:00 - 26/12/2017 19:00","BZN|BG","5300.00","5038.00"
"26/12/2017 19:00 - 26/12/2017 20:00","BZN|BG","5102.00","4804.00"
"26/12/2017 20:00 - 26/12/2017 21:00","BZN|BG","4890.00","4653.00"
"26/12/2017 21:00 - 26/12/2017 22:00","BZN|BG","4805.00","4652.00"
"26/12/2017 22:00 - 26/12/2017 23:00","BZN|BG","4572.00","4440.00"
"26/12/2017 23:00 - 27/12/2017 00:00","BZN|BG","4209.00","3888.00"
"27/12/2017 00:00 - 27/12/2017 01:00","BZN|BG","3962.00","3575.00"
"27/12/2017 01:00 - 27/12/2017 02:00","BZN|BG","3821.00","3490.00"
"27/12/2017 02:00 - 27/12/2017 03:00","BZN|BG","3788.00","3415.00"
"27/12/2017 03:00 - 27/12/2017 04:00","BZN|BG","3801.00","3372.00"
"27/12/2017 04:00 - 27/12/2017 05:00","BZN|BG","3869.00","3377.00"
"27/12/2017 05:00 - 27/12/2017 06:00","BZN|BG","4043.00","3515.00"
"27/12/2017 06:00 - 27/12/2017 07:00","BZN|BG","4325.00","3733.00"
"27/12/2017 07:00 - 27/12/2017 08:00","BZN|BG","4780.00","4110.00"
"27/12/2017 08:00 - 27/12/2017 09:00","BZN|BG","5078.00","4330.00"
"27/12/2017 09:00 - 27/12/2017 10:00","BZN|BG","5117.00","4436.00"
"27/12/2017 10:00 - 27/12/2017 11:00","BZN|BG","5005.00","4380.00"
"27/12/2017 11:00 - 27/12/2017 12:00","BZN|BG","4883.00","4311.00"
"27/12/2017 12:00 - 27/12/2017 13:00","BZN|BG","4734.00","4215.00"
"27/12/2017 13:00 - 27/12/2017 14:00","BZN|BG","4649.00","4162.00"
"27/12/2017 14:00 - 27/12/2017 15:00","BZN|BG","4646.00","4205.00"
"27/12/2017 15:00 - 27/12/2017 16:00","BZN|BG","4864.00","4447.00"
"27/12/2017 16:00 - 27/12/2017 17:00","BZN|BG","5393.00","4948.00"
"27/12/2017 17:00 - 27/12/2017 18:00","BZN|BG","5563.00","5040.00"
"27/12/2017 18:00 - 27/12/2017 19:00","BZN|BG","5434.00","4984.00"
"27/12/2017 19:00 - 27/12/2017 20:00","BZN|BG","5211.00","4777.00"
"27/12/2017 20:00 - 27/12/2017 21:00","BZN|BG","4963.00","4584.00"
"27/12/2017 21:00 - 27/12/2017 22:00","BZN|BG","4821.00","4549.00"
"27/12/2017 22:00 - 27/12/2017 23:00","BZN|BG","4597.00","4246.00"
"27/12/2017 23:00 - 28/12/2017 00:00","BZN|BG","4070.00","4331.00"
"28/12/2017 00:00 - 28/12/2017 01:00","BZN|BG","3815.00","4092.00"
"28/12/2017 01:00 - 28/12/2017 02:00","BZN|BG","3708.00","3915.00"
"28/12/2017 02:00 - 28/12/2017 03:00","BZN|BG","3664.00","3853.00"
"28/12/2017 03:00 - 28/12/2017 04:00","BZN|BG","3650.00","3869.00"
"28/12/2017 04:00 - 28/12/2017 05:00","BZN|BG","3726.00","3957.00"
"28/12/2017 05:00 - 28/12/2017 06:00","BZN|BG","4011.00","4225.00"
"28/12/2017 06:00 - 28/12/2017 07:00","BZN|BG","4396.00","4633.00"
"28/12/2017 07:00 - 28/12/2017 08:00","BZN|BG","4817.00","5085.00"
"28/12/2017 08:00 - 28/12/2017 09:00","BZN|BG","5026.00","5205.00"
"28/12/2017 09:00 - 28/12/2017 10:00","BZN|BG","4952.00","5077.00"
"28/12/2017 10:00 - 28/12/2017 11:00","BZN|BG","4854.00","4905.00"
"28/12/2017 11:00 - 28/12/2017 12:00","BZN|BG","4754.00","4815.00"
"28/12/2017 12:00 - 28/12/2017 13:00","BZN|BG","4700.00","4741.00"
"28/12/2017 13:00 - 28/12/2017 14:00","BZN|BG","4658.00","4714.00"
"28/12/2017 14:00 - 28/12/2017 15:00","BZN|BG","4676.00","4861.00"
"28/12/2017 15:00 - 28/12/2017 16:00","BZN|BG","4847.00","5157.00"
"28/12/2017 16:00 - 28/12/2017 17:00","BZN|BG","5188.00","5673.00"
"28/12/2017 17:00 - 28/12/2017 18:00","BZN|BG","5303.00","5789.00"
"28/12/2017 18:00 - 28/12/2017 19:00","BZN|BG","5209.00","5661.00"
"28/12/2017 19:00 - 28/12/2017 20:00","BZN|BG","4952.00","5396.00"
"28/12/2017 20:00 - 28/12/2017 21:00","BZN|BG","4746.00","5175.00"
"28/12/2017 21:00 - 28/12/2017 22:00","BZN|BG","4645.00","5131.00"
"28/12/2017 22:00 - 28/12/2017 23:00","BZN|BG","4307.00","4847.00"
"28/12/2017 23:00 - 29/12/2017 00:00","BZN|BG","3893.00","4013.00"
"29/12/2017 00:00 - 29/12/2017 01:00","BZN|BG","3636.00","3757.00"
"29/12/2017 01:00 - 29/12/2017 02:00","BZN|BG","3486.00","3649.00"
"29/12/2017 02:00 - 29/12/2017 03:00","BZN|BG","3450.00","3604.00"
"29/12/2017 03:00 - 29/12/2017 04:00","BZN|BG","3433.00","3618.00"
"29/12/2017 04:00 - 29/12/2017 05:00","BZN|BG","3551.00","3706.00"
"29/12/2017 05:00 - 29/12/2017 06:00","BZN|BG","3769.00","3957.00"
"29/12/2017 06:00 - 29/12/2017 07:00","BZN|BG","4144.00","4261.00"
"29/12/2017 07:00 - 29/12/2017 08:00","BZN|BG","4603.00","4511.00"
"29/12/2017 08:00 - 29/12/2017 09:00","BZN|BG","4855.00","4605.00"
"29/12/2017 09:00 - 29/12/2017 10:00","BZN|BG","4901.00","4516.00"
"29/12/2017 10:00 - 29/12/2017 11:00","BZN|BG","4855.00","4440.00"
"29/12/2017 11:00 - 29/12/2017 12:00","BZN|BG","4747.00","4318.00"
"29/12/2017 12:00 - 29/12/2017 13:00","BZN|BG","4643.00","4266.00"
"29/12/2017 13:00 - 29/12/2017 14:00","BZN|BG","4557.00","4235.00"
"29/12/2017 14:00 - 29/12/2017 15:00","BZN|BG","4614.00","4311.00"
"29/12/2017 15:00 - 29/12/2017 16:00","BZN|BG","4882.00","4552.00"
"29/12/2017 16:00 - 29/12/2017 17:00","BZN|BG","5303.00","5026.00"
"29/12/2017 17:00 - 29/12/2017 18:00","BZN|BG","5436.00","5254.00"
"29/12/2017 18:00 - 29/12/2017 19:00","BZN|BG","5341.00","5205.00"
"29/12/2017 19:00 - 29/12/2017 20:00","BZN|BG","5114.00","5015.00"
"29/12/2017 20:00 - 29/12/2017 21:00","BZN|BG","4847.00","4848.00"
"29/12/2017 21:00 - 29/12/2017 22:00","BZN|BG","4731.00","4702.00"
"29/12/2017 22:00 - 29/12/2017 23:00","BZN|BG","4486.00","4440.00"
"29/12/2017 23:00 - 30/12/2017 00:00","BZN|BG","4225.00","4575.00"
"30/12/2017 00:00 - 30/12/2017 01:00","BZN|BG","3937.00","4285.00"
"30/12/2017 01:00 - 30/12/2017 02:00","BZN|BG","3779.00","4099.00"
"30/12/2017 02:00 - 30/12/2017 03:00","BZN|BG","3713.00","4029.00"
"30/12/2017 03:00 - 30/12/2017 04:00","BZN|BG","3727.00","4059.00"
"30/12/2017 04:00 - 30/12/2017 05:00","BZN|BG","3762.00","4151.00"
"30/12/2017 05:00 - 30/12/2017 06:00","BZN|BG","3894.00","4387.00"
"30/12/2017 06:00 - 30/12/2017 07:00","BZN|BG","4145.00","4744.00"
"30/12/2017 07:00 - 30/12/2017 08:00","BZN|BG","4574.00","5310.00"
"30/12/2017 08:00 - 30/12/2017 09:00","BZN|BG","4940.00","5547.00"
"30/12/2017 09:00 - 30/12/2017 10:00","BZN|BG","5055.00","5426.00"
"30/12/2017 10:00 - 30/12/2017 11:00","BZN|BG","5032.00","5276.00"
"30/12/2017 11:00 - 30/12/2017 12:00","BZN|BG","4937.00","5118.00"
"30/12/2017 12:00 - 30/12/2017 13:00","BZN|BG","4836.00","5003.00"
"30/12/2017 13:00 - 30/12/2017 14:00","BZN|BG","4757.00","4873.00"
"30/12/2017 14:00 - 30/12/2017 15:00","BZN|BG","4780.00","4924.00"
"30/12/2017 15:00 - 30/12/2017 16:00","BZN|BG","4948.00","5199.00"
"30/12/2017 16:00 - 30/12/2017 17:00","BZN|BG","5400.00","5836.00"
"30/12/2017 17:00 - 30/12/2017 18:00","BZN|BG","5573.00","6017.00"
"30/12/2017 18:00 - 30/12/2017 19:00","BZN|BG","5477.00","5847.00"
"30/12/2017 19:00 - 30/12/2017 20:00","BZN|BG","5253.00","5562.00"
"30/12/2017 20:00 - 30/12/2017 21:00","BZN|BG","5032.00","5260.00"
"30/12/2017 21:00 - 30/12/2017 22:00","BZN|BG","4943.00","5101.00"
"30/12/2017 22:00 - 30/12/2017 23:00","BZN|BG","4678.00","4762.00"
"30/12/2017 23:00 - 31/12/2017 00:00","BZN|BG","4328.00","4533.00"
"31/12/2017 00:00 - 31/12/2017 01:00","BZN|BG","4057.00","4241.00"
"31/12/2017 01:00 - 31/12/2017 02:00","BZN|BG","3890.00","4092.00"
"31/12/2017 02:00 - 31/12/2017 03:00","BZN|BG","3807.00","4025.00"
"31/12/2017 03:00 - 31/12/2017 04:00","BZN|BG","3794.00","3966.00"
"31/12/2017 04:00 - 31/12/2017 05:00","BZN|BG","3835.00","3992.00"
"31/12/2017 05:00 - 31/12/2017 06:00","BZN|BG","3950.00","4101.00"
"31/12/2017 06:00 - 31/12/2017 07:00","BZN|BG","4199.00","4344.00"
"31/12/2017 07:00 - 31/12/2017 08:00","BZN|BG","4617.00","4805.00"
"31/12/2017 08:00 - 31/12/2017 09:00","BZN|BG","4967.00","5198.00"
"31/12/2017 09:00 - 31/12/2017 10:00","BZN|BG","5185.00","5415.00"
"31/12/2017 10:00 - 31/12/2017 11:00","BZN|BG","5227.00","5524.00"
"31/12/2017 11:00 - 31/12/2017 12:00","BZN|BG","5206.00","5555.00"
"31/12/2017 12:00 - 31/12/2017 13:00","BZN|BG","5144.00","5499.00"
"31/12/2017 13:00 - 31/12/2017 14:00","BZN|BG","5109.00","5448.00"
"31/12/2017 14:00 - 31/12/2017 15:00","BZN|BG","5183.00","5524.00"
"31/12/2017 15:00 - 31/12/2017 16:00","BZN|BG","5513.00","5786.00"
"31/12/2017 16:00 - 31/12/2017 17:00","BZN|BG","6187.00","6236.00"
"31/12/2017 17:00 - 31/12/2017 18:00","BZN|BG","6164.00","6268.00"
"31/12/2017 18:00 - 31/12/2017 19:00","BZN|BG","5672.00","5842.00"
"31/12/2017 19:00 - 31/12/2017 20:00","BZN|BG","5027.00","5277.00"
"31/12/2017 20:00 - 31/12/2017 21:00","BZN|BG","4585.00","4873.00"
"31/12/2017 21:00 - 31/12/2017 22:00","BZN|BG","4437.00","4752.00"
"31/12/2017 22:00 - 31/12/2017 23:00","BZN|BG","4360.00","4701.00"
"31/12/2017 23:00 - 01/01/2018 00:00","BZN|BG","4242.00","4132.00"
