"MTU (CET/CEST)","Area","Actual Total Load (MW)","Day-ahead Total Load Forecast (MW)"
"01/01/2025 00:00 - 01/01/2025 01:00","BZN|BG","4686.18","4595.00"
"01/01/2025 01:00 - 01/01/2025 02:00","BZN|BG","4541.00","4427.00"
"01/01/2025 02:00 - 01/01/2025 03:00","BZN|BG","4409.72","4297.00"
"01/01/2025 03:00 - 01/01/2025 04:00","BZN|BG","4321.60","4217.00"
"01/01/2025 04:00 - 01/01/2025 05:00","BZN|BG","4336.50","4177.00"
"01/01/2025 05:00 - 01/01/2025 06:00","BZN|BG","4363.32","4182.00"
"01/01/2025 06:00 - 01/01/2025 07:00","BZN|BG","4422.33","4262.00"
"01/01/2025 07:00 - 01/01/2025 08:00","BZN|BG","4616.49","4434.00"
"01/01/2025 08:00 - 01/01/2025 09:00","BZN|BG","4743.37","4652.00"
"01/01/2025 09:00 - 01/01/2025 10:00","BZN|BG","4777.45","4782.00"
"01/01/2025 10:00 - 01/01/2025 11:00","BZN|BG","4757.25","4834.00"
"01/01/2025 11:00 - 01/01/2025 12:00","BZN|BG","4668.96","4828.00"
"01/01/2025 12:00 - 01/01/2025 13:00","BZN|BG","4493.55","4742.00"
"01/01/2025 13:00 - 01/01/2025 14:00","BZN|BG","4397.74","4670.00"
"01/01/2025 14:00 - 01/01/2025 15:00","BZN|BG","4455.27","4696.00"
"01/01/2025 15:00 - 01/01/2025 16:00","BZN|BG","4766.47","4880.00"
"01/01/2025 16:00 - 01/01/2025 17:00","BZN|BG","5268.12","5261.00"
"01/01/2025 17:00 - 01/01/2025 18:00","BZN|BG","5455.82","5480.00"
"01/01/2025 18:00 - 01/01/2025 19:00","BZN|BG","5449.66","5420.00"
"01/01/2025 19:00 - 01/01/2025 20:00","BZN|BG","5338.00","5300.00"
"01/01/2025 20:00 - 01/01/2025 21:00","BZN|BG","5183.58","5135.00"
"01/01/2025 21:00 - 01/01/2025 22:00","BZN|BG","5059.75","5042.00"
"01/01/2025 22:00 - 01/01/2025 23:00","BZN|BG","4807.42","4805.00"
"01/01/2025 23:00 - 02/01/2025 00:00","BZN|BG","4527.51","4653.00"
"02/01/2025 00:00 - 02/01/2025 01:00","BZN|BG","4326.64","4471.00"
"02/01/2025 01:00 - 02/01/2025 02:00","BZN|BG","4219.67","4374.00"
"02/01/2025 02:00 - 02/01/2025 03:00","BZN|BG","4229.33","4330.00"
"02/01/2025 03:00 - 02/01/2025 04:00","BZN|BG","4291.81","4363.00"
"02/01/2025 04:00 - 02/01/2025 05:00","BZN|BG","4396.02","4464.00"
"02/01/2025 05:00 - 02/01/2025 06:00","BZN|BG","4674.02","4736.00"
"02/01/2025 06:00 - 02/01/2025 07:00","BZN|BG","5111.81","5133.00"
"02/01/2025 07:00 - 02/01/2025 08:00","BZN|BG","5596.16","5587.00"
"02/01/2025 08:00 - 02/01/2025 09:00","BZN|BG","5813.73","5828.00"
"02/01/2025 09:00 - 02/01/2025 10:00","BZN|BG","5779.28","5771.00"
"02/01/2025 10:00 - 02/01/2025 11:00","BZN|BG","5627.20","5697.00"
"02/01/2025 11:00 - 02/01/2025 12:00","BZN|BG","5466.06","5581.00"
"02/01/2025 12:00 - 02/01/2025 13:00","BZN|BG","5315.60","5399.00"
"02/01/2025 13:00 - 02/01/2025 14:00","BZN|BG","5215.55","5327.00"
"02/01/2025 14:00 - 02/01/2025 15:00","BZN|BG","5274.20","5473.00"
"02/01/2025 15:00 - 02/01/2025 16:00","BZN|BG","5487.74","5613.00"
"02/01/2025 16:00 - 02/01/2025 17:00","BZN|BG","5854.67","5939.00"
"02/01/2025 17:00 - 02/01/2025 18:00","BZN|BG","6057.69","6144.00"
"02/01/2025 18:00 - 02/01/2025 19:00","BZN|BG","6003.16","6108.00"
"02/01/2025 19:00 - 02/01/2025 20:00","BZN|BG","5850.92","5923.00"
"02/01/2025 20:00 - 02/01/2025 21:00","BZN|BG","5638.79","5742.00"
"02/01/2025 21:00 - 02/01/2025 22:00","BZN|BG","5467.82","5623.00"
"02/01/2025 22:00 - 02/01/2025 23:00","BZN|BG","5157.52","5366.00"
"02/01/2025 23:00 - 03/01/2025 00:00","BZN|BG","4818.21","4847.00"
"03/01/2025 00:00 - 03/01/2025 01:00","BZN|BG","4586.56","4588.00"
"03/01/2025 01:00 - 03/01/2025 02:00","BZN|BG","4471.52","4436.00"
"03/01/2025 02:00 - 03/01/2025 03:00","BZN|BG","4438.30","4399.00"
"03/01/2025 03:00 - 03/01/2025 04:00","BZN|BG","4474.23","4356.00"
"03/01/2025 04:00 - 03/01/2025 05:00","BZN|BG","4592.94","4367.00"
"03/01/2025 05:00 - 03/01/2025 06:00","BZN|BG","4870.59","4432.00"
"03/01/2025 06:00 - 03/01/2025 07:00","BZN|BG","5282.90","4732.00"
"03/01/2025 07:00 - 03/01/2025 08:00","BZN|BG","5736.26","5378.00"
"03/01/2025 08:00 - 03/01/2025 09:00","BZN|BG","5928.24","5877.00"
"03/01/2025 09:00 - 03/01/2025 10:00","BZN|BG","5837.15","5808.00"
"03/01/2025 10:00 - 03/01/2025 11:00","BZN|BG","5667.12","5708.00"
"03/01/2025 11:00 - 03/01/2025 12:00","BZN|BG","5508.41","5646.00"
"03/01/2025 12:00 - 03/01/2025 13:00","BZN|BG","5399.12","5579.00"
"03/01/2025 13:00 - 03/01/2025 14:00","BZN|BG","5337.30","5420.00"
"03/01/2025 14:00 - 03/01/2025 15:00","BZN|BG","5381.13","5467.00"
"03/01/2025 15:00 - 03/01/2025 16:00","BZN|BG","5566.35","5635.00"
"03/01/2025 16:00 - 03/01/2025 17:00","BZN|BG","5837.97","5988.00"
"03/01/2025 17:00 - 03/01/2025 18:00","BZN|BG","5968.00","6115.00"
"03/01/2025 18:00 - 03/01/2025 19:00","BZN|BG","5858.26","5920.00"
"03/01/2025 19:00 - 03/01/2025 20:00","BZN|BG","5631.31","5691.00"
"03/01/2025 20:00 - 03/01/2025 21:00","BZN|BG","5398.82","5513.00"
"03/01/2025 21:00 - 03/01/2025 22:00","BZN|BG","5189.22","5397.00"
"03/01/2025 22:00 - 03/01/2025 23:00","BZN|BG","4918.17","5230.00"
"03/01/2025 23:00 - 04/01/2025 00:00","BZN|BG","4621.95","4736.00"
"04/01/2025 00:00 - 04/01/2025 01:00","BZN|BG","4404.23","4516.00"
"04/01/2025 01:00 - 04/01/2025 02:00","BZN|BG","4287.72","4374.00"
"04/01/2025 02:00 - 04/01/2025 03:00","BZN|BG","4253.39","4356.00"
"04/01/2025 03:00 - 04/01/2025 04:00","BZN|BG","4305.09","4376.00"
"04/01/2025 04:00 - 04/01/2025 05:00","BZN|BG","4358.95","4413.00"
"04/01/2025 05:00 - 04/01/2025 06:00","BZN|BG","4492.38","4517.00"
"04/01/2025 06:00 - 04/01/2025 07:00","BZN|BG","4738.26","4741.00"
"04/01/2025 07:00 - 04/01/2025 08:00","BZN|BG","5184.31","5136.00"
"04/01/2025 08:00 - 04/01/2025 09:00","BZN|BG","5562.88","5508.00"
"04/01/2025 09:00 - 04/01/2025 10:00","BZN|BG","5661.87","5623.00"
"04/01/2025 10:00 - 04/01/2025 11:00","BZN|BG","5580.28","5588.00"
"04/01/2025 11:00 - 04/01/2025 12:00","BZN|BG","5473.67","5506.00"
"04/01/2025 12:00 - 04/01/2025 13:00","BZN|BG","5324.57","5418.00"
"04/01/2025 13:00 - 04/01/2025 14:00","BZN|BG","5207.36","5314.00"
"04/01/2025 14:00 - 04/01/2025 15:00","BZN|BG","5282.55","5314.00"
"04/01/2025 15:00 - 04/01/2025 16:00","BZN|BG","5525.85","5531.00"
"04/01/2025 16:00 - 04/01/2025 17:00","BZN|BG","5965.70","5949.00"
"04/01/2025 17:00 - 04/01/2025 18:00","BZN|BG","6138.74","6007.00"
"04/01/2025 18:00 - 04/01/2025 19:00","BZN|BG","6004.55","5899.00"
"04/01/2025 19:00 - 04/01/2025 20:00","BZN|BG","5827.50","5744.00"
"04/01/2025 20:00 - 04/01/2025 21:00","BZN|BG","5615.98","5578.00"
"04/01/2025 21:00 - 04/01/2025 22:00","BZN|BG","5477.96","5443.00"
"04/01/2025 22:00 - 04/01/2025 23:00","BZN|BG","5241.89","5259.00"
"04/01/2025 23:00 - 05/01/2025 00:00","BZN|BG","4937.86","4622.00"
"05/01/2025 00:00 - 05/01/2025 01:00","BZN|BG","4700.69","4557.00"
"05/01/2025 01:00 - 05/01/2025 02:00","BZN|BG","4558.61","4521.00"
"05/01/2025 02:00 - 05/01/2025 03:00","BZN|BG","4539.46","4515.00"
"05/01/2025 03:00 - 05/01/2025 04:00","BZN|BG","4541.47","4533.00"
"05/01/2025 04:00 - 05/01/2025 05:00","BZN|BG","4680.55","4575.00"
"05/01/2025 05:00 - 05/01/2025 06:00","BZN|BG","4726.80","4683.00"
"05/01/2025 06:00 - 05/01/2025 07:00","BZN|BG","4943.36","4949.00"
"05/01/2025 07:00 - 05/01/2025 08:00","BZN|BG","5396.73","5413.00"
"05/01/2025 08:00 - 05/01/2025 09:00","BZN|BG","5689.47","5778.00"
"05/01/2025 09:00 - 05/01/2025 10:00","BZN|BG","5711.06","5880.00"
"05/01/2025 10:00 - 05/01/2025 11:00","BZN|BG","5591.29","5806.00"
"05/01/2025 11:00 - 05/01/2025 12:00","BZN|BG","5445.52","5674.00"
"05/01/2025 12:00 - 05/01/2025 13:00","BZN|BG","5319.56","5517.00"
"05/01/2025 13:00 - 05/01/2025 14:00","BZN|BG","5257.18","5416.00"
"05/01/2025 14:00 - 05/01/2025 15:00","BZN|BG","5328.16","5445.00"
"05/01/2025 15:00 - 05/01/2025 16:00","BZN|BG","5657.30","5703.00"
"05/01/2025 16:00 - 05/01/2025 17:00","BZN|BG","6263.42","6159.00"
"05/01/2025 17:00 - 05/01/2025 18:00","BZN|BG","6485.28","6275.00"
"05/01/2025 18:00 - 05/01/2025 19:00","BZN|BG","6393.92","6117.00"
"05/01/2025 19:00 - 05/01/2025 20:00","BZN|BG","6202.74","5927.00"
"05/01/2025 20:00 - 05/01/2025 21:00","BZN|BG","5913.37","5664.00"
"05/01/2025 21:00 - 05/01/2025 22:00","BZN|BG","5650.45","5457.00"
"05/01/2025 22:00 - 05/01/2025 23:00","BZN|BG","5280.22","5103.00"
"05/01/2025 23:00 - 06/01/2025 00:00","BZN|BG","4897.41","4803.00"
"06/01/2025 00:00 - 06/01/2025 01:00","BZN|BG","4627.62","4549.00"
"06/01/2025 01:00 - 06/01/2025 02:00","BZN|BG","4523.93","4409.00"
"06/01/2025 02:00 - 06/01/2025 03:00","BZN|BG","4560.77","4404.00"
"06/01/2025 03:00 - 06/01/2025 04:00","BZN|BG","4625.91","4423.00"
"06/01/2025 04:00 - 06/01/2025 05:00","BZN|BG","4782.09","4524.00"
"06/01/2025 05:00 - 06/01/2025 06:00","BZN|BG","5341.40","4787.00"
"06/01/2025 06:00 - 06/01/2025 07:00","BZN|BG","5908.78","5245.00"
"06/01/2025 07:00 - 06/01/2025 08:00","BZN|BG","6285.16","5819.00"
"06/01/2025 08:00 - 06/01/2025 09:00","BZN|BG","6329.89","6065.00"
"06/01/2025 09:00 - 06/01/2025 10:00","BZN|BG","6109.82","6005.00"
"06/01/2025 10:00 - 06/01/2025 11:00","BZN|BG","5854.32","5904.00"
"06/01/2025 11:00 - 06/01/2025 12:00","BZN|BG","5681.28","5822.00"
"06/01/2025 12:00 - 06/01/2025 13:00","BZN|BG","5584.00","5739.00"
"06/01/2025 13:00 - 06/01/2025 14:00","BZN|BG","5501.57","5670.00"
"06/01/2025 14:00 - 06/01/2025 15:00","BZN|BG","5588.19","5705.00"
"06/01/2025 15:00 - 06/01/2025 16:00","BZN|BG","5766.77","5930.00"
"06/01/2025 16:00 - 06/01/2025 17:00","BZN|BG","6068.47","6301.00"
"06/01/2025 17:00 - 06/01/2025 18:00","BZN|BG","6347.13","6495.00"
"06/01/2025 18:00 - 06/01/2025 19:00","BZN|BG","6329.66","6471.00"
"06/01/2025 19:00 - 06/01/2025 20:00","BZN|BG","6136.31","6270.00"
"06/01/2025 20:00 - 06/01/2025 21:00","BZN|BG","5891.74","5993.00"
"06/01/2025 21:00 - 06/01/2025 22:00","BZN|BG","5674.25","5748.00"
"06/01/2025 22:00 - 06/01/2025 23:00","BZN|BG","5294.69","5384.00"
"06/01/2025 23:00 - 07/01/2025 00:00","BZN|BG","4924.90","4987.00"
"07/01/2025 00:00 - 07/01/2025 01:00","BZN|BG","4685.91","4739.00"
"07/01/2025 01:00 - 07/01/2025 02:00","BZN|BG","4586.09","4583.00"
"07/01/2025 02:00 - 07/01/2025 03:00","BZN|BG","4610.83","4529.00"
"07/01/2025 03:00 - 07/01/2025 04:00","BZN|BG","4643.74","4554.00"
"07/01/2025 04:00 - 07/01/2025 05:00","BZN|BG","4790.58","4723.00"
"07/01/2025 05:00 - 07/01/2025 06:00","BZN|BG","5294.74","5255.00"
"07/01/2025 06:00 - 07/01/2025 07:00","BZN|BG","5801.49","5831.00"
"07/01/2025 07:00 - 07/01/2025 08:00","BZN|BG","6156.22","6040.00"
"07/01/2025 08:00 - 07/01/2025 09:00","BZN|BG","6163.52","6127.00"
"07/01/2025 09:00 - 07/01/2025 10:00","BZN|BG","6024.26","6035.00"
"07/01/2025 10:00 - 07/01/2025 11:00","BZN|BG","5870.66","5955.00"
"07/01/2025 11:00 - 07/01/2025 12:00","BZN|BG","5749.15","5870.00"
"07/01/2025 12:00 - 07/01/2025 13:00","BZN|BG","5746.99","5803.00"
"07/01/2025 13:00 - 07/01/2025 14:00","BZN|BG","5712.58","5738.00"
"07/01/2025 14:00 - 07/01/2025 15:00","BZN|BG","5798.03","5780.00"
"07/01/2025 15:00 - 07/01/2025 16:00","BZN|BG","5886.96","5973.00"
"07/01/2025 16:00 - 07/01/2025 17:00","BZN|BG","6075.32","6279.00"
"07/01/2025 17:00 - 07/01/2025 18:00","BZN|BG","6254.34","6356.00"
"07/01/2025 18:00 - 07/01/2025 19:00","BZN|BG","6168.26","6227.00"
"07/01/2025 19:00 - 07/01/2025 20:00","BZN|BG","5969.33","5973.00"
"07/01/2025 20:00 - 07/01/2025 21:00","BZN|BG","5706.74","5728.00"
"07/01/2025 21:00 - 07/01/2025 22:00","BZN|BG","5512.35","5567.00"
"07/01/2025 22:00 - 07/01/2025 23:00","BZN|BG","5172.85","5353.00"
"07/01/2025 23:00 - 08/01/2025 00:00","BZN|BG","4816.82","4888.00"
"08/01/2025 00:00 - 08/01/2025 01:00","BZN|BG","4566.30","4647.00"
"08/01/2025 01:00 - 08/01/2025 02:00","BZN|BG","4447.91","4497.00"
"08/01/2025 02:00 - 08/01/2025 03:00","BZN|BG","4437.42","4441.00"
"08/01/2025 03:00 - 08/01/2025 04:00","BZN|BG","4479.39","4467.00"
"08/01/2025 04:00 - 08/01/2025 05:00","BZN|BG","4614.12","4660.00"
"08/01/2025 05:00 - 08/01/2025 06:00","BZN|BG","5114.99","5144.00"
"08/01/2025 06:00 - 08/01/2025 07:00","BZN|BG","5636.82","5735.00"
"08/01/2025 07:00 - 08/01/2025 08:00","BZN|BG","5979.57","5805.00"
"08/01/2025 08:00 - 08/01/2025 09:00","BZN|BG","6024.96","5918.00"
"08/01/2025 09:00 - 08/01/2025 10:00","BZN|BG","5814.75","5890.00"
"08/01/2025 10:00 - 08/01/2025 11:00","BZN|BG","5501.62","5699.00"
"08/01/2025 11:00 - 08/01/2025 12:00","BZN|BG","5218.90","5473.00"
"08/01/2025 12:00 - 08/01/2025 13:00","BZN|BG","5096.70","5237.00"
"08/01/2025 13:00 - 08/01/2025 14:00","BZN|BG","5046.03","5103.00"
"08/01/2025 14:00 - 08/01/2025 15:00","BZN|BG","5107.49","5164.00"
"08/01/2025 15:00 - 08/01/2025 16:00","BZN|BG","5300.93","5395.00"
"08/01/2025 16:00 - 08/01/2025 17:00","BZN|BG","5657.88","5747.00"
"08/01/2025 17:00 - 08/01/2025 18:00","BZN|BG","5953.68","5862.00"
"08/01/2025 18:00 - 08/01/2025 19:00","BZN|BG","5969.86","5758.00"
"08/01/2025 19:00 - 08/01/2025 20:00","BZN|BG","5784.24","5570.00"
"08/01/2025 20:00 - 08/01/2025 21:00","BZN|BG","5532.56","5396.00"
"08/01/2025 21:00 - 08/01/2025 22:00","BZN|BG","5319.43","5280.00"
"08/01/2025 22:00 - 08/01/2025 23:00","BZN|BG","4904.29","5122.00"
"08/01/2025 23:00 - 09/01/2025 00:00","BZN|BG","4525.93","4675.00"
"09/01/2025 00:00 - 09/01/2025 01:00","BZN|BG","4328.94","4464.00"
"09/01/2025 01:00 - 09/01/2025 02:00","BZN|BG","4232.72","4353.00"
"09/01/2025 02:00 - 09/01/2025 03:00","BZN|BG","4273.84","4305.00"
"09/01/2025 03:00 - 09/01/2025 04:00","BZN|BG","4335.52","4343.00"
"09/01/2025 04:00 - 09/01/2025 05:00","BZN|BG","4500.39","4471.00"
"09/01/2025 05:00 - 09/01/2025 06:00","BZN|BG","4988.89","4754.00"
"09/01/2025 06:00 - 09/01/2025 07:00","BZN|BG","5534.83","5260.00"
"09/01/2025 07:00 - 09/01/2025 08:00","BZN|BG","5842.57","5808.00"
"09/01/2025 08:00 - 09/01/2025 09:00","BZN|BG","5792.12","6058.00"
"09/01/2025 09:00 - 09/01/2025 10:00","BZN|BG","5526.45","5966.00"
"09/01/2025 10:00 - 09/01/2025 11:00","BZN|BG","5248.34","5791.00"
"09/01/2025 11:00 - 09/01/2025 12:00","BZN|BG","5037.67","5585.00"
"09/01/2025 12:00 - 09/01/2025 13:00","BZN|BG","4949.38","5460.00"
"09/01/2025 13:00 - 09/01/2025 14:00","BZN|BG","4871.66","5363.00"
"09/01/2025 14:00 - 09/01/2025 15:00","BZN|BG","4988.69","5411.00"
"09/01/2025 15:00 - 09/01/2025 16:00","BZN|BG","5172.43","5613.00"
"09/01/2025 16:00 - 09/01/2025 17:00","BZN|BG","5531.17","5890.00"
"09/01/2025 17:00 - 09/01/2025 18:00","BZN|BG","5864.09","5980.00"
"09/01/2025 18:00 - 09/01/2025 19:00","BZN|BG","5878.63","5855.00"
"09/01/2025 19:00 - 09/01/2025 20:00","BZN|BG","5695.31","5614.00"
"09/01/2025 20:00 - 09/01/2025 21:00","BZN|BG","5484.99","5369.00"
"09/01/2025 21:00 - 09/01/2025 22:00","BZN|BG","5226.89","5210.00"
"09/01/2025 22:00 - 09/01/2025 23:00","BZN|BG","4862.01","4985.00"
"09/01/2025 23:00 - 10/01/2025 00:00","BZN|BG","4514.48","4501.00"
"10/01/2025 00:00 - 10/01/2025 01:00","BZN|BG","4291.38","4327.00"
"10/01/2025 01:00 - 10/01/2025 02:00","BZN|BG","4176.43","4242.00"
"10/01/2025 02:00 - 10/01/2025 03:00","BZN|BG","4203.97","4210.00"
"10/01/2025 03:00 - 10/01/2025 04:00","BZN|BG","4224.04","4246.00"
"10/01/2025 04:00 - 10/01/2025 05:00","BZN|BG","4361.49","4456.00"
"10/01/2025 05:00 - 10/01/2025 06:00","BZN|BG","4867.67","4870.00"
"10/01/2025 06:00 - 10/01/2025 07:00","BZN|BG","5384.07","5230.00"
"10/01/2025 07:00 - 10/01/2025 08:00","BZN|BG","5733.21","5750.00"
"10/01/2025 08:00 - 10/01/2025 09:00","BZN|BG","5796.40","5905.00"
"10/01/2025 09:00 - 10/01/2025 10:00","BZN|BG","5569.19","5776.00"
"10/01/2025 10:00 - 10/01/2025 11:00","BZN|BG","5312.02","5591.00"
"10/01/2025 11:00 - 10/01/2025 12:00","BZN|BG","5089.95","5334.00"
"10/01/2025 12:00 - 10/01/2025 13:00","BZN|BG","4974.76","5158.00"
"10/01/2025 13:00 - 10/01/2025 14:00","BZN|BG","4932.46","5077.00"
"10/01/2025 14:00 - 10/01/2025 15:00","BZN|BG","5032.12","5124.00"
"10/01/2025 15:00 - 10/01/2025 16:00","BZN|BG","5196.86","5326.00"
"10/01/2025 16:00 - 10/01/2025 17:00","BZN|BG","5507.29","5616.00"
"10/01/2025 17:00 - 10/01/2025 18:00","BZN|BG","5798.56","5760.00"
"10/01/2025 18:00 - 10/01/2025 19:00","BZN|BG","5793.41","5658.00"
"10/01/2025 19:00 - 10/01/2025 20:00","BZN|BG","5592.92","5424.00"
"10/01/2025 20:00 - 10/01/2025 21:00","BZN|BG","5396.64","5182.00"
"10/01/2025 21:00 - 10/01/2025 22:00","BZN|BG","5198.98","5016.00"
"10/01/2025 22:00 - 10/01/2025 23:00","BZN|BG","4909.40","4742.00"
"10/01/2025 23:00 - 11/01/2025 00:00","BZN|BG","4626.42","4501.00"
"11/01/2025 00:00 - 11/01/2025 01:00","BZN|BG","4418.77","4321.00"
"11/01/2025 01:00 - 11/01/2025 02:00","BZN|BG","4289.33","4225.00"
"11/01/2025 02:00 - 11/01/2025 03:00","BZN|BG","4307.34","4197.00"
"11/01/2025 03:00 - 11/01/2025 04:00","BZN|BG","4316.51","4259.00"
"11/01/2025 04:00 - 11/01/2025 05:00","BZN|BG","4359.46","4324.00"
"11/01/2025 05:00 - 11/01/2025 06:00","BZN|BG","4544.03","4486.00"
"11/01/2025 06:00 - 11/01/2025 07:00","BZN|BG","4849.10","4783.00"
"11/01/2025 07:00 - 11/01/2025 08:00","BZN|BG","5380.45","5322.00"
"11/01/2025 08:00 - 11/01/2025 09:00","BZN|BG","5829.58","5780.00"
"11/01/2025 09:00 - 11/01/2025 10:00","BZN|BG","6003.81","5899.00"
"11/01/2025 10:00 - 11/01/2025 11:00","BZN|BG","6001.48","5837.00"
"11/01/2025 11:00 - 11/01/2025 12:00","BZN|BG","5978.96","5755.00"
"11/01/2025 12:00 - 11/01/2025 13:00","BZN|BG","5891.58","5640.00"
"11/01/2025 13:00 - 11/01/2025 14:00","BZN|BG","5765.92","5550.00"
"11/01/2025 14:00 - 11/01/2025 15:00","BZN|BG","5722.89","5587.00"
"11/01/2025 15:00 - 11/01/2025 16:00","BZN|BG","5834.10","5707.00"
"11/01/2025 16:00 - 11/01/2025 17:00","BZN|BG","6076.42","5923.00"
"11/01/2025 17:00 - 11/01/2025 18:00","BZN|BG","6193.50","6009.00"
"11/01/2025 18:00 - 11/01/2025 19:00","BZN|BG","6042.61","5845.00"
"11/01/2025 19:00 - 11/01/2025 20:00","BZN|BG","5810.51","5629.00"
"11/01/2025 20:00 - 11/01/2025 21:00","BZN|BG","5588.58","5371.00"
"11/01/2025 21:00 - 11/01/2025 22:00","BZN|BG","5428.07","5203.00"
"11/01/2025 22:00 - 11/01/2025 23:00","BZN|BG","5182.81","4915.00"
"11/01/2025 23:00 - 12/01/2025 00:00","BZN|BG","4894.99","4722.00"
"12/01/2025 00:00 - 12/01/2025 01:00","BZN|BG","4672.96","4532.00"
"12/01/2025 01:00 - 12/01/2025 02:00","BZN|BG","4542.76","4418.00"
"12/01/2025 02:00 - 12/01/2025 03:00","BZN|BG","4525.60","4403.00"
"12/01/2025 03:00 - 12/01/2025 04:00","BZN|BG","4539.05","4406.00"
"12/01/2025 04:00 - 12/01/2025 05:00","BZN|BG","4585.18","4604.00"
"12/01/2025 05:00 - 12/01/2025 06:00","BZN|BG","4682.49","4670.00"
"12/01/2025 06:00 - 12/01/2025 07:00","BZN|BG","4971.00","4978.00"
"12/01/2025 07:00 - 12/01/2025 08:00","BZN|BG","5466.38","5622.00"
"12/01/2025 08:00 - 12/01/2025 09:00","BZN|BG","5959.42","6039.00"
"12/01/2025 09:00 - 12/01/2025 10:00","BZN|BG","6185.06","6069.00"
"12/01/2025 10:00 - 12/01/2025 11:00","BZN|BG","6216.52","6018.00"
"12/01/2025 11:00 - 12/01/2025 12:00","BZN|BG","6187.17","5956.00"
"12/01/2025 12:00 - 12/01/2025 13:00","BZN|BG","6126.83","5902.00"
"12/01/2025 13:00 - 12/01/2025 14:00","BZN|BG","6009.32","5876.00"
"12/01/2025 14:00 - 12/01/2025 15:00","BZN|BG","5998.86","5911.00"
"12/01/2025 15:00 - 12/01/2025 16:00","BZN|BG","6122.32","6076.00"
"12/01/2025 16:00 - 12/01/2025 17:00","BZN|BG","6490.65","6379.00"
"12/01/2025 17:00 - 12/01/2025 18:00","BZN|BG","6627.62","6489.00"
"12/01/2025 18:00 - 12/01/2025 19:00","BZN|BG","6517.83","6409.00"
"12/01/2025 19:00 - 12/01/2025 20:00","BZN|BG","6301.92","6241.00"
"12/01/2025 20:00 - 12/01/2025 21:00","BZN|BG","6028.85","5987.00"
"12/01/2025 21:00 - 12/01/2025 22:00","BZN|BG","5760.77","5756.00"
"12/01/2025 22:00 - 12/01/2025 23:00","BZN|BG","5380.32","5431.00"
"12/01/2025 23:00 - 13/01/2025 00:00","BZN|BG","4994.71","5114.00"
"13/01/2025 00:00 - 13/01/2025 01:00","BZN|BG","4733.72","4852.00"
"13/01/2025 01:00 - 13/01/2025 02:00","BZN|BG","4635.64","4751.00"
"13/01/2025 02:00 - 13/01/2025 03:00","BZN|BG","4674.54","4790.00"
"13/01/2025 03:00 - 13/01/2025 04:00","BZN|BG","4732.68","4859.00"
"13/01/2025 04:00 - 13/01/2025 05:00","BZN|BG","4898.21","5024.00"
"13/01/2025 05:00 - 13/01/2025 06:00","BZN|BG","5456.26","5613.00"
"13/01/2025 06:00 - 13/01/2025 07:00","BZN|BG","6052.28","6077.00"
"13/01/2025 07:00 - 13/01/2025 08:00","BZN|BG","6545.15","6480.00"
"13/01/2025 08:00 - 13/01/2025 09:00","BZN|BG","6779.48","6625.00"
"13/01/2025 09:00 - 13/01/2025 10:00","BZN|BG","6753.34","6588.00"
"13/01/2025 10:00 - 13/01/2025 11:00","BZN|BG","6674.78","6510.00"
"13/01/2025 11:00 - 13/01/2025 12:00","BZN|BG","6523.70","6458.00"
"13/01/2025 12:00 - 13/01/2025 13:00","BZN|BG","6464.43","6428.00"
"13/01/2025 13:00 - 13/01/2025 14:00","BZN|BG","6419.67","6403.00"
"13/01/2025 14:00 - 13/01/2025 15:00","BZN|BG","6457.77","6440.00"
"13/01/2025 15:00 - 13/01/2025 16:00","BZN|BG","6500.59","6518.00"
"13/01/2025 16:00 - 13/01/2025 17:00","BZN|BG","6665.73","6649.00"
"13/01/2025 17:00 - 13/01/2025 18:00","BZN|BG","6876.79","6770.00"
"13/01/2025 18:00 - 13/01/2025 19:00","BZN|BG","6799.65","6751.00"
"13/01/2025 19:00 - 13/01/2025 20:00","BZN|BG","6580.72","6546.00"
"13/01/2025 20:00 - 13/01/2025 21:00","BZN|BG","6341.18","6287.00"
"13/01/2025 21:00 - 13/01/2025 22:00","BZN|BG","6059.77","6056.00"
"13/01/2025 22:00 - 13/01/2025 23:00","BZN|BG","5648.50","5654.00"
"13/01/2025 23:00 - 14/01/2025 00:00","BZN|BG","5282.44","5276.00"
"14/01/2025 00:00 - 14/01/2025 01:00","BZN|BG","5068.01","4995.00"
"14/01/2025 01:00 - 14/01/2025 02:00","BZN|BG","4968.86","4871.00"
"14/01/2025 02:00 - 14/01/2025 03:00","BZN|BG","4980.09","4875.00"
"14/01/2025 03:00 - 14/01/2025 04:00","BZN|BG","5013.13","4927.00"
"14/01/2025 04:00 - 14/01/2025 05:00","BZN|BG","5162.22","5108.00"
"14/01/2025 05:00 - 14/01/2025 06:00","BZN|BG","5665.25","5646.00"
"14/01/2025 06:00 - 14/01/2025 07:00","BZN|BG","6166.07","6322.00"
"14/01/2025 07:00 - 14/01/2025 08:00","BZN|BG","6601.80","6783.00"
"14/01/2025 08:00 - 14/01/2025 09:00","BZN|BG","6834.38","6850.00"
"14/01/2025 09:00 - 14/01/2025 10:00","BZN|BG","6848.70","6798.00"
"14/01/2025 10:00 - 14/01/2025 11:00","BZN|BG","6781.24","6723.00"
"14/01/2025 11:00 - 14/01/2025 12:00","BZN|BG","6710.16","6658.00"
"14/01/2025 12:00 - 14/01/2025 13:00","BZN|BG","6667.54","6626.00"
"14/01/2025 13:00 - 14/01/2025 14:00","BZN|BG","6593.36","6606.00"
"14/01/2025 14:00 - 14/01/2025 15:00","BZN|BG","6606.97","6651.00"
"14/01/2025 15:00 - 14/01/2025 16:00","BZN|BG","6650.58","6737.00"
"14/01/2025 16:00 - 14/01/2025 17:00","BZN|BG","6754.24","6867.00"
"14/01/2025 17:00 - 14/01/2025 18:00","BZN|BG","6966.46","6981.00"
"14/01/2025 18:00 - 14/01/2025 19:00","BZN|BG","6902.61","6956.00"
"14/01/2025 19:00 - 14/01/2025 20:00","BZN|BG","6692.27","6702.00"
"14/01/2025 20:00 - 14/01/2025 21:00","BZN|BG","6461.17","6422.00"
"14/01/2025 21:00 - 14/01/2025 22:00","BZN|BG","6168.27","6158.00"
"14/01/2025 22:00 - 14/01/2025 23:00","BZN|BG","5761.02","5728.00"
"14/01/2025 23:00 - 15/01/2025 00:00","BZN|BG","5380.81","5544.00"
"15/01/2025 00:00 - 15/01/2025 01:00","BZN|BG","5137.21","5221.00"
"15/01/2025 01:00 - 15/01/2025 02:00","BZN|BG","5020.19","5068.00"
"15/01/2025 02:00 - 15/01/2025 03:00","BZN|BG","5054.69","5093.00"
"15/01/2025 03:00 - 15/01/2025 04:00","BZN|BG","5106.61","5139.00"
"15/01/2025 04:00 - 15/01/2025 05:00","BZN|BG","5231.78","5312.00"
"15/01/2025 05:00 - 15/01/2025 06:00","BZN|BG","5744.64","5904.00"
"15/01/2025 06:00 - 15/01/2025 07:00","BZN|BG","6280.71","6523.00"
"15/01/2025 07:00 - 15/01/2025 08:00","BZN|BG","6708.42","6923.00"
"15/01/2025 08:00 - 15/01/2025 09:00","BZN|BG","6956.93","6943.00"
"15/01/2025 09:00 - 15/01/2025 10:00","BZN|BG","6958.97","6868.00"
"15/01/2025 10:00 - 15/01/2025 11:00","BZN|BG","6879.34","6779.00"
"15/01/2025 11:00 - 15/01/2025 12:00","BZN|BG","6747.25","6705.00"
"15/01/2025 12:00 - 15/01/2025 13:00","BZN|BG","6727.68","6676.00"
"15/01/2025 13:00 - 15/01/2025 14:00","BZN|BG","6627.60","6658.00"
"15/01/2025 14:00 - 15/01/2025 15:00","BZN|BG","6622.29","6697.00"
"15/01/2025 15:00 - 15/01/2025 16:00","BZN|BG","6619.59","6764.00"
"15/01/2025 16:00 - 15/01/2025 17:00","BZN|BG","6795.99","6895.00"
"15/01/2025 17:00 - 15/01/2025 18:00","BZN|BG","7032.69","7013.00"
"15/01/2025 18:00 - 15/01/2025 19:00","BZN|BG","6964.06","6997.00"
"15/01/2025 19:00 - 15/01/2025 20:00","BZN|BG","6752.14","6795.00"
"15/01/2025 20:00 - 15/01/2025 21:00","BZN|BG","6536.71","6553.00"
"15/01/2025 21:00 - 15/01/2025 22:00","BZN|BG","6238.28","6327.00"
"15/01/2025 22:00 - 15/01/2025 23:00","BZN|BG","5844.43","5957.00"
"15/01/2025 23:00 - 16/01/2025 00:00","BZN|BG","5435.18","5455.00"
"16/01/2025 00:00 - 16/01/2025 01:00","BZN|BG","5113.91","5173.00"
"16/01/2025 01:00 - 16/01/2025 02:00","BZN|BG","5036.99","5058.00"
"16/01/2025 02:00 - 16/01/2025 03:00","BZN|BG","5060.21","5078.00"
"16/01/2025 03:00 - 16/01/2025 04:00","BZN|BG","5123.40","5118.00"
"16/01/2025 04:00 - 16/01/2025 05:00","BZN|BG","5303.18","5323.00"
"16/01/2025 05:00 - 16/01/2025 06:00","BZN|BG","5777.50","5959.00"
"16/01/2025 06:00 - 16/01/2025 07:00","BZN|BG","6338.58","6554.00"
"16/01/2025 07:00 - 16/01/2025 08:00","BZN|BG","6756.61","6972.00"
"16/01/2025 08:00 - 16/01/2025 09:00","BZN|BG","6914.54","7078.00"
"16/01/2025 09:00 - 16/01/2025 10:00","BZN|BG","6793.20","6921.00"
"16/01/2025 10:00 - 16/01/2025 11:00","BZN|BG","6663.49","6703.00"
"16/01/2025 11:00 - 16/01/2025 12:00","BZN|BG","6397.68","6536.00"
"16/01/2025 12:00 - 16/01/2025 13:00","BZN|BG","6277.05","6463.00"
"16/01/2025 13:00 - 16/01/2025 14:00","BZN|BG","6160.00","6418.00"
"16/01/2025 14:00 - 16/01/2025 15:00","BZN|BG","6187.39","6481.00"
"16/01/2025 15:00 - 16/01/2025 16:00","BZN|BG","6255.37","6611.00"
"16/01/2025 16:00 - 16/01/2025 17:00","BZN|BG","6529.56","6828.00"
"16/01/2025 17:00 - 16/01/2025 18:00","BZN|BG","6871.71","7035.00"
"16/01/2025 18:00 - 16/01/2025 19:00","BZN|BG","6886.96","7027.00"
"16/01/2025 19:00 - 16/01/2025 20:00","BZN|BG","6698.82","6790.00"
"16/01/2025 20:00 - 16/01/2025 21:00","BZN|BG","6487.54","6514.00"
"16/01/2025 21:00 - 16/01/2025 22:00","BZN|BG","6233.30","6246.00"
"16/01/2025 22:00 - 16/01/2025 23:00","BZN|BG","5868.79","5799.00"
"16/01/2025 23:00 - 17/01/2025 00:00","BZN|BG","5479.39","5456.00"
"17/01/2025 00:00 - 17/01/2025 01:00","BZN|BG","5230.24","5185.00"
"17/01/2025 01:00 - 17/01/2025 02:00","BZN|BG","5131.67","5057.00"
"17/01/2025 02:00 - 17/01/2025 03:00","BZN|BG","5166.83","5081.00"
"17/01/2025 03:00 - 17/01/2025 04:00","BZN|BG","5230.83","5126.00"
"17/01/2025 04:00 - 17/01/2025 05:00","BZN|BG","5416.90","5286.00"
"17/01/2025 05:00 - 17/01/2025 06:00","BZN|BG","5916.17","5848.00"
"17/01/2025 06:00 - 17/01/2025 07:00","BZN|BG","6467.43","6432.00"
"17/01/2025 07:00 - 17/01/2025 08:00","BZN|BG","6858.33","6845.00"
"17/01/2025 08:00 - 17/01/2025 09:00","BZN|BG","6901.29","6947.00"
"17/01/2025 09:00 - 17/01/2025 10:00","BZN|BG","6728.34","6851.00"
"17/01/2025 10:00 - 17/01/2025 11:00","BZN|BG","6514.06","6724.00"
"17/01/2025 11:00 - 17/01/2025 12:00","BZN|BG","6319.19","6609.00"
"17/01/2025 12:00 - 17/01/2025 13:00","BZN|BG","6191.41","6566.00"
"17/01/2025 13:00 - 17/01/2025 14:00","BZN|BG","6069.75","6524.00"
"17/01/2025 14:00 - 17/01/2025 15:00","BZN|BG","6122.11","6569.00"
"17/01/2025 15:00 - 17/01/2025 16:00","BZN|BG","6257.09","6650.00"
"17/01/2025 16:00 - 17/01/2025 17:00","BZN|BG","6527.92","6833.00"
"17/01/2025 17:00 - 17/01/2025 18:00","BZN|BG","6817.36","7023.00"
"17/01/2025 18:00 - 17/01/2025 19:00","BZN|BG","6770.84","6988.00"
"17/01/2025 19:00 - 17/01/2025 20:00","BZN|BG","6540.92","6770.00"
"17/01/2025 20:00 - 17/01/2025 21:00","BZN|BG","6289.21","6520.00"
"17/01/2025 21:00 - 17/01/2025 22:00","BZN|BG","6137.99","6254.00"
"17/01/2025 22:00 - 17/01/2025 23:00","BZN|BG","5831.66","5850.00"
"17/01/2025 23:00 - 18/01/2025 00:00","BZN|BG","5468.08","5409.00"
"18/01/2025 00:00 - 18/01/2025 01:00","BZN|BG","5228.05","5183.00"
"18/01/2025 01:00 - 18/01/2025 02:00","BZN|BG","5089.05","5042.00"
"18/01/2025 02:00 - 18/01/2025 03:00","BZN|BG","5073.32","5058.00"
"18/01/2025 03:00 - 18/01/2025 04:00","BZN|BG","5100.88","5066.00"
"18/01/2025 04:00 - 18/01/2025 05:00","BZN|BG","5146.10","5105.00"
"18/01/2025 05:00 - 18/01/2025 06:00","BZN|BG","5312.43","5271.00"
"18/01/2025 06:00 - 18/01/2025 07:00","BZN|BG","5642.00","5547.00"
"18/01/2025 07:00 - 18/01/2025 08:00","BZN|BG","6144.18","6026.00"
"18/01/2025 08:00 - 18/01/2025 09:00","BZN|BG","6391.35","6431.00"
"18/01/2025 09:00 - 18/01/2025 10:00","BZN|BG","6380.47","6588.00"
"18/01/2025 10:00 - 18/01/2025 11:00","BZN|BG","6228.53","6582.00"
"18/01/2025 11:00 - 18/01/2025 12:00","BZN|BG","6036.70","6522.00"
"18/01/2025 12:00 - 18/01/2025 13:00","BZN|BG","5836.06","6291.00"
"18/01/2025 13:00 - 18/01/2025 14:00","BZN|BG","5688.70","5958.00"
"18/01/2025 14:00 - 18/01/2025 15:00","BZN|BG","5680.91","5844.00"
"18/01/2025 15:00 - 18/01/2025 16:00","BZN|BG","5915.40","6018.00"
"18/01/2025 16:00 - 18/01/2025 17:00","BZN|BG","6351.91","6395.00"
"18/01/2025 17:00 - 18/01/2025 18:00","BZN|BG","6584.13","6578.00"
"18/01/2025 18:00 - 18/01/2025 19:00","BZN|BG","6433.48","6430.00"
"18/01/2025 19:00 - 18/01/2025 20:00","BZN|BG","6209.81","6203.00"
"18/01/2025 20:00 - 18/01/2025 21:00","BZN|BG","6024.17","5986.00"
"18/01/2025 21:00 - 18/01/2025 22:00","BZN|BG","5857.78","5829.00"
"18/01/2025 22:00 - 18/01/2025 23:00","BZN|BG","5608.06","5589.00"
"18/01/2025 23:00 - 19/01/2025 00:00","BZN|BG","5305.73","5368.00"
"19/01/2025 00:00 - 19/01/2025 01:00","BZN|BG","5096.28","5123.00"
"19/01/2025 01:00 - 19/01/2025 02:00","BZN|BG","4946.15","4979.00"
"19/01/2025 02:00 - 19/01/2025 03:00","BZN|BG","4905.77","4960.00"
"19/01/2025 03:00 - 19/01/2025 04:00","BZN|BG","4954.83","4972.00"
"19/01/2025 04:00 - 19/01/2025 05:00","BZN|BG","4996.81","5011.00"
"19/01/2025 05:00 - 19/01/2025 06:00","BZN|BG","5136.68","5093.00"
"19/01/2025 06:00 - 19/01/2025 07:00","BZN|BG","5386.17","5337.00"
"19/01/2025 07:00 - 19/01/2025 08:00","BZN|BG","5838.33","5756.00"
"19/01/2025 08:00 - 19/01/2025 09:00","BZN|BG","6090.21","6174.00"
"19/01/2025 09:00 - 19/01/2025 10:00","BZN|BG","6095.36","6364.00"
"19/01/2025 10:00 - 19/01/2025 11:00","BZN|BG","5941.98","6391.00"
"19/01/2025 11:00 - 19/01/2025 12:00","BZN|BG","5798.35","6287.00"
"19/01/2025 12:00 - 19/01/2025 13:00","BZN|BG","5602.86","6074.00"
"19/01/2025 13:00 - 19/01/2025 14:00","BZN|BG","5455.54","5658.00"
"19/01/2025 14:00 - 19/01/2025 15:00","BZN|BG","5504.91","5621.00"
"19/01/2025 15:00 - 19/01/2025 16:00","BZN|BG","5800.63","5809.00"
"19/01/2025 16:00 - 19/01/2025 17:00","BZN|BG","6386.23","6369.00"
"19/01/2025 17:00 - 19/01/2025 18:00","BZN|BG","6668.71","6577.00"
"19/01/2025 18:00 - 19/01/2025 19:00","BZN|BG","6572.08","6501.00"
"19/01/2025 19:00 - 19/01/2025 20:00","BZN|BG","6367.00","6353.00"
"19/01/2025 20:00 - 19/01/2025 21:00","BZN|BG","6130.08","6164.00"
"19/01/2025 21:00 - 19/01/2025 22:00","BZN|BG","5891.45","5980.00"
"19/01/2025 22:00 - 19/01/2025 23:00","BZN|BG","5518.95","5718.00"
"19/01/2025 23:00 - 20/01/2025 00:00","BZN|BG","5169.02","5231.00"
"20/01/2025 00:00 - 20/01/2025 01:00","BZN|BG","4953.73","4926.00"
"20/01/2025 01:00 - 20/01/2025 02:00","BZN|BG","4817.06","4812.00"
"20/01/2025 02:00 - 20/01/2025 03:00","BZN|BG","4854.72","4847.00"
"20/01/2025 03:00 - 20/01/2025 04:00","BZN|BG","4940.26","4899.00"
"20/01/2025 04:00 - 20/01/2025 05:00","BZN|BG","5122.04","5048.00"
"20/01/2025 05:00 - 20/01/2025 06:00","BZN|BG","5674.15","5549.00"
"20/01/2025 06:00 - 20/01/2025 07:00","BZN|BG","6272.24","6084.00"
"20/01/2025 07:00 - 20/01/2025 08:00","BZN|BG","6647.55","6527.00"
"20/01/2025 08:00 - 20/01/2025 09:00","BZN|BG","6652.00","6737.00"
"20/01/2025 09:00 - 20/01/2025 10:00","BZN|BG","6460.06","6672.00"
"20/01/2025 10:00 - 20/01/2025 11:00","BZN|BG","6272.01","6475.00"
"20/01/2025 11:00 - 20/01/2025 12:00","BZN|BG","6048.17","6098.00"
"20/01/2025 12:00 - 20/01/2025 13:00","BZN|BG","5970.65","5950.00"
"20/01/2025 13:00 - 20/01/2025 14:00","BZN|BG","5996.77","5838.00"
"20/01/2025 14:00 - 20/01/2025 15:00","BZN|BG","6021.82","5908.00"
"20/01/2025 15:00 - 20/01/2025 16:00","BZN|BG","6094.13","5987.00"
"20/01/2025 16:00 - 20/01/2025 17:00","BZN|BG","6325.34","6291.00"
"20/01/2025 17:00 - 20/01/2025 18:00","BZN|BG","6671.68","6680.00"
"20/01/2025 18:00 - 20/01/2025 19:00","BZN|BG","6675.98","6613.00"
"20/01/2025 19:00 - 20/01/2025 20:00","BZN|BG","6494.69","6421.00"
"20/01/2025 20:00 - 20/01/2025 21:00","BZN|BG","6265.01","6211.00"
"20/01/2025 21:00 - 20/01/2025 22:00","BZN|BG","5984.27","5965.00"
"20/01/2025 22:00 - 20/01/2025 23:00","BZN|BG","5586.42","5605.00"
"20/01/2025 23:00 - 21/01/2025 00:00","BZN|BG","5199.27","5336.00"
"21/01/2025 00:00 - 21/01/2025 01:00","BZN|BG","4975.11","5078.00"
"21/01/2025 01:00 - 21/01/2025 02:00","BZN|BG","4852.29","4952.00"
"21/01/2025 02:00 - 21/01/2025 03:00","BZN|BG","4874.28","4985.00"
"21/01/2025 03:00 - 21/01/2025 04:00","BZN|BG","4909.96","5031.00"
"21/01/2025 04:00 - 21/01/2025 05:00","BZN|BG","5078.98","5193.00"
"21/01/2025 05:00 - 21/01/2025 06:00","BZN|BG","5587.35","5682.00"
"21/01/2025 06:00 - 21/01/2025 07:00","BZN|BG","6132.75","6241.00"
"21/01/2025 07:00 - 21/01/2025 08:00","BZN|BG","6531.02","6646.00"
"21/01/2025 08:00 - 21/01/2025 09:00","BZN|BG","6644.09","6807.00"
"21/01/2025 09:00 - 21/01/2025 10:00","BZN|BG","6504.97","6658.00"
"21/01/2025 10:00 - 21/01/2025 11:00","BZN|BG","6249.08","6498.00"
"21/01/2025 11:00 - 21/01/2025 12:00","BZN|BG","5961.81","6293.00"
"21/01/2025 12:00 - 21/01/2025 13:00","BZN|BG","5990.13","6205.00"
"21/01/2025 13:00 - 21/01/2025 14:00","BZN|BG","6020.86","6104.00"
"21/01/2025 14:00 - 21/01/2025 15:00","BZN|BG","6051.04","6136.00"
"21/01/2025 15:00 - 21/01/2025 16:00","BZN|BG","6133.14","6217.00"
"21/01/2025 16:00 - 21/01/2025 17:00","BZN|BG","6360.86","6464.00"
"21/01/2025 17:00 - 21/01/2025 18:00","BZN|BG","6570.87","6752.00"
"21/01/2025 18:00 - 21/01/2025 19:00","BZN|BG","6519.82","6687.00"
"21/01/2025 19:00 - 21/01/2025 20:00","BZN|BG","6300.24","6458.00"
"21/01/2025 20:00 - 21/01/2025 21:00","BZN|BG","6015.14","6281.00"
"21/01/2025 21:00 - 21/01/2025 22:00","BZN|BG","5741.25","6055.00"
"21/01/2025 22:00 - 21/01/2025 23:00","BZN|BG","5410.44","5695.00"
"21/01/2025 23:00 - 22/01/2025 00:00","BZN|BG","5034.15","5161.00"
"22/01/2025 00:00 - 22/01/2025 01:00","BZN|BG","4809.66","4869.00"
"22/01/2025 01:00 - 22/01/2025 02:00","BZN|BG","4740.11","4758.00"
"22/01/2025 02:00 - 22/01/2025 03:00","BZN|BG","4728.64","4782.00"
"22/01/2025 03:00 - 22/01/2025 04:00","BZN|BG","4796.89","4831.00"
"22/01/2025 04:00 - 22/01/2025 05:00","BZN|BG","4936.46","4980.00"
"22/01/2025 05:00 - 22/01/2025 06:00","BZN|BG","5414.95","5444.00"
"22/01/2025 06:00 - 22/01/2025 07:00","BZN|BG","5958.92","5944.00"
"22/01/2025 07:00 - 22/01/2025 08:00","BZN|BG","6356.07","6334.00"
"22/01/2025 08:00 - 22/01/2025 09:00","BZN|BG","6445.41","6492.00"
"22/01/2025 09:00 - 22/01/2025 10:00","BZN|BG","6315.19","6391.00"
"22/01/2025 10:00 - 22/01/2025 11:00","BZN|BG","6137.55","6213.00"
"22/01/2025 11:00 - 22/01/2025 12:00","BZN|BG","5931.23","5972.00"
"22/01/2025 12:00 - 22/01/2025 13:00","BZN|BG","5861.55","5859.00"
"22/01/2025 13:00 - 22/01/2025 14:00","BZN|BG","5838.60","5709.00"
"22/01/2025 14:00 - 22/01/2025 15:00","BZN|BG","5873.60","5736.00"
"22/01/2025 15:00 - 22/01/2025 16:00","BZN|BG","5923.79","5812.00"
"22/01/2025 16:00 - 22/01/2025 17:00","BZN|BG","6119.81","6067.00"
"22/01/2025 17:00 - 22/01/2025 18:00","BZN|BG","6474.60","6402.00"
"22/01/2025 18:00 - 22/01/2025 19:00","BZN|BG","6442.68","6366.00"
"22/01/2025 19:00 - 22/01/2025 20:00","BZN|BG","6248.65","6183.00"
"22/01/2025 20:00 - 22/01/2025 21:00","BZN|BG","5954.09","5984.00"
"22/01/2025 21:00 - 22/01/2025 22:00","BZN|BG","5672.56","5767.00"
"22/01/2025 22:00 - 22/01/2025 23:00","BZN|BG","5334.64","5445.00"
"22/01/2025 23:00 - 23/01/2025 00:00","BZN|BG","4959.83","5057.00"
"23/01/2025 00:00 - 23/01/2025 01:00","BZN|BG","4723.83","4806.00"
"23/01/2025 01:00 - 23/01/2025 02:00","BZN|BG","4616.24","4687.00"
"23/01/2025 02:00 - 23/01/2025 03:00","BZN|BG","4638.52","4715.00"
"23/01/2025 03:00 - 23/01/2025 04:00","BZN|BG","4714.78","4756.00"
"23/01/2025 04:00 - 23/01/2025 05:00","BZN|BG","4901.31","4897.00"
"23/01/2025 05:00 - 23/01/2025 06:00","BZN|BG","5354.75","5372.00"
"23/01/2025 06:00 - 23/01/2025 07:00","BZN|BG","5915.05","5920.00"
"23/01/2025 07:00 - 23/01/2025 08:00","BZN|BG","6288.34","6341.00"
"23/01/2025 08:00 - 23/01/2025 09:00","BZN|BG","6214.44","6513.00"
"23/01/2025 09:00 - 23/01/2025 10:00","BZN|BG","5945.47","6388.00"
"23/01/2025 10:00 - 23/01/2025 11:00","BZN|BG","5729.23","6207.00"
"23/01/2025 11:00 - 23/01/2025 12:00","BZN|BG","5503.02","5954.00"
"23/01/2025 12:00 - 23/01/2025 13:00","BZN|BG","5363.13","5890.00"
"23/01/2025 13:00 - 23/01/2025 14:00","BZN|BG","5322.55","5782.00"
"23/01/2025 14:00 - 23/01/2025 15:00","BZN|BG","5381.93","5819.00"
"23/01/2025 15:00 - 23/01/2025 16:00","BZN|BG","5580.65","5881.00"
"23/01/2025 16:00 - 23/01/2025 17:00","BZN|BG","5896.64","6109.00"
"23/01/2025 17:00 - 23/01/2025 18:00","BZN|BG","6244.75","6347.00"
"23/01/2025 18:00 - 23/01/2025 19:00","BZN|BG","6237.63","6313.00"
"23/01/2025 19:00 - 23/01/2025 20:00","BZN|BG","6021.21","6122.00"
"23/01/2025 20:00 - 23/01/2025 21:00","BZN|BG","5784.72","5891.00"
"23/01/2025 21:00 - 23/01/2025 22:00","BZN|BG","5492.62","5649.00"
"23/01/2025 22:00 - 23/01/2025 23:00","BZN|BG","5102.99","5320.00"
"23/01/2025 23:00 - 24/01/2025 00:00","BZN|BG","4797.64","4901.00"
"24/01/2025 00:00 - 24/01/2025 01:00","BZN|BG","4563.46","4663.00"
"24/01/2025 01:00 - 24/01/2025 02:00","BZN|BG","4440.93","4566.00"
"24/01/2025 02:00 - 24/01/2025 03:00","BZN|BG","4468.14","4587.00"
"24/01/2025 03:00 - 24/01/2025 04:00","BZN|BG","4518.65","4628.00"
"24/01/2025 04:00 - 24/01/2025 05:00","BZN|BG","4622.86","4762.00"
"24/01/2025 05:00 - 24/01/2025 06:00","BZN|BG","5119.87","5224.00"
"24/01/2025 06:00 - 24/01/2025 07:00","BZN|BG","5629.90","5735.00"
"24/01/2025 07:00 - 24/01/2025 08:00","BZN|BG","6033.68","6134.00"
"24/01/2025 08:00 - 24/01/2025 09:00","BZN|BG","6084.46","6276.00"
"24/01/2025 09:00 - 24/01/2025 10:00","BZN|BG","5889.82","6105.00"
"24/01/2025 10:00 - 24/01/2025 11:00","BZN|BG","5720.05","5884.00"
"24/01/2025 11:00 - 24/01/2025 12:00","BZN|BG","5548.00","5601.00"
"24/01/2025 12:00 - 24/01/2025 13:00","BZN|BG","5504.17","5512.00"
"24/01/2025 13:00 - 24/01/2025 14:00","BZN|BG","5376.31","5409.00"
"24/01/2025 14:00 - 24/01/2025 15:00","BZN|BG","5366.31","5460.00"
"24/01/2025 15:00 - 24/01/2025 16:00","BZN|BG","5474.96","5548.00"
"24/01/2025 16:00 - 24/01/2025 17:00","BZN|BG","5725.24","5846.00"
"24/01/2025 17:00 - 24/01/2025 18:00","BZN|BG","6029.29","6191.00"
"24/01/2025 18:00 - 24/01/2025 19:00","BZN|BG","5964.02","6162.00"
"24/01/2025 19:00 - 24/01/2025 20:00","BZN|BG","5730.64","5962.00"
"24/01/2025 20:00 - 24/01/2025 21:00","BZN|BG","5461.35","5733.00"
"24/01/2025 21:00 - 24/01/2025 22:00","BZN|BG","5229.37","5487.00"
"24/01/2025 22:00 - 24/01/2025 23:00","BZN|BG","4906.82","5143.00"
"24/01/2025 23:00 - 25/01/2025 00:00","BZN|BG","4562.77","4715.00"
"25/01/2025 00:00 - 25/01/2025 01:00","BZN|BG","4378.57","4492.00"
"25/01/2025 01:00 - 25/01/2025 02:00","BZN|BG","4245.07","4363.00"
"25/01/2025 02:00 - 25/01/2025 03:00","BZN|BG","4195.78","4349.00"
"25/01/2025 03:00 - 25/01/2025 04:00","BZN|BG","4260.72","4376.00"
"25/01/2025 04:00 - 25/01/2025 05:00","BZN|BG","4321.02","4422.00"
"25/01/2025 05:00 - 25/01/2025 06:00","BZN|BG","4463.05","4589.00"
"25/01/2025 06:00 - 25/01/2025 07:00","BZN|BG","4772.57","4920.00"
"25/01/2025 07:00 - 25/01/2025 08:00","BZN|BG","5211.74","5425.00"
"25/01/2025 08:00 - 25/01/2025 09:00","BZN|BG","5378.98","5673.00"
"25/01/2025 09:00 - 25/01/2025 10:00","BZN|BG","5347.02","5662.00"
"25/01/2025 10:00 - 25/01/2025 11:00","BZN|BG","5203.84","5500.00"
"25/01/2025 11:00 - 25/01/2025 12:00","BZN|BG","5062.61","5297.00"
"25/01/2025 12:00 - 25/01/2025 13:00","BZN|BG","4929.10","5084.00"
"25/01/2025 13:00 - 25/01/2025 14:00","BZN|BG","4822.39","4927.00"
"25/01/2025 14:00 - 25/01/2025 15:00","BZN|BG","4802.02","4919.00"
"25/01/2025 15:00 - 25/01/2025 16:00","BZN|BG","4968.80","5168.00"
"25/01/2025 16:00 - 25/01/2025 17:00","BZN|BG","5385.13","5630.00"
"25/01/2025 17:00 - 25/01/2025 18:00","BZN|BG","5710.61","5876.00"
"25/01/2025 18:00 - 25/01/2025 19:00","BZN|BG","5608.50","5740.00"
"25/01/2025 19:00 - 25/01/2025 20:00","BZN|BG","5382.28","5537.00"
"25/01/2025 20:00 - 25/01/2025 21:00","BZN|BG","5148.06","5368.00"
"25/01/2025 21:00 - 25/01/2025 22:00","BZN|BG","5014.56","5217.00"
"25/01/2025 22:00 - 25/01/2025 23:00","BZN|BG","4841.60","4990.00"
"25/01/2025 23:00 - 26/01/2025 00:00","BZN|BG","4569.78","4555.00"
"26/01/2025 00:00 - 26/01/2025 01:00","BZN|BG","4363.47","4350.00"
"26/01/2025 01:00 - 26/01/2025 02:00","BZN|BG","4254.56","4202.00"
"26/01/2025 02:00 - 26/01/2025 03:00","BZN|BG","4231.69","4162.00"
"26/01/2025 03:00 - 26/01/2025 04:00","BZN|BG","4272.61","4226.00"
"26/01/2025 04:00 - 26/01/2025 05:00","BZN|BG","4332.80","4280.00"
"26/01/2025 05:00 - 26/01/2025 06:00","BZN|BG","4437.86","4460.00"
"26/01/2025 06:00 - 26/01/2025 07:00","BZN|BG","4722.76","4781.00"
"26/01/2025 07:00 - 26/01/2025 08:00","BZN|BG","5164.12","5364.00"
"26/01/2025 08:00 - 26/01/2025 09:00","BZN|BG","5349.23","5609.00"
"26/01/2025 09:00 - 26/01/2025 10:00","BZN|BG","5308.83","5615.00"
"26/01/2025 10:00 - 26/01/2025 11:00","BZN|BG","5173.96","5531.00"
"26/01/2025 11:00 - 26/01/2025 12:00","BZN|BG","5019.68","5377.00"
"26/01/2025 12:00 - 26/01/2025 13:00","BZN|BG","4869.17","5168.00"
"26/01/2025 13:00 - 26/01/2025 14:00","BZN|BG","4742.78","5010.00"
"26/01/2025 14:00 - 26/01/2025 15:00","BZN|BG","4815.92","5051.00"
"26/01/2025 15:00 - 26/01/2025 16:00","BZN|BG","5126.35","5300.00"
"26/01/2025 16:00 - 26/01/2025 17:00","BZN|BG","5613.45","5792.00"
"26/01/2025 17:00 - 26/01/2025 18:00","BZN|BG","5945.10","6029.00"
"26/01/2025 18:00 - 26/01/2025 19:00","BZN|BG","5876.74","5935.00"
"26/01/2025 19:00 - 26/01/2025 20:00","BZN|BG","5671.20","5737.00"
"26/01/2025 20:00 - 26/01/2025 21:00","BZN|BG","5382.69","5507.00"
"26/01/2025 21:00 - 26/01/2025 22:00","BZN|BG","5196.84","5276.00"
"26/01/2025 22:00 - 26/01/2025 23:00","BZN|BG","4856.98","4915.00"
"26/01/2025 23:00 - 27/01/2025 00:00","BZN|BG","4554.09","4619.00"
"27/01/2025 00:00 - 27/01/2025 01:00","BZN|BG","4313.18","4380.00"
"27/01/2025 01:00 - 27/01/2025 02:00","BZN|BG","4182.96","4228.00"
"27/01/2025 02:00 - 27/01/2025 03:00","BZN|BG","4196.17","4260.00"
"27/01/2025 03:00 - 27/01/2025 04:00","BZN|BG","4306.78","4333.00"
"27/01/2025 04:00 - 27/01/2025 05:00","BZN|BG","4488.50","4488.00"
"27/01/2025 05:00 - 27/01/2025 06:00","BZN|BG","4962.03","4958.00"
"27/01/2025 06:00 - 27/01/2025 07:00","BZN|BG","5511.59","5468.00"
"27/01/2025 07:00 - 27/01/2025 08:00","BZN|BG","5939.69","5787.00"
"27/01/2025 08:00 - 27/01/2025 09:00","BZN|BG","5904.79","5791.00"
"27/01/2025 09:00 - 27/01/2025 10:00","BZN|BG","5592.36","5645.00"
"27/01/2025 10:00 - 27/01/2025 11:00","BZN|BG","5341.06","5503.00"
"27/01/2025 11:00 - 27/01/2025 12:00","BZN|BG","5064.75","5333.00"
"27/01/2025 12:00 - 27/01/2025 13:00","BZN|BG","4934.68","5294.00"
"27/01/2025 13:00 - 27/01/2025 14:00","BZN|BG","4842.55","5294.00"
"27/01/2025 14:00 - 27/01/2025 15:00","BZN|BG","4901.71","5323.00"
"27/01/2025 15:00 - 27/01/2025 16:00","BZN|BG","5051.63","5409.00"
"27/01/2025 16:00 - 27/01/2025 17:00","BZN|BG","5379.30","5682.00"
"27/01/2025 17:00 - 27/01/2025 18:00","BZN|BG","5816.07","6091.00"
"27/01/2025 18:00 - 27/01/2025 19:00","BZN|BG","5840.62","6096.00"
"27/01/2025 19:00 - 27/01/2025 20:00","BZN|BG","5671.71","5886.00"
"27/01/2025 20:00 - 27/01/2025 21:00","BZN|BG","5425.09","5620.00"
"27/01/2025 21:00 - 27/01/2025 22:00","BZN|BG","5222.53","5295.00"
"27/01/2025 22:00 - 27/01/2025 23:00","BZN|BG","4873.56","4834.00"
"27/01/2025 23:00 - 28/01/2025 00:00","BZN|BG","4537.74","4602.00"
"28/01/2025 00:00 - 28/01/2025 01:00","BZN|BG","4339.07","4383.00"
"28/01/2025 01:00 - 28/01/2025 02:00","BZN|BG","4241.79","4261.00"
"28/01/2025 02:00 - 28/01/2025 03:00","BZN|BG","4268.40","4280.00"
"28/01/2025 03:00 - 28/01/2025 04:00","BZN|BG","4324.27","4340.00"
"28/01/2025 04:00 - 28/01/2025 05:00","BZN|BG","4552.27","4498.00"
"28/01/2025 05:00 - 28/01/2025 06:00","BZN|BG","5020.90","5017.00"
"28/01/2025 06:00 - 28/01/2025 07:00","BZN|BG","5514.18","5599.00"
"28/01/2025 07:00 - 28/01/2025 08:00","BZN|BG","5887.68","6026.00"
"28/01/2025 08:00 - 28/01/2025 09:00","BZN|BG","5828.30","6075.00"
"28/01/2025 09:00 - 28/01/2025 10:00","BZN|BG","5595.91","5833.00"
"28/01/2025 10:00 - 28/01/2025 11:00","BZN|BG","5382.81","5525.00"
"28/01/2025 11:00 - 28/01/2025 12:00","BZN|BG","5166.29","5276.00"
"28/01/2025 12:00 - 28/01/2025 13:00","BZN|BG","5075.39","5190.00"
"28/01/2025 13:00 - 28/01/2025 14:00","BZN|BG","4944.10","5117.00"
"28/01/2025 14:00 - 28/01/2025 15:00","BZN|BG","4926.47","5143.00"
"28/01/2025 15:00 - 28/01/2025 16:00","BZN|BG","5077.80","5312.00"
"28/01/2025 16:00 - 28/01/2025 17:00","BZN|BG","5378.23","5640.00"
"28/01/2025 17:00 - 28/01/2025 18:00","BZN|BG","5839.99","6037.00"
"28/01/2025 18:00 - 28/01/2025 19:00","BZN|BG","5868.15","6017.00"
"28/01/2025 19:00 - 28/01/2025 20:00","BZN|BG","5652.87","5814.00"
"28/01/2025 20:00 - 28/01/2025 21:00","BZN|BG","5388.49","5552.00"
"28/01/2025 21:00 - 28/01/2025 22:00","BZN|BG","5193.59","5293.00"
"28/01/2025 22:00 - 28/01/2025 23:00","BZN|BG","4834.26","4988.00"
"28/01/2025 23:00 - 29/01/2025 00:00","BZN|BG","4485.15","4450.00"
"29/01/2025 00:00 - 29/01/2025 01:00","BZN|BG","4264.91","4251.00"
"29/01/2025 01:00 - 29/01/2025 02:00","BZN|BG","4165.74","4160.00"
"29/01/2025 02:00 - 29/01/2025 03:00","BZN|BG","4219.40","4175.00"
"29/01/2025 03:00 - 29/01/2025 04:00","BZN|BG","4257.59","4233.00"
"29/01/2025 04:00 - 29/01/2025 05:00","BZN|BG","4343.54","4385.00"
"29/01/2025 05:00 - 29/01/2025 06:00","BZN|BG","4885.68","4875.00"
"29/01/2025 06:00 - 29/01/2025 07:00","BZN|BG","5392.21","5421.00"
"29/01/2025 07:00 - 29/01/2025 08:00","BZN|BG","5724.68","5819.00"
"29/01/2025 08:00 - 29/01/2025 09:00","BZN|BG","5644.02","5864.00"
"29/01/2025 09:00 - 29/01/2025 10:00","BZN|BG","5363.39","5606.00"
"29/01/2025 10:00 - 29/01/2025 11:00","BZN|BG","5091.51","5317.00"
"29/01/2025 11:00 - 29/01/2025 12:00","BZN|BG","4918.42","5003.00"
"29/01/2025 12:00 - 29/01/2025 13:00","BZN|BG","4890.12","4924.00"
"29/01/2025 13:00 - 29/01/2025 14:00","BZN|BG","4830.94","4867.00"
"29/01/2025 14:00 - 29/01/2025 15:00","BZN|BG","4823.17","4902.00"
"29/01/2025 15:00 - 29/01/2025 16:00","BZN|BG","4956.06","5036.00"
"29/01/2025 16:00 - 29/01/2025 17:00","BZN|BG","5272.70","5338.00"
"29/01/2025 17:00 - 29/01/2025 18:00","BZN|BG","5740.37","5709.00"
"29/01/2025 18:00 - 29/01/2025 19:00","BZN|BG","5749.53","5674.00"
"29/01/2025 19:00 - 29/01/2025 20:00","BZN|BG","5531.59","5480.00"
"29/01/2025 20:00 - 29/01/2025 21:00","BZN|BG","5280.68","5235.00"
"29/01/2025 21:00 - 29/01/2025 22:00","BZN|BG","5058.55","4992.00"
"29/01/2025 22:00 - 29/01/2025 23:00","BZN|BG","4720.50","4681.00"
"29/01/2025 23:00 - 30/01/2025 00:00","BZN|BG","4381.81","4448.00"
"30/01/2025 00:00 - 30/01/2025 01:00","BZN|BG","4149.54","4213.00"
"30/01/2025 01:00 - 30/01/2025 02:00","BZN|BG","4026.98","4116.00"
"30/01/2025 02:00 - 30/01/2025 03:00","BZN|BG","4030.57","4136.00"
"30/01/2025 03:00 - 30/01/2025 04:00","BZN|BG","4112.65","4193.00"
"30/01/2025 04:00 - 30/01/2025 05:00","BZN|BG","4265.87","4345.00"
"30/01/2025 05:00 - 30/01/2025 06:00","BZN|BG","4699.20","4802.00"
"30/01/2025 06:00 - 30/01/2025 07:00","BZN|BG","5163.19","5295.00"
"30/01/2025 07:00 - 30/01/2025 08:00","BZN|BG","5571.55","5655.00"
"30/01/2025 08:00 - 30/01/2025 09:00","BZN|BG","5624.32","5700.00"
"30/01/2025 09:00 - 30/01/2025 10:00","BZN|BG","5448.48","5437.00"
"30/01/2025 10:00 - 30/01/2025 11:00","BZN|BG","5326.86","5214.00"
"30/01/2025 11:00 - 30/01/2025 12:00","BZN|BG","5247.06","4900.00"
"30/01/2025 12:00 - 30/01/2025 13:00","BZN|BG","5117.12","4827.00"
"30/01/2025 13:00 - 30/01/2025 14:00","BZN|BG","4985.52","4768.00"
"30/01/2025 14:00 - 30/01/2025 15:00","BZN|BG","5032.14","4775.00"
"30/01/2025 15:00 - 30/01/2025 16:00","BZN|BG","5129.29","4909.00"
"30/01/2025 16:00 - 30/01/2025 17:00","BZN|BG","5318.48","5221.00"
"30/01/2025 17:00 - 30/01/2025 18:00","BZN|BG","5733.68","5612.00"
"30/01/2025 18:00 - 30/01/2025 19:00","BZN|BG","5735.51","5589.00"
"30/01/2025 19:00 - 30/01/2025 20:00","BZN|BG","5530.99","5440.00"
"30/01/2025 20:00 - 30/01/2025 21:00","BZN|BG","5263.12","5254.00"
"30/01/2025 21:00 - 30/01/2025 22:00","BZN|BG","5073.52","5047.00"
"30/01/2025 22:00 - 30/01/2025 23:00","BZN|BG","4722.34","4817.00"
"30/01/2025 23:00 - 31/01/2025 00:00","BZN|BG","4390.12","4354.00"
"31/01/2025 00:00 - 31/01/2025 01:00","BZN|BG","4166.87","4130.00"
"31/01/2025 01:00 - 31/01/2025 02:00","BZN|BG","4124.10","4001.00"
"31/01/2025 02:00 - 31/01/2025 03:00","BZN|BG","4108.47","4005.00"
"31/01/2025 03:00 - 31/01/2025 04:00","BZN|BG","4155.71","4087.00"
"31/01/2025 04:00 - 31/01/2025 05:00","BZN|BG","4312.74","4215.00"
"31/01/2025 05:00 - 31/01/2025 06:00","BZN|BG","4771.71","4658.00"
"31/01/2025 06:00 - 31/01/2025 07:00","BZN|BG","5256.17","5183.00"
"31/01/2025 07:00 - 31/01/2025 08:00","BZN|BG","5635.18","5589.00"
"31/01/2025 08:00 - 31/01/2025 09:00","BZN|BG","5617.44","5462.00"
"31/01/2025 09:00 - 31/01/2025 10:00","BZN|BG","5414.69","5358.00"
"31/01/2025 10:00 - 31/01/2025 11:00","BZN|BG","5201.44","5132.00"
"31/01/2025 11:00 - 31/01/2025 12:00","BZN|BG","4977.00","4875.00"
"31/01/2025 12:00 - 31/01/2025 13:00","BZN|BG","4852.07","4815.00"
"31/01/2025 13:00 - 31/01/2025 14:00","BZN|BG","4734.06","4772.00"
"31/01/2025 14:00 - 31/01/2025 15:00","BZN|BG","4751.75","4780.00"
"31/01/2025 15:00 - 31/01/2025 16:00","BZN|BG","4862.77","4899.00"
"31/01/2025 16:00 - 31/01/2025 17:00","BZN|BG","5172.68","5150.00"
"31/01/2025 17:00 - 31/01/2025 18:00","BZN|BG","5610.22","5491.00"
"31/01/2025 18:00 - 31/01/2025 19:00","BZN|BG","5612.76","5466.00"
"31/01/2025 19:00 - 31/01/2025 20:00","BZN|BG","5390.21","5294.00"
"31/01/2025 20:00 - 31/01/2025 21:00","BZN|BG","5132.31","5073.00"
"31/01/2025 21:00 - 31/01/2025 22:00","BZN|BG","4945.75","4878.00"
"31/01/2025 22:00 - 31/01/2025 23:00","BZN|BG","4714.17","4594.00"
"31/01/2025 23:00 - 01/02/2025 00:00","BZN|BG","4425.92","4335.00"
"01/02/2025 00:00 - 01/02/2025 01:00","BZN|BG","4214.76","4157.00"
"01/02/2025 01:00 - 01/02/2025 02:00","BZN|BG","4089.01","4028.00"
"01/02/2025 02:00 - 01/02/2025 03:00","BZN|BG","4049.55","3980.00"
"01/02/2025 03:00 - 01/02/2025 04:00","BZN|BG","4057.64","4056.00"
"01/02/2025 04:00 - 01/02/2025 05:00","BZN|BG","4093.05","4126.00"
"01/02/2025 05:00 - 01/02/2025 06:00","BZN|BG","4296.17","4291.00"
"01/02/2025 06:00 - 01/02/2025 07:00","BZN|BG","4597.30","4652.00"
"01/02/2025 07:00 - 01/02/2025 08:00","BZN|BG","5026.77","5163.00"
"01/02/2025 08:00 - 01/02/2025 09:00","BZN|BG","5136.76","5358.00"
"01/02/2025 09:00 - 01/02/2025 10:00","BZN|BG","5083.56","5321.00"
"01/02/2025 10:00 - 01/02/2025 11:00","BZN|BG","4834.16","5158.00"
"01/02/2025 11:00 - 01/02/2025 12:00","BZN|BG","4653.18","4997.00"
"01/02/2025 12:00 - 01/02/2025 13:00","BZN|BG","4504.78","4845.00"
"01/02/2025 13:00 - 01/02/2025 14:00","BZN|BG","4402.63","4723.00"
"01/02/2025 14:00 - 01/02/2025 15:00","BZN|BG","4447.62","4700.00"
"01/02/2025 15:00 - 01/02/2025 16:00","BZN|BG","4670.19","4842.00"
"01/02/2025 16:00 - 01/02/2025 17:00","BZN|BG","5108.08","5199.00"
"01/02/2025 17:00 - 01/02/2025 18:00","BZN|BG","5418.46","5477.00"
"01/02/2025 18:00 - 01/02/2025 19:00","BZN|BG","5325.39","5372.00"
"01/02/2025 19:00 - 01/02/2025 20:00","BZN|BG","5115.26","5139.00"
"01/02/2025 20:00 - 01/02/2025 21:00","BZN|BG","4883.84","4898.00"
"01/02/2025 21:00 - 01/02/2025 22:00","BZN|BG","4745.26","4761.00"
"01/02/2025 22:00 - 01/02/2025 23:00","BZN|BG","4573.20","4583.00"
"01/02/2025 23:00 - 02/02/2025 00:00","BZN|BG","4309.91","4264.00"
"02/02/2025 00:00 - 02/02/2025 01:00","BZN|BG","4115.26","4072.00"
"02/02/2025 01:00 - 02/02/2025 02:00","BZN|BG","4006.27","3971.00"
"02/02/2025 02:00 - 02/02/2025 03:00","BZN|BG","3969.35","3950.00"
"02/02/2025 03:00 - 02/02/2025 04:00","BZN|BG","4000.65","3994.00"
"02/02/2025 04:00 - 02/02/2025 05:00","BZN|BG","4054.46","4059.00"
"02/02/2025 05:00 - 02/02/2025 06:00","BZN|BG","4182.52","4172.00"
"02/02/2025 06:00 - 02/02/2025 07:00","BZN|BG","4412.77","4480.00"
"02/02/2025 07:00 - 02/02/2025 08:00","BZN|BG","4855.63","4956.00"
"02/02/2025 08:00 - 02/02/2025 09:00","BZN|BG","5240.32","5155.00"
"02/02/2025 09:00 - 02/02/2025 10:00","BZN|BG","5376.71","5128.00"
"02/02/2025 10:00 - 02/02/2025 11:00","BZN|BG","5313.00","5039.00"
"02/02/2025 11:00 - 02/02/2025 12:00","BZN|BG","5271.53","4937.00"
"02/02/2025 12:00 - 02/02/2025 13:00","BZN|BG","5195.65","4837.00"
"02/02/2025 13:00 - 02/02/2025 14:00","BZN|BG","5115.29","4753.00"
"02/02/2025 14:00 - 02/02/2025 15:00","BZN|BG","5145.80","4811.00"
"02/02/2025 15:00 - 02/02/2025 16:00","BZN|BG","5282.47","5055.00"
"02/02/2025 16:00 - 02/02/2025 17:00","BZN|BG","5587.28","5439.00"
"02/02/2025 17:00 - 02/02/2025 18:00","BZN|BG","5832.90","5700.00"
"02/02/2025 18:00 - 02/02/2025 19:00","BZN|BG","5738.16","5636.00"
"02/02/2025 19:00 - 02/02/2025 20:00","BZN|BG","5516.47","5442.00"
"02/02/2025 20:00 - 02/02/2025 21:00","BZN|BG","5231.16","5171.00"
"02/02/2025 21:00 - 02/02/2025 22:00","BZN|BG","5036.54","4996.00"
"02/02/2025 22:00 - 02/02/2025 23:00","BZN|BG","4703.63","4677.00"
"02/02/2025 23:00 - 03/02/2025 00:00","BZN|BG","4383.63","4300.00"
"03/02/2025 00:00 - 03/02/2025 01:00","BZN|BG","4169.00","4053.00"
"03/02/2025 01:00 - 03/02/2025 02:00","BZN|BG","4073.70","3920.00"
"03/02/2025 02:00 - 03/02/2025 03:00","BZN|BG","4084.65","3933.00"
"03/02/2025 03:00 - 03/02/2025 04:00","BZN|BG","4125.76","4043.00"
"03/02/2025 04:00 - 03/02/2025 05:00","BZN|BG","4310.09","4224.00"
"03/02/2025 05:00 - 03/02/2025 06:00","BZN|BG","4818.62","4696.00"
"03/02/2025 06:00 - 03/02/2025 07:00","BZN|BG","5364.33","5244.00"
"03/02/2025 07:00 - 03/02/2025 08:00","BZN|BG","5766.35","5671.00"
"03/02/2025 08:00 - 03/02/2025 09:00","BZN|BG","5870.91","5654.00"
"03/02/2025 09:00 - 03/02/2025 10:00","BZN|BG","5747.01","5506.00"
"03/02/2025 10:00 - 03/02/2025 11:00","BZN|BG","5647.38","5387.00"
"03/02/2025 11:00 - 03/02/2025 12:00","BZN|BG","5539.41","5256.00"
"03/02/2025 12:00 - 03/02/2025 13:00","BZN|BG","5544.48","5194.00"
"03/02/2025 13:00 - 03/02/2025 14:00","BZN|BG","5483.73","5151.00"
"03/02/2025 14:00 - 03/02/2025 15:00","BZN|BG","5551.27","5190.00"
"03/02/2025 15:00 - 03/02/2025 16:00","BZN|BG","5636.42","5288.00"
"03/02/2025 16:00 - 03/02/2025 17:00","BZN|BG","5803.08","5503.00"
"03/02/2025 17:00 - 03/02/2025 18:00","BZN|BG","6100.00","5790.00"
"03/02/2025 18:00 - 03/02/2025 19:00","BZN|BG","6080.89","5806.00"
"03/02/2025 19:00 - 03/02/2025 20:00","BZN|BG","5880.07","5638.00"
"03/02/2025 20:00 - 03/02/2025 21:00","BZN|BG","5632.45","5393.00"
"03/02/2025 21:00 - 03/02/2025 22:00","BZN|BG","5434.95","5192.00"
"03/02/2025 22:00 - 03/02/2025 23:00","BZN|BG","5069.35","4845.00"
"03/02/2025 23:00 - 04/02/2025 00:00","BZN|BG","4720.94","4573.00"
"04/02/2025 00:00 - 04/02/2025 01:00","BZN|BG","4505.43","4323.00"
"04/02/2025 01:00 - 04/02/2025 02:00","BZN|BG","4424.51","4208.00"
"04/02/2025 02:00 - 04/02/2025 03:00","BZN|BG","4434.55","4238.00"
"04/02/2025 03:00 - 04/02/2025 04:00","BZN|BG","4480.60","4269.00"
"04/02/2025 04:00 - 04/02/2025 05:00","BZN|BG","4654.93","4472.00"
"04/02/2025 05:00 - 04/02/2025 06:00","BZN|BG","5159.20","5022.00"
"04/02/2025 06:00 - 04/02/2025 07:00","BZN|BG","5675.70","5535.00"
"04/02/2025 07:00 - 04/02/2025 08:00","BZN|BG","6121.04","6020.00"
"04/02/2025 08:00 - 04/02/2025 09:00","BZN|BG","6195.17","6005.00"
"04/02/2025 09:00 - 04/02/2025 10:00","BZN|BG","6028.79","5895.00"
"04/02/2025 10:00 - 04/02/2025 11:00","BZN|BG","5880.44","5770.00"
"04/02/2025 11:00 - 04/02/2025 12:00","BZN|BG","5671.25","5672.00"
"04/02/2025 12:00 - 04/02/2025 13:00","BZN|BG","5585.40","5619.00"
"04/02/2025 13:00 - 04/02/2025 14:00","BZN|BG","5473.81","5556.00"
"04/02/2025 14:00 - 04/02/2025 15:00","BZN|BG","5511.11","5571.00"
"04/02/2025 15:00 - 04/02/2025 16:00","BZN|BG","5681.02","5658.00"
"04/02/2025 16:00 - 04/02/2025 17:00","BZN|BG","5966.40","5844.00"
"04/02/2025 17:00 - 04/02/2025 18:00","BZN|BG","6364.02","6132.00"
"04/02/2025 18:00 - 04/02/2025 19:00","BZN|BG","6338.93","6139.00"
"04/02/2025 19:00 - 04/02/2025 20:00","BZN|BG","6146.37","5920.00"
"04/02/2025 20:00 - 04/02/2025 21:00","BZN|BG","5941.68","5627.00"
"04/02/2025 21:00 - 04/02/2025 22:00","BZN|BG","5699.00","5429.00"
"04/02/2025 22:00 - 04/02/2025 23:00","BZN|BG","5340.65","5104.00"
"04/02/2025 23:00 - 05/02/2025 00:00","BZN|BG","4973.19","4968.00"
"05/02/2025 00:00 - 05/02/2025 01:00","BZN|BG","4762.12","4685.00"
"05/02/2025 01:00 - 05/02/2025 02:00","BZN|BG","4638.19","4568.00"
"05/02/2025 02:00 - 05/02/2025 03:00","BZN|BG","4654.38","4588.00"
"05/02/2025 03:00 - 05/02/2025 04:00","BZN|BG","4700.42","4652.00"
"05/02/2025 04:00 - 05/02/2025 05:00","BZN|BG","4854.58","4832.00"
"05/02/2025 05:00 - 05/02/2025 06:00","BZN|BG","5299.09","5380.00"
"05/02/2025 06:00 - 05/02/2025 07:00","BZN|BG","5817.31","5942.00"
"05/02/2025 07:00 - 05/02/2025 08:00","BZN|BG","6306.33","6372.00"
"05/02/2025 08:00 - 05/02/2025 09:00","BZN|BG","6377.69","6359.00"
"05/02/2025 09:00 - 05/02/2025 10:00","BZN|BG","6202.98","6250.00"
"05/02/2025 10:00 - 05/02/2025 11:00","BZN|BG","6057.88","6149.00"
"05/02/2025 11:00 - 05/02/2025 12:00","BZN|BG","5879.78","6064.00"
"05/02/2025 12:00 - 05/02/2025 13:00","BZN|BG","5810.74","6018.00"
"05/02/2025 13:00 - 05/02/2025 14:00","BZN|BG","5735.13","5964.00"
"05/02/2025 14:00 - 05/02/2025 15:00","BZN|BG","5794.40","5970.00"
"05/02/2025 15:00 - 05/02/2025 16:00","BZN|BG","5900.88","6048.00"
"05/02/2025 16:00 - 05/02/2025 17:00","BZN|BG","6113.00","6224.00"
"05/02/2025 17:00 - 05/02/2025 18:00","BZN|BG","6486.48","6505.00"
"05/02/2025 18:00 - 05/02/2025 19:00","BZN|BG","6496.50","6512.00"
"05/02/2025 19:00 - 05/02/2025 20:00","BZN|BG","6280.17","6292.00"
"05/02/2025 20:00 - 05/02/2025 21:00","BZN|BG","6067.93","6025.00"
"05/02/2025 21:00 - 05/02/2025 22:00","BZN|BG","5798.72","5822.00"
"05/02/2025 22:00 - 05/02/2025 23:00","BZN|BG","5408.96","5494.00"
"05/02/2025 23:00 - 06/02/2025 00:00","BZN|BG","5043.83","5172.00"
"06/02/2025 00:00 - 06/02/2025 01:00","BZN|BG","4809.03","4899.00"
"06/02/2025 01:00 - 06/02/2025 02:00","BZN|BG","4704.81","4771.00"
"06/02/2025 02:00 - 06/02/2025 03:00","BZN|BG","4708.93","4756.00"
"06/02/2025 03:00 - 06/02/2025 04:00","BZN|BG","4741.56","4832.00"
"06/02/2025 04:00 - 06/02/2025 05:00","BZN|BG","4916.04","5011.00"
"06/02/2025 05:00 - 06/02/2025 06:00","BZN|BG","5403.64","5542.00"
"06/02/2025 06:00 - 06/02/2025 07:00","BZN|BG","5908.19","6127.00"
"06/02/2025 07:00 - 06/02/2025 08:00","BZN|BG","6319.85","6600.00"
"06/02/2025 08:00 - 06/02/2025 09:00","BZN|BG","6375.77","6586.00"
"06/02/2025 09:00 - 06/02/2025 10:00","BZN|BG","6260.20","6391.00"
"06/02/2025 10:00 - 06/02/2025 11:00","BZN|BG","6204.45","6214.00"
"06/02/2025 11:00 - 06/02/2025 12:00","BZN|BG","6066.89","6082.00"
"06/02/2025 12:00 - 06/02/2025 13:00","BZN|BG","6014.00","6032.00"
"06/02/2025 13:00 - 06/02/2025 14:00","BZN|BG","5936.39","5961.00"
"06/02/2025 14:00 - 06/02/2025 15:00","BZN|BG","5956.90","5956.00"
"06/02/2025 15:00 - 06/02/2025 16:00","BZN|BG","6052.70","6073.00"
"06/02/2025 16:00 - 06/02/2025 17:00","BZN|BG","6260.90","6315.00"
"06/02/2025 17:00 - 06/02/2025 18:00","BZN|BG","6599.47","6698.00"
"06/02/2025 18:00 - 06/02/2025 19:00","BZN|BG","6584.57","6694.00"
"06/02/2025 19:00 - 06/02/2025 20:00","BZN|BG","6358.00","6468.00"
"06/02/2025 20:00 - 06/02/2025 21:00","BZN|BG","6137.19","6188.00"
"06/02/2025 21:00 - 06/02/2025 22:00","BZN|BG","5847.13","5981.00"
"06/02/2025 22:00 - 06/02/2025 23:00","BZN|BG","5481.31","5635.00"
"06/02/2025 23:00 - 07/02/2025 00:00","BZN|BG","5124.18","5180.00"
"07/02/2025 00:00 - 07/02/2025 01:00","BZN|BG","4915.28","4887.00"
"07/02/2025 01:00 - 07/02/2025 02:00","BZN|BG","4816.83","4756.00"
"07/02/2025 02:00 - 07/02/2025 03:00","BZN|BG","4856.62","4758.00"
"07/02/2025 03:00 - 07/02/2025 04:00","BZN|BG","4905.03","4822.00"
"07/02/2025 04:00 - 07/02/2025 05:00","BZN|BG","5097.18","5005.00"
"07/02/2025 05:00 - 07/02/2025 06:00","BZN|BG","5596.26","5502.00"
"07/02/2025 06:00 - 07/02/2025 07:00","BZN|BG","6126.53","6048.00"
"07/02/2025 07:00 - 07/02/2025 08:00","BZN|BG","6505.65","6450.00"
"07/02/2025 08:00 - 07/02/2025 09:00","BZN|BG","6456.09","6523.00"
"07/02/2025 09:00 - 07/02/2025 10:00","BZN|BG","6234.37","6343.00"
"07/02/2025 10:00 - 07/02/2025 11:00","BZN|BG","6094.88","6158.00"
"07/02/2025 11:00 - 07/02/2025 12:00","BZN|BG","5902.02","6010.00"
"07/02/2025 12:00 - 07/02/2025 13:00","BZN|BG","5820.35","5905.00"
"07/02/2025 13:00 - 07/02/2025 14:00","BZN|BG","5707.46","5821.00"
"07/02/2025 14:00 - 07/02/2025 15:00","BZN|BG","5731.12","5844.00"
"07/02/2025 15:00 - 07/02/2025 16:00","BZN|BG","5850.76","5965.00"
"07/02/2025 16:00 - 07/02/2025 17:00","BZN|BG","6189.68","6203.00"
"07/02/2025 17:00 - 07/02/2025 18:00","BZN|BG","6630.90","6550.00"
"07/02/2025 18:00 - 07/02/2025 19:00","BZN|BG","6641.13","6515.00"
"07/02/2025 19:00 - 07/02/2025 20:00","BZN|BG","6428.63","6396.00"
"07/02/2025 20:00 - 07/02/2025 21:00","BZN|BG","6237.80","6144.00"
"07/02/2025 21:00 - 07/02/2025 22:00","BZN|BG","6011.24","5936.00"
"07/02/2025 22:00 - 07/02/2025 23:00","BZN|BG","5680.38","5610.00"
"07/02/2025 23:00 - 08/02/2025 00:00","BZN|BG","5340.36","5208.00"
"08/02/2025 00:00 - 08/02/2025 01:00","BZN|BG","5088.17","4979.00"
"08/02/2025 01:00 - 08/02/2025 02:00","BZN|BG","4973.27","4843.00"
"08/02/2025 02:00 - 08/02/2025 03:00","BZN|BG","4929.26","4800.00"
"08/02/2025 03:00 - 08/02/2025 04:00","BZN|BG","4945.39","4811.00"
"08/02/2025 04:00 - 08/02/2025 05:00","BZN|BG","5024.87","4860.00"
"08/02/2025 05:00 - 08/02/2025 06:00","BZN|BG","5225.16","5140.00"
"08/02/2025 06:00 - 08/02/2025 07:00","BZN|BG","5528.42","5556.00"
"08/02/2025 07:00 - 08/02/2025 08:00","BZN|BG","6024.35","6149.00"
"08/02/2025 08:00 - 08/02/2025 09:00","BZN|BG","6330.22","6301.00"
"08/02/2025 09:00 - 08/02/2025 10:00","BZN|BG","6323.98","6254.00"
"08/02/2025 10:00 - 08/02/2025 11:00","BZN|BG","6199.64","6036.00"
"08/02/2025 11:00 - 08/02/2025 12:00","BZN|BG","6067.05","5878.00"
"08/02/2025 12:00 - 08/02/2025 13:00","BZN|BG","5927.04","5749.00"
"08/02/2025 13:00 - 08/02/2025 14:00","BZN|BG","5831.97","5659.00"
"08/02/2025 14:00 - 08/02/2025 15:00","BZN|BG","5829.18","5694.00"
"08/02/2025 15:00 - 08/02/2025 16:00","BZN|BG","6017.57","5865.00"
"08/02/2025 16:00 - 08/02/2025 17:00","BZN|BG","6353.51","6201.00"
"08/02/2025 17:00 - 08/02/2025 18:00","BZN|BG","6658.78","6439.00"
"08/02/2025 18:00 - 08/02/2025 19:00","BZN|BG","6533.82","6330.00"
"08/02/2025 19:00 - 08/02/2025 20:00","BZN|BG","6311.75","6083.00"
"08/02/2025 20:00 - 08/02/2025 21:00","BZN|BG","6124.35","5812.00"
"08/02/2025 21:00 - 08/02/2025 22:00","BZN|BG","5950.19","5650.00"
"08/02/2025 22:00 - 08/02/2025 23:00","BZN|BG","5690.36","5448.00"
"08/02/2025 23:00 - 09/02/2025 00:00","BZN|BG","5380.44","5319.00"
"09/02/2025 00:00 - 09/02/2025 01:00","BZN|BG","5155.71","5078.00"
"09/02/2025 01:00 - 09/02/2025 02:00","BZN|BG","5033.64","4944.00"
"09/02/2025 02:00 - 09/02/2025 03:00","BZN|BG","5016.20","4898.00"
"09/02/2025 03:00 - 09/02/2025 04:00","BZN|BG","5021.89","4928.00"
"09/02/2025 04:00 - 09/02/2025 05:00","BZN|BG","5071.55","4980.00"
"09/02/2025 05:00 - 09/02/2025 06:00","BZN|BG","5177.68","5104.00"
"09/02/2025 06:00 - 09/02/2025 07:00","BZN|BG","5431.41","5325.00"
"09/02/2025 07:00 - 09/02/2025 08:00","BZN|BG","5922.34","5752.00"
"09/02/2025 08:00 - 09/02/2025 09:00","BZN|BG","6353.52","6122.00"
"09/02/2025 09:00 - 09/02/2025 10:00","BZN|BG","6459.30","6254.00"
"09/02/2025 10:00 - 09/02/2025 11:00","BZN|BG","6363.96","6115.00"
"09/02/2025 11:00 - 09/02/2025 12:00","BZN|BG","6218.89","6025.00"
"09/02/2025 12:00 - 09/02/2025 13:00","BZN|BG","6005.96","5860.00"
"09/02/2025 13:00 - 09/02/2025 14:00","BZN|BG","5833.29","5685.00"
"09/02/2025 14:00 - 09/02/2025 15:00","BZN|BG","5784.37","5728.00"
"09/02/2025 15:00 - 09/02/2025 16:00","BZN|BG","6005.66","5922.00"
"09/02/2025 16:00 - 09/02/2025 17:00","BZN|BG","6490.86","6355.00"
"09/02/2025 17:00 - 09/02/2025 18:00","BZN|BG","6956.36","6704.00"
"09/02/2025 18:00 - 09/02/2025 19:00","BZN|BG","6917.39","6626.00"
"09/02/2025 19:00 - 09/02/2025 20:00","BZN|BG","6692.29","6443.00"
"09/02/2025 20:00 - 09/02/2025 21:00","BZN|BG","6478.20","6208.00"
"09/02/2025 21:00 - 09/02/2025 22:00","BZN|BG","6249.75","6047.00"
"09/02/2025 22:00 - 09/02/2025 23:00","BZN|BG","5889.68","5772.00"
"09/02/2025 23:00 - 10/02/2025 00:00","BZN|BG","5503.93","5526.00"
"10/02/2025 00:00 - 10/02/2025 01:00","BZN|BG","5241.08","5180.00"
"10/02/2025 01:00 - 10/02/2025 02:00","BZN|BG","5142.23","5027.00"
"10/02/2025 02:00 - 10/02/2025 03:00","BZN|BG","5171.31","5036.00"
"10/02/2025 03:00 - 10/02/2025 04:00","BZN|BG","5230.67","5073.00"
"10/02/2025 04:00 - 10/02/2025 05:00","BZN|BG","5459.22","5235.00"
"10/02/2025 05:00 - 10/02/2025 06:00","BZN|BG","6044.69","5682.00"
"10/02/2025 06:00 - 10/02/2025 07:00","BZN|BG","6606.94","6163.00"
"10/02/2025 07:00 - 10/02/2025 08:00","BZN|BG","6961.97","6517.00"
"10/02/2025 08:00 - 10/02/2025 09:00","BZN|BG","6840.34","6609.00"
"10/02/2025 09:00 - 10/02/2025 10:00","BZN|BG","6516.33","6431.00"
"10/02/2025 10:00 - 10/02/2025 11:00","BZN|BG","6310.18","6288.00"
"10/02/2025 11:00 - 10/02/2025 12:00","BZN|BG","6088.65","6134.00"
"10/02/2025 12:00 - 10/02/2025 13:00","BZN|BG","5979.49","6141.00"
"10/02/2025 13:00 - 10/02/2025 14:00","BZN|BG","5886.58","6054.00"
"10/02/2025 14:00 - 10/02/2025 15:00","BZN|BG","5895.89","6153.00"
"10/02/2025 15:00 - 10/02/2025 16:00","BZN|BG","6038.39","6278.00"
"10/02/2025 16:00 - 10/02/2025 17:00","BZN|BG","6385.21","6522.00"
"10/02/2025 17:00 - 10/02/2025 18:00","BZN|BG","6973.15","6957.00"
"10/02/2025 18:00 - 10/02/2025 19:00","BZN|BG","7059.37","6938.00"
"10/02/2025 19:00 - 10/02/2025 20:00","BZN|BG","6865.04","6746.00"
"10/02/2025 20:00 - 10/02/2025 21:00","BZN|BG","6646.04","6508.00"
"10/02/2025 21:00 - 10/02/2025 22:00","BZN|BG","6404.41","6318.00"
"10/02/2025 22:00 - 10/02/2025 23:00","BZN|BG","6048.95","5968.00"
"10/02/2025 23:00 - 11/02/2025 00:00","BZN|BG","5647.67","5636.00"
"11/02/2025 00:00 - 11/02/2025 01:00","BZN|BG","5409.91","5347.00"
"11/02/2025 01:00 - 11/02/2025 02:00","BZN|BG","5323.63","5225.00"
"11/02/2025 02:00 - 11/02/2025 03:00","BZN|BG","5324.22","5228.00"
"11/02/2025 03:00 - 11/02/2025 04:00","BZN|BG","5401.72","5283.00"
"11/02/2025 04:00 - 11/02/2025 05:00","BZN|BG","5603.10","5447.00"
"11/02/2025 05:00 - 11/02/2025 06:00","BZN|BG","6169.79","5928.00"
"11/02/2025 06:00 - 11/02/2025 07:00","BZN|BG","6707.94","6503.00"
"11/02/2025 07:00 - 11/02/2025 08:00","BZN|BG","6985.20","6978.00"
"11/02/2025 08:00 - 11/02/2025 09:00","BZN|BG","6837.31","7004.00"
"11/02/2025 09:00 - 11/02/2025 10:00","BZN|BG","6541.20","6822.00"
"11/02/2025 10:00 - 11/02/2025 11:00","BZN|BG","6334.16","6640.00"
"11/02/2025 11:00 - 11/02/2025 12:00","BZN|BG","6080.05","6374.00"
"11/02/2025 12:00 - 11/02/2025 13:00","BZN|BG","5959.58","6302.00"
"11/02/2025 13:00 - 11/02/2025 14:00","BZN|BG","5874.09","6190.00"
"11/02/2025 14:00 - 11/02/2025 15:00","BZN|BG","5917.25","6233.00"
"11/02/2025 15:00 - 11/02/2025 16:00","BZN|BG","6103.13","6369.00"
"11/02/2025 16:00 - 11/02/2025 17:00","BZN|BG","6457.22","6673.00"
"11/02/2025 17:00 - 11/02/2025 18:00","BZN|BG","7014.66","7111.00"
"11/02/2025 18:00 - 11/02/2025 19:00","BZN|BG","7104.99","7100.00"
"11/02/2025 19:00 - 11/02/2025 20:00","BZN|BG","6924.28","6863.00"
"11/02/2025 20:00 - 11/02/2025 21:00","BZN|BG","6688.44","6613.00"
"11/02/2025 21:00 - 11/02/2025 22:00","BZN|BG","6466.29","6347.00"
"11/02/2025 22:00 - 11/02/2025 23:00","BZN|BG","6067.17","6005.00"
"11/02/2025 23:00 - 12/02/2025 00:00","BZN|BG","5674.27","5696.00"
"12/02/2025 00:00 - 12/02/2025 01:00","BZN|BG","5424.97","5441.00"
"12/02/2025 01:00 - 12/02/2025 02:00","BZN|BG","5318.87","5321.00"
"12/02/2025 02:00 - 12/02/2025 03:00","BZN|BG","5299.15","5339.00"
"12/02/2025 03:00 - 12/02/2025 04:00","BZN|BG","5390.88","5384.00"
"12/02/2025 04:00 - 12/02/2025 05:00","BZN|BG","5589.13","5563.00"
"12/02/2025 05:00 - 12/02/2025 06:00","BZN|BG","6137.15","6061.00"
"12/02/2025 06:00 - 12/02/2025 07:00","BZN|BG","6683.43","6593.00"
"12/02/2025 07:00 - 12/02/2025 08:00","BZN|BG","6964.84","7037.00"
"12/02/2025 08:00 - 12/02/2025 09:00","BZN|BG","6869.89","7076.00"
"12/02/2025 09:00 - 12/02/2025 10:00","BZN|BG","6551.76","6781.00"
"12/02/2025 10:00 - 12/02/2025 11:00","BZN|BG","6358.50","6569.00"
"12/02/2025 11:00 - 12/02/2025 12:00","BZN|BG","6092.60","6257.00"
"12/02/2025 12:00 - 12/02/2025 13:00","BZN|BG","5929.59","6131.00"
"12/02/2025 13:00 - 12/02/2025 14:00","BZN|BG","5800.47","5966.00"
"12/02/2025 14:00 - 12/02/2025 15:00","BZN|BG","5856.49","6013.00"
"12/02/2025 15:00 - 12/02/2025 16:00","BZN|BG","6056.30","6178.00"
"12/02/2025 16:00 - 12/02/2025 17:00","BZN|BG","6411.22","6527.00"
"12/02/2025 17:00 - 12/02/2025 18:00","BZN|BG","6945.34","7046.00"
"12/02/2025 18:00 - 12/02/2025 19:00","BZN|BG","6999.50","7041.00"
"12/02/2025 19:00 - 12/02/2025 20:00","BZN|BG","6813.63","6840.00"
"12/02/2025 20:00 - 12/02/2025 21:00","BZN|BG","6598.95","6643.00"
"12/02/2025 21:00 - 12/02/2025 22:00","BZN|BG","6324.56","6399.00"
"12/02/2025 22:00 - 12/02/2025 23:00","BZN|BG","5930.59","6056.00"
"12/02/2025 23:00 - 13/02/2025 00:00","BZN|BG","5533.08","5604.00"
"13/02/2025 00:00 - 13/02/2025 01:00","BZN|BG","5298.57","5307.00"
"13/02/2025 01:00 - 13/02/2025 02:00","BZN|BG","5200.88","5201.00"
"13/02/2025 02:00 - 13/02/2025 03:00","BZN|BG","5212.33","5210.00"
"13/02/2025 03:00 - 13/02/2025 04:00","BZN|BG","5264.44","5259.00"
"13/02/2025 04:00 - 13/02/2025 05:00","BZN|BG","5460.06","5413.00"
"13/02/2025 05:00 - 13/02/2025 06:00","BZN|BG","5966.61","5866.00"
"13/02/2025 06:00 - 13/02/2025 07:00","BZN|BG","6463.80","6407.00"
"13/02/2025 07:00 - 13/02/2025 08:00","BZN|BG","6787.57","6758.00"
"13/02/2025 08:00 - 13/02/2025 09:00","BZN|BG","6793.46","6800.00"
"13/02/2025 09:00 - 13/02/2025 10:00","BZN|BG","6584.71","6621.00"
"13/02/2025 10:00 - 13/02/2025 11:00","BZN|BG","6456.40","6487.00"
"13/02/2025 11:00 - 13/02/2025 12:00","BZN|BG","6286.23","6333.00"
"13/02/2025 12:00 - 13/02/2025 13:00","BZN|BG","6160.27","6259.00"
"13/02/2025 13:00 - 13/02/2025 14:00","BZN|BG","6044.46","6170.00"
"13/02/2025 14:00 - 13/02/2025 15:00","BZN|BG","6058.59","6199.00"
"13/02/2025 15:00 - 13/02/2025 16:00","BZN|BG","6103.12","6306.00"
"13/02/2025 16:00 - 13/02/2025 17:00","BZN|BG","6333.81","6527.00"
"13/02/2025 17:00 - 13/02/2025 18:00","BZN|BG","6783.63","6854.00"
"13/02/2025 18:00 - 13/02/2025 19:00","BZN|BG","6833.12","6881.00"
"13/02/2025 19:00 - 13/02/2025 20:00","BZN|BG","6622.50","6682.00"
"13/02/2025 20:00 - 13/02/2025 21:00","BZN|BG","6410.52","6470.00"
"13/02/2025 21:00 - 13/02/2025 22:00","BZN|BG","6164.33","6223.00"
"13/02/2025 22:00 - 13/02/2025 23:00","BZN|BG","5760.82","5893.00"
"13/02/2025 23:00 - 14/02/2025 00:00","BZN|BG","5344.56","5402.00"
"14/02/2025 00:00 - 14/02/2025 01:00","BZN|BG","5117.97","5204.00"
"14/02/2025 01:00 - 14/02/2025 02:00","BZN|BG","5001.62","5101.00"
"14/02/2025 02:00 - 14/02/2025 03:00","BZN|BG","5011.65","5114.00"
"14/02/2025 03:00 - 14/02/2025 04:00","BZN|BG","5053.78","5161.00"
"14/02/2025 04:00 - 14/02/2025 05:00","BZN|BG","5245.64","5323.00"
"14/02/2025 05:00 - 14/02/2025 06:00","BZN|BG","5768.04","5764.00"
"14/02/2025 06:00 - 14/02/2025 07:00","BZN|BG","6268.26","6276.00"
"14/02/2025 07:00 - 14/02/2025 08:00","BZN|BG","6529.92","6643.00"
"14/02/2025 08:00 - 14/02/2025 09:00","BZN|BG","6388.87","6636.00"
"14/02/2025 09:00 - 14/02/2025 10:00","BZN|BG","6062.45","6394.00"
"14/02/2025 10:00 - 14/02/2025 11:00","BZN|BG","5852.92","6301.00"
"14/02/2025 11:00 - 14/02/2025 12:00","BZN|BG","5615.79","6151.00"
"14/02/2025 12:00 - 14/02/2025 13:00","BZN|BG","5521.44","6060.00"
"14/02/2025 13:00 - 14/02/2025 14:00","BZN|BG","5490.92","5998.00"
"14/02/2025 14:00 - 14/02/2025 15:00","BZN|BG","5513.58","6023.00"
"14/02/2025 15:00 - 14/02/2025 16:00","BZN|BG","5607.25","6116.00"
"14/02/2025 16:00 - 14/02/2025 17:00","BZN|BG","5908.31","6299.00"
"14/02/2025 17:00 - 14/02/2025 18:00","BZN|BG","6374.72","6574.00"
"14/02/2025 18:00 - 14/02/2025 19:00","BZN|BG","6340.06","6598.00"
"14/02/2025 19:00 - 14/02/2025 20:00","BZN|BG","6067.64","6407.00"
"14/02/2025 20:00 - 14/02/2025 21:00","BZN|BG","5840.51","6206.00"
"14/02/2025 21:00 - 14/02/2025 22:00","BZN|BG","5651.04","5952.00"
"14/02/2025 22:00 - 14/02/2025 23:00","BZN|BG","5390.99","5578.00"
"14/02/2025 23:00 - 15/02/2025 00:00","BZN|BG","5057.86","5139.00"
"15/02/2025 00:00 - 15/02/2025 01:00","BZN|BG","4830.62","4911.00"
"15/02/2025 01:00 - 15/02/2025 02:00","BZN|BG","4717.63","4808.00"
"15/02/2025 02:00 - 15/02/2025 03:00","BZN|BG","4662.12","4768.00"
"15/02/2025 03:00 - 15/02/2025 04:00","BZN|BG","4658.63","4783.00"
"15/02/2025 04:00 - 15/02/2025 05:00","BZN|BG","4721.36","4857.00"
"15/02/2025 05:00 - 15/02/2025 06:00","BZN|BG","4881.12","5045.00"
"15/02/2025 06:00 - 15/02/2025 07:00","BZN|BG","5216.65","5330.00"
"15/02/2025 07:00 - 15/02/2025 08:00","BZN|BG","5609.38","5794.00"
"15/02/2025 08:00 - 15/02/2025 09:00","BZN|BG","5771.35","6081.00"
"15/02/2025 09:00 - 15/02/2025 10:00","BZN|BG","5722.68","6073.00"
"15/02/2025 10:00 - 15/02/2025 11:00","BZN|BG","5680.96","5906.00"
"15/02/2025 11:00 - 15/02/2025 12:00","BZN|BG","5630.39","5729.00"
"15/02/2025 12:00 - 15/02/2025 13:00","BZN|BG","5529.11","5541.00"
"15/02/2025 13:00 - 15/02/2025 14:00","BZN|BG","5421.24","5414.00"
"15/02/2025 14:00 - 15/02/2025 15:00","BZN|BG","5473.26","5410.00"
"15/02/2025 15:00 - 15/02/2025 16:00","BZN|BG","5676.21","5606.00"
"15/02/2025 16:00 - 15/02/2025 17:00","BZN|BG","5983.67","5954.00"
"15/02/2025 17:00 - 15/02/2025 18:00","BZN|BG","6262.90","6271.00"
"15/02/2025 18:00 - 15/02/2025 19:00","BZN|BG","6178.92","6133.00"
"15/02/2025 19:00 - 15/02/2025 20:00","BZN|BG","5940.05","5887.00"
"15/02/2025 20:00 - 15/02/2025 21:00","BZN|BG","5769.05","5679.00"
"15/02/2025 21:00 - 15/02/2025 22:00","BZN|BG","5599.92","5486.00"
"15/02/2025 22:00 - 15/02/2025 23:00","BZN|BG","5349.82","5198.00"
"15/02/2025 23:00 - 16/02/2025 00:00","BZN|BG","5027.32","5049.00"
"16/02/2025 00:00 - 16/02/2025 01:00","BZN|BG","4809.06","4823.00"
"16/02/2025 01:00 - 16/02/2025 02:00","BZN|BG","4679.98","4700.00"
"16/02/2025 02:00 - 16/02/2025 03:00","BZN|BG","4681.32","4683.00"
"16/02/2025 03:00 - 16/02/2025 04:00","BZN|BG","4675.11","4687.00"
"16/02/2025 04:00 - 16/02/2025 05:00","BZN|BG","4707.99","4728.00"
"16/02/2025 05:00 - 16/02/2025 06:00","BZN|BG","4848.48","4815.00"
"16/02/2025 06:00 - 16/02/2025 07:00","BZN|BG","5087.04","5022.00"
"16/02/2025 07:00 - 16/02/2025 08:00","BZN|BG","5625.44","5424.00"
"16/02/2025 08:00 - 16/02/2025 09:00","BZN|BG","6138.74","5776.00"
"16/02/2025 09:00 - 16/02/2025 10:00","BZN|BG","6339.95","5863.00"
"16/02/2025 10:00 - 16/02/2025 11:00","BZN|BG","6344.07","5747.00"
"16/02/2025 11:00 - 16/02/2025 12:00","BZN|BG","6288.63","5570.00"
"16/02/2025 12:00 - 16/02/2025 13:00","BZN|BG","6177.24","5311.00"
"16/02/2025 13:00 - 16/02/2025 14:00","BZN|BG","6109.11","5101.00"
"16/02/2025 14:00 - 16/02/2025 15:00","BZN|BG","6136.79","5041.00"
"16/02/2025 15:00 - 16/02/2025 16:00","BZN|BG","6266.04","5267.00"
"16/02/2025 16:00 - 16/02/2025 17:00","BZN|BG","6498.98","5763.00"
"16/02/2025 17:00 - 16/02/2025 18:00","BZN|BG","6693.46","6238.00"
"16/02/2025 18:00 - 16/02/2025 19:00","BZN|BG","6669.70","6195.00"
"16/02/2025 19:00 - 16/02/2025 20:00","BZN|BG","6432.14","5951.00"
"16/02/2025 20:00 - 16/02/2025 21:00","BZN|BG","6171.49","5719.00"
"16/02/2025 21:00 - 16/02/2025 22:00","BZN|BG","5942.39","5471.00"
"16/02/2025 22:00 - 16/02/2025 23:00","BZN|BG","5544.26","5080.00"
"16/02/2025 23:00 - 17/02/2025 00:00","BZN|BG","5170.48","5225.00"
"17/02/2025 00:00 - 17/02/2025 01:00","BZN|BG","4925.57","4991.00"
"17/02/2025 01:00 - 17/02/2025 02:00","BZN|BG","4821.54","4903.00"
"17/02/2025 02:00 - 17/02/2025 03:00","BZN|BG","4828.63","4934.00"
"17/02/2025 03:00 - 17/02/2025 04:00","BZN|BG","4897.24","4998.00"
"17/02/2025 04:00 - 17/02/2025 05:00","BZN|BG","5093.33","5245.00"
"17/02/2025 05:00 - 17/02/2025 06:00","BZN|BG","5644.57","5876.00"
"17/02/2025 06:00 - 17/02/2025 07:00","BZN|BG","6191.45","6483.00"
"17/02/2025 07:00 - 17/02/2025 08:00","BZN|BG","6699.38","6866.00"
"17/02/2025 08:00 - 17/02/2025 09:00","BZN|BG","6919.30","6845.00"
"17/02/2025 09:00 - 17/02/2025 10:00","BZN|BG","6906.54","6789.00"
"17/02/2025 10:00 - 17/02/2025 11:00","BZN|BG","6880.89","6754.00"
"17/02/2025 11:00 - 17/02/2025 12:00","BZN|BG","6799.34","6715.00"
"17/02/2025 12:00 - 17/02/2025 13:00","BZN|BG","6757.53","6697.00"
"17/02/2025 13:00 - 17/02/2025 14:00","BZN|BG","6671.05","6681.00"
"17/02/2025 14:00 - 17/02/2025 15:00","BZN|BG","6678.48","6683.00"
"17/02/2025 15:00 - 17/02/2025 16:00","BZN|BG","6685.30","6724.00"
"17/02/2025 16:00 - 17/02/2025 17:00","BZN|BG","6785.88","6823.00"
"17/02/2025 17:00 - 17/02/2025 18:00","BZN|BG","7103.48","6990.00"
"17/02/2025 18:00 - 17/02/2025 19:00","BZN|BG","7107.74","7015.00"
"17/02/2025 19:00 - 17/02/2025 20:00","BZN|BG","6862.36","6793.00"
"17/02/2025 20:00 - 17/02/2025 21:00","BZN|BG","6547.47","6543.00"
"17/02/2025 21:00 - 17/02/2025 22:00","BZN|BG","6282.15","6267.00"
"17/02/2025 22:00 - 17/02/2025 23:00","BZN|BG","5871.15","5861.00"
"17/02/2025 23:00 - 18/02/2025 00:00","BZN|BG","5481.57","5474.00"
"18/02/2025 00:00 - 18/02/2025 01:00","BZN|BG","5256.75","5217.00"
"18/02/2025 01:00 - 18/02/2025 02:00","BZN|BG","5175.47","5101.00"
"18/02/2025 02:00 - 18/02/2025 03:00","BZN|BG","5153.34","5122.00"
"18/02/2025 03:00 - 18/02/2025 04:00","BZN|BG","5177.35","5193.00"
"18/02/2025 04:00 - 18/02/2025 05:00","BZN|BG","5351.22","5424.00"
"18/02/2025 05:00 - 18/02/2025 06:00","BZN|BG","5873.45","6090.00"
"18/02/2025 06:00 - 18/02/2025 07:00","BZN|BG","6430.93","6757.00"
"18/02/2025 07:00 - 18/02/2025 08:00","BZN|BG","6913.19","6958.00"
"18/02/2025 08:00 - 18/02/2025 09:00","BZN|BG","7076.29","7144.00"
"18/02/2025 09:00 - 18/02/2025 10:00","BZN|BG","7012.16","7103.00"
"18/02/2025 10:00 - 18/02/2025 11:00","BZN|BG","6908.29","7077.00"
"18/02/2025 11:00 - 18/02/2025 12:00","BZN|BG","6751.58","7047.00"
"18/02/2025 12:00 - 18/02/2025 13:00","BZN|BG","6686.47","7032.00"
"18/02/2025 13:00 - 18/02/2025 14:00","BZN|BG","6598.08","7018.00"
"18/02/2025 14:00 - 18/02/2025 15:00","BZN|BG","6577.88","7026.00"
"18/02/2025 15:00 - 18/02/2025 16:00","BZN|BG","6607.49","7062.00"
"18/02/2025 16:00 - 18/02/2025 17:00","BZN|BG","6724.55","7130.00"
"18/02/2025 17:00 - 18/02/2025 18:00","BZN|BG","7083.17","7237.00"
"18/02/2025 18:00 - 18/02/2025 19:00","BZN|BG","7115.25","7245.00"
"18/02/2025 19:00 - 18/02/2025 20:00","BZN|BG","6902.89","7004.00"
"18/02/2025 20:00 - 18/02/2025 21:00","BZN|BG","6644.92","6757.00"
"18/02/2025 21:00 - 18/02/2025 22:00","BZN|BG","6377.59","6478.00"
"18/02/2025 22:00 - 18/02/2025 23:00","BZN|BG","5973.83","6029.00"
"18/02/2025 23:00 - 19/02/2025 00:00","BZN|BG","5560.78","5683.00"
"19/02/2025 00:00 - 19/02/2025 01:00","BZN|BG","5328.42","5455.00"
"19/02/2025 01:00 - 19/02/2025 02:00","BZN|BG","5234.68","5358.00"
"19/02/2025 02:00 - 19/02/2025 03:00","BZN|BG","5244.52","5358.00"
"19/02/2025 03:00 - 19/02/2025 04:00","BZN|BG","5303.45","5435.00"
"19/02/2025 04:00 - 19/02/2025 05:00","BZN|BG","5512.61","5663.00"
"19/02/2025 05:00 - 19/02/2025 06:00","BZN|BG","6030.68","6285.00"
"19/02/2025 06:00 - 19/02/2025 07:00","BZN|BG","6555.35","6889.00"
"19/02/2025 07:00 - 19/02/2025 08:00","BZN|BG","7004.01","7220.00"
"19/02/2025 08:00 - 19/02/2025 09:00","BZN|BG","7110.51","7208.00"
"19/02/2025 09:00 - 19/02/2025 10:00","BZN|BG","6992.38","7170.00"
"19/02/2025 10:00 - 19/02/2025 11:00","BZN|BG","6816.38","7145.00"
"19/02/2025 11:00 - 19/02/2025 12:00","BZN|BG","6663.99","7115.00"
"19/02/2025 12:00 - 19/02/2025 13:00","BZN|BG","6576.78","7098.00"
"19/02/2025 13:00 - 19/02/2025 14:00","BZN|BG","6438.15","7086.00"
"19/02/2025 14:00 - 19/02/2025 15:00","BZN|BG","6437.69","7094.00"
"19/02/2025 15:00 - 19/02/2025 16:00","BZN|BG","6515.80","7127.00"
"19/02/2025 16:00 - 19/02/2025 17:00","BZN|BG","6726.44","7204.00"
"19/02/2025 17:00 - 19/02/2025 18:00","BZN|BG","7226.96","7329.00"
"19/02/2025 18:00 - 19/02/2025 19:00","BZN|BG","7294.78","7339.00"
"19/02/2025 19:00 - 19/02/2025 20:00","BZN|BG","7123.15","7109.00"
"19/02/2025 20:00 - 19/02/2025 21:00","BZN|BG","6866.97","6869.00"
"19/02/2025 21:00 - 19/02/2025 22:00","BZN|BG","6634.57","6618.00"
"19/02/2025 22:00 - 19/02/2025 23:00","BZN|BG","6263.86","6225.00"
"19/02/2025 23:00 - 20/02/2025 00:00","BZN|BG","5869.91","5624.00"
"20/02/2025 00:00 - 20/02/2025 01:00","BZN|BG","5613.80","5375.00"
"20/02/2025 01:00 - 20/02/2025 02:00","BZN|BG","5544.64","5279.00"
"20/02/2025 02:00 - 20/02/2025 03:00","BZN|BG","5547.06","5281.00"
"20/02/2025 03:00 - 20/02/2025 04:00","BZN|BG","5626.43","5348.00"
"20/02/2025 04:00 - 20/02/2025 05:00","BZN|BG","5835.83","5581.00"
"20/02/2025 05:00 - 20/02/2025 06:00","BZN|BG","6340.70","6171.00"
"20/02/2025 06:00 - 20/02/2025 07:00","BZN|BG","6915.42","6828.00"
"20/02/2025 07:00 - 20/02/2025 08:00","BZN|BG","7271.58","7175.00"
"20/02/2025 08:00 - 20/02/2025 09:00","BZN|BG","7242.64","7161.00"
"20/02/2025 09:00 - 20/02/2025 10:00","BZN|BG","7074.20","7000.00"
"20/02/2025 10:00 - 20/02/2025 11:00","BZN|BG","6842.09","6881.00"
"20/02/2025 11:00 - 20/02/2025 12:00","BZN|BG","6612.70","6743.00"
"20/02/2025 12:00 - 20/02/2025 13:00","BZN|BG","6448.25","6667.00"
"20/02/2025 13:00 - 20/02/2025 14:00","BZN|BG","6287.21","6599.00"
"20/02/2025 14:00 - 20/02/2025 15:00","BZN|BG","6258.61","6610.00"
"20/02/2025 15:00 - 20/02/2025 16:00","BZN|BG","6339.05","6690.00"
"20/02/2025 16:00 - 20/02/2025 17:00","BZN|BG","6607.36","6878.00"
"20/02/2025 17:00 - 20/02/2025 18:00","BZN|BG","7172.54","7189.00"
"20/02/2025 18:00 - 20/02/2025 19:00","BZN|BG","7337.07","7212.00"
"20/02/2025 19:00 - 20/02/2025 20:00","BZN|BG","7113.66","6982.00"
"20/02/2025 20:00 - 20/02/2025 21:00","BZN|BG","6863.31","6761.00"
"20/02/2025 21:00 - 20/02/2025 22:00","BZN|BG","6601.60","6499.00"
"20/02/2025 22:00 - 20/02/2025 23:00","BZN|BG","6218.55","6091.00"
"20/02/2025 23:00 - 21/02/2025 00:00","BZN|BG","5884.15","5964.00"
"21/02/2025 00:00 - 21/02/2025 01:00","BZN|BG","5664.14","5750.00"
"21/02/2025 01:00 - 21/02/2025 02:00","BZN|BG","5592.35","5661.00"
"21/02/2025 02:00 - 21/02/2025 03:00","BZN|BG","5601.38","5658.00"
"21/02/2025 03:00 - 21/02/2025 04:00","BZN|BG","5663.78","5722.00"
"21/02/2025 04:00 - 21/02/2025 05:00","BZN|BG","5835.30","5929.00"
"21/02/2025 05:00 - 21/02/2025 06:00","BZN|BG","6357.11","6528.00"
"21/02/2025 06:00 - 21/02/2025 07:00","BZN|BG","6883.16","7098.00"
"21/02/2025 07:00 - 21/02/2025 08:00","BZN|BG","7200.85","7474.00"
"21/02/2025 08:00 - 21/02/2025 09:00","BZN|BG","7121.41","7450.00"
"21/02/2025 09:00 - 21/02/2025 10:00","BZN|BG","6866.54","7292.00"
"21/02/2025 10:00 - 21/02/2025 11:00","BZN|BG","6638.69","7169.00"
"21/02/2025 11:00 - 21/02/2025 12:00","BZN|BG","6447.13","7017.00"
"21/02/2025 12:00 - 21/02/2025 13:00","BZN|BG","6344.31","6926.00"
"21/02/2025 13:00 - 21/02/2025 14:00","BZN|BG","6259.45","6866.00"
"21/02/2025 14:00 - 21/02/2025 15:00","BZN|BG","6259.82","6882.00"
"21/02/2025 15:00 - 21/02/2025 16:00","BZN|BG","6381.33","6964.00"
"21/02/2025 16:00 - 21/02/2025 17:00","BZN|BG","6671.45","7125.00"
"21/02/2025 17:00 - 21/02/2025 18:00","BZN|BG","7196.16","7433.00"
"21/02/2025 18:00 - 21/02/2025 19:00","BZN|BG","7283.26","7482.00"
"21/02/2025 19:00 - 21/02/2025 20:00","BZN|BG","7072.47","7276.00"
"21/02/2025 20:00 - 21/02/2025 21:00","BZN|BG","6811.12","7061.00"
"21/02/2025 21:00 - 21/02/2025 22:00","BZN|BG","6642.50","6811.00"
"21/02/2025 22:00 - 21/02/2025 23:00","BZN|BG","6332.14","6420.00"
"21/02/2025 23:00 - 22/02/2025 00:00","BZN|BG","5986.80","6036.00"
"22/02/2025 00:00 - 22/02/2025 01:00","BZN|BG","5741.81","5799.00"
"22/02/2025 01:00 - 22/02/2025 02:00","BZN|BG","5613.71","5682.00"
"22/02/2025 02:00 - 22/02/2025 03:00","BZN|BG","5628.68","5624.00"
"22/02/2025 03:00 - 22/02/2025 04:00","BZN|BG","5638.59","5620.00"
"22/02/2025 04:00 - 22/02/2025 05:00","BZN|BG","5727.06","5698.00"
"22/02/2025 05:00 - 22/02/2025 06:00","BZN|BG","5903.03","5896.00"
"22/02/2025 06:00 - 22/02/2025 07:00","BZN|BG","6322.93","6313.00"
"22/02/2025 07:00 - 22/02/2025 08:00","BZN|BG","6666.79","6800.00"
"22/02/2025 08:00 - 22/02/2025 09:00","BZN|BG","6715.53","7001.00"
"22/02/2025 09:00 - 22/02/2025 10:00","BZN|BG","6551.83","6866.00"
"22/02/2025 10:00 - 22/02/2025 11:00","BZN|BG","6351.65","6750.00"
"22/02/2025 11:00 - 22/02/2025 12:00","BZN|BG","6159.63","6609.00"
"22/02/2025 12:00 - 22/02/2025 13:00","BZN|BG","6047.85","6328.00"
"22/02/2025 13:00 - 22/02/2025 14:00","BZN|BG","5921.75","6028.00"
"22/02/2025 14:00 - 22/02/2025 15:00","BZN|BG","5972.10","6096.00"
"22/02/2025 15:00 - 22/02/2025 16:00","BZN|BG","6158.34","6360.00"
"22/02/2025 16:00 - 22/02/2025 17:00","BZN|BG","6529.97","6760.00"
"22/02/2025 17:00 - 22/02/2025 18:00","BZN|BG","6935.13","7124.00"
"22/02/2025 18:00 - 22/02/2025 19:00","BZN|BG","6929.58","7038.00"
"22/02/2025 19:00 - 22/02/2025 20:00","BZN|BG","6719.59","6794.00"
"22/02/2025 20:00 - 22/02/2025 21:00","BZN|BG","6496.46","6620.00"
"22/02/2025 21:00 - 22/02/2025 22:00","BZN|BG","6407.59","6447.00"
"22/02/2025 22:00 - 22/02/2025 23:00","BZN|BG","6157.22","6191.00"
"22/02/2025 23:00 - 23/02/2025 00:00","BZN|BG","5871.13","5882.00"
"23/02/2025 00:00 - 23/02/2025 01:00","BZN|BG","5638.83","5643.00"
"23/02/2025 01:00 - 23/02/2025 02:00","BZN|BG","5528.91","5501.00"
"23/02/2025 02:00 - 23/02/2025 03:00","BZN|BG","5481.61","5503.00"
"23/02/2025 03:00 - 23/02/2025 04:00","BZN|BG","5481.77","5496.00"
"23/02/2025 04:00 - 23/02/2025 05:00","BZN|BG","5538.86","5517.00"
"23/02/2025 05:00 - 23/02/2025 06:00","BZN|BG","5692.16","5606.00"
"23/02/2025 06:00 - 23/02/2025 07:00","BZN|BG","5997.01","5757.00"
"23/02/2025 07:00 - 23/02/2025 08:00","BZN|BG","6329.40","6099.00"
"23/02/2025 08:00 - 23/02/2025 09:00","BZN|BG","6517.07","6425.00"
"23/02/2025 09:00 - 23/02/2025 10:00","BZN|BG","6504.37","6552.00"
"23/02/2025 10:00 - 23/02/2025 11:00","BZN|BG","6355.58","6555.00"
"23/02/2025 11:00 - 23/02/2025 12:00","BZN|BG","6203.94","6429.00"
"23/02/2025 12:00 - 23/02/2025 13:00","BZN|BG","6016.21","6176.00"
"23/02/2025 13:00 - 23/02/2025 14:00","BZN|BG","5902.91","6021.00"
"23/02/2025 14:00 - 23/02/2025 15:00","BZN|BG","5908.71","6073.00"
"23/02/2025 15:00 - 23/02/2025 16:00","BZN|BG","6157.19","6314.00"
"23/02/2025 16:00 - 23/02/2025 17:00","BZN|BG","6608.12","6748.00"
"23/02/2025 17:00 - 23/02/2025 18:00","BZN|BG","7089.63","7111.00"
"23/02/2025 18:00 - 23/02/2025 19:00","BZN|BG","7124.43","7091.00"
"23/02/2025 19:00 - 23/02/2025 20:00","BZN|BG","6917.41","6896.00"
"23/02/2025 20:00 - 23/02/2025 21:00","BZN|BG","6642.37","6681.00"
"23/02/2025 21:00 - 23/02/2025 22:00","BZN|BG","6461.09","6492.00"
"23/02/2025 22:00 - 23/02/2025 23:00","BZN|BG","6055.82","6165.00"
"23/02/2025 23:00 - 24/02/2025 00:00","BZN|BG","5687.23","5781.00"
"24/02/2025 00:00 - 24/02/2025 01:00","BZN|BG","5419.90","5515.00"
"24/02/2025 01:00 - 24/02/2025 02:00","BZN|BG","5300.41","5402.00"
"24/02/2025 02:00 - 24/02/2025 03:00","BZN|BG","5320.23","5408.00"
"24/02/2025 03:00 - 24/02/2025 04:00","BZN|BG","5368.09","5459.00"
"24/02/2025 04:00 - 24/02/2025 05:00","BZN|BG","5574.56","5606.00"
"24/02/2025 05:00 - 24/02/2025 06:00","BZN|BG","6126.63","6020.00"
"24/02/2025 06:00 - 24/02/2025 07:00","BZN|BG","6667.86","6430.00"
"24/02/2025 07:00 - 24/02/2025 08:00","BZN|BG","7003.18","6975.00"
"24/02/2025 08:00 - 24/02/2025 09:00","BZN|BG","7052.91","6926.00"
"24/02/2025 09:00 - 24/02/2025 10:00","BZN|BG","6925.41","6750.00"
"24/02/2025 10:00 - 24/02/2025 11:00","BZN|BG","6849.24","6626.00"
"24/02/2025 11:00 - 24/02/2025 12:00","BZN|BG","6712.03","6437.00"
"24/02/2025 12:00 - 24/02/2025 13:00","BZN|BG","6609.79","6239.00"
"24/02/2025 13:00 - 24/02/2025 14:00","BZN|BG","6509.64","6008.00"
"24/02/2025 14:00 - 24/02/2025 15:00","BZN|BG","6435.31","6026.00"
"24/02/2025 15:00 - 24/02/2025 16:00","BZN|BG","6484.82","6043.00"
"24/02/2025 16:00 - 24/02/2025 17:00","BZN|BG","6636.21","6296.00"
"24/02/2025 17:00 - 24/02/2025 18:00","BZN|BG","7027.14","7091.00"
"24/02/2025 18:00 - 24/02/2025 19:00","BZN|BG","7088.81","7102.00"
"24/02/2025 19:00 - 24/02/2025 20:00","BZN|BG","6870.36","6910.00"
"24/02/2025 20:00 - 24/02/2025 21:00","BZN|BG","6582.23","6664.00"
"24/02/2025 21:00 - 24/02/2025 22:00","BZN|BG","6350.11","6456.00"
"24/02/2025 22:00 - 24/02/2025 23:00","BZN|BG","5983.03","6134.00"
"24/02/2025 23:00 - 25/02/2025 00:00","BZN|BG","5575.97","5578.00"
"25/02/2025 00:00 - 25/02/2025 01:00","BZN|BG","5305.93","5302.00"
"25/02/2025 01:00 - 25/02/2025 02:00","BZN|BG","5215.88","5199.00"
"25/02/2025 02:00 - 25/02/2025 03:00","BZN|BG","5230.80","5201.00"
"25/02/2025 03:00 - 25/02/2025 04:00","BZN|BG","5283.72","5249.00"
"25/02/2025 04:00 - 25/02/2025 05:00","BZN|BG","5475.25","5424.00"
"25/02/2025 05:00 - 25/02/2025 06:00","BZN|BG","5925.13","5898.00"
"25/02/2025 06:00 - 25/02/2025 07:00","BZN|BG","6437.37","6389.00"
"25/02/2025 07:00 - 25/02/2025 08:00","BZN|BG","6769.83","6731.00"
"25/02/2025 08:00 - 25/02/2025 09:00","BZN|BG","6782.11","6735.00"
"25/02/2025 09:00 - 25/02/2025 10:00","BZN|BG","6653.83","6501.00"
"25/02/2025 10:00 - 25/02/2025 11:00","BZN|BG","6420.48","6264.00"
"25/02/2025 11:00 - 25/02/2025 12:00","BZN|BG","6165.25","6022.00"
"25/02/2025 12:00 - 25/02/2025 13:00","BZN|BG","6029.90","5893.00"
"25/02/2025 13:00 - 25/02/2025 14:00","BZN|BG","5957.75","5767.00"
"25/02/2025 14:00 - 25/02/2025 15:00","BZN|BG","5954.69","5760.00"
"25/02/2025 15:00 - 25/02/2025 16:00","BZN|BG","5981.86","5861.00"
"25/02/2025 16:00 - 25/02/2025 17:00","BZN|BG","6147.46","6156.00"
"25/02/2025 17:00 - 25/02/2025 18:00","BZN|BG","6660.47","6757.00"
"25/02/2025 18:00 - 25/02/2025 19:00","BZN|BG","6818.89","6836.00"
"25/02/2025 19:00 - 25/02/2025 20:00","BZN|BG","6637.96","6609.00"
"25/02/2025 20:00 - 25/02/2025 21:00","BZN|BG","6395.28","6349.00"
"25/02/2025 21:00 - 25/02/2025 22:00","BZN|BG","6177.35","6116.00"
"25/02/2025 22:00 - 25/02/2025 23:00","BZN|BG","5812.24","5757.00"
"25/02/2025 23:00 - 26/02/2025 00:00","BZN|BG","5437.08","5502.00"
"26/02/2025 00:00 - 26/02/2025 01:00","BZN|BG","5182.25","5206.00"
"26/02/2025 01:00 - 26/02/2025 02:00","BZN|BG","5095.17","5106.00"
"26/02/2025 02:00 - 26/02/2025 03:00","BZN|BG","5105.57","5105.00"
"26/02/2025 03:00 - 26/02/2025 04:00","BZN|BG","5133.84","5158.00"
"26/02/2025 04:00 - 26/02/2025 05:00","BZN|BG","5364.09","5339.00"
"26/02/2025 05:00 - 26/02/2025 06:00","BZN|BG","5825.65","5827.00"
"26/02/2025 06:00 - 26/02/2025 07:00","BZN|BG","6344.22","6342.00"
"26/02/2025 07:00 - 26/02/2025 08:00","BZN|BG","6648.86","6721.00"
"26/02/2025 08:00 - 26/02/2025 09:00","BZN|BG","6681.43","6759.00"
"26/02/2025 09:00 - 26/02/2025 10:00","BZN|BG","6441.78","6675.00"
"26/02/2025 10:00 - 26/02/2025 11:00","BZN|BG","6181.17","6572.00"
"26/02/2025 11:00 - 26/02/2025 12:00","BZN|BG","5979.53","6470.00"
"26/02/2025 12:00 - 26/02/2025 13:00","BZN|BG","5845.81","6412.00"
"26/02/2025 13:00 - 26/02/2025 14:00","BZN|BG","5742.30","6346.00"
"26/02/2025 14:00 - 26/02/2025 15:00","BZN|BG","5748.05","6339.00"
"26/02/2025 15:00 - 26/02/2025 16:00","BZN|BG","5834.17","6386.00"
"26/02/2025 16:00 - 26/02/2025 17:00","BZN|BG","6034.66","6520.00"
"26/02/2025 17:00 - 26/02/2025 18:00","BZN|BG","6494.38","6815.00"
"26/02/2025 18:00 - 26/02/2025 19:00","BZN|BG","6621.16","6868.00"
"26/02/2025 19:00 - 26/02/2025 20:00","BZN|BG","6403.10","6648.00"
"26/02/2025 20:00 - 26/02/2025 21:00","BZN|BG","6116.72","6372.00"
"26/02/2025 21:00 - 26/02/2025 22:00","BZN|BG","5827.30","6123.00"
"26/02/2025 22:00 - 26/02/2025 23:00","BZN|BG","5463.52","5728.00"
"26/02/2025 23:00 - 27/02/2025 00:00","BZN|BG","5068.37","5329.00"
"27/02/2025 00:00 - 27/02/2025 01:00","BZN|BG","4815.60","5053.00"
"27/02/2025 01:00 - 27/02/2025 02:00","BZN|BG","4711.10","4963.00"
"27/02/2025 02:00 - 27/02/2025 03:00","BZN|BG","4717.14","4963.00"
"27/02/2025 03:00 - 27/02/2025 04:00","BZN|BG","4759.95","5021.00"
"27/02/2025 04:00 - 27/02/2025 05:00","BZN|BG","4929.69","5188.00"
"27/02/2025 05:00 - 27/02/2025 06:00","BZN|BG","5385.29","5657.00"
"27/02/2025 06:00 - 27/02/2025 07:00","BZN|BG","5890.80","6186.00"
"27/02/2025 07:00 - 27/02/2025 08:00","BZN|BG","6207.76","6549.00"
"27/02/2025 08:00 - 27/02/2025 09:00","BZN|BG","6237.60","6588.00"
"27/02/2025 09:00 - 27/02/2025 10:00","BZN|BG","6014.66","6385.00"
"27/02/2025 10:00 - 27/02/2025 11:00","BZN|BG","5829.17","6183.00"
"27/02/2025 11:00 - 27/02/2025 12:00","BZN|BG","5621.09","5959.00"
"27/02/2025 12:00 - 27/02/2025 13:00","BZN|BG","5535.13","5830.00"
"27/02/2025 13:00 - 27/02/2025 14:00","BZN|BG","5541.26","5654.00"
"27/02/2025 14:00 - 27/02/2025 15:00","BZN|BG","5619.43","5679.00"
"27/02/2025 15:00 - 27/02/2025 16:00","BZN|BG","5704.52","5727.00"
"27/02/2025 16:00 - 27/02/2025 17:00","BZN|BG","5874.19","5947.00"
"27/02/2025 17:00 - 27/02/2025 18:00","BZN|BG","6240.94","6420.00"
"27/02/2025 18:00 - 27/02/2025 19:00","BZN|BG","6307.07","6540.00"
"27/02/2025 19:00 - 27/02/2025 20:00","BZN|BG","6091.99","6349.00"
"27/02/2025 20:00 - 27/02/2025 21:00","BZN|BG","5806.41","6109.00"
"27/02/2025 21:00 - 27/02/2025 22:00","BZN|BG","5602.62","5892.00"
"27/02/2025 22:00 - 27/02/2025 23:00","BZN|BG","5224.78","5533.00"
"27/02/2025 23:00 - 28/02/2025 00:00","BZN|BG","4826.69","4984.00"
"28/02/2025 00:00 - 28/02/2025 01:00","BZN|BG","4586.38","4710.00"
"28/02/2025 01:00 - 28/02/2025 02:00","BZN|BG","4488.33","4602.00"
"28/02/2025 02:00 - 28/02/2025 03:00","BZN|BG","4484.05","4606.00"
"28/02/2025 03:00 - 28/02/2025 04:00","BZN|BG","4530.92","4655.00"
"28/02/2025 04:00 - 28/02/2025 05:00","BZN|BG","4700.91","4846.00"
"28/02/2025 05:00 - 28/02/2025 06:00","BZN|BG","5157.70","5305.00"
"28/02/2025 06:00 - 28/02/2025 07:00","BZN|BG","5636.56","5854.00"
"28/02/2025 07:00 - 28/02/2025 08:00","BZN|BG","5993.47","6236.00"
"28/02/2025 08:00 - 28/02/2025 09:00","BZN|BG","6063.85","6277.00"
"28/02/2025 09:00 - 28/02/2025 10:00","BZN|BG","5946.18","6041.00"
"28/02/2025 10:00 - 28/02/2025 11:00","BZN|BG","5852.53","5826.00"
"28/02/2025 11:00 - 28/02/2025 12:00","BZN|BG","5702.32","5564.00"
"28/02/2025 12:00 - 28/02/2025 13:00","BZN|BG","5679.68","5436.00"
"28/02/2025 13:00 - 28/02/2025 14:00","BZN|BG","5628.62","5234.00"
"28/02/2025 14:00 - 28/02/2025 15:00","BZN|BG","5614.05","5282.00"
"28/02/2025 15:00 - 28/02/2025 16:00","BZN|BG","5646.25","5319.00"
"28/02/2025 16:00 - 28/02/2025 17:00","BZN|BG","5747.18","5571.00"
"28/02/2025 17:00 - 28/02/2025 18:00","BZN|BG","6034.46","6042.00"
"28/02/2025 18:00 - 28/02/2025 19:00","BZN|BG","6053.33","6182.00"
"28/02/2025 19:00 - 28/02/2025 20:00","BZN|BG","5809.86","5992.00"
"28/02/2025 20:00 - 28/02/2025 21:00","BZN|BG","5528.03","5759.00"
"28/02/2025 21:00 - 28/02/2025 22:00","BZN|BG","5324.46","5542.00"
"28/02/2025 22:00 - 28/02/2025 23:00","BZN|BG","5063.51","5190.00"
"28/02/2025 23:00 - 01/03/2025 00:00","BZN|BG","4721.00","4768.00"
"01/03/2025 00:00 - 01/03/2025 01:00","BZN|BG","4443.44","4524.00"
"01/03/2025 01:00 - 01/03/2025 02:00","BZN|BG","4298.79","4373.00"
"01/03/2025 02:00 - 01/03/2025 03:00","BZN|BG","4263.91","4323.00"
"01/03/2025 03:00 - 01/03/2025 04:00","BZN|BG","4262.91","4325.00"
"01/03/2025 04:00 - 01/03/2025 05:00","BZN|BG","4312.86","4387.00"
"01/03/2025 05:00 - 01/03/2025 06:00","BZN|BG","4431.38","4543.00"
"01/03/2025 06:00 - 01/03/2025 07:00","BZN|BG","4707.53","4871.00"
"01/03/2025 07:00 - 01/03/2025 08:00","BZN|BG","5136.89","5307.00"
"01/03/2025 08:00 - 01/03/2025 09:00","BZN|BG","5440.29","5556.00"
"01/03/2025 09:00 - 01/03/2025 10:00","BZN|BG","5537.41","5648.00"
"01/03/2025 10:00 - 01/03/2025 11:00","BZN|BG","5444.26","5580.00"
"01/03/2025 11:00 - 01/03/2025 12:00","BZN|BG","5387.42","5393.00"
"01/03/2025 12:00 - 01/03/2025 13:00","BZN|BG","5334.96","5261.00"
"01/03/2025 13:00 - 01/03/2025 14:00","BZN|BG","5238.43","5050.00"
"01/03/2025 14:00 - 01/03/2025 15:00","BZN|BG","5210.93","5048.00"
"01/03/2025 15:00 - 01/03/2025 16:00","BZN|BG","5287.04","5231.00"
"01/03/2025 16:00 - 01/03/2025 17:00","BZN|BG","5491.14","5440.00"
"01/03/2025 17:00 - 01/03/2025 18:00","BZN|BG","5659.56","5803.00"
"01/03/2025 18:00 - 01/03/2025 19:00","BZN|BG","5588.82","5860.00"
"01/03/2025 19:00 - 01/03/2025 20:00","BZN|BG","5343.48","5612.00"
"01/03/2025 20:00 - 01/03/2025 21:00","BZN|BG","5117.94","5411.00"
"01/03/2025 21:00 - 01/03/2025 22:00","BZN|BG","4972.54","5278.00"
"01/03/2025 22:00 - 01/03/2025 23:00","BZN|BG","4807.91","5002.00"
"01/03/2025 23:00 - 02/03/2025 00:00","BZN|BG","4480.67","4637.00"
"02/03/2025 00:00 - 02/03/2025 01:00","BZN|BG","4234.60","4398.00"
"02/03/2025 01:00 - 02/03/2025 02:00","BZN|BG","4078.66","4266.00"
"02/03/2025 02:00 - 02/03/2025 03:00","BZN|BG","4039.89","4180.00"
"02/03/2025 03:00 - 02/03/2025 04:00","BZN|BG","4041.37","4196.00"
"02/03/2025 04:00 - 02/03/2025 05:00","BZN|BG","4092.34","4263.00"
"02/03/2025 05:00 - 02/03/2025 06:00","BZN|BG","4206.72","4376.00"
"02/03/2025 06:00 - 02/03/2025 07:00","BZN|BG","4473.58","4709.00"
"02/03/2025 07:00 - 02/03/2025 08:00","BZN|BG","4924.38","5101.00"
"02/03/2025 08:00 - 02/03/2025 09:00","BZN|BG","5288.71","5329.00"
"02/03/2025 09:00 - 02/03/2025 10:00","BZN|BG","5460.59","5309.00"
"02/03/2025 10:00 - 02/03/2025 11:00","BZN|BG","5465.69","5203.00"
"02/03/2025 11:00 - 02/03/2025 12:00","BZN|BG","5409.30","5028.00"
"02/03/2025 12:00 - 02/03/2025 13:00","BZN|BG","5334.04","4850.00"
"02/03/2025 13:00 - 02/03/2025 14:00","BZN|BG","5260.22","4721.00"
"02/03/2025 14:00 - 02/03/2025 15:00","BZN|BG","5217.16","4732.00"
"02/03/2025 15:00 - 02/03/2025 16:00","BZN|BG","5251.86","4861.00"
"02/03/2025 16:00 - 02/03/2025 17:00","BZN|BG","5430.04","5161.00"
"02/03/2025 17:00 - 02/03/2025 18:00","BZN|BG","5596.35","5607.00"
"02/03/2025 18:00 - 02/03/2025 19:00","BZN|BG","5566.67","5766.00"
"02/03/2025 19:00 - 02/03/2025 20:00","BZN|BG","5331.99","5547.00"
"02/03/2025 20:00 - 02/03/2025 21:00","BZN|BG","5107.67","5271.00"
"02/03/2025 21:00 - 02/03/2025 22:00","BZN|BG","5019.22","5179.00"
"02/03/2025 22:00 - 02/03/2025 23:00","BZN|BG","4793.63","4897.00"
"02/03/2025 23:00 - 03/03/2025 00:00","BZN|BG","4485.33","4322.00"
"03/03/2025 00:00 - 03/03/2025 01:00","BZN|BG","4257.96","4166.00"
"03/03/2025 01:00 - 03/03/2025 02:00","BZN|BG","4118.61","4044.00"
"03/03/2025 02:00 - 03/03/2025 03:00","BZN|BG","4090.19","4000.00"
"03/03/2025 03:00 - 03/03/2025 04:00","BZN|BG","4123.19","4030.00"
"03/03/2025 04:00 - 03/03/2025 05:00","BZN|BG","4165.83","4120.00"
"03/03/2025 05:00 - 03/03/2025 06:00","BZN|BG","4326.03","4318.00"
"03/03/2025 06:00 - 03/03/2025 07:00","BZN|BG","4627.92","4639.00"
"03/03/2025 07:00 - 03/03/2025 08:00","BZN|BG","4950.74","5004.00"
"03/03/2025 08:00 - 03/03/2025 09:00","BZN|BG","5174.32","5145.00"
"03/03/2025 09:00 - 03/03/2025 10:00","BZN|BG","5114.50","5043.00"
"03/03/2025 10:00 - 03/03/2025 11:00","BZN|BG","4966.49","4879.00"
"03/03/2025 11:00 - 03/03/2025 12:00","BZN|BG","4902.14","4780.00"
"03/03/2025 12:00 - 03/03/2025 13:00","BZN|BG","4860.81","4632.00"
"03/03/2025 13:00 - 03/03/2025 14:00","BZN|BG","4806.19","4600.00"
"03/03/2025 14:00 - 03/03/2025 15:00","BZN|BG","4747.36","4642.00"
"03/03/2025 15:00 - 03/03/2025 16:00","BZN|BG","4860.21","4832.00"
"03/03/2025 16:00 - 03/03/2025 17:00","BZN|BG","5148.54","5132.00"
"03/03/2025 17:00 - 03/03/2025 18:00","BZN|BG","5624.91","5671.00"
"03/03/2025 18:00 - 03/03/2025 19:00","BZN|BG","5860.44","5888.00"
"03/03/2025 19:00 - 03/03/2025 20:00","BZN|BG","5698.05","5689.00"
"03/03/2025 20:00 - 03/03/2025 21:00","BZN|BG","5462.06","5387.00"
"03/03/2025 21:00 - 03/03/2025 22:00","BZN|BG","5244.60","5135.00"
"03/03/2025 22:00 - 03/03/2025 23:00","BZN|BG","4890.00","4818.00"
"03/03/2025 23:00 - 04/03/2025 00:00","BZN|BG","4550.27","4582.00"
"04/03/2025 00:00 - 04/03/2025 01:00","BZN|BG","4276.75","4266.00"
"04/03/2025 01:00 - 04/03/2025 02:00","BZN|BG","4172.04","4145.00"
"04/03/2025 02:00 - 04/03/2025 03:00","BZN|BG","4210.60","4153.00"
"04/03/2025 03:00 - 04/03/2025 04:00","BZN|BG","4270.44","4201.00"
"04/03/2025 04:00 - 04/03/2025 05:00","BZN|BG","4456.27","4406.00"
"04/03/2025 05:00 - 04/03/2025 06:00","BZN|BG","5024.92","4976.00"
"04/03/2025 06:00 - 04/03/2025 07:00","BZN|BG","5525.94","5430.00"
"04/03/2025 07:00 - 04/03/2025 08:00","BZN|BG","5736.01","5800.00"
"04/03/2025 08:00 - 04/03/2025 09:00","BZN|BG","5585.36","5986.00"
"04/03/2025 09:00 - 04/03/2025 10:00","BZN|BG","5305.17","5758.00"
"04/03/2025 10:00 - 04/03/2025 11:00","BZN|BG","5103.00","5519.00"
"04/03/2025 11:00 - 04/03/2025 12:00","BZN|BG","4921.50","5254.00"
"04/03/2025 12:00 - 04/03/2025 13:00","BZN|BG","4812.78","5124.00"
"04/03/2025 13:00 - 04/03/2025 14:00","BZN|BG","4682.85","5071.00"
"04/03/2025 14:00 - 04/03/2025 15:00","BZN|BG","4659.92","5087.00"
"04/03/2025 15:00 - 04/03/2025 16:00","BZN|BG","4744.38","5174.00"
"04/03/2025 16:00 - 04/03/2025 17:00","BZN|BG","4947.21","5403.00"
"04/03/2025 17:00 - 04/03/2025 18:00","BZN|BG","5535.83","5914.00"
"04/03/2025 18:00 - 04/03/2025 19:00","BZN|BG","5836.55","6060.00"
"04/03/2025 19:00 - 04/03/2025 20:00","BZN|BG","5677.38","5817.00"
"04/03/2025 20:00 - 04/03/2025 21:00","BZN|BG","5425.52","5584.00"
"04/03/2025 21:00 - 04/03/2025 22:00","BZN|BG","5251.85","5407.00"
"04/03/2025 22:00 - 04/03/2025 23:00","BZN|BG","4921.26","5097.00"
"04/03/2025 23:00 - 05/03/2025 00:00","BZN|BG","4558.64","4576.00"
"05/03/2025 00:00 - 05/03/2025 01:00","BZN|BG","4329.75","4280.00"
"05/03/2025 01:00 - 05/03/2025 02:00","BZN|BG","4257.11","4163.00"
"05/03/2025 02:00 - 05/03/2025 03:00","BZN|BG","4291.97","4169.00"
"05/03/2025 03:00 - 05/03/2025 04:00","BZN|BG","4375.48","4206.00"
"05/03/2025 04:00 - 05/03/2025 05:00","BZN|BG","4501.08","4386.00"
"05/03/2025 05:00 - 05/03/2025 06:00","BZN|BG","4993.74","4875.00"
"05/03/2025 06:00 - 05/03/2025 07:00","BZN|BG","5397.05","5460.00"
"05/03/2025 07:00 - 05/03/2025 08:00","BZN|BG","5427.91","5783.00"
"05/03/2025 08:00 - 05/03/2025 09:00","BZN|BG","5246.66","5700.00"
"05/03/2025 09:00 - 05/03/2025 10:00","BZN|BG","4946.46","5500.00"
"05/03/2025 10:00 - 05/03/2025 11:00","BZN|BG","4717.19","5321.00"
"05/03/2025 11:00 - 05/03/2025 12:00","BZN|BG","4551.51","5031.00"
"05/03/2025 12:00 - 05/03/2025 13:00","BZN|BG","4423.51","4894.00"
"05/03/2025 13:00 - 05/03/2025 14:00","BZN|BG","4364.52","4850.00"
"05/03/2025 14:00 - 05/03/2025 15:00","BZN|BG","4369.04","4871.00"
"05/03/2025 15:00 - 05/03/2025 16:00","BZN|BG","4449.12","4946.00"
"05/03/2025 16:00 - 05/03/2025 17:00","BZN|BG","4695.73","5152.00"
"05/03/2025 17:00 - 05/03/2025 18:00","BZN|BG","5307.80","5649.00"
"05/03/2025 18:00 - 05/03/2025 19:00","BZN|BG","5654.33","5754.00"
"05/03/2025 19:00 - 05/03/2025 20:00","BZN|BG","5509.83","5577.00"
"05/03/2025 20:00 - 05/03/2025 21:00","BZN|BG","5277.11","5373.00"
"05/03/2025 21:00 - 05/03/2025 22:00","BZN|BG","5036.53","5213.00"
"05/03/2025 22:00 - 05/03/2025 23:00","BZN|BG","4754.36","4935.00"
"05/03/2025 23:00 - 06/03/2025 00:00","BZN|BG","4395.75","4396.00"
"06/03/2025 00:00 - 06/03/2025 01:00","BZN|BG","4186.37","4136.00"
"06/03/2025 01:00 - 06/03/2025 02:00","BZN|BG","4072.97","4061.00"
"06/03/2025 02:00 - 06/03/2025 03:00","BZN|BG","4112.84","4066.00"
"06/03/2025 03:00 - 06/03/2025 04:00","BZN|BG","4182.59","4106.00"
"06/03/2025 04:00 - 06/03/2025 05:00","BZN|BG","4360.77","4260.00"
"06/03/2025 05:00 - 06/03/2025 06:00","BZN|BG","4866.33","4629.00"
"06/03/2025 06:00 - 06/03/2025 07:00","BZN|BG","5229.96","5070.00"
"06/03/2025 07:00 - 06/03/2025 08:00","BZN|BG","5217.92","5359.00"
"06/03/2025 08:00 - 06/03/2025 09:00","BZN|BG","5051.60","5240.00"
"06/03/2025 09:00 - 06/03/2025 10:00","BZN|BG","4736.79","5078.00"
"06/03/2025 10:00 - 06/03/2025 11:00","BZN|BG","4548.09","4823.00"
"06/03/2025 11:00 - 06/03/2025 12:00","BZN|BG","4351.23","4536.00"
"06/03/2025 12:00 - 06/03/2025 13:00","BZN|BG","4243.42","4414.00"
"06/03/2025 13:00 - 06/03/2025 14:00","BZN|BG","4144.96","4290.00"
"06/03/2025 14:00 - 06/03/2025 15:00","BZN|BG","4159.15","4294.00"
"06/03/2025 15:00 - 06/03/2025 16:00","BZN|BG","4221.87","4389.00"
"06/03/2025 16:00 - 06/03/2025 17:00","BZN|BG","4453.44","4608.00"
"06/03/2025 17:00 - 06/03/2025 18:00","BZN|BG","5058.44","5100.00"
"06/03/2025 18:00 - 06/03/2025 19:00","BZN|BG","5444.71","5298.00"
"06/03/2025 19:00 - 06/03/2025 20:00","BZN|BG","5298.05","5182.00"
"06/03/2025 20:00 - 06/03/2025 21:00","BZN|BG","5061.78","5000.00"
"06/03/2025 21:00 - 06/03/2025 22:00","BZN|BG","4828.05","4879.00"
"06/03/2025 22:00 - 06/03/2025 23:00","BZN|BG","4512.95","4667.00"
"06/03/2025 23:00 - 07/03/2025 00:00","BZN|BG","4189.63","4277.00"
"07/03/2025 00:00 - 07/03/2025 01:00","BZN|BG","3976.85","4030.00"
"07/03/2025 01:00 - 07/03/2025 02:00","BZN|BG","3935.20","3940.00"
"07/03/2025 02:00 - 07/03/2025 03:00","BZN|BG","3928.08","3952.00"
"07/03/2025 03:00 - 07/03/2025 04:00","BZN|BG","4008.48","4001.00"
"07/03/2025 04:00 - 07/03/2025 05:00","BZN|BG","4162.71","4159.00"
"07/03/2025 05:00 - 07/03/2025 06:00","BZN|BG","4644.84","4570.00"
"07/03/2025 06:00 - 07/03/2025 07:00","BZN|BG","4990.84","5014.00"
"07/03/2025 07:00 - 07/03/2025 08:00","BZN|BG","4985.36","5260.00"
"07/03/2025 08:00 - 07/03/2025 09:00","BZN|BG","4813.83","5209.00"
"07/03/2025 09:00 - 07/03/2025 10:00","BZN|BG","4505.35","4896.00"
"07/03/2025 10:00 - 07/03/2025 11:00","BZN|BG","4287.94","4645.00"
"07/03/2025 11:00 - 07/03/2025 12:00","BZN|BG","4154.75","4364.00"
"07/03/2025 12:00 - 07/03/2025 13:00","BZN|BG","4108.96","4231.00"
"07/03/2025 13:00 - 07/03/2025 14:00","BZN|BG","4059.18","4100.00"
"07/03/2025 14:00 - 07/03/2025 15:00","BZN|BG","4027.99","4134.00"
"07/03/2025 15:00 - 07/03/2025 16:00","BZN|BG","4142.66","4256.00"
"07/03/2025 16:00 - 07/03/2025 17:00","BZN|BG","4372.44","4481.00"
"07/03/2025 17:00 - 07/03/2025 18:00","BZN|BG","4894.62","5037.00"
"07/03/2025 18:00 - 07/03/2025 19:00","BZN|BG","5197.57","5261.00"
"07/03/2025 19:00 - 07/03/2025 20:00","BZN|BG","5044.07","5120.00"
"07/03/2025 20:00 - 07/03/2025 21:00","BZN|BG","4816.06","4918.00"
"07/03/2025 21:00 - 07/03/2025 22:00","BZN|BG","4635.33","4763.00"
"07/03/2025 22:00 - 07/03/2025 23:00","BZN|BG","4399.65","4497.00"
"07/03/2025 23:00 - 08/03/2025 00:00","BZN|BG","4095.87","4163.00"
"08/03/2025 00:00 - 08/03/2025 01:00","BZN|BG","3892.67","3965.00"
"08/03/2025 01:00 - 08/03/2025 02:00","BZN|BG","3772.36","3862.00"
"08/03/2025 02:00 - 08/03/2025 03:00","BZN|BG","3763.76","3838.00"
"08/03/2025 03:00 - 08/03/2025 04:00","BZN|BG","3796.22","3837.00"
"08/03/2025 04:00 - 08/03/2025 05:00","BZN|BG","3848.27","3865.00"
"08/03/2025 05:00 - 08/03/2025 06:00","BZN|BG","4037.52","3932.00"
"08/03/2025 06:00 - 08/03/2025 07:00","BZN|BG","4332.64","4088.00"
"08/03/2025 07:00 - 08/03/2025 08:00","BZN|BG","4468.94","4330.00"
"08/03/2025 08:00 - 08/03/2025 09:00","BZN|BG","4418.42","4501.00"
"08/03/2025 09:00 - 08/03/2025 10:00","BZN|BG","4240.57","4556.00"
"08/03/2025 10:00 - 08/03/2025 11:00","BZN|BG","4034.91","4316.00"
"08/03/2025 11:00 - 08/03/2025 12:00","BZN|BG","3961.07","4170.00"
"08/03/2025 12:00 - 08/03/2025 13:00","BZN|BG","3814.94","4035.00"
"08/03/2025 13:00 - 08/03/2025 14:00","BZN|BG","3733.59","3787.00"
"08/03/2025 14:00 - 08/03/2025 15:00","BZN|BG","3744.03","3716.00"
"08/03/2025 15:00 - 08/03/2025 16:00","BZN|BG","3886.18","3944.00"
"08/03/2025 16:00 - 08/03/2025 17:00","BZN|BG","4206.21","4555.00"
"08/03/2025 17:00 - 08/03/2025 18:00","BZN|BG","4688.82","4990.00"
"08/03/2025 18:00 - 08/03/2025 19:00","BZN|BG","4806.00","5059.00"
"08/03/2025 19:00 - 08/03/2025 20:00","BZN|BG","4579.62","4775.00"
"08/03/2025 20:00 - 08/03/2025 21:00","BZN|BG","4399.84","4573.00"
"08/03/2025 21:00 - 08/03/2025 22:00","BZN|BG","4337.94","4442.00"
"08/03/2025 22:00 - 08/03/2025 23:00","BZN|BG","4169.48","4294.00"
"08/03/2025 23:00 - 09/03/2025 00:00","BZN|BG","3926.99","3919.00"
"09/03/2025 00:00 - 09/03/2025 01:00","BZN|BG","3745.01","3706.00"
"09/03/2025 01:00 - 09/03/2025 02:00","BZN|BG","3629.79","3571.00"
"09/03/2025 02:00 - 09/03/2025 03:00","BZN|BG","3595.73","3538.00"
"09/03/2025 03:00 - 09/03/2025 04:00","BZN|BG","3623.10","3539.00"
"09/03/2025 04:00 - 09/03/2025 05:00","BZN|BG","3679.36","3575.00"
"09/03/2025 05:00 - 09/03/2025 06:00","BZN|BG","3805.76","3656.00"
"09/03/2025 06:00 - 09/03/2025 07:00","BZN|BG","4026.57","3845.00"
"09/03/2025 07:00 - 09/03/2025 08:00","BZN|BG","4191.73","4163.00"
"09/03/2025 08:00 - 09/03/2025 09:00","BZN|BG","4252.66","4421.00"
"09/03/2025 09:00 - 09/03/2025 10:00","BZN|BG","4168.10","4542.00"
"09/03/2025 10:00 - 09/03/2025 11:00","BZN|BG","4020.27","4546.00"
"09/03/2025 11:00 - 09/03/2025 12:00","BZN|BG","3898.13","4428.00"
"09/03/2025 12:00 - 09/03/2025 13:00","BZN|BG","3812.63","4270.00"
"09/03/2025 13:00 - 09/03/2025 14:00","BZN|BG","3760.01","4115.00"
"09/03/2025 14:00 - 09/03/2025 15:00","BZN|BG","3768.01","4025.00"
"09/03/2025 15:00 - 09/03/2025 16:00","BZN|BG","3895.89","4123.00"
"09/03/2025 16:00 - 09/03/2025 17:00","BZN|BG","4230.27","4629.00"
"09/03/2025 17:00 - 09/03/2025 18:00","BZN|BG","4798.65","5101.00"
"09/03/2025 18:00 - 09/03/2025 19:00","BZN|BG","5167.62","5071.00"
"09/03/2025 19:00 - 09/03/2025 20:00","BZN|BG","5012.55","4836.00"
"09/03/2025 20:00 - 09/03/2025 21:00","BZN|BG","4728.26","4612.00"
"09/03/2025 21:00 - 09/03/2025 22:00","BZN|BG","4521.61","4523.00"
"09/03/2025 22:00 - 09/03/2025 23:00","BZN|BG","4200.34","4298.00"
"09/03/2025 23:00 - 10/03/2025 00:00","BZN|BG","3926.60","3975.00"
"10/03/2025 00:00 - 10/03/2025 01:00","BZN|BG","3687.82","3760.00"
"10/03/2025 01:00 - 10/03/2025 02:00","BZN|BG","3583.99","3629.00"
"10/03/2025 02:00 - 10/03/2025 03:00","BZN|BG","3624.37","3602.00"
"10/03/2025 03:00 - 10/03/2025 04:00","BZN|BG","3692.51","3634.00"
"10/03/2025 04:00 - 10/03/2025 05:00","BZN|BG","3878.93","3700.00"
"10/03/2025 05:00 - 10/03/2025 06:00","BZN|BG","4416.58","3940.00"
"10/03/2025 06:00 - 10/03/2025 07:00","BZN|BG","4727.75","4380.00"
"10/03/2025 07:00 - 10/03/2025 08:00","BZN|BG","4743.97","4600.00"
"10/03/2025 08:00 - 10/03/2025 09:00","BZN|BG","4569.34","4500.00"
"10/03/2025 09:00 - 10/03/2025 10:00","BZN|BG","4357.32","4257.00"
"10/03/2025 10:00 - 10/03/2025 11:00","BZN|BG","4228.53","4068.00"
"10/03/2025 11:00 - 10/03/2025 12:00","BZN|BG","4036.62","3923.00"
"10/03/2025 12:00 - 10/03/2025 13:00","BZN|BG","3989.31","3837.00"
"10/03/2025 13:00 - 10/03/2025 14:00","BZN|BG","3971.72","3796.00"
"10/03/2025 14:00 - 10/03/2025 15:00","BZN|BG","4004.40","3660.00"
"10/03/2025 15:00 - 10/03/2025 16:00","BZN|BG","4105.54","3801.00"
"10/03/2025 16:00 - 10/03/2025 17:00","BZN|BG","4277.33","4161.00"
"10/03/2025 17:00 - 10/03/2025 18:00","BZN|BG","4794.12","4756.00"
"10/03/2025 18:00 - 10/03/2025 19:00","BZN|BG","5082.71","5050.00"
"10/03/2025 19:00 - 10/03/2025 20:00","BZN|BG","4918.68","4933.00"
"10/03/2025 20:00 - 10/03/2025 21:00","BZN|BG","4640.02","4763.00"
"10/03/2025 21:00 - 10/03/2025 22:00","BZN|BG","4411.82","4606.00"
"10/03/2025 22:00 - 10/03/2025 23:00","BZN|BG","4136.28","4351.00"
"10/03/2025 23:00 - 11/03/2025 00:00","BZN|BG","3789.39","3958.00"
"11/03/2025 00:00 - 11/03/2025 01:00","BZN|BG","3599.95","3731.00"
"11/03/2025 01:00 - 11/03/2025 02:00","BZN|BG","3547.84","3641.00"
"11/03/2025 02:00 - 11/03/2025 03:00","BZN|BG","3540.40","3661.00"
"11/03/2025 03:00 - 11/03/2025 04:00","BZN|BG","3588.31","3712.00"
"11/03/2025 04:00 - 11/03/2025 05:00","BZN|BG","3721.78","3838.00"
"11/03/2025 05:00 - 11/03/2025 06:00","BZN|BG","4182.14","4322.00"
"11/03/2025 06:00 - 11/03/2025 07:00","BZN|BG","4525.56","4620.00"
"11/03/2025 07:00 - 11/03/2025 08:00","BZN|BG","4585.64","4700.00"
"11/03/2025 08:00 - 11/03/2025 09:00","BZN|BG","4433.51","4572.00"
"11/03/2025 09:00 - 11/03/2025 10:00","BZN|BG","4278.43","4367.00"
"11/03/2025 10:00 - 11/03/2025 11:00","BZN|BG","4120.87","4109.00"
"11/03/2025 11:00 - 11/03/2025 12:00","BZN|BG","3979.83","3950.00"
"11/03/2025 12:00 - 11/03/2025 13:00","BZN|BG","3964.91","3854.00"
"11/03/2025 13:00 - 11/03/2025 14:00","BZN|BG","3925.04","3792.00"
"11/03/2025 14:00 - 11/03/2025 15:00","BZN|BG","3976.33","3778.00"
"11/03/2025 15:00 - 11/03/2025 16:00","BZN|BG","4081.04","3893.00"
"11/03/2025 16:00 - 11/03/2025 17:00","BZN|BG","4237.69","4155.00"
"11/03/2025 17:00 - 11/03/2025 18:00","BZN|BG","4754.40","4783.00"
"11/03/2025 18:00 - 11/03/2025 19:00","BZN|BG","4986.17","5075.00"
"11/03/2025 19:00 - 11/03/2025 20:00","BZN|BG","4784.48","4922.00"
"11/03/2025 20:00 - 11/03/2025 21:00","BZN|BG","4504.82","4684.00"
"11/03/2025 21:00 - 11/03/2025 22:00","BZN|BG","4243.71","4489.00"
"11/03/2025 22:00 - 11/03/2025 23:00","BZN|BG","3959.86","4217.00"
"11/03/2025 23:00 - 12/03/2025 00:00","BZN|BG","3623.52","3718.00"
"12/03/2025 00:00 - 12/03/2025 01:00","BZN|BG","3399.27","3464.00"
"12/03/2025 01:00 - 12/03/2025 02:00","BZN|BG","3353.28","3372.00"
"12/03/2025 02:00 - 12/03/2025 03:00","BZN|BG","3324.04","3392.00"
"12/03/2025 03:00 - 12/03/2025 04:00","BZN|BG","3341.90","3448.00"
"12/03/2025 04:00 - 12/03/2025 05:00","BZN|BG","3480.11","3569.00"
"12/03/2025 05:00 - 12/03/2025 06:00","BZN|BG","3890.02","3955.00"
"12/03/2025 06:00 - 12/03/2025 07:00","BZN|BG","4267.37","4259.00"
"12/03/2025 07:00 - 12/03/2025 08:00","BZN|BG","4423.93","4301.00"
"12/03/2025 08:00 - 12/03/2025 09:00","BZN|BG","4424.78","4264.00"
"12/03/2025 09:00 - 12/03/2025 10:00","BZN|BG","4298.73","4196.00"
"12/03/2025 10:00 - 12/03/2025 11:00","BZN|BG","4191.04","4150.00"
"12/03/2025 11:00 - 12/03/2025 12:00","BZN|BG","4127.80","4112.00"
"12/03/2025 12:00 - 12/03/2025 13:00","BZN|BG","4095.25","4090.00"
"12/03/2025 13:00 - 12/03/2025 14:00","BZN|BG","4057.29","4071.00"
"12/03/2025 14:00 - 12/03/2025 15:00","BZN|BG","4110.23","4069.00"
"12/03/2025 15:00 - 12/03/2025 16:00","BZN|BG","4183.24","4113.00"
"12/03/2025 16:00 - 12/03/2025 17:00","BZN|BG","4301.40","4229.00"
"12/03/2025 17:00 - 12/03/2025 18:00","BZN|BG","4698.92","4525.00"
"12/03/2025 18:00 - 12/03/2025 19:00","BZN|BG","4895.67","4695.00"
"12/03/2025 19:00 - 12/03/2025 20:00","BZN|BG","4699.78","4556.00"
"12/03/2025 20:00 - 12/03/2025 21:00","BZN|BG","4433.44","4337.00"
"12/03/2025 21:00 - 12/03/2025 22:00","BZN|BG","4209.57","4145.00"
"12/03/2025 22:00 - 12/03/2025 23:00","BZN|BG","3864.86","3877.00"
"12/03/2025 23:00 - 13/03/2025 00:00","BZN|BG","3535.26","3631.00"
"13/03/2025 00:00 - 13/03/2025 01:00","BZN|BG","3326.97","3408.00"
"13/03/2025 01:00 - 13/03/2025 02:00","BZN|BG","3255.41","3332.00"
"13/03/2025 02:00 - 13/03/2025 03:00","BZN|BG","3243.39","3348.00"
"13/03/2025 03:00 - 13/03/2025 04:00","BZN|BG","3281.81","3406.00"
"13/03/2025 04:00 - 13/03/2025 05:00","BZN|BG","3409.98","3538.00"
"13/03/2025 05:00 - 13/03/2025 06:00","BZN|BG","3797.45","3963.00"
"13/03/2025 06:00 - 13/03/2025 07:00","BZN|BG","4181.69","4295.00"
"13/03/2025 07:00 - 13/03/2025 08:00","BZN|BG","4420.72","4343.00"
"13/03/2025 08:00 - 13/03/2025 09:00","BZN|BG","4319.15","4268.00"
"13/03/2025 09:00 - 13/03/2025 10:00","BZN|BG","4161.44","4145.00"
"13/03/2025 10:00 - 13/03/2025 11:00","BZN|BG","4092.56","4055.00"
"13/03/2025 11:00 - 13/03/2025 12:00","BZN|BG","3996.32","3981.00"
"13/03/2025 12:00 - 13/03/2025 13:00","BZN|BG","3976.57","3945.00"
"13/03/2025 13:00 - 13/03/2025 14:00","BZN|BG","3917.44","3911.00"
"13/03/2025 14:00 - 13/03/2025 15:00","BZN|BG","3921.56","3913.00"
"13/03/2025 15:00 - 13/03/2025 16:00","BZN|BG","4034.31","3975.00"
"13/03/2025 16:00 - 13/03/2025 17:00","BZN|BG","4126.38","4122.00"
"13/03/2025 17:00 - 13/03/2025 18:00","BZN|BG","4519.66","4515.00"
"13/03/2025 18:00 - 13/03/2025 19:00","BZN|BG","4737.21","4732.00"
"13/03/2025 19:00 - 13/03/2025 20:00","BZN|BG","4555.46","4558.00"
"13/03/2025 20:00 - 13/03/2025 21:00","BZN|BG","4291.48","4293.00"
"13/03/2025 21:00 - 13/03/2025 22:00","BZN|BG","4040.81","4059.00"
"13/03/2025 22:00 - 13/03/2025 23:00","BZN|BG","3742.38","3747.00"
"13/03/2025 23:00 - 14/03/2025 00:00","BZN|BG","3448.38","3320.00"
"14/03/2025 00:00 - 14/03/2025 01:00","BZN|BG","3251.03","3041.00"
"14/03/2025 01:00 - 14/03/2025 02:00","BZN|BG","3135.58","2951.00"
"14/03/2025 02:00 - 14/03/2025 03:00","BZN|BG","3172.51","2965.00"
"14/03/2025 03:00 - 14/03/2025 04:00","BZN|BG","3224.62","3037.00"
"14/03/2025 04:00 - 14/03/2025 05:00","BZN|BG","3396.61","3220.00"
"14/03/2025 05:00 - 14/03/2025 06:00","BZN|BG","3766.40","3805.00"
"14/03/2025 06:00 - 14/03/2025 07:00","BZN|BG","4065.19","4273.00"
"14/03/2025 07:00 - 14/03/2025 08:00","BZN|BG","4188.89","4361.00"
"14/03/2025 08:00 - 14/03/2025 09:00","BZN|BG","4166.90","4297.00"
"14/03/2025 09:00 - 14/03/2025 10:00","BZN|BG","3980.17","4032.00"
"14/03/2025 10:00 - 14/03/2025 11:00","BZN|BG","3892.92","3947.00"
"14/03/2025 11:00 - 14/03/2025 12:00","BZN|BG","3825.68","3878.00"
"14/03/2025 12:00 - 14/03/2025 13:00","BZN|BG","3745.28","3844.00"
"14/03/2025 13:00 - 14/03/2025 14:00","BZN|BG","3717.90","3920.00"
"14/03/2025 14:00 - 14/03/2025 15:00","BZN|BG","3786.68","3970.00"
"14/03/2025 15:00 - 14/03/2025 16:00","BZN|BG","3844.25","4028.00"
"14/03/2025 16:00 - 14/03/2025 17:00","BZN|BG","3943.18","4160.00"
"14/03/2025 17:00 - 14/03/2025 18:00","BZN|BG","4266.98","4522.00"
"14/03/2025 18:00 - 14/03/2025 19:00","BZN|BG","4519.07","4719.00"
"14/03/2025 19:00 - 14/03/2025 20:00","BZN|BG","4312.71","4550.00"
"14/03/2025 20:00 - 14/03/2025 21:00","BZN|BG","4062.02","4298.00"
"14/03/2025 21:00 - 14/03/2025 22:00","BZN|BG","3927.58","4077.00"
"14/03/2025 22:00 - 14/03/2025 23:00","BZN|BG","3670.60","3775.00"
"14/03/2025 23:00 - 15/03/2025 00:00","BZN|BG","3381.70","3272.00"
"15/03/2025 00:00 - 15/03/2025 01:00","BZN|BG","3171.35","3034.00"
"15/03/2025 01:00 - 15/03/2025 02:00","BZN|BG","3054.15","2893.00"
"15/03/2025 02:00 - 15/03/2025 03:00","BZN|BG","3000.98","2883.00"
"15/03/2025 03:00 - 15/03/2025 04:00","BZN|BG","3010.11","2916.00"
"15/03/2025 04:00 - 15/03/2025 05:00","BZN|BG","3056.77","2969.00"
"15/03/2025 05:00 - 15/03/2025 06:00","BZN|BG","3206.54","3162.00"
"15/03/2025 06:00 - 15/03/2025 07:00","BZN|BG","3476.25","3462.00"
"15/03/2025 07:00 - 15/03/2025 08:00","BZN|BG","3780.55","3601.00"
"15/03/2025 08:00 - 15/03/2025 09:00","BZN|BG","3921.59","3569.00"
"15/03/2025 09:00 - 15/03/2025 10:00","BZN|BG","3873.19","3457.00"
"15/03/2025 10:00 - 15/03/2025 11:00","BZN|BG","3776.80","3328.00"
"15/03/2025 11:00 - 15/03/2025 12:00","BZN|BG","3701.72","3281.00"
"15/03/2025 12:00 - 15/03/2025 13:00","BZN|BG","3623.92","3189.00"
"15/03/2025 13:00 - 15/03/2025 14:00","BZN|BG","3533.35","3138.00"
"15/03/2025 14:00 - 15/03/2025 15:00","BZN|BG","3518.81","3148.00"
"15/03/2025 15:00 - 15/03/2025 16:00","BZN|BG","3520.02","3287.00"
"15/03/2025 16:00 - 15/03/2025 17:00","BZN|BG","3705.95","3599.00"
"15/03/2025 17:00 - 15/03/2025 18:00","BZN|BG","4013.46","4069.00"
"15/03/2025 18:00 - 15/03/2025 19:00","BZN|BG","4188.94","4184.00"
"15/03/2025 19:00 - 15/03/2025 20:00","BZN|BG","3983.88","3883.00"
"15/03/2025 20:00 - 15/03/2025 21:00","BZN|BG","3729.41","3644.00"
"15/03/2025 21:00 - 15/03/2025 22:00","BZN|BG","3648.78","3562.00"
"15/03/2025 22:00 - 15/03/2025 23:00","BZN|BG","3417.10","3338.00"
"15/03/2025 23:00 - 16/03/2025 00:00","BZN|BG","3163.25","3185.00"
"16/03/2025 00:00 - 16/03/2025 01:00","BZN|BG","3007.66","2985.00"
"16/03/2025 01:00 - 16/03/2025 02:00","BZN|BG","2897.31","2859.00"
"16/03/2025 02:00 - 16/03/2025 03:00","BZN|BG","2844.90","2822.00"
"16/03/2025 03:00 - 16/03/2025 04:00","BZN|BG","2858.68","2867.00"
"16/03/2025 04:00 - 16/03/2025 05:00","BZN|BG","2899.76","2960.00"
"16/03/2025 05:00 - 16/03/2025 06:00","BZN|BG","2978.15","3168.00"
"16/03/2025 06:00 - 16/03/2025 07:00","BZN|BG","3218.84","3531.00"
"16/03/2025 07:00 - 16/03/2025 08:00","BZN|BG","3499.85","3804.00"
"16/03/2025 08:00 - 16/03/2025 09:00","BZN|BG","3726.24","3904.00"
"16/03/2025 09:00 - 16/03/2025 10:00","BZN|BG","3782.23","3825.00"
"16/03/2025 10:00 - 16/03/2025 11:00","BZN|BG","3755.96","3686.00"
"16/03/2025 11:00 - 16/03/2025 12:00","BZN|BG","3687.96","3571.00"
"16/03/2025 12:00 - 16/03/2025 13:00","BZN|BG","3644.84","3491.00"
"16/03/2025 13:00 - 16/03/2025 14:00","BZN|BG","3611.18","3442.00"
"16/03/2025 14:00 - 16/03/2025 15:00","BZN|BG","3635.04","3447.00"
"16/03/2025 15:00 - 16/03/2025 16:00","BZN|BG","3783.37","3533.00"
"16/03/2025 16:00 - 16/03/2025 17:00","BZN|BG","4029.00","3757.00"
"16/03/2025 17:00 - 16/03/2025 18:00","BZN|BG","4271.36","4137.00"
"16/03/2025 18:00 - 16/03/2025 19:00","BZN|BG","4467.32","4385.00"
"16/03/2025 19:00 - 16/03/2025 20:00","BZN|BG","4294.42","4283.00"
"16/03/2025 20:00 - 16/03/2025 21:00","BZN|BG","4041.01","4097.00"
"16/03/2025 21:00 - 16/03/2025 22:00","BZN|BG","3897.50","3961.00"
"16/03/2025 22:00 - 16/03/2025 23:00","BZN|BG","3593.42","3751.00"
"16/03/2025 23:00 - 17/03/2025 00:00","BZN|BG","3314.04","3465.00"
"17/03/2025 00:00 - 17/03/2025 01:00","BZN|BG","3102.18","3249.00"
"17/03/2025 01:00 - 17/03/2025 02:00","BZN|BG","3015.20","3155.00"
"17/03/2025 02:00 - 17/03/2025 03:00","BZN|BG","3045.38","3209.00"
"17/03/2025 03:00 - 17/03/2025 04:00","BZN|BG","3100.63","3299.00"
"17/03/2025 04:00 - 17/03/2025 05:00","BZN|BG","3240.28","3547.00"
"17/03/2025 05:00 - 17/03/2025 06:00","BZN|BG","3632.76","4260.00"
"17/03/2025 06:00 - 17/03/2025 07:00","BZN|BG","3999.54","4673.00"
"17/03/2025 07:00 - 17/03/2025 08:00","BZN|BG","4158.96","4694.00"
"17/03/2025 08:00 - 17/03/2025 09:00","BZN|BG","4184.81","4608.00"
"17/03/2025 09:00 - 17/03/2025 10:00","BZN|BG","4099.25","4504.00"
"17/03/2025 10:00 - 17/03/2025 11:00","BZN|BG","4171.49","4440.00"
"17/03/2025 11:00 - 17/03/2025 12:00","BZN|BG","4200.34","4346.00"
"17/03/2025 12:00 - 17/03/2025 13:00","BZN|BG","4269.11","4322.00"
"17/03/2025 13:00 - 17/03/2025 14:00","BZN|BG","4298.27","4314.00"
"17/03/2025 14:00 - 17/03/2025 15:00","BZN|BG","4362.21","4338.00"
"17/03/2025 15:00 - 17/03/2025 16:00","BZN|BG","4430.93","4412.00"
"17/03/2025 16:00 - 17/03/2025 17:00","BZN|BG","4577.22","4538.00"
"17/03/2025 17:00 - 17/03/2025 18:00","BZN|BG","4872.70","4918.00"
"17/03/2025 18:00 - 17/03/2025 19:00","BZN|BG","5027.48","5130.00"
"17/03/2025 19:00 - 17/03/2025 20:00","BZN|BG","4846.40","4973.00"
"17/03/2025 20:00 - 17/03/2025 21:00","BZN|BG","4577.02","4706.00"
"17/03/2025 21:00 - 17/03/2025 22:00","BZN|BG","4347.51","4488.00"
"17/03/2025 22:00 - 17/03/2025 23:00","BZN|BG","4060.58","4224.00"
"17/03/2025 23:00 - 18/03/2025 00:00","BZN|BG","3786.17","3712.00"
"18/03/2025 00:00 - 18/03/2025 01:00","BZN|BG","3604.51","3476.00"
"18/03/2025 01:00 - 18/03/2025 02:00","BZN|BG","3553.27","3401.00"
"18/03/2025 02:00 - 18/03/2025 03:00","BZN|BG","3591.77","3397.00"
"18/03/2025 03:00 - 18/03/2025 04:00","BZN|BG","3656.56","3451.00"
"18/03/2025 04:00 - 18/03/2025 05:00","BZN|BG","3783.11","3618.00"
"18/03/2025 05:00 - 18/03/2025 06:00","BZN|BG","4267.22","4103.00"
"18/03/2025 06:00 - 18/03/2025 07:00","BZN|BG","4758.19","4504.00"
"18/03/2025 07:00 - 18/03/2025 08:00","BZN|BG","5197.70","4636.00"
"18/03/2025 08:00 - 18/03/2025 09:00","BZN|BG","5425.32","4613.00"
"18/03/2025 09:00 - 18/03/2025 10:00","BZN|BG","5425.98","4566.00"
"18/03/2025 10:00 - 18/03/2025 11:00","BZN|BG","5402.28","4533.00"
"18/03/2025 11:00 - 18/03/2025 12:00","BZN|BG","5301.17","4508.00"
"18/03/2025 12:00 - 18/03/2025 13:00","BZN|BG","5282.54","4498.00"
"18/03/2025 13:00 - 18/03/2025 14:00","BZN|BG","5167.32","4487.00"
"18/03/2025 14:00 - 18/03/2025 15:00","BZN|BG","5105.62","4515.00"
"18/03/2025 15:00 - 18/03/2025 16:00","BZN|BG","5084.68","4605.00"
"18/03/2025 16:00 - 18/03/2025 17:00","BZN|BG","5188.34","4740.00"
"18/03/2025 17:00 - 18/03/2025 18:00","BZN|BG","5564.71","5157.00"
"18/03/2025 18:00 - 18/03/2025 19:00","BZN|BG","5770.35","5390.00"
"18/03/2025 19:00 - 18/03/2025 20:00","BZN|BG","5565.29","5201.00"
"18/03/2025 20:00 - 18/03/2025 21:00","BZN|BG","5273.66","4941.00"
"18/03/2025 21:00 - 18/03/2025 22:00","BZN|BG","5076.46","4730.00"
"18/03/2025 22:00 - 18/03/2025 23:00","BZN|BG","4654.62","4443.00"
"18/03/2025 23:00 - 19/03/2025 00:00","BZN|BG","4373.59","4224.00"
"19/03/2025 00:00 - 19/03/2025 01:00","BZN|BG","4171.61","3931.00"
"19/03/2025 01:00 - 19/03/2025 02:00","BZN|BG","4051.83","3829.00"
"19/03/2025 02:00 - 19/03/2025 03:00","BZN|BG","4111.31","3825.00"
"19/03/2025 03:00 - 19/03/2025 04:00","BZN|BG","4182.63","3883.00"
"19/03/2025 04:00 - 19/03/2025 05:00","BZN|BG","4345.72","4095.00"
"19/03/2025 05:00 - 19/03/2025 06:00","BZN|BG","4826.32","4700.00"
"19/03/2025 06:00 - 19/03/2025 07:00","BZN|BG","5082.80","5222.00"
"19/03/2025 07:00 - 19/03/2025 08:00","BZN|BG","5084.99","5437.00"
"19/03/2025 08:00 - 19/03/2025 09:00","BZN|BG","4930.05","5362.00"
"19/03/2025 09:00 - 19/03/2025 10:00","BZN|BG","4807.51","5190.00"
"19/03/2025 10:00 - 19/03/2025 11:00","BZN|BG","4667.66","5074.00"
"19/03/2025 11:00 - 19/03/2025 12:00","BZN|BG","4535.09","4973.00"
"19/03/2025 12:00 - 19/03/2025 13:00","BZN|BG","4505.74","4932.00"
"19/03/2025 13:00 - 19/03/2025 14:00","BZN|BG","4421.24","4887.00"
"19/03/2025 14:00 - 19/03/2025 15:00","BZN|BG","4432.83","4926.00"
"19/03/2025 15:00 - 19/03/2025 16:00","BZN|BG","4463.77","5001.00"
"19/03/2025 16:00 - 19/03/2025 17:00","BZN|BG","4664.19","5102.00"
"19/03/2025 17:00 - 19/03/2025 18:00","BZN|BG","5201.05","5456.00"
"19/03/2025 18:00 - 19/03/2025 19:00","BZN|BG","5587.84","5651.00"
"19/03/2025 19:00 - 19/03/2025 20:00","BZN|BG","5457.20","5420.00"
"19/03/2025 20:00 - 19/03/2025 21:00","BZN|BG","5183.93","5108.00"
"19/03/2025 21:00 - 19/03/2025 22:00","BZN|BG","4941.01","4852.00"
"19/03/2025 22:00 - 19/03/2025 23:00","BZN|BG","4646.86","4504.00"
"19/03/2025 23:00 - 20/03/2025 00:00","BZN|BG","4296.07","4187.00"
"20/03/2025 00:00 - 20/03/2025 01:00","BZN|BG","4107.30","3945.00"
"20/03/2025 01:00 - 20/03/2025 02:00","BZN|BG","3997.97","3864.00"
"20/03/2025 02:00 - 20/03/2025 03:00","BZN|BG","4059.32","3868.00"
"20/03/2025 03:00 - 20/03/2025 04:00","BZN|BG","4134.32","3903.00"
"20/03/2025 04:00 - 20/03/2025 05:00","BZN|BG","4281.98","4013.00"
"20/03/2025 05:00 - 20/03/2025 06:00","BZN|BG","4732.04","4347.00"
"20/03/2025 06:00 - 20/03/2025 07:00","BZN|BG","5042.49","4646.00"
"20/03/2025 07:00 - 20/03/2025 08:00","BZN|BG","5003.87","4807.00"
"20/03/2025 08:00 - 20/03/2025 09:00","BZN|BG","4862.29","4792.00"
"20/03/2025 09:00 - 20/03/2025 10:00","BZN|BG","4640.37","4594.00"
"20/03/2025 10:00 - 20/03/2025 11:00","BZN|BG","4494.31","4453.00"
"20/03/2025 11:00 - 20/03/2025 12:00","BZN|BG","4405.01","4304.00"
"20/03/2025 12:00 - 20/03/2025 13:00","BZN|BG","4358.76","4251.00"
"20/03/2025 13:00 - 20/03/2025 14:00","BZN|BG","4290.09","4162.00"
"20/03/2025 14:00 - 20/03/2025 15:00","BZN|BG","4265.84","4195.00"
"20/03/2025 15:00 - 20/03/2025 16:00","BZN|BG","4298.46","4289.00"
"20/03/2025 16:00 - 20/03/2025 17:00","BZN|BG","4513.97","4452.00"
"20/03/2025 17:00 - 20/03/2025 18:00","BZN|BG","5022.29","5029.00"
"20/03/2025 18:00 - 20/03/2025 19:00","BZN|BG","5484.47","5346.00"
"20/03/2025 19:00 - 20/03/2025 20:00","BZN|BG","5378.89","5151.00"
"20/03/2025 20:00 - 20/03/2025 21:00","BZN|BG","5136.30","4885.00"
"20/03/2025 21:00 - 20/03/2025 22:00","BZN|BG","4896.89","4676.00"
"20/03/2025 22:00 - 20/03/2025 23:00","BZN|BG","4545.75","4360.00"
"20/03/2025 23:00 - 21/03/2025 00:00","BZN|BG","4241.28","4217.00"
"21/03/2025 00:00 - 21/03/2025 01:00","BZN|BG","4039.04","3991.00"
"21/03/2025 01:00 - 21/03/2025 02:00","BZN|BG","3950.69","3905.00"
"21/03/2025 02:00 - 21/03/2025 03:00","BZN|BG","3985.71","3918.00"
"21/03/2025 03:00 - 21/03/2025 04:00","BZN|BG","4061.53","3960.00"
"21/03/2025 04:00 - 21/03/2025 05:00","BZN|BG","4201.88","4083.00"
"21/03/2025 05:00 - 21/03/2025 06:00","BZN|BG","4631.96","4455.00"
"21/03/2025 06:00 - 21/03/2025 07:00","BZN|BG","4933.67","4763.00"
"21/03/2025 07:00 - 21/03/2025 08:00","BZN|BG","4874.44","4910.00"
"21/03/2025 08:00 - 21/03/2025 09:00","BZN|BG","4699.30","4836.00"
"21/03/2025 09:00 - 21/03/2025 10:00","BZN|BG","4462.51","4561.00"
"21/03/2025 10:00 - 21/03/2025 11:00","BZN|BG","4307.53","4347.00"
"21/03/2025 11:00 - 21/03/2025 12:00","BZN|BG","4185.54","4126.00"
"21/03/2025 12:00 - 21/03/2025 13:00","BZN|BG","4136.73","4054.00"
"21/03/2025 13:00 - 21/03/2025 14:00","BZN|BG","4064.40","3921.00"
"21/03/2025 14:00 - 21/03/2025 15:00","BZN|BG","4050.18","3952.00"
"21/03/2025 15:00 - 21/03/2025 16:00","BZN|BG","4093.24","4039.00"
"21/03/2025 16:00 - 21/03/2025 17:00","BZN|BG","4262.04","4226.00"
"21/03/2025 17:00 - 21/03/2025 18:00","BZN|BG","4833.62","4845.00"
"21/03/2025 18:00 - 21/03/2025 19:00","BZN|BG","5266.81","5207.00"
"21/03/2025 19:00 - 21/03/2025 20:00","BZN|BG","5107.48","5052.00"
"21/03/2025 20:00 - 21/03/2025 21:00","BZN|BG","4860.00","4827.00"
"21/03/2025 21:00 - 21/03/2025 22:00","BZN|BG","4642.79","4646.00"
"21/03/2025 22:00 - 21/03/2025 23:00","BZN|BG","4406.01","4383.00"
"21/03/2025 23:00 - 22/03/2025 00:00","BZN|BG","4100.42","4049.00"
"22/03/2025 00:00 - 22/03/2025 01:00","BZN|BG","3896.54","3868.00"
"22/03/2025 01:00 - 22/03/2025 02:00","BZN|BG","3786.97","3767.00"
"22/03/2025 02:00 - 22/03/2025 03:00","BZN|BG","3752.63","3721.00"
"22/03/2025 03:00 - 22/03/2025 04:00","BZN|BG","3781.52","3727.00"
"22/03/2025 04:00 - 22/03/2025 05:00","BZN|BG","3851.52","3759.00"
"22/03/2025 05:00 - 22/03/2025 06:00","BZN|BG","4029.21","3863.00"
"22/03/2025 06:00 - 22/03/2025 07:00","BZN|BG","4272.23","4050.00"
"22/03/2025 07:00 - 22/03/2025 08:00","BZN|BG","4437.03","4261.00"
"22/03/2025 08:00 - 22/03/2025 09:00","BZN|BG","4434.69","4359.00"
"22/03/2025 09:00 - 22/03/2025 10:00","BZN|BG","4269.51","4302.00"
"22/03/2025 10:00 - 22/03/2025 11:00","BZN|BG","4089.22","4188.00"
"22/03/2025 11:00 - 22/03/2025 12:00","BZN|BG","4046.58","4100.00"
"22/03/2025 12:00 - 22/03/2025 13:00","BZN|BG","3923.19","4008.00"
"22/03/2025 13:00 - 22/03/2025 14:00","BZN|BG","3852.36","3901.00"
"22/03/2025 14:00 - 22/03/2025 15:00","BZN|BG","3845.92","3884.00"
"22/03/2025 15:00 - 22/03/2025 16:00","BZN|BG","3955.89","3886.00"
"22/03/2025 16:00 - 22/03/2025 17:00","BZN|BG","4238.15","4140.00"
"22/03/2025 17:00 - 22/03/2025 18:00","BZN|BG","4672.07","4559.00"
"22/03/2025 18:00 - 22/03/2025 19:00","BZN|BG","4924.36","4798.00"
"22/03/2025 19:00 - 22/03/2025 20:00","BZN|BG","4739.56","4600.00"
"22/03/2025 20:00 - 22/03/2025 21:00","BZN|BG","4480.39","4355.00"
"22/03/2025 21:00 - 22/03/2025 22:00","BZN|BG","4320.98","4277.00"
"22/03/2025 22:00 - 22/03/2025 23:00","BZN|BG","4100.70","4053.00"
"22/03/2025 23:00 - 23/03/2025 00:00","BZN|BG","3827.73","3851.00"
"23/03/2025 00:00 - 23/03/2025 01:00","BZN|BG","3616.10","3697.00"
"23/03/2025 01:00 - 23/03/2025 02:00","BZN|BG","3491.93","3587.00"
"23/03/2025 02:00 - 23/03/2025 03:00","BZN|BG","3433.26","3535.00"
"23/03/2025 03:00 - 23/03/2025 04:00","BZN|BG","3421.63","3543.00"
"23/03/2025 04:00 - 23/03/2025 05:00","BZN|BG","3474.93","3566.00"
"23/03/2025 05:00 - 23/03/2025 06:00","BZN|BG","3590.91","3691.00"
"23/03/2025 06:00 - 23/03/2025 07:00","BZN|BG","3835.26","3828.00"
"23/03/2025 07:00 - 23/03/2025 08:00","BZN|BG","4090.33","3988.00"
"23/03/2025 08:00 - 23/03/2025 09:00","BZN|BG","4266.82","4149.00"
"23/03/2025 09:00 - 23/03/2025 10:00","BZN|BG","4292.61","4077.00"
"23/03/2025 10:00 - 23/03/2025 11:00","BZN|BG","4242.64","3846.00"
"23/03/2025 11:00 - 23/03/2025 12:00","BZN|BG","4291.55","3707.00"
"23/03/2025 12:00 - 23/03/2025 13:00","BZN|BG","4355.66","3627.00"
"23/03/2025 13:00 - 23/03/2025 14:00","BZN|BG","4437.45","3599.00"
"23/03/2025 14:00 - 23/03/2025 15:00","BZN|BG","4442.73","3636.00"
"23/03/2025 15:00 - 23/03/2025 16:00","BZN|BG","4554.36","3867.00"
"23/03/2025 16:00 - 23/03/2025 17:00","BZN|BG","4725.41","4249.00"
"23/03/2025 17:00 - 23/03/2025 18:00","BZN|BG","5017.72","4626.00"
"23/03/2025 18:00 - 23/03/2025 19:00","BZN|BG","5175.20","4931.00"
"23/03/2025 19:00 - 23/03/2025 20:00","BZN|BG","4970.13","4779.00"
"23/03/2025 20:00 - 23/03/2025 21:00","BZN|BG","4669.84","4557.00"
"23/03/2025 21:00 - 23/03/2025 22:00","BZN|BG","4433.27","4431.00"
"23/03/2025 22:00 - 23/03/2025 23:00","BZN|BG","4093.79","4164.00"
"23/03/2025 23:00 - 24/03/2025 00:00","BZN|BG","3762.55","3776.00"
"24/03/2025 00:00 - 24/03/2025 01:00","BZN|BG","3487.14","3474.00"
"24/03/2025 01:00 - 24/03/2025 02:00","BZN|BG","3382.77","3350.00"
"24/03/2025 02:00 - 24/03/2025 03:00","BZN|BG","3394.75","3379.00"
"24/03/2025 03:00 - 24/03/2025 04:00","BZN|BG","3440.58","3433.00"
"24/03/2025 04:00 - 24/03/2025 05:00","BZN|BG","3587.47","3567.00"
"24/03/2025 05:00 - 24/03/2025 06:00","BZN|BG","4028.95","3944.00"
"24/03/2025 06:00 - 24/03/2025 07:00","BZN|BG","4421.65","4297.00"
"24/03/2025 07:00 - 24/03/2025 08:00","BZN|BG","4611.03","4451.00"
"24/03/2025 08:00 - 24/03/2025 09:00","BZN|BG","4668.16","4557.00"
"24/03/2025 09:00 - 24/03/2025 10:00","BZN|BG","4607.06","4393.00"
"24/03/2025 10:00 - 24/03/2025 11:00","BZN|BG","4601.70","4313.00"
"24/03/2025 11:00 - 24/03/2025 12:00","BZN|BG","4588.59","4240.00"
"24/03/2025 12:00 - 24/03/2025 13:00","BZN|BG","4541.20","4180.00"
"24/03/2025 13:00 - 24/03/2025 14:00","BZN|BG","4437.72","4127.00"
"24/03/2025 14:00 - 24/03/2025 15:00","BZN|BG","4535.92","4187.00"
"24/03/2025 15:00 - 24/03/2025 16:00","BZN|BG","4479.15","4261.00"
"24/03/2025 16:00 - 24/03/2025 17:00","BZN|BG","4537.77","4420.00"
"24/03/2025 17:00 - 24/03/2025 18:00","BZN|BG","4822.06","4740.00"
"24/03/2025 18:00 - 24/03/2025 19:00","BZN|BG","5026.74","4908.00"
"24/03/2025 19:00 - 24/03/2025 20:00","BZN|BG","4816.18","4750.00"
"24/03/2025 20:00 - 24/03/2025 21:00","BZN|BG","4531.43","4514.00"
"24/03/2025 21:00 - 24/03/2025 22:00","BZN|BG","4264.51","4314.00"
"24/03/2025 22:00 - 24/03/2025 23:00","BZN|BG","3958.55","4063.00"
"24/03/2025 23:00 - 25/03/2025 00:00","BZN|BG","3627.98","3623.00"
"25/03/2025 00:00 - 25/03/2025 01:00","BZN|BG","3418.90","3363.00"
"25/03/2025 01:00 - 25/03/2025 02:00","BZN|BG","3340.15","3234.00"
"25/03/2025 02:00 - 25/03/2025 03:00","BZN|BG","3361.49","3281.00"
"25/03/2025 03:00 - 25/03/2025 04:00","BZN|BG","3377.69","3350.00"
"25/03/2025 04:00 - 25/03/2025 05:00","BZN|BG","3529.87","3503.00"
"25/03/2025 05:00 - 25/03/2025 06:00","BZN|BG","3950.29","3954.00"
"25/03/2025 06:00 - 25/03/2025 07:00","BZN|BG","4283.99","4292.00"
"25/03/2025 07:00 - 25/03/2025 08:00","BZN|BG","4421.57","4387.00"
"25/03/2025 08:00 - 25/03/2025 09:00","BZN|BG","4404.94","4368.00"
"25/03/2025 09:00 - 25/03/2025 10:00","BZN|BG","4193.20","4314.00"
"25/03/2025 10:00 - 25/03/2025 11:00","BZN|BG","4155.24","4274.00"
"25/03/2025 11:00 - 25/03/2025 12:00","BZN|BG","4077.76","4238.00"
"25/03/2025 12:00 - 25/03/2025 13:00","BZN|BG","4016.93","4222.00"
"25/03/2025 13:00 - 25/03/2025 14:00","BZN|BG","4031.39","4196.00"
"25/03/2025 14:00 - 25/03/2025 15:00","BZN|BG","4053.74","4195.00"
"25/03/2025 15:00 - 25/03/2025 16:00","BZN|BG","4124.16","4212.00"
"25/03/2025 16:00 - 25/03/2025 17:00","BZN|BG","4218.89","4311.00"
"25/03/2025 17:00 - 25/03/2025 18:00","BZN|BG","4585.19","4601.00"
"25/03/2025 18:00 - 25/03/2025 19:00","BZN|BG","4837.81","4818.00"
"25/03/2025 19:00 - 25/03/2025 20:00","BZN|BG","4673.35","4649.00"
"25/03/2025 20:00 - 25/03/2025 21:00","BZN|BG","4381.88","4374.00"
"25/03/2025 21:00 - 25/03/2025 22:00","BZN|BG","4165.45","4157.00"
"25/03/2025 22:00 - 25/03/2025 23:00","BZN|BG","3864.19","3829.00"
"25/03/2025 23:00 - 26/03/2025 00:00","BZN|BG","3526.21","3532.00"
"26/03/2025 00:00 - 26/03/2025 01:00","BZN|BG","3338.85","3368.00"
"26/03/2025 01:00 - 26/03/2025 02:00","BZN|BG","3267.59","3289.00"
"26/03/2025 02:00 - 26/03/2025 03:00","BZN|BG","3259.87","3343.00"
"26/03/2025 03:00 - 26/03/2025 04:00","BZN|BG","3293.92","3421.00"
"26/03/2025 04:00 - 26/03/2025 05:00","BZN|BG","3418.27","3580.00"
"26/03/2025 05:00 - 26/03/2025 06:00","BZN|BG","3804.60","4085.00"
"26/03/2025 06:00 - 26/03/2025 07:00","BZN|BG","4166.83","4458.00"
"26/03/2025 07:00 - 26/03/2025 08:00","BZN|BG","4353.40","4552.00"
"26/03/2025 08:00 - 26/03/2025 09:00","BZN|BG","4351.75","4536.00"
"26/03/2025 09:00 - 26/03/2025 10:00","BZN|BG","4214.70","4498.00"
"26/03/2025 10:00 - 26/03/2025 11:00","BZN|BG","4143.36","4468.00"
"26/03/2025 11:00 - 26/03/2025 12:00","BZN|BG","4044.17","4439.00"
"26/03/2025 12:00 - 26/03/2025 13:00","BZN|BG","4040.56","4429.00"
"26/03/2025 13:00 - 26/03/2025 14:00","BZN|BG","4047.49","4407.00"
"26/03/2025 14:00 - 26/03/2025 15:00","BZN|BG","4140.49","4401.00"
"26/03/2025 15:00 - 26/03/2025 16:00","BZN|BG","4126.78","4412.00"
"26/03/2025 16:00 - 26/03/2025 17:00","BZN|BG","4255.06","4495.00"
"26/03/2025 17:00 - 26/03/2025 18:00","BZN|BG","4532.05","4734.00"
"26/03/2025 18:00 - 26/03/2025 19:00","BZN|BG","4803.27","4913.00"
"26/03/2025 19:00 - 26/03/2025 20:00","BZN|BG","4621.91","4753.00"
"26/03/2025 20:00 - 26/03/2025 21:00","BZN|BG","4330.24","4471.00"
"26/03/2025 21:00 - 26/03/2025 22:00","BZN|BG","4122.41","4231.00"
"26/03/2025 22:00 - 26/03/2025 23:00","BZN|BG","3811.09","3883.00"
"26/03/2025 23:00 - 27/03/2025 00:00","BZN|BG","3500.03","3527.00"
"27/03/2025 00:00 - 27/03/2025 01:00","BZN|BG","3298.46","3329.00"
"27/03/2025 01:00 - 27/03/2025 02:00","BZN|BG","3220.28","3239.00"
"27/03/2025 02:00 - 27/03/2025 03:00","BZN|BG","3232.88","3287.00"
"27/03/2025 03:00 - 27/03/2025 04:00","BZN|BG","3264.67","3354.00"
"27/03/2025 04:00 - 27/03/2025 05:00","BZN|BG","3387.14","3515.00"
"27/03/2025 05:00 - 27/03/2025 06:00","BZN|BG","3753.02","4014.00"
"27/03/2025 06:00 - 27/03/2025 07:00","BZN|BG","4145.33","4388.00"
"27/03/2025 07:00 - 27/03/2025 08:00","BZN|BG","4314.42","4494.00"
"27/03/2025 08:00 - 27/03/2025 09:00","BZN|BG","4259.52","4462.00"
"27/03/2025 09:00 - 27/03/2025 10:00","BZN|BG","4204.91","4365.00"
"27/03/2025 10:00 - 27/03/2025 11:00","BZN|BG","4149.79","4303.00"
"27/03/2025 11:00 - 27/03/2025 12:00","BZN|BG","4115.91","4238.00"
"27/03/2025 12:00 - 27/03/2025 13:00","BZN|BG","4079.97","4213.00"
"27/03/2025 13:00 - 27/03/2025 14:00","BZN|BG","4022.26","4173.00"
"27/03/2025 14:00 - 27/03/2025 15:00","BZN|BG","4021.32","4165.00"
"27/03/2025 15:00 - 27/03/2025 16:00","BZN|BG","4060.26","4191.00"
"27/03/2025 16:00 - 27/03/2025 17:00","BZN|BG","4216.39","4322.00"
"27/03/2025 17:00 - 27/03/2025 18:00","BZN|BG","4573.62","4715.00"
"27/03/2025 18:00 - 27/03/2025 19:00","BZN|BG","4799.63","5006.00"
"27/03/2025 19:00 - 27/03/2025 20:00","BZN|BG","4619.53","4845.00"
"27/03/2025 20:00 - 27/03/2025 21:00","BZN|BG","4338.81","4561.00"
"27/03/2025 21:00 - 27/03/2025 22:00","BZN|BG","4131.65","4327.00"
"27/03/2025 22:00 - 27/03/2025 23:00","BZN|BG","3822.48","3989.00"
"27/03/2025 23:00 - 28/03/2025 00:00","BZN|BG","3564.51","3528.00"
"28/03/2025 00:00 - 28/03/2025 01:00","BZN|BG","3388.64","3309.00"
"28/03/2025 01:00 - 28/03/2025 02:00","BZN|BG","3316.80","3212.00"
"28/03/2025 02:00 - 28/03/2025 03:00","BZN|BG","3320.18","3253.00"
"28/03/2025 03:00 - 28/03/2025 04:00","BZN|BG","3352.79","3319.00"
"28/03/2025 04:00 - 28/03/2025 05:00","BZN|BG","3472.01","3487.00"
"28/03/2025 05:00 - 28/03/2025 06:00","BZN|BG","3818.64","4009.00"
"28/03/2025 06:00 - 28/03/2025 07:00","BZN|BG","4225.94","4414.00"
"28/03/2025 07:00 - 28/03/2025 08:00","BZN|BG","4566.66","4545.00"
"28/03/2025 08:00 - 28/03/2025 09:00","BZN|BG","4758.35","4503.00"
"28/03/2025 09:00 - 28/03/2025 10:00","BZN|BG","4673.90","4353.00"
"28/03/2025 10:00 - 28/03/2025 11:00","BZN|BG","4659.94","4260.00"
"28/03/2025 11:00 - 28/03/2025 12:00","BZN|BG","4566.38","4160.00"
"28/03/2025 12:00 - 28/03/2025 13:00","BZN|BG","4616.11","4126.00"
"28/03/2025 13:00 - 28/03/2025 14:00","BZN|BG","4557.65","4075.00"
"28/03/2025 14:00 - 28/03/2025 15:00","BZN|BG","4536.21","4078.00"
"28/03/2025 15:00 - 28/03/2025 16:00","BZN|BG","4504.90","4099.00"
"28/03/2025 16:00 - 28/03/2025 17:00","BZN|BG","4563.16","4228.00"
"28/03/2025 17:00 - 28/03/2025 18:00","BZN|BG","4769.29","4601.00"
"28/03/2025 18:00 - 28/03/2025 19:00","BZN|BG","4943.78","4886.00"
"28/03/2025 19:00 - 28/03/2025 20:00","BZN|BG","4744.14","4731.00"
"28/03/2025 20:00 - 28/03/2025 21:00","BZN|BG","4450.26","4464.00"
"28/03/2025 21:00 - 28/03/2025 22:00","BZN|BG","4222.69","4248.00"
"28/03/2025 22:00 - 28/03/2025 23:00","BZN|BG","3929.88","3935.00"
"28/03/2025 23:00 - 29/03/2025 00:00","BZN|BG","3629.15","3567.00"
"29/03/2025 00:00 - 29/03/2025 01:00","BZN|BG","3463.25","3393.00"
"29/03/2025 01:00 - 29/03/2025 02:00","BZN|BG","3350.51","3299.00"
"29/03/2025 02:00 - 29/03/2025 03:00","BZN|BG","3304.61","3270.00"
"29/03/2025 03:00 - 29/03/2025 04:00","BZN|BG","3288.93","3321.00"
"29/03/2025 04:00 - 29/03/2025 05:00","BZN|BG","3343.31","3443.00"
"29/03/2025 05:00 - 29/03/2025 06:00","BZN|BG","3489.03","3755.00"
"29/03/2025 06:00 - 29/03/2025 07:00","BZN|BG","3779.75","4182.00"
"29/03/2025 07:00 - 29/03/2025 08:00","BZN|BG","4038.53","4471.00"
"29/03/2025 08:00 - 29/03/2025 09:00","BZN|BG","4171.68","4470.00"
"29/03/2025 09:00 - 29/03/2025 10:00","BZN|BG","4168.51","4396.00"
"29/03/2025 10:00 - 29/03/2025 11:00","BZN|BG","4092.78","4315.00"
"29/03/2025 11:00 - 29/03/2025 12:00","BZN|BG","3981.22","4296.00"
"29/03/2025 12:00 - 29/03/2025 13:00","BZN|BG","3870.37","4241.00"
"29/03/2025 13:00 - 29/03/2025 14:00","BZN|BG","3840.97","4209.00"
"29/03/2025 14:00 - 29/03/2025 15:00","BZN|BG","3844.59","4206.00"
"29/03/2025 15:00 - 29/03/2025 16:00","BZN|BG","3916.08","4268.00"
"29/03/2025 16:00 - 29/03/2025 17:00","BZN|BG","4092.99","4425.00"
"29/03/2025 17:00 - 29/03/2025 18:00","BZN|BG","4372.83","4666.00"
"29/03/2025 18:00 - 29/03/2025 19:00","BZN|BG","4589.62","4807.00"
"29/03/2025 19:00 - 29/03/2025 20:00","BZN|BG","4415.96","4624.00"
"29/03/2025 20:00 - 29/03/2025 21:00","BZN|BG","4154.33","4367.00"
"29/03/2025 21:00 - 29/03/2025 22:00","BZN|BG","3991.67","4209.00"
"29/03/2025 22:00 - 29/03/2025 23:00","BZN|BG","3805.60","3991.00"
"29/03/2025 23:00 - 30/03/2025 00:00","BZN|BG","3538.12","3555.00"
"30/03/2025 00:00 - 30/03/2025 01:00 (CET)","BZN|BG","3328.75","3395.00"
"30/03/2025 01:00 (CET) - 30/03/2025 03:00 (CEST)","BZN|BG","3200.62","3301.00"
"30/03/2025 03:00 (CEST) - 30/03/2025 04:00","BZN|BG","3162.36","3257.00"
"30/03/2025 04:00 - 30/03/2025 05:00","BZN|BG","3187.36","3248.00"
"30/03/2025 05:00 - 30/03/2025 06:00","BZN|BG","3289.03","3312.00"
"30/03/2025 06:00 - 30/03/2025 07:00","BZN|BG","3439.81","3452.00"
"30/03/2025 07:00 - 30/03/2025 08:00","BZN|BG","3746.97","3745.00"
"30/03/2025 08:00 - 30/03/2025 09:00","BZN|BG","4084.57","4052.00"
"30/03/2025 09:00 - 30/03/2025 10:00","BZN|BG","4248.76","4264.00"
"30/03/2025 10:00 - 30/03/2025 11:00","BZN|BG","4294.45","4295.00"
"30/03/2025 11:00 - 30/03/2025 12:00","BZN|BG","4313.86","4235.00"
"30/03/2025 12:00 - 30/03/2025 13:00","BZN|BG","4235.33","4294.00"
"30/03/2025 13:00 - 30/03/2025 14:00","BZN|BG","4091.84","4371.00"
"30/03/2025 14:00 - 30/03/2025 15:00","BZN|BG","3994.92","4140.00"
"30/03/2025 15:00 - 30/03/2025 16:00","BZN|BG","3946.36","4146.00"
"30/03/2025 16:00 - 30/03/2025 17:00","BZN|BG","4101.47","4271.00"
"30/03/2025 17:00 - 30/03/2025 18:00","BZN|BG","4310.55","4462.00"
"30/03/2025 18:00 - 30/03/2025 19:00","BZN|BG","4522.94","4788.00"
"30/03/2025 19:00 - 30/03/2025 20:00","BZN|BG","4617.54","4964.00"
"30/03/2025 20:00 - 30/03/2025 21:00","BZN|BG","4418.74","4790.00"
"30/03/2025 21:00 - 30/03/2025 22:00","BZN|BG","4174.45","4535.00"
"30/03/2025 22:00 - 30/03/2025 23:00","BZN|BG","3918.73","4334.00"
"30/03/2025 23:00 - 31/03/2025 00:00","BZN|BG","3653.83","3640.00"
"31/03/2025 00:00 - 31/03/2025 01:00","BZN|BG","3391.51","3351.00"
"31/03/2025 01:00 - 31/03/2025 02:00","BZN|BG","3278.82","3242.00"
"31/03/2025 02:00 - 31/03/2025 03:00","BZN|BG","3260.17","3256.00"
"31/03/2025 03:00 - 31/03/2025 04:00","BZN|BG","3270.36","3310.00"
"31/03/2025 04:00 - 31/03/2025 05:00","BZN|BG","3399.31","3482.00"
"31/03/2025 05:00 - 31/03/2025 06:00","BZN|BG","3730.25","4001.00"
"31/03/2025 06:00 - 31/03/2025 07:00","BZN|BG","4103.44","4462.00"
"31/03/2025 07:00 - 31/03/2025 08:00","BZN|BG","4567.08","4685.00"
"31/03/2025 08:00 - 31/03/2025 09:00","BZN|BG","4751.22","4752.00"
"31/03/2025 09:00 - 31/03/2025 10:00","BZN|BG","4749.54","4606.00"
"31/03/2025 10:00 - 31/03/2025 11:00","BZN|BG","4751.15","4594.00"
"31/03/2025 11:00 - 31/03/2025 12:00","BZN|BG","4636.19","4562.00"
"31/03/2025 12:00 - 31/03/2025 13:00","BZN|BG","4594.00","4450.00"
"31/03/2025 13:00 - 31/03/2025 14:00","BZN|BG","4480.15","4203.00"
"31/03/2025 14:00 - 31/03/2025 15:00","BZN|BG","4452.84","4345.00"
"31/03/2025 15:00 - 31/03/2025 16:00","BZN|BG","4428.46","4263.00"
"31/03/2025 16:00 - 31/03/2025 17:00","BZN|BG","4332.88","4348.00"
"31/03/2025 17:00 - 31/03/2025 18:00","BZN|BG","4560.97","4759.00"
"31/03/2025 18:00 - 31/03/2025 19:00","BZN|BG","4786.15","5054.00"
"31/03/2025 19:00 - 31/03/2025 20:00","BZN|BG","4856.57","4881.00"
"31/03/2025 20:00 - 31/03/2025 21:00","BZN|BG","4625.49","4647.00"
"31/03/2025 21:00 - 31/03/2025 22:00","BZN|BG","4402.37","4428.00"
"31/03/2025 22:00 - 31/03/2025 23:00","BZN|BG","4102.57","4177.00"
"31/03/2025 23:00 - 01/04/2025 00:00","BZN|BG","3774.56","3703.00"
"01/04/2025 00:00 - 01/04/2025 01:00","BZN|BG","3526.30","3455.00"
"01/04/2025 01:00 - 01/04/2025 02:00","BZN|BG","3450.45","3348.00"
"01/04/2025 02:00 - 01/04/2025 03:00","BZN|BG","3396.77","3359.00"
"01/04/2025 03:00 - 01/04/2025 04:00","BZN|BG","3381.06","3425.00"
"01/04/2025 04:00 - 01/04/2025 05:00","BZN|BG","3492.11","3574.00"
"01/04/2025 05:00 - 01/04/2025 06:00","BZN|BG","3859.68","4128.00"
"01/04/2025 06:00 - 01/04/2025 07:00","BZN|BG","4227.49","4664.00"
"01/04/2025 07:00 - 01/04/2025 08:00","BZN|BG","4693.81","4842.00"
"01/04/2025 08:00 - 01/04/2025 09:00","BZN|BG","4934.10","4837.00"
"01/04/2025 09:00 - 01/04/2025 10:00","BZN|BG","5029.72","4752.00"
"01/04/2025 10:00 - 01/04/2025 11:00","BZN|BG","5037.24","4706.00"
"01/04/2025 11:00 - 01/04/2025 12:00","BZN|BG","4978.44","4659.00"
"01/04/2025 12:00 - 01/04/2025 13:00","BZN|BG","5080.15","4639.00"
"01/04/2025 13:00 - 01/04/2025 14:00","BZN|BG","5048.82","4625.00"
"01/04/2025 14:00 - 01/04/2025 15:00","BZN|BG","5036.05","4621.00"
"01/04/2025 15:00 - 01/04/2025 16:00","BZN|BG","4987.59","4638.00"
"01/04/2025 16:00 - 01/04/2025 17:00","BZN|BG","4875.84","4723.00"
"01/04/2025 17:00 - 01/04/2025 18:00","BZN|BG","4991.98","4963.00"
"01/04/2025 18:00 - 01/04/2025 19:00","BZN|BG","5097.30","5142.00"
"01/04/2025 19:00 - 01/04/2025 20:00","BZN|BG","5048.63","4945.00"
"01/04/2025 20:00 - 01/04/2025 21:00","BZN|BG","4749.02","4638.00"
"01/04/2025 21:00 - 01/04/2025 22:00","BZN|BG","4491.48","4404.00"
"01/04/2025 22:00 - 01/04/2025 23:00","BZN|BG","4153.31","4092.00"
"01/04/2025 23:00 - 02/04/2025 00:00","BZN|BG","3875.22","3758.00"
"02/04/2025 00:00 - 02/04/2025 01:00","BZN|BG","3632.81","3479.00"
"02/04/2025 01:00 - 02/04/2025 02:00","BZN|BG","3506.23","3357.00"
"02/04/2025 02:00 - 02/04/2025 03:00","BZN|BG","3480.78","3359.00"
"02/04/2025 03:00 - 02/04/2025 04:00","BZN|BG","3480.42","3417.00"
"02/04/2025 04:00 - 02/04/2025 05:00","BZN|BG","3581.13","3556.00"
"02/04/2025 05:00 - 02/04/2025 06:00","BZN|BG","3919.16","3756.00"
"02/04/2025 06:00 - 02/04/2025 07:00","BZN|BG","4362.08","4170.00"
"02/04/2025 07:00 - 02/04/2025 08:00","BZN|BG","4847.10","4688.00"
"02/04/2025 08:00 - 02/04/2025 09:00","BZN|BG","5034.42","4875.00"
"02/04/2025 09:00 - 02/04/2025 10:00","BZN|BG","5111.82","4983.00"
"02/04/2025 10:00 - 02/04/2025 11:00","BZN|BG","5086.49","4840.00"
"02/04/2025 11:00 - 02/04/2025 12:00","BZN|BG","4975.30","4788.00"
"02/04/2025 12:00 - 02/04/2025 13:00","BZN|BG","4988.08","4766.00"
"02/04/2025 13:00 - 02/04/2025 14:00","BZN|BG","4905.80","4759.00"
"02/04/2025 14:00 - 02/04/2025 15:00","BZN|BG","4823.51","4755.00"
"02/04/2025 15:00 - 02/04/2025 16:00","BZN|BG","4759.84","4765.00"
"02/04/2025 16:00 - 02/04/2025 17:00","BZN|BG","4707.67","4819.00"
"02/04/2025 17:00 - 02/04/2025 18:00","BZN|BG","4817.60","4963.00"
"02/04/2025 18:00 - 02/04/2025 19:00","BZN|BG","4990.78","5069.00"
"02/04/2025 19:00 - 02/04/2025 20:00","BZN|BG","5026.11","4900.00"
"02/04/2025 20:00 - 02/04/2025 21:00","BZN|BG","4747.13","4639.00"
"02/04/2025 21:00 - 02/04/2025 22:00","BZN|BG","4502.60","4445.00"
"02/04/2025 22:00 - 02/04/2025 23:00","BZN|BG","4200.83","4176.00"
"02/04/2025 23:00 - 03/04/2025 00:00","BZN|BG","3895.69","3826.00"
"03/04/2025 00:00 - 03/04/2025 01:00","BZN|BG","3647.13","3557.00"
"03/04/2025 01:00 - 03/04/2025 02:00","BZN|BG","3569.05","3449.00"
"03/04/2025 02:00 - 03/04/2025 03:00","BZN|BG","3512.44","3450.00"
"03/04/2025 03:00 - 03/04/2025 04:00","BZN|BG","3521.53","3470.00"
"03/04/2025 04:00 - 03/04/2025 05:00","BZN|BG","3623.67","3631.00"
"03/04/2025 05:00 - 03/04/2025 06:00","BZN|BG","3994.95","3860.00"
"03/04/2025 06:00 - 03/04/2025 07:00","BZN|BG","4352.59","4277.00"
"03/04/2025 07:00 - 03/04/2025 08:00","BZN|BG","4745.84","4850.00"
"03/04/2025 08:00 - 03/04/2025 09:00","BZN|BG","4822.25","5083.00"
"03/04/2025 09:00 - 03/04/2025 10:00","BZN|BG","4709.00","5003.00"
"03/04/2025 10:00 - 03/04/2025 11:00","BZN|BG","4605.85","4976.00"
"03/04/2025 11:00 - 03/04/2025 12:00","BZN|BG","4517.26","4909.00"
"03/04/2025 12:00 - 03/04/2025 13:00","BZN|BG","4479.27","4917.00"
"03/04/2025 13:00 - 03/04/2025 14:00","BZN|BG","4405.43","4896.00"
"03/04/2025 14:00 - 03/04/2025 15:00","BZN|BG","4386.77","4901.00"
"03/04/2025 15:00 - 03/04/2025 16:00","BZN|BG","4305.41","4902.00"
"03/04/2025 16:00 - 03/04/2025 17:00","BZN|BG","4372.60","4937.00"
"03/04/2025 17:00 - 03/04/2025 18:00","BZN|BG","4586.81","5083.00"
"03/04/2025 18:00 - 03/04/2025 19:00","BZN|BG","4844.38","5192.00"
"03/04/2025 19:00 - 03/04/2025 20:00","BZN|BG","4953.20","5024.00"
"03/04/2025 20:00 - 03/04/2025 21:00","BZN|BG","4720.92","4702.00"
"03/04/2025 21:00 - 03/04/2025 22:00","BZN|BG","4475.98","4453.00"
"03/04/2025 22:00 - 03/04/2025 23:00","BZN|BG","4196.46","4153.00"
"03/04/2025 23:00 - 04/04/2025 00:00","BZN|BG","3861.23","3900.00"
"04/04/2025 00:00 - 04/04/2025 01:00","BZN|BG","3594.40","3618.00"
"04/04/2025 01:00 - 04/04/2025 02:00","BZN|BG","3489.87","3506.00"
"04/04/2025 02:00 - 04/04/2025 03:00","BZN|BG","3447.05","3495.00"
"04/04/2025 03:00 - 04/04/2025 04:00","BZN|BG","3465.70","3516.00"
"04/04/2025 04:00 - 04/04/2025 05:00","BZN|BG","3553.22","3671.00"
"04/04/2025 05:00 - 04/04/2025 06:00","BZN|BG","3921.32","4145.00"
"04/04/2025 06:00 - 04/04/2025 07:00","BZN|BG","4313.82","4636.00"
"04/04/2025 07:00 - 04/04/2025 08:00","BZN|BG","4674.97","5016.00"
"04/04/2025 08:00 - 04/04/2025 09:00","BZN|BG","4736.47","5132.00"
"04/04/2025 09:00 - 04/04/2025 10:00","BZN|BG","4628.19","5036.00"
"04/04/2025 10:00 - 04/04/2025 11:00","BZN|BG","4523.27","4976.00"
"04/04/2025 11:00 - 04/04/2025 12:00","BZN|BG","4407.64","4832.00"
"04/04/2025 12:00 - 04/04/2025 13:00","BZN|BG","4414.96","4851.00"
"04/04/2025 13:00 - 04/04/2025 14:00","BZN|BG","4353.41","4788.00"
"04/04/2025 14:00 - 04/04/2025 15:00","BZN|BG","4321.88","4787.00"
"04/04/2025 15:00 - 04/04/2025 16:00","BZN|BG","4313.24","4773.00"
"04/04/2025 16:00 - 04/04/2025 17:00","BZN|BG","4272.88","4801.00"
"04/04/2025 17:00 - 04/04/2025 18:00","BZN|BG","4496.11","4952.00"
"04/04/2025 18:00 - 04/04/2025 19:00","BZN|BG","4698.81","5078.00"
"04/04/2025 19:00 - 04/04/2025 20:00","BZN|BG","4802.17","4962.00"
"04/04/2025 20:00 - 04/04/2025 21:00","BZN|BG","4560.07","4691.00"
"04/04/2025 21:00 - 04/04/2025 22:00","BZN|BG","4327.29","4478.00"
"04/04/2025 22:00 - 04/04/2025 23:00","BZN|BG","4087.75","4188.00"
"04/04/2025 23:00 - 05/04/2025 00:00","BZN|BG","3826.39","3722.00"
"05/04/2025 00:00 - 05/04/2025 01:00","BZN|BG","3572.45","3527.00"
"05/04/2025 01:00 - 05/04/2025 02:00","BZN|BG","3429.36","3394.00"
"05/04/2025 02:00 - 05/04/2025 03:00","BZN|BG","3353.74","3340.00"
"05/04/2025 03:00 - 05/04/2025 04:00","BZN|BG","3344.08","3322.00"
"05/04/2025 04:00 - 05/04/2025 05:00","BZN|BG","3401.70","3383.00"
"05/04/2025 05:00 - 05/04/2025 06:00","BZN|BG","3548.73","3549.00"
"05/04/2025 06:00 - 05/04/2025 07:00","BZN|BG","3777.79","3879.00"
"05/04/2025 07:00 - 05/04/2025 08:00","BZN|BG","4094.26","4173.00"
"05/04/2025 08:00 - 05/04/2025 09:00","BZN|BG","4278.62","4324.00"
"05/04/2025 09:00 - 05/04/2025 10:00","BZN|BG","4237.18","4320.00"
"05/04/2025 10:00 - 05/04/2025 11:00","BZN|BG","4127.75","4218.00"
"05/04/2025 11:00 - 05/04/2025 12:00","BZN|BG","4022.15","4069.00"
"05/04/2025 12:00 - 05/04/2025 13:00","BZN|BG","3952.19","3921.00"
"05/04/2025 13:00 - 05/04/2025 14:00","BZN|BG","3932.22","3882.00"
"05/04/2025 14:00 - 05/04/2025 15:00","BZN|BG","3920.35","3885.00"
"05/04/2025 15:00 - 05/04/2025 16:00","BZN|BG","3957.08","3944.00"
"05/04/2025 16:00 - 05/04/2025 17:00","BZN|BG","4052.59","4092.00"
"05/04/2025 17:00 - 05/04/2025 18:00","BZN|BG","4175.87","4326.00"
"05/04/2025 18:00 - 05/04/2025 19:00","BZN|BG","4316.67","4507.00"
"05/04/2025 19:00 - 05/04/2025 20:00","BZN|BG","4484.14","4379.00"
"05/04/2025 20:00 - 05/04/2025 21:00","BZN|BG","4301.10","4187.00"
"05/04/2025 21:00 - 05/04/2025 22:00","BZN|BG","4129.32","4067.00"
"05/04/2025 22:00 - 05/04/2025 23:00","BZN|BG","3970.81","3930.00"
"05/04/2025 23:00 - 06/04/2025 00:00","BZN|BG","3699.23","3743.00"
"06/04/2025 00:00 - 06/04/2025 01:00","BZN|BG","3469.27","3524.00"
"06/04/2025 01:00 - 06/04/2025 02:00","BZN|BG","3348.95","3390.00"
"06/04/2025 02:00 - 06/04/2025 03:00","BZN|BG","3260.65","3370.00"
"06/04/2025 03:00 - 06/04/2025 04:00","BZN|BG","3239.08","3350.00"
"06/04/2025 04:00 - 06/04/2025 05:00","BZN|BG","3276.22","3375.00"
"06/04/2025 05:00 - 06/04/2025 06:00","BZN|BG","3387.94","3479.00"
"06/04/2025 06:00 - 06/04/2025 07:00","BZN|BG","3599.21","3634.00"
"06/04/2025 07:00 - 06/04/2025 08:00","BZN|BG","3992.58","3948.00"
"06/04/2025 08:00 - 06/04/2025 09:00","BZN|BG","4388.99","4300.00"
"06/04/2025 09:00 - 06/04/2025 10:00","BZN|BG","4680.39","4461.00"
"06/04/2025 10:00 - 06/04/2025 11:00","BZN|BG","4838.13","4528.00"
"06/04/2025 11:00 - 06/04/2025 12:00","BZN|BG","4906.75","4483.00"
"06/04/2025 12:00 - 06/04/2025 13:00","BZN|BG","4911.61","4430.00"
"06/04/2025 13:00 - 06/04/2025 14:00","BZN|BG","4872.76","4377.00"
"06/04/2025 14:00 - 06/04/2025 15:00","BZN|BG","4863.32","4347.00"
"06/04/2025 15:00 - 06/04/2025 16:00","BZN|BG","4858.87","4319.00"
"06/04/2025 16:00 - 06/04/2025 17:00","BZN|BG","5005.40","4460.00"
"06/04/2025 17:00 - 06/04/2025 18:00","BZN|BG","5194.05","4651.00"
"06/04/2025 18:00 - 06/04/2025 19:00","BZN|BG","5339.33","4845.00"
"06/04/2025 19:00 - 06/04/2025 20:00","BZN|BG","5340.26","4931.00"
"06/04/2025 20:00 - 06/04/2025 21:00","BZN|BG","5094.04","4725.00"
"06/04/2025 21:00 - 06/04/2025 22:00","BZN|BG","4809.16","4472.00"
"06/04/2025 22:00 - 06/04/2025 23:00","BZN|BG","4564.48","4207.00"
"06/04/2025 23:00 - 07/04/2025 00:00","BZN|BG","4243.99","3847.00"
"07/04/2025 00:00 - 07/04/2025 01:00","BZN|BG","3967.71","3592.00"
"07/04/2025 01:00 - 07/04/2025 02:00","BZN|BG","3913.96","3483.00"
"07/04/2025 02:00 - 07/04/2025 03:00","BZN|BG","3884.31","3464.00"
"07/04/2025 03:00 - 07/04/2025 04:00","BZN|BG","3919.45","3475.00"
"07/04/2025 04:00 - 07/04/2025 05:00","BZN|BG","4079.59","3611.00"
"07/04/2025 05:00 - 07/04/2025 06:00","BZN|BG","4624.19","3960.00"
"07/04/2025 06:00 - 07/04/2025 07:00","BZN|BG","5164.51","4354.00"
"07/04/2025 07:00 - 07/04/2025 08:00","BZN|BG","5624.84","4843.00"
"07/04/2025 08:00 - 07/04/2025 09:00","BZN|BG","5772.88","5037.00"
"07/04/2025 09:00 - 07/04/2025 10:00","BZN|BG","5746.50","5037.00"
"07/04/2025 10:00 - 07/04/2025 11:00","BZN|BG","5660.82","5037.00"
"07/04/2025 11:00 - 07/04/2025 12:00","BZN|BG","5603.24","4999.00"
"07/04/2025 12:00 - 07/04/2025 13:00","BZN|BG","5486.00","4985.00"
"07/04/2025 13:00 - 07/04/2025 14:00","BZN|BG","5408.69","4947.00"
"07/04/2025 14:00 - 07/04/2025 15:00","BZN|BG","5311.60","4938.00"
"07/04/2025 15:00 - 07/04/2025 16:00","BZN|BG","5082.50","4930.00"
"07/04/2025 16:00 - 07/04/2025 17:00","BZN|BG","5045.42","4898.00"
"07/04/2025 17:00 - 07/04/2025 18:00","BZN|BG","5229.52","5046.00"
"07/04/2025 18:00 - 07/04/2025 19:00","BZN|BG","5483.16","5193.00"
"07/04/2025 19:00 - 07/04/2025 20:00","BZN|BG","5677.65","5238.00"
"07/04/2025 20:00 - 07/04/2025 21:00","BZN|BG","5475.42","4965.00"
"07/04/2025 21:00 - 07/04/2025 22:00","BZN|BG","5198.56","4700.00"
"07/04/2025 22:00 - 07/04/2025 23:00","BZN|BG","4888.40","4345.00"
"07/04/2025 23:00 - 08/04/2025 00:00","BZN|BG","4534.87","4400.00"
"08/04/2025 00:00 - 08/04/2025 01:00","BZN|BG","4275.97","4155.00"
"08/04/2025 01:00 - 08/04/2025 02:00","BZN|BG","4199.18","4079.00"
"08/04/2025 02:00 - 08/04/2025 03:00","BZN|BG","4191.24","4037.00"
"08/04/2025 03:00 - 08/04/2025 04:00","BZN|BG","4221.46","4022.00"
"08/04/2025 04:00 - 08/04/2025 05:00","BZN|BG","4377.36","4160.00"
"08/04/2025 05:00 - 08/04/2025 06:00","BZN|BG","4880.05","4637.00"
"08/04/2025 06:00 - 08/04/2025 07:00","BZN|BG","5287.15","5160.00"
"08/04/2025 07:00 - 08/04/2025 08:00","BZN|BG","5417.57","5705.00"
"08/04/2025 08:00 - 08/04/2025 09:00","BZN|BG","5270.63","5906.00"
"08/04/2025 09:00 - 08/04/2025 10:00","BZN|BG","5094.17","5825.00"
"08/04/2025 10:00 - 08/04/2025 11:00","BZN|BG","4990.93","5737.00"
"08/04/2025 11:00 - 08/04/2025 12:00","BZN|BG","4941.82","5525.00"
"08/04/2025 12:00 - 08/04/2025 13:00","BZN|BG","4876.69","5586.00"
"08/04/2025 13:00 - 08/04/2025 14:00","BZN|BG","4794.32","5447.00"
"08/04/2025 14:00 - 08/04/2025 15:00","BZN|BG","4768.68","5371.00"
"08/04/2025 15:00 - 08/04/2025 16:00","BZN|BG","4761.28","5265.00"
"08/04/2025 16:00 - 08/04/2025 17:00","BZN|BG","4879.45","5230.00"
"08/04/2025 17:00 - 08/04/2025 18:00","BZN|BG","5152.97","5540.00"
"08/04/2025 18:00 - 08/04/2025 19:00","BZN|BG","5416.73","5800.00"
"08/04/2025 19:00 - 08/04/2025 20:00","BZN|BG","5591.19","5850.00"
"08/04/2025 20:00 - 08/04/2025 21:00","BZN|BG","5409.00","5555.00"
"08/04/2025 21:00 - 08/04/2025 22:00","BZN|BG","5142.32","5190.00"
"08/04/2025 22:00 - 08/04/2025 23:00","BZN|BG","4848.52","4805.00"
"08/04/2025 23:00 - 09/04/2025 00:00","BZN|BG","4485.28","4336.00"
"09/04/2025 00:00 - 09/04/2025 01:00","BZN|BG","4229.43","4116.00"
"09/04/2025 01:00 - 09/04/2025 02:00","BZN|BG","4171.23","4032.00"
"09/04/2025 02:00 - 09/04/2025 03:00","BZN|BG","4150.45","3992.00"
"09/04/2025 03:00 - 09/04/2025 04:00","BZN|BG","4175.77","3995.00"
"09/04/2025 04:00 - 09/04/2025 05:00","BZN|BG","4326.71","4250.00"
"09/04/2025 05:00 - 09/04/2025 06:00","BZN|BG","4848.52","4612.00"
"09/04/2025 06:00 - 09/04/2025 07:00","BZN|BG","5266.15","5064.00"
"09/04/2025 07:00 - 09/04/2025 08:00","BZN|BG","5336.93","5277.00"
"09/04/2025 08:00 - 09/04/2025 09:00","BZN|BG","5194.41","5199.00"
"09/04/2025 09:00 - 09/04/2025 10:00","BZN|BG","4944.81","5123.00"
"09/04/2025 10:00 - 09/04/2025 11:00","BZN|BG","4871.36","4914.00"
"09/04/2025 11:00 - 09/04/2025 12:00","BZN|BG","4853.63","4822.00"
"09/04/2025 12:00 - 09/04/2025 13:00","BZN|BG","4863.31","4741.00"
"09/04/2025 13:00 - 09/04/2025 14:00","BZN|BG","4820.81","4666.00"
"09/04/2025 14:00 - 09/04/2025 15:00","BZN|BG","4786.09","4628.00"
"09/04/2025 15:00 - 09/04/2025 16:00","BZN|BG","4690.19","4575.00"
"09/04/2025 16:00 - 09/04/2025 17:00","BZN|BG","4730.44","4551.00"
"09/04/2025 17:00 - 09/04/2025 18:00","BZN|BG","4954.74","4889.00"
"09/04/2025 18:00 - 09/04/2025 19:00","BZN|BG","5257.26","5265.00"
"09/04/2025 19:00 - 09/04/2025 20:00","BZN|BG","5454.00","5366.00"
"09/04/2025 20:00 - 09/04/2025 21:00","BZN|BG","5302.46","5122.00"
"09/04/2025 21:00 - 09/04/2025 22:00","BZN|BG","5027.45","4895.00"
"09/04/2025 22:00 - 09/04/2025 23:00","BZN|BG","4680.72","4627.00"
"09/04/2025 23:00 - 10/04/2025 00:00","BZN|BG","4355.66","4508.00"
"10/04/2025 00:00 - 10/04/2025 01:00","BZN|BG","4102.81","4254.00"
"10/04/2025 01:00 - 10/04/2025 02:00","BZN|BG","4045.56","4157.00"
"10/04/2025 02:00 - 10/04/2025 03:00","BZN|BG","4014.94","4120.00"
"10/04/2025 03:00 - 10/04/2025 04:00","BZN|BG","4026.41","4129.00"
"10/04/2025 04:00 - 10/04/2025 05:00","BZN|BG","4193.96","4219.00"
"10/04/2025 05:00 - 10/04/2025 06:00","BZN|BG","4663.43","4534.00"
"10/04/2025 06:00 - 10/04/2025 07:00","BZN|BG","5042.55","5090.00"
"10/04/2025 07:00 - 10/04/2025 08:00","BZN|BG","5164.14","5287.00"
"10/04/2025 08:00 - 10/04/2025 09:00","BZN|BG","5006.79","5156.00"
"10/04/2025 09:00 - 10/04/2025 10:00","BZN|BG","4857.89","5000.00"
"10/04/2025 10:00 - 10/04/2025 11:00","BZN|BG","4764.26","4915.00"
"10/04/2025 11:00 - 10/04/2025 12:00","BZN|BG","4767.70","4790.00"
"10/04/2025 12:00 - 10/04/2025 13:00","BZN|BG","4824.35","4755.00"
"10/04/2025 13:00 - 10/04/2025 14:00","BZN|BG","4898.35","4711.00"
"10/04/2025 14:00 - 10/04/2025 15:00","BZN|BG","4956.35","4670.00"
"10/04/2025 15:00 - 10/04/2025 16:00","BZN|BG","4931.78","4638.00"
"10/04/2025 16:00 - 10/04/2025 17:00","BZN|BG","5022.94","4689.00"
"10/04/2025 17:00 - 10/04/2025 18:00","BZN|BG","5290.31","4954.00"
"10/04/2025 18:00 - 10/04/2025 19:00","BZN|BG","5478.59","5246.00"
"10/04/2025 19:00 - 10/04/2025 20:00","BZN|BG","5554.87","5351.00"
"10/04/2025 20:00 - 10/04/2025 21:00","BZN|BG","5364.12","5195.00"
"10/04/2025 21:00 - 10/04/2025 22:00","BZN|BG","5090.17","5034.00"
"10/04/2025 22:00 - 10/04/2025 23:00","BZN|BG","4853.46","4856.00"
"10/04/2025 23:00 - 11/04/2025 00:00","BZN|BG","4470.83","4259.00"
"11/04/2025 00:00 - 11/04/2025 01:00","BZN|BG","4217.20","4021.00"
"11/04/2025 01:00 - 11/04/2025 02:00","BZN|BG","4138.22","3938.00"
"11/04/2025 02:00 - 11/04/2025 03:00","BZN|BG","4148.82","3907.00"
"11/04/2025 03:00 - 11/04/2025 04:00","BZN|BG","4200.67","3917.00"
"11/04/2025 04:00 - 11/04/2025 05:00","BZN|BG","4340.47","4032.00"
"11/04/2025 05:00 - 11/04/2025 06:00","BZN|BG","4838.17","4428.00"
"11/04/2025 06:00 - 11/04/2025 07:00","BZN|BG","5222.93","4861.00"
"11/04/2025 07:00 - 11/04/2025 08:00","BZN|BG","5357.63","5200.00"
"11/04/2025 08:00 - 11/04/2025 09:00","BZN|BG","5209.06","5062.00"
"11/04/2025 09:00 - 11/04/2025 10:00","BZN|BG","5048.77","4911.00"
"11/04/2025 10:00 - 11/04/2025 11:00","BZN|BG","4922.96","4830.00"
"11/04/2025 11:00 - 11/04/2025 12:00","BZN|BG","4958.15","4726.00"
"11/04/2025 12:00 - 11/04/2025 13:00","BZN|BG","4931.54","4676.00"
"11/04/2025 13:00 - 11/04/2025 14:00","BZN|BG","4864.52","4659.00"
"11/04/2025 14:00 - 11/04/2025 15:00","BZN|BG","4874.03","4580.00"
"11/04/2025 15:00 - 11/04/2025 16:00","BZN|BG","4811.69","4549.00"
"11/04/2025 16:00 - 11/04/2025 17:00","BZN|BG","4848.50","4548.00"
"11/04/2025 17:00 - 11/04/2025 18:00","BZN|BG","5051.82","4803.00"
"11/04/2025 18:00 - 11/04/2025 19:00","BZN|BG","5202.83","5085.00"
"11/04/2025 19:00 - 11/04/2025 20:00","BZN|BG","5288.18","5191.00"
"11/04/2025 20:00 - 11/04/2025 21:00","BZN|BG","5068.33","5000.00"
"11/04/2025 21:00 - 11/04/2025 22:00","BZN|BG","4803.05","4775.00"
"11/04/2025 22:00 - 11/04/2025 23:00","BZN|BG","4608.19","4511.00"
"11/04/2025 23:00 - 12/04/2025 00:00","BZN|BG","4202.58","4353.00"
"12/04/2025 00:00 - 12/04/2025 01:00","BZN|BG","3932.95","4141.00"
"12/04/2025 01:00 - 12/04/2025 02:00","BZN|BG","3779.25","4021.00"
"12/04/2025 02:00 - 12/04/2025 03:00","BZN|BG","3702.34","3958.00"
"12/04/2025 03:00 - 12/04/2025 04:00","BZN|BG","3693.24","3950.00"
"12/04/2025 04:00 - 12/04/2025 05:00","BZN|BG","3754.86","3993.00"
"12/04/2025 05:00 - 12/04/2025 06:00","BZN|BG","3921.73","4104.00"
"12/04/2025 06:00 - 12/04/2025 07:00","BZN|BG","4208.06","4277.00"
"12/04/2025 07:00 - 12/04/2025 08:00","BZN|BG","4694.28","4516.00"
"12/04/2025 08:00 - 12/04/2025 09:00","BZN|BG","4899.06","4655.00"
"12/04/2025 09:00 - 12/04/2025 10:00","BZN|BG","4903.40","4597.00"
"12/04/2025 10:00 - 12/04/2025 11:00","BZN|BG","4816.77","4443.00"
"12/04/2025 11:00 - 12/04/2025 12:00","BZN|BG","4808.22","4295.00"
"12/04/2025 12:00 - 12/04/2025 13:00","BZN|BG","4776.59","4197.00"
"12/04/2025 13:00 - 12/04/2025 14:00","BZN|BG","4618.85","4169.00"
"12/04/2025 14:00 - 12/04/2025 15:00","BZN|BG","4551.51","4152.00"
"12/04/2025 15:00 - 12/04/2025 16:00","BZN|BG","4475.70","4207.00"
"12/04/2025 16:00 - 12/04/2025 17:00","BZN|BG","4466.01","4347.00"
"12/04/2025 17:00 - 12/04/2025 18:00","BZN|BG","4584.97","4529.00"
"12/04/2025 18:00 - 12/04/2025 19:00","BZN|BG","4754.09","4737.00"
"12/04/2025 19:00 - 12/04/2025 20:00","BZN|BG","4909.44","4983.00"
"12/04/2025 20:00 - 12/04/2025 21:00","BZN|BG","4761.50","4786.00"
"12/04/2025 21:00 - 12/04/2025 22:00","BZN|BG","4619.76","4601.00"
"12/04/2025 22:00 - 12/04/2025 23:00","BZN|BG","4474.76","4430.00"
"12/04/2025 23:00 - 13/04/2025 00:00","BZN|BG","4121.55","3995.00"
"13/04/2025 00:00 - 13/04/2025 01:00","BZN|BG","3859.82","3783.00"
"13/04/2025 01:00 - 13/04/2025 02:00","BZN|BG","3742.41","3672.00"
"13/04/2025 02:00 - 13/04/2025 03:00","BZN|BG","3678.67","3590.00"
"13/04/2025 03:00 - 13/04/2025 04:00","BZN|BG","3670.92","3570.00"
"13/04/2025 04:00 - 13/04/2025 05:00","BZN|BG","3723.26","3591.00"
"13/04/2025 05:00 - 13/04/2025 06:00","BZN|BG","3846.38","3653.00"
"13/04/2025 06:00 - 13/04/2025 07:00","BZN|BG","4096.65","3770.00"
"13/04/2025 07:00 - 13/04/2025 08:00","BZN|BG","4331.82","3987.00"
"13/04/2025 08:00 - 13/04/2025 09:00","BZN|BG","4415.01","4207.00"
"13/04/2025 09:00 - 13/04/2025 10:00","BZN|BG","4310.43","4368.00"
"13/04/2025 10:00 - 13/04/2025 11:00","BZN|BG","4136.36","4455.00"
"13/04/2025 11:00 - 13/04/2025 12:00","BZN|BG","4060.71","4493.00"
"13/04/2025 12:00 - 13/04/2025 13:00","BZN|BG","3934.53","4496.00"
"13/04/2025 13:00 - 13/04/2025 14:00","BZN|BG","3843.06","4179.00"
"13/04/2025 14:00 - 13/04/2025 15:00","BZN|BG","3830.37","4103.00"
"13/04/2025 15:00 - 13/04/2025 16:00","BZN|BG","3801.73","4066.00"
"13/04/2025 16:00 - 13/04/2025 17:00","BZN|BG","3911.33","4338.00"
"13/04/2025 17:00 - 13/04/2025 18:00","BZN|BG","4087.91","4687.00"
"13/04/2025 18:00 - 13/04/2025 19:00","BZN|BG","4418.58","4956.00"
"13/04/2025 19:00 - 13/04/2025 20:00","BZN|BG","4797.36","4958.00"
"13/04/2025 20:00 - 13/04/2025 21:00","BZN|BG","4731.76","4745.00"
"13/04/2025 21:00 - 13/04/2025 22:00","BZN|BG","4546.50","4499.00"
"13/04/2025 22:00 - 13/04/2025 23:00","BZN|BG","4284.65","4287.00"
"13/04/2025 23:00 - 14/04/2025 00:00","BZN|BG","3870.93","3851.00"
"14/04/2025 00:00 - 14/04/2025 01:00","BZN|BG","3579.32","3522.00"
"14/04/2025 01:00 - 14/04/2025 02:00","BZN|BG","3464.18","3458.00"
"14/04/2025 02:00 - 14/04/2025 03:00","BZN|BG","3433.07","3423.00"
"14/04/2025 03:00 - 14/04/2025 04:00","BZN|BG","3482.08","3449.00"
"14/04/2025 04:00 - 14/04/2025 05:00","BZN|BG","3645.47","3567.00"
"14/04/2025 05:00 - 14/04/2025 06:00","BZN|BG","4110.84","3969.00"
"14/04/2025 06:00 - 14/04/2025 07:00","BZN|BG","4522.90","4369.00"
"14/04/2025 07:00 - 14/04/2025 08:00","BZN|BG","4785.60","4709.00"
"14/04/2025 08:00 - 14/04/2025 09:00","BZN|BG","4868.51","4818.00"
"14/04/2025 09:00 - 14/04/2025 10:00","BZN|BG","4721.59","4744.00"
"14/04/2025 10:00 - 14/04/2025 11:00","BZN|BG","4570.02","4706.00"
"14/04/2025 11:00 - 14/04/2025 12:00","BZN|BG","4573.86","4628.00"
"14/04/2025 12:00 - 14/04/2025 13:00","BZN|BG","4498.91","4523.00"
"14/04/2025 13:00 - 14/04/2025 14:00","BZN|BG","4460.86","4467.00"
"14/04/2025 14:00 - 14/04/2025 15:00","BZN|BG","4494.30","4444.00"
"14/04/2025 15:00 - 14/04/2025 16:00","BZN|BG","4379.91","4361.00"
"14/04/2025 16:00 - 14/04/2025 17:00","BZN|BG","4494.41","4336.00"
"14/04/2025 17:00 - 14/04/2025 18:00","BZN|BG","4768.67","4532.00"
"14/04/2025 18:00 - 14/04/2025 19:00","BZN|BG","4993.74","4802.00"
"14/04/2025 19:00 - 14/04/2025 20:00","BZN|BG","5074.04","5008.00"
"14/04/2025 20:00 - 14/04/2025 21:00","BZN|BG","4829.41","4825.00"
"14/04/2025 21:00 - 14/04/2025 22:00","BZN|BG","4494.72","4573.00"
"14/04/2025 22:00 - 14/04/2025 23:00","BZN|BG","4145.29","4291.00"
"14/04/2025 23:00 - 15/04/2025 00:00","BZN|BG","3800.12","3988.00"
"15/04/2025 00:00 - 15/04/2025 01:00","BZN|BG","3602.45","3545.00"
"15/04/2025 01:00 - 15/04/2025 02:00","BZN|BG","3522.57","3416.00"
"15/04/2025 02:00 - 15/04/2025 03:00","BZN|BG","3509.13","3384.00"
"15/04/2025 03:00 - 15/04/2025 04:00","BZN|BG","3536.74","3416.00"
"15/04/2025 04:00 - 15/04/2025 05:00","BZN|BG","3682.28","3578.00"
"15/04/2025 05:00 - 15/04/2025 06:00","BZN|BG","4114.23","4121.00"
"15/04/2025 06:00 - 15/04/2025 07:00","BZN|BG","4527.82","4578.00"
"15/04/2025 07:00 - 15/04/2025 08:00","BZN|BG","4826.81","4766.00"
"15/04/2025 08:00 - 15/04/2025 09:00","BZN|BG","4879.41","4597.00"
"15/04/2025 09:00 - 15/04/2025 10:00","BZN|BG","4786.91","4329.00"
"15/04/2025 10:00 - 15/04/2025 11:00","BZN|BG","4591.61","4170.00"
"15/04/2025 11:00 - 15/04/2025 12:00","BZN|BG","4708.15","4125.00"
"15/04/2025 12:00 - 15/04/2025 13:00","BZN|BG","4751.75","4119.00"
"15/04/2025 13:00 - 15/04/2025 14:00","BZN|BG","4649.25","4062.00"
"15/04/2025 14:00 - 15/04/2025 15:00","BZN|BG","4587.27","4054.00"
"15/04/2025 15:00 - 15/04/2025 16:00","BZN|BG","4494.19","3991.00"
"15/04/2025 16:00 - 15/04/2025 17:00","BZN|BG","4396.89","4054.00"
"15/04/2025 17:00 - 15/04/2025 18:00","BZN|BG","4611.32","4357.00"
"15/04/2025 18:00 - 15/04/2025 19:00","BZN|BG","4854.12","4639.00"
"15/04/2025 19:00 - 15/04/2025 20:00","BZN|BG","5002.86","4801.00"
"15/04/2025 20:00 - 15/04/2025 21:00","BZN|BG","4847.43","4664.00"
"15/04/2025 21:00 - 15/04/2025 22:00","BZN|BG","4557.21","4482.00"
"15/04/2025 22:00 - 15/04/2025 23:00","BZN|BG","4221.99","4300.00"
"15/04/2025 23:00 - 16/04/2025 00:00","BZN|BG","3850.02","3642.00"
"16/04/2025 00:00 - 16/04/2025 01:00","BZN|BG","3585.83","3389.00"
"16/04/2025 01:00 - 16/04/2025 02:00","BZN|BG","3525.56","3322.00"
"16/04/2025 02:00 - 16/04/2025 03:00","BZN|BG","3514.65","3310.00"
"16/04/2025 03:00 - 16/04/2025 04:00","BZN|BG","3536.55","3342.00"
"16/04/2025 04:00 - 16/04/2025 05:00","BZN|BG","3638.09","3508.00"
"16/04/2025 05:00 - 16/04/2025 06:00","BZN|BG","4076.13","4043.00"
"16/04/2025 06:00 - 16/04/2025 07:00","BZN|BG","4468.17","4470.00"
"16/04/2025 07:00 - 16/04/2025 08:00","BZN|BG","4590.92","4593.00"
"16/04/2025 08:00 - 16/04/2025 09:00","BZN|BG","4509.66","4413.00"
"16/04/2025 09:00 - 16/04/2025 10:00","BZN|BG","4318.14","4191.00"
"16/04/2025 10:00 - 16/04/2025 11:00","BZN|BG","4154.07","4071.00"
"16/04/2025 11:00 - 16/04/2025 12:00","BZN|BG","4137.10","4062.00"
"16/04/2025 12:00 - 16/04/2025 13:00","BZN|BG","4080.69","4055.00"
"16/04/2025 13:00 - 16/04/2025 14:00","BZN|BG","3973.83","4019.00"
"16/04/2025 14:00 - 16/04/2025 15:00","BZN|BG","3917.89","4021.00"
"16/04/2025 15:00 - 16/04/2025 16:00","BZN|BG","3840.21","3964.00"
"16/04/2025 16:00 - 16/04/2025 17:00","BZN|BG","3853.33","4045.00"
"16/04/2025 17:00 - 16/04/2025 18:00","BZN|BG","4031.09","4319.00"
"16/04/2025 18:00 - 16/04/2025 19:00","BZN|BG","4352.62","4575.00"
"16/04/2025 19:00 - 16/04/2025 20:00","BZN|BG","4665.44","4726.00"
"16/04/2025 20:00 - 16/04/2025 21:00","BZN|BG","4557.77","4543.00"
"16/04/2025 21:00 - 16/04/2025 22:00","BZN|BG","4303.91","4277.00"
"16/04/2025 22:00 - 16/04/2025 23:00","BZN|BG","4018.02","4014.00"
"16/04/2025 23:00 - 17/04/2025 00:00","BZN|BG","3545.59","3736.00"
"17/04/2025 00:00 - 17/04/2025 01:00","BZN|BG","3261.07","3444.00"
"17/04/2025 01:00 - 17/04/2025 02:00","BZN|BG","3121.13","3362.00"
"17/04/2025 02:00 - 17/04/2025 03:00","BZN|BG","3093.00","3342.00"
"17/04/2025 03:00 - 17/04/2025 04:00","BZN|BG","3191.36","3374.00"
"17/04/2025 04:00 - 17/04/2025 05:00","BZN|BG","3381.71","3495.00"
"17/04/2025 05:00 - 17/04/2025 06:00","BZN|BG","3791.69","3916.00"
"17/04/2025 06:00 - 17/04/2025 07:00","BZN|BG","4154.96","4306.00"
"17/04/2025 07:00 - 17/04/2025 08:00","BZN|BG","4261.65","4422.00"
"17/04/2025 08:00 - 17/04/2025 09:00","BZN|BG","4129.42","4293.00"
"17/04/2025 09:00 - 17/04/2025 10:00","BZN|BG","3900.64","4063.00"
"17/04/2025 10:00 - 17/04/2025 11:00","BZN|BG","3750.25","3902.00"
"17/04/2025 11:00 - 17/04/2025 12:00","BZN|BG","3583.93","3867.00"
"17/04/2025 12:00 - 17/04/2025 13:00","BZN|BG","3618.05","3848.00"
"17/04/2025 13:00 - 17/04/2025 14:00","BZN|BG","3535.38","3805.00"
"17/04/2025 14:00 - 17/04/2025 15:00","BZN|BG","3524.75","3792.00"
"17/04/2025 15:00 - 17/04/2025 16:00","BZN|BG","3485.12","3703.00"
"17/04/2025 16:00 - 17/04/2025 17:00","BZN|BG","3646.94","3746.00"
"17/04/2025 17:00 - 17/04/2025 18:00","BZN|BG","3885.65","4057.00"
"17/04/2025 18:00 - 17/04/2025 19:00","BZN|BG","4153.67","4386.00"
"17/04/2025 19:00 - 17/04/2025 20:00","BZN|BG","4350.71","4551.00"
"17/04/2025 20:00 - 17/04/2025 21:00","BZN|BG","4166.85","4413.00"
"17/04/2025 21:00 - 17/04/2025 22:00","BZN|BG","3931.05","4175.00"
"17/04/2025 22:00 - 17/04/2025 23:00","BZN|BG","3678.22","3950.00"
"17/04/2025 23:00 - 18/04/2025 00:00","BZN|BG","3483.58","3474.00"
"18/04/2025 00:00 - 18/04/2025 01:00","BZN|BG","3215.03","3157.00"
"18/04/2025 01:00 - 18/04/2025 02:00","BZN|BG","3058.31","2943.00"
"18/04/2025 02:00 - 18/04/2025 03:00","BZN|BG","3017.73","2860.00"
"18/04/2025 03:00 - 18/04/2025 04:00","BZN|BG","2991.40","2855.00"
"18/04/2025 04:00 - 18/04/2025 05:00","BZN|BG","2996.74","2881.00"
"18/04/2025 05:00 - 18/04/2025 06:00","BZN|BG","3072.97","3001.00"
"18/04/2025 06:00 - 18/04/2025 07:00","BZN|BG","3311.40","3230.00"
"18/04/2025 07:00 - 18/04/2025 08:00","BZN|BG","3617.79","3481.00"
"18/04/2025 08:00 - 18/04/2025 09:00","BZN|BG","3742.77","3572.00"
"18/04/2025 09:00 - 18/04/2025 10:00","BZN|BG","3713.94","3509.00"
"18/04/2025 10:00 - 18/04/2025 11:00","BZN|BG","3622.52","3415.00"
"18/04/2025 11:00 - 18/04/2025 12:00","BZN|BG","3619.55","3368.00"
"18/04/2025 12:00 - 18/04/2025 13:00","BZN|BG","3542.50","3318.00"
"18/04/2025 13:00 - 18/04/2025 14:00","BZN|BG","3434.90","3278.00"
"18/04/2025 14:00 - 18/04/2025 15:00","BZN|BG","3389.00","3294.00"
"18/04/2025 15:00 - 18/04/2025 16:00","BZN|BG","3373.11","3344.00"
"18/04/2025 16:00 - 18/04/2025 17:00","BZN|BG","3487.64","3483.00"
"18/04/2025 17:00 - 18/04/2025 18:00","BZN|BG","3645.62","3679.00"
"18/04/2025 18:00 - 18/04/2025 19:00","BZN|BG","3876.63","3849.00"
"18/04/2025 19:00 - 18/04/2025 20:00","BZN|BG","4060.57","4000.00"
"18/04/2025 20:00 - 18/04/2025 21:00","BZN|BG","3951.97","3850.00"
"18/04/2025 21:00 - 18/04/2025 22:00","BZN|BG","3763.98","3665.00"
"18/04/2025 22:00 - 18/04/2025 23:00","BZN|BG","3556.04","3450.00"
"18/04/2025 23:00 - 19/04/2025 00:00","BZN|BG","3267.71","3272.00"
"19/04/2025 00:00 - 19/04/2025 01:00","BZN|BG","3031.51","3028.00"
"19/04/2025 01:00 - 19/04/2025 02:00","BZN|BG","2907.36","2874.00"
"19/04/2025 02:00 - 19/04/2025 03:00","BZN|BG","2845.10","2810.00"
"19/04/2025 03:00 - 19/04/2025 04:00","BZN|BG","2824.07","2818.00"
"19/04/2025 04:00 - 19/04/2025 05:00","BZN|BG","2878.94","2855.00"
"19/04/2025 05:00 - 19/04/2025 06:00","BZN|BG","3000.97","2974.00"
"19/04/2025 06:00 - 19/04/2025 07:00","BZN|BG","3306.75","3276.00"
"19/04/2025 07:00 - 19/04/2025 08:00","BZN|BG","3740.19","3641.00"
"19/04/2025 08:00 - 19/04/2025 09:00","BZN|BG","4042.89","3781.00"
"19/04/2025 09:00 - 19/04/2025 10:00","BZN|BG","4153.28","3750.00"
"19/04/2025 10:00 - 19/04/2025 11:00","BZN|BG","4136.10","3655.00"
"19/04/2025 11:00 - 19/04/2025 12:00","BZN|BG","4151.10","3543.00"
"19/04/2025 12:00 - 19/04/2025 13:00","BZN|BG","4026.35","3425.00"
"19/04/2025 13:00 - 19/04/2025 14:00","BZN|BG","3832.98","3299.00"
"19/04/2025 14:00 - 19/04/2025 15:00","BZN|BG","3792.90","3264.00"
"19/04/2025 15:00 - 19/04/2025 16:00","BZN|BG","3747.02","3281.00"
"19/04/2025 16:00 - 19/04/2025 17:00","BZN|BG","3802.29","3369.00"
"19/04/2025 17:00 - 19/04/2025 18:00","BZN|BG","3886.46","3522.00"
"19/04/2025 18:00 - 19/04/2025 19:00","BZN|BG","4015.71","3717.00"
"19/04/2025 19:00 - 19/04/2025 20:00","BZN|BG","4135.16","3950.00"
"19/04/2025 20:00 - 19/04/2025 21:00","BZN|BG","4001.28","3818.00"
"19/04/2025 21:00 - 19/04/2025 22:00","BZN|BG","3808.18","3610.00"
"19/04/2025 22:00 - 19/04/2025 23:00","BZN|BG","3560.99","3387.00"
"19/04/2025 23:00 - 20/04/2025 00:00","BZN|BG","3269.90","3238.00"
"20/04/2025 00:00 - 20/04/2025 01:00","BZN|BG","3068.51","3040.00"
"20/04/2025 01:00 - 20/04/2025 02:00","BZN|BG","2912.14","2901.00"
"20/04/2025 02:00 - 20/04/2025 03:00","BZN|BG","2832.85","2840.00"
"20/04/2025 03:00 - 20/04/2025 04:00","BZN|BG","2822.01","2834.00"
"20/04/2025 04:00 - 20/04/2025 05:00","BZN|BG","3003.35","2869.00"
"20/04/2025 05:00 - 20/04/2025 06:00","BZN|BG","2794.88","2968.00"
"20/04/2025 06:00 - 20/04/2025 07:00","BZN|BG","2673.60","3192.00"
"20/04/2025 07:00 - 20/04/2025 08:00","BZN|BG","2630.95","3500.00"
"20/04/2025 08:00 - 20/04/2025 09:00","BZN|BG","2629.56","3665.00"
"20/04/2025 09:00 - 20/04/2025 10:00","BZN|BG","2688.83","3708.00"
"20/04/2025 10:00 - 20/04/2025 11:00","BZN|BG","2806.14","3603.00"
"20/04/2025 11:00 - 20/04/2025 12:00","BZN|BG","3010.88","3426.00"
"20/04/2025 12:00 - 20/04/2025 13:00","BZN|BG","3234.26","3225.00"
"20/04/2025 13:00 - 20/04/2025 14:00","BZN|BG","3355.93","3077.00"
"20/04/2025 14:00 - 20/04/2025 15:00","BZN|BG","3357.13","2996.00"
"20/04/2025 15:00 - 20/04/2025 16:00","BZN|BG","3317.38","3023.00"
"20/04/2025 16:00 - 20/04/2025 17:00","BZN|BG","3363.60","3127.00"
"20/04/2025 17:00 - 20/04/2025 18:00","BZN|BG","3359.61","3279.00"
"20/04/2025 18:00 - 20/04/2025 19:00","BZN|BG","3306.45","3441.00"
"20/04/2025 19:00 - 20/04/2025 20:00","BZN|BG","3257.45","3610.00"
"20/04/2025 20:00 - 20/04/2025 21:00","BZN|BG","3185.25","3594.00"
"20/04/2025 21:00 - 20/04/2025 22:00","BZN|BG","3285.07","3488.00"
"20/04/2025 22:00 - 20/04/2025 23:00","BZN|BG","3440.66","3325.00"
"20/04/2025 23:00 - 21/04/2025 00:00","BZN|BG","3698.52","3026.00"
"21/04/2025 00:00 - 21/04/2025 01:00","BZN|BG","3952.33","2846.00"
"21/04/2025 01:00 - 21/04/2025 02:00","BZN|BG","3873.34","2727.00"
"21/04/2025 02:00 - 21/04/2025 03:00","BZN|BG","3665.27","2672.00"
"21/04/2025 03:00 - 21/04/2025 04:00","BZN|BG","3354.41","2669.00"
"21/04/2025 04:00 - 21/04/2025 05:00","BZN|BG","3026.46","2727.00"
"21/04/2025 05:00 - 21/04/2025 06:00","BZN|BG","2785.43","2833.00"
"21/04/2025 06:00 - 21/04/2025 07:00","BZN|BG","2687.60","3028.00"
"21/04/2025 07:00 - 21/04/2025 08:00","BZN|BG","2672.02","3323.00"
"21/04/2025 08:00 - 21/04/2025 09:00","BZN|BG","2707.69","3516.00"
"21/04/2025 09:00 - 21/04/2025 10:00","BZN|BG","2878.54","3583.00"
"21/04/2025 10:00 - 21/04/2025 11:00","BZN|BG","3280.42","3588.00"
"21/04/2025 11:00 - 21/04/2025 12:00","BZN|BG","3663.14","3533.00"
"21/04/2025 12:00 - 21/04/2025 13:00","BZN|BG","3788.65","3465.00"
"21/04/2025 13:00 - 21/04/2025 14:00","BZN|BG","3791.39","3365.00"
"21/04/2025 14:00 - 21/04/2025 15:00","BZN|BG","3749.95","3323.00"
"21/04/2025 15:00 - 21/04/2025 16:00","BZN|BG","3768.40","3372.00"
"21/04/2025 16:00 - 21/04/2025 17:00","BZN|BG","3681.18","3467.00"
"21/04/2025 17:00 - 21/04/2025 18:00","BZN|BG","3734.12","3658.00"
"21/04/2025 18:00 - 21/04/2025 19:00","BZN|BG","3786.91","3801.00"
"21/04/2025 19:00 - 21/04/2025 20:00","BZN|BG","3712.17","4056.00"
"21/04/2025 20:00 - 21/04/2025 21:00","BZN|BG","3650.66","3890.00"
"21/04/2025 21:00 - 21/04/2025 22:00","BZN|BG","3655.72","3703.00"
"21/04/2025 22:00 - 21/04/2025 23:00","BZN|BG","3787.08","3470.00"
"21/04/2025 23:00 - 22/04/2025 00:00","BZN|BG","4005.72","3091.00"
"22/04/2025 00:00 - 22/04/2025 01:00","BZN|BG","4157.31","2887.00"
"22/04/2025 01:00 - 22/04/2025 02:00","BZN|BG","4040.48","2786.00"
"22/04/2025 02:00 - 22/04/2025 03:00","BZN|BG","3804.66","2755.00"
"22/04/2025 03:00 - 22/04/2025 04:00","BZN|BG","3479.89","2785.00"
"22/04/2025 04:00 - 22/04/2025 05:00","BZN|BG","3196.82","2929.00"
"22/04/2025 05:00 - 22/04/2025 06:00","BZN|BG","3028.12","3291.00"
"22/04/2025 06:00 - 22/04/2025 07:00","BZN|BG","2920.15","3628.00"
"22/04/2025 07:00 - 22/04/2025 08:00","BZN|BG","2891.55","3869.00"
"22/04/2025 08:00 - 22/04/2025 09:00","BZN|BG","2901.24","3928.00"
"22/04/2025 09:00 - 22/04/2025 10:00","BZN|BG","2988.82","3806.00"
"22/04/2025 10:00 - 22/04/2025 11:00","BZN|BG","3374.54","3739.00"
"22/04/2025 11:00 - 22/04/2025 12:00","BZN|BG","3724.27","3687.00"
"22/04/2025 12:00 - 22/04/2025 13:00","BZN|BG","3880.27","3595.00"
"22/04/2025 13:00 - 22/04/2025 14:00","BZN|BG","3833.53","3561.00"
"22/04/2025 14:00 - 22/04/2025 15:00","BZN|BG","3766.23","3554.00"
"22/04/2025 15:00 - 22/04/2025 16:00","BZN|BG","3766.69","3591.00"
"22/04/2025 16:00 - 22/04/2025 17:00","BZN|BG","3691.10","3651.00"
"22/04/2025 17:00 - 22/04/2025 18:00","BZN|BG","3662.52","3823.00"
"22/04/2025 18:00 - 22/04/2025 19:00","BZN|BG","3673.62","3998.00"
"22/04/2025 19:00 - 22/04/2025 20:00","BZN|BG","3626.86","4087.00"
"22/04/2025 20:00 - 22/04/2025 21:00","BZN|BG","3685.34","4015.00"
"22/04/2025 21:00 - 22/04/2025 22:00","BZN|BG","3738.57","3828.00"
"22/04/2025 22:00 - 22/04/2025 23:00","BZN|BG","3869.61","3554.00"
"22/04/2025 23:00 - 23/04/2025 00:00","BZN|BG","4056.13","3067.00"
"23/04/2025 00:00 - 23/04/2025 01:00","BZN|BG","4301.32","2851.00"
"23/04/2025 01:00 - 23/04/2025 02:00","BZN|BG","4012.29","2758.00"
"23/04/2025 02:00 - 23/04/2025 03:00","BZN|BG","3834.03","2740.00"
"23/04/2025 03:00 - 23/04/2025 04:00","BZN|BG","3527.71","2766.00"
"23/04/2025 04:00 - 23/04/2025 05:00","BZN|BG","3185.17","2870.00"
"23/04/2025 05:00 - 23/04/2025 06:00","BZN|BG","3014.10","3201.00"
"23/04/2025 06:00 - 23/04/2025 07:00","BZN|BG","2925.44","3549.00"
"23/04/2025 07:00 - 23/04/2025 08:00","BZN|BG","2922.02","3762.00"
"23/04/2025 08:00 - 23/04/2025 09:00","BZN|BG","2931.97","3768.00"
"23/04/2025 09:00 - 23/04/2025 10:00","BZN|BG","3766.23","3661.00"
"23/04/2025 10:00 - 23/04/2025 11:00","BZN|BG","3766.69","3546.00"
"23/04/2025 11:00 - 23/04/2025 12:00","BZN|BG","3691.10","3540.00"
"23/04/2025 12:00 - 23/04/2025 13:00","BZN|BG","3662.52","3520.00"
"23/04/2025 13:00 - 23/04/2025 14:00","BZN|BG","3673.62","3431.00"
"23/04/2025 14:00 - 23/04/2025 15:00","BZN|BG","3626.86","3394.00"
"23/04/2025 15:00 - 23/04/2025 16:00","BZN|BG","3685.34","3338.00"
"23/04/2025 16:00 - 23/04/2025 17:00","BZN|BG","3738.57","3373.00"
"23/04/2025 17:00 - 23/04/2025 18:00","BZN|BG","3869.61","3585.00"
"23/04/2025 18:00 - 23/04/2025 19:00","BZN|BG","4056.13","3895.00"
"23/04/2025 19:00 - 23/04/2025 20:00","BZN|BG","4281.65","4156.00"
"23/04/2025 20:00 - 23/04/2025 21:00","BZN|BG","3944.27","4034.00"
"23/04/2025 21:00 - 23/04/2025 22:00","BZN|BG","3793.85","3812.00"
"23/04/2025 22:00 - 23/04/2025 23:00","BZN|BG","3507.47","3557.00"
"23/04/2025 23:00 - 24/04/2025 00:00","BZN|BG","3185.17","3263.00"
"24/04/2025 00:00 - 24/04/2025 01:00","BZN|BG","3014.10","3059.00"
"24/04/2025 01:00 - 24/04/2025 02:00","BZN|BG","2925.44","2973.00"
"24/04/2025 02:00 - 24/04/2025 03:00","BZN|BG","2922.02","2957.00"
"24/04/2025 03:00 - 24/04/2025 04:00","BZN|BG","2931.97","2983.00"
"24/04/2025 04:00 - 24/04/2025 05:00","BZN|BG","3034.86","3094.00"
"24/04/2025 05:00 - 24/04/2025 06:00","BZN|BG","3426.99","3420.00"
"24/04/2025 06:00 - 24/04/2025 07:00","BZN|BG","3763.43","3756.00"
"24/04/2025 07:00 - 24/04/2025 08:00","BZN|BG","3871.97","3941.00"
"24/04/2025 08:00 - 24/04/2025 09:00","BZN|BG","3843.28","3946.00"
"24/04/2025 09:00 - 24/04/2025 10:00","BZN|BG","3760.49","3858.00"
"24/04/2025 10:00 - 24/04/2025 11:00","BZN|BG","3800.36","3772.00"
"24/04/2025 11:00 - 24/04/2025 12:00","BZN|BG","3741.09","3753.00"
"24/04/2025 12:00 - 24/04/2025 13:00","BZN|BG","3739.18","3746.00"
"24/04/2025 13:00 - 24/04/2025 14:00","BZN|BG","3675.30","3686.00"
"24/04/2025 14:00 - 24/04/2025 15:00","BZN|BG","3593.86","3646.00"
"24/04/2025 15:00 - 24/04/2025 16:00","BZN|BG","3625.53","3593.00"
"24/04/2025 16:00 - 24/04/2025 17:00","BZN|BG","3666.02","3618.00"
"24/04/2025 17:00 - 24/04/2025 18:00","BZN|BG","3784.61","3794.00"
"24/04/2025 18:00 - 24/04/2025 19:00","BZN|BG","3980.13","4056.00"
"24/04/2025 19:00 - 24/04/2025 20:00","BZN|BG","4166.54","4270.00"
"24/04/2025 20:00 - 24/04/2025 21:00","BZN|BG","4068.90","4134.00"
"24/04/2025 21:00 - 24/04/2025 22:00","BZN|BG","3854.50","3880.00"
"24/04/2025 22:00 - 24/04/2025 23:00","BZN|BG","3544.94","3577.00"
"24/04/2025 23:00 - 25/04/2025 00:00","BZN|BG","3221.20","3284.00"
"25/04/2025 00:00 - 25/04/2025 01:00","BZN|BG","3045.87","3040.00"
"25/04/2025 01:00 - 25/04/2025 02:00","BZN|BG","2933.23","2937.00"
"25/04/2025 02:00 - 25/04/2025 03:00","BZN|BG","2905.43","2903.00"
"25/04/2025 03:00 - 25/04/2025 04:00","BZN|BG","2926.46","2935.00"
"25/04/2025 04:00 - 25/04/2025 05:00","BZN|BG","3056.24","3043.00"
"25/04/2025 05:00 - 25/04/2025 06:00","BZN|BG","3426.05","3368.00"
"25/04/2025 06:00 - 25/04/2025 07:00","BZN|BG","3719.49","3715.00"
"25/04/2025 07:00 - 25/04/2025 08:00","BZN|BG","3826.03","3907.00"
"25/04/2025 08:00 - 25/04/2025 09:00","BZN|BG","3758.83","3755.00"
"25/04/2025 09:00 - 25/04/2025 10:00","BZN|BG","3692.64","3600.00"
"25/04/2025 10:00 - 25/04/2025 11:00","BZN|BG","3670.18","3511.00"
"25/04/2025 11:00 - 25/04/2025 12:00","BZN|BG","3652.90","3486.00"
"25/04/2025 12:00 - 25/04/2025 13:00","BZN|BG","3663.70","3504.00"
"25/04/2025 13:00 - 25/04/2025 14:00","BZN|BG","3635.26","3366.00"
"25/04/2025 14:00 - 25/04/2025 15:00","BZN|BG","3662.14","3313.00"
"25/04/2025 15:00 - 25/04/2025 16:00","BZN|BG","3604.76","3213.00"
"25/04/2025 16:00 - 25/04/2025 17:00","BZN|BG","3588.78","3322.00"
"25/04/2025 17:00 - 25/04/2025 18:00","BZN|BG","3730.17","3487.00"
"25/04/2025 18:00 - 25/04/2025 19:00","BZN|BG","3882.40","3809.00"
"25/04/2025 19:00 - 25/04/2025 20:00","BZN|BG","4037.53","4045.00"
"25/04/2025 20:00 - 25/04/2025 21:00","BZN|BG","3923.95","3950.00"
"25/04/2025 21:00 - 25/04/2025 22:00","BZN|BG","3705.53","3781.00"
"25/04/2025 22:00 - 25/04/2025 23:00","BZN|BG","3477.46","3587.00"
"25/04/2025 23:00 - 26/04/2025 00:00","BZN|BG","3184.77","3119.00"
"26/04/2025 00:00 - 26/04/2025 01:00","BZN|BG","2961.17","2968.00"
"26/04/2025 01:00 - 26/04/2025 02:00","BZN|BG","2890.05","2889.00"
"26/04/2025 02:00 - 26/04/2025 03:00","BZN|BG","2845.56","2849.00"
"26/04/2025 03:00 - 26/04/2025 04:00","BZN|BG","2831.08","2835.00"
"26/04/2025 04:00 - 26/04/2025 05:00","BZN|BG","2888.15","2861.00"
"26/04/2025 05:00 - 26/04/2025 06:00","BZN|BG","3025.55","2918.00"
"26/04/2025 06:00 - 26/04/2025 07:00","BZN|BG","3220.12","3062.00"
"26/04/2025 07:00 - 26/04/2025 08:00","BZN|BG","3449.05","3265.00"
"26/04/2025 08:00 - 26/04/2025 09:00","BZN|BG","3621.83","3407.00"
"26/04/2025 09:00 - 26/04/2025 10:00","BZN|BG","3606.35","3459.00"
"26/04/2025 10:00 - 26/04/2025 11:00","BZN|BG","3589.52","3445.00"
"26/04/2025 11:00 - 26/04/2025 12:00","BZN|BG","3595.68","3457.00"
"26/04/2025 12:00 - 26/04/2025 13:00","BZN|BG","3559.80","3358.00"
"26/04/2025 13:00 - 26/04/2025 14:00","BZN|BG","3537.67","3203.00"
"26/04/2025 14:00 - 26/04/2025 15:00","BZN|BG","3582.53","3171.00"
"26/04/2025 15:00 - 26/04/2025 16:00","BZN|BG","3546.84","3135.00"
"26/04/2025 16:00 - 26/04/2025 17:00","BZN|BG","3590.50","3228.00"
"26/04/2025 17:00 - 26/04/2025 18:00","BZN|BG","3711.61","3369.00"
"26/04/2025 18:00 - 26/04/2025 19:00","BZN|BG","3806.70","3587.00"
"26/04/2025 19:00 - 26/04/2025 20:00","BZN|BG","3888.82","3788.00"
"26/04/2025 20:00 - 26/04/2025 21:00","BZN|BG","3744.21","3681.00"
"26/04/2025 21:00 - 26/04/2025 22:00","BZN|BG","3619.93","3526.00"
"26/04/2025 22:00 - 26/04/2025 23:00","BZN|BG","3425.99","3328.00"
"26/04/2025 23:00 - 27/04/2025 00:00","BZN|BG","3189.59","3136.00"
"27/04/2025 00:00 - 27/04/2025 01:00","BZN|BG","2975.93","2958.00"
"27/04/2025 01:00 - 27/04/2025 02:00","BZN|BG","2860.47","2821.00"
"27/04/2025 02:00 - 27/04/2025 03:00","BZN|BG","2787.25","2751.00"
"27/04/2025 03:00 - 27/04/2025 04:00","BZN|BG","2769.82","2741.00"
"27/04/2025 04:00 - 27/04/2025 05:00","BZN|BG","2796.24","2784.00"
"27/04/2025 05:00 - 27/04/2025 06:00","BZN|BG","2846.48","2888.00"
"27/04/2025 06:00 - 27/04/2025 07:00","BZN|BG","3042.19","3131.00"
"27/04/2025 07:00 - 27/04/2025 08:00","BZN|BG","3373.65","3420.00"
"27/04/2025 08:00 - 27/04/2025 09:00","BZN|BG","3721.91","3579.00"
"27/04/2025 09:00 - 27/04/2025 10:00","BZN|BG","3869.76","3593.00"
"27/04/2025 10:00 - 27/04/2025 11:00","BZN|BG","3919.27","3544.00"
"27/04/2025 11:00 - 27/04/2025 12:00","BZN|BG","4005.61","3495.00"
"27/04/2025 12:00 - 27/04/2025 13:00","BZN|BG","3966.69","3400.00"
"27/04/2025 13:00 - 27/04/2025 14:00","BZN|BG","3904.15","3320.00"
"27/04/2025 14:00 - 27/04/2025 15:00","BZN|BG","3911.72","3273.00"
"27/04/2025 15:00 - 27/04/2025 16:00","BZN|BG","3826.27","3216.00"
"27/04/2025 16:00 - 27/04/2025 17:00","BZN|BG","3921.21","3286.00"
"27/04/2025 17:00 - 27/04/2025 18:00","BZN|BG","4050.84","3438.00"
"27/04/2025 18:00 - 27/04/2025 19:00","BZN|BG","4129.93","3724.00"
"27/04/2025 19:00 - 27/04/2025 20:00","BZN|BG","4243.94","4182.00"
"27/04/2025 20:00 - 27/04/2025 21:00","BZN|BG","4114.09","4202.00"
"27/04/2025 21:00 - 27/04/2025 22:00","BZN|BG","3910.89","3984.00"
"27/04/2025 22:00 - 27/04/2025 23:00","BZN|BG","3607.81","3585.00"
"27/04/2025 23:00 - 28/04/2025 00:00","BZN|BG","3285.53","3240.00"
"28/04/2025 00:00 - 28/04/2025 01:00","BZN|BG","3038.48","3013.00"
"28/04/2025 01:00 - 28/04/2025 02:00","BZN|BG","2909.77","2881.00"
"28/04/2025 02:00 - 28/04/2025 03:00","BZN|BG","2900.66","2834.00"
"28/04/2025 03:00 - 28/04/2025 04:00","BZN|BG","2909.96","2833.00"
"28/04/2025 04:00 - 28/04/2025 05:00","BZN|BG","3103.72","2929.00"
"28/04/2025 05:00 - 28/04/2025 06:00","BZN|BG","3450.30","3121.00"
"28/04/2025 06:00 - 28/04/2025 07:00","BZN|BG","3802.47","3456.00"
"28/04/2025 07:00 - 28/04/2025 08:00","BZN|BG","3937.97","3822.00"
"28/04/2025 08:00 - 28/04/2025 09:00","BZN|BG","3919.06","4021.00"
"28/04/2025 09:00 - 28/04/2025 10:00","BZN|BG","3775.01","4023.00"
"28/04/2025 10:00 - 28/04/2025 11:00","BZN|BG","3692.54","3958.00"
"28/04/2025 11:00 - 28/04/2025 12:00","BZN|BG","3704.03","4033.00"
"28/04/2025 12:00 - 28/04/2025 13:00","BZN|BG","3739.06","4027.00"
"28/04/2025 13:00 - 28/04/2025 14:00","BZN|BG","3701.86","3936.00"
"28/04/2025 14:00 - 28/04/2025 15:00","BZN|BG","3661.42","3853.00"
"28/04/2025 15:00 - 28/04/2025 16:00","BZN|BG","3571.41","3730.00"
"28/04/2025 16:00 - 28/04/2025 17:00","BZN|BG","3622.76","3808.00"
"28/04/2025 17:00 - 28/04/2025 18:00","BZN|BG","3762.11","3930.00"
"28/04/2025 18:00 - 28/04/2025 19:00","BZN|BG","4038.34","4133.00"
"28/04/2025 19:00 - 28/04/2025 20:00","BZN|BG","4296.23","4332.00"
"28/04/2025 20:00 - 28/04/2025 21:00","BZN|BG","4256.10","4257.00"
"28/04/2025 21:00 - 28/04/2025 22:00","BZN|BG","3993.91","4061.00"
"28/04/2025 22:00 - 28/04/2025 23:00","BZN|BG","3740.37","3768.00"
"28/04/2025 23:00 - 29/04/2025 00:00","BZN|BG","3402.74","3400.00"
"29/04/2025 00:00 - 29/04/2025 01:00","BZN|BG","3174.39","3163.00"
"29/04/2025 01:00 - 29/04/2025 02:00","BZN|BG","3068.99","3034.00"
"29/04/2025 02:00 - 29/04/2025 03:00","BZN|BG","3044.99","3018.00"
"29/04/2025 03:00 - 29/04/2025 04:00","BZN|BG","3104.85","3019.00"
"29/04/2025 04:00 - 29/04/2025 05:00","BZN|BG","3233.16","3143.00"
"29/04/2025 05:00 - 29/04/2025 06:00","BZN|BG","3631.51","3518.00"
"29/04/2025 06:00 - 29/04/2025 07:00","BZN|BG","3927.95","3888.00"
"29/04/2025 07:00 - 29/04/2025 08:00","BZN|BG","4021.10","4061.00"
"29/04/2025 08:00 - 29/04/2025 09:00","BZN|BG","3916.37","4058.00"
"29/04/2025 09:00 - 29/04/2025 10:00","BZN|BG","3805.68","3984.00"
"29/04/2025 10:00 - 29/04/2025 11:00","BZN|BG","3716.85","3960.00"
"29/04/2025 11:00 - 29/04/2025 12:00","BZN|BG","3688.56","3942.00"
"29/04/2025 12:00 - 29/04/2025 13:00","BZN|BG","3692.83","3920.00"
"29/04/2025 13:00 - 29/04/2025 14:00","BZN|BG","3640.41","3887.00"
"29/04/2025 14:00 - 29/04/2025 15:00","BZN|BG","3603.90","3825.00"
"29/04/2025 15:00 - 29/04/2025 16:00","BZN|BG","3560.78","3807.00"
"29/04/2025 16:00 - 29/04/2025 17:00","BZN|BG","3585.58","3907.00"
"29/04/2025 17:00 - 29/04/2025 18:00","BZN|BG","3768.65","4035.00"
"29/04/2025 18:00 - 29/04/2025 19:00","BZN|BG","4066.91","4325.00"
"29/04/2025 19:00 - 29/04/2025 20:00","BZN|BG","4358.16","4454.00"
"29/04/2025 20:00 - 29/04/2025 21:00","BZN|BG","4331.96","4279.00"
"29/04/2025 21:00 - 29/04/2025 22:00","BZN|BG","4109.73","4063.00"
"29/04/2025 22:00 - 29/04/2025 23:00","BZN|BG","3784.03","3786.00"
"29/04/2025 23:00 - 30/04/2025 00:00","BZN|BG","3415.43","3483.00"
"30/04/2025 00:00 - 30/04/2025 01:00","BZN|BG","3177.44","3240.00"
"30/04/2025 01:00 - 30/04/2025 02:00","BZN|BG","3058.96","3109.00"
"30/04/2025 02:00 - 30/04/2025 03:00","BZN|BG","3034.31","3085.00"
"30/04/2025 03:00 - 30/04/2025 04:00","BZN|BG","3066.30","3103.00"
"30/04/2025 04:00 - 30/04/2025 05:00","BZN|BG","3238.50","3218.00"
"30/04/2025 05:00 - 30/04/2025 06:00","BZN|BG","3641.51","3581.00"
"30/04/2025 06:00 - 30/04/2025 07:00","BZN|BG","3966.96","3901.00"
"30/04/2025 07:00 - 30/04/2025 08:00","BZN|BG","4048.46","4017.00"
"30/04/2025 08:00 - 30/04/2025 09:00","BZN|BG","3938.50","3951.00"
"30/04/2025 09:00 - 30/04/2025 10:00","BZN|BG","3826.44","3828.00"
"30/04/2025 10:00 - 30/04/2025 11:00","BZN|BG","3755.64","3846.00"
"30/04/2025 11:00 - 30/04/2025 12:00","BZN|BG","3715.98","3732.00"
"30/04/2025 12:00 - 30/04/2025 13:00","BZN|BG","3698.31","3748.00"
"30/04/2025 13:00 - 30/04/2025 14:00","BZN|BG","3659.17","3734.00"
"30/04/2025 14:00 - 30/04/2025 15:00","BZN|BG","3641.33","3650.00"
"30/04/2025 15:00 - 30/04/2025 16:00","BZN|BG","3540.75","3637.00"
"30/04/2025 16:00 - 30/04/2025 17:00","BZN|BG","3541.79","3666.00"
"30/04/2025 17:00 - 30/04/2025 18:00","BZN|BG","3692.47","3850.00"
"30/04/2025 18:00 - 30/04/2025 19:00","BZN|BG","3930.27","4115.00"
"30/04/2025 19:00 - 30/04/2025 20:00","BZN|BG","4157.12","4376.00"
"30/04/2025 20:00 - 30/04/2025 21:00","BZN|BG","4122.69","4241.00"
"30/04/2025 21:00 - 30/04/2025 22:00","BZN|BG","3910.69","4055.00"
"30/04/2025 22:00 - 30/04/2025 23:00","BZN|BG","3619.00","3800.00"
"30/04/2025 23:00 - 01/05/2025 00:00","BZN|BG","3335.86","3366.00"
"01/05/2025 00:00 - 01/05/2025 01:00","BZN|BG","3081.04","3147.00"
"01/05/2025 01:00 - 01/05/2025 02:00","BZN|BG","2960.26","3088.00"
"01/05/2025 02:00 - 01/05/2025 03:00","BZN|BG","2909.13","3032.00"
"01/05/2025 03:00 - 01/05/2025 04:00","BZN|BG","2900.20","3011.00"
"01/05/2025 04:00 - 01/05/2025 05:00","BZN|BG","2948.82","3072.00"
"01/05/2025 05:00 - 01/05/2025 06:00","BZN|BG","3058.20","3205.00"
"01/05/2025 06:00 - 01/05/2025 07:00","BZN|BG","3309.86","3369.00"
"01/05/2025 07:00 - 01/05/2025 08:00","BZN|BG","3555.17","3480.00"
"01/05/2025 08:00 - 01/05/2025 09:00","BZN|BG","3659.55","3562.00"
"01/05/2025 09:00 - 01/05/2025 10:00","BZN|BG","3618.57","3447.00"
"01/05/2025 10:00 - 01/05/2025 11:00","BZN|BG","3541.74","3430.00"
"01/05/2025 11:00 - 01/05/2025 12:00","BZN|BG","3522.36","3350.00"
"01/05/2025 12:00 - 01/05/2025 13:00","BZN|BG","3545.58","3373.00"
"01/05/2025 13:00 - 01/05/2025 14:00","BZN|BG","3536.42","3368.00"
"01/05/2025 14:00 - 01/05/2025 15:00","BZN|BG","3534.57","3325.00"
"01/05/2025 15:00 - 01/05/2025 16:00","BZN|BG","3545.86","3330.00"
"01/05/2025 16:00 - 01/05/2025 17:00","BZN|BG","3522.56","3331.00"
"01/05/2025 17:00 - 01/05/2025 18:00","BZN|BG","3640.76","3515.00"
"01/05/2025 18:00 - 01/05/2025 19:00","BZN|BG","3828.31","3743.00"
"01/05/2025 19:00 - 01/05/2025 20:00","BZN|BG","4031.48","3955.00"
"01/05/2025 20:00 - 01/05/2025 21:00","BZN|BG","3966.68","3876.00"
"01/05/2025 21:00 - 01/05/2025 22:00","BZN|BG","3755.42","3735.00"
"01/05/2025 22:00 - 01/05/2025 23:00","BZN|BG","3450.84","3561.00"
"01/05/2025 23:00 - 02/05/2025 00:00","BZN|BG","3091.24","3256.00"
"02/05/2025 00:00 - 02/05/2025 01:00","BZN|BG","2842.98","2993.00"
"02/05/2025 01:00 - 02/05/2025 02:00","BZN|BG","2730.52","2870.00"
"02/05/2025 02:00 - 02/05/2025 03:00","BZN|BG","2609.42","2851.00"
"02/05/2025 03:00 - 02/05/2025 04:00","BZN|BG","2553.86","2880.00"
"02/05/2025 04:00 - 02/05/2025 05:00","BZN|BG","2661.01","3006.00"
"02/05/2025 05:00 - 02/05/2025 06:00","BZN|BG","2954.98","3342.00"
"02/05/2025 06:00 - 02/05/2025 07:00","BZN|BG","3237.60","3647.00"
"02/05/2025 07:00 - 02/05/2025 08:00","BZN|BG","3300.75","3749.00"
"02/05/2025 08:00 - 02/05/2025 09:00","BZN|BG","3221.89","3710.00"
"02/05/2025 09:00 - 02/05/2025 10:00","BZN|BG","3199.00","3599.00"
"02/05/2025 10:00 - 02/05/2025 11:00","BZN|BG","3175.10","3595.00"
"02/05/2025 11:00 - 02/05/2025 12:00","BZN|BG","3142.02","3532.00"
"02/05/2025 12:00 - 02/05/2025 13:00","BZN|BG","3238.99","3544.00"
"02/05/2025 13:00 - 02/05/2025 14:00","BZN|BG","3234.53","3528.00"
"02/05/2025 14:00 - 02/05/2025 15:00","BZN|BG","3276.64","3480.00"
"02/05/2025 15:00 - 02/05/2025 16:00","BZN|BG","3280.73","3476.00"
"02/05/2025 16:00 - 02/05/2025 17:00","BZN|BG","3311.86","3465.00"
"02/05/2025 17:00 - 02/05/2025 18:00","BZN|BG","3477.35","3581.00"
"02/05/2025 18:00 - 02/05/2025 19:00","BZN|BG","3691.49","3751.00"
"02/05/2025 19:00 - 02/05/2025 20:00","BZN|BG","3881.80","3897.00"
"02/05/2025 20:00 - 02/05/2025 21:00","BZN|BG","3859.13","3819.00"
"02/05/2025 21:00 - 02/05/2025 22:00","BZN|BG","3686.25","3676.00"
"02/05/2025 22:00 - 02/05/2025 23:00","BZN|BG","3431.91","3491.00"
"02/05/2025 23:00 - 03/05/2025 00:00","BZN|BG","3138.44","3096.00"
"03/05/2025 00:00 - 03/05/2025 01:00","BZN|BG","2915.35","2867.00"
"03/05/2025 01:00 - 03/05/2025 02:00","BZN|BG","2852.76","2795.00"
"03/05/2025 02:00 - 03/05/2025 03:00","BZN|BG","2816.09","2749.00"
"03/05/2025 03:00 - 03/05/2025 04:00","BZN|BG","2804.86","2734.00"
"03/05/2025 04:00 - 03/05/2025 05:00","BZN|BG","2835.85","2775.00"
"03/05/2025 05:00 - 03/05/2025 06:00","BZN|BG","2898.45","2873.00"
"03/05/2025 06:00 - 03/05/2025 07:00","BZN|BG","3081.52","3011.00"
"03/05/2025 07:00 - 03/05/2025 08:00","BZN|BG","3227.40","3174.00"
"03/05/2025 08:00 - 03/05/2025 09:00","BZN|BG","3245.32","3297.00"
"03/05/2025 09:00 - 03/05/2025 10:00","BZN|BG","3307.41","3254.00"
"03/05/2025 10:00 - 03/05/2025 11:00","BZN|BG","3258.57","3207.00"
"03/05/2025 11:00 - 03/05/2025 12:00","BZN|BG","3173.60","3224.00"
"03/05/2025 12:00 - 03/05/2025 13:00","BZN|BG","3183.16","3125.00"
"03/05/2025 13:00 - 03/05/2025 14:00","BZN|BG","3214.51","3063.00"
"03/05/2025 14:00 - 03/05/2025 15:00","BZN|BG","3192.24","3145.00"
"03/05/2025 15:00 - 03/05/2025 16:00","BZN|BG","3176.28","3080.00"
"03/05/2025 16:00 - 03/05/2025 17:00","BZN|BG","3200.66","3159.00"
"03/05/2025 17:00 - 03/05/2025 18:00","BZN|BG","3329.95","3379.00"
"03/05/2025 18:00 - 03/05/2025 19:00","BZN|BG","3496.30","3552.00"
"03/05/2025 19:00 - 03/05/2025 20:00","BZN|BG","3600.49","3701.00"
"03/05/2025 20:00 - 03/05/2025 21:00","BZN|BG","3584.08","3551.00"
"03/05/2025 21:00 - 03/05/2025 22:00","BZN|BG","3395.18","3421.00"
"03/05/2025 22:00 - 03/05/2025 23:00","BZN|BG","3196.81","3220.00"
"03/05/2025 23:00 - 04/05/2025 00:00","BZN|BG","3108.74","2773.00"
"04/05/2025 00:00 - 04/05/2025 01:00","BZN|BG","2896.22","2687.00"
"04/05/2025 01:00 - 04/05/2025 02:00","BZN|BG","2777.28","2640.00"
"04/05/2025 02:00 - 04/05/2025 03:00","BZN|BG","2725.54","2611.00"
"04/05/2025 03:00 - 04/05/2025 04:00","BZN|BG","2704.96","2604.00"
"04/05/2025 04:00 - 04/05/2025 05:00","BZN|BG","2728.99","2616.00"
"04/05/2025 05:00 - 04/05/2025 06:00","BZN|BG","2803.24","2640.00"
"04/05/2025 06:00 - 04/05/2025 07:00","BZN|BG","2972.35","2733.00"
"04/05/2025 07:00 - 04/05/2025 08:00","BZN|BG","3203.18","2891.00"
"04/05/2025 08:00 - 04/05/2025 09:00","BZN|BG","3437.14","3057.00"
"04/05/2025 09:00 - 04/05/2025 10:00","BZN|BG","3483.56","3127.00"
"04/05/2025 10:00 - 04/05/2025 11:00","BZN|BG","3461.28","3151.00"
"04/05/2025 11:00 - 04/05/2025 12:00","BZN|BG","3456.63","3192.00"
"04/05/2025 12:00 - 04/05/2025 13:00","BZN|BG","3511.46","3183.00"
"04/05/2025 13:00 - 04/05/2025 14:00","BZN|BG","3486.11","3168.00"
"04/05/2025 14:00 - 04/05/2025 15:00","BZN|BG","3475.16","3170.00"
"04/05/2025 15:00 - 04/05/2025 16:00","BZN|BG","3426.30","3151.00"
"04/05/2025 16:00 - 04/05/2025 17:00","BZN|BG","3502.45","3290.00"
"04/05/2025 17:00 - 04/05/2025 18:00","BZN|BG","3622.80","3482.00"
"04/05/2025 18:00 - 04/05/2025 19:00","BZN|BG","3682.54","3598.00"
"04/05/2025 19:00 - 04/05/2025 20:00","BZN|BG","3833.66","3766.00"
"04/05/2025 20:00 - 04/05/2025 21:00","BZN|BG","3808.41","3668.00"
"04/05/2025 21:00 - 04/05/2025 22:00","BZN|BG","3577.45","3514.00"
"04/05/2025 22:00 - 04/05/2025 23:00","BZN|BG","3285.14","3284.00"
"04/05/2025 23:00 - 05/05/2025 00:00","BZN|BG","3031.11","3008.00"
"05/05/2025 00:00 - 05/05/2025 01:00","BZN|BG","2791.08","2788.00"
"05/05/2025 01:00 - 05/05/2025 02:00","BZN|BG","2657.20","2674.00"
"05/05/2025 02:00 - 05/05/2025 03:00","BZN|BG","2611.00","2666.00"
"05/05/2025 03:00 - 05/05/2025 04:00","BZN|BG","2611.52","2674.00"
"05/05/2025 04:00 - 05/05/2025 05:00","BZN|BG","2720.54","2838.00"
"05/05/2025 05:00 - 05/05/2025 06:00","BZN|BG","2979.19","3132.00"
"05/05/2025 06:00 - 05/05/2025 07:00","BZN|BG","3279.81","3430.00"
"05/05/2025 07:00 - 05/05/2025 08:00","BZN|BG","3465.54","3545.00"
"05/05/2025 08:00 - 05/05/2025 09:00","BZN|BG","3527.45","3531.00"
"05/05/2025 09:00 - 05/05/2025 10:00","BZN|BG","3480.00","3427.00"
"05/05/2025 10:00 - 05/05/2025 11:00","BZN|BG","3437.13","3367.00"
"05/05/2025 11:00 - 05/05/2025 12:00","BZN|BG","3429.55","3376.00"
"05/05/2025 12:00 - 05/05/2025 13:00","BZN|BG","3468.53","3401.00"
"05/05/2025 13:00 - 05/05/2025 14:00","BZN|BG","3480.15","3374.00"
"05/05/2025 14:00 - 05/05/2025 15:00","BZN|BG","3534.72","3345.00"
"05/05/2025 15:00 - 05/05/2025 16:00","BZN|BG","3506.78","3280.00"
"05/05/2025 16:00 - 05/05/2025 17:00","BZN|BG","3490.98","3320.00"
"05/05/2025 17:00 - 05/05/2025 18:00","BZN|BG","3573.50","3428.00"
"05/05/2025 18:00 - 05/05/2025 19:00","BZN|BG","3711.17","3644.00"
"05/05/2025 19:00 - 05/05/2025 20:00","BZN|BG","3770.65","3845.00"
"05/05/2025 20:00 - 05/05/2025 21:00","BZN|BG","3685.24","3813.00"
"05/05/2025 21:00 - 05/05/2025 22:00","BZN|BG","3505.96","3606.00"
"05/05/2025 22:00 - 05/05/2025 23:00","BZN|BG","3274.02","3406.00"
"05/05/2025 23:00 - 06/05/2025 00:00","BZN|BG","2955.34","2900.00"
"06/05/2025 00:00 - 06/05/2025 01:00","BZN|BG","2742.51","2673.00"
"06/05/2025 01:00 - 06/05/2025 02:00","BZN|BG","2629.10","2603.00"
"06/05/2025 02:00 - 06/05/2025 03:00","BZN|BG","2589.74","2572.00"
"06/05/2025 03:00 - 06/05/2025 04:00","BZN|BG","2601.65","2558.00"
"06/05/2025 04:00 - 06/05/2025 05:00","BZN|BG","2638.81","2600.00"
"06/05/2025 05:00 - 06/05/2025 06:00","BZN|BG","2784.72","2711.00"
"06/05/2025 06:00 - 06/05/2025 07:00","BZN|BG","3057.88","2975.00"
"06/05/2025 07:00 - 06/05/2025 08:00","BZN|BG","3364.93","3257.00"
"06/05/2025 08:00 - 06/05/2025 09:00","BZN|BG","3557.86","3300.00"
"06/05/2025 09:00 - 06/05/2025 10:00","BZN|BG","3587.90","3278.00"
"06/05/2025 10:00 - 06/05/2025 11:00","BZN|BG","3575.77","3128.00"
"06/05/2025 11:00 - 06/05/2025 12:00","BZN|BG","3492.72","3094.00"
"06/05/2025 12:00 - 06/05/2025 13:00","BZN|BG","3474.87","3089.00"
"06/05/2025 13:00 - 06/05/2025 14:00","BZN|BG","3411.73","3054.00"
"06/05/2025 14:00 - 06/05/2025 15:00","BZN|BG","3418.57","3039.00"
"06/05/2025 15:00 - 06/05/2025 16:00","BZN|BG","3335.85","3027.00"
"06/05/2025 16:00 - 06/05/2025 17:00","BZN|BG","3377.92","3001.00"
"06/05/2025 17:00 - 06/05/2025 18:00","BZN|BG","3482.68","3241.00"
"06/05/2025 18:00 - 06/05/2025 19:00","BZN|BG","3505.01","3493.00"
"06/05/2025 19:00 - 06/05/2025 20:00","BZN|BG","3582.64","3768.00"
"06/05/2025 20:00 - 06/05/2025 21:00","BZN|BG","3552.07","3700.00"
"06/05/2025 21:00 - 06/05/2025 22:00","BZN|BG","3406.60","3496.00"
"06/05/2025 22:00 - 06/05/2025 23:00","BZN|BG","3177.11","3219.00"
"06/05/2025 23:00 - 07/05/2025 00:00","BZN|BG","2897.80","3000.00"
"07/05/2025 00:00 - 07/05/2025 01:00","BZN|BG","2670.60","2727.00"
"07/05/2025 01:00 - 07/05/2025 02:00","BZN|BG","2554.67","2633.00"
"07/05/2025 02:00 - 07/05/2025 03:00","BZN|BG","2539.98","2604.00"
"07/05/2025 03:00 - 07/05/2025 04:00","BZN|BG","2565.03","2626.00"
"07/05/2025 04:00 - 07/05/2025 05:00","BZN|BG","2697.66","2753.00"
"07/05/2025 05:00 - 07/05/2025 06:00","BZN|BG","3103.07","3120.00"
"07/05/2025 06:00 - 07/05/2025 07:00","BZN|BG","3448.60","3448.00"
"07/05/2025 07:00 - 07/05/2025 08:00","BZN|BG","3616.13","3600.00"
"07/05/2025 08:00 - 07/05/2025 09:00","BZN|BG","3681.74","3617.00"
"07/05/2025 09:00 - 07/05/2025 10:00","BZN|BG","3671.44","3547.00"
"07/05/2025 10:00 - 07/05/2025 11:00","BZN|BG","3647.62","3513.00"
"07/05/2025 11:00 - 07/05/2025 12:00","BZN|BG","3602.51","3503.00"
"07/05/2025 12:00 - 07/05/2025 13:00","BZN|BG","3758.88","3498.00"
"07/05/2025 13:00 - 07/05/2025 14:00","BZN|BG","3680.15","3478.00"
"07/05/2025 14:00 - 07/05/2025 15:00","BZN|BG","3568.48","3466.00"
"07/05/2025 15:00 - 07/05/2025 16:00","BZN|BG","3539.76","3453.00"
"07/05/2025 16:00 - 07/05/2025 17:00","BZN|BG","3556.80","3433.00"
"07/05/2025 17:00 - 07/05/2025 18:00","BZN|BG","3727.98","3561.00"
"07/05/2025 18:00 - 07/05/2025 19:00","BZN|BG","3834.99","3696.00"
"07/05/2025 19:00 - 07/05/2025 20:00","BZN|BG","3886.69","3845.00"
"07/05/2025 20:00 - 07/05/2025 21:00","BZN|BG","3833.58","3791.00"
"07/05/2025 21:00 - 07/05/2025 22:00","BZN|BG","3617.68","3600.00"
"07/05/2025 22:00 - 07/05/2025 23:00","BZN|BG","3307.31","3328.00"
"07/05/2025 23:00 - 08/05/2025 00:00","BZN|BG","2990.51","3040.00"
"08/05/2025 00:00 - 08/05/2025 01:00","BZN|BG","2780.03","2800.00"
"08/05/2025 01:00 - 08/05/2025 02:00","BZN|BG","2691.08","2692.00"
"08/05/2025 02:00 - 08/05/2025 03:00","BZN|BG","2660.99","2666.00"
"08/05/2025 03:00 - 08/05/2025 04:00","BZN|BG","2682.38","2689.00"
"08/05/2025 04:00 - 08/05/2025 05:00","BZN|BG","2785.02","2816.00"
"08/05/2025 05:00 - 08/05/2025 06:00","BZN|BG","3190.60","3169.00"
"08/05/2025 06:00 - 08/05/2025 07:00","BZN|BG","3521.36","3495.00"
"08/05/2025 07:00 - 08/05/2025 08:00","BZN|BG","3690.35","3688.00"
"08/05/2025 08:00 - 08/05/2025 09:00","BZN|BG","3728.24","3690.00"
"08/05/2025 09:00 - 08/05/2025 10:00","BZN|BG","3636.64","3626.00"
"08/05/2025 10:00 - 08/05/2025 11:00","BZN|BG","3629.58","3588.00"
"08/05/2025 11:00 - 08/05/2025 12:00","BZN|BG","3660.37","3584.00"
"08/05/2025 12:00 - 08/05/2025 13:00","BZN|BG","3717.52","3562.00"
"08/05/2025 13:00 - 08/05/2025 14:00","BZN|BG","3709.86","3536.00"
"08/05/2025 14:00 - 08/05/2025 15:00","BZN|BG","3684.00","3534.00"
"08/05/2025 15:00 - 08/05/2025 16:00","BZN|BG","3636.95","3478.00"
"08/05/2025 16:00 - 08/05/2025 17:00","BZN|BG","3667.84","3461.00"
"08/05/2025 17:00 - 08/05/2025 18:00","BZN|BG","3819.27","3613.00"
"08/05/2025 18:00 - 08/05/2025 19:00","BZN|BG","3917.23","3717.00"
"08/05/2025 19:00 - 08/05/2025 20:00","BZN|BG","3952.38","3908.00"
"08/05/2025 20:00 - 08/05/2025 21:00","BZN|BG","3878.71","3842.00"
"08/05/2025 21:00 - 08/05/2025 22:00","BZN|BG","3665.14","3649.00"
"08/05/2025 22:00 - 08/05/2025 23:00","BZN|BG","3364.74","3383.00"
"08/05/2025 23:00 - 09/05/2025 00:00","BZN|BG","3055.02","3032.00"
"09/05/2025 00:00 - 09/05/2025 01:00","BZN|BG","2835.66","2804.00"
"09/05/2025 01:00 - 09/05/2025 02:00","BZN|BG","2735.72","2694.00"
"09/05/2025 02:00 - 09/05/2025 03:00","BZN|BG","2696.08","2673.00"
"09/05/2025 03:00 - 09/05/2025 04:00","BZN|BG","2697.54","2695.00"
"09/05/2025 04:00 - 09/05/2025 05:00","BZN|BG","2830.99","2820.00"
"09/05/2025 05:00 - 09/05/2025 06:00","BZN|BG","3227.86","3125.00"
"09/05/2025 06:00 - 09/05/2025 07:00","BZN|BG","3572.56","3404.00"
"09/05/2025 07:00 - 09/05/2025 08:00","BZN|BG","3740.75","3593.00"
"09/05/2025 08:00 - 09/05/2025 09:00","BZN|BG","3770.39","3603.00"
"09/05/2025 09:00 - 09/05/2025 10:00","BZN|BG","3662.70","3440.00"
"09/05/2025 10:00 - 09/05/2025 11:00","BZN|BG","3606.33","3275.00"
"09/05/2025 11:00 - 09/05/2025 12:00","BZN|BG","3517.37","3313.00"
"09/05/2025 12:00 - 09/05/2025 13:00","BZN|BG","3606.74","3381.00"
"09/05/2025 13:00 - 09/05/2025 14:00","BZN|BG","3579.35","3314.00"
"09/05/2025 14:00 - 09/05/2025 15:00","BZN|BG","3577.11","3229.00"
"09/05/2025 15:00 - 09/05/2025 16:00","BZN|BG","3537.78","3203.00"
"09/05/2025 16:00 - 09/05/2025 17:00","BZN|BG","3529.27","3204.00"
"09/05/2025 17:00 - 09/05/2025 18:00","BZN|BG","3661.74","3342.00"
"09/05/2025 18:00 - 09/05/2025 19:00","BZN|BG","3803.02","3539.00"
"09/05/2025 19:00 - 09/05/2025 20:00","BZN|BG","3882.24","3783.00"
"09/05/2025 20:00 - 09/05/2025 21:00","BZN|BG","3781.97","3707.00"
"09/05/2025 21:00 - 09/05/2025 22:00","BZN|BG","3595.41","3528.00"
"09/05/2025 22:00 - 09/05/2025 23:00","BZN|BG","3338.05","3282.00"
"09/05/2025 23:00 - 10/05/2025 00:00","BZN|BG","3076.22","2977.00"
"10/05/2025 00:00 - 10/05/2025 01:00","BZN|BG","2849.62","2739.00"
"10/05/2025 01:00 - 10/05/2025 02:00","BZN|BG","2731.19","2672.00"
"10/05/2025 02:00 - 10/05/2025 03:00","BZN|BG","2693.28","2632.00"
"10/05/2025 03:00 - 10/05/2025 04:00","BZN|BG","2684.53","2620.00"
"10/05/2025 04:00 - 10/05/2025 05:00","BZN|BG","2742.49","2663.00"
"10/05/2025 05:00 - 10/05/2025 06:00","BZN|BG","2908.12","2761.00"
"10/05/2025 06:00 - 10/05/2025 07:00","BZN|BG","3198.72","3083.00"
"10/05/2025 07:00 - 10/05/2025 08:00","BZN|BG","3535.52","3408.00"
"10/05/2025 08:00 - 10/05/2025 09:00","BZN|BG","3757.68","3546.00"
"10/05/2025 09:00 - 10/05/2025 10:00","BZN|BG","3851.05","3670.00"
"10/05/2025 10:00 - 10/05/2025 11:00","BZN|BG","3818.67","3619.00"
"10/05/2025 11:00 - 10/05/2025 12:00","BZN|BG","3786.69","3555.00"
"10/05/2025 12:00 - 10/05/2025 13:00","BZN|BG","3780.18","3568.00"
"10/05/2025 13:00 - 10/05/2025 14:00","BZN|BG","3690.53","3584.00"
"10/05/2025 14:00 - 10/05/2025 15:00","BZN|BG","3589.88","3551.00"
"10/05/2025 15:00 - 10/05/2025 16:00","BZN|BG","3548.95","3514.00"
"10/05/2025 16:00 - 10/05/2025 17:00","BZN|BG","3619.72","3511.00"
"10/05/2025 17:00 - 10/05/2025 18:00","BZN|BG","3754.69","3614.00"
"10/05/2025 18:00 - 10/05/2025 19:00","BZN|BG","3819.11","3748.00"
"10/05/2025 19:00 - 10/05/2025 20:00","BZN|BG","3836.00","3872.00"
"10/05/2025 20:00 - 10/05/2025 21:00","BZN|BG","3749.29","3842.00"
"10/05/2025 21:00 - 10/05/2025 22:00","BZN|BG","3591.74","3538.00"
"10/05/2025 22:00 - 10/05/2025 23:00","BZN|BG","3374.46","3205.00"
"10/05/2025 23:00 - 11/05/2025 00:00","BZN|BG","3119.21","3131.00"
"11/05/2025 00:00 - 11/05/2025 01:00","BZN|BG","2900.96","2946.00"
"11/05/2025 01:00 - 11/05/2025 02:00","BZN|BG","2764.88","2842.00"
"11/05/2025 02:00 - 11/05/2025 03:00","BZN|BG","2703.76","2797.00"
"11/05/2025 03:00 - 11/05/2025 04:00","BZN|BG","2687.74","2779.00"
"11/05/2025 04:00 - 11/05/2025 05:00","BZN|BG","2715.88","2808.00"
"11/05/2025 05:00 - 11/05/2025 06:00","BZN|BG","2833.97","2899.00"
"11/05/2025 06:00 - 11/05/2025 07:00","BZN|BG","3052.30","3105.00"
"11/05/2025 07:00 - 11/05/2025 08:00","BZN|BG","3315.91","3386.00"
"11/05/2025 08:00 - 11/05/2025 09:00","BZN|BG","3513.39","3671.00"
"11/05/2025 09:00 - 11/05/2025 10:00","BZN|BG","3583.23","3728.00"
"11/05/2025 10:00 - 11/05/2025 11:00","BZN|BG","3530.75","3701.00"
"11/05/2025 11:00 - 11/05/2025 12:00","BZN|BG","3521.29","3695.00"
"11/05/2025 12:00 - 11/05/2025 13:00","BZN|BG","3481.11","3762.00"
"11/05/2025 13:00 - 11/05/2025 14:00","BZN|BG","3440.90","3674.00"
"11/05/2025 14:00 - 11/05/2025 15:00","BZN|BG","3401.06","3635.00"
"11/05/2025 15:00 - 11/05/2025 16:00","BZN|BG","3350.06","3465.00"
"11/05/2025 16:00 - 11/05/2025 17:00","BZN|BG","3436.12","3573.00"
"11/05/2025 17:00 - 11/05/2025 18:00","BZN|BG","3571.89","3743.00"
"11/05/2025 18:00 - 11/05/2025 19:00","BZN|BG","3734.74","3827.00"
"11/05/2025 19:00 - 11/05/2025 20:00","BZN|BG","3914.74","4041.00"
"11/05/2025 20:00 - 11/05/2025 21:00","BZN|BG","3926.32","4016.00"
"11/05/2025 21:00 - 11/05/2025 22:00","BZN|BG","3703.35","3791.00"
"11/05/2025 22:00 - 11/05/2025 23:00","BZN|BG","3388.12","3507.00"
"11/05/2025 23:00 - 12/05/2025 00:00","BZN|BG","3062.00","3060.00"
"12/05/2025 00:00 - 12/05/2025 01:00","BZN|BG","2785.69","2857.00"
"12/05/2025 01:00 - 12/05/2025 02:00","BZN|BG","2678.49","2744.00"
"12/05/2025 02:00 - 12/05/2025 03:00","BZN|BG","2670.01","2705.00"
"12/05/2025 03:00 - 12/05/2025 04:00","BZN|BG","2687.99","2706.00"
"12/05/2025 04:00 - 12/05/2025 05:00","BZN|BG","2827.35","2876.00"
"12/05/2025 05:00 - 12/05/2025 06:00","BZN|BG","3254.21","3279.00"
"12/05/2025 06:00 - 12/05/2025 07:00","BZN|BG","3614.87","3748.00"
"12/05/2025 07:00 - 12/05/2025 08:00","BZN|BG","3784.98","4038.00"
"12/05/2025 08:00 - 12/05/2025 09:00","BZN|BG","3842.07","4135.00"
"12/05/2025 09:00 - 12/05/2025 10:00","BZN|BG","3795.66","3963.00"
"12/05/2025 10:00 - 12/05/2025 11:00","BZN|BG","3792.35","3963.00"
"12/05/2025 11:00 - 12/05/2025 12:00","BZN|BG","3803.97","3963.00"
"12/05/2025 12:00 - 12/05/2025 13:00","BZN|BG","3801.03","3963.00"
"12/05/2025 13:00 - 12/05/2025 14:00","BZN|BG","3726.24","3963.00"
"12/05/2025 14:00 - 12/05/2025 15:00","BZN|BG","3670.78","4016.00"
"12/05/2025 15:00 - 12/05/2025 16:00","BZN|BG","3650.56","3989.00"
"12/05/2025 16:00 - 12/05/2025 17:00","BZN|BG","3687.04","3974.00"
"12/05/2025 17:00 - 12/05/2025 18:00","BZN|BG","3868.94","4054.00"
"12/05/2025 18:00 - 12/05/2025 19:00","BZN|BG","4031.44","4188.00"
"12/05/2025 19:00 - 12/05/2025 20:00","BZN|BG","4126.35","4246.00"
"12/05/2025 20:00 - 12/05/2025 21:00","BZN|BG","4063.51","4143.00"
"12/05/2025 21:00 - 12/05/2025 22:00","BZN|BG","3827.39","3926.00"
"12/05/2025 22:00 - 12/05/2025 23:00","BZN|BG","3499.79","3646.00"
"12/05/2025 23:00 - 13/05/2025 00:00","BZN|BG","3181.07","3103.00"
"13/05/2025 00:00 - 13/05/2025 01:00","BZN|BG","2927.39","2854.00"
"13/05/2025 01:00 - 13/05/2025 02:00","BZN|BG","2844.14","2751.00"
"13/05/2025 02:00 - 13/05/2025 03:00","BZN|BG","2799.01","2710.00"
"13/05/2025 03:00 - 13/05/2025 04:00","BZN|BG","2806.18","2713.00"
"13/05/2025 04:00 - 13/05/2025 05:00","BZN|BG","2944.17","2825.00"
"13/05/2025 05:00 - 13/05/2025 06:00","BZN|BG","3381.81","3194.00"
"13/05/2025 06:00 - 13/05/2025 07:00","BZN|BG","3759.14","3618.00"
"13/05/2025 07:00 - 13/05/2025 08:00","BZN|BG","3961.48","3838.00"
"13/05/2025 08:00 - 13/05/2025 09:00","BZN|BG","4036.41","3911.00"
"13/05/2025 09:00 - 13/05/2025 10:00","BZN|BG","3906.48","3810.00"
"13/05/2025 10:00 - 13/05/2025 11:00","BZN|BG","3863.77","3747.00"
"13/05/2025 11:00 - 13/05/2025 12:00","BZN|BG","3910.35","3642.00"
"13/05/2025 12:00 - 13/05/2025 13:00","BZN|BG","3913.19","3745.00"
"13/05/2025 13:00 - 13/05/2025 14:00","BZN|BG","3821.91","3585.00"
"13/05/2025 14:00 - 13/05/2025 15:00","BZN|BG","3754.31","3503.00"
"13/05/2025 15:00 - 13/05/2025 16:00","BZN|BG","3717.01","3493.00"
"13/05/2025 16:00 - 13/05/2025 17:00","BZN|BG","3709.27","3571.00"
"13/05/2025 17:00 - 13/05/2025 18:00","BZN|BG","3900.17","3843.00"
"13/05/2025 18:00 - 13/05/2025 19:00","BZN|BG","4123.21","3985.00"
"13/05/2025 19:00 - 13/05/2025 20:00","BZN|BG","4213.85","4101.00"
"13/05/2025 20:00 - 13/05/2025 21:00","BZN|BG","4135.85","4052.00"
"13/05/2025 21:00 - 13/05/2025 22:00","BZN|BG","3909.55","3818.00"
"13/05/2025 22:00 - 13/05/2025 23:00","BZN|BG","3579.72","3549.00"
"13/05/2025 23:00 - 14/05/2025 00:00","BZN|BG","3224.16","3131.00"
"14/05/2025 00:00 - 14/05/2025 01:00","BZN|BG","2984.99","2881.00"
"14/05/2025 01:00 - 14/05/2025 02:00","BZN|BG","2880.12","2760.00"
"14/05/2025 02:00 - 14/05/2025 03:00","BZN|BG","2859.45","2725.00"
"14/05/2025 03:00 - 14/05/2025 04:00","BZN|BG","2888.03","2743.00"
"14/05/2025 04:00 - 14/05/2025 05:00","BZN|BG","3013.37","2864.00"
"14/05/2025 05:00 - 14/05/2025 06:00","BZN|BG","3442.60","3267.00"
"14/05/2025 06:00 - 14/05/2025 07:00","BZN|BG","3758.18","3653.00"
"14/05/2025 07:00 - 14/05/2025 08:00","BZN|BG","3881.68","3895.00"
"14/05/2025 08:00 - 14/05/2025 09:00","BZN|BG","3821.59","3992.00"
"14/05/2025 09:00 - 14/05/2025 10:00","BZN|BG","3722.03","3933.00"
"14/05/2025 10:00 - 14/05/2025 11:00","BZN|BG","3675.86","3901.00"
"14/05/2025 11:00 - 14/05/2025 12:00","BZN|BG","3757.06","3840.00"
"14/05/2025 12:00 - 14/05/2025 13:00","BZN|BG","3691.05","3933.00"
"14/05/2025 13:00 - 14/05/2025 14:00","BZN|BG","3636.39","3875.00"
"14/05/2025 14:00 - 14/05/2025 15:00","BZN|BG","3600.19","3832.00"
"14/05/2025 15:00 - 14/05/2025 16:00","BZN|BG","3571.21","3767.00"
"14/05/2025 16:00 - 14/05/2025 17:00","BZN|BG","3584.04","3793.00"
"14/05/2025 17:00 - 14/05/2025 18:00","BZN|BG","3729.33","3966.00"
"14/05/2025 18:00 - 14/05/2025 19:00","BZN|BG","3939.29","4080.00"
"14/05/2025 19:00 - 14/05/2025 20:00","BZN|BG","4103.10","4155.00"
"14/05/2025 20:00 - 14/05/2025 21:00","BZN|BG","4117.82","4091.00"
"14/05/2025 21:00 - 14/05/2025 22:00","BZN|BG","3929.56","3902.00"
"14/05/2025 22:00 - 14/05/2025 23:00","BZN|BG","3578.53","3630.00"
"14/05/2025 23:00 - 15/05/2025 00:00","BZN|BG","3240.40","3273.00"
"15/05/2025 00:00 - 15/05/2025 01:00","BZN|BG","2983.78","3033.00"
"15/05/2025 01:00 - 15/05/2025 02:00","BZN|BG","2870.43","2921.00"
"15/05/2025 02:00 - 15/05/2025 03:00","BZN|BG","2841.38","2878.00"
"15/05/2025 03:00 - 15/05/2025 04:00","BZN|BG","2861.87","2894.00"
"15/05/2025 04:00 - 15/05/2025 05:00","BZN|BG","3006.50","2974.00"
"15/05/2025 05:00 - 15/05/2025 06:00","BZN|BG","3448.16","3273.00"
"15/05/2025 06:00 - 15/05/2025 07:00","BZN|BG","3738.98","3591.00"
"15/05/2025 07:00 - 15/05/2025 08:00","BZN|BG","3823.76","3748.00"
"15/05/2025 08:00 - 15/05/2025 09:00","BZN|BG","3784.97","3860.00"
"15/05/2025 09:00 - 15/05/2025 10:00","BZN|BG","3682.83","3717.00"
"15/05/2025 10:00 - 15/05/2025 11:00","BZN|BG","3622.59","3749.00"
"15/05/2025 11:00 - 15/05/2025 12:00","BZN|BG","3577.80","3676.00"
"15/05/2025 12:00 - 15/05/2025 13:00","BZN|BG","3576.94","3788.00"
"15/05/2025 13:00 - 15/05/2025 14:00","BZN|BG","3549.79","3701.00"
"15/05/2025 14:00 - 15/05/2025 15:00","BZN|BG","3555.52","3539.00"
"15/05/2025 15:00 - 15/05/2025 16:00","BZN|BG","3535.79","3432.00"
"15/05/2025 16:00 - 15/05/2025 17:00","BZN|BG","3540.70","3421.00"
"15/05/2025 17:00 - 15/05/2025 18:00","BZN|BG","3717.96","3674.00"
"15/05/2025 18:00 - 15/05/2025 19:00","BZN|BG","3854.70","3876.00"
"15/05/2025 19:00 - 15/05/2025 20:00","BZN|BG","3955.66","4014.00"
"15/05/2025 20:00 - 15/05/2025 21:00","BZN|BG","3969.94","3985.00"
"15/05/2025 21:00 - 15/05/2025 22:00","BZN|BG","3806.11","3787.00"
"15/05/2025 22:00 - 15/05/2025 23:00","BZN|BG","3488.70","3533.00"
"15/05/2025 23:00 - 16/05/2025 00:00","BZN|BG","3140.52","3220.00"
"16/05/2025 00:00 - 16/05/2025 01:00","BZN|BG","2898.14","2969.00"
"16/05/2025 01:00 - 16/05/2025 02:00","BZN|BG","2775.65","2857.00"
"16/05/2025 02:00 - 16/05/2025 03:00","BZN|BG","2740.13","2822.00"
"16/05/2025 03:00 - 16/05/2025 04:00","BZN|BG","2765.54","2838.00"
"16/05/2025 04:00 - 16/05/2025 05:00","BZN|BG","2903.77","2950.00"
"16/05/2025 05:00 - 16/05/2025 06:00","BZN|BG","3289.03","3324.00"
"16/05/2025 06:00 - 16/05/2025 07:00","BZN|BG","3674.11","3658.00"
"16/05/2025 07:00 - 16/05/2025 08:00","BZN|BG","3928.65","3849.00"
"16/05/2025 08:00 - 16/05/2025 09:00","BZN|BG","4071.27","3906.00"
"16/05/2025 09:00 - 16/05/2025 10:00","BZN|BG","4071.00","3852.00"
"16/05/2025 10:00 - 16/05/2025 11:00","BZN|BG","4089.30","3827.00"
"16/05/2025 11:00 - 16/05/2025 12:00","BZN|BG","4126.37","3819.00"
"16/05/2025 12:00 - 16/05/2025 13:00","BZN|BG","4131.77","3849.00"
"16/05/2025 13:00 - 16/05/2025 14:00","BZN|BG","4027.23","3806.00"
"16/05/2025 14:00 - 16/05/2025 15:00","BZN|BG","4033.89","3774.00"
"16/05/2025 15:00 - 16/05/2025 16:00","BZN|BG","4031.87","3739.00"
"16/05/2025 16:00 - 16/05/2025 17:00","BZN|BG","4109.04","3749.00"
"16/05/2025 17:00 - 16/05/2025 18:00","BZN|BG","4248.05","3849.00"
"16/05/2025 18:00 - 16/05/2025 19:00","BZN|BG","4349.54","3939.00"
"16/05/2025 19:00 - 16/05/2025 20:00","BZN|BG","4284.02","3995.00"
"16/05/2025 20:00 - 16/05/2025 21:00","BZN|BG","4107.50","3951.00"
"16/05/2025 21:00 - 16/05/2025 22:00","BZN|BG","3888.18","3790.00"
"16/05/2025 22:00 - 16/05/2025 23:00","BZN|BG","3592.83","3546.00"
"16/05/2025 23:00 - 17/05/2025 00:00","BZN|BG","3322.18","3182.00"
"17/05/2025 00:00 - 17/05/2025 01:00","BZN|BG","3129.06","2908.00"
"17/05/2025 01:00 - 17/05/2025 02:00","BZN|BG","2956.29","2765.00"
"17/05/2025 02:00 - 17/05/2025 03:00","BZN|BG","2894.45","2719.00"
"17/05/2025 03:00 - 17/05/2025 04:00","BZN|BG","2872.68","2708.00"
"17/05/2025 04:00 - 17/05/2025 05:00","BZN|BG","2909.61","2759.00"
"17/05/2025 05:00 - 17/05/2025 06:00","BZN|BG","3090.46","2903.00"
"17/05/2025 06:00 - 17/05/2025 07:00","BZN|BG","3378.29","3157.00"
"17/05/2025 07:00 - 17/05/2025 08:00","BZN|BG","3705.93","3451.00"
"17/05/2025 08:00 - 17/05/2025 09:00","BZN|BG","3924.77","3645.00"
"17/05/2025 09:00 - 17/05/2025 10:00","BZN|BG","3924.02","3727.00"
"17/05/2025 10:00 - 17/05/2025 11:00","BZN|BG","3928.72","3685.00"
"17/05/2025 11:00 - 17/05/2025 12:00","BZN|BG","3898.86","3643.00"
"17/05/2025 12:00 - 17/05/2025 13:00","BZN|BG","3842.82","3634.00"
"17/05/2025 13:00 - 17/05/2025 14:00","BZN|BG","3733.66","3517.00"
"17/05/2025 14:00 - 17/05/2025 15:00","BZN|BG","3587.53","3385.00"
"17/05/2025 15:00 - 17/05/2025 16:00","BZN|BG","3581.67","3331.00"
"17/05/2025 16:00 - 17/05/2025 17:00","BZN|BG","3638.64","3436.00"
"17/05/2025 17:00 - 17/05/2025 18:00","BZN|BG","3673.84","3637.00"
"17/05/2025 18:00 - 17/05/2025 19:00","BZN|BG","3759.25","3733.00"
"17/05/2025 19:00 - 17/05/2025 20:00","BZN|BG","3816.04","3759.00"
"17/05/2025 20:00 - 17/05/2025 21:00","BZN|BG","3835.56","3696.00"
"17/05/2025 21:00 - 17/05/2025 22:00","BZN|BG","3696.78","3581.00"
"17/05/2025 22:00 - 17/05/2025 23:00","BZN|BG","3492.33","3424.00"
"17/05/2025 23:00 - 18/05/2025 00:00","BZN|BG","3256.36","3139.00"
"18/05/2025 00:00 - 18/05/2025 01:00","BZN|BG","3025.64","2953.00"
"18/05/2025 01:00 - 18/05/2025 02:00","BZN|BG","2893.58","2837.00"
"18/05/2025 02:00 - 18/05/2025 03:00","BZN|BG","2819.01","2785.00"
"18/05/2025 03:00 - 18/05/2025 04:00","BZN|BG","2795.35","2772.00"
"18/05/2025 04:00 - 18/05/2025 05:00","BZN|BG","2825.89","2798.00"
"18/05/2025 05:00 - 18/05/2025 06:00","BZN|BG","2973.26","2909.00"
"18/05/2025 06:00 - 18/05/2025 07:00","BZN|BG","3136.18","3114.00"
"18/05/2025 07:00 - 18/05/2025 08:00","BZN|BG","3411.38","3361.00"
"18/05/2025 08:00 - 18/05/2025 09:00","BZN|BG","3600.52","3546.00"
"18/05/2025 09:00 - 18/05/2025 10:00","BZN|BG","3687.58","3612.00"
"18/05/2025 10:00 - 18/05/2025 11:00","BZN|BG","3669.75","3567.00"
"18/05/2025 11:00 - 18/05/2025 12:00","BZN|BG","3640.52","3559.00"
"18/05/2025 12:00 - 18/05/2025 13:00","BZN|BG","3615.28","3524.00"
"18/05/2025 13:00 - 18/05/2025 14:00","BZN|BG","3549.68","3490.00"
"18/05/2025 14:00 - 18/05/2025 15:00","BZN|BG","3445.67","3456.00"
"18/05/2025 15:00 - 18/05/2025 16:00","BZN|BG","3466.07","3413.00"
"18/05/2025 16:00 - 18/05/2025 17:00","BZN|BG","3555.85","3497.00"
"18/05/2025 17:00 - 18/05/2025 18:00","BZN|BG","3690.81","3630.00"
"18/05/2025 18:00 - 18/05/2025 19:00","BZN|BG","3780.55","3789.00"
"18/05/2025 19:00 - 18/05/2025 20:00","BZN|BG","3943.16","3965.00"
"18/05/2025 20:00 - 18/05/2025 21:00","BZN|BG","4030.67","3976.00"
"18/05/2025 21:00 - 18/05/2025 22:00","BZN|BG","3860.21","3736.00"
"18/05/2025 22:00 - 18/05/2025 23:00","BZN|BG","3569.54","3395.00"
"18/05/2025 23:00 - 19/05/2025 00:00","BZN|BG","3196.62","3117.00"
"19/05/2025 00:00 - 19/05/2025 01:00","BZN|BG","2893.33","2777.00"
"19/05/2025 01:00 - 19/05/2025 02:00","BZN|BG","2740.40","2645.00"
"19/05/2025 02:00 - 19/05/2025 03:00","BZN|BG","2740.65","2635.00"
"19/05/2025 03:00 - 19/05/2025 04:00","BZN|BG","2723.26","2651.00"
"19/05/2025 04:00 - 19/05/2025 05:00","BZN|BG","2873.26","2778.00"
"19/05/2025 05:00 - 19/05/2025 06:00","BZN|BG","3294.74","3167.00"
"19/05/2025 06:00 - 19/05/2025 07:00","BZN|BG","3488.83","3496.00"
"19/05/2025 07:00 - 19/05/2025 08:00","BZN|BG","3355.34","3651.00"
"19/05/2025 08:00 - 19/05/2025 09:00","BZN|BG","3127.94","3703.00"
"19/05/2025 09:00 - 19/05/2025 10:00","BZN|BG","2868.39","3651.00"
"19/05/2025 10:00 - 19/05/2025 11:00","BZN|BG","2725.31","3648.00"
"19/05/2025 11:00 - 19/05/2025 12:00","BZN|BG","2655.06","3661.00"
"19/05/2025 12:00 - 19/05/2025 13:00","BZN|BG","2791.68","3657.00"
"19/05/2025 13:00 - 19/05/2025 14:00","BZN|BG","2895.37","3575.00"
"19/05/2025 14:00 - 19/05/2025 15:00","BZN|BG","2958.33","3513.00"
"19/05/2025 15:00 - 19/05/2025 16:00","BZN|BG","3048.15","3491.00"
"19/05/2025 16:00 - 19/05/2025 17:00","BZN|BG","3263.24","3525.00"
"19/05/2025 17:00 - 19/05/2025 18:00","BZN|BG","3616.21","3693.00"
"19/05/2025 18:00 - 19/05/2025 19:00","BZN|BG","3907.43","3844.00"
"19/05/2025 19:00 - 19/05/2025 20:00","BZN|BG","4004.13","3932.00"
"19/05/2025 20:00 - 19/05/2025 21:00","BZN|BG","3985.10","3885.00"
"19/05/2025 21:00 - 19/05/2025 22:00","BZN|BG","3735.43","3708.00"
"19/05/2025 22:00 - 19/05/2025 23:00","BZN|BG","3401.48","3461.00"
"19/05/2025 23:00 - 20/05/2025 00:00","BZN|BG","3110.83","3230.00"
"20/05/2025 00:00 - 20/05/2025 01:00","BZN|BG","2876.38","2958.00"
"20/05/2025 01:00 - 20/05/2025 02:00","BZN|BG","2771.50","2825.00"
"20/05/2025 02:00 - 20/05/2025 03:00","BZN|BG","2757.65","2777.00"
"20/05/2025 03:00 - 20/05/2025 04:00","BZN|BG","2774.16","2808.00"
"20/05/2025 04:00 - 20/05/2025 05:00","BZN|BG","2886.24","2914.00"
"20/05/2025 05:00 - 20/05/2025 06:00","BZN|BG","3298.26","3298.00"
"20/05/2025 06:00 - 20/05/2025 07:00","BZN|BG","3600.60","3645.00"
"20/05/2025 07:00 - 20/05/2025 08:00","BZN|BG","3710.76","3773.00"
"20/05/2025 08:00 - 20/05/2025 09:00","BZN|BG","3723.53","3828.00"
"20/05/2025 09:00 - 20/05/2025 10:00","BZN|BG","3654.43","3694.00"
"20/05/2025 10:00 - 20/05/2025 11:00","BZN|BG","3627.69","3602.00"
"20/05/2025 11:00 - 20/05/2025 12:00","BZN|BG","3625.53","3655.00"
"20/05/2025 12:00 - 20/05/2025 13:00","BZN|BG","3577.32","3718.00"
"20/05/2025 13:00 - 20/05/2025 14:00","BZN|BG","3607.78","3664.00"
"20/05/2025 14:00 - 20/05/2025 15:00","BZN|BG","3550.63","3542.00"
"20/05/2025 15:00 - 20/05/2025 16:00","BZN|BG","3485.71","3492.00"
"20/05/2025 16:00 - 20/05/2025 17:00","BZN|BG","3533.65","3467.00"
"20/05/2025 17:00 - 20/05/2025 18:00","BZN|BG","3625.57","3628.00"
"20/05/2025 18:00 - 20/05/2025 19:00","BZN|BG","3804.01","3807.00"
"20/05/2025 19:00 - 20/05/2025 20:00","BZN|BG","3871.69","3926.00"
"20/05/2025 20:00 - 20/05/2025 21:00","BZN|BG","3901.22","3905.00"
"20/05/2025 21:00 - 20/05/2025 22:00","BZN|BG","3747.48","3771.00"
"20/05/2025 22:00 - 20/05/2025 23:00","BZN|BG","3497.82","3583.00"
"20/05/2025 23:00 - 21/05/2025 00:00","BZN|BG","3213.60","3106.00"
"21/05/2025 00:00 - 21/05/2025 01:00","BZN|BG","2871.71","2883.00"
"21/05/2025 01:00 - 21/05/2025 02:00","BZN|BG","2757.56","2787.00"
"21/05/2025 02:00 - 21/05/2025 03:00","BZN|BG","2723.97","2758.00"
"21/05/2025 03:00 - 21/05/2025 04:00","BZN|BG","2736.93","2776.00"
"21/05/2025 04:00 - 21/05/2025 05:00","BZN|BG","2851.52","2895.00"
"21/05/2025 05:00 - 21/05/2025 06:00","BZN|BG","3219.46","3267.00"
"21/05/2025 06:00 - 21/05/2025 07:00","BZN|BG","3535.42","3568.00"
"21/05/2025 07:00 - 21/05/2025 08:00","BZN|BG","3720.65","3714.00"
"21/05/2025 08:00 - 21/05/2025 09:00","BZN|BG","3746.63","3740.00"
"21/05/2025 09:00 - 21/05/2025 10:00","BZN|BG","3739.75","3692.00"
"21/05/2025 10:00 - 21/05/2025 11:00","BZN|BG","3743.92","3673.00"
"21/05/2025 11:00 - 21/05/2025 12:00","BZN|BG","3699.55","3690.00"
"21/05/2025 12:00 - 21/05/2025 13:00","BZN|BG","3736.18","3682.00"
"21/05/2025 13:00 - 21/05/2025 14:00","BZN|BG","3741.39","3642.00"
"21/05/2025 14:00 - 21/05/2025 15:00","BZN|BG","3679.58","3629.00"
"21/05/2025 15:00 - 21/05/2025 16:00","BZN|BG","3666.59","3616.00"
"21/05/2025 16:00 - 21/05/2025 17:00","BZN|BG","3702.00","3639.00"
"21/05/2025 17:00 - 21/05/2025 18:00","BZN|BG","3780.19","3811.00"
"21/05/2025 18:00 - 21/05/2025 19:00","BZN|BG","3848.35","3988.00"
"21/05/2025 19:00 - 21/05/2025 20:00","BZN|BG","3840.30","4065.00"
"21/05/2025 20:00 - 21/05/2025 21:00","BZN|BG","3837.56","4007.00"
"21/05/2025 21:00 - 21/05/2025 22:00","BZN|BG","3692.70","3805.00"
"21/05/2025 22:00 - 21/05/2025 23:00","BZN|BG","3399.06","3476.00"
"21/05/2025 23:00 - 22/05/2025 00:00","BZN|BG","3143.48","3078.00"
"22/05/2025 00:00 - 22/05/2025 01:00","BZN|BG","2906.43","2818.00"
"22/05/2025 01:00 - 22/05/2025 02:00","BZN|BG","2778.73","2700.00"
"22/05/2025 02:00 - 22/05/2025 03:00","BZN|BG","2768.09","2648.00"
"22/05/2025 03:00 - 22/05/2025 04:00","BZN|BG","2771.11","2664.00"
"22/05/2025 04:00 - 22/05/2025 05:00","BZN|BG","2869.95","2780.00"
"22/05/2025 05:00 - 22/05/2025 06:00","BZN|BG","3268.68","3134.00"
"22/05/2025 06:00 - 22/05/2025 07:00","BZN|BG","3566.41","3444.00"
"22/05/2025 07:00 - 22/05/2025 08:00","BZN|BG","3678.73","3644.00"
"22/05/2025 08:00 - 22/05/2025 09:00","BZN|BG","3791.45","3683.00"
"22/05/2025 09:00 - 22/05/2025 10:00","BZN|BG","3739.17","3633.00"
"22/05/2025 10:00 - 22/05/2025 11:00","BZN|BG","3722.19","3601.00"
"22/05/2025 11:00 - 22/05/2025 12:00","BZN|BG","3749.46","3574.00"
"22/05/2025 12:00 - 22/05/2025 13:00","BZN|BG","3778.84","3513.00"
"22/05/2025 13:00 - 22/05/2025 14:00","BZN|BG","3780.48","3514.00"
"22/05/2025 14:00 - 22/05/2025 15:00","BZN|BG","3710.44","3526.00"
"22/05/2025 15:00 - 22/05/2025 16:00","BZN|BG","3684.60","3492.00"
"22/05/2025 16:00 - 22/05/2025 17:00","BZN|BG","3685.19","3467.00"
"22/05/2025 17:00 - 22/05/2025 18:00","BZN|BG","3763.56","3612.00"
"22/05/2025 18:00 - 22/05/2025 19:00","BZN|BG","3818.58","3716.00"
"22/05/2025 19:00 - 22/05/2025 20:00","BZN|BG","3831.34","3812.00"
"22/05/2025 20:00 - 22/05/2025 21:00","BZN|BG","3800.20","3801.00"
"22/05/2025 21:00 - 22/05/2025 22:00","BZN|BG","3617.05","3662.00"
"22/05/2025 22:00 - 22/05/2025 23:00","BZN|BG","3358.26","3433.00"
"22/05/2025 23:00 - 23/05/2025 00:00","BZN|BG","3103.08","3101.00"
"23/05/2025 00:00 - 23/05/2025 01:00","BZN|BG","2840.24","2851.00"
"23/05/2025 01:00 - 23/05/2025 02:00","BZN|BG","2750.33","2736.00"
"23/05/2025 02:00 - 23/05/2025 03:00","BZN|BG","2701.65","2685.00"
"23/05/2025 03:00 - 23/05/2025 04:00","BZN|BG","2699.04","2700.00"
"23/05/2025 04:00 - 23/05/2025 05:00","BZN|BG","2824.79","2803.00"
"23/05/2025 05:00 - 23/05/2025 06:00","BZN|BG","3091.72","3119.00"
"23/05/2025 06:00 - 23/05/2025 07:00","BZN|BG","3401.53","3395.00"
"23/05/2025 07:00 - 23/05/2025 08:00","BZN|BG","3611.81","3573.00"
"23/05/2025 08:00 - 23/05/2025 09:00","BZN|BG","3657.31","3608.00"
"23/05/2025 09:00 - 23/05/2025 10:00","BZN|BG","3647.02","3572.00"
"23/05/2025 10:00 - 23/05/2025 11:00","BZN|BG","3667.39","3548.00"
"23/05/2025 11:00 - 23/05/2025 12:00","BZN|BG","3712.75","3529.00"
"23/05/2025 12:00 - 23/05/2025 13:00","BZN|BG","3807.03","3484.00"
"23/05/2025 13:00 - 23/05/2025 14:00","BZN|BG","3734.69","3485.00"
"23/05/2025 14:00 - 23/05/2025 15:00","BZN|BG","3675.13","3494.00"
"23/05/2025 15:00 - 23/05/2025 16:00","BZN|BG","3560.71","3469.00"
"23/05/2025 16:00 - 23/05/2025 17:00","BZN|BG","3538.22","3451.00"
"23/05/2025 17:00 - 23/05/2025 18:00","BZN|BG","3661.42","3570.00"
"23/05/2025 18:00 - 23/05/2025 19:00","BZN|BG","3715.40","3656.00"
"23/05/2025 19:00 - 23/05/2025 20:00","BZN|BG","3743.12","3734.00"
"23/05/2025 20:00 - 23/05/2025 21:00","BZN|BG","3714.49","3724.00"
"23/05/2025 21:00 - 23/05/2025 22:00","BZN|BG","3538.14","3600.00"
"23/05/2025 22:00 - 23/05/2025 23:00","BZN|BG","3278.09","3395.00"
"23/05/2025 23:00 - 24/05/2025 00:00","BZN|BG","3001.63","3039.00"
"24/05/2025 00:00 - 24/05/2025 01:00","BZN|BG","2755.06","2845.00"
"24/05/2025 01:00 - 24/05/2025 02:00","BZN|BG","2622.04","2671.00"
"24/05/2025 02:00 - 24/05/2025 03:00","BZN|BG","2560.15","2609.00"
"24/05/2025 03:00 - 24/05/2025 04:00","BZN|BG","2533.35","2587.00"
"24/05/2025 04:00 - 24/05/2025 05:00","BZN|BG","2555.01","2617.00"
"24/05/2025 05:00 - 24/05/2025 06:00","BZN|BG","2684.47","2762.00"
"24/05/2025 06:00 - 24/05/2025 07:00","BZN|BG","2953.36","2993.00"
"24/05/2025 07:00 - 24/05/2025 08:00","BZN|BG","3237.18","3256.00"
"24/05/2025 08:00 - 24/05/2025 09:00","BZN|BG","3369.47","3432.00"
"24/05/2025 09:00 - 24/05/2025 10:00","BZN|BG","3473.80","3431.00"
"24/05/2025 10:00 - 24/05/2025 11:00","BZN|BG","3612.01","3435.00"
"24/05/2025 11:00 - 24/05/2025 12:00","BZN|BG","3676.12","3430.00"
"24/05/2025 12:00 - 24/05/2025 13:00","BZN|BG","3639.98","3420.00"
"24/05/2025 13:00 - 24/05/2025 14:00","BZN|BG","3580.45","3400.00"
"24/05/2025 14:00 - 24/05/2025 15:00","BZN|BG","3484.00","3375.00"
"24/05/2025 15:00 - 24/05/2025 16:00","BZN|BG","3457.06","3374.00"
"24/05/2025 16:00 - 24/05/2025 17:00","BZN|BG","3542.28","3412.00"
"24/05/2025 17:00 - 24/05/2025 18:00","BZN|BG","3654.09","3436.00"
"24/05/2025 18:00 - 24/05/2025 19:00","BZN|BG","3640.25","3493.00"
"24/05/2025 19:00 - 24/05/2025 20:00","BZN|BG","3580.23","3532.00"
"24/05/2025 20:00 - 24/05/2025 21:00","BZN|BG","3476.49","3545.00"
"24/05/2025 21:00 - 24/05/2025 22:00","BZN|BG","3411.41","3448.00"
"24/05/2025 22:00 - 24/05/2025 23:00","BZN|BG","3238.39","3304.00"
"24/05/2025 23:00 - 25/05/2025 00:00","BZN|BG","3039.06","3170.00"
"25/05/2025 00:00 - 25/05/2025 01:00","BZN|BG","2833.77","2865.00"
"25/05/2025 01:00 - 25/05/2025 02:00","BZN|BG","2699.54","2691.00"
"25/05/2025 02:00 - 25/05/2025 03:00","BZN|BG","2615.83","2592.00"
"25/05/2025 03:00 - 25/05/2025 04:00","BZN|BG","2590.09","2561.00"
"25/05/2025 04:00 - 25/05/2025 05:00","BZN|BG","2608.53","2590.00"
"25/05/2025 05:00 - 25/05/2025 06:00","BZN|BG","2748.46","2734.00"
"25/05/2025 06:00 - 25/05/2025 07:00","BZN|BG","3020.24","2893.00"
"25/05/2025 07:00 - 25/05/2025 08:00","BZN|BG","3310.29","3161.00"
"25/05/2025 08:00 - 25/05/2025 09:00","BZN|BG","3623.98","3345.00"
"25/05/2025 09:00 - 25/05/2025 10:00","BZN|BG","3827.50","3430.00"
"25/05/2025 10:00 - 25/05/2025 11:00","BZN|BG","3971.60","3433.00"
"25/05/2025 11:00 - 25/05/2025 12:00","BZN|BG","4103.60","3438.00"
"25/05/2025 12:00 - 25/05/2025 13:00","BZN|BG","4013.33","3443.00"
"25/05/2025 13:00 - 25/05/2025 14:00","BZN|BG","3990.79","3455.00"
"25/05/2025 14:00 - 25/05/2025 15:00","BZN|BG","3922.11","3474.00"
"25/05/2025 15:00 - 25/05/2025 16:00","BZN|BG","3897.86","3478.00"
"25/05/2025 16:00 - 25/05/2025 17:00","BZN|BG","3964.99","3496.00"
"25/05/2025 17:00 - 25/05/2025 18:00","BZN|BG","3987.86","3523.00"
"25/05/2025 18:00 - 25/05/2025 19:00","BZN|BG","4011.91","3541.00"
"25/05/2025 19:00 - 25/05/2025 20:00","BZN|BG","3917.32","3573.00"
"25/05/2025 20:00 - 25/05/2025 21:00","BZN|BG","3796.97","3590.00"
"25/05/2025 21:00 - 25/05/2025 22:00","BZN|BG","3616.64","3409.00"
"25/05/2025 22:00 - 25/05/2025 23:00","BZN|BG","3372.69","3099.00"
"25/05/2025 23:00 - 26/05/2025 00:00","BZN|BG","3129.38","2843.00"
"26/05/2025 00:00 - 26/05/2025 01:00","BZN|BG","2889.33","2726.00"
"26/05/2025 01:00 - 26/05/2025 02:00","BZN|BG","2782.08","2607.00"
"26/05/2025 02:00 - 26/05/2025 03:00","BZN|BG","2705.56","2567.00"
"26/05/2025 03:00 - 26/05/2025 04:00","BZN|BG","2781.19","2548.00"
"26/05/2025 04:00 - 26/05/2025 05:00","BZN|BG","2790.77","2668.00"
"26/05/2025 05:00 - 26/05/2025 06:00","BZN|BG","2977.70","3024.00"
"26/05/2025 06:00 - 26/05/2025 07:00","BZN|BG","3246.87","3361.00"
"26/05/2025 07:00 - 26/05/2025 08:00","BZN|BG","3583.52","3531.00"
"26/05/2025 08:00 - 26/05/2025 09:00","BZN|BG","3847.67","3735.00"
"26/05/2025 09:00 - 26/05/2025 10:00","BZN|BG","3923.86","3670.00"
"26/05/2025 10:00 - 26/05/2025 11:00","BZN|BG","3947.10","3671.00"
"26/05/2025 11:00 - 26/05/2025 12:00","BZN|BG","3949.45","3656.00"
"26/05/2025 12:00 - 26/05/2025 13:00","BZN|BG","3878.83","3656.00"
"26/05/2025 13:00 - 26/05/2025 14:00","BZN|BG","3801.77","3656.00"
"26/05/2025 14:00 - 26/05/2025 15:00","BZN|BG","3774.56","3718.00"
"26/05/2025 15:00 - 26/05/2025 16:00","BZN|BG","3770.69","3835.00"
"26/05/2025 16:00 - 26/05/2025 17:00","BZN|BG","3794.35","3762.00"
"26/05/2025 17:00 - 26/05/2025 18:00","BZN|BG","3832.58","3771.00"
"26/05/2025 18:00 - 26/05/2025 19:00","BZN|BG","3949.76","3877.00"
"26/05/2025 19:00 - 26/05/2025 20:00","BZN|BG","4009.33","3926.00"
"26/05/2025 20:00 - 26/05/2025 21:00","BZN|BG","4018.55","3933.00"
"26/05/2025 21:00 - 26/05/2025 22:00","BZN|BG","3832.41","3741.00"
"26/05/2025 22:00 - 26/05/2025 23:00","BZN|BG","3494.28","3298.00"
"26/05/2025 23:00 - 27/05/2025 00:00","BZN|BG","3189.97","2738.00"
"27/05/2025 00:00 - 27/05/2025 01:00","BZN|BG","2927.95","2674.00"
"27/05/2025 01:00 - 27/05/2025 02:00","BZN|BG","2803.20","2637.00"
"27/05/2025 02:00 - 27/05/2025 03:00","BZN|BG","2778.56","2621.00"
"27/05/2025 03:00 - 27/05/2025 04:00","BZN|BG","2794.21","2620.00"
"27/05/2025 04:00 - 27/05/2025 05:00","BZN|BG","2902.10","2754.00"
"27/05/2025 05:00 - 27/05/2025 06:00","BZN|BG","3344.73","3153.00"
"27/05/2025 06:00 - 27/05/2025 07:00","BZN|BG","3665.55","3595.00"
"27/05/2025 07:00 - 27/05/2025 08:00","BZN|BG","3838.00","3887.00"
"27/05/2025 08:00 - 27/05/2025 09:00","BZN|BG","3912.01","3998.00"
"27/05/2025 09:00 - 27/05/2025 10:00","BZN|BG","3834.25","4026.00"
"27/05/2025 10:00 - 27/05/2025 11:00","BZN|BG","3964.16","3997.00"
"27/05/2025 11:00 - 27/05/2025 12:00","BZN|BG","3889.74","3954.00"
"27/05/2025 12:00 - 27/05/2025 13:00","BZN|BG","3930.50","3932.00"
"27/05/2025 13:00 - 27/05/2025 14:00","BZN|BG","3949.66","3939.00"
"27/05/2025 14:00 - 27/05/2025 15:00","BZN|BG","3884.73","3989.00"
"27/05/2025 15:00 - 27/05/2025 16:00","BZN|BG","3789.45","3958.00"
"27/05/2025 16:00 - 27/05/2025 17:00","BZN|BG","3699.57","3880.00"
"27/05/2025 17:00 - 27/05/2025 18:00","BZN|BG","3847.46","4130.00"
"27/05/2025 18:00 - 27/05/2025 19:00","BZN|BG","3997.21","4175.00"
"27/05/2025 19:00 - 27/05/2025 20:00","BZN|BG","4073.07","4264.00"
"27/05/2025 20:00 - 27/05/2025 21:00","BZN|BG","4097.74","4250.00"
"27/05/2025 21:00 - 27/05/2025 22:00","BZN|BG","3891.00","3861.00"
"27/05/2025 22:00 - 27/05/2025 23:00","BZN|BG","3562.79","3277.00"
"27/05/2025 23:00 - 28/05/2025 00:00","BZN|BG","3251.75","3091.00"
"28/05/2025 00:00 - 28/05/2025 01:00","BZN|BG","3006.33","2907.00"
"28/05/2025 01:00 - 28/05/2025 02:00","BZN|BG","2890.23","2795.00"
"28/05/2025 02:00 - 28/05/2025 03:00","BZN|BG","2850.93","2743.00"
"28/05/2025 03:00 - 28/05/2025 04:00","BZN|BG","2886.88","2732.00"
"28/05/2025 04:00 - 28/05/2025 05:00","BZN|BG","3014.97","2833.00"
"28/05/2025 05:00 - 28/05/2025 06:00","BZN|BG","3392.80","3143.00"
"28/05/2025 06:00 - 28/05/2025 07:00","BZN|BG","3643.53","3496.00"
"28/05/2025 07:00 - 28/05/2025 08:00","BZN|BG","3760.89","3728.00"
"28/05/2025 08:00 - 28/05/2025 09:00","BZN|BG","3782.95","3805.00"
"28/05/2025 09:00 - 28/05/2025 10:00","BZN|BG","3691.70","3833.00"
"28/05/2025 10:00 - 28/05/2025 11:00","BZN|BG","3659.53","3761.00"
"28/05/2025 11:00 - 28/05/2025 12:00","BZN|BG","3689.12","3646.00"
"28/05/2025 12:00 - 28/05/2025 13:00","BZN|BG","3745.08","3595.00"
"28/05/2025 13:00 - 28/05/2025 14:00","BZN|BG","3729.15","3658.00"
"28/05/2025 14:00 - 28/05/2025 15:00","BZN|BG","3703.19","3658.00"
"28/05/2025 15:00 - 28/05/2025 16:00","BZN|BG","3685.89","3699.00"
"28/05/2025 16:00 - 28/05/2025 17:00","BZN|BG","3701.46","3687.00"
"28/05/2025 17:00 - 28/05/2025 18:00","BZN|BG","3847.23","3722.00"
"28/05/2025 18:00 - 28/05/2025 19:00","BZN|BG","3956.72","3718.00"
"28/05/2025 19:00 - 28/05/2025 20:00","BZN|BG","4016.67","3871.00"
"28/05/2025 20:00 - 28/05/2025 21:00","BZN|BG","4012.14","3961.00"
"28/05/2025 21:00 - 28/05/2025 22:00","BZN|BG","3807.58","3730.00"
"28/05/2025 22:00 - 28/05/2025 23:00","BZN|BG","3465.91","3369.00"
"28/05/2025 23:00 - 29/05/2025 00:00","BZN|BG","3172.73","3136.00"
"29/05/2025 00:00 - 29/05/2025 01:00","BZN|BG","2936.45","2864.00"
"29/05/2025 01:00 - 29/05/2025 02:00","BZN|BG","2814.51","2758.00"
"29/05/2025 02:00 - 29/05/2025 03:00","BZN|BG","2787.55","2733.00"
"29/05/2025 03:00 - 29/05/2025 04:00","BZN|BG","2819.86","2738.00"
"29/05/2025 04:00 - 29/05/2025 05:00","BZN|BG","2922.67","2850.00"
"29/05/2025 05:00 - 29/05/2025 06:00","BZN|BG","3317.60","3221.00"
"29/05/2025 06:00 - 29/05/2025 07:00","BZN|BG","3623.34","3552.00"
"29/05/2025 07:00 - 29/05/2025 08:00","BZN|BG","3819.29","3726.00"
"29/05/2025 08:00 - 29/05/2025 09:00","BZN|BG","3825.55","3808.00"
"29/05/2025 09:00 - 29/05/2025 10:00","BZN|BG","3746.62","3782.00"
"29/05/2025 10:00 - 29/05/2025 11:00","BZN|BG","3832.45","3782.00"
"29/05/2025 11:00 - 29/05/2025 12:00","BZN|BG","3856.18","3795.00"
"29/05/2025 12:00 - 29/05/2025 13:00","BZN|BG","3867.81","3786.00"
"29/05/2025 13:00 - 29/05/2025 14:00","BZN|BG","3799.99","3802.00"
"29/05/2025 14:00 - 29/05/2025 15:00","BZN|BG","3707.04","3751.00"
"29/05/2025 15:00 - 29/05/2025 16:00","BZN|BG","3620.87","3722.00"
"29/05/2025 16:00 - 29/05/2025 17:00","BZN|BG","3642.19","3732.00"
"29/05/2025 17:00 - 29/05/2025 18:00","BZN|BG","3783.69","3832.00"
"29/05/2025 18:00 - 29/05/2025 19:00","BZN|BG","3926.60","3953.00"
"29/05/2025 19:00 - 29/05/2025 20:00","BZN|BG","3977.64","3937.00"
"29/05/2025 20:00 - 29/05/2025 21:00","BZN|BG","3996.21","3948.00"
"29/05/2025 21:00 - 29/05/2025 22:00","BZN|BG","3794.48","3783.00"
"29/05/2025 22:00 - 29/05/2025 23:00","BZN|BG","3484.15","3463.00"
"29/05/2025 23:00 - 30/05/2025 00:00","BZN|BG","3145.43","3208.00"
"30/05/2025 00:00 - 30/05/2025 01:00","BZN|BG","2906.99","2964.00"
"30/05/2025 01:00 - 30/05/2025 02:00","BZN|BG","2772.51","2855.00"
"30/05/2025 02:00 - 30/05/2025 03:00","BZN|BG","2737.90","2833.00"
"30/05/2025 03:00 - 30/05/2025 04:00","BZN|BG","2765.85","2837.00"
"30/05/2025 04:00 - 30/05/2025 05:00","BZN|BG","2903.51","2937.00"
"30/05/2025 05:00 - 30/05/2025 06:00","BZN|BG","3277.13","3278.00"
"30/05/2025 06:00 - 30/05/2025 07:00","BZN|BG","3597.85","3579.00"
"30/05/2025 07:00 - 30/05/2025 08:00","BZN|BG","3835.80","3753.00"
"30/05/2025 08:00 - 30/05/2025 09:00","BZN|BG","3962.22","3821.00"
"30/05/2025 09:00 - 30/05/2025 10:00","BZN|BG","3925.46","3790.00"
"30/05/2025 10:00 - 30/05/2025 11:00","BZN|BG","4043.77","3775.00"
"30/05/2025 11:00 - 30/05/2025 12:00","BZN|BG","4034.61","3803.00"
"30/05/2025 12:00 - 30/05/2025 13:00","BZN|BG","4051.16","3812.00"
"30/05/2025 13:00 - 30/05/2025 14:00","BZN|BG","3973.60","3824.00"
"30/05/2025 14:00 - 30/05/2025 15:00","BZN|BG","3956.88","3773.00"
"30/05/2025 15:00 - 30/05/2025 16:00","BZN|BG","3809.99","3732.00"
"30/05/2025 16:00 - 30/05/2025 17:00","BZN|BG","3749.68","3729.00"
"30/05/2025 17:00 - 30/05/2025 18:00","BZN|BG","3835.92","3863.00"
"30/05/2025 18:00 - 30/05/2025 19:00","BZN|BG","3964.21","4034.00"
"30/05/2025 19:00 - 30/05/2025 20:00","BZN|BG","3980.46","4013.00"
"30/05/2025 20:00 - 30/05/2025 21:00","BZN|BG","3926.87","4025.00"
"30/05/2025 21:00 - 30/05/2025 22:00","BZN|BG","3726.41","3897.00"
"30/05/2025 22:00 - 30/05/2025 23:00","BZN|BG","3487.68","3675.00"
"30/05/2025 23:00 - 31/05/2025 00:00","BZN|BG","3189.74","3145.00"
"31/05/2025 00:00 - 31/05/2025 01:00","BZN|BG","2957.60","2932.00"
"31/05/2025 01:00 - 31/05/2025 02:00","BZN|BG","2825.90","2816.00"
"31/05/2025 02:00 - 31/05/2025 03:00","BZN|BG","2766.30","2763.00"
"31/05/2025 03:00 - 31/05/2025 04:00","BZN|BG","2749.16","2740.00"
"31/05/2025 04:00 - 31/05/2025 05:00","BZN|BG","2765.54","2754.00"
"31/05/2025 05:00 - 31/05/2025 06:00","BZN|BG","2930.23","2838.00"
"31/05/2025 06:00 - 31/05/2025 07:00","BZN|BG","3140.82","3012.00"
"31/05/2025 07:00 - 31/05/2025 08:00","BZN|BG","3420.12","3196.00"
"31/05/2025 08:00 - 31/05/2025 09:00","BZN|BG","3601.47","3282.00"
"31/05/2025 09:00 - 31/05/2025 10:00","BZN|BG","3658.82","3349.00"
"31/05/2025 10:00 - 31/05/2025 11:00","BZN|BG","3622.55","3439.00"
"31/05/2025 11:00 - 31/05/2025 12:00","BZN|BG","3668.90","3481.00"
"31/05/2025 12:00 - 31/05/2025 13:00","BZN|BG","3619.52","3466.00"
"31/05/2025 13:00 - 31/05/2025 14:00","BZN|BG","3603.60","3443.00"
"31/05/2025 14:00 - 31/05/2025 15:00","BZN|BG","3589.28","3405.00"
"31/05/2025 15:00 - 31/05/2025 16:00","BZN|BG","3519.47","3395.00"
"31/05/2025 16:00 - 31/05/2025 17:00","BZN|BG","3550.80","3480.00"
"31/05/2025 17:00 - 31/05/2025 18:00","BZN|BG","3555.60","3591.00"
"31/05/2025 18:00 - 31/05/2025 19:00","BZN|BG","3592.43","3651.00"
"31/05/2025 19:00 - 31/05/2025 20:00","BZN|BG","3665.34","3635.00"
"31/05/2025 20:00 - 31/05/2025 21:00","BZN|BG","3714.07","3556.00"
"31/05/2025 21:00 - 31/05/2025 22:00","BZN|BG","3590.50","3448.00"
"31/05/2025 22:00 - 31/05/2025 23:00","BZN|BG","3389.75","3298.00"
"31/05/2025 23:00 - 01/06/2025 00:00","BZN|BG","3140.91","3059.00"
"01/06/2025 00:00 - 01/06/2025 01:00","BZN|BG","2905.28","2878.00"
"01/06/2025 01:00 - 01/06/2025 02:00","BZN|BG","2754.22","2760.00"
"01/06/2025 02:00 - 01/06/2025 03:00","BZN|BG","2703.93","2686.00"
"01/06/2025 03:00 - 01/06/2025 04:00","BZN|BG","2662.99","2664.00"
"01/06/2025 04:00 - 01/06/2025 05:00","BZN|BG","2672.13","2677.00"
"01/06/2025 05:00 - 01/06/2025 06:00","BZN|BG","2758.33","2776.00"
"01/06/2025 06:00 - 01/06/2025 07:00","BZN|BG","2928.96","2969.00"
"01/06/2025 07:00 - 01/06/2025 08:00","BZN|BG","3147.89","3175.00"
"01/06/2025 08:00 - 01/06/2025 09:00","BZN|BG","3389.40","3398.00"
"01/06/2025 09:00 - 01/06/2025 10:00","BZN|BG","3437.08","3543.00"
"01/06/2025 10:00 - 01/06/2025 11:00","BZN|BG","3429.05","3645.00"
"01/06/2025 11:00 - 01/06/2025 12:00","BZN|BG","3491.48","3739.00"
"01/06/2025 12:00 - 01/06/2025 13:00","BZN|BG","3471.39","3574.00"
"01/06/2025 13:00 - 01/06/2025 14:00","BZN|BG","3454.90","3533.00"
"01/06/2025 14:00 - 01/06/2025 15:00","BZN|BG","3463.95","3407.00"
"01/06/2025 15:00 - 01/06/2025 16:00","BZN|BG","3424.47","3363.00"
"01/06/2025 16:00 - 01/06/2025 17:00","BZN|BG","3444.13","3640.00"
"01/06/2025 17:00 - 01/06/2025 18:00","BZN|BG","3540.05","3735.00"
"01/06/2025 18:00 - 01/06/2025 19:00","BZN|BG","3617.70","3834.00"
"01/06/2025 19:00 - 01/06/2025 20:00","BZN|BG","3731.08","3768.00"
"01/06/2025 20:00 - 01/06/2025 21:00","BZN|BG","3810.44","3683.00"
"01/06/2025 21:00 - 01/06/2025 22:00","BZN|BG","3681.19","3556.00"
"01/06/2025 22:00 - 01/06/2025 23:00","BZN|BG","3374.45","3384.00"
"01/06/2025 23:00 - 02/06/2025 00:00","BZN|BG","3034.65","3108.00"
"02/06/2025 00:00 - 02/06/2025 01:00","BZN|BG","2791.51","2849.00"
"02/06/2025 01:00 - 02/06/2025 02:00","BZN|BG","2681.86","2733.00"
"02/06/2025 02:00 - 02/06/2025 03:00","BZN|BG","2640.63","2650.00"
"02/06/2025 03:00 - 02/06/2025 04:00","BZN|BG","2684.46","2745.00"
"02/06/2025 04:00 - 02/06/2025 05:00","BZN|BG","2780.97","2757.00"
"02/06/2025 05:00 - 02/06/2025 06:00","BZN|BG","3171.57","2993.00"
"02/06/2025 06:00 - 02/06/2025 07:00","BZN|BG","3471.17","3333.00"
"02/06/2025 07:00 - 02/06/2025 08:00","BZN|BG","3629.49","3758.00"
"02/06/2025 08:00 - 02/06/2025 09:00","BZN|BG","3687.63","4092.00"
"02/06/2025 09:00 - 02/06/2025 10:00","BZN|BG","3647.70","4188.00"
"02/06/2025 10:00 - 02/06/2025 11:00","BZN|BG","3687.50","4218.00"
"02/06/2025 11:00 - 02/06/2025 12:00","BZN|BG","3671.67","4220.00"
"02/06/2025 12:00 - 02/06/2025 13:00","BZN|BG","3726.79","4158.00"
"02/06/2025 13:00 - 02/06/2025 14:00","BZN|BG","3733.75","4091.00"
"02/06/2025 14:00 - 02/06/2025 15:00","BZN|BG","3677.11","4067.00"
"02/06/2025 15:00 - 02/06/2025 16:00","BZN|BG","3660.73","4063.00"
"02/06/2025 16:00 - 02/06/2025 17:00","BZN|BG","3646.22","4072.00"
"02/06/2025 17:00 - 02/06/2025 18:00","BZN|BG","3787.03","4086.00"
"02/06/2025 18:00 - 02/06/2025 19:00","BZN|BG","3867.66","4130.00"
"02/06/2025 19:00 - 02/06/2025 20:00","BZN|BG","3909.42","4153.00"
"02/06/2025 20:00 - 02/06/2025 21:00","BZN|BG","3941.56","4156.00"
"02/06/2025 21:00 - 02/06/2025 22:00","BZN|BG","3799.25","3952.00"
"02/06/2025 22:00 - 02/06/2025 23:00","BZN|BG","3498.63","3580.00"
"02/06/2025 23:00 - 03/06/2025 00:00","BZN|BG","3168.47","3164.00"
"03/06/2025 00:00 - 03/06/2025 01:00","BZN|BG","2929.85","2914.00"
"03/06/2025 01:00 - 03/06/2025 02:00","BZN|BG","2808.27","2801.00"
"03/06/2025 02:00 - 03/06/2025 03:00","BZN|BG","2784.70","2752.00"
"03/06/2025 03:00 - 03/06/2025 04:00","BZN|BG","2786.20","2760.00"
"03/06/2025 04:00 - 03/06/2025 05:00","BZN|BG","2885.63","2853.00"
"03/06/2025 05:00 - 03/06/2025 06:00","BZN|BG","3248.45","3156.00"
"03/06/2025 06:00 - 03/06/2025 07:00","BZN|BG","3554.28","3435.00"
"03/06/2025 07:00 - 03/06/2025 08:00","BZN|BG","3724.82","3598.00"
"03/06/2025 08:00 - 03/06/2025 09:00","BZN|BG","3808.15","3673.00"
"03/06/2025 09:00 - 03/06/2025 10:00","BZN|BG","3790.33","3643.00"
"03/06/2025 10:00 - 03/06/2025 11:00","BZN|BG","3777.73","3682.00"
"03/06/2025 11:00 - 03/06/2025 12:00","BZN|BG","3742.22","3710.00"
"03/06/2025 12:00 - 03/06/2025 13:00","BZN|BG","3830.09","3766.00"
"03/06/2025 13:00 - 03/06/2025 14:00","BZN|BG","3828.29","3716.00"
"03/06/2025 14:00 - 03/06/2025 15:00","BZN|BG","3843.00","3662.00"
"03/06/2025 15:00 - 03/06/2025 16:00","BZN|BG","3794.18","3638.00"
"03/06/2025 16:00 - 03/06/2025 17:00","BZN|BG","3783.48","3597.00"
"03/06/2025 17:00 - 03/06/2025 18:00","BZN|BG","3917.06","3777.00"
"03/06/2025 18:00 - 03/06/2025 19:00","BZN|BG","3962.54","3921.00"
"03/06/2025 19:00 - 03/06/2025 20:00","BZN|BG","3977.46","3964.00"
"03/06/2025 20:00 - 03/06/2025 21:00","BZN|BG","3997.86","3965.00"
"03/06/2025 21:00 - 03/06/2025 22:00","BZN|BG","3844.78","3774.00"
"03/06/2025 22:00 - 03/06/2025 23:00","BZN|BG","3546.99","3547.00"
"03/06/2025 23:00 - 04/06/2025 00:00","BZN|BG","3202.47","3162.00"
"04/06/2025 00:00 - 04/06/2025 01:00","BZN|BG","2966.89","2916.00"
"04/06/2025 01:00 - 04/06/2025 02:00","BZN|BG","2841.82","2791.00"
"04/06/2025 02:00 - 04/06/2025 03:00","BZN|BG","2825.16","2760.00"
"04/06/2025 03:00 - 04/06/2025 04:00","BZN|BG","2802.89","2790.00"
"04/06/2025 04:00 - 04/06/2025 05:00","BZN|BG","2883.91","2918.00"
"04/06/2025 05:00 - 04/06/2025 06:00","BZN|BG","3189.47","3344.00"
"04/06/2025 06:00 - 04/06/2025 07:00","BZN|BG","3482.12","3665.00"
"04/06/2025 07:00 - 04/06/2025 08:00","BZN|BG","3677.47","3859.00"
"04/06/2025 08:00 - 04/06/2025 09:00","BZN|BG","3774.12","3920.00"
"04/06/2025 09:00 - 04/06/2025 10:00","BZN|BG","3789.64","3844.00"
"04/06/2025 10:00 - 04/06/2025 11:00","BZN|BG","3825.65","3925.00"
"04/06/2025 11:00 - 04/06/2025 12:00","BZN|BG","3866.68","3917.00"
"04/06/2025 12:00 - 04/06/2025 13:00","BZN|BG","3933.41","3950.00"
"04/06/2025 13:00 - 04/06/2025 14:00","BZN|BG","3925.62","3926.00"
"04/06/2025 14:00 - 04/06/2025 15:00","BZN|BG","3902.03","3891.00"
"04/06/2025 15:00 - 04/06/2025 16:00","BZN|BG","3859.21","3831.00"
"04/06/2025 16:00 - 04/06/2025 17:00","BZN|BG","3833.57","3811.00"
"04/06/2025 17:00 - 04/06/2025 18:00","BZN|BG","3967.47","3953.00"
"04/06/2025 18:00 - 04/06/2025 19:00","BZN|BG","4059.67","4096.00"
"04/06/2025 19:00 - 04/06/2025 20:00","BZN|BG","4032.16","4151.00"
"04/06/2025 20:00 - 04/06/2025 21:00","BZN|BG","4027.09","4147.00"
"04/06/2025 21:00 - 04/06/2025 22:00","BZN|BG","3845.67","3929.00"
"04/06/2025 22:00 - 04/06/2025 23:00","BZN|BG","3553.75","3602.00"
"04/06/2025 23:00 - 05/06/2025 00:00","BZN|BG","3187.42","3106.00"
"05/06/2025 00:00 - 05/06/2025 01:00","BZN|BG","2953.50","2863.00"
"05/06/2025 01:00 - 05/06/2025 02:00","BZN|BG","2817.39","2733.00"
"05/06/2025 02:00 - 05/06/2025 03:00","BZN|BG","2804.54","2708.00"
"05/06/2025 03:00 - 05/06/2025 04:00","BZN|BG","2772.69","2737.00"
"05/06/2025 04:00 - 05/06/2025 05:00","BZN|BG","2880.25","2862.00"
"05/06/2025 05:00 - 05/06/2025 06:00","BZN|BG","3220.87","3224.00"
"05/06/2025 06:00 - 05/06/2025 07:00","BZN|BG","3517.19","3535.00"
"05/06/2025 07:00 - 05/06/2025 08:00","BZN|BG","3726.25","3717.00"
"05/06/2025 08:00 - 05/06/2025 09:00","BZN|BG","3833.62","3788.00"
"05/06/2025 09:00 - 05/06/2025 10:00","BZN|BG","3860.69","3736.00"
"05/06/2025 10:00 - 05/06/2025 11:00","BZN|BG","3998.32","3825.00"
"05/06/2025 11:00 - 05/06/2025 12:00","BZN|BG","4021.28","3792.00"
"05/06/2025 12:00 - 05/06/2025 13:00","BZN|BG","4140.98","3860.00"
"05/06/2025 13:00 - 05/06/2025 14:00","BZN|BG","4156.89","3842.00"
"05/06/2025 14:00 - 05/06/2025 15:00","BZN|BG","4110.77","3822.00"
"05/06/2025 15:00 - 05/06/2025 16:00","BZN|BG","4043.47","3772.00"
"05/06/2025 16:00 - 05/06/2025 17:00","BZN|BG","3989.57","3758.00"
"05/06/2025 17:00 - 05/06/2025 18:00","BZN|BG","4112.10","3894.00"
"05/06/2025 18:00 - 05/06/2025 19:00","BZN|BG","4111.01","4044.00"
"05/06/2025 19:00 - 05/06/2025 20:00","BZN|BG","4084.61","4084.00"
"05/06/2025 20:00 - 05/06/2025 21:00","BZN|BG","4069.49","4052.00"
"05/06/2025 21:00 - 05/06/2025 22:00","BZN|BG","3892.61","3870.00"
"05/06/2025 22:00 - 05/06/2025 23:00","BZN|BG","3589.37","3540.00"
"05/06/2025 23:00 - 06/06/2025 00:00","BZN|BG","3220.83","3179.00"
"06/06/2025 00:00 - 06/06/2025 01:00","BZN|BG","2971.58","2916.00"
"06/06/2025 01:00 - 06/06/2025 02:00","BZN|BG","2833.46","2781.00"
"06/06/2025 02:00 - 06/06/2025 03:00","BZN|BG","2819.31","2754.00"
"06/06/2025 03:00 - 06/06/2025 04:00","BZN|BG","2796.51","2779.00"
"06/06/2025 04:00 - 06/06/2025 05:00","BZN|BG","2900.76","2894.00"
"06/06/2025 05:00 - 06/06/2025 06:00","BZN|BG","3268.29","3289.00"
"06/06/2025 06:00 - 06/06/2025 07:00","BZN|BG","3564.57","3619.00"
"06/06/2025 07:00 - 06/06/2025 08:00","BZN|BG","3760.81","3812.00"
"06/06/2025 08:00 - 06/06/2025 09:00","BZN|BG","3860.50","3889.00"
"06/06/2025 09:00 - 06/06/2025 10:00","BZN|BG","3874.02","3827.00"
"06/06/2025 10:00 - 06/06/2025 11:00","BZN|BG","3976.59","3899.00"
"06/06/2025 11:00 - 06/06/2025 12:00","BZN|BG","3987.39","3877.00"
"06/06/2025 12:00 - 06/06/2025 13:00","BZN|BG","3991.65","3944.00"
"06/06/2025 13:00 - 06/06/2025 14:00","BZN|BG","3944.16","3941.00"
"06/06/2025 14:00 - 06/06/2025 15:00","BZN|BG","3959.59","3898.00"
"06/06/2025 15:00 - 06/06/2025 16:00","BZN|BG","3973.28","3797.00"
"06/06/2025 16:00 - 06/06/2025 17:00","BZN|BG","4022.08","3785.00"
"06/06/2025 17:00 - 06/06/2025 18:00","BZN|BG","4042.33","3883.00"
"06/06/2025 18:00 - 06/06/2025 19:00","BZN|BG","4000.49","3992.00"
"06/06/2025 19:00 - 06/06/2025 20:00","BZN|BG","3916.31","4000.00"
"06/06/2025 20:00 - 06/06/2025 21:00","BZN|BG","3851.88","4025.00"
"06/06/2025 21:00 - 06/06/2025 22:00","BZN|BG","3691.71","3811.00"
"06/06/2025 22:00 - 06/06/2025 23:00","BZN|BG","3466.27","3515.00"
"06/06/2025 23:00 - 07/06/2025 00:00","BZN|BG","3203.17","3078.00"
"07/06/2025 00:00 - 07/06/2025 01:00","BZN|BG","2970.58","2859.00"
"07/06/2025 01:00 - 07/06/2025 02:00","BZN|BG","2826.91","2735.00"
"07/06/2025 02:00 - 07/06/2025 03:00","BZN|BG","2765.67","2678.00"
"07/06/2025 03:00 - 07/06/2025 04:00","BZN|BG","2736.00","2662.00"
"07/06/2025 04:00 - 07/06/2025 05:00","BZN|BG","2792.63","2678.00"
"07/06/2025 05:00 - 07/06/2025 06:00","BZN|BG","2867.66","2843.00"
"07/06/2025 06:00 - 07/06/2025 07:00","BZN|BG","3055.18","3052.00"
"07/06/2025 07:00 - 07/06/2025 08:00","BZN|BG","3281.58","3331.00"
"07/06/2025 08:00 - 07/06/2025 09:00","BZN|BG","3454.83","3511.00"
"07/06/2025 09:00 - 07/06/2025 10:00","BZN|BG","3524.53","3568.00"
"07/06/2025 10:00 - 07/06/2025 11:00","BZN|BG","3574.31","3532.00"
"07/06/2025 11:00 - 07/06/2025 12:00","BZN|BG","3624.42","3578.00"
"07/06/2025 12:00 - 07/06/2025 13:00","BZN|BG","3636.48","3536.00"
"07/06/2025 13:00 - 07/06/2025 14:00","BZN|BG","3614.87","3522.00"
"07/06/2025 14:00 - 07/06/2025 15:00","BZN|BG","3684.44","3510.00"
"07/06/2025 15:00 - 07/06/2025 16:00","BZN|BG","3717.00","3450.00"
"07/06/2025 16:00 - 07/06/2025 17:00","BZN|BG","3717.87","3496.00"
"07/06/2025 17:00 - 07/06/2025 18:00","BZN|BG","3754.64","3503.00"
"07/06/2025 18:00 - 07/06/2025 19:00","BZN|BG","3766.91","3557.00"
"07/06/2025 19:00 - 07/06/2025 20:00","BZN|BG","3708.38","3665.00"
"07/06/2025 20:00 - 07/06/2025 21:00","BZN|BG","3694.90","3736.00"
"07/06/2025 21:00 - 07/06/2025 22:00","BZN|BG","3579.76","3567.00"
"07/06/2025 22:00 - 07/06/2025 23:00","BZN|BG","3378.93","3293.00"
"07/06/2025 23:00 - 08/06/2025 00:00","BZN|BG","3100.31","3152.00"
"08/06/2025 00:00 - 08/06/2025 01:00","BZN|BG","2884.70","2918.00"
"08/06/2025 01:00 - 08/06/2025 02:00","BZN|BG","2740.31","2781.00"
"08/06/2025 02:00 - 08/06/2025 03:00","BZN|BG","2655.71","2724.00"
"08/06/2025 03:00 - 08/06/2025 04:00","BZN|BG","2635.63","2707.00"
"08/06/2025 04:00 - 08/06/2025 05:00","BZN|BG","2687.62","2727.00"
"08/06/2025 05:00 - 08/06/2025 06:00","BZN|BG","2751.36","2830.00"
"08/06/2025 06:00 - 08/06/2025 07:00","BZN|BG","2918.15","2997.00"
"08/06/2025 07:00 - 08/06/2025 08:00","BZN|BG","3191.98","3249.00"
"08/06/2025 08:00 - 08/06/2025 09:00","BZN|BG","3434.95","3450.00"
"08/06/2025 09:00 - 08/06/2025 10:00","BZN|BG","3557.93","3543.00"
"08/06/2025 10:00 - 08/06/2025 11:00","BZN|BG","3623.51","3605.00"
"08/06/2025 11:00 - 08/06/2025 12:00","BZN|BG","3728.19","3638.00"
"08/06/2025 12:00 - 08/06/2025 13:00","BZN|BG","3761.76","3624.00"
"08/06/2025 13:00 - 08/06/2025 14:00","BZN|BG","3747.81","3594.00"
"08/06/2025 14:00 - 08/06/2025 15:00","BZN|BG","3719.01","3575.00"
"08/06/2025 15:00 - 08/06/2025 16:00","BZN|BG","3714.26","3599.00"
"08/06/2025 16:00 - 08/06/2025 17:00","BZN|BG","3813.70","3646.00"
"08/06/2025 17:00 - 08/06/2025 18:00","BZN|BG","3843.09","3752.00"
"08/06/2025 18:00 - 08/06/2025 19:00","BZN|BG","3931.56","3811.00"
"08/06/2025 19:00 - 08/06/2025 20:00","BZN|BG","3929.26","3854.00"
"08/06/2025 20:00 - 08/06/2025 21:00","BZN|BG","3964.38","3867.00"
"08/06/2025 21:00 - 08/06/2025 22:00","BZN|BG","3848.04","3744.00"
"08/06/2025 22:00 - 08/06/2025 23:00","BZN|BG","3567.63","3455.00"
"08/06/2025 23:00 - 09/06/2025 00:00","BZN|BG","3133.90","3131.00"
"09/06/2025 00:00 - 09/06/2025 01:00","BZN|BG","2877.57","2865.00"
"09/06/2025 01:00 - 09/06/2025 02:00","BZN|BG","2733.19","2745.00"
"09/06/2025 02:00 - 09/06/2025 03:00","BZN|BG","2682.23","2700.00"
"09/06/2025 03:00 - 09/06/2025 04:00","BZN|BG","2676.33","2738.00"
"09/06/2025 04:00 - 09/06/2025 05:00","BZN|BG","2822.18","2821.00"
"09/06/2025 05:00 - 09/06/2025 06:00","BZN|BG","3141.85","3158.00"
"09/06/2025 06:00 - 09/06/2025 07:00","BZN|BG","3413.43","3417.00"
"09/06/2025 07:00 - 09/06/2025 08:00","BZN|BG","3656.44","3554.00"
"09/06/2025 08:00 - 09/06/2025 09:00","BZN|BG","3757.73","3604.00"
"09/06/2025 09:00 - 09/06/2025 10:00","BZN|BG","3767.99","3569.00"
"09/06/2025 10:00 - 09/06/2025 11:00","BZN|BG","3755.61","3604.00"
"09/06/2025 11:00 - 09/06/2025 12:00","BZN|BG","3851.98","3590.00"
"09/06/2025 12:00 - 09/06/2025 13:00","BZN|BG","3930.03","3638.00"
"09/06/2025 13:00 - 09/06/2025 14:00","BZN|BG","3940.88","3644.00"
"09/06/2025 14:00 - 09/06/2025 15:00","BZN|BG","3970.65","3588.00"
"09/06/2025 15:00 - 09/06/2025 16:00","BZN|BG","3948.89","3572.00"
"09/06/2025 16:00 - 09/06/2025 17:00","BZN|BG","3953.58","3557.00"
"09/06/2025 17:00 - 09/06/2025 18:00","BZN|BG","4025.12","3684.00"
"09/06/2025 18:00 - 09/06/2025 19:00","BZN|BG","4000.03","3757.00"
"09/06/2025 19:00 - 09/06/2025 20:00","BZN|BG","3949.52","3794.00"
"09/06/2025 20:00 - 09/06/2025 21:00","BZN|BG","3920.14","3823.00"
"09/06/2025 21:00 - 09/06/2025 22:00","BZN|BG","3758.12","3704.00"
"09/06/2025 22:00 - 09/06/2025 23:00","BZN|BG","3456.63","3451.00"
"09/06/2025 23:00 - 10/06/2025 00:00","BZN|BG","3104.07","3133.00"
"10/06/2025 00:00 - 10/06/2025 01:00","BZN|BG","2872.35","2910.00"
"10/06/2025 01:00 - 10/06/2025 02:00","BZN|BG","2774.44","2787.00"
"10/06/2025 02:00 - 10/06/2025 03:00","BZN|BG","2731.69","2768.00"
"10/06/2025 03:00 - 10/06/2025 04:00","BZN|BG","2731.47","2760.00"
"10/06/2025 04:00 - 10/06/2025 05:00","BZN|BG","2882.71","2848.00"
"10/06/2025 05:00 - 10/06/2025 06:00","BZN|BG","3184.07","3139.00"
"10/06/2025 06:00 - 10/06/2025 07:00","BZN|BG","3481.98","3391.00"
"10/06/2025 07:00 - 10/06/2025 08:00","BZN|BG","3725.59","3559.00"
"10/06/2025 08:00 - 10/06/2025 09:00","BZN|BG","3779.43","3644.00"
"10/06/2025 09:00 - 10/06/2025 10:00","BZN|BG","3728.48","3644.00"
"10/06/2025 10:00 - 10/06/2025 11:00","BZN|BG","3896.71","3708.00"
"10/06/2025 11:00 - 10/06/2025 12:00","BZN|BG","4019.21","3713.00"
"10/06/2025 12:00 - 10/06/2025 13:00","BZN|BG","3990.93","3762.00"
"10/06/2025 13:00 - 10/06/2025 14:00","BZN|BG","3933.51","3754.00"
"10/06/2025 14:00 - 10/06/2025 15:00","BZN|BG","3955.92","3749.00"
"10/06/2025 15:00 - 10/06/2025 16:00","BZN|BG","3827.17","3728.00"
"10/06/2025 16:00 - 10/06/2025 17:00","BZN|BG","3851.88","3721.00"
"10/06/2025 17:00 - 10/06/2025 18:00","BZN|BG","3941.17","3888.00"
"10/06/2025 18:00 - 10/06/2025 19:00","BZN|BG","3972.48","3950.00"
"10/06/2025 19:00 - 10/06/2025 20:00","BZN|BG","3947.31","4028.00"
"10/06/2025 20:00 - 10/06/2025 21:00","BZN|BG","3925.65","4053.00"
"10/06/2025 21:00 - 10/06/2025 22:00","BZN|BG","3747.98","3806.00"
"10/06/2025 22:00 - 10/06/2025 23:00","BZN|BG","3469.72","3500.00"
"10/06/2025 23:00 - 11/06/2025 00:00","BZN|BG","3147.34","3097.00"
"11/06/2025 00:00 - 11/06/2025 01:00","BZN|BG","2906.81","2891.00"
"11/06/2025 01:00 - 11/06/2025 02:00","BZN|BG","2788.29","2779.00"
"11/06/2025 02:00 - 11/06/2025 03:00","BZN|BG","2742.30","2765.00"
"11/06/2025 03:00 - 11/06/2025 04:00","BZN|BG","2760.25","2748.00"
"11/06/2025 04:00 - 11/06/2025 05:00","BZN|BG","2857.33","2841.00"
"11/06/2025 05:00 - 11/06/2025 06:00","BZN|BG","3186.76","3164.00"
"11/06/2025 06:00 - 11/06/2025 07:00","BZN|BG","3476.25","3444.00"
"11/06/2025 07:00 - 11/06/2025 08:00","BZN|BG","3718.94","3626.00"
"11/06/2025 08:00 - 11/06/2025 09:00","BZN|BG","3774.85","3717.00"
"11/06/2025 09:00 - 11/06/2025 10:00","BZN|BG","3747.25","3726.00"
"11/06/2025 10:00 - 11/06/2025 11:00","BZN|BG","3818.76","3788.00"
"11/06/2025 11:00 - 11/06/2025 12:00","BZN|BG","3887.05","3797.00"
"11/06/2025 12:00 - 11/06/2025 13:00","BZN|BG","3987.83","3863.00"
"11/06/2025 13:00 - 11/06/2025 14:00","BZN|BG","3960.14","3844.00"
"11/06/2025 14:00 - 11/06/2025 15:00","BZN|BG","3971.41","3827.00"
"11/06/2025 15:00 - 11/06/2025 16:00","BZN|BG","3936.64","3763.00"
"11/06/2025 16:00 - 11/06/2025 17:00","BZN|BG","3928.86","3744.00"
"11/06/2025 17:00 - 11/06/2025 18:00","BZN|BG","4007.54","3988.00"
"11/06/2025 18:00 - 11/06/2025 19:00","BZN|BG","4073.16","4045.00"
"11/06/2025 19:00 - 11/06/2025 20:00","BZN|BG","4033.12","4008.00"
"11/06/2025 20:00 - 11/06/2025 21:00","BZN|BG","4012.54","3989.00"
"11/06/2025 21:00 - 11/06/2025 22:00","BZN|BG","3829.46","3790.00"
"11/06/2025 22:00 - 11/06/2025 23:00","BZN|BG","3515.90","3458.00"
"11/06/2025 23:00 - 12/06/2025 00:00","BZN|BG","3194.97","3098.00"
"12/06/2025 00:00 - 12/06/2025 01:00","BZN|BG","2937.41","2883.00"
"12/06/2025 01:00 - 12/06/2025 02:00","BZN|BG","2817.72","2763.00"
"12/06/2025 02:00 - 12/06/2025 03:00","BZN|BG","2767.90","2745.00"
"12/06/2025 03:00 - 12/06/2025 04:00","BZN|BG","2775.11","2737.00"
"12/06/2025 04:00 - 12/06/2025 05:00","BZN|BG","2873.78","2839.00"
"12/06/2025 05:00 - 12/06/2025 06:00","BZN|BG","3215.90","3127.00"
"12/06/2025 06:00 - 12/06/2025 07:00","BZN|BG","3506.09","3410.00"
"12/06/2025 07:00 - 12/06/2025 08:00","BZN|BG","3714.35","3584.00"
"12/06/2025 08:00 - 12/06/2025 09:00","BZN|BG","3772.45","3701.00"
"12/06/2025 09:00 - 12/06/2025 10:00","BZN|BG","3768.92","3702.00"
"12/06/2025 10:00 - 12/06/2025 11:00","BZN|BG","3833.06","3745.00"
"12/06/2025 11:00 - 12/06/2025 12:00","BZN|BG","3838.75","3756.00"
"12/06/2025 12:00 - 12/06/2025 13:00","BZN|BG","3883.26","3818.00"
"12/06/2025 13:00 - 12/06/2025 14:00","BZN|BG","3867.25","3778.00"
"12/06/2025 14:00 - 12/06/2025 15:00","BZN|BG","3817.55","3771.00"
"12/06/2025 15:00 - 12/06/2025 16:00","BZN|BG","3822.78","3740.00"
"12/06/2025 16:00 - 12/06/2025 17:00","BZN|BG","3862.95","3695.00"
"12/06/2025 17:00 - 12/06/2025 18:00","BZN|BG","3944.72","3846.00"
"12/06/2025 18:00 - 12/06/2025 19:00","BZN|BG","4035.71","3937.00"
"12/06/2025 19:00 - 12/06/2025 20:00","BZN|BG","3994.11","3926.00"
"12/06/2025 20:00 - 12/06/2025 21:00","BZN|BG","3978.41","3900.00"
"12/06/2025 21:00 - 12/06/2025 22:00","BZN|BG","3841.42","3746.00"
"12/06/2025 22:00 - 12/06/2025 23:00","BZN|BG","3549.91","3496.00"
"12/06/2025 23:00 - 13/06/2025 00:00","BZN|BG","3205.40","3100.00"
"13/06/2025 00:00 - 13/06/2025 01:00","BZN|BG","2995.09","2886.00"
"13/06/2025 01:00 - 13/06/2025 02:00","BZN|BG","2854.35","2771.00"
"13/06/2025 02:00 - 13/06/2025 03:00","BZN|BG","2777.34","2747.00"
"13/06/2025 03:00 - 13/06/2025 04:00","BZN|BG","2791.82","2735.00"
"13/06/2025 04:00 - 13/06/2025 05:00","BZN|BG","2882.66","2824.00"
"13/06/2025 05:00 - 13/06/2025 06:00","BZN|BG","3212.81","3088.00"
"13/06/2025 06:00 - 13/06/2025 07:00","BZN|BG","3445.31","3343.00"
"13/06/2025 07:00 - 13/06/2025 08:00","BZN|BG","3619.46","3516.00"
"13/06/2025 08:00 - 13/06/2025 09:00","BZN|BG","3654.97","3593.00"
"13/06/2025 09:00 - 13/06/2025 10:00","BZN|BG","3644.62","3597.00"
"13/06/2025 10:00 - 13/06/2025 11:00","BZN|BG","3792.46","3677.00"
"13/06/2025 11:00 - 13/06/2025 12:00","BZN|BG","3827.98","3707.00"
"13/06/2025 12:00 - 13/06/2025 13:00","BZN|BG","3854.65","3737.00"
"13/06/2025 13:00 - 13/06/2025 14:00","BZN|BG","3827.75","3710.00"
"13/06/2025 14:00 - 13/06/2025 15:00","BZN|BG","3789.58","3696.00"
"13/06/2025 15:00 - 13/06/2025 16:00","BZN|BG","3782.67","3641.00"
"13/06/2025 16:00 - 13/06/2025 17:00","BZN|BG","3833.45","3646.00"
"13/06/2025 17:00 - 13/06/2025 18:00","BZN|BG","3976.08","3768.00"
"13/06/2025 18:00 - 13/06/2025 19:00","BZN|BG","4010.19","3809.00"
"13/06/2025 19:00 - 13/06/2025 20:00","BZN|BG","3949.27","3814.00"
"13/06/2025 20:00 - 13/06/2025 21:00","BZN|BG","3901.58","3784.00"
"13/06/2025 21:00 - 13/06/2025 22:00","BZN|BG","3767.57","3642.00"
"13/06/2025 22:00 - 13/06/2025 23:00","BZN|BG","3502.91","3394.00"
"13/06/2025 23:00 - 14/06/2025 00:00","BZN|BG","3218.48","3134.00"
"14/06/2025 00:00 - 14/06/2025 01:00","BZN|BG","2981.22","2929.00"
"14/06/2025 01:00 - 14/06/2025 02:00","BZN|BG","2906.21","2803.00"
"14/06/2025 02:00 - 14/06/2025 03:00","BZN|BG","2815.50","2749.00"
"14/06/2025 03:00 - 14/06/2025 04:00","BZN|BG","2769.33","2723.00"
"14/06/2025 04:00 - 14/06/2025 05:00","BZN|BG","2822.64","2775.00"
"14/06/2025 05:00 - 14/06/2025 06:00","BZN|BG","2918.06","2844.00"
"14/06/2025 06:00 - 14/06/2025 07:00","BZN|BG","3116.24","3015.00"
"14/06/2025 07:00 - 14/06/2025 08:00","BZN|BG","3348.01","3222.00"
"14/06/2025 08:00 - 14/06/2025 09:00","BZN|BG","3526.73","3380.00"
"14/06/2025 09:00 - 14/06/2025 10:00","BZN|BG","3625.89","3444.00"
"14/06/2025 10:00 - 14/06/2025 11:00","BZN|BG","3663.80","3490.00"
"14/06/2025 11:00 - 14/06/2025 12:00","BZN|BG","3719.55","3535.00"
"14/06/2025 12:00 - 14/06/2025 13:00","BZN|BG","3775.20","3546.00"
"14/06/2025 13:00 - 14/06/2025 14:00","BZN|BG","3744.96","3443.00"
"14/06/2025 14:00 - 14/06/2025 15:00","BZN|BG","3727.30","3524.00"
"14/06/2025 15:00 - 14/06/2025 16:00","BZN|BG","3643.19","3562.00"
"14/06/2025 16:00 - 14/06/2025 17:00","BZN|BG","3646.98","3563.00"
"14/06/2025 17:00 - 14/06/2025 18:00","BZN|BG","3717.20","3605.00"
"14/06/2025 18:00 - 14/06/2025 19:00","BZN|BG","3729.86","3620.00"
"14/06/2025 19:00 - 14/06/2025 20:00","BZN|BG","3674.60","3576.00"
"14/06/2025 20:00 - 14/06/2025 21:00","BZN|BG","3653.04","3567.00"
"14/06/2025 21:00 - 14/06/2025 22:00","BZN|BG","3554.86","3482.00"
"14/06/2025 22:00 - 14/06/2025 23:00","BZN|BG","3390.70","3334.00"
"14/06/2025 23:00 - 15/06/2025 00:00","BZN|BG","3155.16","3311.00"
"15/06/2025 00:00 - 15/06/2025 01:00","BZN|BG","2939.88","3089.00"
"15/06/2025 01:00 - 15/06/2025 02:00","BZN|BG","2812.91","2940.00"
"15/06/2025 02:00 - 15/06/2025 03:00","BZN|BG","2756.20","2853.00"
"15/06/2025 03:00 - 15/06/2025 04:00","BZN|BG","2735.57","2833.00"
"15/06/2025 04:00 - 15/06/2025 05:00","BZN|BG","2773.06","2862.00"
"15/06/2025 05:00 - 15/06/2025 06:00","BZN|BG","2824.39","2899.00"
"15/06/2025 06:00 - 15/06/2025 07:00","BZN|BG","2966.00","2994.00"
"15/06/2025 07:00 - 15/06/2025 08:00","BZN|BG","3192.03","3150.00"
"15/06/2025 08:00 - 15/06/2025 09:00","BZN|BG","3438.11","3289.00"
"15/06/2025 09:00 - 15/06/2025 10:00","BZN|BG","3562.80","3359.00"
"15/06/2025 10:00 - 15/06/2025 11:00","BZN|BG","3648.98","3397.00"
"15/06/2025 11:00 - 15/06/2025 12:00","BZN|BG","3643.74","3457.00"
"15/06/2025 12:00 - 15/06/2025 13:00","BZN|BG","3684.42","3476.00"
"15/06/2025 13:00 - 15/06/2025 14:00","BZN|BG","3622.20","3412.00"
"15/06/2025 14:00 - 15/06/2025 15:00","BZN|BG","3687.22","3281.00"
"15/06/2025 15:00 - 15/06/2025 16:00","BZN|BG","3742.53","3259.00"
"15/06/2025 16:00 - 15/06/2025 17:00","BZN|BG","3845.03","3479.00"
"15/06/2025 17:00 - 15/06/2025 18:00","BZN|BG","3820.94","3545.00"
"15/06/2025 18:00 - 15/06/2025 19:00","BZN|BG","3834.18","3741.00"
"15/06/2025 19:00 - 15/06/2025 20:00","BZN|BG","3810.91","3736.00"
"15/06/2025 20:00 - 15/06/2025 21:00","BZN|BG","3853.90","3814.00"
"15/06/2025 21:00 - 15/06/2025 22:00","BZN|BG","3750.49","3682.00"
"15/06/2025 22:00 - 15/06/2025 23:00","BZN|BG","3470.91","3364.00"
"15/06/2025 23:00 - 16/06/2025 00:00","BZN|BG","3163.17","3085.00"
"16/06/2025 00:00 - 16/06/2025 01:00","BZN|BG","2915.85","2890.00"
"16/06/2025 01:00 - 16/06/2025 02:00","BZN|BG","2811.13","2780.00"
"16/06/2025 02:00 - 16/06/2025 03:00","BZN|BG","2755.48","2741.00"
"16/06/2025 03:00 - 16/06/2025 04:00","BZN|BG","2789.42","2737.00"
"16/06/2025 04:00 - 16/06/2025 05:00","BZN|BG","2955.55","2871.00"
"16/06/2025 05:00 - 16/06/2025 06:00","BZN|BG","3220.65","3166.00"
"16/06/2025 06:00 - 16/06/2025 07:00","BZN|BG","3503.26","3416.00"
"16/06/2025 07:00 - 16/06/2025 08:00","BZN|BG","3745.80","3640.00"
"16/06/2025 08:00 - 16/06/2025 09:00","BZN|BG","3833.10","3734.00"
"16/06/2025 09:00 - 16/06/2025 10:00","BZN|BG","3835.35","3743.00"
"16/06/2025 10:00 - 16/06/2025 11:00","BZN|BG","3953.70","3732.00"
"16/06/2025 11:00 - 16/06/2025 12:00","BZN|BG","3989.62","3820.00"
"16/06/2025 12:00 - 16/06/2025 13:00","BZN|BG","3967.85","3892.00"
"16/06/2025 13:00 - 16/06/2025 14:00","BZN|BG","3964.04","3703.00"
"16/06/2025 14:00 - 16/06/2025 15:00","BZN|BG","3943.54","3786.00"
"16/06/2025 15:00 - 16/06/2025 16:00","BZN|BG","3941.60","3725.00"
"16/06/2025 16:00 - 16/06/2025 17:00","BZN|BG","3949.36","3738.00"
"16/06/2025 17:00 - 16/06/2025 18:00","BZN|BG","4028.23","3938.00"
"16/06/2025 18:00 - 16/06/2025 19:00","BZN|BG","4082.97","3918.00"
"16/06/2025 19:00 - 16/06/2025 20:00","BZN|BG","4050.65","3879.00"
"16/06/2025 20:00 - 16/06/2025 21:00","BZN|BG","4030.16","3856.00"
"16/06/2025 21:00 - 16/06/2025 22:00","BZN|BG","3897.71","3730.00"
"16/06/2025 22:00 - 16/06/2025 23:00","BZN|BG","3595.57","3496.00"
"16/06/2025 23:00 - 17/06/2025 00:00","BZN|BG","3244.95","3051.00"
"17/06/2025 00:00 - 17/06/2025 01:00","BZN|BG","3015.35","2822.00"
"17/06/2025 01:00 - 17/06/2025 02:00","BZN|BG","2869.29","2704.00"
"17/06/2025 02:00 - 17/06/2025 03:00","BZN|BG","2830.37","2660.00"
"17/06/2025 03:00 - 17/06/2025 04:00","BZN|BG","2826.63","2663.00"
"17/06/2025 04:00 - 17/06/2025 05:00","BZN|BG","2970.62","2767.00"
"17/06/2025 05:00 - 17/06/2025 06:00","BZN|BG","3259.78","3087.00"
"17/06/2025 06:00 - 17/06/2025 07:00","BZN|BG","3564.86","3356.00"
"17/06/2025 07:00 - 17/06/2025 08:00","BZN|BG","3789.49","3560.00"
"17/06/2025 08:00 - 17/06/2025 09:00","BZN|BG","3872.93","3616.00"
"17/06/2025 09:00 - 17/06/2025 10:00","BZN|BG","3877.69","3600.00"
"17/06/2025 10:00 - 17/06/2025 11:00","BZN|BG","3980.17","3706.00"
"17/06/2025 11:00 - 17/06/2025 12:00","BZN|BG","4075.23","3752.00"
"17/06/2025 12:00 - 17/06/2025 13:00","BZN|BG","4111.98","3780.00"
"17/06/2025 13:00 - 17/06/2025 14:00","BZN|BG","4093.00","3724.00"
"17/06/2025 14:00 - 17/06/2025 15:00","BZN|BG","4039.25","3711.00"
"17/06/2025 15:00 - 17/06/2025 16:00","BZN|BG","4075.61","3661.00"
"17/06/2025 16:00 - 17/06/2025 17:00","BZN|BG","4083.77","3732.00"
"17/06/2025 17:00 - 17/06/2025 18:00","BZN|BG","4168.91","3923.00"
"17/06/2025 18:00 - 17/06/2025 19:00","BZN|BG","4210.90","4008.00"
"17/06/2025 19:00 - 17/06/2025 20:00","BZN|BG","4160.30","3957.00"
"17/06/2025 20:00 - 17/06/2025 21:00","BZN|BG","4125.05","3922.00"
"17/06/2025 21:00 - 17/06/2025 22:00","BZN|BG","3986.19","3759.00"
"17/06/2025 22:00 - 17/06/2025 23:00","BZN|BG","3689.58","3481.00"
"17/06/2025 23:00 - 18/06/2025 00:00","BZN|BG","3344.61","3200.00"
"18/06/2025 00:00 - 18/06/2025 01:00","BZN|BG","3100.07","2917.00"
"18/06/2025 01:00 - 18/06/2025 02:00","BZN|BG","2952.89","2773.00"
"18/06/2025 02:00 - 18/06/2025 03:00","BZN|BG","2907.65","2708.00"
"18/06/2025 03:00 - 18/06/2025 04:00","BZN|BG","2918.81","2719.00"
"18/06/2025 04:00 - 18/06/2025 05:00","BZN|BG","3056.10","2845.00"
"18/06/2025 05:00 - 18/06/2025 06:00","BZN|BG","3330.37","3217.00"
"18/06/2025 06:00 - 18/06/2025 07:00","BZN|BG","3624.24","3535.00"
"18/06/2025 07:00 - 18/06/2025 08:00","BZN|BG","3852.16","3783.00"
"18/06/2025 08:00 - 18/06/2025 09:00","BZN|BG","3960.97","3838.00"
"18/06/2025 09:00 - 18/06/2025 10:00","BZN|BG","3983.62","3811.00"
"18/06/2025 10:00 - 18/06/2025 11:00","BZN|BG","4017.17","3940.00"
"18/06/2025 11:00 - 18/06/2025 12:00","BZN|BG","4126.33","4005.00"
"18/06/2025 12:00 - 18/06/2025 13:00","BZN|BG","4249.52","4045.00"
"18/06/2025 13:00 - 18/06/2025 14:00","BZN|BG","4232.02","4002.00"
"18/06/2025 14:00 - 18/06/2025 15:00","BZN|BG","4194.43","3983.00"
"18/06/2025 15:00 - 18/06/2025 16:00","BZN|BG","4125.66","3926.00"
"18/06/2025 16:00 - 18/06/2025 17:00","BZN|BG","4168.81","3981.00"
"18/06/2025 17:00 - 18/06/2025 18:00","BZN|BG","4212.32","4185.00"
"18/06/2025 18:00 - 18/06/2025 19:00","BZN|BG","4259.03","4302.00"
"18/06/2025 19:00 - 18/06/2025 20:00","BZN|BG","4211.50","4241.00"
"18/06/2025 20:00 - 18/06/2025 21:00","BZN|BG","4189.59","4202.00"
"18/06/2025 21:00 - 18/06/2025 22:00","BZN|BG","4029.22","3966.00"
"18/06/2025 22:00 - 18/06/2025 23:00","BZN|BG","3704.29","3548.00"
"18/06/2025 23:00 - 19/06/2025 00:00","BZN|BG","3357.08","3321.00"
"19/06/2025 00:00 - 19/06/2025 01:00","BZN|BG","3107.13","3073.00"
"19/06/2025 01:00 - 19/06/2025 02:00","BZN|BG","2978.17","2941.00"
"19/06/2025 02:00 - 19/06/2025 03:00","BZN|BG","2917.01","2888.00"
"19/06/2025 03:00 - 19/06/2025 04:00","BZN|BG","2930.30","2896.00"
"19/06/2025 04:00 - 19/06/2025 05:00","BZN|BG","3050.95","3031.00"
"19/06/2025 05:00 - 19/06/2025 06:00","BZN|BG","3339.65","3401.00"
"19/06/2025 06:00 - 19/06/2025 07:00","BZN|BG","3639.34","3730.00"
"19/06/2025 07:00 - 19/06/2025 08:00","BZN|BG","3888.75","3984.00"
"19/06/2025 08:00 - 19/06/2025 09:00","BZN|BG","4020.22","4050.00"
"19/06/2025 09:00 - 19/06/2025 10:00","BZN|BG","4088.08","4030.00"
"19/06/2025 10:00 - 19/06/2025 11:00","BZN|BG","4244.26","4159.00"
"19/06/2025 11:00 - 19/06/2025 12:00","BZN|BG","4224.28","4235.00"
"19/06/2025 12:00 - 19/06/2025 13:00","BZN|BG","4289.53","4277.00"
"19/06/2025 13:00 - 19/06/2025 14:00","BZN|BG","4280.86","4252.00"
"19/06/2025 14:00 - 19/06/2025 15:00","BZN|BG","4292.63","4235.00"
"19/06/2025 15:00 - 19/06/2025 16:00","BZN|BG","4335.52","4214.00"
"19/06/2025 16:00 - 19/06/2025 17:00","BZN|BG","4367.32","4235.00"
"19/06/2025 17:00 - 19/06/2025 18:00","BZN|BG","4419.08","4322.00"
"19/06/2025 18:00 - 19/06/2025 19:00","BZN|BG","4447.95","4370.00"
"19/06/2025 19:00 - 19/06/2025 20:00","BZN|BG","4341.39","4320.00"
"19/06/2025 20:00 - 19/06/2025 21:00","BZN|BG","4297.13","4288.00"
"19/06/2025 21:00 - 19/06/2025 22:00","BZN|BG","4143.01","4111.00"
"19/06/2025 22:00 - 19/06/2025 23:00","BZN|BG","3847.70","3786.00"
"19/06/2025 23:00 - 20/06/2025 00:00","BZN|BG","3421.17","3347.00"
"20/06/2025 00:00 - 20/06/2025 01:00","BZN|BG","3152.14","3082.00"
"20/06/2025 01:00 - 20/06/2025 02:00","BZN|BG","3015.34","2938.00"
"20/06/2025 02:00 - 20/06/2025 03:00","BZN|BG","2957.61","2882.00"
"20/06/2025 03:00 - 20/06/2025 04:00","BZN|BG","2951.66","2890.00"
"20/06/2025 04:00 - 20/06/2025 05:00","BZN|BG","3061.10","3008.00"
"20/06/2025 05:00 - 20/06/2025 06:00","BZN|BG","3336.23","3314.00"
"20/06/2025 06:00 - 20/06/2025 07:00","BZN|BG","3637.47","3595.00"
"20/06/2025 07:00 - 20/06/2025 08:00","BZN|BG","3896.15","3811.00"
"20/06/2025 08:00 - 20/06/2025 09:00","BZN|BG","4039.67","3876.00"
"20/06/2025 09:00 - 20/06/2025 10:00","BZN|BG","4107.46","3866.00"
"20/06/2025 10:00 - 20/06/2025 11:00","BZN|BG","4145.76","3962.00"
"20/06/2025 11:00 - 20/06/2025 12:00","BZN|BG","4253.33","4034.00"
"20/06/2025 12:00 - 20/06/2025 13:00","BZN|BG","4313.03","4084.00"
"20/06/2025 13:00 - 20/06/2025 14:00","BZN|BG","4290.16","4092.00"
"20/06/2025 14:00 - 20/06/2025 15:00","BZN|BG","4199.90","4099.00"
"20/06/2025 15:00 - 20/06/2025 16:00","BZN|BG","4152.65","4109.00"
"20/06/2025 16:00 - 20/06/2025 17:00","BZN|BG","4079.63","4108.00"
"20/06/2025 17:00 - 20/06/2025 18:00","BZN|BG","4149.39","4105.00"
"20/06/2025 18:00 - 20/06/2025 19:00","BZN|BG","4120.97","4104.00"
"20/06/2025 19:00 - 20/06/2025 20:00","BZN|BG","4018.92","4069.00"
"20/06/2025 20:00 - 20/06/2025 21:00","BZN|BG","3949.30","4047.00"
"20/06/2025 21:00 - 20/06/2025 22:00","BZN|BG","3805.13","3924.00"
"20/06/2025 22:00 - 20/06/2025 23:00","BZN|BG","3567.12","3694.00"
"20/06/2025 23:00 - 21/06/2025 00:00","BZN|BG","3285.68","3477.00"
"21/06/2025 00:00 - 21/06/2025 01:00","BZN|BG","3031.63","3186.00"
"21/06/2025 01:00 - 21/06/2025 02:00","BZN|BG","2894.10","3094.00"
"21/06/2025 02:00 - 21/06/2025 03:00","BZN|BG","2835.71","2983.00"
"21/06/2025 03:00 - 21/06/2025 04:00","BZN|BG","2822.37","2926.00"
"21/06/2025 04:00 - 21/06/2025 05:00","BZN|BG","2854.08","2975.00"
"21/06/2025 05:00 - 21/06/2025 06:00","BZN|BG","2942.97","3062.00"
"21/06/2025 06:00 - 21/06/2025 07:00","BZN|BG","3142.95","3244.00"
"21/06/2025 07:00 - 21/06/2025 08:00","BZN|BG","3466.85","3456.00"
"21/06/2025 08:00 - 21/06/2025 09:00","BZN|BG","3735.11","3620.00"
"21/06/2025 09:00 - 21/06/2025 10:00","BZN|BG","3865.55","3711.00"
"21/06/2025 10:00 - 21/06/2025 11:00","BZN|BG","3946.31","3745.00"
"21/06/2025 11:00 - 21/06/2025 12:00","BZN|BG","3959.90","3797.00"
"21/06/2025 12:00 - 21/06/2025 13:00","BZN|BG","3956.81","3847.00"
"21/06/2025 13:00 - 21/06/2025 14:00","BZN|BG","3878.03","3836.00"
"21/06/2025 14:00 - 21/06/2025 15:00","BZN|BG","3847.57","3830.00"
"21/06/2025 15:00 - 21/06/2025 16:00","BZN|BG","3709.16","3798.00"
"21/06/2025 16:00 - 21/06/2025 17:00","BZN|BG","3779.31","3813.00"
"21/06/2025 17:00 - 21/06/2025 18:00","BZN|BG","3752.51","4078.00"
"21/06/2025 18:00 - 21/06/2025 19:00","BZN|BG","3735.26","4126.00"
"21/06/2025 19:00 - 21/06/2025 20:00","BZN|BG","3664.51","4055.00"
"21/06/2025 20:00 - 21/06/2025 21:00","BZN|BG","3604.05","4028.00"
"21/06/2025 21:00 - 21/06/2025 22:00","BZN|BG","3503.95","3903.00"
"21/06/2025 22:00 - 21/06/2025 23:00","BZN|BG","3352.20","3695.00"
"21/06/2025 23:00 - 22/06/2025 00:00","BZN|BG","3072.84","3680.00"
"22/06/2025 00:00 - 22/06/2025 01:00","BZN|BG","2863.32","3327.00"
"22/06/2025 01:00 - 22/06/2025 02:00","BZN|BG","2739.23","3118.00"
"22/06/2025 02:00 - 22/06/2025 03:00","BZN|BG","2681.39","3025.00"
"22/06/2025 03:00 - 22/06/2025 04:00","BZN|BG","2654.02","2991.00"
"22/06/2025 04:00 - 22/06/2025 05:00","BZN|BG","2700.43","3033.00"
"22/06/2025 05:00 - 22/06/2025 06:00","BZN|BG","2756.07","3090.00"
"22/06/2025 06:00 - 22/06/2025 07:00","BZN|BG","2894.48","3248.00"
"22/06/2025 07:00 - 22/06/2025 08:00","BZN|BG","3175.81","3499.00"
"22/06/2025 08:00 - 22/06/2025 09:00","BZN|BG","3420.94","3773.00"
"22/06/2025 09:00 - 22/06/2025 10:00","BZN|BG","3537.22","3912.00"
"22/06/2025 10:00 - 22/06/2025 11:00","BZN|BG","3611.45","4007.00"
"22/06/2025 11:00 - 22/06/2025 12:00","BZN|BG","3724.60","4002.00"
"22/06/2025 12:00 - 22/06/2025 13:00","BZN|BG","3705.94","4047.00"
"22/06/2025 13:00 - 22/06/2025 14:00","BZN|BG","3728.40","3735.00"
"22/06/2025 14:00 - 22/06/2025 15:00","BZN|BG","3739.69","3881.00"
"22/06/2025 15:00 - 22/06/2025 16:00","BZN|BG","3677.12","4005.00"
"22/06/2025 16:00 - 22/06/2025 17:00","BZN|BG","3738.01","4236.00"
"22/06/2025 17:00 - 22/06/2025 18:00","BZN|BG","3806.74","4182.00"
"22/06/2025 18:00 - 22/06/2025 19:00","BZN|BG","3839.50","4211.00"
"22/06/2025 19:00 - 22/06/2025 20:00","BZN|BG","3813.90","4159.00"
"22/06/2025 20:00 - 22/06/2025 21:00","BZN|BG","3827.00","4256.00"
"22/06/2025 21:00 - 22/06/2025 22:00","BZN|BG","3723.06","4023.00"
"22/06/2025 22:00 - 22/06/2025 23:00","BZN|BG","3472.77","3394.00"
"22/06/2025 23:00 - 23/06/2025 00:00","BZN|BG","3152.00","3231.00"
"23/06/2025 00:00 - 23/06/2025 01:00","BZN|BG","2898.92","2974.00"
"23/06/2025 01:00 - 23/06/2025 02:00","BZN|BG","2787.09","2865.00"
"23/06/2025 02:00 - 23/06/2025 03:00","BZN|BG","2759.37","2807.00"
"23/06/2025 03:00 - 23/06/2025 04:00","BZN|BG","2773.93","2841.00"
"23/06/2025 04:00 - 23/06/2025 05:00","BZN|BG","2868.84","3011.00"
"23/06/2025 05:00 - 23/06/2025 06:00","BZN|BG","3178.17","3281.00"
"23/06/2025 06:00 - 23/06/2025 07:00","BZN|BG","3465.67","3569.00"
"23/06/2025 07:00 - 23/06/2025 08:00","BZN|BG","3724.00","3816.00"
"23/06/2025 08:00 - 23/06/2025 09:00","BZN|BG","3843.57","3905.00"
"23/06/2025 09:00 - 23/06/2025 10:00","BZN|BG","3944.25","3908.00"
"23/06/2025 10:00 - 23/06/2025 11:00","BZN|BG","3971.14","4028.00"
"23/06/2025 11:00 - 23/06/2025 12:00","BZN|BG","3991.43","4065.00"
"23/06/2025 12:00 - 23/06/2025 13:00","BZN|BG","4075.75","4114.00"
"23/06/2025 13:00 - 23/06/2025 14:00","BZN|BG","4108.69","4122.00"
"23/06/2025 14:00 - 23/06/2025 15:00","BZN|BG","4085.89","4168.00"
"23/06/2025 15:00 - 23/06/2025 16:00","BZN|BG","4031.17","4173.00"
"23/06/2025 16:00 - 23/06/2025 17:00","BZN|BG","4050.79","4179.00"
"23/06/2025 17:00 - 23/06/2025 18:00","BZN|BG","4148.15","4241.00"
"23/06/2025 18:00 - 23/06/2025 19:00","BZN|BG","4176.71","4284.00"
"23/06/2025 19:00 - 23/06/2025 20:00","BZN|BG","4106.02","4237.00"
"23/06/2025 20:00 - 23/06/2025 21:00","BZN|BG","4047.76","4206.00"
"23/06/2025 21:00 - 23/06/2025 22:00","BZN|BG","3904.44","4011.00"
"23/06/2025 22:00 - 23/06/2025 23:00","BZN|BG","3621.23","3564.00"
"23/06/2025 23:00 - 24/06/2025 00:00","BZN|BG","3277.54","3175.00"
"24/06/2025 00:00 - 24/06/2025 01:00","BZN|BG","3036.63","2974.00"
"24/06/2025 01:00 - 24/06/2025 02:00","BZN|BG","2902.71","2859.00"
"24/06/2025 02:00 - 24/06/2025 03:00","BZN|BG","2847.01","2832.00"
"24/06/2025 03:00 - 24/06/2025 04:00","BZN|BG","2845.79","2828.00"
"24/06/2025 04:00 - 24/06/2025 05:00","BZN|BG","2969.72","2928.00"
"24/06/2025 05:00 - 24/06/2025 06:00","BZN|BG","3253.98","3240.00"
"24/06/2025 06:00 - 24/06/2025 07:00","BZN|BG","3548.32","3516.00"
"24/06/2025 07:00 - 24/06/2025 08:00","BZN|BG","3779.36","3752.00"
"24/06/2025 08:00 - 24/06/2025 09:00","BZN|BG","3889.80","3875.00"
"24/06/2025 09:00 - 24/06/2025 10:00","BZN|BG","3960.09","3915.00"
"24/06/2025 10:00 - 24/06/2025 11:00","BZN|BG","4079.20","3989.00"
"24/06/2025 11:00 - 24/06/2025 12:00","BZN|BG","4139.37","3998.00"
"24/06/2025 12:00 - 24/06/2025 13:00","BZN|BG","4228.58","4077.00"
"24/06/2025 13:00 - 24/06/2025 14:00","BZN|BG","4256.29","4066.00"
"24/06/2025 14:00 - 24/06/2025 15:00","BZN|BG","4240.03","4138.00"
"24/06/2025 15:00 - 24/06/2025 16:00","BZN|BG","4234.70","4177.00"
"24/06/2025 16:00 - 24/06/2025 17:00","BZN|BG","4268.97","4246.00"
"24/06/2025 17:00 - 24/06/2025 18:00","BZN|BG","4351.79","4283.00"
"24/06/2025 18:00 - 24/06/2025 19:00","BZN|BG","4359.41","4368.00"
"24/06/2025 19:00 - 24/06/2025 20:00","BZN|BG","4273.16","4251.00"
"24/06/2025 20:00 - 24/06/2025 21:00","BZN|BG","4179.72","4153.00"
"24/06/2025 21:00 - 24/06/2025 22:00","BZN|BG","4034.10","3867.00"
"24/06/2025 22:00 - 24/06/2025 23:00","BZN|BG","3726.26","3440.00"
"24/06/2025 23:00 - 25/06/2025 00:00","BZN|BG","3407.06","3278.00"
"25/06/2025 00:00 - 25/06/2025 01:00","BZN|BG","3113.62","3059.00"
"25/06/2025 01:00 - 25/06/2025 02:00","BZN|BG","2991.61","2936.00"
"25/06/2025 02:00 - 25/06/2025 03:00","BZN|BG","2936.28","2891.00"
"25/06/2025 03:00 - 25/06/2025 04:00","BZN|BG","2933.03","2895.00"
"25/06/2025 04:00 - 25/06/2025 05:00","BZN|BG","3028.55","3013.00"
"25/06/2025 05:00 - 25/06/2025 06:00","BZN|BG","3331.34","3275.00"
"25/06/2025 06:00 - 25/06/2025 07:00","BZN|BG","3632.50","3553.00"
"25/06/2025 07:00 - 25/06/2025 08:00","BZN|BG","3916.32","3776.00"
"25/06/2025 08:00 - 25/06/2025 09:00","BZN|BG","4055.61","3884.00"
"25/06/2025 09:00 - 25/06/2025 10:00","BZN|BG","4156.33","3922.00"
"25/06/2025 10:00 - 25/06/2025 11:00","BZN|BG","4272.48","3998.00"
"25/06/2025 11:00 - 25/06/2025 12:00","BZN|BG","4361.47","4066.00"
"25/06/2025 12:00 - 25/06/2025 13:00","BZN|BG","4403.44","4132.00"
"25/06/2025 13:00 - 25/06/2025 14:00","BZN|BG","4409.12","4127.00"
"25/06/2025 14:00 - 25/06/2025 15:00","BZN|BG","4392.85","4115.00"
"25/06/2025 15:00 - 25/06/2025 16:00","BZN|BG","4406.80","4112.00"
"25/06/2025 16:00 - 25/06/2025 17:00","BZN|BG","4450.44","4116.00"
"25/06/2025 17:00 - 25/06/2025 18:00","BZN|BG","4478.19","4219.00"
"25/06/2025 18:00 - 25/06/2025 19:00","BZN|BG","4511.89","4255.00"
"25/06/2025 19:00 - 25/06/2025 20:00","BZN|BG","4369.92","4177.00"
"25/06/2025 20:00 - 25/06/2025 21:00","BZN|BG","4258.68","4133.00"
"25/06/2025 21:00 - 25/06/2025 22:00","BZN|BG","4076.67","3981.00"
"25/06/2025 22:00 - 25/06/2025 23:00","BZN|BG","3785.62","3687.00"
"25/06/2025 23:00 - 26/06/2025 00:00","BZN|BG","3453.88","3323.00"
"26/06/2025 00:00 - 26/06/2025 01:00","BZN|BG","3202.01","3104.00"
"26/06/2025 01:00 - 26/06/2025 02:00","BZN|BG","3037.60","2981.00"
"26/06/2025 02:00 - 26/06/2025 03:00","BZN|BG","2988.96","2936.00"
"26/06/2025 03:00 - 26/06/2025 04:00","BZN|BG","2990.91","2938.00"
"26/06/2025 04:00 - 26/06/2025 05:00","BZN|BG","3126.02","3076.00"
"26/06/2025 05:00 - 26/06/2025 06:00","BZN|BG","3381.30","3382.00"
"26/06/2025 06:00 - 26/06/2025 07:00","BZN|BG","3697.90","3705.00"
"26/06/2025 07:00 - 26/06/2025 08:00","BZN|BG","3975.02","3964.00"
"26/06/2025 08:00 - 26/06/2025 09:00","BZN|BG","4174.94","4089.00"
"26/06/2025 09:00 - 26/06/2025 10:00","BZN|BG","4330.58","4139.00"
"26/06/2025 10:00 - 26/06/2025 11:00","BZN|BG","4490.47","4237.00"
"26/06/2025 11:00 - 26/06/2025 12:00","BZN|BG","4630.60","4313.00"
"26/06/2025 12:00 - 26/06/2025 13:00","BZN|BG","4684.27","4394.00"
"26/06/2025 13:00 - 26/06/2025 14:00","BZN|BG","4591.89","4377.00"
"26/06/2025 14:00 - 26/06/2025 15:00","BZN|BG","4674.67","4297.00"
"26/06/2025 15:00 - 26/06/2025 16:00","BZN|BG","4680.99","4279.00"
"26/06/2025 16:00 - 26/06/2025 17:00","BZN|BG","4692.06","4294.00"
"26/06/2025 17:00 - 26/06/2025 18:00","BZN|BG","4785.93","4403.00"
"26/06/2025 18:00 - 26/06/2025 19:00","BZN|BG","4816.33","4434.00"
"26/06/2025 19:00 - 26/06/2025 20:00","BZN|BG","4660.66","4336.00"
"26/06/2025 20:00 - 26/06/2025 21:00","BZN|BG","4535.57","4270.00"
"26/06/2025 21:00 - 26/06/2025 22:00","BZN|BG","4359.18","4067.00"
"26/06/2025 22:00 - 26/06/2025 23:00","BZN|BG","4023.30","3707.00"
"26/06/2025 23:00 - 27/06/2025 00:00","BZN|BG","3604.55","3569.00"
"27/06/2025 00:00 - 27/06/2025 01:00","BZN|BG","3319.07","3220.00"
"27/06/2025 01:00 - 27/06/2025 02:00","BZN|BG","3154.84","3034.00"
"27/06/2025 02:00 - 27/06/2025 03:00","BZN|BG","3075.64","2962.00"
"27/06/2025 03:00 - 27/06/2025 04:00","BZN|BG","3073.17","2964.00"
"27/06/2025 04:00 - 27/06/2025 05:00","BZN|BG","3193.73","3098.00"
"27/06/2025 05:00 - 27/06/2025 06:00","BZN|BG","3456.21","3412.00"
"27/06/2025 06:00 - 27/06/2025 07:00","BZN|BG","3742.95","3740.00"
"27/06/2025 07:00 - 27/06/2025 08:00","BZN|BG","4055.91","4010.00"
"27/06/2025 08:00 - 27/06/2025 09:00","BZN|BG","4264.14","4141.00"
"27/06/2025 09:00 - 27/06/2025 10:00","BZN|BG","4394.22","4202.00"
"27/06/2025 10:00 - 27/06/2025 11:00","BZN|BG","4521.92","4306.00"
"27/06/2025 11:00 - 27/06/2025 12:00","BZN|BG","4640.83","4386.00"
"27/06/2025 12:00 - 27/06/2025 13:00","BZN|BG","4750.99","4463.00"
"27/06/2025 13:00 - 27/06/2025 14:00","BZN|BG","4731.80","4455.00"
"27/06/2025 14:00 - 27/06/2025 15:00","BZN|BG","4692.56","4411.00"
"27/06/2025 15:00 - 27/06/2025 16:00","BZN|BG","4736.85","4404.00"
"27/06/2025 16:00 - 27/06/2025 17:00","BZN|BG","4654.29","4418.00"
"27/06/2025 17:00 - 27/06/2025 18:00","BZN|BG","4695.41","4471.00"
"27/06/2025 18:00 - 27/06/2025 19:00","BZN|BG","4638.65","4491.00"
"27/06/2025 19:00 - 27/06/2025 20:00","BZN|BG","4429.42","4386.00"
"27/06/2025 20:00 - 27/06/2025 21:00","BZN|BG","4279.08","4312.00"
"27/06/2025 21:00 - 27/06/2025 22:00","BZN|BG","4094.24","4129.00"
"27/06/2025 22:00 - 27/06/2025 23:00","BZN|BG","3795.36","3784.00"
"27/06/2025 23:00 - 28/06/2025 00:00","BZN|BG","3505.44","3421.00"
"28/06/2025 00:00 - 28/06/2025 01:00","BZN|BG","3243.13","3141.00"
"28/06/2025 01:00 - 28/06/2025 02:00","BZN|BG","3096.27","2989.00"
"28/06/2025 02:00 - 28/06/2025 03:00","BZN|BG","3018.41","2925.00"
"28/06/2025 03:00 - 28/06/2025 04:00","BZN|BG","2993.13","2910.00"
"28/06/2025 04:00 - 28/06/2025 05:00","BZN|BG","3022.79","2938.00"
"28/06/2025 05:00 - 28/06/2025 06:00","BZN|BG","3094.00","3018.00"
"28/06/2025 06:00 - 28/06/2025 07:00","BZN|BG","3266.09","3196.00"
"28/06/2025 07:00 - 28/06/2025 08:00","BZN|BG","3546.42","3485.00"
"28/06/2025 08:00 - 28/06/2025 09:00","BZN|BG","3774.10","3724.00"
"28/06/2025 09:00 - 28/06/2025 10:00","BZN|BG","3882.17","3840.00"
"28/06/2025 10:00 - 28/06/2025 11:00","BZN|BG","3982.30","3912.00"
"28/06/2025 11:00 - 28/06/2025 12:00","BZN|BG","4031.47","3924.00"
"28/06/2025 12:00 - 28/06/2025 13:00","BZN|BG","4060.55","3923.00"
"28/06/2025 13:00 - 28/06/2025 14:00","BZN|BG","4042.75","3897.00"
"28/06/2025 14:00 - 28/06/2025 15:00","BZN|BG","3975.99","3887.00"
"28/06/2025 15:00 - 28/06/2025 16:00","BZN|BG","3970.50","3841.00"
"28/06/2025 16:00 - 28/06/2025 17:00","BZN|BG","4026.61","3919.00"
"28/06/2025 17:00 - 28/06/2025 18:00","BZN|BG","4045.23","3919.00"
"28/06/2025 18:00 - 28/06/2025 19:00","BZN|BG","4017.05","3901.00"
"28/06/2025 19:00 - 28/06/2025 20:00","BZN|BG","3923.56","3827.00"
"28/06/2025 20:00 - 28/06/2025 21:00","BZN|BG","3867.09","3763.00"
"28/06/2025 21:00 - 28/06/2025 22:00","BZN|BG","3750.05","3658.00"
"28/06/2025 22:00 - 28/06/2025 23:00","BZN|BG","3508.61","3499.00"
"28/06/2025 23:00 - 29/06/2025 00:00","BZN|BG","3288.32","3264.00"
"29/06/2025 00:00 - 29/06/2025 01:00","BZN|BG","3085.72","3059.00"
"29/06/2025 01:00 - 29/06/2025 02:00","BZN|BG","2954.04","2937.00"
"29/06/2025 02:00 - 29/06/2025 03:00","BZN|BG","2887.77","2881.00"
"29/06/2025 03:00 - 29/06/2025 04:00","BZN|BG","2843.02","2854.00"
"29/06/2025 04:00 - 29/06/2025 05:00","BZN|BG","2879.12","2909.00"
"29/06/2025 05:00 - 29/06/2025 06:00","BZN|BG","2926.88","2976.00"
"29/06/2025 06:00 - 29/06/2025 07:00","BZN|BG","3051.84","3140.00"
"29/06/2025 07:00 - 29/06/2025 08:00","BZN|BG","3312.14","3476.00"
"29/06/2025 08:00 - 29/06/2025 09:00","BZN|BG","3558.95","3768.00"
"29/06/2025 09:00 - 29/06/2025 10:00","BZN|BG","3665.97","3906.00"
"29/06/2025 10:00 - 29/06/2025 11:00","BZN|BG","3760.21","3995.00"
"29/06/2025 11:00 - 29/06/2025 12:00","BZN|BG","3851.21","4129.00"
"29/06/2025 12:00 - 29/06/2025 13:00","BZN|BG","3838.97","4076.00"
"29/06/2025 13:00 - 29/06/2025 14:00","BZN|BG","3856.19","4140.00"
"29/06/2025 14:00 - 29/06/2025 15:00","BZN|BG","3789.62","4129.00"
"29/06/2025 15:00 - 29/06/2025 16:00","BZN|BG","3802.09","3995.00"
"29/06/2025 16:00 - 29/06/2025 17:00","BZN|BG","3913.76","4138.00"
"29/06/2025 17:00 - 29/06/2025 18:00","BZN|BG","3967.90","4300.00"
"29/06/2025 18:00 - 29/06/2025 19:00","BZN|BG","4013.93","4377.00"
"29/06/2025 19:00 - 29/06/2025 20:00","BZN|BG","3972.02","4313.00"
"29/06/2025 20:00 - 29/06/2025 21:00","BZN|BG","3958.87","4346.00"
"29/06/2025 21:00 - 29/06/2025 22:00","BZN|BG","3866.09","4088.00"
"29/06/2025 22:00 - 29/06/2025 23:00","BZN|BG","3597.83","3468.00"
"29/06/2025 23:00 - 30/06/2025 00:00","BZN|BG","3269.26","3213.00"
"30/06/2025 00:00 - 30/06/2025 01:00","BZN|BG","3023.07","2971.00"
"30/06/2025 01:00 - 30/06/2025 02:00","BZN|BG","2887.33","2864.00"
"30/06/2025 02:00 - 30/06/2025 03:00","BZN|BG","2829.28","2838.00"
"30/06/2025 03:00 - 30/06/2025 04:00","BZN|BG","2838.23","2851.00"
"30/06/2025 04:00 - 30/06/2025 05:00","BZN|BG","2981.25","2938.00"
"30/06/2025 05:00 - 30/06/2025 06:00","BZN|BG","3280.79","3220.00"
"30/06/2025 06:00 - 30/06/2025 07:00","BZN|BG","3611.64","3483.00"
"30/06/2025 07:00 - 30/06/2025 08:00","BZN|BG","3855.28","3719.00"
"30/06/2025 08:00 - 30/06/2025 09:00","BZN|BG","4036.43","3828.00"
"30/06/2025 09:00 - 30/06/2025 10:00","BZN|BG","4154.87","3920.00"
"30/06/2025 10:00 - 30/06/2025 11:00","BZN|BG","4257.14","3944.00"
"30/06/2025 11:00 - 30/06/2025 12:00","BZN|BG","4344.40","3963.00"
"30/06/2025 12:00 - 30/06/2025 13:00","BZN|BG","4437.30","4040.00"
"30/06/2025 13:00 - 30/06/2025 14:00","BZN|BG","4447.75","4040.00"
"30/06/2025 14:00 - 30/06/2025 15:00","BZN|BG","4401.11","4040.00"
"30/06/2025 15:00 - 30/06/2025 16:00","BZN|BG","4397.13","4044.00"
"30/06/2025 16:00 - 30/06/2025 17:00","BZN|BG","4410.63","4062.00"
"30/06/2025 17:00 - 30/06/2025 18:00","BZN|BG","4515.59","4150.00"
"30/06/2025 18:00 - 30/06/2025 19:00","BZN|BG","4454.97","4176.00"
"30/06/2025 19:00 - 30/06/2025 20:00","BZN|BG","4404.80","4110.00"
"30/06/2025 20:00 - 30/06/2025 21:00","BZN|BG","4355.07","4057.00"
"30/06/2025 21:00 - 30/06/2025 22:00","BZN|BG","4216.34","3924.00"
"30/06/2025 22:00 - 30/06/2025 23:00","BZN|BG","3903.76","3663.00"
"30/06/2025 23:00 - 01/07/2025 00:00","BZN|BG","3565.96","3278.00"
"01/07/2025 00:00 - 01/07/2025 01:00","BZN|BG","3305.37","3062.00"
"01/07/2025 01:00 - 01/07/2025 02:00","BZN|BG","3154.75","2951.00"
"01/07/2025 02:00 - 01/07/2025 03:00","BZN|BG","3106.99","2895.00"
"01/07/2025 03:00 - 01/07/2025 04:00","BZN|BG","3081.52","2905.00"
"01/07/2025 04:00 - 01/07/2025 05:00","BZN|BG","3196.18","2971.00"
"01/07/2025 05:00 - 01/07/2025 06:00","BZN|BG","3433.81","3208.00"
"01/07/2025 06:00 - 01/07/2025 07:00","BZN|BG","3721.46","3440.00"
"01/07/2025 07:00 - 01/07/2025 08:00","BZN|BG","3985.24","3659.00"
"01/07/2025 08:00 - 01/07/2025 09:00","BZN|BG","4122.90","3769.00"
"01/07/2025 09:00 - 01/07/2025 10:00","BZN|BG","4145.86","3880.00"
"01/07/2025 10:00 - 01/07/2025 11:00","BZN|BG","4240.24","3961.00"
"01/07/2025 11:00 - 01/07/2025 12:00","BZN|BG","4324.38","4029.00"
"01/07/2025 12:00 - 01/07/2025 13:00","BZN|BG","4423.94","4100.00"
"01/07/2025 13:00 - 01/07/2025 14:00","BZN|BG","4416.90","4103.00"
"01/07/2025 14:00 - 01/07/2025 15:00","BZN|BG","4354.93","4037.00"
"01/07/2025 15:00 - 01/07/2025 16:00","BZN|BG","4333.22","4026.00"
"01/07/2025 16:00 - 01/07/2025 17:00","BZN|BG","4312.41","4056.00"
"01/07/2025 17:00 - 01/07/2025 18:00","BZN|BG","4400.74","4097.00"
"01/07/2025 18:00 - 01/07/2025 19:00","BZN|BG","4446.18","4149.00"
"01/07/2025 19:00 - 01/07/2025 20:00","BZN|BG","4372.26","4014.00"
"01/07/2025 20:00 - 01/07/2025 21:00","BZN|BG","4302.58","3908.00"
"01/07/2025 21:00 - 01/07/2025 22:00","BZN|BG","4155.86","3714.00"
"01/07/2025 22:00 - 01/07/2025 23:00","BZN|BG","3850.69","3471.00"
"01/07/2025 23:00 - 02/07/2025 00:00","BZN|BG","3466.81","3494.00"
"02/07/2025 00:00 - 02/07/2025 01:00","BZN|BG","3195.32","3286.00"
"02/07/2025 01:00 - 02/07/2025 02:00","BZN|BG","3042.86","3172.00"
"02/07/2025 02:00 - 02/07/2025 03:00","BZN|BG","2971.50","3126.00"
"02/07/2025 03:00 - 02/07/2025 04:00","BZN|BG","2967.00","3125.00"
"02/07/2025 04:00 - 02/07/2025 05:00","BZN|BG","3064.54","3219.00"
"02/07/2025 05:00 - 02/07/2025 06:00","BZN|BG","3329.90","3439.00"
"02/07/2025 06:00 - 02/07/2025 07:00","BZN|BG","3623.33","3677.00"
"02/07/2025 07:00 - 02/07/2025 08:00","BZN|BG","3877.86","3897.00"
"02/07/2025 08:00 - 02/07/2025 09:00","BZN|BG","3990.76","4028.00"
"02/07/2025 09:00 - 02/07/2025 10:00","BZN|BG","4027.23","4119.00"
"02/07/2025 10:00 - 02/07/2025 11:00","BZN|BG","4099.89","4223.00"
"02/07/2025 11:00 - 02/07/2025 12:00","BZN|BG","4152.50","4304.00"
"02/07/2025 12:00 - 02/07/2025 13:00","BZN|BG","4262.99","4363.00"
"02/07/2025 13:00 - 02/07/2025 14:00","BZN|BG","4268.36","4314.00"
"02/07/2025 14:00 - 02/07/2025 15:00","BZN|BG","4239.18","4324.00"
"02/07/2025 15:00 - 02/07/2025 16:00","BZN|BG","4259.07","4360.00"
"02/07/2025 16:00 - 02/07/2025 17:00","BZN|BG","4302.39","4364.00"
"02/07/2025 17:00 - 02/07/2025 18:00","BZN|BG","4371.06","4548.00"
"02/07/2025 18:00 - 02/07/2025 19:00","BZN|BG","4398.64","4555.00"
"02/07/2025 19:00 - 02/07/2025 20:00","BZN|BG","4268.84","4423.00"
"02/07/2025 20:00 - 02/07/2025 21:00","BZN|BG","4182.57","4316.00"
"02/07/2025 21:00 - 02/07/2025 22:00","BZN|BG","4031.92","4163.00"
"02/07/2025 22:00 - 02/07/2025 23:00","BZN|BG","3753.41","3883.00"
"02/07/2025 23:00 - 03/07/2025 00:00","BZN|BG","3397.67","3352.00"
"03/07/2025 00:00 - 03/07/2025 01:00","BZN|BG","3153.25","3124.00"
"03/07/2025 01:00 - 03/07/2025 02:00","BZN|BG","3093.84","2989.00"
"03/07/2025 02:00 - 03/07/2025 03:00","BZN|BG","2976.61","2940.00"
"03/07/2025 03:00 - 03/07/2025 04:00","BZN|BG","2978.32","2938.00"
"03/07/2025 04:00 - 03/07/2025 05:00","BZN|BG","3099.27","3030.00"
"03/07/2025 05:00 - 03/07/2025 06:00","BZN|BG","3333.91","3273.00"
"03/07/2025 06:00 - 03/07/2025 07:00","BZN|BG","3587.37","3509.00"
"03/07/2025 07:00 - 03/07/2025 08:00","BZN|BG","3876.48","3757.00"
"03/07/2025 08:00 - 03/07/2025 09:00","BZN|BG","4002.49","3879.00"
"03/07/2025 09:00 - 03/07/2025 10:00","BZN|BG","4108.52","3950.00"
"03/07/2025 10:00 - 03/07/2025 11:00","BZN|BG","4248.69","4050.00"
"03/07/2025 11:00 - 03/07/2025 12:00","BZN|BG","4281.90","4153.00"
"03/07/2025 12:00 - 03/07/2025 13:00","BZN|BG","4349.56","4201.00"
"03/07/2025 13:00 - 03/07/2025 14:00","BZN|BG","4341.60","4201.00"
"03/07/2025 14:00 - 03/07/2025 15:00","BZN|BG","4281.18","4207.00"
"03/07/2025 15:00 - 03/07/2025 16:00","BZN|BG","4322.05","4247.00"
"03/07/2025 16:00 - 03/07/2025 17:00","BZN|BG","4374.17","4252.00"
"03/07/2025 17:00 - 03/07/2025 18:00","BZN|BG","4472.79","4404.00"
"03/07/2025 18:00 - 03/07/2025 19:00","BZN|BG","4494.53","4397.00"
"03/07/2025 19:00 - 03/07/2025 20:00","BZN|BG","4345.82","4280.00"
"03/07/2025 20:00 - 03/07/2025 21:00","BZN|BG","4255.52","4170.00"
"03/07/2025 21:00 - 03/07/2025 22:00","BZN|BG","4107.59","4014.00"
"03/07/2025 22:00 - 03/07/2025 23:00","BZN|BG","3822.48","3723.00"
"03/07/2025 23:00 - 04/07/2025 00:00","BZN|BG","3448.32","3426.00"
"04/07/2025 00:00 - 04/07/2025 01:00","BZN|BG","3181.79","3165.00"
"04/07/2025 01:00 - 04/07/2025 02:00","BZN|BG","3035.58","3021.00"
"04/07/2025 02:00 - 04/07/2025 03:00","BZN|BG","2966.42","2963.00"
"04/07/2025 03:00 - 04/07/2025 04:00","BZN|BG","2939.87","2957.00"
"04/07/2025 04:00 - 04/07/2025 05:00","BZN|BG","3073.83","3067.00"
"04/07/2025 05:00 - 04/07/2025 06:00","BZN|BG","3315.83","3322.00"
"04/07/2025 06:00 - 04/07/2025 07:00","BZN|BG","3604.65","3604.00"
"04/07/2025 07:00 - 04/07/2025 08:00","BZN|BG","3866.62","3862.00"
"04/07/2025 08:00 - 04/07/2025 09:00","BZN|BG","4032.94","4006.00"
"04/07/2025 09:00 - 04/07/2025 10:00","BZN|BG","4111.48","4088.00"
"04/07/2025 10:00 - 04/07/2025 11:00","BZN|BG","4272.24","4198.00"
"04/07/2025 11:00 - 04/07/2025 12:00","BZN|BG","4379.24","4284.00"
"04/07/2025 12:00 - 04/07/2025 13:00","BZN|BG","4450.41","4365.00"
"04/07/2025 13:00 - 04/07/2025 14:00","BZN|BG","4386.54","4319.00"
"04/07/2025 14:00 - 04/07/2025 15:00","BZN|BG","4398.62","4276.00"
"04/07/2025 15:00 - 04/07/2025 16:00","BZN|BG","4424.83","4288.00"
"04/07/2025 16:00 - 04/07/2025 17:00","BZN|BG","4474.86","4293.00"
"04/07/2025 17:00 - 04/07/2025 18:00","BZN|BG","4533.37","4387.00"
"04/07/2025 18:00 - 04/07/2025 19:00","BZN|BG","4534.01","4404.00"
"04/07/2025 19:00 - 04/07/2025 20:00","BZN|BG","4409.27","4282.00"
"04/07/2025 20:00 - 04/07/2025 21:00","BZN|BG","4288.93","4185.00"
"04/07/2025 21:00 - 04/07/2025 22:00","BZN|BG","4115.27","4034.00"
"04/07/2025 22:00 - 04/07/2025 23:00","BZN|BG","3855.93","3751.00"
"04/07/2025 23:00 - 05/07/2025 00:00","BZN|BG","3523.82","3492.00"
"05/07/2025 00:00 - 05/07/2025 01:00","BZN|BG","3245.59","3209.00"
"05/07/2025 01:00 - 05/07/2025 02:00","BZN|BG","3070.32","3051.00"
"05/07/2025 02:00 - 05/07/2025 03:00","BZN|BG","2990.86","2967.00"
"05/07/2025 03:00 - 05/07/2025 04:00","BZN|BG","2964.95","2940.00"
"05/07/2025 04:00 - 05/07/2025 05:00","BZN|BG","2972.21","2971.00"
"05/07/2025 05:00 - 05/07/2025 06:00","BZN|BG","3053.35","3046.00"
"05/07/2025 06:00 - 05/07/2025 07:00","BZN|BG","3238.57","3229.00"
"05/07/2025 07:00 - 05/07/2025 08:00","BZN|BG","3516.14","3525.00"
"05/07/2025 08:00 - 05/07/2025 09:00","BZN|BG","3738.80","3766.00"
"05/07/2025 09:00 - 05/07/2025 10:00","BZN|BG","3920.78","3881.00"
"05/07/2025 10:00 - 05/07/2025 11:00","BZN|BG","4148.71","3987.00"
"05/07/2025 11:00 - 05/07/2025 12:00","BZN|BG","4292.27","4039.00"
"05/07/2025 12:00 - 05/07/2025 13:00","BZN|BG","4336.05","4069.00"
"05/07/2025 13:00 - 05/07/2025 14:00","BZN|BG","4309.56","4069.00"
"05/07/2025 14:00 - 05/07/2025 15:00","BZN|BG","4239.37","4066.00"
"05/07/2025 15:00 - 05/07/2025 16:00","BZN|BG","4271.69","4066.00"
"05/07/2025 16:00 - 05/07/2025 17:00","BZN|BG","4302.61","4260.00"
"05/07/2025 17:00 - 05/07/2025 18:00","BZN|BG","4359.72","4324.00"
"05/07/2025 18:00 - 05/07/2025 19:00","BZN|BG","4327.97","4293.00"
"05/07/2025 19:00 - 05/07/2025 20:00","BZN|BG","4213.29","4191.00"
"05/07/2025 20:00 - 05/07/2025 21:00","BZN|BG","4143.55","4129.00"
"05/07/2025 21:00 - 05/07/2025 22:00","BZN|BG","3978.36","4001.00"
"05/07/2025 22:00 - 05/07/2025 23:00","BZN|BG","3739.93","3737.00"
"05/07/2025 23:00 - 06/07/2025 00:00","BZN|BG","3442.34","3427.00"
"06/07/2025 00:00 - 06/07/2025 01:00","BZN|BG","3209.99","3131.00"
"06/07/2025 01:00 - 06/07/2025 02:00","BZN|BG","3038.33","2939.00"
"06/07/2025 02:00 - 06/07/2025 03:00","BZN|BG","2949.12","2842.00"
"06/07/2025 03:00 - 06/07/2025 04:00","BZN|BG","2897.58","2777.00"
"06/07/2025 04:00 - 06/07/2025 05:00","BZN|BG","2949.88","2826.00"
"06/07/2025 05:00 - 06/07/2025 06:00","BZN|BG","2982.00","2891.00"
"06/07/2025 06:00 - 06/07/2025 07:00","BZN|BG","3141.11","3061.00"
"06/07/2025 07:00 - 06/07/2025 08:00","BZN|BG","3406.59","3416.00"
"06/07/2025 08:00 - 06/07/2025 09:00","BZN|BG","3638.36","3752.00"
"06/07/2025 09:00 - 06/07/2025 10:00","BZN|BG","3835.42","3898.00"
"06/07/2025 10:00 - 06/07/2025 11:00","BZN|BG","4022.50","4027.00"
"06/07/2025 11:00 - 06/07/2025 12:00","BZN|BG","4188.54","4151.00"
"06/07/2025 12:00 - 06/07/2025 13:00","BZN|BG","4210.97","4175.00"
"06/07/2025 13:00 - 06/07/2025 14:00","BZN|BG","4246.71","4141.00"
"06/07/2025 14:00 - 06/07/2025 15:00","BZN|BG","4230.06","4275.00"
"06/07/2025 15:00 - 06/07/2025 16:00","BZN|BG","4224.10","4289.00"
"06/07/2025 16:00 - 06/07/2025 17:00","BZN|BG","4304.69","4419.00"
"06/07/2025 17:00 - 06/07/2025 18:00","BZN|BG","4416.27","4481.00"
"06/07/2025 18:00 - 06/07/2025 19:00","BZN|BG","4421.53","4535.00"
"06/07/2025 19:00 - 06/07/2025 20:00","BZN|BG","4335.22","4477.00"
"06/07/2025 20:00 - 06/07/2025 21:00","BZN|BG","4288.93","4459.00"
"06/07/2025 21:00 - 06/07/2025 22:00","BZN|BG","4154.76","4330.00"
"06/07/2025 22:00 - 06/07/2025 23:00","BZN|BG","3849.27","3959.00"
"06/07/2025 23:00 - 07/07/2025 00:00","BZN|BG","3513.58","3503.00"
"07/07/2025 00:00 - 07/07/2025 01:00","BZN|BG","3239.21","3197.00"
"07/07/2025 01:00 - 07/07/2025 02:00","BZN|BG","3091.32","3028.00"
"07/07/2025 02:00 - 07/07/2025 03:00","BZN|BG","3028.51","2956.00"
"07/07/2025 03:00 - 07/07/2025 04:00","BZN|BG","3032.34","2965.00"
"07/07/2025 04:00 - 07/07/2025 05:00","BZN|BG","3162.56","3116.00"
"07/07/2025 05:00 - 07/07/2025 06:00","BZN|BG","3422.28","3432.00"
"07/07/2025 06:00 - 07/07/2025 07:00","BZN|BG","3714.93","3782.00"
"07/07/2025 07:00 - 07/07/2025 08:00","BZN|BG","4036.20","4039.00"
"07/07/2025 08:00 - 07/07/2025 09:00","BZN|BG","4276.32","4230.00"
"07/07/2025 09:00 - 07/07/2025 10:00","BZN|BG","4424.54","4355.00"
"07/07/2025 10:00 - 07/07/2025 11:00","BZN|BG","4620.22","4463.00"
"07/07/2025 11:00 - 07/07/2025 12:00","BZN|BG","4644.47","4555.00"
"07/07/2025 12:00 - 07/07/2025 13:00","BZN|BG","4776.33","4654.00"
"07/07/2025 13:00 - 07/07/2025 14:00","BZN|BG","4813.76","4654.00"
"07/07/2025 14:00 - 07/07/2025 15:00","BZN|BG","4818.18","4511.00"
"07/07/2025 15:00 - 07/07/2025 16:00","BZN|BG","4785.02","4495.00"
"07/07/2025 16:00 - 07/07/2025 17:00","BZN|BG","4795.68","4517.00"
"07/07/2025 17:00 - 07/07/2025 18:00","BZN|BG","4853.73","4687.00"
"07/07/2025 18:00 - 07/07/2025 19:00","BZN|BG","4887.54","4615.00"
"07/07/2025 19:00 - 07/07/2025 20:00","BZN|BG","4727.81","4556.00"
"07/07/2025 20:00 - 07/07/2025 21:00","BZN|BG","4589.72","4497.00"
"07/07/2025 21:00 - 07/07/2025 22:00","BZN|BG","4401.53","4334.00"
"07/07/2025 22:00 - 07/07/2025 23:00","BZN|BG","4068.81","3965.00"
"07/07/2025 23:00 - 08/07/2025 00:00","BZN|BG","3693.35","3515.00"
"08/07/2025 00:00 - 08/07/2025 01:00","BZN|BG","3410.16","3278.00"
"08/07/2025 01:00 - 08/07/2025 02:00","BZN|BG","3251.31","3159.00"
"08/07/2025 02:00 - 08/07/2025 03:00","BZN|BG","3186.07","3090.00"
"08/07/2025 03:00 - 08/07/2025 04:00","BZN|BG","3154.13","3080.00"
"08/07/2025 04:00 - 08/07/2025 05:00","BZN|BG","3230.50","3217.00"
"08/07/2025 05:00 - 08/07/2025 06:00","BZN|BG","3479.14","3506.00"
"08/07/2025 06:00 - 08/07/2025 07:00","BZN|BG","3791.01","3835.00"
"08/07/2025 07:00 - 08/07/2025 08:00","BZN|BG","4090.49","4158.00"
"08/07/2025 08:00 - 08/07/2025 09:00","BZN|BG","4312.36","4333.00"
"08/07/2025 09:00 - 08/07/2025 10:00","BZN|BG","4447.61","4420.00"
"08/07/2025 10:00 - 08/07/2025 11:00","BZN|BG","4599.64","4559.00"
"08/07/2025 11:00 - 08/07/2025 12:00","BZN|BG","4725.20","4651.00"
"08/07/2025 12:00 - 08/07/2025 13:00","BZN|BG","4848.76","4758.00"
"08/07/2025 13:00 - 08/07/2025 14:00","BZN|BG","4846.17","4707.00"
"08/07/2025 14:00 - 08/07/2025 15:00","BZN|BG","4831.94","4607.00"
"08/07/2025 15:00 - 08/07/2025 16:00","BZN|BG","4820.61","4642.00"
"08/07/2025 16:00 - 08/07/2025 17:00","BZN|BG","4820.21","4655.00"
"08/07/2025 17:00 - 08/07/2025 18:00","BZN|BG","4900.60","4768.00"
"08/07/2025 18:00 - 08/07/2025 19:00","BZN|BG","4899.73","4780.00"
"08/07/2025 19:00 - 08/07/2025 20:00","BZN|BG","4746.69","4604.00"
"08/07/2025 20:00 - 08/07/2025 21:00","BZN|BG","4635.44","4472.00"
"08/07/2025 21:00 - 08/07/2025 22:00","BZN|BG","4427.74","4266.00"
"08/07/2025 22:00 - 08/07/2025 23:00","BZN|BG","4113.81","3900.00"
"08/07/2025 23:00 - 09/07/2025 00:00","BZN|BG","3726.92","3406.00"
"09/07/2025 00:00 - 09/07/2025 01:00","BZN|BG","3446.19","3185.00"
"09/07/2025 01:00 - 09/07/2025 02:00","BZN|BG","3292.95","3077.00"
"09/07/2025 02:00 - 09/07/2025 03:00","BZN|BG","3223.80","3012.00"
"09/07/2025 03:00 - 09/07/2025 04:00","BZN|BG","3213.25","3001.00"
"09/07/2025 04:00 - 09/07/2025 05:00","BZN|BG","3300.23","3123.00"
"09/07/2025 05:00 - 09/07/2025 06:00","BZN|BG","3539.13","3380.00"
"09/07/2025 06:00 - 09/07/2025 07:00","BZN|BG","3819.16","3674.00"
"09/07/2025 07:00 - 09/07/2025 08:00","BZN|BG","4133.55","3954.00"
"09/07/2025 08:00 - 09/07/2025 09:00","BZN|BG","4355.46","4096.00"
"09/07/2025 09:00 - 09/07/2025 10:00","BZN|BG","4452.15","4160.00"
"09/07/2025 10:00 - 09/07/2025 11:00","BZN|BG","4587.67","4283.00"
"09/07/2025 11:00 - 09/07/2025 12:00","BZN|BG","4672.77","4356.00"
"09/07/2025 12:00 - 09/07/2025 13:00","BZN|BG","4709.94","4447.00"
"09/07/2025 13:00 - 09/07/2025 14:00","BZN|BG","4648.28","4432.00"
"09/07/2025 14:00 - 09/07/2025 15:00","BZN|BG","4676.51","4405.00"
"09/07/2025 15:00 - 09/07/2025 16:00","BZN|BG","4583.29","4439.00"
"09/07/2025 16:00 - 09/07/2025 17:00","BZN|BG","4453.71","4503.00"
"09/07/2025 17:00 - 09/07/2025 18:00","BZN|BG","4458.93","4665.00"
"09/07/2025 18:00 - 09/07/2025 19:00","BZN|BG","4393.17","4715.00"
"09/07/2025 19:00 - 09/07/2025 20:00","BZN|BG","4258.50","4555.00"
"09/07/2025 20:00 - 09/07/2025 21:00","BZN|BG","4154.38","4432.00"
"09/07/2025 21:00 - 09/07/2025 22:00","BZN|BG","3957.29","4224.00"
"09/07/2025 22:00 - 09/07/2025 23:00","BZN|BG","3687.56","3846.00"
"09/07/2025 23:00 - 10/07/2025 00:00","BZN|BG","3382.78","3416.00"
"10/07/2025 00:00 - 10/07/2025 01:00","BZN|BG","3155.68","3104.00"
"10/07/2025 01:00 - 10/07/2025 02:00","BZN|BG","3022.14","2951.00"
"10/07/2025 02:00 - 10/07/2025 03:00","BZN|BG","2967.09","2854.00"
"10/07/2025 03:00 - 10/07/2025 04:00","BZN|BG","2995.60","2839.00"
"10/07/2025 04:00 - 10/07/2025 05:00","BZN|BG","3115.16","2909.00"
"10/07/2025 05:00 - 10/07/2025 06:00","BZN|BG","3356.72","3076.00"
"10/07/2025 06:00 - 10/07/2025 07:00","BZN|BG","3617.59","3303.00"
"10/07/2025 07:00 - 10/07/2025 08:00","BZN|BG","3853.87","3500.00"
"10/07/2025 08:00 - 10/07/2025 09:00","BZN|BG","3912.86","3595.00"
"10/07/2025 09:00 - 10/07/2025 10:00","BZN|BG","3957.38","3649.00"
"10/07/2025 10:00 - 10/07/2025 11:00","BZN|BG","4021.15","3732.00"
"10/07/2025 11:00 - 10/07/2025 12:00","BZN|BG","4104.16","3774.00"
"10/07/2025 12:00 - 10/07/2025 13:00","BZN|BG","4152.78","3851.00"
"10/07/2025 13:00 - 10/07/2025 14:00","BZN|BG","4069.37","3821.00"
"10/07/2025 14:00 - 10/07/2025 15:00","BZN|BG","4044.00","3764.00"
"10/07/2025 15:00 - 10/07/2025 16:00","BZN|BG","4022.76","3779.00"
"10/07/2025 16:00 - 10/07/2025 17:00","BZN|BG","4022.74","3794.00"
"10/07/2025 17:00 - 10/07/2025 18:00","BZN|BG","4112.60","3836.00"
"10/07/2025 18:00 - 10/07/2025 19:00","BZN|BG","4172.92","3837.00"
"10/07/2025 19:00 - 10/07/2025 20:00","BZN|BG","4117.45","3794.00"
"10/07/2025 20:00 - 10/07/2025 21:00","BZN|BG","4074.31","3763.00"
"10/07/2025 21:00 - 10/07/2025 22:00","BZN|BG","3935.80","3689.00"
"10/07/2025 22:00 - 10/07/2025 23:00","BZN|BG","3701.31","3537.00"
"10/07/2025 23:00 - 11/07/2025 00:00","BZN|BG","3397.85","3326.00"
"11/07/2025 00:00 - 11/07/2025 01:00","BZN|BG","3159.35","3072.00"
"11/07/2025 01:00 - 11/07/2025 02:00","BZN|BG","3040.52","2942.00"
"11/07/2025 02:00 - 11/07/2025 03:00","BZN|BG","2978.43","2872.00"
"11/07/2025 03:00 - 11/07/2025 04:00","BZN|BG","2987.22","2857.00"
"11/07/2025 04:00 - 11/07/2025 05:00","BZN|BG","3108.79","2947.00"
"11/07/2025 05:00 - 11/07/2025 06:00","BZN|BG","3339.47","3156.00"
"11/07/2025 06:00 - 11/07/2025 07:00","BZN|BG","3598.00","3400.00"
"11/07/2025 07:00 - 11/07/2025 08:00","BZN|BG","3825.46","3640.00"
"11/07/2025 08:00 - 11/07/2025 09:00","BZN|BG","3932.50","3780.00"
"11/07/2025 09:00 - 11/07/2025 10:00","BZN|BG","3947.63","3848.00"
"11/07/2025 10:00 - 11/07/2025 11:00","BZN|BG","4018.74","3955.00"
"11/07/2025 11:00 - 11/07/2025 12:00","BZN|BG","4094.82","4025.00"
"11/07/2025 12:00 - 11/07/2025 13:00","BZN|BG","4127.39","4097.00"
"11/07/2025 13:00 - 11/07/2025 14:00","BZN|BG","4168.20","4050.00"
"11/07/2025 14:00 - 11/07/2025 15:00","BZN|BG","4123.53","4007.00"
"11/07/2025 15:00 - 11/07/2025 16:00","BZN|BG","4074.31","3994.00"
"11/07/2025 16:00 - 11/07/2025 17:00","BZN|BG","4095.47","3992.00"
"11/07/2025 17:00 - 11/07/2025 18:00","BZN|BG","4144.45","4167.00"
"11/07/2025 18:00 - 11/07/2025 19:00","BZN|BG","4165.73","4179.00"
"11/07/2025 19:00 - 11/07/2025 20:00","BZN|BG","4093.22","4066.00"
"11/07/2025 20:00 - 11/07/2025 21:00","BZN|BG","4046.47","3981.00"
"11/07/2025 21:00 - 11/07/2025 22:00","BZN|BG","3886.19","3830.00"
"11/07/2025 22:00 - 11/07/2025 23:00","BZN|BG","3670.60","3577.00"
"11/07/2025 23:00 - 12/07/2025 00:00","BZN|BG","3373.24","3344.00"
"12/07/2025 00:00 - 12/07/2025 01:00","BZN|BG","3146.27","3146.00"
"12/07/2025 01:00 - 12/07/2025 02:00","BZN|BG","3010.12","3021.00"
"12/07/2025 02:00 - 12/07/2025 03:00","BZN|BG","2926.28","2964.00"
"12/07/2025 03:00 - 12/07/2025 04:00","BZN|BG","2896.88","2945.00"
"12/07/2025 04:00 - 12/07/2025 05:00","BZN|BG","2925.84","2951.00"
"12/07/2025 05:00 - 12/07/2025 06:00","BZN|BG","3018.77","3015.00"
"12/07/2025 06:00 - 12/07/2025 07:00","BZN|BG","3211.84","3159.00"
"12/07/2025 07:00 - 12/07/2025 08:00","BZN|BG","3453.89","3376.00"
"12/07/2025 08:00 - 12/07/2025 09:00","BZN|BG","3650.39","3551.00"
"12/07/2025 09:00 - 12/07/2025 10:00","BZN|BG","3763.74","3693.00"
"12/07/2025 10:00 - 12/07/2025 11:00","BZN|BG","3839.61","3871.00"
"12/07/2025 11:00 - 12/07/2025 12:00","BZN|BG","3934.42","3983.00"
"12/07/2025 12:00 - 12/07/2025 13:00","BZN|BG","3990.39","4018.00"
"12/07/2025 13:00 - 12/07/2025 14:00","BZN|BG","3982.40","3966.00"
"12/07/2025 14:00 - 12/07/2025 15:00","BZN|BG","3935.90","3831.00"
"12/07/2025 15:00 - 12/07/2025 16:00","BZN|BG","3950.51","3903.00"
"12/07/2025 16:00 - 12/07/2025 17:00","BZN|BG","3957.40","3971.00"
"12/07/2025 17:00 - 12/07/2025 18:00","BZN|BG","4025.07","4098.00"
"12/07/2025 18:00 - 12/07/2025 19:00","BZN|BG","4064.25","4082.00"
"12/07/2025 19:00 - 12/07/2025 20:00","BZN|BG","3976.81","4025.00"
"12/07/2025 20:00 - 12/07/2025 21:00","BZN|BG","3929.06","3989.00"
"12/07/2025 21:00 - 12/07/2025 22:00","BZN|BG","3784.47","3906.00"
"12/07/2025 22:00 - 12/07/2025 23:00","BZN|BG","3586.04","3786.00"
"12/07/2025 23:00 - 13/07/2025 00:00","BZN|BG","3325.42","3403.00"
"13/07/2025 00:00 - 13/07/2025 01:00","BZN|BG","3092.22","3211.00"
"13/07/2025 01:00 - 13/07/2025 02:00","BZN|BG","2959.85","3069.00"
"13/07/2025 02:00 - 13/07/2025 03:00","BZN|BG","2874.77","2995.00"
"13/07/2025 03:00 - 13/07/2025 04:00","BZN|BG","2850.46","2952.00"
"13/07/2025 04:00 - 13/07/2025 05:00","BZN|BG","2882.36","3001.00"
"13/07/2025 05:00 - 13/07/2025 06:00","BZN|BG","2940.33","3031.00"
"13/07/2025 06:00 - 13/07/2025 07:00","BZN|BG","3082.48","3180.00"
"13/07/2025 07:00 - 13/07/2025 08:00","BZN|BG","3338.38","3428.00"
"13/07/2025 08:00 - 13/07/2025 09:00","BZN|BG","3590.16","3645.00"
"13/07/2025 09:00 - 13/07/2025 10:00","BZN|BG","3754.68","3829.00"
"13/07/2025 10:00 - 13/07/2025 11:00","BZN|BG","3871.41","4004.00"
"13/07/2025 11:00 - 13/07/2025 12:00","BZN|BG","4010.14","4159.00"
"13/07/2025 12:00 - 13/07/2025 13:00","BZN|BG","4028.23","4180.00"
"13/07/2025 13:00 - 13/07/2025 14:00","BZN|BG","4015.06","4152.00"
"13/07/2025 14:00 - 13/07/2025 15:00","BZN|BG","4022.74","4152.00"
"13/07/2025 15:00 - 13/07/2025 16:00","BZN|BG","4078.90","4152.00"
"13/07/2025 16:00 - 13/07/2025 17:00","BZN|BG","4204.51","4260.00"
"13/07/2025 17:00 - 13/07/2025 18:00","BZN|BG","4267.54","4410.00"
"13/07/2025 18:00 - 13/07/2025 19:00","BZN|BG","4319.00","4417.00"
"13/07/2025 19:00 - 13/07/2025 20:00","BZN|BG","4242.73","4328.00"
"13/07/2025 20:00 - 13/07/2025 21:00","BZN|BG","4209.85","4280.00"
"13/07/2025 21:00 - 13/07/2025 22:00","BZN|BG","4032.40","4142.00"
"13/07/2025 22:00 - 13/07/2025 23:00","BZN|BG","3755.80","3828.00"
"13/07/2025 23:00 - 14/07/2025 00:00","BZN|BG","3416.91","3361.00"
"14/07/2025 00:00 - 14/07/2025 01:00","BZN|BG","3158.08","3139.00"
"14/07/2025 01:00 - 14/07/2025 02:00","BZN|BG","3007.65","3020.00"
"14/07/2025 02:00 - 14/07/2025 03:00","BZN|BG","2940.84","2969.00"
"14/07/2025 03:00 - 14/07/2025 04:00","BZN|BG","2942.04","2972.00"
"14/07/2025 04:00 - 14/07/2025 05:00","BZN|BG","3062.26","3090.00"
"14/07/2025 05:00 - 14/07/2025 06:00","BZN|BG","3333.35","3326.00"
"14/07/2025 06:00 - 14/07/2025 07:00","BZN|BG","3623.32","3591.00"
"14/07/2025 07:00 - 14/07/2025 08:00","BZN|BG","3932.40","3882.00"
"14/07/2025 08:00 - 14/07/2025 09:00","BZN|BG","4153.53","4100.00"
"14/07/2025 09:00 - 14/07/2025 10:00","BZN|BG","4245.71","4234.00"
"14/07/2025 10:00 - 14/07/2025 11:00","BZN|BG","4452.80","4412.00"
"14/07/2025 11:00 - 14/07/2025 12:00","BZN|BG","4540.62","4434.00"
"14/07/2025 12:00 - 14/07/2025 13:00","BZN|BG","4639.49","4553.00"
"14/07/2025 13:00 - 14/07/2025 14:00","BZN|BG","4657.14","4542.00"
"14/07/2025 14:00 - 14/07/2025 15:00","BZN|BG","4592.62","4542.00"
"14/07/2025 15:00 - 14/07/2025 16:00","BZN|BG","4614.43","4542.00"
"14/07/2025 16:00 - 14/07/2025 17:00","BZN|BG","4645.96","4561.00"
"14/07/2025 17:00 - 14/07/2025 18:00","BZN|BG","4698.90","4664.00"
"14/07/2025 18:00 - 14/07/2025 19:00","BZN|BG","4725.21","4724.00"
"14/07/2025 19:00 - 14/07/2025 20:00","BZN|BG","4605.23","4582.00"
"14/07/2025 20:00 - 14/07/2025 21:00","BZN|BG","4512.05","4459.00"
"14/07/2025 21:00 - 14/07/2025 22:00","BZN|BG","4296.32","4291.00"
"14/07/2025 22:00 - 14/07/2025 23:00","BZN|BG","3977.31","3995.00"
"14/07/2025 23:00 - 15/07/2025 00:00","BZN|BG","3619.42","3414.00"
"15/07/2025 00:00 - 15/07/2025 01:00","BZN|BG","3366.33","3155.00"
"15/07/2025 01:00 - 15/07/2025 02:00","BZN|BG","3231.06","3022.00"
"15/07/2025 02:00 - 15/07/2025 03:00","BZN|BG","3153.32","2963.00"
"15/07/2025 03:00 - 15/07/2025 04:00","BZN|BG","3135.70","2958.00"
"15/07/2025 04:00 - 15/07/2025 05:00","BZN|BG","3240.63","3067.00"
"15/07/2025 05:00 - 15/07/2025 06:00","BZN|BG","3487.81","3322.00"
"15/07/2025 06:00 - 15/07/2025 07:00","BZN|BG","3775.46","3609.00"
"15/07/2025 07:00 - 15/07/2025 08:00","BZN|BG","4074.05","3905.00"
"15/07/2025 08:00 - 15/07/2025 09:00","BZN|BG","4253.73","4078.00"
"15/07/2025 09:00 - 15/07/2025 10:00","BZN|BG","4336.01","4146.00"
"15/07/2025 10:00 - 15/07/2025 11:00","BZN|BG","4508.17","4254.00"
"15/07/2025 11:00 - 15/07/2025 12:00","BZN|BG","4479.00","4358.00"
"15/07/2025 12:00 - 15/07/2025 13:00","BZN|BG","4616.43","4453.00"
"15/07/2025 13:00 - 15/07/2025 14:00","BZN|BG","4622.78","4413.00"
"15/07/2025 14:00 - 15/07/2025 15:00","BZN|BG","4545.64","4394.00"
"15/07/2025 15:00 - 15/07/2025 16:00","BZN|BG","4500.90","4382.00"
"15/07/2025 16:00 - 15/07/2025 17:00","BZN|BG","4509.08","4364.00"
"15/07/2025 17:00 - 15/07/2025 18:00","BZN|BG","4582.82","4626.00"
"15/07/2025 18:00 - 15/07/2025 19:00","BZN|BG","4582.54","4692.00"
"15/07/2025 19:00 - 15/07/2025 20:00","BZN|BG","4442.68","4586.00"
"15/07/2025 20:00 - 15/07/2025 21:00","BZN|BG","4365.73","4539.00"
"15/07/2025 21:00 - 15/07/2025 22:00","BZN|BG","4200.04","4372.00"
"15/07/2025 22:00 - 15/07/2025 23:00","BZN|BG","3905.42","4062.00"
"15/07/2025 23:00 - 16/07/2025 00:00","BZN|BG","3542.05","3662.00"
"16/07/2025 00:00 - 16/07/2025 01:00","BZN|BG","3298.62","3406.00"
"16/07/2025 01:00 - 16/07/2025 02:00","BZN|BG","3170.34","3266.00"
"16/07/2025 02:00 - 16/07/2025 03:00","BZN|BG","3107.84","3204.00"
"16/07/2025 03:00 - 16/07/2025 04:00","BZN|BG","3087.66","3202.00"
"16/07/2025 04:00 - 16/07/2025 05:00","BZN|BG","3207.85","3299.00"
"16/07/2025 05:00 - 16/07/2025 06:00","BZN|BG","3457.41","3530.00"
"16/07/2025 06:00 - 16/07/2025 07:00","BZN|BG","3755.90","3796.00"
"16/07/2025 07:00 - 16/07/2025 08:00","BZN|BG","4057.06","4055.00"
"16/07/2025 08:00 - 16/07/2025 09:00","BZN|BG","4240.24","4201.00"
"16/07/2025 09:00 - 16/07/2025 10:00","BZN|BG","4326.61","4271.00"
"16/07/2025 10:00 - 16/07/2025 11:00","BZN|BG","4554.09","4372.00"
"16/07/2025 11:00 - 16/07/2025 12:00","BZN|BG","4615.47","4461.00"
"16/07/2025 12:00 - 16/07/2025 13:00","BZN|BG","4716.34","4519.00"
"16/07/2025 13:00 - 16/07/2025 14:00","BZN|BG","4629.69","4508.00"
"16/07/2025 14:00 - 16/07/2025 15:00","BZN|BG","4608.39","4502.00"
"16/07/2025 15:00 - 16/07/2025 16:00","BZN|BG","4637.84","4484.00"
"16/07/2025 16:00 - 16/07/2025 17:00","BZN|BG","4649.88","4473.00"
"16/07/2025 17:00 - 16/07/2025 18:00","BZN|BG","4679.02","4703.00"
"16/07/2025 18:00 - 16/07/2025 19:00","BZN|BG","4682.33","4718.00"
"16/07/2025 19:00 - 16/07/2025 20:00","BZN|BG","4530.84","4600.00"
"16/07/2025 20:00 - 16/07/2025 21:00","BZN|BG","4456.72","4513.00"
"16/07/2025 21:00 - 16/07/2025 22:00","BZN|BG","4276.57","4314.00"
"16/07/2025 22:00 - 16/07/2025 23:00","BZN|BG","3982.47","4021.00"
"16/07/2025 23:00 - 17/07/2025 00:00","BZN|BG","3639.63","3621.00"
"17/07/2025 00:00 - 17/07/2025 01:00","BZN|BG","3371.66","3376.00"
"17/07/2025 01:00 - 17/07/2025 02:00","BZN|BG","3232.74","3239.00"
"17/07/2025 02:00 - 17/07/2025 03:00","BZN|BG","3187.35","3185.00"
"17/07/2025 03:00 - 17/07/2025 04:00","BZN|BG","3178.04","3178.00"
"17/07/2025 04:00 - 17/07/2025 05:00","BZN|BG","3300.68","3269.00"
"17/07/2025 05:00 - 17/07/2025 06:00","BZN|BG","3512.40","3497.00"
"17/07/2025 06:00 - 17/07/2025 07:00","BZN|BG","3793.98","3757.00"
"17/07/2025 07:00 - 17/07/2025 08:00","BZN|BG","4114.48","4015.00"
"17/07/2025 08:00 - 17/07/2025 09:00","BZN|BG","4270.35","4166.00"
"17/07/2025 09:00 - 17/07/2025 10:00","BZN|BG","4398.22","4216.00"
"17/07/2025 10:00 - 17/07/2025 11:00","BZN|BG","4484.69","4294.00"
"17/07/2025 11:00 - 17/07/2025 12:00","BZN|BG","4496.85","4341.00"
"17/07/2025 12:00 - 17/07/2025 13:00","BZN|BG","4582.89","4420.00"
"17/07/2025 13:00 - 17/07/2025 14:00","BZN|BG","4610.45","4427.00"
"17/07/2025 14:00 - 17/07/2025 15:00","BZN|BG","4611.01","4420.00"
"17/07/2025 15:00 - 17/07/2025 16:00","BZN|BG","4590.05","4386.00"
"17/07/2025 16:00 - 17/07/2025 17:00","BZN|BG","4601.05","4362.00"
"17/07/2025 17:00 - 17/07/2025 18:00","BZN|BG","4544.37","4509.00"
"17/07/2025 18:00 - 17/07/2025 19:00","BZN|BG","4556.18","4550.00"
"17/07/2025 19:00 - 17/07/2025 20:00","BZN|BG","4333.97","4454.00"
"17/07/2025 20:00 - 17/07/2025 21:00","BZN|BG","4168.74","4353.00"
"17/07/2025 21:00 - 17/07/2025 22:00","BZN|BG","3920.18","4149.00"
"17/07/2025 22:00 - 17/07/2025 23:00","BZN|BG","3679.04","3849.00"
"17/07/2025 23:00 - 18/07/2025 00:00","BZN|BG","3403.35","3489.00"
"18/07/2025 00:00 - 18/07/2025 01:00","BZN|BG","3207.25","3277.00"
"18/07/2025 01:00 - 18/07/2025 02:00","BZN|BG","3073.76","3162.00"
"18/07/2025 02:00 - 18/07/2025 03:00","BZN|BG","3021.53","3106.00"
"18/07/2025 03:00 - 18/07/2025 04:00","BZN|BG","3023.31","3100.00"
"18/07/2025 04:00 - 18/07/2025 05:00","BZN|BG","3136.26","3182.00"
"18/07/2025 05:00 - 18/07/2025 06:00","BZN|BG","3349.61","3376.00"
"18/07/2025 06:00 - 18/07/2025 07:00","BZN|BG","3615.67","3601.00"
"18/07/2025 07:00 - 18/07/2025 08:00","BZN|BG","3842.52","3824.00"
"18/07/2025 08:00 - 18/07/2025 09:00","BZN|BG","3940.89","3953.00"
"18/07/2025 09:00 - 18/07/2025 10:00","BZN|BG","3963.11","4027.00"
"18/07/2025 10:00 - 18/07/2025 11:00","BZN|BG","4020.61","4127.00"
"18/07/2025 11:00 - 18/07/2025 12:00","BZN|BG","4021.40","4167.00"
"18/07/2025 12:00 - 18/07/2025 13:00","BZN|BG","4130.29","4234.00"
"18/07/2025 13:00 - 18/07/2025 14:00","BZN|BG","4163.74","4223.00"
"18/07/2025 14:00 - 18/07/2025 15:00","BZN|BG","4174.23","4200.00"
"18/07/2025 15:00 - 18/07/2025 16:00","BZN|BG","4141.79","4180.00"
"18/07/2025 16:00 - 18/07/2025 17:00","BZN|BG","4116.69","4176.00"
"18/07/2025 17:00 - 18/07/2025 18:00","BZN|BG","4215.55","4261.00"
"18/07/2025 18:00 - 18/07/2025 19:00","BZN|BG","4243.10","4267.00"
"18/07/2025 19:00 - 18/07/2025 20:00","BZN|BG","4135.41","4168.00"
"18/07/2025 20:00 - 18/07/2025 21:00","BZN|BG","4074.72","4085.00"
"18/07/2025 21:00 - 18/07/2025 22:00","BZN|BG","3917.57","3939.00"
"18/07/2025 22:00 - 18/07/2025 23:00","BZN|BG","3694.44","3716.00"
"18/07/2025 23:00 - 19/07/2025 00:00","BZN|BG","3400.11","3360.00"
"19/07/2025 00:00 - 19/07/2025 01:00","BZN|BG","3164.75","3152.00"
"19/07/2025 01:00 - 19/07/2025 02:00","BZN|BG","3011.76","3027.00"
"19/07/2025 02:00 - 19/07/2025 03:00","BZN|BG","2940.01","2950.00"
"19/07/2025 03:00 - 19/07/2025 04:00","BZN|BG","2918.47","2923.00"
"19/07/2025 04:00 - 19/07/2025 05:00","BZN|BG","2953.10","2947.00"
"19/07/2025 05:00 - 19/07/2025 06:00","BZN|BG","3030.15","3025.00"
"19/07/2025 06:00 - 19/07/2025 07:00","BZN|BG","3195.49","3189.00"
"19/07/2025 07:00 - 19/07/2025 08:00","BZN|BG","3442.55","3393.00"
"19/07/2025 08:00 - 19/07/2025 09:00","BZN|BG","3654.87","3559.00"
"19/07/2025 09:00 - 19/07/2025 10:00","BZN|BG","3771.42","3655.00"
"19/07/2025 10:00 - 19/07/2025 11:00","BZN|BG","3875.84","3719.00"
"19/07/2025 11:00 - 19/07/2025 12:00","BZN|BG","4031.80","3799.00"
"19/07/2025 12:00 - 19/07/2025 13:00","BZN|BG","4076.92","3846.00"
"19/07/2025 13:00 - 19/07/2025 14:00","BZN|BG","4001.29","3839.00"
"19/07/2025 14:00 - 19/07/2025 15:00","BZN|BG","3938.99","3797.00"
"19/07/2025 15:00 - 19/07/2025 16:00","BZN|BG","3968.08","3832.00"
"19/07/2025 16:00 - 19/07/2025 17:00","BZN|BG","4069.28","3848.00"
"19/07/2025 17:00 - 19/07/2025 18:00","BZN|BG","4138.09","4008.00"
"19/07/2025 18:00 - 19/07/2025 19:00","BZN|BG","4087.61","4101.00"
"19/07/2025 19:00 - 19/07/2025 20:00","BZN|BG","3990.61","4014.00"
"19/07/2025 20:00 - 19/07/2025 21:00","BZN|BG","3931.06","3967.00"
"19/07/2025 21:00 - 19/07/2025 22:00","BZN|BG","3791.20","3824.00"
"19/07/2025 22:00 - 19/07/2025 23:00","BZN|BG","3617.53","3628.00"
"19/07/2025 23:00 - 20/07/2025 00:00","BZN|BG","3347.20","3388.00"
"20/07/2025 00:00 - 20/07/2025 01:00","BZN|BG","3128.59","3140.00"
"20/07/2025 01:00 - 20/07/2025 02:00","BZN|BG","2981.37","3000.00"
"20/07/2025 02:00 - 20/07/2025 03:00","BZN|BG","2902.32","2910.00"
"20/07/2025 03:00 - 20/07/2025 04:00","BZN|BG","2862.89","2884.00"
"20/07/2025 04:00 - 20/07/2025 05:00","BZN|BG","2898.18","2915.00"
"20/07/2025 05:00 - 20/07/2025 06:00","BZN|BG","2941.05","2972.00"
"20/07/2025 06:00 - 20/07/2025 07:00","BZN|BG","3072.26","3111.00"
"20/07/2025 07:00 - 20/07/2025 08:00","BZN|BG","3329.94","3362.00"
"20/07/2025 08:00 - 20/07/2025 09:00","BZN|BG","3581.98","3609.00"
"20/07/2025 09:00 - 20/07/2025 10:00","BZN|BG","3783.11","3770.00"
"20/07/2025 10:00 - 20/07/2025 11:00","BZN|BG","3973.09","3884.00"
"20/07/2025 11:00 - 20/07/2025 12:00","BZN|BG","4118.43","4020.00"
"20/07/2025 12:00 - 20/07/2025 13:00","BZN|BG","4200.56","4038.00"
"20/07/2025 13:00 - 20/07/2025 14:00","BZN|BG","4166.75","3995.00"
"20/07/2025 14:00 - 20/07/2025 15:00","BZN|BG","4137.69","4004.00"
"20/07/2025 15:00 - 20/07/2025 16:00","BZN|BG","4163.06","4071.00"
"20/07/2025 16:00 - 20/07/2025 17:00","BZN|BG","4289.53","4221.00"
"20/07/2025 17:00 - 20/07/2025 18:00","BZN|BG","4325.78","4297.00"
"20/07/2025 18:00 - 20/07/2025 19:00","BZN|BG","4347.85","4358.00"
"20/07/2025 19:00 - 20/07/2025 20:00","BZN|BG","4247.60","4281.00"
"20/07/2025 20:00 - 20/07/2025 21:00","BZN|BG","4186.91","4247.00"
"20/07/2025 21:00 - 20/07/2025 22:00","BZN|BG","4038.72","4067.00"
"20/07/2025 22:00 - 20/07/2025 23:00","BZN|BG","3787.58","3786.00"
"20/07/2025 23:00 - 21/07/2025 00:00","BZN|BG","3462.16","3505.00"
"21/07/2025 00:00 - 21/07/2025 01:00","BZN|BG","3217.46","3239.00"
"21/07/2025 01:00 - 21/07/2025 02:00","BZN|BG","3090.61","3084.00"
"21/07/2025 02:00 - 21/07/2025 03:00","BZN|BG","3008.68","3015.00"
"21/07/2025 03:00 - 21/07/2025 04:00","BZN|BG","3002.38","3017.00"
"21/07/2025 04:00 - 21/07/2025 05:00","BZN|BG","3133.82","3143.00"
"21/07/2025 05:00 - 21/07/2025 06:00","BZN|BG","3377.11","3427.00"
"21/07/2025 06:00 - 21/07/2025 07:00","BZN|BG","3663.43","3731.00"
"21/07/2025 07:00 - 21/07/2025 08:00","BZN|BG","3991.87","4055.00"
"21/07/2025 08:00 - 21/07/2025 09:00","BZN|BG","4177.23","4287.00"
"21/07/2025 09:00 - 21/07/2025 10:00","BZN|BG","4333.98","4384.00"
"21/07/2025 10:00 - 21/07/2025 11:00","BZN|BG","4541.58","4601.00"
"21/07/2025 11:00 - 21/07/2025 12:00","BZN|BG","4640.25","4693.00"
"21/07/2025 12:00 - 21/07/2025 13:00","BZN|BG","4773.73","4797.00"
"21/07/2025 13:00 - 21/07/2025 14:00","BZN|BG","4794.69","4797.00"
"21/07/2025 14:00 - 21/07/2025 15:00","BZN|BG","4801.29","4698.00"
"21/07/2025 15:00 - 21/07/2025 16:00","BZN|BG","4822.93","4734.00"
"21/07/2025 16:00 - 21/07/2025 17:00","BZN|BG","4859.02","4785.00"
"21/07/2025 17:00 - 21/07/2025 18:00","BZN|BG","4929.20","4871.00"
"21/07/2025 18:00 - 21/07/2025 19:00","BZN|BG","4956.46","4913.00"
"21/07/2025 19:00 - 21/07/2025 20:00","BZN|BG","4778.32","4747.00"
"21/07/2025 20:00 - 21/07/2025 21:00","BZN|BG","4681.18","4618.00"
"21/07/2025 21:00 - 21/07/2025 22:00","BZN|BG","4442.22","4319.00"
"21/07/2025 22:00 - 21/07/2025 23:00","BZN|BG","4113.06","3876.00"
"21/07/2025 23:00 - 22/07/2025 00:00","BZN|BG","3760.35","3604.00"
"22/07/2025 00:00 - 22/07/2025 01:00","BZN|BG","3470.32","3324.00"
"22/07/2025 01:00 - 22/07/2025 02:00","BZN|BG","3314.62","3192.00"
"22/07/2025 02:00 - 22/07/2025 03:00","BZN|BG","3225.68","3118.00"
"22/07/2025 03:00 - 22/07/2025 04:00","BZN|BG","3220.77","3118.00"
"22/07/2025 04:00 - 22/07/2025 05:00","BZN|BG","3300.86","3262.00"
"22/07/2025 05:00 - 22/07/2025 06:00","BZN|BG","3539.47","3537.00"
"22/07/2025 06:00 - 22/07/2025 07:00","BZN|BG","3854.81","4089.00"
"22/07/2025 07:00 - 22/07/2025 08:00","BZN|BG","4189.37","4421.00"
"22/07/2025 08:00 - 22/07/2025 09:00","BZN|BG","4413.42","4531.00"
"22/07/2025 09:00 - 22/07/2025 10:00","BZN|BG","4563.95","4520.00"
"22/07/2025 10:00 - 22/07/2025 11:00","BZN|BG","4759.78","4663.00"
"22/07/2025 11:00 - 22/07/2025 12:00","BZN|BG","4888.37","4660.00"
"22/07/2025 12:00 - 22/07/2025 13:00","BZN|BG","5029.46","4846.00"
"22/07/2025 13:00 - 22/07/2025 14:00","BZN|BG","5053.49","4848.00"
"22/07/2025 14:00 - 22/07/2025 15:00","BZN|BG","5037.09","4842.00"
"22/07/2025 15:00 - 22/07/2025 16:00","BZN|BG","5056.34","4834.00"
"22/07/2025 16:00 - 22/07/2025 17:00","BZN|BG","5074.24","4896.00"
"22/07/2025 17:00 - 22/07/2025 18:00","BZN|BG","5174.73","4951.00"
"22/07/2025 18:00 - 22/07/2025 19:00","BZN|BG","5156.72","5039.00"
"22/07/2025 19:00 - 22/07/2025 20:00","BZN|BG","4994.85","4915.00"
"22/07/2025 20:00 - 22/07/2025 21:00","BZN|BG","4850.26","4845.00"
"22/07/2025 21:00 - 22/07/2025 22:00","BZN|BG","4637.63","4467.00"
"22/07/2025 22:00 - 22/07/2025 23:00","BZN|BG","4295.47","4145.00"
"22/07/2025 23:00 - 23/07/2025 00:00","BZN|BG","3925.75","3778.00"
"23/07/2025 00:00 - 23/07/2025 01:00","BZN|BG","3607.27","3501.00"
"23/07/2025 01:00 - 23/07/2025 02:00","BZN|BG","3438.03","3346.00"
"23/07/2025 02:00 - 23/07/2025 03:00","BZN|BG","3357.78","3277.00"
"23/07/2025 03:00 - 23/07/2025 04:00","BZN|BG","3313.03","3264.00"
"23/07/2025 04:00 - 23/07/2025 05:00","BZN|BG","3430.32","3384.00"
"23/07/2025 05:00 - 23/07/2025 06:00","BZN|BG","3656.95","3623.00"
"23/07/2025 06:00 - 23/07/2025 07:00","BZN|BG","3951.19","3916.00"
"23/07/2025 07:00 - 23/07/2025 08:00","BZN|BG","4319.13","4214.00"
"23/07/2025 08:00 - 23/07/2025 09:00","BZN|BG","4579.67","4374.00"
"23/07/2025 09:00 - 23/07/2025 10:00","BZN|BG","4733.08","4456.00"
"23/07/2025 10:00 - 23/07/2025 11:00","BZN|BG","4897.21","4597.00"
"23/07/2025 11:00 - 23/07/2025 12:00","BZN|BG","5008.55","4609.00"
"23/07/2025 12:00 - 23/07/2025 13:00","BZN|BG","5123.42","4721.00"
"23/07/2025 13:00 - 23/07/2025 14:00","BZN|BG","5122.30","4723.00"
"23/07/2025 14:00 - 23/07/2025 15:00","BZN|BG","5124.19","4728.00"
"23/07/2025 15:00 - 23/07/2025 16:00","BZN|BG","5142.45","4733.00"
"23/07/2025 16:00 - 23/07/2025 17:00","BZN|BG","5089.08","4735.00"
"23/07/2025 17:00 - 23/07/2025 18:00","BZN|BG","5134.03","4793.00"
"23/07/2025 18:00 - 23/07/2025 19:00","BZN|BG","5142.90","4809.00"
"23/07/2025 19:00 - 23/07/2025 20:00","BZN|BG","4988.85","4673.00"
"23/07/2025 20:00 - 23/07/2025 21:00","BZN|BG","4850.75","4591.00"
"23/07/2025 21:00 - 23/07/2025 22:00","BZN|BG","4601.22","4427.00"
"23/07/2025 22:00 - 23/07/2025 23:00","BZN|BG","4284.43","4196.00"
"23/07/2025 23:00 - 24/07/2025 00:00","BZN|BG","3895.19","3805.00"
"24/07/2025 00:00 - 24/07/2025 01:00","BZN|BG","3598.88","3534.00"
"24/07/2025 01:00 - 24/07/2025 02:00","BZN|BG","3442.40","3378.00"
"24/07/2025 02:00 - 24/07/2025 03:00","BZN|BG","3350.45","3306.00"
"24/07/2025 03:00 - 24/07/2025 04:00","BZN|BG","3336.18","3305.00"
"24/07/2025 04:00 - 24/07/2025 05:00","BZN|BG","3451.58","3431.00"
"24/07/2025 05:00 - 24/07/2025 06:00","BZN|BG","3667.29","3672.00"
"24/07/2025 06:00 - 24/07/2025 07:00","BZN|BG","3950.20","4166.00"
"24/07/2025 07:00 - 24/07/2025 08:00","BZN|BG","4295.73","4442.00"
"24/07/2025 08:00 - 24/07/2025 09:00","BZN|BG","4501.15","4559.00"
"24/07/2025 09:00 - 24/07/2025 10:00","BZN|BG","4639.19","4600.00"
"24/07/2025 10:00 - 24/07/2025 11:00","BZN|BG","4768.16","4762.00"
"24/07/2025 11:00 - 24/07/2025 12:00","BZN|BG","4911.28","4914.00"
"24/07/2025 12:00 - 24/07/2025 13:00","BZN|BG","5043.15","5046.00"
"24/07/2025 13:00 - 24/07/2025 14:00","BZN|BG","5036.24","5056.00"
"24/07/2025 14:00 - 24/07/2025 15:00","BZN|BG","5013.01","5022.00"
"24/07/2025 15:00 - 24/07/2025 16:00","BZN|BG","5041.08","4994.00"
"24/07/2025 16:00 - 24/07/2025 17:00","BZN|BG","5103.00","5027.00"
"24/07/2025 17:00 - 24/07/2025 18:00","BZN|BG","5148.45","5131.00"
"24/07/2025 18:00 - 24/07/2025 19:00","BZN|BG","5155.79","5151.00"
"24/07/2025 19:00 - 24/07/2025 20:00","BZN|BG","4960.38","4955.00"
"24/07/2025 20:00 - 24/07/2025 21:00","BZN|BG","4840.40","4803.00"
"24/07/2025 21:00 - 24/07/2025 22:00","BZN|BG","4609.96","4576.00"
"24/07/2025 22:00 - 24/07/2025 23:00","BZN|BG","4278.11","4198.00"
"24/07/2025 23:00 - 25/07/2025 00:00","BZN|BG","3889.57","3755.00"
"25/07/2025 00:00 - 25/07/2025 01:00","BZN|BG","3592.43","3523.00"
"25/07/2025 01:00 - 25/07/2025 02:00","BZN|BG","3432.79","3397.00"
"25/07/2025 02:00 - 25/07/2025 03:00","BZN|BG","3352.45","3337.00"
"25/07/2025 03:00 - 25/07/2025 04:00","BZN|BG","3323.24","3323.00"
"25/07/2025 04:00 - 25/07/2025 05:00","BZN|BG","3442.39","3438.00"
"25/07/2025 05:00 - 25/07/2025 06:00","BZN|BG","3640.60","3680.00"
"25/07/2025 06:00 - 25/07/2025 07:00","BZN|BG","3939.14","3986.00"
"25/07/2025 07:00 - 25/07/2025 08:00","BZN|BG","4279.28","4309.00"
"25/07/2025 08:00 - 25/07/2025 09:00","BZN|BG","4506.27","4502.00"
"25/07/2025 09:00 - 25/07/2025 10:00","BZN|BG","4675.14","4611.00"
"25/07/2025 10:00 - 25/07/2025 11:00","BZN|BG","4843.21","4769.00"
"25/07/2025 11:00 - 25/07/2025 12:00","BZN|BG","5004.91","4819.00"
"25/07/2025 12:00 - 25/07/2025 13:00","BZN|BG","5142.37","4940.00"
"25/07/2025 13:00 - 25/07/2025 14:00","BZN|BG","5164.21","4940.00"
"25/07/2025 14:00 - 25/07/2025 15:00","BZN|BG","5157.18","4922.00"
"25/07/2025 15:00 - 25/07/2025 16:00","BZN|BG","5148.00","4916.00"
"25/07/2025 16:00 - 25/07/2025 17:00","BZN|BG","5158.73","4911.00"
"25/07/2025 17:00 - 25/07/2025 18:00","BZN|BG","5225.24","4878.00"
"25/07/2025 18:00 - 25/07/2025 19:00","BZN|BG","5227.62","4874.00"
"25/07/2025 19:00 - 25/07/2025 20:00","BZN|BG","5017.36","4708.00"
"25/07/2025 20:00 - 25/07/2025 21:00","BZN|BG","4894.47","4591.00"
"25/07/2025 21:00 - 25/07/2025 22:00","BZN|BG","4634.87","4376.00"
"25/07/2025 22:00 - 25/07/2025 23:00","BZN|BG","4331.27","4074.00"
"25/07/2025 23:00 - 26/07/2025 00:00","BZN|BG","3939.90","3752.00"
"26/07/2025 00:00 - 26/07/2025 01:00","BZN|BG","3629.66","3494.00"
"26/07/2025 01:00 - 26/07/2025 02:00","BZN|BG","3422.74","3327.00"
"26/07/2025 02:00 - 26/07/2025 03:00","BZN|BG","3320.36","3248.00"
"26/07/2025 03:00 - 26/07/2025 04:00","BZN|BG","3252.27","3224.00"
"26/07/2025 04:00 - 26/07/2025 05:00","BZN|BG","3281.84","3265.00"
"26/07/2025 05:00 - 26/07/2025 06:00","BZN|BG","3340.67","3355.00"
"26/07/2025 06:00 - 26/07/2025 07:00","BZN|BG","3509.65","3547.00"
"26/07/2025 07:00 - 26/07/2025 08:00","BZN|BG","3818.03","3835.00"
"26/07/2025 08:00 - 26/07/2025 09:00","BZN|BG","4146.17","4082.00"
"26/07/2025 09:00 - 26/07/2025 10:00","BZN|BG","4341.69","4218.00"
"26/07/2025 10:00 - 26/07/2025 11:00","BZN|BG","4575.72","4340.00"
"26/07/2025 11:00 - 26/07/2025 12:00","BZN|BG","4801.05","4522.00"
"26/07/2025 12:00 - 26/07/2025 13:00","BZN|BG","4855.54","4574.00"
"26/07/2025 13:00 - 26/07/2025 14:00","BZN|BG","4837.01","4540.00"
"26/07/2025 14:00 - 26/07/2025 15:00","BZN|BG","4821.01","4511.00"
"26/07/2025 15:00 - 26/07/2025 16:00","BZN|BG","4859.61","4551.00"
"26/07/2025 16:00 - 26/07/2025 17:00","BZN|BG","4900.32","4688.00"
"26/07/2025 17:00 - 26/07/2025 18:00","BZN|BG","4990.72","4781.00"
"26/07/2025 18:00 - 26/07/2025 19:00","BZN|BG","4998.45","4711.00"
"26/07/2025 19:00 - 26/07/2025 20:00","BZN|BG","4793.23","4577.00"
"26/07/2025 20:00 - 26/07/2025 21:00","BZN|BG","4647.89","4494.00"
"26/07/2025 21:00 - 26/07/2025 22:00","BZN|BG","4404.64","4300.00"
"26/07/2025 22:00 - 26/07/2025 23:00","BZN|BG","4144.06","4059.00"
"26/07/2025 23:00 - 27/07/2025 00:00","BZN|BG","3835.07","3897.00"
"27/07/2025 00:00 - 27/07/2025 01:00","BZN|BG","3528.26","3578.00"
"27/07/2025 01:00 - 27/07/2025 02:00","BZN|BG","3348.55","3363.00"
"27/07/2025 02:00 - 27/07/2025 03:00","BZN|BG","3229.85","3248.00"
"27/07/2025 03:00 - 27/07/2025 04:00","BZN|BG","3162.63","3190.00"
"27/07/2025 04:00 - 27/07/2025 05:00","BZN|BG","3170.61","3237.00"
"27/07/2025 05:00 - 27/07/2025 06:00","BZN|BG","3198.08","3295.00"
"27/07/2025 06:00 - 27/07/2025 07:00","BZN|BG","3353.15","3470.00"
"27/07/2025 07:00 - 27/07/2025 08:00","BZN|BG","3645.48","3814.00"
"27/07/2025 08:00 - 27/07/2025 09:00","BZN|BG","3985.65","4150.00"
"27/07/2025 09:00 - 27/07/2025 10:00","BZN|BG","4247.12","4419.00"
"27/07/2025 10:00 - 27/07/2025 11:00","BZN|BG","4443.11","4672.00"
"27/07/2025 11:00 - 27/07/2025 12:00","BZN|BG","4620.71","4866.00"
"27/07/2025 12:00 - 27/07/2025 13:00","BZN|BG","4695.80","4976.00"
"27/07/2025 13:00 - 27/07/2025 14:00","BZN|BG","4713.77","4954.00"
"27/07/2025 14:00 - 27/07/2025 15:00","BZN|BG","4696.56","4935.00"
"27/07/2025 15:00 - 27/07/2025 16:00","BZN|BG","4732.61","4988.00"
"27/07/2025 16:00 - 27/07/2025 17:00","BZN|BG","4800.55","5252.00"
"27/07/2025 17:00 - 27/07/2025 18:00","BZN|BG","4816.83","5328.00"
"27/07/2025 18:00 - 27/07/2025 19:00","BZN|BG","4785.48","5374.00"
"27/07/2025 19:00 - 27/07/2025 20:00","BZN|BG","4633.98","5197.00"
"27/07/2025 20:00 - 27/07/2025 21:00","BZN|BG","4553.53","5090.00"
"27/07/2025 21:00 - 27/07/2025 22:00","BZN|BG","4328.05","4829.00"
"27/07/2025 22:00 - 27/07/2025 23:00","BZN|BG","4053.52","4386.00"
"27/07/2025 23:00 - 28/07/2025 00:00","BZN|BG","3695.34","3696.00"
"28/07/2025 00:00 - 28/07/2025 01:00","BZN|BG","3414.50","3378.00"
"28/07/2025 01:00 - 28/07/2025 02:00","BZN|BG","3272.72","3213.00"
"28/07/2025 02:00 - 28/07/2025 03:00","BZN|BG","3304.63","3106.00"
"28/07/2025 03:00 - 28/07/2025 04:00","BZN|BG","3222.26","3098.00"
"28/07/2025 04:00 - 28/07/2025 05:00","BZN|BG","3342.32","3215.00"
"28/07/2025 05:00 - 28/07/2025 06:00","BZN|BG","3504.79","3431.00"
"28/07/2025 06:00 - 28/07/2025 07:00","BZN|BG","3806.33","3685.00"
"28/07/2025 07:00 - 28/07/2025 08:00","BZN|BG","4092.91","3977.00"
"28/07/2025 08:00 - 28/07/2025 09:00","BZN|BG","4281.80","4142.00"
"28/07/2025 09:00 - 28/07/2025 10:00","BZN|BG","4471.68","4281.00"
"28/07/2025 10:00 - 28/07/2025 11:00","BZN|BG","4604.29","4465.00"
"28/07/2025 11:00 - 28/07/2025 12:00","BZN|BG","4722.02","4553.00"
"28/07/2025 12:00 - 28/07/2025 13:00","BZN|BG","4893.99","4671.00"
"28/07/2025 13:00 - 28/07/2025 14:00","BZN|BG","4899.47","4593.00"
"28/07/2025 14:00 - 28/07/2025 15:00","BZN|BG","4918.13","4608.00"
"28/07/2025 15:00 - 28/07/2025 16:00","BZN|BG","4861.08","4655.00"
"28/07/2025 16:00 - 28/07/2025 17:00","BZN|BG","4878.91","4733.00"
"28/07/2025 17:00 - 28/07/2025 18:00","BZN|BG","4915.83","4886.00"
"28/07/2025 18:00 - 28/07/2025 19:00","BZN|BG","4821.40","4945.00"
"28/07/2025 19:00 - 28/07/2025 20:00","BZN|BG","4682.13","4779.00"
"28/07/2025 20:00 - 28/07/2025 21:00","BZN|BG","4557.01","4689.00"
"28/07/2025 21:00 - 28/07/2025 22:00","BZN|BG","4342.60","4466.00"
"28/07/2025 22:00 - 28/07/2025 23:00","BZN|BG","4055.44","4160.00"
"28/07/2025 23:00 - 29/07/2025 00:00","BZN|BG","3695.24","3740.00"
"29/07/2025 00:00 - 29/07/2025 01:00","BZN|BG","3443.42","3478.00"
"29/07/2025 01:00 - 29/07/2025 02:00","BZN|BG","3311.40","3327.00"
"29/07/2025 02:00 - 29/07/2025 03:00","BZN|BG","3304.22","3254.00"
"29/07/2025 03:00 - 29/07/2025 04:00","BZN|BG","3245.48","3244.00"
"29/07/2025 04:00 - 29/07/2025 05:00","BZN|BG","3314.75","3324.00"
"29/07/2025 05:00 - 29/07/2025 06:00","BZN|BG","3459.31","3502.00"
"29/07/2025 06:00 - 29/07/2025 07:00","BZN|BG","3697.65","3726.00"
"29/07/2025 07:00 - 29/07/2025 08:00","BZN|BG","4032.73","3993.00"
"29/07/2025 08:00 - 29/07/2025 09:00","BZN|BG","4277.27","4171.00"
"29/07/2025 09:00 - 29/07/2025 10:00","BZN|BG","4380.26","4268.00"
"29/07/2025 10:00 - 29/07/2025 11:00","BZN|BG","4561.96","4385.00"
"29/07/2025 11:00 - 29/07/2025 12:00","BZN|BG","4666.72","4470.00"
"29/07/2025 12:00 - 29/07/2025 13:00","BZN|BG","4765.83","4559.00"
"29/07/2025 13:00 - 29/07/2025 14:00","BZN|BG","4705.00","4559.00"
"29/07/2025 14:00 - 29/07/2025 15:00","BZN|BG","4602.02","4539.00"
"29/07/2025 15:00 - 29/07/2025 16:00","BZN|BG","4558.46","4551.00"
"29/07/2025 16:00 - 29/07/2025 17:00","BZN|BG","4507.25","4550.00"
"29/07/2025 17:00 - 29/07/2025 18:00","BZN|BG","4530.99","4657.00"
"29/07/2025 18:00 - 29/07/2025 19:00","BZN|BG","4440.97","4660.00"
"29/07/2025 19:00 - 29/07/2025 20:00","BZN|BG","4347.35","4534.00"
"29/07/2025 20:00 - 29/07/2025 21:00","BZN|BG","4287.24","4410.00"
"29/07/2025 21:00 - 29/07/2025 22:00","BZN|BG","4078.36","4245.00"
"29/07/2025 22:00 - 29/07/2025 23:00","BZN|BG","3803.95","3944.00"
"29/07/2025 23:00 - 30/07/2025 00:00","BZN|BG","3492.64","3564.00"
"30/07/2025 00:00 - 30/07/2025 01:00","BZN|BG","3280.02","3343.00"
"30/07/2025 01:00 - 30/07/2025 02:00","BZN|BG","3151.81","3225.00"
"30/07/2025 02:00 - 30/07/2025 03:00","BZN|BG","3109.26","3162.00"
"30/07/2025 03:00 - 30/07/2025 04:00","BZN|BG","3092.69","3145.00"
"30/07/2025 04:00 - 30/07/2025 05:00","BZN|BG","3207.70","3225.00"
"30/07/2025 05:00 - 30/07/2025 06:00","BZN|BG","3411.00","3386.00"
"30/07/2025 06:00 - 30/07/2025 07:00","BZN|BG","3664.74","3606.00"
"30/07/2025 07:00 - 30/07/2025 08:00","BZN|BG","3890.56","3861.00"
"30/07/2025 08:00 - 30/07/2025 09:00","BZN|BG","4038.21","4030.00"
"30/07/2025 09:00 - 30/07/2025 10:00","BZN|BG","4054.92","4142.00"
"30/07/2025 10:00 - 30/07/2025 11:00","BZN|BG","4158.52","4263.00"
"30/07/2025 11:00 - 30/07/2025 12:00","BZN|BG","4320.44","4363.00"
"30/07/2025 12:00 - 30/07/2025 13:00","BZN|BG","4452.82","4460.00"
"30/07/2025 13:00 - 30/07/2025 14:00","BZN|BG","4501.91","4460.00"
"30/07/2025 14:00 - 30/07/2025 15:00","BZN|BG","4500.87","4345.00"
"30/07/2025 15:00 - 30/07/2025 16:00","BZN|BG","4397.48","4386.00"
"30/07/2025 16:00 - 30/07/2025 17:00","BZN|BG","4411.30","4413.00"
"30/07/2025 17:00 - 30/07/2025 18:00","BZN|BG","4526.05","4598.00"
"30/07/2025 18:00 - 30/07/2025 19:00","BZN|BG","4518.65","4599.00"
"30/07/2025 19:00 - 30/07/2025 20:00","BZN|BG","4400.62","4458.00"
"30/07/2025 20:00 - 30/07/2025 21:00","BZN|BG","4321.64","4355.00"
"30/07/2025 21:00 - 30/07/2025 22:00","BZN|BG","4141.63","4169.00"
"30/07/2025 22:00 - 30/07/2025 23:00","BZN|BG","3878.97","3917.00"
"30/07/2025 23:00 - 31/07/2025 00:00","BZN|BG","3549.49","3502.00"
"31/07/2025 00:00 - 31/07/2025 01:00","BZN|BG","3311.86","3267.00"
"31/07/2025 01:00 - 31/07/2025 02:00","BZN|BG","3163.94","3146.00"
"31/07/2025 02:00 - 31/07/2025 03:00","BZN|BG","3098.58","3072.00"
"31/07/2025 03:00 - 31/07/2025 04:00","BZN|BG","3096.92","3057.00"
"31/07/2025 04:00 - 31/07/2025 05:00","BZN|BG","3213.81","3132.00"
"31/07/2025 05:00 - 31/07/2025 06:00","BZN|BG","3431.43","3287.00"
"31/07/2025 06:00 - 31/07/2025 07:00","BZN|BG","3660.73","3512.00"
"31/07/2025 07:00 - 31/07/2025 08:00","BZN|BG","3974.11","3756.00"
"31/07/2025 08:00 - 31/07/2025 09:00","BZN|BG","4084.95","3935.00"
"31/07/2025 09:00 - 31/07/2025 10:00","BZN|BG","4147.47","4044.00"
"31/07/2025 10:00 - 31/07/2025 11:00","BZN|BG","4214.29","4154.00"
"31/07/2025 11:00 - 31/07/2025 12:00","BZN|BG","4303.95","4253.00"
"31/07/2025 12:00 - 31/07/2025 13:00","BZN|BG","4491.48","4343.00"
"31/07/2025 13:00 - 31/07/2025 14:00","BZN|BG","4447.15","4276.00"
"31/07/2025 14:00 - 31/07/2025 15:00","BZN|BG","4397.82","4285.00"
"31/07/2025 15:00 - 31/07/2025 16:00","BZN|BG","4137.82","4305.00"
"31/07/2025 16:00 - 31/07/2025 17:00","BZN|BG","4128.45","4319.00"
"31/07/2025 17:00 - 31/07/2025 18:00","BZN|BG","4147.81","4383.00"
"31/07/2025 18:00 - 31/07/2025 19:00","BZN|BG","4140.47","4379.00"
"31/07/2025 19:00 - 31/07/2025 20:00","BZN|BG","4069.56","4230.00"
"31/07/2025 20:00 - 31/07/2025 21:00","BZN|BG","4033.52","4140.00"
"31/07/2025 21:00 - 31/07/2025 22:00","BZN|BG","3865.13","3977.00"
"31/07/2025 22:00 - 31/07/2025 23:00","BZN|BG","3625.50","3754.00"
"31/07/2025 23:00 - 01/08/2025 00:00","BZN|BG","3345.26","3570.00"
"01/08/2025 00:00 - 01/08/2025 01:00","BZN|BG","3145.93","3334.00"
"01/08/2025 01:00 - 01/08/2025 02:00","BZN|BG","3008.16","3197.00"
"01/08/2025 02:00 - 01/08/2025 03:00","BZN|BG","2963.85","3154.00"
"01/08/2025 03:00 - 01/08/2025 04:00","BZN|BG","2956.46","3130.00"
"01/08/2025 04:00 - 01/08/2025 05:00","BZN|BG","3033.71","3191.00"
"01/08/2025 05:00 - 01/08/2025 06:00","BZN|BG","3234.16","3334.00"
"01/08/2025 06:00 - 01/08/2025 07:00","BZN|BG","3498.59","3539.00"
"01/08/2025 07:00 - 01/08/2025 08:00","BZN|BG","3796.37","3780.00"
"01/08/2025 08:00 - 01/08/2025 09:00","BZN|BG","3951.86","3924.00"
"01/08/2025 09:00 - 01/08/2025 10:00","BZN|BG","3986.25","4011.00"
"01/08/2025 10:00 - 01/08/2025 11:00","BZN|BG","4043.80","4114.00"
"01/08/2025 11:00 - 01/08/2025 12:00","BZN|BG","4119.85","4205.00"
"01/08/2025 12:00 - 01/08/2025 13:00","BZN|BG","4159.98","4301.00"
"01/08/2025 13:00 - 01/08/2025 14:00","BZN|BG","4215.55","4294.00"
"01/08/2025 14:00 - 01/08/2025 15:00","BZN|BG","4183.85","4294.00"
"01/08/2025 15:00 - 01/08/2025 16:00","BZN|BG","4160.99","4304.00"
"01/08/2025 16:00 - 01/08/2025 17:00","BZN|BG","4127.33","4286.00"
"01/08/2025 17:00 - 01/08/2025 18:00","BZN|BG","4215.27","4388.00"
"01/08/2025 18:00 - 01/08/2025 19:00","BZN|BG","4241.84","4356.00"
"01/08/2025 19:00 - 01/08/2025 20:00","BZN|BG","4119.65","4265.00"
"01/08/2025 20:00 - 01/08/2025 21:00","BZN|BG","4045.70","4198.00"
"01/08/2025 21:00 - 01/08/2025 22:00","BZN|BG","3885.73","4055.00"
"01/08/2025 22:00 - 01/08/2025 23:00","BZN|BG","3663.57","3869.00"
"01/08/2025 23:00 - 02/08/2025 00:00","BZN|BG","3371.35","3352.00"
"02/08/2025 00:00 - 02/08/2025 01:00","BZN|BG","3138.84","3159.00"
"02/08/2025 01:00 - 02/08/2025 02:00","BZN|BG","3000.77","3031.00"
"02/08/2025 02:00 - 02/08/2025 03:00","BZN|BG","2923.16","2967.00"
"02/08/2025 03:00 - 02/08/2025 04:00","BZN|BG","2898.00","2925.00"
"02/08/2025 04:00 - 02/08/2025 05:00","BZN|BG","2903.66","2946.00"
"02/08/2025 05:00 - 02/08/2025 06:00","BZN|BG","2952.31","2987.00"
"02/08/2025 06:00 - 02/08/2025 07:00","BZN|BG","3115.06","3105.00"
"02/08/2025 07:00 - 02/08/2025 08:00","BZN|BG","3387.12","3322.00"
"02/08/2025 08:00 - 02/08/2025 09:00","BZN|BG","3604.05","3552.00"
"02/08/2025 09:00 - 02/08/2025 10:00","BZN|BG","3750.90","3690.00"
"02/08/2025 10:00 - 02/08/2025 11:00","BZN|BG","3856.89","3854.00"
"02/08/2025 11:00 - 02/08/2025 12:00","BZN|BG","3970.23","4012.00"
"02/08/2025 12:00 - 02/08/2025 13:00","BZN|BG","4033.96","4050.00"
"02/08/2025 13:00 - 02/08/2025 14:00","BZN|BG","3994.02","4047.00"
"02/08/2025 14:00 - 02/08/2025 15:00","BZN|BG","3961.79","4045.00"
"02/08/2025 15:00 - 02/08/2025 16:00","BZN|BG","3980.61","4093.00"
"02/08/2025 16:00 - 02/08/2025 17:00","BZN|BG","4021.54","4144.00"
"02/08/2025 17:00 - 02/08/2025 18:00","BZN|BG","4075.58","4256.00"
"02/08/2025 18:00 - 02/08/2025 19:00","BZN|BG","4096.32","4266.00"
"02/08/2025 19:00 - 02/08/2025 20:00","BZN|BG","3973.85","4122.00"
"02/08/2025 20:00 - 02/08/2025 21:00","BZN|BG","3912.61","4020.00"
"02/08/2025 21:00 - 02/08/2025 22:00","BZN|BG","3738.84","3850.00"
"02/08/2025 22:00 - 02/08/2025 23:00","BZN|BG","3544.20","3667.00"
"02/08/2025 23:00 - 03/08/2025 00:00","BZN|BG","3290.85","3162.00"
"03/08/2025 00:00 - 03/08/2025 01:00","BZN|BG","3051.98","3013.00"
"03/08/2025 01:00 - 03/08/2025 02:00","BZN|BG","2915.32","2925.00"
"03/08/2025 02:00 - 03/08/2025 03:00","BZN|BG","2840.13","2867.00"
"03/08/2025 03:00 - 03/08/2025 04:00","BZN|BG","2808.03","2835.00"
"03/08/2025 04:00 - 03/08/2025 05:00","BZN|BG","2812.48","2841.00"
"03/08/2025 05:00 - 03/08/2025 06:00","BZN|BG","2834.83","2865.00"
"03/08/2025 06:00 - 03/08/2025 07:00","BZN|BG","2985.96","3000.00"
"03/08/2025 07:00 - 03/08/2025 08:00","BZN|BG","3237.25","3253.00"
"03/08/2025 08:00 - 03/08/2025 09:00","BZN|BG","3522.79","3549.00"
"03/08/2025 09:00 - 03/08/2025 10:00","BZN|BG","3707.98","3775.00"
"03/08/2025 10:00 - 03/08/2025 11:00","BZN|BG","3781.64","3946.00"
"03/08/2025 11:00 - 03/08/2025 12:00","BZN|BG","3867.74","4100.00"
"03/08/2025 12:00 - 03/08/2025 13:00","BZN|BG","3962.24","4165.00"
"03/08/2025 13:00 - 03/08/2025 14:00","BZN|BG","4034.00","3977.00"
"03/08/2025 14:00 - 03/08/2025 15:00","BZN|BG","4084.15","3977.00"
"03/08/2025 15:00 - 03/08/2025 16:00","BZN|BG","4034.42","4033.00"
"03/08/2025 16:00 - 03/08/2025 17:00","BZN|BG","4083.55","4140.00"
"03/08/2025 17:00 - 03/08/2025 18:00","BZN|BG","4182.32","4166.00"
"03/08/2025 18:00 - 03/08/2025 19:00","BZN|BG","4249.52","4141.00"
"03/08/2025 19:00 - 03/08/2025 20:00","BZN|BG","4178.36","4019.00"
"03/08/2025 20:00 - 03/08/2025 21:00","BZN|BG","4125.86","3954.00"
"03/08/2025 21:00 - 03/08/2025 22:00","BZN|BG","3929.09","3773.00"
"03/08/2025 22:00 - 03/08/2025 23:00","BZN|BG","3676.89","3552.00"
"03/08/2025 23:00 - 04/08/2025 00:00","BZN|BG","3348.89","3207.00"
"04/08/2025 00:00 - 04/08/2025 01:00","BZN|BG","3115.41","2987.00"
"04/08/2025 01:00 - 04/08/2025 02:00","BZN|BG","2997.75","2875.00"
"04/08/2025 02:00 - 04/08/2025 03:00","BZN|BG","2924.37","2900.00"
"04/08/2025 03:00 - 04/08/2025 04:00","BZN|BG","2946.16","2836.00"
"04/08/2025 04:00 - 04/08/2025 05:00","BZN|BG","3014.26","2942.00"
"04/08/2025 05:00 - 04/08/2025 06:00","BZN|BG","3167.83","3085.00"
"04/08/2025 06:00 - 04/08/2025 07:00","BZN|BG","3433.69","3352.00"
"04/08/2025 07:00 - 04/08/2025 08:00","BZN|BG","3722.96","3606.00"
"04/08/2025 08:00 - 04/08/2025 09:00","BZN|BG","3926.61","3773.00"
"04/08/2025 09:00 - 04/08/2025 10:00","BZN|BG","4006.78","3941.00"
"04/08/2025 10:00 - 04/08/2025 11:00","BZN|BG","4120.41","4058.00"
"04/08/2025 11:00 - 04/08/2025 12:00","BZN|BG","4164.06","4162.00"
"04/08/2025 12:00 - 04/08/2025 13:00","BZN|BG","4308.72","4314.00"
"04/08/2025 13:00 - 04/08/2025 14:00","BZN|BG","4408.59","4352.00"
"04/08/2025 14:00 - 04/08/2025 15:00","BZN|BG","4395.32","4314.00"
"04/08/2025 15:00 - 04/08/2025 16:00","BZN|BG","4289.36","4087.00"
"04/08/2025 16:00 - 04/08/2025 17:00","BZN|BG","4248.02","4128.00"
"04/08/2025 17:00 - 04/08/2025 18:00","BZN|BG","4315.52","4214.00"
"04/08/2025 18:00 - 04/08/2025 19:00","BZN|BG","4383.19","4143.00"
"04/08/2025 19:00 - 04/08/2025 20:00","BZN|BG","4242.51","4039.00"
"04/08/2025 20:00 - 04/08/2025 21:00","BZN|BG","4114.58","3946.00"
"04/08/2025 21:00 - 04/08/2025 22:00","BZN|BG","3912.73","3786.00"
"04/08/2025 22:00 - 04/08/2025 23:00","BZN|BG","3665.39","3571.00"
"04/08/2025 23:00 - 05/08/2025 00:00","BZN|BG","3357.87","3416.00"
"05/08/2025 00:00 - 05/08/2025 01:00","BZN|BG","3103.55","3191.00"
"05/08/2025 01:00 - 05/08/2025 02:00","BZN|BG","2993.20","3083.00"
"05/08/2025 02:00 - 05/08/2025 03:00","BZN|BG","2923.92","3048.00"
"05/08/2025 03:00 - 05/08/2025 04:00","BZN|BG","2939.40","3007.00"
"05/08/2025 04:00 - 05/08/2025 05:00","BZN|BG","3020.16","3113.00"
"05/08/2025 05:00 - 05/08/2025 06:00","BZN|BG","3197.95","3287.00"
"05/08/2025 06:00 - 05/08/2025 07:00","BZN|BG","3487.36","3548.00"
"05/08/2025 07:00 - 05/08/2025 08:00","BZN|BG","3765.40","3847.00"
"05/08/2025 08:00 - 05/08/2025 09:00","BZN|BG","3916.89","4047.00"
"05/08/2025 09:00 - 05/08/2025 10:00","BZN|BG","4033.42","4093.00"
"05/08/2025 10:00 - 05/08/2025 11:00","BZN|BG","4092.11","4219.00"
"05/08/2025 11:00 - 05/08/2025 12:00","BZN|BG","4143.43","4296.00"
"05/08/2025 12:00 - 05/08/2025 13:00","BZN|BG","4285.77","4461.00"
"05/08/2025 13:00 - 05/08/2025 14:00","BZN|BG","4270.43","4464.00"
"05/08/2025 14:00 - 05/08/2025 15:00","BZN|BG","4291.96","4421.00"
"05/08/2025 15:00 - 05/08/2025 16:00","BZN|BG","4238.28","4361.00"
"05/08/2025 16:00 - 05/08/2025 17:00","BZN|BG","4252.07","4402.00"
"05/08/2025 17:00 - 05/08/2025 18:00","BZN|BG","4410.37","4537.00"
"05/08/2025 18:00 - 05/08/2025 19:00","BZN|BG","4441.28","4519.00"
"05/08/2025 19:00 - 05/08/2025 20:00","BZN|BG","4314.24","4390.00"
"05/08/2025 20:00 - 05/08/2025 21:00","BZN|BG","4245.19","4334.00"
"05/08/2025 21:00 - 05/08/2025 22:00","BZN|BG","4024.23","4117.00"
"05/08/2025 22:00 - 05/08/2025 23:00","BZN|BG","3731.50","3826.00"
"05/08/2025 23:00 - 06/08/2025 00:00","BZN|BG","3444.64","3368.00"
"06/08/2025 00:00 - 06/08/2025 01:00","BZN|BG","3205.58","3140.00"
"06/08/2025 01:00 - 06/08/2025 02:00","BZN|BG","3053.97","3003.00"
"06/08/2025 02:00 - 06/08/2025 03:00","BZN|BG","2973.23","2962.00"
"06/08/2025 03:00 - 06/08/2025 04:00","BZN|BG","2962.44","2941.00"
"06/08/2025 04:00 - 06/08/2025 05:00","BZN|BG","3032.25","3036.00"
"06/08/2025 05:00 - 06/08/2025 06:00","BZN|BG","3228.77","3228.00"
"06/08/2025 06:00 - 06/08/2025 07:00","BZN|BG","3500.76","3475.00"
"06/08/2025 07:00 - 06/08/2025 08:00","BZN|BG","3805.58","3769.00"
"06/08/2025 08:00 - 06/08/2025 09:00","BZN|BG","3961.23","3934.00"
"06/08/2025 09:00 - 06/08/2025 10:00","BZN|BG","4054.99","3988.00"
"06/08/2025 10:00 - 06/08/2025 11:00","BZN|BG","4207.07","4091.00"
"06/08/2025 11:00 - 06/08/2025 12:00","BZN|BG","4283.34","4199.00"
"06/08/2025 12:00 - 06/08/2025 13:00","BZN|BG","4419.42","4314.00"
"06/08/2025 13:00 - 06/08/2025 14:00","BZN|BG","4426.47","4314.00"
"06/08/2025 14:00 - 06/08/2025 15:00","BZN|BG","4368.90","4276.00"
"06/08/2025 15:00 - 06/08/2025 16:00","BZN|BG","4344.40","4187.00"
"06/08/2025 16:00 - 06/08/2025 17:00","BZN|BG","4336.29","4170.00"
"06/08/2025 17:00 - 06/08/2025 18:00","BZN|BG","4429.86","4250.00"
"06/08/2025 18:00 - 06/08/2025 19:00","BZN|BG","4447.00","4231.00"
"06/08/2025 19:00 - 06/08/2025 20:00","BZN|BG","4342.28","4134.00"
"06/08/2025 20:00 - 06/08/2025 21:00","BZN|BG","4268.88","4075.00"
"06/08/2025 21:00 - 06/08/2025 22:00","BZN|BG","4057.48","3903.00"
"06/08/2025 22:00 - 06/08/2025 23:00","BZN|BG","3743.50","3664.00"
"06/08/2025 23:00 - 07/08/2025 00:00","BZN|BG","3431.42","3403.00"
"07/08/2025 00:00 - 07/08/2025 01:00","BZN|BG","3212.65","3166.00"
"07/08/2025 01:00 - 07/08/2025 02:00","BZN|BG","3102.29","3032.00"
"07/08/2025 02:00 - 07/08/2025 03:00","BZN|BG","3051.96","2998.00"
"07/08/2025 03:00 - 07/08/2025 04:00","BZN|BG","3023.14","2976.00"
"07/08/2025 04:00 - 07/08/2025 05:00","BZN|BG","3094.34","3087.00"
"07/08/2025 05:00 - 07/08/2025 06:00","BZN|BG","3293.38","3274.00"
"07/08/2025 06:00 - 07/08/2025 07:00","BZN|BG","3566.50","3536.00"
"07/08/2025 07:00 - 07/08/2025 08:00","BZN|BG","3854.94","3829.00"
"07/08/2025 08:00 - 07/08/2025 09:00","BZN|BG","4030.56","4012.00"
"07/08/2025 09:00 - 07/08/2025 10:00","BZN|BG","4087.79","4060.00"
"07/08/2025 10:00 - 07/08/2025 11:00","BZN|BG","4218.46","4188.00"
"07/08/2025 11:00 - 07/08/2025 12:00","BZN|BG","4353.20","4315.00"
"07/08/2025 12:00 - 07/08/2025 13:00","BZN|BG","4453.61","4429.00"
"07/08/2025 13:00 - 07/08/2025 14:00","BZN|BG","4458.65","4444.00"
"07/08/2025 14:00 - 07/08/2025 15:00","BZN|BG","4483.44","4395.00"
"07/08/2025 15:00 - 07/08/2025 16:00","BZN|BG","4396.88","4287.00"
"07/08/2025 16:00 - 07/08/2025 17:00","BZN|BG","4417.60","4272.00"
"07/08/2025 17:00 - 07/08/2025 18:00","BZN|BG","4479.90","4333.00"
"07/08/2025 18:00 - 07/08/2025 19:00","BZN|BG","4462.08","4326.00"
"07/08/2025 19:00 - 07/08/2025 20:00","BZN|BG","4366.85","4234.00"
"07/08/2025 20:00 - 07/08/2025 21:00","BZN|BG","4280.18","4186.00"
"07/08/2025 21:00 - 07/08/2025 22:00","BZN|BG","4056.42","3999.00"
"07/08/2025 22:00 - 07/08/2025 23:00","BZN|BG","3814.53","3733.00"
"07/08/2025 23:00 - 08/08/2025 00:00","BZN|BG","3518.31","3553.00"
"08/08/2025 00:00 - 08/08/2025 01:00","BZN|BG","3245.25","3308.00"
"08/08/2025 01:00 - 08/08/2025 02:00","BZN|BG","3105.51","3166.00"
"08/08/2025 02:00 - 08/08/2025 03:00","BZN|BG","3037.87","3111.00"
"08/08/2025 03:00 - 08/08/2025 04:00","BZN|BG","3026.83","3097.00"
"08/08/2025 04:00 - 08/08/2025 05:00","BZN|BG","3082.63","3184.00"
"08/08/2025 05:00 - 08/08/2025 06:00","BZN|BG","3258.10","3371.00"
"08/08/2025 06:00 - 08/08/2025 07:00","BZN|BG","3535.11","3624.00"
"08/08/2025 07:00 - 08/08/2025 08:00","BZN|BG","3789.15","3911.00"
"08/08/2025 08:00 - 08/08/2025 09:00","BZN|BG","3909.05","4069.00"
"08/08/2025 09:00 - 08/08/2025 10:00","BZN|BG","4014.61","4139.00"
"08/08/2025 10:00 - 08/08/2025 11:00","BZN|BG","4123.58","4241.00"
"08/08/2025 11:00 - 08/08/2025 12:00","BZN|BG","4207.75","4333.00"
"08/08/2025 12:00 - 08/08/2025 13:00","BZN|BG","4325.43","4453.00"
"08/08/2025 13:00 - 08/08/2025 14:00","BZN|BG","4363.01","4452.00"
"08/08/2025 14:00 - 08/08/2025 15:00","BZN|BG","4415.33","4417.00"
"08/08/2025 15:00 - 08/08/2025 16:00","BZN|BG","4343.12","4336.00"
"08/08/2025 16:00 - 08/08/2025 17:00","BZN|BG","4343.85","4324.00"
"08/08/2025 17:00 - 08/08/2025 18:00","BZN|BG","4402.88","4463.00"
"08/08/2025 18:00 - 08/08/2025 19:00","BZN|BG","4456.03","4459.00"
"08/08/2025 19:00 - 08/08/2025 20:00","BZN|BG","4306.00","4361.00"
"08/08/2025 20:00 - 08/08/2025 21:00","BZN|BG","4203.41","4301.00"
"08/08/2025 21:00 - 08/08/2025 22:00","BZN|BG","3988.68","4124.00"
"08/08/2025 22:00 - 08/08/2025 23:00","BZN|BG","3743.39","3878.00"
"08/08/2025 23:00 - 09/08/2025 00:00","BZN|BG","3416.19","3475.00"
"09/08/2025 00:00 - 09/08/2025 01:00","BZN|BG","3185.80","3228.00"
"09/08/2025 01:00 - 09/08/2025 02:00","BZN|BG","3039.27","3082.00"
"09/08/2025 02:00 - 09/08/2025 03:00","BZN|BG","2948.12","3000.00"
"09/08/2025 03:00 - 09/08/2025 04:00","BZN|BG","2921.77","2973.00"
"09/08/2025 04:00 - 09/08/2025 05:00","BZN|BG","2920.11","2979.00"
"09/08/2025 05:00 - 09/08/2025 06:00","BZN|BG","2984.36","3026.00"
"09/08/2025 06:00 - 09/08/2025 07:00","BZN|BG","3136.91","3185.00"
"09/08/2025 07:00 - 09/08/2025 08:00","BZN|BG","3397.90","3451.00"
"09/08/2025 08:00 - 09/08/2025 09:00","BZN|BG","3613.61","3663.00"
"09/08/2025 09:00 - 09/08/2025 10:00","BZN|BG","3791.67","3807.00"
"09/08/2025 10:00 - 09/08/2025 11:00","BZN|BG","3912.63","3910.00"
"09/08/2025 11:00 - 09/08/2025 12:00","BZN|BG","4046.29","4021.00"
"09/08/2025 12:00 - 09/08/2025 13:00","BZN|BG","4135.13","4083.00"
"09/08/2025 13:00 - 09/08/2025 14:00","BZN|BG","4147.21","4080.00"
"09/08/2025 14:00 - 09/08/2025 15:00","BZN|BG","4102.61","4077.00"
"09/08/2025 15:00 - 09/08/2025 16:00","BZN|BG","4113.21","4110.00"
"09/08/2025 16:00 - 09/08/2025 17:00","BZN|BG","4227.53","4181.00"
"09/08/2025 17:00 - 09/08/2025 18:00","BZN|BG","4319.83","4275.00"
"09/08/2025 18:00 - 09/08/2025 19:00","BZN|BG","4361.36","4311.00"
"09/08/2025 19:00 - 09/08/2025 20:00","BZN|BG","4224.30","4173.00"
"09/08/2025 20:00 - 09/08/2025 21:00","BZN|BG","4108.38","4103.00"
"09/08/2025 21:00 - 09/08/2025 22:00","BZN|BG","3879.46","3907.00"
"09/08/2025 22:00 - 09/08/2025 23:00","BZN|BG","3647.98","3687.00"
"09/08/2025 23:00 - 10/08/2025 00:00","BZN|BG","3363.17","3460.00"
"10/08/2025 00:00 - 10/08/2025 01:00","BZN|BG","3135.32","3215.00"
"10/08/2025 01:00 - 10/08/2025 02:00","BZN|BG","2976.54","3076.00"
"10/08/2025 02:00 - 10/08/2025 03:00","BZN|BG","2897.38","2999.00"
"10/08/2025 03:00 - 10/08/2025 04:00","BZN|BG","2855.79","2966.00"
"10/08/2025 04:00 - 10/08/2025 05:00","BZN|BG","2853.31","2970.00"
"10/08/2025 05:00 - 10/08/2025 06:00","BZN|BG","2865.05","2992.00"
"10/08/2025 06:00 - 10/08/2025 07:00","BZN|BG","3018.54","3141.00"
"10/08/2025 07:00 - 10/08/2025 08:00","BZN|BG","3276.16","3387.00"
"10/08/2025 08:00 - 10/08/2025 09:00","BZN|BG","3537.33","3667.00"
"10/08/2025 09:00 - 10/08/2025 10:00","BZN|BG","3750.45","3849.00"
"10/08/2025 10:00 - 10/08/2025 11:00","BZN|BG","3897.00","3921.00"
"10/08/2025 11:00 - 10/08/2025 12:00","BZN|BG","4059.82","4005.00"
"10/08/2025 12:00 - 10/08/2025 13:00","BZN|BG","4213.03","4098.00"
"10/08/2025 13:00 - 10/08/2025 14:00","BZN|BG","4437.77","4022.00"
"10/08/2025 14:00 - 10/08/2025 15:00","BZN|BG","4420.00","4116.00"
"10/08/2025 15:00 - 10/08/2025 16:00","BZN|BG","4257.13","4022.00"
"10/08/2025 16:00 - 10/08/2025 17:00","BZN|BG","4343.79","4114.00"
"10/08/2025 17:00 - 10/08/2025 18:00","BZN|BG","4453.49","4299.00"
"10/08/2025 18:00 - 10/08/2025 19:00","BZN|BG","4490.49","4425.00"
"10/08/2025 19:00 - 10/08/2025 20:00","BZN|BG","4380.09","4344.00"
"10/08/2025 20:00 - 10/08/2025 21:00","BZN|BG","4288.98","4283.00"
"10/08/2025 21:00 - 10/08/2025 22:00","BZN|BG","4037.90","4058.00"
"10/08/2025 22:00 - 10/08/2025 23:00","BZN|BG","3741.09","3769.00"
"10/08/2025 23:00 - 11/08/2025 00:00","BZN|BG","3394.02","3388.00"
"11/08/2025 00:00 - 11/08/2025 01:00","BZN|BG","3139.94","3136.00"
"11/08/2025 01:00 - 11/08/2025 02:00","BZN|BG","3009.01","3009.00"
"11/08/2025 02:00 - 11/08/2025 03:00","BZN|BG","2935.79","2930.00"
"11/08/2025 03:00 - 11/08/2025 04:00","BZN|BG","2911.65","2957.00"
"11/08/2025 04:00 - 11/08/2025 05:00","BZN|BG","2986.62","3044.00"
"11/08/2025 05:00 - 11/08/2025 06:00","BZN|BG","3192.20","3239.00"
"11/08/2025 06:00 - 11/08/2025 07:00","BZN|BG","3481.56","3577.00"
"11/08/2025 07:00 - 11/08/2025 08:00","BZN|BG","3778.61","3944.00"
"11/08/2025 08:00 - 11/08/2025 09:00","BZN|BG","4016.18","4203.00"
"11/08/2025 09:00 - 11/08/2025 10:00","BZN|BG","4180.15","4305.00"
"11/08/2025 10:00 - 11/08/2025 11:00","BZN|BG","4348.84","4449.00"
"11/08/2025 11:00 - 11/08/2025 12:00","BZN|BG","4465.48","4505.00"
"11/08/2025 12:00 - 11/08/2025 13:00","BZN|BG","4675.81","4588.00"
"11/08/2025 13:00 - 11/08/2025 14:00","BZN|BG","4753.28","4688.00"
"11/08/2025 14:00 - 11/08/2025 15:00","BZN|BG","4768.00","4678.00"
"11/08/2025 15:00 - 11/08/2025 16:00","BZN|BG","4729.38","4578.00"
"11/08/2025 16:00 - 11/08/2025 17:00","BZN|BG","4725.62","4342.00"
"11/08/2025 17:00 - 11/08/2025 18:00","BZN|BG","4834.37","4496.00"
"11/08/2025 18:00 - 11/08/2025 19:00","BZN|BG","4827.76","4650.00"
"11/08/2025 19:00 - 11/08/2025 20:00","BZN|BG","4687.20","4485.00"
"11/08/2025 20:00 - 11/08/2025 21:00","BZN|BG","4520.40","4334.00"
"11/08/2025 21:00 - 11/08/2025 22:00","BZN|BG","4247.55","4096.00"
"11/08/2025 22:00 - 11/08/2025 23:00","BZN|BG","3939.15","3805.00"
"11/08/2025 23:00 - 12/08/2025 00:00","BZN|BG","3591.28","3552.00"
"12/08/2025 00:00 - 12/08/2025 01:00","BZN|BG","3341.97","3324.00"
"12/08/2025 01:00 - 12/08/2025 02:00","BZN|BG","3185.02","3196.00"
"12/08/2025 02:00 - 12/08/2025 03:00","BZN|BG","3116.31","3131.00"
"12/08/2025 03:00 - 12/08/2025 04:00","BZN|BG","3091.17","3117.00"
"12/08/2025 04:00 - 12/08/2025 05:00","BZN|BG","3181.52","3199.00"
"12/08/2025 05:00 - 12/08/2025 06:00","BZN|BG","3352.93","3387.00"
"12/08/2025 06:00 - 12/08/2025 07:00","BZN|BG","3633.29","3656.00"
"12/08/2025 07:00 - 12/08/2025 08:00","BZN|BG","3946.83","3965.00"
"12/08/2025 08:00 - 12/08/2025 09:00","BZN|BG","4093.56","4122.00"
"12/08/2025 09:00 - 12/08/2025 10:00","BZN|BG","4179.38","4207.00"
"12/08/2025 10:00 - 12/08/2025 11:00","BZN|BG","4311.04","4325.00"
"12/08/2025 11:00 - 12/08/2025 12:00","BZN|BG","4406.99","4426.00"
"12/08/2025 12:00 - 12/08/2025 13:00","BZN|BG","4626.06","4540.00"
"12/08/2025 13:00 - 12/08/2025 14:00","BZN|BG","4647.80","4540.00"
"12/08/2025 14:00 - 12/08/2025 15:00","BZN|BG","4633.43","4530.00"
"12/08/2025 15:00 - 12/08/2025 16:00","BZN|BG","4537.50","4505.00"
"12/08/2025 16:00 - 12/08/2025 17:00","BZN|BG","4561.87","4497.00"
"12/08/2025 17:00 - 12/08/2025 18:00","BZN|BG","4672.76","4610.00"
"12/08/2025 18:00 - 12/08/2025 19:00","BZN|BG","4708.62","4626.00"
"12/08/2025 19:00 - 12/08/2025 20:00","BZN|BG","4561.02","4486.00"
"12/08/2025 20:00 - 12/08/2025 21:00","BZN|BG","4419.24","4407.00"
"12/08/2025 21:00 - 12/08/2025 22:00","BZN|BG","4172.44","4159.00"
"12/08/2025 22:00 - 12/08/2025 23:00","BZN|BG","3857.54","3847.00"
"12/08/2025 23:00 - 13/08/2025 00:00","BZN|BG","3509.03","3548.00"
"13/08/2025 00:00 - 13/08/2025 01:00","BZN|BG","3258.27","3298.00"
"13/08/2025 01:00 - 13/08/2025 02:00","BZN|BG","3116.16","3167.00"
"13/08/2025 02:00 - 13/08/2025 03:00","BZN|BG","3042.61","3099.00"
"13/08/2025 03:00 - 13/08/2025 04:00","BZN|BG","3032.65","3090.00"
"13/08/2025 04:00 - 13/08/2025 05:00","BZN|BG","3102.46","3158.00"
"13/08/2025 05:00 - 13/08/2025 06:00","BZN|BG","3323.11","3342.00"
"13/08/2025 06:00 - 13/08/2025 07:00","BZN|BG","3593.23","3614.00"
"13/08/2025 07:00 - 13/08/2025 08:00","BZN|BG","3877.03","3890.00"
"13/08/2025 08:00 - 13/08/2025 09:00","BZN|BG","4050.04","4037.00"
"13/08/2025 09:00 - 13/08/2025 10:00","BZN|BG","4130.98","4129.00"
"13/08/2025 10:00 - 13/08/2025 11:00","BZN|BG","4224.19","4239.00"
"13/08/2025 11:00 - 13/08/2025 12:00","BZN|BG","4300.93","4324.00"
"13/08/2025 12:00 - 13/08/2025 13:00","BZN|BG","4485.08","4446.00"
"13/08/2025 13:00 - 13/08/2025 14:00","BZN|BG","4504.18","4446.00"
"13/08/2025 14:00 - 13/08/2025 15:00","BZN|BG","4454.85","4446.00"
"13/08/2025 15:00 - 13/08/2025 16:00","BZN|BG","4423.39","4374.00"
"13/08/2025 16:00 - 13/08/2025 17:00","BZN|BG","4447.16","4381.00"
"13/08/2025 17:00 - 13/08/2025 18:00","BZN|BG","4558.76","4476.00"
"13/08/2025 18:00 - 13/08/2025 19:00","BZN|BG","4577.28","4497.00"
"13/08/2025 19:00 - 13/08/2025 20:00","BZN|BG","4437.19","4377.00"
"13/08/2025 20:00 - 13/08/2025 21:00","BZN|BG","4295.19","4293.00"
"13/08/2025 21:00 - 13/08/2025 22:00","BZN|BG","4053.61","4072.00"
"13/08/2025 22:00 - 13/08/2025 23:00","BZN|BG","3753.79","3796.00"
"13/08/2025 23:00 - 14/08/2025 00:00","BZN|BG","3429.86","3458.00"
"14/08/2025 00:00 - 14/08/2025 01:00","BZN|BG","3195.22","3195.00"
"14/08/2025 01:00 - 14/08/2025 02:00","BZN|BG","3070.48","3061.00"
"14/08/2025 02:00 - 14/08/2025 03:00","BZN|BG","2989.33","3000.00"
"14/08/2025 03:00 - 14/08/2025 04:00","BZN|BG","2968.73","2980.00"
"14/08/2025 04:00 - 14/08/2025 05:00","BZN|BG","3047.22","3045.00"
"14/08/2025 05:00 - 14/08/2025 06:00","BZN|BG","3252.58","3232.00"
"14/08/2025 06:00 - 14/08/2025 07:00","BZN|BG","3516.92","3499.00"
"14/08/2025 07:00 - 14/08/2025 08:00","BZN|BG","3796.14","3801.00"
"14/08/2025 08:00 - 14/08/2025 09:00","BZN|BG","3919.93","3942.00"
"14/08/2025 09:00 - 14/08/2025 10:00","BZN|BG","4023.15","4017.00"
"14/08/2025 10:00 - 14/08/2025 11:00","BZN|BG","4148.16","4150.00"
"14/08/2025 11:00 - 14/08/2025 12:00","BZN|BG","4257.99","4225.00"
"14/08/2025 12:00 - 14/08/2025 13:00","BZN|BG","4354.58","4371.00"
"14/08/2025 13:00 - 14/08/2025 14:00","BZN|BG","4350.84","4372.00"
"14/08/2025 14:00 - 14/08/2025 15:00","BZN|BG","4321.59","4374.00"
"14/08/2025 15:00 - 14/08/2025 16:00","BZN|BG","4292.99","4352.00"
"14/08/2025 16:00 - 14/08/2025 17:00","BZN|BG","4327.44","4344.00"
"14/08/2025 17:00 - 14/08/2025 18:00","BZN|BG","4424.01","4403.00"
"14/08/2025 18:00 - 14/08/2025 19:00","BZN|BG","4439.25","4427.00"
"14/08/2025 19:00 - 14/08/2025 20:00","BZN|BG","4359.14","4308.00"
"14/08/2025 20:00 - 14/08/2025 21:00","BZN|BG","4249.67","4251.00"
"14/08/2025 21:00 - 14/08/2025 22:00","BZN|BG","4022.08","4037.00"
"14/08/2025 22:00 - 14/08/2025 23:00","BZN|BG","3744.38","3797.00"
"14/08/2025 23:00 - 15/08/2025 00:00","BZN|BG","3434.02","3403.00"
"15/08/2025 00:00 - 15/08/2025 01:00","BZN|BG","3197.72","3168.00"
"15/08/2025 01:00 - 15/08/2025 02:00","BZN|BG","3060.38","3047.00"
"15/08/2025 02:00 - 15/08/2025 03:00","BZN|BG","2994.99","2977.00"
"15/08/2025 03:00 - 15/08/2025 04:00","BZN|BG","2977.30","2970.00"
"15/08/2025 04:00 - 15/08/2025 05:00","BZN|BG","3057.93","3043.00"
"15/08/2025 05:00 - 15/08/2025 06:00","BZN|BG","3240.48","3223.00"
"15/08/2025 06:00 - 15/08/2025 07:00","BZN|BG","3492.50","3492.00"
"15/08/2025 07:00 - 15/08/2025 08:00","BZN|BG","3770.85","3782.00"
"15/08/2025 08:00 - 15/08/2025 09:00","BZN|BG","3929.48","3921.00"
"15/08/2025 09:00 - 15/08/2025 10:00","BZN|BG","4005.64","4021.00"
"15/08/2025 10:00 - 15/08/2025 11:00","BZN|BG","4164.86","4135.00"
"15/08/2025 11:00 - 15/08/2025 12:00","BZN|BG","4256.51","4233.00"
"15/08/2025 12:00 - 15/08/2025 13:00","BZN|BG","4332.88","4356.00"
"15/08/2025 13:00 - 15/08/2025 14:00","BZN|BG","4355.53","4365.00"
"15/08/2025 14:00 - 15/08/2025 15:00","BZN|BG","4216.42","4348.00"
"15/08/2025 15:00 - 15/08/2025 16:00","BZN|BG","4160.47","4253.00"
"15/08/2025 16:00 - 15/08/2025 17:00","BZN|BG","4189.25","4282.00"
"15/08/2025 17:00 - 15/08/2025 18:00","BZN|BG","4256.13","4396.00"
"15/08/2025 18:00 - 15/08/2025 19:00","BZN|BG","4231.48","4436.00"
"15/08/2025 19:00 - 15/08/2025 20:00","BZN|BG","4135.26","4307.00"
"15/08/2025 20:00 - 15/08/2025 21:00","BZN|BG","4021.70","4212.00"
"15/08/2025 21:00 - 15/08/2025 22:00","BZN|BG","3806.68","3992.00"
"15/08/2025 22:00 - 15/08/2025 23:00","BZN|BG","3619.37","3730.00"
"15/08/2025 23:00 - 16/08/2025 00:00","BZN|BG","3333.73","3333.00"
"16/08/2025 00:00 - 16/08/2025 01:00","BZN|BG","3116.93","3133.00"
"16/08/2025 01:00 - 16/08/2025 02:00","BZN|BG","2961.37","3006.00"
"16/08/2025 02:00 - 16/08/2025 03:00","BZN|BG","2887.64","2927.00"
"16/08/2025 03:00 - 16/08/2025 04:00","BZN|BG","2854.90","2905.00"
"16/08/2025 04:00 - 16/08/2025 05:00","BZN|BG","2889.38","2903.00"
"16/08/2025 05:00 - 16/08/2025 06:00","BZN|BG","2951.39","2960.00"
"16/08/2025 06:00 - 16/08/2025 07:00","BZN|BG","3125.14","3096.00"
"16/08/2025 07:00 - 16/08/2025 08:00","BZN|BG","3391.60","3329.00"
"16/08/2025 08:00 - 16/08/2025 09:00","BZN|BG","3613.06","3521.00"
"16/08/2025 09:00 - 16/08/2025 10:00","BZN|BG","3750.73","3679.00"
"16/08/2025 10:00 - 16/08/2025 11:00","BZN|BG","3866.90","3787.00"
"16/08/2025 11:00 - 16/08/2025 12:00","BZN|BG","3987.25","3906.00"
"16/08/2025 12:00 - 16/08/2025 13:00","BZN|BG","4048.72","3985.00"
"16/08/2025 13:00 - 16/08/2025 14:00","BZN|BG","4015.91","3985.00"
"16/08/2025 14:00 - 16/08/2025 15:00","BZN|BG","4045.64","3900.00"
"16/08/2025 15:00 - 16/08/2025 16:00","BZN|BG","4027.18","3911.00"
"16/08/2025 16:00 - 16/08/2025 17:00","BZN|BG","4085.44","4026.00"
"16/08/2025 17:00 - 16/08/2025 18:00","BZN|BG","4160.27","4119.00"
"16/08/2025 18:00 - 16/08/2025 19:00","BZN|BG","4138.43","4161.00"
"16/08/2025 19:00 - 16/08/2025 20:00","BZN|BG","4035.02","4047.00"
"16/08/2025 20:00 - 16/08/2025 21:00","BZN|BG","3899.94","3951.00"
"16/08/2025 21:00 - 16/08/2025 22:00","BZN|BG","3699.98","3762.00"
"16/08/2025 22:00 - 16/08/2025 23:00","BZN|BG","3513.87","3570.00"
"16/08/2025 23:00 - 17/08/2025 00:00","BZN|BG","3253.47","3315.00"
"17/08/2025 00:00 - 17/08/2025 01:00","BZN|BG","3035.58","3105.00"
"17/08/2025 01:00 - 17/08/2025 02:00","BZN|BG","2900.49","2959.00"
"17/08/2025 02:00 - 17/08/2025 03:00","BZN|BG","2824.04","2886.00"
"17/08/2025 03:00 - 17/08/2025 04:00","BZN|BG","2794.28","2848.00"
"17/08/2025 04:00 - 17/08/2025 05:00","BZN|BG","2805.18","2845.00"
"17/08/2025 05:00 - 17/08/2025 06:00","BZN|BG","2838.72","2875.00"
"17/08/2025 06:00 - 17/08/2025 07:00","BZN|BG","2981.52","3000.00"
"17/08/2025 07:00 - 17/08/2025 08:00","BZN|BG","3256.01","3304.00"
"17/08/2025 08:00 - 17/08/2025 09:00","BZN|BG","3487.24","3401.00"
"17/08/2025 09:00 - 17/08/2025 10:00","BZN|BG","3648.72","3707.00"
"17/08/2025 10:00 - 17/08/2025 11:00","BZN|BG","3758.58","3831.00"
"17/08/2025 11:00 - 17/08/2025 12:00","BZN|BG","3893.95","3969.00"
"17/08/2025 12:00 - 17/08/2025 13:00","BZN|BG","3981.67","3999.00"
"17/08/2025 13:00 - 17/08/2025 14:00","BZN|BG","3989.73","3964.00"
"17/08/2025 14:00 - 17/08/2025 15:00","BZN|BG","3998.46","3964.00"
"17/08/2025 15:00 - 17/08/2025 16:00","BZN|BG","3969.82","3994.00"
"17/08/2025 16:00 - 17/08/2025 17:00","BZN|BG","4035.57","4057.00"
"17/08/2025 17:00 - 17/08/2025 18:00","BZN|BG","4136.03","4175.00"
"17/08/2025 18:00 - 17/08/2025 19:00","BZN|BG","4127.43","4215.00"
"17/08/2025 19:00 - 17/08/2025 20:00","BZN|BG","4112.15","4126.00"
"17/08/2025 20:00 - 17/08/2025 21:00","BZN|BG","4033.85","4052.00"
"17/08/2025 21:00 - 17/08/2025 22:00","BZN|BG","3817.82","3848.00"
"17/08/2025 22:00 - 17/08/2025 23:00","BZN|BG","3560.49","3608.00"
"17/08/2025 23:00 - 18/08/2025 00:00","BZN|BG","3272.67","3250.00"
"18/08/2025 00:00 - 18/08/2025 01:00","BZN|BG","3051.69","3027.00"
"18/08/2025 01:00 - 18/08/2025 02:00","BZN|BG","2954.99","2912.00"
"18/08/2025 02:00 - 18/08/2025 03:00","BZN|BG","2876.80","2848.00"
"18/08/2025 03:00 - 18/08/2025 04:00","BZN|BG","2875.33","2827.00"
"18/08/2025 04:00 - 18/08/2025 05:00","BZN|BG","2981.97","2885.00"
"18/08/2025 05:00 - 18/08/2025 06:00","BZN|BG","3193.81","3043.00"
"18/08/2025 06:00 - 18/08/2025 07:00","BZN|BG","3479.41","3266.00"
"18/08/2025 07:00 - 18/08/2025 08:00","BZN|BG","3817.90","3495.00"
"18/08/2025 08:00 - 18/08/2025 09:00","BZN|BG","3965.53","3677.00"
"18/08/2025 09:00 - 18/08/2025 10:00","BZN|BG","4020.02","3804.00"
"18/08/2025 10:00 - 18/08/2025 11:00","BZN|BG","4070.49","3934.00"
"18/08/2025 11:00 - 18/08/2025 12:00","BZN|BG","4186.10","4024.00"
"18/08/2025 12:00 - 18/08/2025 13:00","BZN|BG","4358.03","4186.00"
"18/08/2025 13:00 - 18/08/2025 14:00","BZN|BG","4391.26","3901.00"
"18/08/2025 14:00 - 18/08/2025 15:00","BZN|BG","4363.50","3901.00"
"18/08/2025 15:00 - 18/08/2025 16:00","BZN|BG","4241.96","3901.00"
"18/08/2025 16:00 - 18/08/2025 17:00","BZN|BG","4184.21","3901.00"
"18/08/2025 17:00 - 18/08/2025 18:00","BZN|BG","4245.14","4367.00"
"18/08/2025 18:00 - 18/08/2025 19:00","BZN|BG","4264.67","4362.00"
"18/08/2025 19:00 - 18/08/2025 20:00","BZN|BG","4243.89","4258.00"
"18/08/2025 20:00 - 18/08/2025 21:00","BZN|BG","4107.70","4135.00"
"18/08/2025 21:00 - 18/08/2025 22:00","BZN|BG","3881.82","3934.00"
"18/08/2025 22:00 - 18/08/2025 23:00","BZN|BG","3609.53","3706.00"
"18/08/2025 23:00 - 19/08/2025 00:00","BZN|BG","3343.81","3346.00"
"19/08/2025 00:00 - 19/08/2025 01:00","BZN|BG","3127.86","3128.00"
"19/08/2025 01:00 - 19/08/2025 02:00","BZN|BG","3016.42","2998.00"
"19/08/2025 02:00 - 19/08/2025 03:00","BZN|BG","2962.26","2946.00"
"19/08/2025 03:00 - 19/08/2025 04:00","BZN|BG","2959.16","2928.00"
"19/08/2025 04:00 - 19/08/2025 05:00","BZN|BG","3039.17","2996.00"
"19/08/2025 05:00 - 19/08/2025 06:00","BZN|BG","3265.65","3161.00"
"19/08/2025 06:00 - 19/08/2025 07:00","BZN|BG","3553.62","3385.00"
"19/08/2025 07:00 - 19/08/2025 08:00","BZN|BG","3875.46","3729.00"
"19/08/2025 08:00 - 19/08/2025 09:00","BZN|BG","4048.50","3971.00"
"19/08/2025 09:00 - 19/08/2025 10:00","BZN|BG","4097.27","4062.00"
"19/08/2025 10:00 - 19/08/2025 11:00","BZN|BG","4203.22","4097.00"
"19/08/2025 11:00 - 19/08/2025 12:00","BZN|BG","4194.81","4123.00"
"19/08/2025 12:00 - 19/08/2025 13:00","BZN|BG","4355.57","4152.00"
"19/08/2025 13:00 - 19/08/2025 14:00","BZN|BG","4339.18","4144.00"
"19/08/2025 14:00 - 19/08/2025 15:00","BZN|BG","4154.30","4150.00"
"19/08/2025 15:00 - 19/08/2025 16:00","BZN|BG","4004.36","4099.00"
"19/08/2025 16:00 - 19/08/2025 17:00","BZN|BG","3954.57","4101.00"
"19/08/2025 17:00 - 19/08/2025 18:00","BZN|BG","4033.71","4185.00"
"19/08/2025 18:00 - 19/08/2025 19:00","BZN|BG","4089.63","4204.00"
"19/08/2025 19:00 - 19/08/2025 20:00","BZN|BG","4049.71","4098.00"
"19/08/2025 20:00 - 19/08/2025 21:00","BZN|BG","3943.63","3997.00"
"19/08/2025 21:00 - 19/08/2025 22:00","BZN|BG","3729.19","3798.00"
"19/08/2025 22:00 - 19/08/2025 23:00","BZN|BG","3487.82","3572.00"
"19/08/2025 23:00 - 20/08/2025 00:00","BZN|BG","3207.80","3231.00"
"20/08/2025 00:00 - 20/08/2025 01:00","BZN|BG","3015.11","3054.00"
"20/08/2025 01:00 - 20/08/2025 02:00","BZN|BG","2888.50","2952.00"
"20/08/2025 02:00 - 20/08/2025 03:00","BZN|BG","2856.12","2899.00"
"20/08/2025 03:00 - 20/08/2025 04:00","BZN|BG","2864.09","2886.00"
"20/08/2025 04:00 - 20/08/2025 05:00","BZN|BG","2951.69","2962.00"
"20/08/2025 05:00 - 20/08/2025 06:00","BZN|BG","3180.56","3147.00"
"20/08/2025 06:00 - 20/08/2025 07:00","BZN|BG","3457.24","3535.00"
"20/08/2025 07:00 - 20/08/2025 08:00","BZN|BG","3727.26","3870.00"
"20/08/2025 08:00 - 20/08/2025 09:00","BZN|BG","3830.46","4044.00"
"20/08/2025 09:00 - 20/08/2025 10:00","BZN|BG","3875.79","4090.00"
"20/08/2025 10:00 - 20/08/2025 11:00","BZN|BG","3945.36","4109.00"
"20/08/2025 11:00 - 20/08/2025 12:00","BZN|BG","3958.86","4177.00"
"20/08/2025 12:00 - 20/08/2025 13:00","BZN|BG","4083.44","4246.00"
"20/08/2025 13:00 - 20/08/2025 14:00","BZN|BG","4090.10","4263.00"
"20/08/2025 14:00 - 20/08/2025 15:00","BZN|BG","3977.58","4194.00"
"20/08/2025 15:00 - 20/08/2025 16:00","BZN|BG","3982.60","4131.00"
"20/08/2025 16:00 - 20/08/2025 17:00","BZN|BG","4060.54","4163.00"
"20/08/2025 17:00 - 20/08/2025 18:00","BZN|BG","4158.71","4272.00"
"20/08/2025 18:00 - 20/08/2025 19:00","BZN|BG","4208.09","4285.00"
"20/08/2025 19:00 - 20/08/2025 20:00","BZN|BG","4193.37","4170.00"
"20/08/2025 20:00 - 20/08/2025 21:00","BZN|BG","4059.72","4045.00"
"20/08/2025 21:00 - 20/08/2025 22:00","BZN|BG","3826.43","3814.00"
"20/08/2025 22:00 - 20/08/2025 23:00","BZN|BG","3586.62","3547.00"
"20/08/2025 23:00 - 21/08/2025 00:00","BZN|BG","3257.34","3260.00"
"21/08/2025 00:00 - 21/08/2025 01:00","BZN|BG","3051.10","3057.00"
"21/08/2025 01:00 - 21/08/2025 02:00","BZN|BG","2920.64","2943.00"
"21/08/2025 02:00 - 21/08/2025 03:00","BZN|BG","2871.90","2869.00"
"21/08/2025 03:00 - 21/08/2025 04:00","BZN|BG","2874.50","2864.00"
"21/08/2025 04:00 - 21/08/2025 05:00","BZN|BG","2970.21","2949.00"
"21/08/2025 05:00 - 21/08/2025 06:00","BZN|BG","3201.07","3165.00"
"21/08/2025 06:00 - 21/08/2025 07:00","BZN|BG","3481.48","3489.00"
"21/08/2025 07:00 - 21/08/2025 08:00","BZN|BG","3759.83","3813.00"
"21/08/2025 08:00 - 21/08/2025 09:00","BZN|BG","3901.09","4007.00"
"21/08/2025 09:00 - 21/08/2025 10:00","BZN|BG","3935.58","4109.00"
"21/08/2025 10:00 - 21/08/2025 11:00","BZN|BG","4033.48","4250.00"
"21/08/2025 11:00 - 21/08/2025 12:00","BZN|BG","4167.30","4341.00"
"21/08/2025 12:00 - 21/08/2025 13:00","BZN|BG","4265.19","4497.00"
"21/08/2025 13:00 - 21/08/2025 14:00","BZN|BG","4275.19","4438.00"
"21/08/2025 14:00 - 21/08/2025 15:00","BZN|BG","4264.57","4366.00"
"21/08/2025 15:00 - 21/08/2025 16:00","BZN|BG","4284.71","4259.00"
"21/08/2025 16:00 - 21/08/2025 17:00","BZN|BG","4326.62","4230.00"
"21/08/2025 17:00 - 21/08/2025 18:00","BZN|BG","4418.69","4315.00"
"21/08/2025 18:00 - 21/08/2025 19:00","BZN|BG","4448.14","4327.00"
"21/08/2025 19:00 - 21/08/2025 20:00","BZN|BG","4399.54","4207.00"
"21/08/2025 20:00 - 21/08/2025 21:00","BZN|BG","4227.71","4118.00"
"21/08/2025 21:00 - 21/08/2025 22:00","BZN|BG","3990.43","3884.00"
"21/08/2025 22:00 - 21/08/2025 23:00","BZN|BG","3757.38","3614.00"
"21/08/2025 23:00 - 22/08/2025 00:00","BZN|BG","3431.99","3359.00"
"22/08/2025 00:00 - 22/08/2025 01:00","BZN|BG","3209.52","3141.00"
"22/08/2025 01:00 - 22/08/2025 02:00","BZN|BG","3078.25","3014.00"
"22/08/2025 02:00 - 22/08/2025 03:00","BZN|BG","3009.76","2955.00"
"22/08/2025 03:00 - 22/08/2025 04:00","BZN|BG","3004.56","2944.00"
"22/08/2025 04:00 - 22/08/2025 05:00","BZN|BG","3103.28","3021.00"
"22/08/2025 05:00 - 22/08/2025 06:00","BZN|BG","3314.18","3218.00"
"22/08/2025 06:00 - 22/08/2025 07:00","BZN|BG","3575.44","3478.00"
"22/08/2025 07:00 - 22/08/2025 08:00","BZN|BG","3884.02","3757.00"
"22/08/2025 08:00 - 22/08/2025 09:00","BZN|BG","4041.37","3897.00"
"22/08/2025 09:00 - 22/08/2025 10:00","BZN|BG","4082.83","3967.00"
"22/08/2025 10:00 - 22/08/2025 11:00","BZN|BG","4152.34","4076.00"
"22/08/2025 11:00 - 22/08/2025 12:00","BZN|BG","4252.11","4136.00"
"22/08/2025 12:00 - 22/08/2025 13:00","BZN|BG","4396.37","4274.00"
"22/08/2025 13:00 - 22/08/2025 14:00","BZN|BG","4497.30","4276.00"
"22/08/2025 14:00 - 22/08/2025 15:00","BZN|BG","4497.83","4247.00"
"22/08/2025 15:00 - 22/08/2025 16:00","BZN|BG","4312.23","4228.00"
"22/08/2025 16:00 - 22/08/2025 17:00","BZN|BG","4244.47","4256.00"
"22/08/2025 17:00 - 22/08/2025 18:00","BZN|BG","4290.62","4372.00"
"22/08/2025 18:00 - 22/08/2025 19:00","BZN|BG","4268.28","4403.00"
"22/08/2025 19:00 - 22/08/2025 20:00","BZN|BG","4187.06","4325.00"
"22/08/2025 20:00 - 22/08/2025 21:00","BZN|BG","3998.41","4214.00"
"22/08/2025 21:00 - 22/08/2025 22:00","BZN|BG","3796.87","4008.00"
"22/08/2025 22:00 - 22/08/2025 23:00","BZN|BG","3566.17","3775.00"
"22/08/2025 23:00 - 23/08/2025 00:00","BZN|BG","3327.08","3393.00"
"23/08/2025 00:00 - 23/08/2025 01:00","BZN|BG","3112.85","3181.00"
"23/08/2025 01:00 - 23/08/2025 02:00","BZN|BG","2991.54","3029.00"
"23/08/2025 02:00 - 23/08/2025 03:00","BZN|BG","2911.54","2957.00"
"23/08/2025 03:00 - 23/08/2025 04:00","BZN|BG","2883.05","2925.00"
"23/08/2025 04:00 - 23/08/2025 05:00","BZN|BG","2905.98","2952.00"
"23/08/2025 05:00 - 23/08/2025 06:00","BZN|BG","2978.85","3001.00"
"23/08/2025 06:00 - 23/08/2025 07:00","BZN|BG","3158.40","3139.00"
"23/08/2025 07:00 - 23/08/2025 08:00","BZN|BG","3410.34","3351.00"
"23/08/2025 08:00 - 23/08/2025 09:00","BZN|BG","3576.77","3526.00"
"23/08/2025 09:00 - 23/08/2025 10:00","BZN|BG","3667.32","3636.00"
"23/08/2025 10:00 - 23/08/2025 11:00","BZN|BG","3736.28","3728.00"
"23/08/2025 11:00 - 23/08/2025 12:00","BZN|BG","3773.83","3823.00"
"23/08/2025 12:00 - 23/08/2025 13:00","BZN|BG","3809.61","3872.00"
"23/08/2025 13:00 - 23/08/2025 14:00","BZN|BG","3796.04","3854.00"
"23/08/2025 14:00 - 23/08/2025 15:00","BZN|BG","3744.33","3933.00"
"23/08/2025 15:00 - 23/08/2025 16:00","BZN|BG","3734.49","3884.00"
"23/08/2025 16:00 - 23/08/2025 17:00","BZN|BG","3789.78","4039.00"
"23/08/2025 17:00 - 23/08/2025 18:00","BZN|BG","3886.86","4237.00"
"23/08/2025 18:00 - 23/08/2025 19:00","BZN|BG","3890.51","4214.00"
"23/08/2025 19:00 - 23/08/2025 20:00","BZN|BG","3887.85","4102.00"
"23/08/2025 20:00 - 23/08/2025 21:00","BZN|BG","3750.93","3955.00"
"23/08/2025 21:00 - 23/08/2025 22:00","BZN|BG","3572.62","3738.00"
"23/08/2025 22:00 - 23/08/2025 23:00","BZN|BG","3387.45","3536.00"
"23/08/2025 23:00 - 24/08/2025 00:00","BZN|BG","3146.80","3225.00"
"24/08/2025 00:00 - 24/08/2025 01:00","BZN|BG","2958.70","3043.00"
"24/08/2025 01:00 - 24/08/2025 02:00","BZN|BG","2843.61","2929.00"
"24/08/2025 02:00 - 24/08/2025 03:00","BZN|BG","2792.64","2865.00"
"24/08/2025 03:00 - 24/08/2025 04:00","BZN|BG","2771.67","2840.00"
"24/08/2025 04:00 - 24/08/2025 05:00","BZN|BG","2789.05","2850.00"
"24/08/2025 05:00 - 24/08/2025 06:00","BZN|BG","2853.87","2878.00"
"24/08/2025 06:00 - 24/08/2025 07:00","BZN|BG","2997.95","3000.00"
"24/08/2025 07:00 - 24/08/2025 08:00","BZN|BG","3246.23","3235.00"
"24/08/2025 08:00 - 24/08/2025 09:00","BZN|BG","3469.59","3432.00"
"24/08/2025 09:00 - 24/08/2025 10:00","BZN|BG","3657.32","3570.00"
"24/08/2025 10:00 - 24/08/2025 11:00","BZN|BG","3661.24","3664.00"
"24/08/2025 11:00 - 24/08/2025 12:00","BZN|BG","3762.99","3779.00"
"24/08/2025 12:00 - 24/08/2025 13:00","BZN|BG","3893.00","3854.00"
"24/08/2025 13:00 - 24/08/2025 14:00","BZN|BG","3752.99","3854.00"
"24/08/2025 14:00 - 24/08/2025 15:00","BZN|BG","3695.35","3854.00"
"24/08/2025 15:00 - 24/08/2025 16:00","BZN|BG","3670.74","3907.00"
"24/08/2025 16:00 - 24/08/2025 17:00","BZN|BG","3756.01","3956.00"
"24/08/2025 17:00 - 24/08/2025 18:00","BZN|BG","3858.92","4030.00"
"24/08/2025 18:00 - 24/08/2025 19:00","BZN|BG","3914.75","4020.00"
"24/08/2025 19:00 - 24/08/2025 20:00","BZN|BG","3974.31","4003.00"
"24/08/2025 20:00 - 24/08/2025 21:00","BZN|BG","3862.93","3917.00"
"24/08/2025 21:00 - 24/08/2025 22:00","BZN|BG","3642.64","3678.00"
"24/08/2025 22:00 - 24/08/2025 23:00","BZN|BG","3417.78","3394.00"
"24/08/2025 23:00 - 25/08/2025 00:00","BZN|BG","3169.79","3163.00"
"25/08/2025 00:00 - 25/08/2025 01:00","BZN|BG","2978.56","2991.00"
"25/08/2025 01:00 - 25/08/2025 02:00","BZN|BG","2868.87","2916.00"
"25/08/2025 02:00 - 25/08/2025 03:00","BZN|BG","2780.93","2855.00"
"25/08/2025 03:00 - 25/08/2025 04:00","BZN|BG","2806.87","2854.00"
"25/08/2025 04:00 - 25/08/2025 05:00","BZN|BG","2948.27","2952.00"
"25/08/2025 05:00 - 25/08/2025 06:00","BZN|BG","3178.29","3146.00"
"25/08/2025 06:00 - 25/08/2025 07:00","BZN|BG","3471.98","3407.00"
"25/08/2025 07:00 - 25/08/2025 08:00","BZN|BG","3778.95","3717.00"
"25/08/2025 08:00 - 25/08/2025 09:00","BZN|BG","3907.89","3853.00"
"25/08/2025 09:00 - 25/08/2025 10:00","BZN|BG","3888.26","3902.00"
"25/08/2025 10:00 - 25/08/2025 11:00","BZN|BG","3908.03","3949.00"
"25/08/2025 11:00 - 25/08/2025 12:00","BZN|BG","3988.00","4055.00"
"25/08/2025 12:00 - 25/08/2025 13:00","BZN|BG","4136.61","4212.00"
"25/08/2025 13:00 - 25/08/2025 14:00","BZN|BG","4142.40","4237.00"
"25/08/2025 14:00 - 25/08/2025 15:00","BZN|BG","4021.53","4216.00"
"25/08/2025 15:00 - 25/08/2025 16:00","BZN|BG","3926.31","4127.00"
"25/08/2025 16:00 - 25/08/2025 17:00","BZN|BG","3913.82","4084.00"
"25/08/2025 17:00 - 25/08/2025 18:00","BZN|BG","4017.04","4201.00"
"25/08/2025 18:00 - 25/08/2025 19:00","BZN|BG","4082.76","4239.00"
"25/08/2025 19:00 - 25/08/2025 20:00","BZN|BG","4099.30","4214.00"
"25/08/2025 20:00 - 25/08/2025 21:00","BZN|BG","3973.89","4050.00"
"25/08/2025 21:00 - 25/08/2025 22:00","BZN|BG","3736.55","3779.00"
"25/08/2025 22:00 - 25/08/2025 23:00","BZN|BG","3524.17","3452.00"
"25/08/2025 23:00 - 26/08/2025 00:00","BZN|BG","3214.45","3228.00"
"26/08/2025 00:00 - 26/08/2025 01:00","BZN|BG","3007.57","3044.00"
"26/08/2025 01:00 - 26/08/2025 02:00","BZN|BG","2888.56","2909.00"
"26/08/2025 02:00 - 26/08/2025 03:00","BZN|BG","2851.28","2855.00"
"26/08/2025 03:00 - 26/08/2025 04:00","BZN|BG","2877.07","2845.00"
"26/08/2025 04:00 - 26/08/2025 05:00","BZN|BG","3020.62","2930.00"
"26/08/2025 05:00 - 26/08/2025 06:00","BZN|BG","3266.89","3144.00"
"26/08/2025 06:00 - 26/08/2025 07:00","BZN|BG","3551.04","3550.00"
"26/08/2025 07:00 - 26/08/2025 08:00","BZN|BG","3833.71","3910.00"
"26/08/2025 08:00 - 26/08/2025 09:00","BZN|BG","3927.48","4060.00"
"26/08/2025 09:00 - 26/08/2025 10:00","BZN|BG","3903.17","4122.00"
"26/08/2025 10:00 - 26/08/2025 11:00","BZN|BG","3923.29","4150.00"
"26/08/2025 11:00 - 26/08/2025 12:00","BZN|BG","3884.88","4190.00"
"26/08/2025 12:00 - 26/08/2025 13:00","BZN|BG","4025.05","4220.00"
"26/08/2025 13:00 - 26/08/2025 14:00","BZN|BG","4005.74","4136.00"
"26/08/2025 14:00 - 26/08/2025 15:00","BZN|BG","3959.44","4074.00"
"26/08/2025 15:00 - 26/08/2025 16:00","BZN|BG","3895.27","4006.00"
"26/08/2025 16:00 - 26/08/2025 17:00","BZN|BG","3944.34","3992.00"
"26/08/2025 17:00 - 26/08/2025 18:00","BZN|BG","4046.00","4264.00"
"26/08/2025 18:00 - 26/08/2025 19:00","BZN|BG","4077.75","4425.00"
"26/08/2025 19:00 - 26/08/2025 20:00","BZN|BG","4114.49","4285.00"
"26/08/2025 20:00 - 26/08/2025 21:00","BZN|BG","3964.61","4125.00"
"26/08/2025 21:00 - 26/08/2025 22:00","BZN|BG","3739.55","3868.00"
"26/08/2025 22:00 - 26/08/2025 23:00","BZN|BG","3560.67","3601.00"
"26/08/2025 23:00 - 27/08/2025 00:00","BZN|BG","3229.68","3245.00"
"27/08/2025 00:00 - 27/08/2025 01:00","BZN|BG","2999.99","3057.00"
"27/08/2025 01:00 - 27/08/2025 02:00","BZN|BG","2902.40","2944.00"
"27/08/2025 02:00 - 27/08/2025 03:00","BZN|BG","2850.31","2898.00"
"27/08/2025 03:00 - 27/08/2025 04:00","BZN|BG","2856.11","2899.00"
"27/08/2025 04:00 - 27/08/2025 05:00","BZN|BG","3014.35","2985.00"
"27/08/2025 05:00 - 27/08/2025 06:00","BZN|BG","3249.32","3198.00"
"27/08/2025 06:00 - 27/08/2025 07:00","BZN|BG","3505.18","3460.00"
"27/08/2025 07:00 - 27/08/2025 08:00","BZN|BG","3799.01","3740.00"
"27/08/2025 08:00 - 27/08/2025 09:00","BZN|BG","3930.88","3877.00"
"27/08/2025 09:00 - 27/08/2025 10:00","BZN|BG","3887.73","3917.00"
"27/08/2025 10:00 - 27/08/2025 11:00","BZN|BG","3939.78","3999.00"
"27/08/2025 11:00 - 27/08/2025 12:00","BZN|BG","3991.21","4055.00"
"27/08/2025 12:00 - 27/08/2025 13:00","BZN|BG","4032.60","4181.00"
"27/08/2025 13:00 - 27/08/2025 14:00","BZN|BG","4016.19","4195.00"
"27/08/2025 14:00 - 27/08/2025 15:00","BZN|BG","3976.15","4152.00"
"27/08/2025 15:00 - 27/08/2025 16:00","BZN|BG","3957.73","4110.00"
"27/08/2025 16:00 - 27/08/2025 17:00","BZN|BG","3980.02","4110.00"
"27/08/2025 17:00 - 27/08/2025 18:00","BZN|BG","4159.02","4130.00"
"27/08/2025 18:00 - 27/08/2025 19:00","BZN|BG","4164.30","4137.00"
"27/08/2025 19:00 - 27/08/2025 20:00","BZN|BG","4174.20","4098.00"
"27/08/2025 20:00 - 27/08/2025 21:00","BZN|BG","4014.26","3971.00"
"27/08/2025 21:00 - 27/08/2025 22:00","BZN|BG","3779.79","3783.00"
"27/08/2025 22:00 - 27/08/2025 23:00","BZN|BG","3514.56","3583.00"
"27/08/2025 23:00 - 28/08/2025 00:00","BZN|BG","3199.70","3282.00"
"28/08/2025 00:00 - 28/08/2025 01:00","BZN|BG","2991.68","3068.00"
"28/08/2025 01:00 - 28/08/2025 02:00","BZN|BG","2874.29","2951.00"
"28/08/2025 02:00 - 28/08/2025 03:00","BZN|BG","2826.87","2899.00"
"28/08/2025 03:00 - 28/08/2025 04:00","BZN|BG","2834.93","2907.00"
"28/08/2025 04:00 - 28/08/2025 05:00","BZN|BG","2962.73","3010.00"
"28/08/2025 05:00 - 28/08/2025 06:00","BZN|BG","3190.57","3196.00"
"28/08/2025 06:00 - 28/08/2025 07:00","BZN|BG","3477.67","3493.00"
"28/08/2025 07:00 - 28/08/2025 08:00","BZN|BG","3722.81","3758.00"
"28/08/2025 08:00 - 28/08/2025 09:00","BZN|BG","3831.63","3859.00"
"28/08/2025 09:00 - 28/08/2025 10:00","BZN|BG","3895.68","3862.00"
"28/08/2025 10:00 - 28/08/2025 11:00","BZN|BG","3918.98","3963.00"
"28/08/2025 11:00 - 28/08/2025 12:00","BZN|BG","3988.79","4010.00"
"28/08/2025 12:00 - 28/08/2025 13:00","BZN|BG","4032.18","4108.00"
"28/08/2025 13:00 - 28/08/2025 14:00","BZN|BG","4006.55","4108.00"
"28/08/2025 14:00 - 28/08/2025 15:00","BZN|BG","3942.97","4089.00"
"28/08/2025 15:00 - 28/08/2025 16:00","BZN|BG","3946.76","4076.00"
"28/08/2025 16:00 - 28/08/2025 17:00","BZN|BG","3971.87","4080.00"
"28/08/2025 17:00 - 28/08/2025 18:00","BZN|BG","4105.30","4223.00"
"28/08/2025 18:00 - 28/08/2025 19:00","BZN|BG","4157.65","4252.00"
"28/08/2025 19:00 - 28/08/2025 20:00","BZN|BG","4153.71","4196.00"
"28/08/2025 20:00 - 28/08/2025 21:00","BZN|BG","3994.21","4065.00"
"28/08/2025 21:00 - 28/08/2025 22:00","BZN|BG","3761.66","3844.00"
"28/08/2025 22:00 - 28/08/2025 23:00","BZN|BG","3540.43","3608.00"
"28/08/2025 23:00 - 29/08/2025 00:00","BZN|BG","3227.09","3277.00"
"29/08/2025 00:00 - 29/08/2025 01:00","BZN|BG","3012.77","3047.00"
"29/08/2025 01:00 - 29/08/2025 02:00","BZN|BG","2885.15","2925.00"
"29/08/2025 02:00 - 29/08/2025 03:00","BZN|BG","2841.48","2873.00"
"29/08/2025 03:00 - 29/08/2025 04:00","BZN|BG","2847.62","2881.00"
"29/08/2025 04:00 - 29/08/2025 05:00","BZN|BG","2983.63","3000.00"
"29/08/2025 05:00 - 29/08/2025 06:00","BZN|BG","3249.03","3186.00"
"29/08/2025 06:00 - 29/08/2025 07:00","BZN|BG","3491.84","3500.00"
"29/08/2025 07:00 - 29/08/2025 08:00","BZN|BG","3782.61","3766.00"
"29/08/2025 08:00 - 29/08/2025 09:00","BZN|BG","3912.21","3863.00"
"29/08/2025 09:00 - 29/08/2025 10:00","BZN|BG","3967.04","3872.00"
"29/08/2025 10:00 - 29/08/2025 11:00","BZN|BG","4045.41","3971.00"
"29/08/2025 11:00 - 29/08/2025 12:00","BZN|BG","4105.04","4023.00"
"29/08/2025 12:00 - 29/08/2025 13:00","BZN|BG","4137.28","4122.00"
"29/08/2025 13:00 - 29/08/2025 14:00","BZN|BG","4140.99","4122.00"
"29/08/2025 14:00 - 29/08/2025 15:00","BZN|BG","4099.92","4117.00"
"29/08/2025 15:00 - 29/08/2025 16:00","BZN|BG","4067.11","4118.00"
"29/08/2025 16:00 - 29/08/2025 17:00","BZN|BG","4079.23","4116.00"
"29/08/2025 17:00 - 29/08/2025 18:00","BZN|BG","4162.30","4207.00"
"29/08/2025 18:00 - 29/08/2025 19:00","BZN|BG","4159.75","4218.00"
"29/08/2025 19:00 - 29/08/2025 20:00","BZN|BG","4152.57","4187.00"
"29/08/2025 20:00 - 29/08/2025 21:00","BZN|BG","3966.26","4051.00"
"29/08/2025 21:00 - 29/08/2025 22:00","BZN|BG","3755.41","3811.00"
"29/08/2025 22:00 - 29/08/2025 23:00","BZN|BG","3540.48","3582.00"
"29/08/2025 23:00 - 30/08/2025 00:00","BZN|BG","3275.94","3223.00"
"30/08/2025 00:00 - 30/08/2025 01:00","BZN|BG","3058.51","3020.00"
"30/08/2025 01:00 - 30/08/2025 02:00","BZN|BG","2921.77","2904.00"
"30/08/2025 02:00 - 30/08/2025 03:00","BZN|BG","2856.60","2828.00"
"30/08/2025 03:00 - 30/08/2025 04:00","BZN|BG","2846.16","2801.00"
"30/08/2025 04:00 - 30/08/2025 05:00","BZN|BG","2927.87","2825.00"
"30/08/2025 05:00 - 30/08/2025 06:00","BZN|BG","3010.47","2900.00"
"30/08/2025 06:00 - 30/08/2025 07:00","BZN|BG","3183.75","3085.00"
"30/08/2025 07:00 - 30/08/2025 08:00","BZN|BG","3420.49","3344.00"
"30/08/2025 08:00 - 30/08/2025 09:00","BZN|BG","3646.97","3516.00"
"30/08/2025 09:00 - 30/08/2025 10:00","BZN|BG","3724.61","3609.00"
"30/08/2025 10:00 - 30/08/2025 11:00","BZN|BG","3796.86","3680.00"
"30/08/2025 11:00 - 30/08/2025 12:00","BZN|BG","3807.27","3719.00"
"30/08/2025 12:00 - 30/08/2025 13:00","BZN|BG","3973.62","3756.00"
"30/08/2025 13:00 - 30/08/2025 14:00","BZN|BG","3980.98","3749.00"
"30/08/2025 14:00 - 30/08/2025 15:00","BZN|BG","4023.78","3724.00"
"30/08/2025 15:00 - 30/08/2025 16:00","BZN|BG","3967.02","3719.00"
"30/08/2025 16:00 - 30/08/2025 17:00","BZN|BG","4000.12","3834.00"
"30/08/2025 17:00 - 30/08/2025 18:00","BZN|BG","4052.17","4036.00"
"30/08/2025 18:00 - 30/08/2025 19:00","BZN|BG","4018.97","4044.00"
"30/08/2025 19:00 - 30/08/2025 20:00","BZN|BG","4001.15","4041.00"
"30/08/2025 20:00 - 30/08/2025 21:00","BZN|BG","3789.24","3902.00"
"30/08/2025 21:00 - 30/08/2025 22:00","BZN|BG","3613.39","3721.00"
"30/08/2025 22:00 - 30/08/2025 23:00","BZN|BG","3429.84","3533.00"
"30/08/2025 23:00 - 31/08/2025 00:00","BZN|BG","3202.67","3276.00"
"31/08/2025 00:00 - 31/08/2025 01:00","BZN|BG","3004.13","3037.00"
"31/08/2025 01:00 - 31/08/2025 02:00","BZN|BG","2877.11","2892.00"
"31/08/2025 02:00 - 31/08/2025 03:00","BZN|BG","2801.48","2827.00"
"31/08/2025 03:00 - 31/08/2025 04:00","BZN|BG","2776.89","2801.00"
"31/08/2025 04:00 - 31/08/2025 05:00","BZN|BG","2825.29","2816.00"
"31/08/2025 05:00 - 31/08/2025 06:00","BZN|BG","2940.09","2874.00"
"31/08/2025 06:00 - 31/08/2025 07:00","BZN|BG","3097.57","3002.00"
"31/08/2025 07:00 - 31/08/2025 08:00","BZN|BG","3384.09","3222.00"
"31/08/2025 08:00 - 31/08/2025 09:00","BZN|BG","3654.63","3421.00"
"31/08/2025 09:00 - 31/08/2025 10:00","BZN|BG","3813.96","3588.00"
"31/08/2025 10:00 - 31/08/2025 11:00","BZN|BG","3868.59","3591.00"
"31/08/2025 11:00 - 31/08/2025 12:00","BZN|BG","3892.45","3682.00"
"31/08/2025 12:00 - 31/08/2025 13:00","BZN|BG","3925.45","3797.00"
"31/08/2025 13:00 - 31/08/2025 14:00","BZN|BG","3888.40","3758.00"
"31/08/2025 14:00 - 31/08/2025 15:00","BZN|BG","3823.17","3741.00"
"31/08/2025 15:00 - 31/08/2025 16:00","BZN|BG","3822.03","3734.00"
"31/08/2025 16:00 - 31/08/2025 17:00","BZN|BG","3876.03","3847.00"
"31/08/2025 17:00 - 31/08/2025 18:00","BZN|BG","3871.59","3982.00"
"31/08/2025 18:00 - 31/08/2025 19:00","BZN|BG","3905.31","4056.00"
"31/08/2025 19:00 - 31/08/2025 20:00","BZN|BG","3969.15","4134.00"
"31/08/2025 20:00 - 31/08/2025 21:00","BZN|BG","3798.78","4022.00"
"31/08/2025 21:00 - 31/08/2025 22:00","BZN|BG","3599.56","3801.00"
"31/08/2025 22:00 - 31/08/2025 23:00","BZN|BG","3355.97","3576.00"
"31/08/2025 23:00 - 01/09/2025 00:00","BZN|BG","3125.32","3214.00"
"01/09/2025 00:00 - 01/09/2025 01:00","BZN|BG","2896.50","3033.00"
"01/09/2025 01:00 - 01/09/2025 02:00","BZN|BG","2794.49","2929.00"
"01/09/2025 02:00 - 01/09/2025 03:00","BZN|BG","2738.73","2846.00"
"01/09/2025 03:00 - 01/09/2025 04:00","BZN|BG","2752.51","2872.00"
"01/09/2025 04:00 - 01/09/2025 05:00","BZN|BG","2915.69","3013.00"
"01/09/2025 05:00 - 01/09/2025 06:00","BZN|BG","3206.63","3242.00"
"01/09/2025 06:00 - 01/09/2025 07:00","BZN|BG","3486.57","3535.00"
"01/09/2025 07:00 - 01/09/2025 08:00","BZN|BG","3708.76","3842.00"
"01/09/2025 08:00 - 01/09/2025 09:00","BZN|BG","3798.11","3970.00"
"01/09/2025 09:00 - 01/09/2025 10:00","BZN|BG","3795.11","3951.00"
"01/09/2025 10:00 - 01/09/2025 11:00","BZN|BG","3931.89","3970.00"
"01/09/2025 11:00 - 01/09/2025 12:00","BZN|BG","3948.00","4050.00"
"01/09/2025 12:00 - 01/09/2025 13:00","BZN|BG","4014.05","4198.00"
"01/09/2025 13:00 - 01/09/2025 14:00","BZN|BG","4069.65","4201.00"
"01/09/2025 14:00 - 01/09/2025 15:00","BZN|BG","3979.76","4137.00"
"01/09/2025 15:00 - 01/09/2025 16:00","BZN|BG","3932.90","4086.00"
"01/09/2025 16:00 - 01/09/2025 17:00","BZN|BG","3924.71","4079.00"
"01/09/2025 17:00 - 01/09/2025 18:00","BZN|BG","4062.67","4182.00"
"01/09/2025 18:00 - 01/09/2025 19:00","BZN|BG","4119.78","4247.00"
"01/09/2025 19:00 - 01/09/2025 20:00","BZN|BG","4170.81","4263.00"
"01/09/2025 20:00 - 01/09/2025 21:00","BZN|BG","4001.16","4126.00"
"01/09/2025 21:00 - 01/09/2025 22:00","BZN|BG","3745.28","3867.00"
"01/09/2025 22:00 - 01/09/2025 23:00","BZN|BG","3512.15","3636.00"
"01/09/2025 23:00 - 02/09/2025 00:00","BZN|BG","3241.80","3255.00"
"02/09/2025 00:00 - 02/09/2025 01:00","BZN|BG","3064.61","3004.00"
"02/09/2025 01:00 - 02/09/2025 02:00","BZN|BG","3049.29","2891.00"
"02/09/2025 02:00 - 02/09/2025 03:00","BZN|BG","2876.21","2838.00"
"02/09/2025 03:00 - 02/09/2025 04:00","BZN|BG","2886.94","2847.00"
"02/09/2025 04:00 - 02/09/2025 05:00","BZN|BG","3061.89","2980.00"
"02/09/2025 05:00 - 02/09/2025 06:00","BZN|BG","3265.03","3248.00"
"02/09/2025 06:00 - 02/09/2025 07:00","BZN|BG","3545.00","3547.00"
"02/09/2025 07:00 - 02/09/2025 08:00","BZN|BG","3788.90","3843.00"
"02/09/2025 08:00 - 02/09/2025 09:00","BZN|BG","3965.26","3963.00"
"02/09/2025 09:00 - 02/09/2025 10:00","BZN|BG","4045.69","3963.00"
"02/09/2025 10:00 - 02/09/2025 11:00","BZN|BG","4122.22","4055.00"
"02/09/2025 11:00 - 02/09/2025 12:00","BZN|BG","4171.12","4103.00"
"02/09/2025 12:00 - 02/09/2025 13:00","BZN|BG","4237.21","4211.00"
"02/09/2025 13:00 - 02/09/2025 14:00","BZN|BG","4149.30","4206.00"
"02/09/2025 14:00 - 02/09/2025 15:00","BZN|BG","4142.16","4211.00"
"02/09/2025 15:00 - 02/09/2025 16:00","BZN|BG","4171.56","4200.00"
"02/09/2025 16:00 - 02/09/2025 17:00","BZN|BG","4176.96","4152.00"
"02/09/2025 17:00 - 02/09/2025 18:00","BZN|BG","4332.22","4200.00"
"02/09/2025 18:00 - 02/09/2025 19:00","BZN|BG","4361.35","4330.00"
"02/09/2025 19:00 - 02/09/2025 20:00","BZN|BG","4348.04","4339.00"
"02/09/2025 20:00 - 02/09/2025 21:00","BZN|BG","4137.21","4143.00"
"02/09/2025 21:00 - 02/09/2025 22:00","BZN|BG","3893.42","3883.00"
"02/09/2025 22:00 - 02/09/2025 23:00","BZN|BG","3636.76","3615.00"
"02/09/2025 23:00 - 03/09/2025 00:00","BZN|BG","3317.99","3314.00"
"03/09/2025 00:00 - 03/09/2025 01:00","BZN|BG","3094.91","3069.00"
"03/09/2025 01:00 - 03/09/2025 02:00","BZN|BG","3016.27","2938.00"
"03/09/2025 02:00 - 03/09/2025 03:00","BZN|BG","2976.42","2886.00"
"03/09/2025 03:00 - 03/09/2025 04:00","BZN|BG","3070.63","2899.00"
"03/09/2025 04:00 - 03/09/2025 05:00","BZN|BG","3104.64","3051.00"
"03/09/2025 05:00 - 03/09/2025 06:00","BZN|BG","3330.96","3315.00"
"03/09/2025 06:00 - 03/09/2025 07:00","BZN|BG","3573.16","3604.00"
"03/09/2025 07:00 - 03/09/2025 08:00","BZN|BG","3829.18","3904.00"
"03/09/2025 08:00 - 03/09/2025 09:00","BZN|BG","3924.80","4029.00"
"03/09/2025 09:00 - 03/09/2025 10:00","BZN|BG","3967.21","4043.00"
"03/09/2025 10:00 - 03/09/2025 11:00","BZN|BG","4099.79","4090.00"
"03/09/2025 11:00 - 03/09/2025 12:00","BZN|BG","4217.85","4129.00"
"03/09/2025 12:00 - 03/09/2025 13:00","BZN|BG","4338.67","4198.00"
"03/09/2025 13:00 - 03/09/2025 14:00","BZN|BG","4350.48","4177.00"
"03/09/2025 14:00 - 03/09/2025 15:00","BZN|BG","4348.90","4106.00"
"03/09/2025 15:00 - 03/09/2025 16:00","BZN|BG","4374.70","4064.00"
"03/09/2025 16:00 - 03/09/2025 17:00","BZN|BG","4394.05","4102.00"
"03/09/2025 17:00 - 03/09/2025 18:00","BZN|BG","4423.83","4272.00"
"03/09/2025 18:00 - 03/09/2025 19:00","BZN|BG","4410.60","4302.00"
"03/09/2025 19:00 - 03/09/2025 20:00","BZN|BG","4413.45","4314.00"
"03/09/2025 20:00 - 03/09/2025 21:00","BZN|BG","4183.73","4143.00"
"03/09/2025 21:00 - 03/09/2025 22:00","BZN|BG","3905.48","3908.00"
"03/09/2025 22:00 - 03/09/2025 23:00","BZN|BG","3678.23","3678.00"
"03/09/2025 23:00 - 04/09/2025 00:00","BZN|BG","3359.65","3335.00"
"04/09/2025 00:00 - 04/09/2025 01:00","BZN|BG","3131.32","3120.00"
"04/09/2025 01:00 - 04/09/2025 02:00","BZN|BG","3007.20","3000.00"
"04/09/2025 02:00 - 04/09/2025 03:00","BZN|BG","2973.23","2944.00"
"04/09/2025 03:00 - 04/09/2025 04:00","BZN|BG","2989.31","2953.00"
"04/09/2025 04:00 - 04/09/2025 05:00","BZN|BG","3119.48","3091.00"
"04/09/2025 05:00 - 04/09/2025 06:00","BZN|BG","3364.23","3336.00"
"04/09/2025 06:00 - 04/09/2025 07:00","BZN|BG","3631.83","3624.00"
"04/09/2025 07:00 - 04/09/2025 08:00","BZN|BG","3881.34","3909.00"
"04/09/2025 08:00 - 04/09/2025 09:00","BZN|BG","4003.59","4041.00"
"04/09/2025 09:00 - 04/09/2025 10:00","BZN|BG","4051.03","4023.00"
"04/09/2025 10:00 - 04/09/2025 11:00","BZN|BG","4175.64","4057.00"
"04/09/2025 11:00 - 04/09/2025 12:00","BZN|BG","4273.03","4103.00"
"04/09/2025 12:00 - 04/09/2025 13:00","BZN|BG","4353.69","4200.00"
"04/09/2025 13:00 - 04/09/2025 14:00","BZN|BG","4331.84","4200.00"
"04/09/2025 14:00 - 04/09/2025 15:00","BZN|BG","4293.51","4179.00"
"04/09/2025 15:00 - 04/09/2025 16:00","BZN|BG","4268.85","4165.00"
"04/09/2025 16:00 - 04/09/2025 17:00","BZN|BG","4241.52","4199.00"
"04/09/2025 17:00 - 04/09/2025 18:00","BZN|BG","4300.35","4299.00"
"04/09/2025 18:00 - 04/09/2025 19:00","BZN|BG","4312.45","4366.00"
"04/09/2025 19:00 - 04/09/2025 20:00","BZN|BG","4325.78","4365.00"
"04/09/2025 20:00 - 04/09/2025 21:00","BZN|BG","4109.23","4171.00"
"04/09/2025 21:00 - 04/09/2025 22:00","BZN|BG","3861.95","3919.00"
"04/09/2025 22:00 - 04/09/2025 23:00","BZN|BG","3605.16","3661.00"
"04/09/2025 23:00 - 05/09/2025 00:00","BZN|BG","3332.89","3394.00"
"05/09/2025 00:00 - 05/09/2025 01:00","BZN|BG","3129.39","3130.00"
"05/09/2025 01:00 - 05/09/2025 02:00","BZN|BG","3003.71","3040.00"
"05/09/2025 02:00 - 05/09/2025 03:00","BZN|BG","2937.97","2975.00"
"05/09/2025 03:00 - 05/09/2025 04:00","BZN|BG","2946.64","2980.00"
"05/09/2025 04:00 - 05/09/2025 05:00","BZN|BG","3143.21","3096.00"
"05/09/2025 05:00 - 05/09/2025 06:00","BZN|BG","3377.71","3313.00"
"05/09/2025 06:00 - 05/09/2025 07:00","BZN|BG","3614.35","3566.00"
"05/09/2025 07:00 - 05/09/2025 08:00","BZN|BG","3879.72","3809.00"
"05/09/2025 08:00 - 05/09/2025 09:00","BZN|BG","3998.84","3929.00"
"05/09/2025 09:00 - 05/09/2025 10:00","BZN|BG","4043.77","3956.00"
"05/09/2025 10:00 - 05/09/2025 11:00","BZN|BG","4177.39","3996.00"
"05/09/2025 11:00 - 05/09/2025 12:00","BZN|BG","4166.11","4037.00"
"05/09/2025 12:00 - 05/09/2025 13:00","BZN|BG","4199.36","4134.00"
"05/09/2025 13:00 - 05/09/2025 14:00","BZN|BG","4169.80","4113.00"
"05/09/2025 14:00 - 05/09/2025 15:00","BZN|BG","4147.32","4091.00"
"05/09/2025 15:00 - 05/09/2025 16:00","BZN|BG","4083.24","4082.00"
"05/09/2025 16:00 - 05/09/2025 17:00","BZN|BG","4110.10","4100.00"
"05/09/2025 17:00 - 05/09/2025 18:00","BZN|BG","4196.52","4207.00"
"05/09/2025 18:00 - 05/09/2025 19:00","BZN|BG","4180.46","4229.00"
"05/09/2025 19:00 - 05/09/2025 20:00","BZN|BG","4164.20","4226.00"
"05/09/2025 20:00 - 05/09/2025 21:00","BZN|BG","3924.36","4042.00"
"05/09/2025 21:00 - 05/09/2025 22:00","BZN|BG","3709.96","3831.00"
"05/09/2025 22:00 - 05/09/2025 23:00","BZN|BG","3460.89","3607.00"
"05/09/2025 23:00 - 06/09/2025 00:00","BZN|BG","3191.84","3268.00"
"06/09/2025 00:00 - 06/09/2025 01:00","BZN|BG","2986.46","3048.00"
"06/09/2025 01:00 - 06/09/2025 02:00","BZN|BG","2860.33","2909.00"
"06/09/2025 02:00 - 06/09/2025 03:00","BZN|BG","2783.22","2843.00"
"06/09/2025 03:00 - 06/09/2025 04:00","BZN|BG","2756.24","2833.00"
"06/09/2025 04:00 - 06/09/2025 05:00","BZN|BG","2786.33","2908.00"
"06/09/2025 05:00 - 06/09/2025 06:00","BZN|BG","2888.74","2985.00"
"06/09/2025 06:00 - 06/09/2025 07:00","BZN|BG","3104.13","3146.00"
"06/09/2025 07:00 - 06/09/2025 08:00","BZN|BG","3386.05","3365.00"
"06/09/2025 08:00 - 06/09/2025 09:00","BZN|BG","3510.35","3575.00"
"06/09/2025 09:00 - 06/09/2025 10:00","BZN|BG","3587.72","3647.00"
"06/09/2025 10:00 - 06/09/2025 11:00","BZN|BG","3663.47","3714.00"
"06/09/2025 11:00 - 06/09/2025 12:00","BZN|BG","3721.06","3724.00"
"06/09/2025 12:00 - 06/09/2025 13:00","BZN|BG","3769.33","3878.00"
"06/09/2025 13:00 - 06/09/2025 14:00","BZN|BG","3789.72","3878.00"
"06/09/2025 14:00 - 06/09/2025 15:00","BZN|BG","3794.63","3878.00"
"06/09/2025 15:00 - 06/09/2025 16:00","BZN|BG","3708.29","3824.00"
"06/09/2025 16:00 - 06/09/2025 17:00","BZN|BG","3717.81","3908.00"
"06/09/2025 17:00 - 06/09/2025 18:00","BZN|BG","3779.70","4040.00"
"06/09/2025 18:00 - 06/09/2025 19:00","BZN|BG","3795.57","4010.00"
"06/09/2025 19:00 - 06/09/2025 20:00","BZN|BG","3820.21","3994.00"
"06/09/2025 20:00 - 06/09/2025 21:00","BZN|BG","3615.54","3800.00"
"06/09/2025 21:00 - 06/09/2025 22:00","BZN|BG","3451.92","3640.00"
"06/09/2025 22:00 - 06/09/2025 23:00","BZN|BG","3280.84","3472.00"
"06/09/2025 23:00 - 07/09/2025 00:00","BZN|BG","3042.35","3155.00"
"07/09/2025 00:00 - 07/09/2025 01:00","BZN|BG","2849.38","2953.00"
"07/09/2025 01:00 - 07/09/2025 02:00","BZN|BG","2717.35","2835.00"
"07/09/2025 02:00 - 07/09/2025 03:00","BZN|BG","2671.08","2749.00"
"07/09/2025 03:00 - 07/09/2025 04:00","BZN|BG","2646.08","2750.00"
"07/09/2025 04:00 - 07/09/2025 05:00","BZN|BG","2675.76","2787.00"
"07/09/2025 05:00 - 07/09/2025 06:00","BZN|BG","2806.35","2858.00"
"07/09/2025 06:00 - 07/09/2025 07:00","BZN|BG","2977.50","3003.00"
"07/09/2025 07:00 - 07/09/2025 08:00","BZN|BG","3225.23","3258.00"
"07/09/2025 08:00 - 07/09/2025 09:00","BZN|BG","3477.92","3487.00"
"07/09/2025 09:00 - 07/09/2025 10:00","BZN|BG","3566.99","3616.00"
"07/09/2025 10:00 - 07/09/2025 11:00","BZN|BG","3615.45","3675.00"
"07/09/2025 11:00 - 07/09/2025 12:00","BZN|BG","3733.45","3686.00"
"07/09/2025 12:00 - 07/09/2025 13:00","BZN|BG","3809.16","3680.00"
"07/09/2025 13:00 - 07/09/2025 14:00","BZN|BG","3973.71","3659.00"
"07/09/2025 14:00 - 07/09/2025 15:00","BZN|BG","3867.18","3635.00"
"07/09/2025 15:00 - 07/09/2025 16:00","BZN|BG","3701.66","3650.00"
"07/09/2025 16:00 - 07/09/2025 17:00","BZN|BG","3747.02","3764.00"
"07/09/2025 17:00 - 07/09/2025 18:00","BZN|BG","3786.45","3825.00"
"07/09/2025 18:00 - 07/09/2025 19:00","BZN|BG","3782.99","3941.00"
"07/09/2025 19:00 - 07/09/2025 20:00","BZN|BG","3840.20","4117.00"
"07/09/2025 20:00 - 07/09/2025 21:00","BZN|BG","3641.92","3943.00"
"07/09/2025 21:00 - 07/09/2025 22:00","BZN|BG","3469.19","3730.00"
"07/09/2025 22:00 - 07/09/2025 23:00","BZN|BG","3283.67","3480.00"
"07/09/2025 23:00 - 08/09/2025 00:00","BZN|BG","3090.22","3168.00"
"08/09/2025 00:00 - 08/09/2025 01:00","BZN|BG","2919.90","2958.00"
"08/09/2025 01:00 - 08/09/2025 02:00","BZN|BG","2773.71","2852.00"
"08/09/2025 02:00 - 08/09/2025 03:00","BZN|BG","2698.65","2809.00"
"08/09/2025 03:00 - 08/09/2025 04:00","BZN|BG","2700.15","2826.00"
"08/09/2025 04:00 - 08/09/2025 05:00","BZN|BG","2740.58","2908.00"
"08/09/2025 05:00 - 08/09/2025 06:00","BZN|BG","2995.33","3108.00"
"08/09/2025 06:00 - 08/09/2025 07:00","BZN|BG","3096.31","3371.00"
"08/09/2025 07:00 - 08/09/2025 08:00","BZN|BG","3377.51","3686.00"
"08/09/2025 08:00 - 08/09/2025 09:00","BZN|BG","3567.51","3861.00"
"08/09/2025 09:00 - 08/09/2025 10:00","BZN|BG","3666.92","3885.00"
"08/09/2025 10:00 - 08/09/2025 11:00","BZN|BG","3798.26","3923.00"
"08/09/2025 11:00 - 08/09/2025 12:00","BZN|BG","3839.35","3917.00"
"08/09/2025 12:00 - 08/09/2025 13:00","BZN|BG","3889.46","3950.00"
"08/09/2025 13:00 - 08/09/2025 14:00","BZN|BG","3788.47","3919.00"
"08/09/2025 14:00 - 08/09/2025 15:00","BZN|BG","3723.06","3903.00"
"08/09/2025 15:00 - 08/09/2025 16:00","BZN|BG","3795.40","3911.00"
"08/09/2025 16:00 - 08/09/2025 17:00","BZN|BG","3845.15","3933.00"
"08/09/2025 17:00 - 08/09/2025 18:00","BZN|BG","3946.57","4019.00"
"08/09/2025 18:00 - 08/09/2025 19:00","BZN|BG","3988.38","4109.00"
"08/09/2025 19:00 - 08/09/2025 20:00","BZN|BG","3985.43","4203.00"
"08/09/2025 20:00 - 08/09/2025 21:00","BZN|BG","3772.69","3999.00"
"08/09/2025 21:00 - 08/09/2025 22:00","BZN|BG","3575.82","3778.00"
"08/09/2025 22:00 - 08/09/2025 23:00","BZN|BG","3398.59","3531.00"
"08/09/2025 23:00 - 09/09/2025 00:00","BZN|BG","3132.36","3155.00"
"09/09/2025 00:00 - 09/09/2025 01:00","BZN|BG","2915.98","2973.00"
"09/09/2025 01:00 - 09/09/2025 02:00","BZN|BG","2839.23","2874.00"
"09/09/2025 02:00 - 09/09/2025 03:00","BZN|BG","2786.18","2809.00"
"09/09/2025 03:00 - 09/09/2025 04:00","BZN|BG","2873.06","2843.00"
"09/09/2025 04:00 - 09/09/2025 05:00","BZN|BG","2894.87","2964.00"
"09/09/2025 05:00 - 09/09/2025 06:00","BZN|BG","3259.67","3167.00"
"09/09/2025 06:00 - 09/09/2025 07:00","BZN|BG","3513.02","3425.00"
"09/09/2025 07:00 - 09/09/2025 08:00","BZN|BG","3787.21","3668.00"
"09/09/2025 08:00 - 09/09/2025 09:00","BZN|BG","3913.07","3809.00"
"09/09/2025 09:00 - 09/09/2025 10:00","BZN|BG","3859.50","3850.00"
"09/09/2025 10:00 - 09/09/2025 11:00","BZN|BG","3982.38","3918.00"
"09/09/2025 11:00 - 09/09/2025 12:00","BZN|BG","4039.35","3993.00"
"09/09/2025 12:00 - 09/09/2025 13:00","BZN|BG","4152.13","4061.00"
"09/09/2025 13:00 - 09/09/2025 14:00","BZN|BG","4074.59","4047.00"
"09/09/2025 14:00 - 09/09/2025 15:00","BZN|BG","4043.51","4051.00"
"09/09/2025 15:00 - 09/09/2025 16:00","BZN|BG","4072.22","4025.00"
"09/09/2025 16:00 - 09/09/2025 17:00","BZN|BG","4057.48","4059.00"
"09/09/2025 17:00 - 09/09/2025 18:00","BZN|BG","4133.33","4209.00"
"09/09/2025 18:00 - 09/09/2025 19:00","BZN|BG","4173.41","4201.00"
"09/09/2025 19:00 - 09/09/2025 20:00","BZN|BG","4192.05","4220.00"
"09/09/2025 20:00 - 09/09/2025 21:00","BZN|BG","3950.07","3995.00"
"09/09/2025 21:00 - 09/09/2025 22:00","BZN|BG","3724.54","3752.00"
"09/09/2025 22:00 - 09/09/2025 23:00","BZN|BG","3502.97","3523.00"
"09/09/2025 23:00 - 10/09/2025 00:00","BZN|BG","3205.50","3252.00"
"10/09/2025 00:00 - 10/09/2025 01:00","BZN|BG","3013.32","3056.00"
"10/09/2025 01:00 - 10/09/2025 02:00","BZN|BG","2894.37","2953.00"
"10/09/2025 02:00 - 10/09/2025 03:00","BZN|BG","2835.97","2874.00"
"10/09/2025 03:00 - 10/09/2025 04:00","BZN|BG","2845.85","2913.00"
"10/09/2025 04:00 - 10/09/2025 05:00","BZN|BG","2951.98","3028.00"
"10/09/2025 05:00 - 10/09/2025 06:00","BZN|BG","3290.68","3212.00"
"10/09/2025 06:00 - 10/09/2025 07:00","BZN|BG","3577.96","3467.00"
"10/09/2025 07:00 - 10/09/2025 08:00","BZN|BG","3804.01","3694.00"
"10/09/2025 08:00 - 10/09/2025 09:00","BZN|BG","3900.95","3834.00"
"10/09/2025 09:00 - 10/09/2025 10:00","BZN|BG","3936.58","3871.00"
"10/09/2025 10:00 - 10/09/2025 11:00","BZN|BG","4066.27","3935.00"
"10/09/2025 11:00 - 10/09/2025 12:00","BZN|BG","4159.97","4011.00"
"10/09/2025 12:00 - 10/09/2025 13:00","BZN|BG","4211.78","4086.00"
"10/09/2025 13:00 - 10/09/2025 14:00","BZN|BG","4190.72","4090.00"
"10/09/2025 14:00 - 10/09/2025 15:00","BZN|BG","4171.85","4088.00"
"10/09/2025 15:00 - 10/09/2025 16:00","BZN|BG","4122.73","4096.00"
"10/09/2025 16:00 - 10/09/2025 17:00","BZN|BG","4087.79","4123.00"
"10/09/2025 17:00 - 10/09/2025 18:00","BZN|BG","4180.91","4239.00"
"10/09/2025 18:00 - 10/09/2025 19:00","BZN|BG","4229.19","4232.00"
"10/09/2025 19:00 - 10/09/2025 20:00","BZN|BG","4238.25","4251.00"
"10/09/2025 20:00 - 10/09/2025 21:00","BZN|BG","3974.69","4026.00"
"10/09/2025 21:00 - 10/09/2025 22:00","BZN|BG","3765.75","3784.00"
"10/09/2025 22:00 - 10/09/2025 23:00","BZN|BG","3509.21","3561.00"
"10/09/2025 23:00 - 11/09/2025 00:00","BZN|BG","3286.23","3186.00"
"11/09/2025 00:00 - 11/09/2025 01:00","BZN|BG","3083.15","2989.00"
"11/09/2025 01:00 - 11/09/2025 02:00","BZN|BG","2969.81","2910.00"
"11/09/2025 02:00 - 11/09/2025 03:00","BZN|BG","2942.08","2841.00"
"11/09/2025 03:00 - 11/09/2025 04:00","BZN|BG","3018.64","2883.00"
"11/09/2025 04:00 - 11/09/2025 05:00","BZN|BG","3227.77","2991.00"
"11/09/2025 05:00 - 11/09/2025 06:00","BZN|BG","3331.88","3238.00"
"11/09/2025 06:00 - 11/09/2025 07:00","BZN|BG","3557.96","3486.00"
"11/09/2025 07:00 - 11/09/2025 08:00","BZN|BG","3822.59","3736.00"
"11/09/2025 08:00 - 11/09/2025 09:00","BZN|BG","3901.43","3860.00"
"11/09/2025 09:00 - 11/09/2025 10:00","BZN|BG","3972.59","3892.00"
"11/09/2025 10:00 - 11/09/2025 11:00","BZN|BG","4138.56","4006.00"
"11/09/2025 11:00 - 11/09/2025 12:00","BZN|BG","4194.79","4066.00"
"11/09/2025 12:00 - 11/09/2025 13:00","BZN|BG","4302.96","4146.00"
"11/09/2025 13:00 - 11/09/2025 14:00","BZN|BG","4255.88","4129.00"
"11/09/2025 14:00 - 11/09/2025 15:00","BZN|BG","4158.54","4120.00"
"11/09/2025 15:00 - 11/09/2025 16:00","BZN|BG","4098.64","4120.00"
"11/09/2025 16:00 - 11/09/2025 17:00","BZN|BG","4022.58","4123.00"
"11/09/2025 17:00 - 11/09/2025 18:00","BZN|BG","4129.92","4242.00"
"11/09/2025 18:00 - 11/09/2025 19:00","BZN|BG","4192.83","4257.00"
"11/09/2025 19:00 - 11/09/2025 20:00","BZN|BG","4181.93","4259.00"
"11/09/2025 20:00 - 11/09/2025 21:00","BZN|BG","3948.19","4026.00"
"11/09/2025 21:00 - 11/09/2025 22:00","BZN|BG","3744.89","3778.00"
"11/09/2025 22:00 - 11/09/2025 23:00","BZN|BG","3503.03","3531.00"
"11/09/2025 23:00 - 12/09/2025 00:00","BZN|BG","3248.02","3251.00"
"12/09/2025 00:00 - 12/09/2025 01:00","BZN|BG","3080.20","3061.00"
"12/09/2025 01:00 - 12/09/2025 02:00","BZN|BG","2992.41","2989.00"
"12/09/2025 02:00 - 12/09/2025 03:00","BZN|BG","3063.44","2919.00"
"12/09/2025 03:00 - 12/09/2025 04:00","BZN|BG","3138.74","2957.00"
"12/09/2025 04:00 - 12/09/2025 05:00","BZN|BG","3084.97","3051.00"
"12/09/2025 05:00 - 12/09/2025 06:00","BZN|BG","3278.79","3280.00"
"12/09/2025 06:00 - 12/09/2025 07:00","BZN|BG","3564.71","3515.00"
"12/09/2025 07:00 - 12/09/2025 08:00","BZN|BG","3875.97","3733.00"
"12/09/2025 08:00 - 12/09/2025 09:00","BZN|BG","4023.43","3844.00"
"12/09/2025 09:00 - 12/09/2025 10:00","BZN|BG","3980.66","3859.00"
"12/09/2025 10:00 - 12/09/2025 11:00","BZN|BG","4113.92","3951.00"
"12/09/2025 11:00 - 12/09/2025 12:00","BZN|BG","4136.85","3984.00"
"12/09/2025 12:00 - 12/09/2025 13:00","BZN|BG","4196.59","4066.00"
"12/09/2025 13:00 - 12/09/2025 14:00","BZN|BG","4120.12","4013.00"
"12/09/2025 14:00 - 12/09/2025 15:00","BZN|BG","4025.83","3961.00"
"12/09/2025 15:00 - 12/09/2025 16:00","BZN|BG","3982.35","4046.00"
"12/09/2025 16:00 - 12/09/2025 17:00","BZN|BG","3979.89","3948.00"
"12/09/2025 17:00 - 12/09/2025 18:00","BZN|BG","4042.81","4150.00"
"12/09/2025 18:00 - 12/09/2025 19:00","BZN|BG","4067.06","4150.00"
"12/09/2025 19:00 - 12/09/2025 20:00","BZN|BG","4064.70","4233.00"
"12/09/2025 20:00 - 12/09/2025 21:00","BZN|BG","3841.68","3981.00"
"12/09/2025 21:00 - 12/09/2025 22:00","BZN|BG","3637.47","3736.00"
"12/09/2025 22:00 - 12/09/2025 23:00","BZN|BG","3453.71","3480.00"
"12/09/2025 23:00 - 13/09/2025 00:00","BZN|BG","3225.06","3148.00"
"13/09/2025 00:00 - 13/09/2025 01:00","BZN|BG","3017.32","3000.00"
"13/09/2025 01:00 - 13/09/2025 02:00","BZN|BG","2905.64","2908.00"
"13/09/2025 02:00 - 13/09/2025 03:00","BZN|BG","2847.78","2852.00"
"13/09/2025 03:00 - 13/09/2025 04:00","BZN|BG","2817.11","2833.00"
"13/09/2025 04:00 - 13/09/2025 05:00","BZN|BG","2845.56","2866.00"
"13/09/2025 05:00 - 13/09/2025 06:00","BZN|BG","2996.15","2977.00"
"13/09/2025 06:00 - 13/09/2025 07:00","BZN|BG","3165.47","3212.00"
"13/09/2025 07:00 - 13/09/2025 08:00","BZN|BG","3461.86","3518.00"
"13/09/2025 08:00 - 13/09/2025 09:00","BZN|BG","3677.45","3654.00"
"13/09/2025 09:00 - 13/09/2025 10:00","BZN|BG","3786.02","3738.00"
"13/09/2025 10:00 - 13/09/2025 11:00","BZN|BG","3830.22","3820.00"
"13/09/2025 11:00 - 13/09/2025 12:00","BZN|BG","3914.47","3883.00"
"13/09/2025 12:00 - 13/09/2025 13:00","BZN|BG","3947.46","3936.00"
"13/09/2025 13:00 - 13/09/2025 14:00","BZN|BG","3877.98","3936.00"
"13/09/2025 14:00 - 13/09/2025 15:00","BZN|BG","3820.28","3936.00"
"13/09/2025 15:00 - 13/09/2025 16:00","BZN|BG","3743.96","3854.00"
"13/09/2025 16:00 - 13/09/2025 17:00","BZN|BG","3778.20","3870.00"
"13/09/2025 17:00 - 13/09/2025 18:00","BZN|BG","3829.15","3974.00"
"13/09/2025 18:00 - 13/09/2025 19:00","BZN|BG","3819.53","4000.00"
"13/09/2025 19:00 - 13/09/2025 20:00","BZN|BG","3845.46","4041.00"
"13/09/2025 20:00 - 13/09/2025 21:00","BZN|BG","3624.77","3789.00"
"13/09/2025 21:00 - 13/09/2025 22:00","BZN|BG","3453.74","3587.00"
"13/09/2025 22:00 - 13/09/2025 23:00","BZN|BG","3292.52","3377.00"
"13/09/2025 23:00 - 14/09/2025 00:00","BZN|BG","3054.13","3078.00"
"14/09/2025 00:00 - 14/09/2025 01:00","BZN|BG","2880.25","2944.00"
"14/09/2025 01:00 - 14/09/2025 02:00","BZN|BG","2767.23","2852.00"
"14/09/2025 02:00 - 14/09/2025 03:00","BZN|BG","2706.44","2820.00"
"14/09/2025 03:00 - 14/09/2025 04:00","BZN|BG","2682.21","2803.00"
"14/09/2025 04:00 - 14/09/2025 05:00","BZN|BG","2703.56","2830.00"
"14/09/2025 05:00 - 14/09/2025 06:00","BZN|BG","2840.43","2949.00"
"14/09/2025 06:00 - 14/09/2025 07:00","BZN|BG","2980.50","3105.00"
"14/09/2025 07:00 - 14/09/2025 08:00","BZN|BG","3257.20","3331.00"
"14/09/2025 08:00 - 14/09/2025 09:00","BZN|BG","3542.30","3561.00"
"14/09/2025 09:00 - 14/09/2025 10:00","BZN|BG","3575.87","3642.00"
"14/09/2025 10:00 - 14/09/2025 11:00","BZN|BG","3628.52","3686.00"
"14/09/2025 11:00 - 14/09/2025 12:00","BZN|BG","3676.86","3794.00"
"14/09/2025 12:00 - 14/09/2025 13:00","BZN|BG","3640.28","3863.00"
"14/09/2025 13:00 - 14/09/2025 14:00","BZN|BG","3700.73","3863.00"
"14/09/2025 14:00 - 14/09/2025 15:00","BZN|BG","3701.64","3863.00"
"14/09/2025 15:00 - 14/09/2025 16:00","BZN|BG","3702.96","3673.00"
"14/09/2025 16:00 - 14/09/2025 17:00","BZN|BG","3751.17","3839.00"
"14/09/2025 17:00 - 14/09/2025 18:00","BZN|BG","3804.20","3982.00"
"14/09/2025 18:00 - 14/09/2025 19:00","BZN|BG","3895.08","3970.00"
"14/09/2025 19:00 - 14/09/2025 20:00","BZN|BG","3923.75","4178.00"
"14/09/2025 20:00 - 14/09/2025 21:00","BZN|BG","3724.01","3868.00"
"14/09/2025 21:00 - 14/09/2025 22:00","BZN|BG","3513.58","3598.00"
"14/09/2025 22:00 - 14/09/2025 23:00","BZN|BG","3297.15","3307.00"
"14/09/2025 23:00 - 15/09/2025 00:00","BZN|BG","3103.12","3189.00"
"15/09/2025 00:00 - 15/09/2025 01:00","BZN|BG","2856.24","3053.00"
"15/09/2025 01:00 - 15/09/2025 02:00","BZN|BG","2819.35","2937.00"
"15/09/2025 02:00 - 15/09/2025 03:00","BZN|BG","2921.07","2877.00"
"15/09/2025 03:00 - 15/09/2025 04:00","BZN|BG","2921.65","2879.00"
"15/09/2025 04:00 - 15/09/2025 05:00","BZN|BG","2937.66","2930.00"
"15/09/2025 05:00 - 15/09/2025 06:00","BZN|BG","3207.37","3252.00"
"15/09/2025 06:00 - 15/09/2025 07:00","BZN|BG","3501.92","3380.00"
"15/09/2025 07:00 - 15/09/2025 08:00","BZN|BG","3707.57","3735.00"
"15/09/2025 08:00 - 15/09/2025 09:00","BZN|BG","3731.67","3976.00"
"15/09/2025 09:00 - 15/09/2025 10:00","BZN|BG","3744.72","4101.00"
"15/09/2025 10:00 - 15/09/2025 11:00","BZN|BG","3805.65","4268.00"
"15/09/2025 11:00 - 15/09/2025 12:00","BZN|BG","3827.43","4320.00"
"15/09/2025 12:00 - 15/09/2025 13:00","BZN|BG","3892.16","4383.00"
"15/09/2025 13:00 - 15/09/2025 14:00","BZN|BG","3942.36","4154.00"
"15/09/2025 14:00 - 15/09/2025 15:00","BZN|BG","3908.69","4006.00"
"15/09/2025 15:00 - 15/09/2025 16:00","BZN|BG","3856.67","4126.00"
"15/09/2025 16:00 - 15/09/2025 17:00","BZN|BG","3903.92","4209.00"
"15/09/2025 17:00 - 15/09/2025 18:00","BZN|BG","3994.60","4377.00"
"15/09/2025 18:00 - 15/09/2025 19:00","BZN|BG","4079.15","4447.00"
"15/09/2025 19:00 - 15/09/2025 20:00","BZN|BG","4082.56","4441.00"
"15/09/2025 20:00 - 15/09/2025 21:00","BZN|BG","3858.96","4046.00"
"15/09/2025 21:00 - 15/09/2025 22:00","BZN|BG","3643.86","3680.00"
"15/09/2025 22:00 - 15/09/2025 23:00","BZN|BG","3367.81","3351.00"
"15/09/2025 23:00 - 16/09/2025 00:00","BZN|BG","3128.23","3177.00"
"16/09/2025 00:00 - 16/09/2025 01:00","BZN|BG","2907.86","2989.00"
"16/09/2025 01:00 - 16/09/2025 02:00","BZN|BG","2799.47","2889.00"
"16/09/2025 02:00 - 16/09/2025 03:00","BZN|BG","2857.79","2863.00"
"16/09/2025 03:00 - 16/09/2025 04:00","BZN|BG","2879.13","2912.00"
"16/09/2025 04:00 - 16/09/2025 05:00","BZN|BG","2940.31","3004.00"
"16/09/2025 05:00 - 16/09/2025 06:00","BZN|BG","3358.07","3240.00"
"16/09/2025 06:00 - 16/09/2025 07:00","BZN|BG","3593.42","3487.00"
"16/09/2025 07:00 - 16/09/2025 08:00","BZN|BG","3740.70","3743.00"
"16/09/2025 08:00 - 16/09/2025 09:00","BZN|BG","3750.23","3852.00"
"16/09/2025 09:00 - 16/09/2025 10:00","BZN|BG","3760.09","3862.00"
"16/09/2025 10:00 - 16/09/2025 11:00","BZN|BG","3801.95","3993.00"
"16/09/2025 11:00 - 16/09/2025 12:00","BZN|BG","3833.67","4035.00"
"16/09/2025 12:00 - 16/09/2025 13:00","BZN|BG","3887.83","4105.00"
"16/09/2025 13:00 - 16/09/2025 14:00","BZN|BG","3915.75","4068.00"
"16/09/2025 14:00 - 16/09/2025 15:00","BZN|BG","3914.00","4029.00"
"16/09/2025 15:00 - 16/09/2025 16:00","BZN|BG","3854.61","4002.00"
"16/09/2025 16:00 - 16/09/2025 17:00","BZN|BG","3909.01","3987.00"
"16/09/2025 17:00 - 16/09/2025 18:00","BZN|BG","4037.90","4143.00"
"16/09/2025 18:00 - 16/09/2025 19:00","BZN|BG","4101.25","4202.00"
"16/09/2025 19:00 - 16/09/2025 20:00","BZN|BG","4124.93","4201.00"
"16/09/2025 20:00 - 16/09/2025 21:00","BZN|BG","3924.72","3918.00"
"16/09/2025 21:00 - 16/09/2025 22:00","BZN|BG","3673.70","3668.00"
"16/09/2025 22:00 - 16/09/2025 23:00","BZN|BG","3374.29","3396.00"
"16/09/2025 23:00 - 17/09/2025 00:00","BZN|BG","3104.72","3174.00"
"17/09/2025 00:00 - 17/09/2025 01:00","BZN|BG","2914.59","2972.00"
"17/09/2025 01:00 - 17/09/2025 02:00","BZN|BG","2848.75","2869.00"
"17/09/2025 02:00 - 17/09/2025 03:00","BZN|BG","2900.74","2852.00"
"17/09/2025 03:00 - 17/09/2025 04:00","BZN|BG","3054.72","2904.00"
"17/09/2025 04:00 - 17/09/2025 05:00","BZN|BG","3064.64","2963.00"
"17/09/2025 05:00 - 17/09/2025 06:00","BZN|BG","3374.28","3171.00"
"17/09/2025 06:00 - 17/09/2025 07:00","BZN|BG","3617.41","3390.00"
"17/09/2025 07:00 - 17/09/2025 08:00","BZN|BG","3809.25","3615.00"
"17/09/2025 08:00 - 17/09/2025 09:00","BZN|BG","3924.44","3708.00"
"17/09/2025 09:00 - 17/09/2025 10:00","BZN|BG","3960.33","3710.00"
"17/09/2025 10:00 - 17/09/2025 11:00","BZN|BG","3986.19","3825.00"
"17/09/2025 11:00 - 17/09/2025 12:00","BZN|BG","3971.67","3873.00"
"17/09/2025 12:00 - 17/09/2025 13:00","BZN|BG","4156.98","3942.00"
"17/09/2025 13:00 - 17/09/2025 14:00","BZN|BG","4161.51","3894.00"
"17/09/2025 14:00 - 17/09/2025 15:00","BZN|BG","4018.07","3841.00"
"17/09/2025 15:00 - 17/09/2025 16:00","BZN|BG","3934.84","3814.00"
"17/09/2025 16:00 - 17/09/2025 17:00","BZN|BG","3885.16","3786.00"
"17/09/2025 17:00 - 17/09/2025 18:00","BZN|BG","3966.72","4033.00"
"17/09/2025 18:00 - 17/09/2025 19:00","BZN|BG","4062.18","4161.00"
"17/09/2025 19:00 - 17/09/2025 20:00","BZN|BG","4028.96","4171.00"
"17/09/2025 20:00 - 17/09/2025 21:00","BZN|BG","3818.64","3919.00"
"17/09/2025 21:00 - 17/09/2025 22:00","BZN|BG","3596.30","3698.00"
"17/09/2025 22:00 - 17/09/2025 23:00","BZN|BG","3343.53","3461.00"
"17/09/2025 23:00 - 18/09/2025 00:00","BZN|BG","3115.48","3103.00"
"18/09/2025 00:00 - 18/09/2025 01:00","BZN|BG","2901.63","2958.00"
"18/09/2025 01:00 - 18/09/2025 02:00","BZN|BG","2808.11","2874.00"
"18/09/2025 02:00 - 18/09/2025 03:00","BZN|BG","2922.18","2860.00"
"18/09/2025 03:00 - 18/09/2025 04:00","BZN|BG","2940.70","2921.00"
"18/09/2025 04:00 - 18/09/2025 05:00","BZN|BG","2999.43","2976.00"
"18/09/2025 05:00 - 18/09/2025 06:00","BZN|BG","3356.43","3208.00"
"18/09/2025 06:00 - 18/09/2025 07:00","BZN|BG","3623.01","3473.00"
"18/09/2025 07:00 - 18/09/2025 08:00","BZN|BG","3793.36","3723.00"
"18/09/2025 08:00 - 18/09/2025 09:00","BZN|BG","3870.06","3792.00"
"18/09/2025 09:00 - 18/09/2025 10:00","BZN|BG","3816.31","3741.00"
"18/09/2025 10:00 - 18/09/2025 11:00","BZN|BG","3784.71","3872.00"
"18/09/2025 11:00 - 18/09/2025 12:00","BZN|BG","3830.81","3958.00"
"18/09/2025 12:00 - 18/09/2025 13:00","BZN|BG","3770.07","4011.00"
"18/09/2025 13:00 - 18/09/2025 14:00","BZN|BG","3841.57","3978.00"
"18/09/2025 14:00 - 18/09/2025 15:00","BZN|BG","3727.70","3913.00"
"18/09/2025 15:00 - 18/09/2025 16:00","BZN|BG","3733.94","3869.00"
"18/09/2025 16:00 - 18/09/2025 17:00","BZN|BG","3774.54","3814.00"
"18/09/2025 17:00 - 18/09/2025 18:00","BZN|BG","3898.02","4057.00"
"18/09/2025 18:00 - 18/09/2025 19:00","BZN|BG","4020.42","4093.00"
"18/09/2025 19:00 - 18/09/2025 20:00","BZN|BG","4073.83","4155.00"
"18/09/2025 20:00 - 18/09/2025 21:00","BZN|BG","3850.67","3880.00"
"18/09/2025 21:00 - 18/09/2025 22:00","BZN|BG","3604.86","3664.00"
"18/09/2025 22:00 - 18/09/2025 23:00","BZN|BG","3397.55","3410.00"
"18/09/2025 23:00 - 19/09/2025 00:00","BZN|BG","3096.65","3169.00"
"19/09/2025 00:00 - 19/09/2025 01:00","BZN|BG","2931.09","2976.00"
"19/09/2025 01:00 - 19/09/2025 02:00","BZN|BG","2835.94","2879.00"
"19/09/2025 02:00 - 19/09/2025 03:00","BZN|BG","2930.69","2861.00"
"19/09/2025 03:00 - 19/09/2025 04:00","BZN|BG","2906.61","2910.00"
"19/09/2025 04:00 - 19/09/2025 05:00","BZN|BG","2999.73","2966.00"
"19/09/2025 05:00 - 19/09/2025 06:00","BZN|BG","3340.00","3172.00"
"19/09/2025 06:00 - 19/09/2025 07:00","BZN|BG","3610.32","3375.00"
"19/09/2025 07:00 - 19/09/2025 08:00","BZN|BG","3787.17","3567.00"
"19/09/2025 08:00 - 19/09/2025 09:00","BZN|BG","3852.90","3633.00"
"19/09/2025 09:00 - 19/09/2025 10:00","BZN|BG","3766.94","3658.00"
"19/09/2025 10:00 - 19/09/2025 11:00","BZN|BG","3693.53","3761.00"
"19/09/2025 11:00 - 19/09/2025 12:00","BZN|BG","3711.87","3794.00"
"19/09/2025 12:00 - 19/09/2025 13:00","BZN|BG","3745.53","3816.00"
"19/09/2025 13:00 - 19/09/2025 14:00","BZN|BG","3798.08","3794.00"
"19/09/2025 14:00 - 19/09/2025 15:00","BZN|BG","3723.74","3763.00"
"19/09/2025 15:00 - 19/09/2025 16:00","BZN|BG","3714.52","3743.00"
"19/09/2025 16:00 - 19/09/2025 17:00","BZN|BG","3752.10","3714.00"
"19/09/2025 17:00 - 19/09/2025 18:00","BZN|BG","3883.90","3884.00"
"19/09/2025 18:00 - 19/09/2025 19:00","BZN|BG","3948.04","4000.00"
"19/09/2025 19:00 - 19/09/2025 20:00","BZN|BG","3943.67","4044.00"
"19/09/2025 20:00 - 19/09/2025 21:00","BZN|BG","3724.89","3822.00"
"19/09/2025 21:00 - 19/09/2025 22:00","BZN|BG","3521.21","3647.00"
"19/09/2025 22:00 - 19/09/2025 23:00","BZN|BG","3330.53","3421.00"
"19/09/2025 23:00 - 20/09/2025 00:00","BZN|BG","3097.95","3150.00"
"20/09/2025 00:00 - 20/09/2025 01:00","BZN|BG","2887.83","2956.00"
"20/09/2025 01:00 - 20/09/2025 02:00","BZN|BG","2775.95","2851.00"
"20/09/2025 02:00 - 20/09/2025 03:00","BZN|BG","2753.61","2797.00"
"20/09/2025 03:00 - 20/09/2025 04:00","BZN|BG","2743.25","2769.00"
"20/09/2025 04:00 - 20/09/2025 05:00","BZN|BG","2774.67","2792.00"
"20/09/2025 05:00 - 20/09/2025 06:00","BZN|BG","2933.70","2918.00"
"20/09/2025 06:00 - 20/09/2025 07:00","BZN|BG","3094.80","3060.00"
"20/09/2025 07:00 - 20/09/2025 08:00","BZN|BG","3389.76","3308.00"
"20/09/2025 08:00 - 20/09/2025 09:00","BZN|BG","3524.95","3488.00"
"20/09/2025 09:00 - 20/09/2025 10:00","BZN|BG","3585.23","3579.00"
"20/09/2025 10:00 - 20/09/2025 11:00","BZN|BG","3616.76","3615.00"
"20/09/2025 11:00 - 20/09/2025 12:00","BZN|BG","3652.80","3686.00"
"20/09/2025 12:00 - 20/09/2025 13:00","BZN|BG","3813.46","3713.00"
"20/09/2025 13:00 - 20/09/2025 14:00","BZN|BG","3787.52","3686.00"
"20/09/2025 14:00 - 20/09/2025 15:00","BZN|BG","3647.14","3664.00"
"20/09/2025 15:00 - 20/09/2025 16:00","BZN|BG","3569.35","3634.00"
"20/09/2025 16:00 - 20/09/2025 17:00","BZN|BG","3571.20","3709.00"
"20/09/2025 17:00 - 20/09/2025 18:00","BZN|BG","3652.56","3821.00"
"20/09/2025 18:00 - 20/09/2025 19:00","BZN|BG","3728.76","3800.00"
"20/09/2025 19:00 - 20/09/2025 20:00","BZN|BG","3724.00","3857.00"
"20/09/2025 20:00 - 20/09/2025 21:00","BZN|BG","3522.64","3630.00"
"20/09/2025 21:00 - 20/09/2025 22:00","BZN|BG","3356.86","3454.00"
"20/09/2025 22:00 - 20/09/2025 23:00","BZN|BG","3194.86","3288.00"
"20/09/2025 23:00 - 21/09/2025 00:00","BZN|BG","2997.22","3046.00"
"21/09/2025 00:00 - 21/09/2025 01:00","BZN|BG","2794.54","2891.00"
"21/09/2025 01:00 - 21/09/2025 02:00","BZN|BG","2703.08","2790.00"
"21/09/2025 02:00 - 21/09/2025 03:00","BZN|BG","2668.49","2736.00"
"21/09/2025 03:00 - 21/09/2025 04:00","BZN|BG","2644.63","2714.00"
"21/09/2025 04:00 - 21/09/2025 05:00","BZN|BG","2686.09","2734.00"
"21/09/2025 05:00 - 21/09/2025 06:00","BZN|BG","2820.32","2860.00"
"21/09/2025 06:00 - 21/09/2025 07:00","BZN|BG","2949.14","2990.00"
"21/09/2025 07:00 - 21/09/2025 08:00","BZN|BG","3222.45","3246.00"
"21/09/2025 08:00 - 21/09/2025 09:00","BZN|BG","3454.42","3509.00"
"21/09/2025 09:00 - 21/09/2025 10:00","BZN|BG","3525.73","3540.00"
"21/09/2025 10:00 - 21/09/2025 11:00","BZN|BG","3590.10","3589.00"
"21/09/2025 11:00 - 21/09/2025 12:00","BZN|BG","3723.79","3633.00"
"21/09/2025 12:00 - 21/09/2025 13:00","BZN|BG","3846.77","3633.00"
"21/09/2025 13:00 - 21/09/2025 14:00","BZN|BG","3796.88","3574.00"
"21/09/2025 14:00 - 21/09/2025 15:00","BZN|BG","3569.75","3575.00"
"21/09/2025 15:00 - 21/09/2025 16:00","BZN|BG","3504.68","3577.00"
"21/09/2025 16:00 - 21/09/2025 17:00","BZN|BG","3623.25","3656.00"
"21/09/2025 17:00 - 21/09/2025 18:00","BZN|BG","3664.39","3743.00"
"21/09/2025 18:00 - 21/09/2025 19:00","BZN|BG","3706.20","3893.00"
"21/09/2025 19:00 - 21/09/2025 20:00","BZN|BG","3694.41","3940.00"
"21/09/2025 20:00 - 21/09/2025 21:00","BZN|BG","3498.74","3736.00"
"21/09/2025 21:00 - 21/09/2025 22:00","BZN|BG","3353.49","3521.00"
"21/09/2025 22:00 - 21/09/2025 23:00","BZN|BG","3122.32","3300.00"
"21/09/2025 23:00 - 22/09/2025 00:00","BZN|BG","2911.87","3023.00"
"22/09/2025 00:00 - 22/09/2025 01:00","BZN|BG","2756.45","2725.00"
"22/09/2025 01:00 - 22/09/2025 02:00","BZN|BG","2645.68","2680.00"
"22/09/2025 02:00 - 22/09/2025 03:00","BZN|BG","2600.55","2772.00"
"22/09/2025 03:00 - 22/09/2025 04:00","BZN|BG","2585.22","2773.00"
"22/09/2025 04:00 - 22/09/2025 05:00","BZN|BG","2654.33","2787.00"
"22/09/2025 05:00 - 22/09/2025 06:00","BZN|BG","2782.30","3030.00"
"22/09/2025 06:00 - 22/09/2025 07:00","BZN|BG","2973.72","3296.00"
"22/09/2025 07:00 - 22/09/2025 08:00","BZN|BG","3295.89","3481.00"
"22/09/2025 08:00 - 22/09/2025 09:00","BZN|BG","3483.61","3503.00"
"22/09/2025 09:00 - 22/09/2025 10:00","BZN|BG","3510.26","3515.00"
"22/09/2025 10:00 - 22/09/2025 11:00","BZN|BG","3515.50","3570.00"
"22/09/2025 11:00 - 22/09/2025 12:00","BZN|BG","3578.12","3589.00"
"22/09/2025 12:00 - 22/09/2025 13:00","BZN|BG","3573.53","3648.00"
"22/09/2025 13:00 - 22/09/2025 14:00","BZN|BG","3538.00","3648.00"
"22/09/2025 14:00 - 22/09/2025 15:00","BZN|BG","3481.59","3648.00"
"22/09/2025 15:00 - 22/09/2025 16:00","BZN|BG","3490.67","3531.00"
"22/09/2025 16:00 - 22/09/2025 17:00","BZN|BG","3607.04","3605.00"
"22/09/2025 17:00 - 22/09/2025 18:00","BZN|BG","3761.08","3745.00"
"22/09/2025 18:00 - 22/09/2025 19:00","BZN|BG","3899.72","3876.00"
"22/09/2025 19:00 - 22/09/2025 20:00","BZN|BG","3919.62","3882.00"
"22/09/2025 20:00 - 22/09/2025 21:00","BZN|BG","3708.39","3685.00"
"22/09/2025 21:00 - 22/09/2025 22:00","BZN|BG","3476.07","3497.00"
"22/09/2025 22:00 - 22/09/2025 23:00","BZN|BG","3221.85","3254.00"
"22/09/2025 23:00 - 23/09/2025 00:00","BZN|BG","2946.40","2968.00"
"23/09/2025 00:00 - 23/09/2025 01:00","BZN|BG","2787.77","2775.00"
"23/09/2025 01:00 - 23/09/2025 02:00","BZN|BG","2693.81","2697.00"
"23/09/2025 02:00 - 23/09/2025 03:00","BZN|BG","2751.65","2759.00"
"23/09/2025 03:00 - 23/09/2025 04:00","BZN|BG","2806.77","2811.00"
"23/09/2025 04:00 - 23/09/2025 05:00","BZN|BG","2894.27","2854.00"
"23/09/2025 05:00 - 23/09/2025 06:00","BZN|BG","3220.39","3140.00"
"23/09/2025 06:00 - 23/09/2025 07:00","BZN|BG","3518.89","3436.00"
"23/09/2025 07:00 - 23/09/2025 08:00","BZN|BG","3700.85","3632.00"
"23/09/2025 08:00 - 23/09/2025 09:00","BZN|BG","3755.44","3678.00"
"23/09/2025 09:00 - 23/09/2025 10:00","BZN|BG","3709.04","3692.00"
"23/09/2025 10:00 - 23/09/2025 11:00","BZN|BG","3696.03","3716.00"
"23/09/2025 11:00 - 23/09/2025 12:00","BZN|BG","3745.00","3742.00"
"23/09/2025 12:00 - 23/09/2025 13:00","BZN|BG","3809.85","3797.00"
"23/09/2025 13:00 - 23/09/2025 14:00","BZN|BG","3736.48","3796.00"
"23/09/2025 14:00 - 23/09/2025 15:00","BZN|BG","3664.23","3771.00"
"23/09/2025 15:00 - 23/09/2025 16:00","BZN|BG","3691.80","3745.00"
"23/09/2025 16:00 - 23/09/2025 17:00","BZN|BG","3771.79","3790.00"
"23/09/2025 17:00 - 23/09/2025 18:00","BZN|BG","3955.64","3920.00"
"23/09/2025 18:00 - 23/09/2025 19:00","BZN|BG","4105.48","4047.00"
"23/09/2025 19:00 - 23/09/2025 20:00","BZN|BG","4081.25","4071.00"
"23/09/2025 20:00 - 23/09/2025 21:00","BZN|BG","3858.95","3798.00"
"23/09/2025 21:00 - 23/09/2025 22:00","BZN|BG","3605.32","3586.00"
"23/09/2025 22:00 - 23/09/2025 23:00","BZN|BG","3360.23","3300.00"
"23/09/2025 23:00 - 24/09/2025 00:00","BZN|BG","3084.20","3033.00"
"24/09/2025 00:00 - 24/09/2025 01:00","BZN|BG","2915.96","2763.00"
"24/09/2025 01:00 - 24/09/2025 02:00","BZN|BG","2890.16","2658.00"
"24/09/2025 02:00 - 24/09/2025 03:00","BZN|BG","2959.54","2719.00"
"24/09/2025 03:00 - 24/09/2025 04:00","BZN|BG","3025.93","2766.00"
"24/09/2025 04:00 - 24/09/2025 05:00","BZN|BG","2986.18","2833.00"
"24/09/2025 05:00 - 24/09/2025 06:00","BZN|BG","3286.54","3145.00"
"24/09/2025 06:00 - 24/09/2025 07:00","BZN|BG","3580.44","3447.00"
"24/09/2025 07:00 - 24/09/2025 08:00","BZN|BG","3752.96","3618.00"
"24/09/2025 08:00 - 24/09/2025 09:00","BZN|BG","3786.24","3640.00"
"24/09/2025 09:00 - 24/09/2025 10:00","BZN|BG","3685.03","3667.00"
"24/09/2025 10:00 - 24/09/2025 11:00","BZN|BG","3763.40","3665.00"
"24/09/2025 11:00 - 24/09/2025 12:00","BZN|BG","3805.63","3692.00"
"24/09/2025 12:00 - 24/09/2025 13:00","BZN|BG","3883.93","3746.00"
"24/09/2025 13:00 - 24/09/2025 14:00","BZN|BG","3862.18","3777.00"
"24/09/2025 14:00 - 24/09/2025 15:00","BZN|BG","3738.46","3647.00"
"24/09/2025 15:00 - 24/09/2025 16:00","BZN|BG","3728.51","3484.00"
"24/09/2025 16:00 - 24/09/2025 17:00","BZN|BG","3784.34","3562.00"
"24/09/2025 17:00 - 24/09/2025 18:00","BZN|BG","3947.16","3755.00"
"24/09/2025 18:00 - 24/09/2025 19:00","BZN|BG","4130.10","3960.00"
"24/09/2025 19:00 - 24/09/2025 20:00","BZN|BG","4102.78","4004.00"
"24/09/2025 20:00 - 24/09/2025 21:00","BZN|BG","3866.68","3731.00"
"24/09/2025 21:00 - 24/09/2025 22:00","BZN|BG","3614.30","3529.00"
"24/09/2025 22:00 - 24/09/2025 23:00","BZN|BG","3350.52","3229.00"
"24/09/2025 23:00 - 25/09/2025 00:00","BZN|BG","3123.83","3110.00"
"25/09/2025 00:00 - 25/09/2025 01:00","BZN|BG","2925.82","2897.00"
"25/09/2025 01:00 - 25/09/2025 02:00","BZN|BG","2864.50","2820.00"
"25/09/2025 02:00 - 25/09/2025 03:00","BZN|BG","2950.25","2875.00"
"25/09/2025 03:00 - 25/09/2025 04:00","BZN|BG","2918.65","2911.00"
"25/09/2025 04:00 - 25/09/2025 05:00","BZN|BG","2941.32","2962.00"
"25/09/2025 05:00 - 25/09/2025 06:00","BZN|BG","3318.28","3318.00"
"25/09/2025 06:00 - 25/09/2025 07:00","BZN|BG","3601.19","3588.00"
"25/09/2025 07:00 - 25/09/2025 08:00","BZN|BG","3824.00","3763.00"
"25/09/2025 08:00 - 25/09/2025 09:00","BZN|BG","3891.59","3836.00"
"25/09/2025 09:00 - 25/09/2025 10:00","BZN|BG","3854.98","3767.00"
"25/09/2025 10:00 - 25/09/2025 11:00","BZN|BG","3925.51","3762.00"
"25/09/2025 11:00 - 25/09/2025 12:00","BZN|BG","3913.94","3816.00"
"25/09/2025 12:00 - 25/09/2025 13:00","BZN|BG","4006.05","3860.00"
"25/09/2025 13:00 - 25/09/2025 14:00","BZN|BG","3949.51","3860.00"
"25/09/2025 14:00 - 25/09/2025 15:00","BZN|BG","3801.00","3818.00"
"25/09/2025 15:00 - 25/09/2025 16:00","BZN|BG","3820.00","3722.00"
"25/09/2025 16:00 - 25/09/2025 17:00","BZN|BG","3849.45","3806.00"
"25/09/2025 17:00 - 25/09/2025 18:00","BZN|BG","4008.95","3962.00"
"25/09/2025 18:00 - 25/09/2025 19:00","BZN|BG","4135.54","4103.00"
"25/09/2025 19:00 - 25/09/2025 20:00","BZN|BG","4056.32","4141.00"
"25/09/2025 20:00 - 25/09/2025 21:00","BZN|BG","3837.36","3895.00"
"25/09/2025 21:00 - 25/09/2025 22:00","BZN|BG","3623.60","3629.00"
"25/09/2025 22:00 - 25/09/2025 23:00","BZN|BG","3389.82","3370.00"
"25/09/2025 23:00 - 26/09/2025 00:00","BZN|BG","3091.99","3103.00"
"26/09/2025 00:00 - 26/09/2025 01:00","BZN|BG","2916.16","2959.00"
"26/09/2025 01:00 - 26/09/2025 02:00","BZN|BG","2835.19","2848.00"
"26/09/2025 02:00 - 26/09/2025 03:00","BZN|BG","2920.94","2907.00"
"26/09/2025 03:00 - 26/09/2025 04:00","BZN|BG","2930.59","2949.00"
"26/09/2025 04:00 - 26/09/2025 05:00","BZN|BG","2986.30","2999.00"
"26/09/2025 05:00 - 26/09/2025 06:00","BZN|BG","3366.04","3310.00"
"26/09/2025 06:00 - 26/09/2025 07:00","BZN|BG","3694.13","3578.00"
"26/09/2025 07:00 - 26/09/2025 08:00","BZN|BG","3959.00","3741.00"
"26/09/2025 08:00 - 26/09/2025 09:00","BZN|BG","4076.06","3791.00"
"26/09/2025 09:00 - 26/09/2025 10:00","BZN|BG","4020.78","3734.00"
"26/09/2025 10:00 - 26/09/2025 11:00","BZN|BG","4031.98","3723.00"
"26/09/2025 11:00 - 26/09/2025 12:00","BZN|BG","4006.94","3737.00"
"26/09/2025 12:00 - 26/09/2025 13:00","BZN|BG","4013.62","3800.00"
"26/09/2025 13:00 - 26/09/2025 14:00","BZN|BG","4059.28","3783.00"
"26/09/2025 14:00 - 26/09/2025 15:00","BZN|BG","3829.20","3703.00"
"26/09/2025 15:00 - 26/09/2025 16:00","BZN|BG","3816.54","3728.00"
"26/09/2025 16:00 - 26/09/2025 17:00","BZN|BG","3888.58","3781.00"
"26/09/2025 17:00 - 26/09/2025 18:00","BZN|BG","3939.77","3937.00"
"26/09/2025 18:00 - 26/09/2025 19:00","BZN|BG","4085.19","4080.00"
"26/09/2025 19:00 - 26/09/2025 20:00","BZN|BG","3958.90","4052.00"
"26/09/2025 20:00 - 26/09/2025 21:00","BZN|BG","3727.08","3790.00"
"26/09/2025 21:00 - 26/09/2025 22:00","BZN|BG","3557.75","3602.00"
"26/09/2025 22:00 - 26/09/2025 23:00","BZN|BG","3376.44","3320.00"
"26/09/2025 23:00 - 27/09/2025 00:00","BZN|BG","3130.71","3010.00"
"27/09/2025 00:00 - 27/09/2025 01:00","BZN|BG","2905.39","2800.00"
"27/09/2025 01:00 - 27/09/2025 02:00","BZN|BG","2801.09","2687.00"
"27/09/2025 02:00 - 27/09/2025 03:00","BZN|BG","2755.96","2665.00"
"27/09/2025 03:00 - 27/09/2025 04:00","BZN|BG","2760.46","2655.00"
"27/09/2025 04:00 - 27/09/2025 05:00","BZN|BG","2812.50","2690.00"
"27/09/2025 05:00 - 27/09/2025 06:00","BZN|BG","2993.13","2866.00"
"27/09/2025 06:00 - 27/09/2025 07:00","BZN|BG","3170.53","3045.00"
"27/09/2025 07:00 - 27/09/2025 08:00","BZN|BG","3470.08","3373.00"
"27/09/2025 08:00 - 27/09/2025 09:00","BZN|BG","3643.58","3523.00"
"27/09/2025 09:00 - 27/09/2025 10:00","BZN|BG","3703.14","3590.00"
"27/09/2025 10:00 - 27/09/2025 11:00","BZN|BG","3745.22","3626.00"
"27/09/2025 11:00 - 27/09/2025 12:00","BZN|BG","3799.95","3666.00"
"27/09/2025 12:00 - 27/09/2025 13:00","BZN|BG","3827.28","3844.00"
"27/09/2025 13:00 - 27/09/2025 14:00","BZN|BG","3782.82","3825.00"
"27/09/2025 14:00 - 27/09/2025 15:00","BZN|BG","3595.57","3722.00"
"27/09/2025 15:00 - 27/09/2025 16:00","BZN|BG","3548.38","3664.00"
"27/09/2025 16:00 - 27/09/2025 17:00","BZN|BG","3627.95","3667.00"
"27/09/2025 17:00 - 27/09/2025 18:00","BZN|BG","3761.33","3806.00"
"27/09/2025 18:00 - 27/09/2025 19:00","BZN|BG","3876.78","3936.00"
"27/09/2025 19:00 - 27/09/2025 20:00","BZN|BG","3775.25","3929.00"
"27/09/2025 20:00 - 27/09/2025 21:00","BZN|BG","3592.54","3609.00"
"27/09/2025 21:00 - 27/09/2025 22:00","BZN|BG","3429.70","3346.00"
"27/09/2025 22:00 - 27/09/2025 23:00","BZN|BG","3275.18","3090.00"
"27/09/2025 23:00 - 28/09/2025 00:00","BZN|BG","3032.64","2937.00"
"28/09/2025 00:00 - 28/09/2025 01:00","BZN|BG","2848.99","2748.00"
"28/09/2025 01:00 - 28/09/2025 02:00","BZN|BG","2745.71","2663.00"
"28/09/2025 02:00 - 28/09/2025 03:00","BZN|BG","2714.56","2631.00"
"28/09/2025 03:00 - 28/09/2025 04:00","BZN|BG","2706.54","2609.00"
"28/09/2025 04:00 - 28/09/2025 05:00","BZN|BG","2726.16","2649.00"
"28/09/2025 05:00 - 28/09/2025 06:00","BZN|BG","2896.14","2781.00"
"28/09/2025 06:00 - 28/09/2025 07:00","BZN|BG","3040.04","2907.00"
"28/09/2025 07:00 - 28/09/2025 08:00","BZN|BG","3351.09","3174.00"
"28/09/2025 08:00 - 28/09/2025 09:00","BZN|BG","3570.92","3401.00"
"28/09/2025 09:00 - 28/09/2025 10:00","BZN|BG","3653.01","3471.00"
"28/09/2025 10:00 - 28/09/2025 11:00","BZN|BG","3685.60","3534.00"
"28/09/2025 11:00 - 28/09/2025 12:00","BZN|BG","3775.69","3665.00"
"28/09/2025 12:00 - 28/09/2025 13:00","BZN|BG","3884.16","3785.00"
"28/09/2025 13:00 - 28/09/2025 14:00","BZN|BG","3939.90","3748.00"
"28/09/2025 14:00 - 28/09/2025 15:00","BZN|BG","3891.87","3580.00"
"28/09/2025 15:00 - 28/09/2025 16:00","BZN|BG","3704.91","3532.00"
"28/09/2025 16:00 - 28/09/2025 17:00","BZN|BG","3838.71","3782.00"
"28/09/2025 17:00 - 28/09/2025 18:00","BZN|BG","3980.98","3868.00"
"28/09/2025 18:00 - 28/09/2025 19:00","BZN|BG","4140.87","3957.00"
"28/09/2025 19:00 - 28/09/2025 20:00","BZN|BG","4042.16","3941.00"
"28/09/2025 20:00 - 28/09/2025 21:00","BZN|BG","3828.83","3674.00"
"28/09/2025 21:00 - 28/09/2025 22:00","BZN|BG","3616.45","3476.00"
"28/09/2025 22:00 - 28/09/2025 23:00","BZN|BG","3372.81","3161.00"
"28/09/2025 23:00 - 29/09/2025 00:00","BZN|BG","3214.16","3280.00"
"29/09/2025 00:00 - 29/09/2025 01:00","BZN|BG","2949.55","3065.00"
"29/09/2025 01:00 - 29/09/2025 02:00","BZN|BG","2825.98","2912.00"
"29/09/2025 02:00 - 29/09/2025 03:00","BZN|BG","2796.47","2849.00"
"29/09/2025 03:00 - 29/09/2025 04:00","BZN|BG","2936.61","2828.00"
"29/09/2025 04:00 - 29/09/2025 05:00","BZN|BG","3063.78","2928.00"
"29/09/2025 05:00 - 29/09/2025 06:00","BZN|BG","3431.09","3112.00"
"29/09/2025 06:00 - 29/09/2025 07:00","BZN|BG","3748.87","3387.00"
"29/09/2025 07:00 - 29/09/2025 08:00","BZN|BG","4035.65","3850.00"
"29/09/2025 08:00 - 29/09/2025 09:00","BZN|BG","4230.73","4119.00"
"29/09/2025 09:00 - 29/09/2025 10:00","BZN|BG","4212.87","4158.00"
"29/09/2025 10:00 - 29/09/2025 11:00","BZN|BG","4346.07","4165.00"
"29/09/2025 11:00 - 29/09/2025 12:00","BZN|BG","4267.50","4255.00"
"29/09/2025 12:00 - 29/09/2025 13:00","BZN|BG","4364.19","4234.00"
"29/09/2025 13:00 - 29/09/2025 14:00","BZN|BG","4366.45","4073.00"
"29/09/2025 14:00 - 29/09/2025 15:00","BZN|BG","4291.23","3818.00"
"29/09/2025 15:00 - 29/09/2025 16:00","BZN|BG","4078.24","3826.00"
"29/09/2025 16:00 - 29/09/2025 17:00","BZN|BG","4063.60","3930.00"
"29/09/2025 17:00 - 29/09/2025 18:00","BZN|BG","4259.84","4068.00"
"29/09/2025 18:00 - 29/09/2025 19:00","BZN|BG","4418.56","4192.00"
"29/09/2025 19:00 - 29/09/2025 20:00","BZN|BG","4325.29","4210.00"
"29/09/2025 20:00 - 29/09/2025 21:00","BZN|BG","4117.28","4026.00"
"29/09/2025 21:00 - 29/09/2025 22:00","BZN|BG","3846.77","3824.00"
"29/09/2025 22:00 - 29/09/2025 23:00","BZN|BG","3576.52","3603.00"
"29/09/2025 23:00 - 30/09/2025 00:00","BZN|BG","3317.11","3178.00"
"30/09/2025 00:00 - 30/09/2025 01:00","BZN|BG","3093.71","2967.00"
"30/09/2025 01:00 - 30/09/2025 02:00","BZN|BG","3094.66","2839.00"
"30/09/2025 02:00 - 30/09/2025 03:00","BZN|BG","3054.65","2950.00"
"30/09/2025 03:00 - 30/09/2025 04:00","BZN|BG","3182.74","2954.00"
"30/09/2025 04:00 - 30/09/2025 05:00","BZN|BG","3170.17","3027.00"
"30/09/2025 05:00 - 30/09/2025 06:00","BZN|BG","3594.07","3457.00"
"30/09/2025 06:00 - 30/09/2025 07:00","BZN|BG","3927.01","3855.00"
"30/09/2025 07:00 - 30/09/2025 08:00","BZN|BG","4115.43","4157.00"
"30/09/2025 08:00 - 30/09/2025 09:00","BZN|BG","4105.30","4287.00"
"30/09/2025 09:00 - 30/09/2025 10:00","BZN|BG","4000.38","4246.00"
"30/09/2025 10:00 - 30/09/2025 11:00","BZN|BG","3978.39","4255.00"
"30/09/2025 11:00 - 30/09/2025 12:00","BZN|BG","3982.76","4259.00"
"30/09/2025 12:00 - 30/09/2025 13:00","BZN|BG","3922.97","4299.00"
"30/09/2025 13:00 - 30/09/2025 14:00","BZN|BG","3906.30","4265.00"
"30/09/2025 14:00 - 30/09/2025 15:00","BZN|BG","3821.29","3835.00"
"30/09/2025 15:00 - 30/09/2025 16:00","BZN|BG","3854.01","3884.00"
"30/09/2025 16:00 - 30/09/2025 17:00","BZN|BG","3967.69","3959.00"
"30/09/2025 17:00 - 30/09/2025 18:00","BZN|BG","4173.47","4166.00"
"30/09/2025 18:00 - 30/09/2025 19:00","BZN|BG","4415.71","4392.00"
"30/09/2025 19:00 - 30/09/2025 20:00","BZN|BG","4375.38","4312.00"
"30/09/2025 20:00 - 30/09/2025 21:00","BZN|BG","4176.95","3989.00"
"30/09/2025 21:00 - 30/09/2025 22:00","BZN|BG","3917.17","3693.00"
"30/09/2025 22:00 - 30/09/2025 23:00","BZN|BG","3606.09","3426.00"
"30/09/2025 23:00 - 01/10/2025 00:00","BZN|BG","3374.79","3386.00"
"01/10/2025 00:00 - 01/10/2025 01:00","BZN|BG","3097.54","3112.00"
"01/10/2025 01:00 - 01/10/2025 02:00","BZN|BG","3175.66","3010.00"
"01/10/2025 02:00 - 01/10/2025 03:00","BZN|BG","3202.82","3079.00"
"01/10/2025 03:00 - 01/10/2025 04:00","BZN|BG","3122.22","3102.00"
"01/10/2025 04:00 - 01/10/2025 05:00","BZN|BG","3272.18","3131.00"
"01/10/2025 05:00 - 01/10/2025 06:00","BZN|BG","3649.94","3451.00"
"01/10/2025 06:00 - 01/10/2025 07:00","BZN|BG","3934.27","3730.00"
"01/10/2025 07:00 - 01/10/2025 08:00","BZN|BG","4133.50","3924.00"
"01/10/2025 08:00 - 01/10/2025 09:00","BZN|BG","4139.90","3987.00"
"01/10/2025 09:00 - 01/10/2025 10:00","BZN|BG","4045.87","3932.00"
"01/10/2025 10:00 - 01/10/2025 11:00","BZN|BG","4017.26","3966.00"
"01/10/2025 11:00 - 01/10/2025 12:00","BZN|BG","4033.92","3979.00"
"01/10/2025 12:00 - 01/10/2025 13:00","BZN|BG","4092.81","4035.00"
"01/10/2025 13:00 - 01/10/2025 14:00","BZN|BG","3976.29","4016.00"
"01/10/2025 14:00 - 01/10/2025 15:00","BZN|BG","3902.46","3915.00"
"01/10/2025 15:00 - 01/10/2025 16:00","BZN|BG","4012.45","3925.00"
"01/10/2025 16:00 - 01/10/2025 17:00","BZN|BG","4087.37","4024.00"
"01/10/2025 17:00 - 01/10/2025 18:00","BZN|BG","4288.32","4258.00"
"01/10/2025 18:00 - 01/10/2025 19:00","BZN|BG","4542.68","4511.00"
"01/10/2025 19:00 - 01/10/2025 20:00","BZN|BG","4463.21","4434.00"
"01/10/2025 20:00 - 01/10/2025 21:00","BZN|BG","4278.79","4161.00"
"01/10/2025 21:00 - 01/10/2025 22:00","BZN|BG","4013.01","3894.00"
"01/10/2025 22:00 - 01/10/2025 23:00","BZN|BG","3723.44","3616.00"
"01/10/2025 23:00 - 02/10/2025 00:00","BZN|BG","3455.99","3465.00"
"02/10/2025 00:00 - 02/10/2025 01:00","BZN|BG","3197.58","3243.00"
"02/10/2025 01:00 - 02/10/2025 02:00","BZN|BG","3290.35","3180.00"
"02/10/2025 02:00 - 02/10/2025 03:00","BZN|BG","3311.59","3231.00"
"02/10/2025 03:00 - 02/10/2025 04:00","BZN|BG","3204.23","3276.00"
"02/10/2025 04:00 - 02/10/2025 05:00","BZN|BG","3253.98","3298.00"
"02/10/2025 05:00 - 02/10/2025 06:00","BZN|BG","3695.19","3656.00"
"02/10/2025 06:00 - 02/10/2025 07:00","BZN|BG","4068.80","3960.00"
"02/10/2025 07:00 - 02/10/2025 08:00","BZN|BG","4446.12","4164.00"
"02/10/2025 08:00 - 02/10/2025 09:00","BZN|BG","4693.65","4216.00"
"02/10/2025 09:00 - 02/10/2025 10:00","BZN|BG","4753.29","4148.00"
"02/10/2025 10:00 - 02/10/2025 11:00","BZN|BG","4957.33","4173.00"
"02/10/2025 11:00 - 02/10/2025 12:00","BZN|BG","4981.51","4185.00"
"02/10/2025 12:00 - 02/10/2025 13:00","BZN|BG","5074.96","4221.00"
"02/10/2025 13:00 - 02/10/2025 14:00","BZN|BG","5077.85","4193.00"
"02/10/2025 14:00 - 02/10/2025 15:00","BZN|BG","4917.86","4045.00"
"02/10/2025 15:00 - 02/10/2025 16:00","BZN|BG","4792.69","4065.00"
"02/10/2025 16:00 - 02/10/2025 17:00","BZN|BG","4855.45","4192.00"
"02/10/2025 17:00 - 02/10/2025 18:00","BZN|BG","5019.20","4468.00"
"02/10/2025 18:00 - 02/10/2025 19:00","BZN|BG","5125.10","4775.00"
"02/10/2025 19:00 - 02/10/2025 20:00","BZN|BG","4950.66","4707.00"
"02/10/2025 20:00 - 02/10/2025 21:00","BZN|BG","4716.31","4454.00"
"02/10/2025 21:00 - 02/10/2025 22:00","BZN|BG","4383.79","4192.00"
"02/10/2025 22:00 - 02/10/2025 23:00","BZN|BG","4022.69","3910.00"
"02/10/2025 23:00 - 03/10/2025 00:00","BZN|BG","3732.59","3847.00"
"03/10/2025 00:00 - 03/10/2025 01:00","BZN|BG","3477.84","3557.00"
"03/10/2025 01:00 - 03/10/2025 02:00","BZN|BG","3430.65","3451.00"
"03/10/2025 02:00 - 03/10/2025 03:00","BZN|BG","3524.68","3535.00"
"03/10/2025 03:00 - 03/10/2025 04:00","BZN|BG","3506.33","3594.00"
"03/10/2025 04:00 - 03/10/2025 05:00","BZN|BG","3583.13","3647.00"
"03/10/2025 05:00 - 03/10/2025 06:00","BZN|BG","4005.78","4166.00"
"03/10/2025 06:00 - 03/10/2025 07:00","BZN|BG","4443.42","4626.00"
"03/10/2025 07:00 - 03/10/2025 08:00","BZN|BG","4885.18","4912.00"
"03/10/2025 08:00 - 03/10/2025 09:00","BZN|BG","5195.72","5017.00"
"03/10/2025 09:00 - 03/10/2025 10:00","BZN|BG","5261.25","4939.00"
"03/10/2025 10:00 - 03/10/2025 11:00","BZN|BG","5399.65","4941.00"
"03/10/2025 11:00 - 03/10/2025 12:00","BZN|BG","5360.15","4933.00"
"03/10/2025 12:00 - 03/10/2025 13:00","BZN|BG","5431.59","4959.00"
"03/10/2025 13:00 - 03/10/2025 14:00","BZN|BG","5336.05","4993.00"
"03/10/2025 14:00 - 03/10/2025 15:00","BZN|BG","5159.87","4877.00"
"03/10/2025 15:00 - 03/10/2025 16:00","BZN|BG","4978.75","4896.00"
"03/10/2025 16:00 - 03/10/2025 17:00","BZN|BG","4924.33","4936.00"
"03/10/2025 17:00 - 03/10/2025 18:00","BZN|BG","5067.66","5044.00"
"03/10/2025 18:00 - 03/10/2025 19:00","BZN|BG","5194.06","5195.00"
"03/10/2025 19:00 - 03/10/2025 20:00","BZN|BG","5022.09","5110.00"
"03/10/2025 20:00 - 03/10/2025 21:00","BZN|BG","4794.09","4847.00"
"03/10/2025 21:00 - 03/10/2025 22:00","BZN|BG","4511.12","4573.00"
"03/10/2025 22:00 - 03/10/2025 23:00","BZN|BG","4189.24","4284.00"
"03/10/2025 23:00 - 04/10/2025 00:00","BZN|BG","3878.44","3702.00"
"04/10/2025 00:00 - 04/10/2025 01:00","BZN|BG","3667.83","3509.00"
"04/10/2025 01:00 - 04/10/2025 02:00","BZN|BG","3553.55","3419.00"
"04/10/2025 02:00 - 04/10/2025 03:00","BZN|BG","3492.81","3380.00"
"04/10/2025 03:00 - 04/10/2025 04:00","BZN|BG","3597.14","3386.00"
"04/10/2025 04:00 - 04/10/2025 05:00","BZN|BG","3591.33","3458.00"
"04/10/2025 05:00 - 04/10/2025 06:00","BZN|BG","3709.68","3706.00"
"04/10/2025 06:00 - 04/10/2025 07:00","BZN|BG","3917.63","3950.00"
"04/10/2025 07:00 - 04/10/2025 08:00","BZN|BG","4389.68","4362.00"
"04/10/2025 08:00 - 04/10/2025 09:00","BZN|BG","4695.28","4601.00"
"04/10/2025 09:00 - 04/10/2025 10:00","BZN|BG","4652.05","4683.00"
"04/10/2025 10:00 - 04/10/2025 11:00","BZN|BG","4681.48","4740.00"
"04/10/2025 11:00 - 04/10/2025 12:00","BZN|BG","4758.56","4816.00"
"04/10/2025 12:00 - 04/10/2025 13:00","BZN|BG","4783.85","4853.00"
"04/10/2025 13:00 - 04/10/2025 14:00","BZN|BG","4678.94","4835.00"
"04/10/2025 14:00 - 04/10/2025 15:00","BZN|BG","4552.54","4758.00"
"04/10/2025 15:00 - 04/10/2025 16:00","BZN|BG","4335.25","4739.00"
"04/10/2025 16:00 - 04/10/2025 17:00","BZN|BG","4416.38","4838.00"
"04/10/2025 17:00 - 04/10/2025 18:00","BZN|BG","4686.22","5005.00"
"04/10/2025 18:00 - 04/10/2025 19:00","BZN|BG","4837.46","5150.00"
"04/10/2025 19:00 - 04/10/2025 20:00","BZN|BG","4728.18","4959.00"
"04/10/2025 20:00 - 04/10/2025 21:00","BZN|BG","4494.55","4615.00"
"04/10/2025 21:00 - 04/10/2025 22:00","BZN|BG","4309.31","4308.00"
"04/10/2025 22:00 - 04/10/2025 23:00","BZN|BG","4115.52","4017.00"
"04/10/2025 23:00 - 05/10/2025 00:00","BZN|BG","3821.42","3868.00"
"05/10/2025 00:00 - 05/10/2025 01:00","BZN|BG","3598.95","3642.00"
"05/10/2025 01:00 - 05/10/2025 02:00","BZN|BG","3542.52","3515.00"
"05/10/2025 02:00 - 05/10/2025 03:00","BZN|BG","3426.25","3476.00"
"05/10/2025 03:00 - 05/10/2025 04:00","BZN|BG","3444.25","3466.00"
"05/10/2025 04:00 - 05/10/2025 05:00","BZN|BG","3555.43","3490.00"
"05/10/2025 05:00 - 05/10/2025 06:00","BZN|BG","3637.32","3694.00"
"05/10/2025 06:00 - 05/10/2025 07:00","BZN|BG","3775.23","3866.00"
"05/10/2025 07:00 - 05/10/2025 08:00","BZN|BG","4125.90","4238.00"
"05/10/2025 08:00 - 05/10/2025 09:00","BZN|BG","4338.37","4502.00"
"05/10/2025 09:00 - 05/10/2025 10:00","BZN|BG","4317.03","4600.00"
"05/10/2025 10:00 - 05/10/2025 11:00","BZN|BG","4182.48","4639.00"
"05/10/2025 11:00 - 05/10/2025 12:00","BZN|BG","4172.24","4747.00"
"05/10/2025 12:00 - 05/10/2025 13:00","BZN|BG","4194.24","4877.00"
"05/10/2025 13:00 - 05/10/2025 14:00","BZN|BG","4082.29","4877.00"
"05/10/2025 14:00 - 05/10/2025 15:00","BZN|BG","3946.82","4891.00"
"05/10/2025 15:00 - 05/10/2025 16:00","BZN|BG","3960.44","4553.00"
"05/10/2025 16:00 - 05/10/2025 17:00","BZN|BG","4128.49","4733.00"
"05/10/2025 17:00 - 05/10/2025 18:00","BZN|BG","4494.67","4924.00"
"05/10/2025 18:00 - 05/10/2025 19:00","BZN|BG","4792.34","5139.00"
"05/10/2025 19:00 - 05/10/2025 20:00","BZN|BG","4753.19","5012.00"
"05/10/2025 20:00 - 05/10/2025 21:00","BZN|BG","4517.88","4737.00"
"05/10/2025 21:00 - 05/10/2025 22:00","BZN|BG","4262.76","4464.00"
"05/10/2025 22:00 - 05/10/2025 23:00","BZN|BG","3946.74","4150.00"
"05/10/2025 23:00 - 06/10/2025 00:00","BZN|BG","3637.08","3759.00"
"06/10/2025 00:00 - 06/10/2025 01:00","BZN|BG","3327.35","3540.00"
"06/10/2025 01:00 - 06/10/2025 02:00","BZN|BG","3277.97","3437.00"
"06/10/2025 02:00 - 06/10/2025 03:00","BZN|BG","3420.02","3413.00"
"06/10/2025 03:00 - 06/10/2025 04:00","BZN|BG","3460.57","3511.00"
"06/10/2025 04:00 - 06/10/2025 05:00","BZN|BG","3495.56","3601.00"
"06/10/2025 05:00 - 06/10/2025 06:00","BZN|BG","3933.85","3859.00"
"06/10/2025 06:00 - 06/10/2025 07:00","BZN|BG","4302.58","4083.00"
"06/10/2025 07:00 - 06/10/2025 08:00","BZN|BG","4641.28","4284.00"
"06/10/2025 08:00 - 06/10/2025 09:00","BZN|BG","4871.23","4421.00"
"06/10/2025 09:00 - 06/10/2025 10:00","BZN|BG","4891.77","4409.00"
"06/10/2025 10:00 - 06/10/2025 11:00","BZN|BG","4910.81","4502.00"
"06/10/2025 11:00 - 06/10/2025 12:00","BZN|BG","4958.48","4447.00"
"06/10/2025 12:00 - 06/10/2025 13:00","BZN|BG","5115.28","4515.00"
"06/10/2025 13:00 - 06/10/2025 14:00","BZN|BG","4993.97","4516.00"
"06/10/2025 14:00 - 06/10/2025 15:00","BZN|BG","4989.86","4475.00"
"06/10/2025 15:00 - 06/10/2025 16:00","BZN|BG","4869.95","4359.00"
"06/10/2025 16:00 - 06/10/2025 17:00","BZN|BG","4920.13","4351.00"
"06/10/2025 17:00 - 06/10/2025 18:00","BZN|BG","5099.25","4673.00"
"06/10/2025 18:00 - 06/10/2025 19:00","BZN|BG","5233.73","4932.00"
"06/10/2025 19:00 - 06/10/2025 20:00","BZN|BG","5053.34","4859.00"
"06/10/2025 20:00 - 06/10/2025 21:00","BZN|BG","4830.31","4694.00"
"06/10/2025 21:00 - 06/10/2025 22:00","BZN|BG","4477.20","4480.00"
"06/10/2025 22:00 - 06/10/2025 23:00","BZN|BG","4140.64","4267.00"
"06/10/2025 23:00 - 07/10/2025 00:00","BZN|BG","3770.73","3743.00"
"07/10/2025 00:00 - 07/10/2025 01:00","BZN|BG","3546.53","3367.00"
"07/10/2025 01:00 - 07/10/2025 02:00","BZN|BG","3485.77","3365.00"
"07/10/2025 02:00 - 07/10/2025 03:00","BZN|BG","3543.09","3422.00"
"07/10/2025 03:00 - 07/10/2025 04:00","BZN|BG","3583.39","3383.00"
"07/10/2025 04:00 - 07/10/2025 05:00","BZN|BG","3658.88","3452.00"
"07/10/2025 05:00 - 07/10/2025 06:00","BZN|BG","4134.53","3993.00"
"07/10/2025 06:00 - 07/10/2025 07:00","BZN|BG","4562.45","4437.00"
"07/10/2025 07:00 - 07/10/2025 08:00","BZN|BG","4979.68","4811.00"
"07/10/2025 08:00 - 07/10/2025 09:00","BZN|BG","5216.49","5035.00"
"07/10/2025 09:00 - 07/10/2025 10:00","BZN|BG","5277.83","5085.00"
"07/10/2025 10:00 - 07/10/2025 11:00","BZN|BG","5308.96","5109.00"
"07/10/2025 11:00 - 07/10/2025 12:00","BZN|BG","5483.77","5102.00"
"07/10/2025 12:00 - 07/10/2025 13:00","BZN|BG","5645.02","5144.00"
"07/10/2025 13:00 - 07/10/2025 14:00","BZN|BG","5513.60","5127.00"
"07/10/2025 14:00 - 07/10/2025 15:00","BZN|BG","5443.40","5050.00"
"07/10/2025 15:00 - 07/10/2025 16:00","BZN|BG","5242.61","5050.00"
"07/10/2025 16:00 - 07/10/2025 17:00","BZN|BG","5205.38","5098.00"
"07/10/2025 17:00 - 07/10/2025 18:00","BZN|BG","5301.07","5184.00"
"07/10/2025 18:00 - 07/10/2025 19:00","BZN|BG","5425.27","5334.00"
"07/10/2025 19:00 - 07/10/2025 20:00","BZN|BG","5297.70","5133.00"
"07/10/2025 20:00 - 07/10/2025 21:00","BZN|BG","5040.13","4895.00"
"07/10/2025 21:00 - 07/10/2025 22:00","BZN|BG","4673.51","4532.00"
"07/10/2025 22:00 - 07/10/2025 23:00","BZN|BG","4309.31","4184.00"
"07/10/2025 23:00 - 08/10/2025 00:00","BZN|BG","3949.08","3807.00"
"08/10/2025 00:00 - 08/10/2025 01:00","BZN|BG","3707.85","3556.00"
"08/10/2025 01:00 - 08/10/2025 02:00","BZN|BG","3631.18","3497.00"
"08/10/2025 02:00 - 08/10/2025 03:00","BZN|BG","3711.09","3457.00"
"08/10/2025 03:00 - 08/10/2025 04:00","BZN|BG","3732.11","3504.00"
"08/10/2025 04:00 - 08/10/2025 05:00","BZN|BG","3797.22","3589.00"
"08/10/2025 05:00 - 08/10/2025 06:00","BZN|BG","4226.64","4124.00"
"08/10/2025 06:00 - 08/10/2025 07:00","BZN|BG","4639.52","4583.00"
"08/10/2025 07:00 - 08/10/2025 08:00","BZN|BG","4933.85","4970.00"
"08/10/2025 08:00 - 08/10/2025 09:00","BZN|BG","5056.90","5148.00"
"08/10/2025 09:00 - 08/10/2025 10:00","BZN|BG","5085.96","5125.00"
"08/10/2025 10:00 - 08/10/2025 11:00","BZN|BG","5076.93","5218.00"
"08/10/2025 11:00 - 08/10/2025 12:00","BZN|BG","5105.74","5220.00"
"08/10/2025 12:00 - 08/10/2025 13:00","BZN|BG","5257.11","5273.00"
"08/10/2025 13:00 - 08/10/2025 14:00","BZN|BG","5293.38","5222.00"
"08/10/2025 14:00 - 08/10/2025 15:00","BZN|BG","5323.90","5111.00"
"08/10/2025 15:00 - 08/10/2025 16:00","BZN|BG","5150.79","5075.00"
"08/10/2025 16:00 - 08/10/2025 17:00","BZN|BG","5169.88","5114.00"
"08/10/2025 17:00 - 08/10/2025 18:00","BZN|BG","5340.29","5256.00"
"08/10/2025 18:00 - 08/10/2025 19:00","BZN|BG","5442.09","5400.00"
"08/10/2025 19:00 - 08/10/2025 20:00","BZN|BG","5256.74","5245.00"
"08/10/2025 20:00 - 08/10/2025 21:00","BZN|BG","5007.31","4963.00"
"08/10/2025 21:00 - 08/10/2025 22:00","BZN|BG","4648.94","4582.00"
"08/10/2025 22:00 - 08/10/2025 23:00","BZN|BG","4293.31","4153.00"
"08/10/2025 23:00 - 09/10/2025 00:00","BZN|BG","3917.61","3880.00"
"09/10/2025 00:00 - 09/10/2025 01:00","BZN|BG","3672.29","3570.00"
"09/10/2025 01:00 - 09/10/2025 02:00","BZN|BG","3638.10","3462.00"
"09/10/2025 02:00 - 09/10/2025 03:00","BZN|BG","3715.76","3425.00"
"09/10/2025 03:00 - 09/10/2025 04:00","BZN|BG","3746.33","3440.00"
"09/10/2025 04:00 - 09/10/2025 05:00","BZN|BG","3739.57","3501.00"
"09/10/2025 05:00 - 09/10/2025 06:00","BZN|BG","4201.15","3981.00"
"09/10/2025 06:00 - 09/10/2025 07:00","BZN|BG","4638.41","4398.00"
"09/10/2025 07:00 - 09/10/2025 08:00","BZN|BG","4919.41","4762.00"
"09/10/2025 08:00 - 09/10/2025 09:00","BZN|BG","5014.35","4939.00"
"09/10/2025 09:00 - 09/10/2025 10:00","BZN|BG","4895.32","4936.00"
"09/10/2025 10:00 - 09/10/2025 11:00","BZN|BG","4755.75","5009.00"
"09/10/2025 11:00 - 09/10/2025 12:00","BZN|BG","4680.50","5049.00"
"09/10/2025 12:00 - 09/10/2025 13:00","BZN|BG","4639.98","5122.00"
"09/10/2025 13:00 - 09/10/2025 14:00","BZN|BG","4556.54","4998.00"
"09/10/2025 14:00 - 09/10/2025 15:00","BZN|BG","4480.34","4803.00"
"09/10/2025 15:00 - 09/10/2025 16:00","BZN|BG","4368.45","4676.00"
"09/10/2025 16:00 - 09/10/2025 17:00","BZN|BG","4426.04","4716.00"
"09/10/2025 17:00 - 09/10/2025 18:00","BZN|BG","4722.56","4916.00"
"09/10/2025 18:00 - 09/10/2025 19:00","BZN|BG","5079.02","5127.00"
"09/10/2025 19:00 - 09/10/2025 20:00","BZN|BG","5016.73","5006.00"
"09/10/2025 20:00 - 09/10/2025 21:00","BZN|BG","4821.86","4782.00"
"09/10/2025 21:00 - 09/10/2025 22:00","BZN|BG","4516.85","4476.00"
"09/10/2025 22:00 - 09/10/2025 23:00","BZN|BG","4200.72","4142.00"
"09/10/2025 23:00 - 10/10/2025 00:00","BZN|BG","3898.99","3853.00"
"10/10/2025 00:00 - 10/10/2025 01:00","BZN|BG","3646.15","3519.00"
"10/10/2025 01:00 - 10/10/2025 02:00","BZN|BG","3585.05","3516.00"
"10/10/2025 02:00 - 10/10/2025 03:00","BZN|BG","3650.58","3558.00"
"10/10/2025 03:00 - 10/10/2025 04:00","BZN|BG","3659.75","3555.00"
"10/10/2025 04:00 - 10/10/2025 05:00","BZN|BG","3706.94","3627.00"
"10/10/2025 05:00 - 10/10/2025 06:00","BZN|BG","4139.59","4080.00"
"10/10/2025 06:00 - 10/10/2025 07:00","BZN|BG","4489.41","4481.00"
"10/10/2025 07:00 - 10/10/2025 08:00","BZN|BG","4699.99","4819.00"
"10/10/2025 08:00 - 10/10/2025 09:00","BZN|BG","4711.82","4981.00"
"10/10/2025 09:00 - 10/10/2025 10:00","BZN|BG","4550.06","4984.00"
"10/10/2025 10:00 - 10/10/2025 11:00","BZN|BG","4406.93","5039.00"
"10/10/2025 11:00 - 10/10/2025 12:00","BZN|BG","4320.80","5076.00"
"10/10/2025 12:00 - 10/10/2025 13:00","BZN|BG","4334.43","5160.00"
"10/10/2025 13:00 - 10/10/2025 14:00","BZN|BG","4308.42","5137.00"
"10/10/2025 14:00 - 10/10/2025 15:00","BZN|BG","4334.87","5099.00"
"10/10/2025 15:00 - 10/10/2025 16:00","BZN|BG","4210.85","5061.00"
"10/10/2025 16:00 - 10/10/2025 17:00","BZN|BG","4309.13","5074.00"
"10/10/2025 17:00 - 10/10/2025 18:00","BZN|BG","4582.59","5149.00"
"10/10/2025 18:00 - 10/10/2025 19:00","BZN|BG","4842.16","5223.00"
"10/10/2025 19:00 - 10/10/2025 20:00","BZN|BG","4720.04","5084.00"
"10/10/2025 20:00 - 10/10/2025 21:00","BZN|BG","4504.72","4843.00"
"10/10/2025 21:00 - 10/10/2025 22:00","BZN|BG","4290.36","4511.00"
"10/10/2025 22:00 - 10/10/2025 23:00","BZN|BG","4042.78","4155.00"
"10/10/2025 23:00 - 11/10/2025 00:00","BZN|BG","3730.28","3825.00"
"11/10/2025 00:00 - 11/10/2025 01:00","BZN|BG","3474.21","3591.00"
"11/10/2025 01:00 - 11/10/2025 02:00","BZN|BG","3325.19","3464.00"
"11/10/2025 02:00 - 11/10/2025 03:00","BZN|BG","3265.77","3397.00"
"11/10/2025 03:00 - 11/10/2025 04:00","BZN|BG","3250.78","3471.00"
"11/10/2025 04:00 - 11/10/2025 05:00","BZN|BG","3359.99","3467.00"
"11/10/2025 05:00 - 11/10/2025 06:00","BZN|BG","3523.71","3551.00"
"11/10/2025 06:00 - 11/10/2025 07:00","BZN|BG","3739.34","3699.00"
"11/10/2025 07:00 - 11/10/2025 08:00","BZN|BG","4155.68","4035.00"
"11/10/2025 08:00 - 11/10/2025 09:00","BZN|BG","4484.29","4252.00"
"11/10/2025 09:00 - 11/10/2025 10:00","BZN|BG","4580.46","4222.00"
"11/10/2025 10:00 - 11/10/2025 11:00","BZN|BG","4531.58","4243.00"
"11/10/2025 11:00 - 11/10/2025 12:00","BZN|BG","4678.69","4297.00"
"11/10/2025 12:00 - 11/10/2025 13:00","BZN|BG","4649.89","4315.00"
"11/10/2025 13:00 - 11/10/2025 14:00","BZN|BG","4444.89","4265.00"
"11/10/2025 14:00 - 11/10/2025 15:00","BZN|BG","4261.34","4204.00"
"11/10/2025 15:00 - 11/10/2025 16:00","BZN|BG","4117.15","4099.00"
"11/10/2025 16:00 - 11/10/2025 17:00","BZN|BG","4237.91","4194.00"
"11/10/2025 17:00 - 11/10/2025 18:00","BZN|BG","4472.04","4510.00"
"11/10/2025 18:00 - 11/10/2025 19:00","BZN|BG","4681.49","4687.00"
"11/10/2025 19:00 - 11/10/2025 20:00","BZN|BG","4530.74","4591.00"
"11/10/2025 20:00 - 11/10/2025 21:00","BZN|BG","4340.17","4386.00"
"11/10/2025 21:00 - 11/10/2025 22:00","BZN|BG","4154.43","4223.00"
"11/10/2025 22:00 - 11/10/2025 23:00","BZN|BG","3941.72","4053.00"
"11/10/2025 23:00 - 12/10/2025 00:00","BZN|BG","3679.68","3807.00"
"12/10/2025 00:00 - 12/10/2025 01:00","BZN|BG","3434.31","3518.00"
"12/10/2025 01:00 - 12/10/2025 02:00","BZN|BG","3283.39","3445.00"
"12/10/2025 02:00 - 12/10/2025 03:00","BZN|BG","3222.38","3294.00"
"12/10/2025 03:00 - 12/10/2025 04:00","BZN|BG","3208.53","3315.00"
"12/10/2025 04:00 - 12/10/2025 05:00","BZN|BG","3294.13","3444.00"
"12/10/2025 05:00 - 12/10/2025 06:00","BZN|BG","3430.44","3539.00"
"12/10/2025 06:00 - 12/10/2025 07:00","BZN|BG","3621.55","3700.00"
"12/10/2025 07:00 - 12/10/2025 08:00","BZN|BG","3973.88","4108.00"
"12/10/2025 08:00 - 12/10/2025 09:00","BZN|BG","4199.83","4355.00"
"12/10/2025 09:00 - 12/10/2025 10:00","BZN|BG","4271.71","4327.00"
"12/10/2025 10:00 - 12/10/2025 11:00","BZN|BG","4279.50","4150.00"
"12/10/2025 11:00 - 12/10/2025 12:00","BZN|BG","4402.10","4136.00"
"12/10/2025 12:00 - 12/10/2025 13:00","BZN|BG","4316.11","4165.00"
"12/10/2025 13:00 - 12/10/2025 14:00","BZN|BG","4275.67","4018.00"
"12/10/2025 14:00 - 12/10/2025 15:00","BZN|BG","4184.10","3839.00"
"12/10/2025 15:00 - 12/10/2025 16:00","BZN|BG","4259.42","3855.00"
"12/10/2025 16:00 - 12/10/2025 17:00","BZN|BG","4448.50","4051.00"
"12/10/2025 17:00 - 12/10/2025 18:00","BZN|BG","4713.43","4478.00"
"12/10/2025 18:00 - 12/10/2025 19:00","BZN|BG","4855.09","4826.00"
"12/10/2025 19:00 - 12/10/2025 20:00","BZN|BG","4698.06","4792.00"
"12/10/2025 20:00 - 12/10/2025 21:00","BZN|BG","4439.09","4589.00"
"12/10/2025 21:00 - 12/10/2025 22:00","BZN|BG","4178.11","4369.00"
"12/10/2025 22:00 - 12/10/2025 23:00","BZN|BG","3902.87","4097.00"
"12/10/2025 23:00 - 13/10/2025 00:00","BZN|BG","3608.85","3733.00"
"13/10/2025 00:00 - 13/10/2025 01:00","BZN|BG","3383.67","3271.00"
"13/10/2025 01:00 - 13/10/2025 02:00","BZN|BG","3299.89","3197.00"
"13/10/2025 02:00 - 13/10/2025 03:00","BZN|BG","3271.44","3301.00"
"13/10/2025 03:00 - 13/10/2025 04:00","BZN|BG","3283.66","3330.00"
"13/10/2025 04:00 - 13/10/2025 05:00","BZN|BG","3503.85","3356.00"
"13/10/2025 05:00 - 13/10/2025 06:00","BZN|BG","3948.86","3675.00"
"13/10/2025 06:00 - 13/10/2025 07:00","BZN|BG","4337.84","3943.00"
"13/10/2025 07:00 - 13/10/2025 08:00","BZN|BG","4645.37","4190.00"
"13/10/2025 08:00 - 13/10/2025 09:00","BZN|BG","4733.32","4357.00"
"13/10/2025 09:00 - 13/10/2025 10:00","BZN|BG","4615.44","4372.00"
"13/10/2025 10:00 - 13/10/2025 11:00","BZN|BG","4519.35","4386.00"
"13/10/2025 11:00 - 13/10/2025 12:00","BZN|BG","4564.08","4421.00"
"13/10/2025 12:00 - 13/10/2025 13:00","BZN|BG","4548.69","4535.00"
"13/10/2025 13:00 - 13/10/2025 14:00","BZN|BG","4448.68","4420.00"
"13/10/2025 14:00 - 13/10/2025 15:00","BZN|BG","4357.64","4416.00"
"13/10/2025 15:00 - 13/10/2025 16:00","BZN|BG","4348.85","4302.00"
"13/10/2025 16:00 - 13/10/2025 17:00","BZN|BG","4415.40","4404.00"
"13/10/2025 17:00 - 13/10/2025 18:00","BZN|BG","4727.73","4770.00"
"13/10/2025 18:00 - 13/10/2025 19:00","BZN|BG","4958.26","5045.00"
"13/10/2025 19:00 - 13/10/2025 20:00","BZN|BG","4832.25","4927.00"
"13/10/2025 20:00 - 13/10/2025 21:00","BZN|BG","4613.12","4781.00"
"13/10/2025 21:00 - 13/10/2025 22:00","BZN|BG","4332.17","4551.00"
"13/10/2025 22:00 - 13/10/2025 23:00","BZN|BG","4055.99","4331.00"
"13/10/2025 23:00 - 14/10/2025 00:00","BZN|BG","3729.03","3699.00"
"14/10/2025 00:00 - 14/10/2025 01:00","BZN|BG","3508.60","3415.00"
"14/10/2025 01:00 - 14/10/2025 02:00","BZN|BG","3445.74","3326.00"
"14/10/2025 02:00 - 14/10/2025 03:00","BZN|BG","3603.17","3294.00"
"14/10/2025 03:00 - 14/10/2025 04:00","BZN|BG","3628.00","3330.00"
"14/10/2025 04:00 - 14/10/2025 05:00","BZN|BG","3652.14","3432.00"
"14/10/2025 05:00 - 14/10/2025 06:00","BZN|BG","4059.04","3898.00"
"14/10/2025 06:00 - 14/10/2025 07:00","BZN|BG","4430.61","4325.00"
"14/10/2025 07:00 - 14/10/2025 08:00","BZN|BG","4650.14","4652.00"
"14/10/2025 08:00 - 14/10/2025 09:00","BZN|BG","4735.51","4822.00"
"14/10/2025 09:00 - 14/10/2025 10:00","BZN|BG","4670.58","4801.00"
"14/10/2025 10:00 - 14/10/2025 11:00","BZN|BG","4517.96","4766.00"
"14/10/2025 11:00 - 14/10/2025 12:00","BZN|BG","4492.50","4762.00"
"14/10/2025 12:00 - 14/10/2025 13:00","BZN|BG","4646.60","4793.00"
"14/10/2025 13:00 - 14/10/2025 14:00","BZN|BG","4635.18","4770.00"
"14/10/2025 14:00 - 14/10/2025 15:00","BZN|BG","4653.74","4734.00"
"14/10/2025 15:00 - 14/10/2025 16:00","BZN|BG","4534.49","4634.00"
"14/10/2025 16:00 - 14/10/2025 17:00","BZN|BG","4631.62","4656.00"
"14/10/2025 17:00 - 14/10/2025 18:00","BZN|BG","4939.02","4870.00"
"14/10/2025 18:00 - 14/10/2025 19:00","BZN|BG","5040.78","5032.00"
"14/10/2025 19:00 - 14/10/2025 20:00","BZN|BG","4880.17","4927.00"
"14/10/2025 20:00 - 14/10/2025 21:00","BZN|BG","4645.38","4716.00"
"14/10/2025 21:00 - 14/10/2025 22:00","BZN|BG","4393.38","4461.00"
"14/10/2025 22:00 - 14/10/2025 23:00","BZN|BG","4106.83","4157.00"
"14/10/2025 23:00 - 15/10/2025 00:00","BZN|BG","3790.70","3718.00"
"15/10/2025 00:00 - 15/10/2025 01:00","BZN|BG","3577.01","3432.00"
"15/10/2025 01:00 - 15/10/2025 02:00","BZN|BG","3534.36","3363.00"
"15/10/2025 02:00 - 15/10/2025 03:00","BZN|BG","3674.32","3443.00"
"15/10/2025 03:00 - 15/10/2025 04:00","BZN|BG","3723.04","3472.00"
"15/10/2025 04:00 - 15/10/2025 05:00","BZN|BG","3752.75","3524.00"
"15/10/2025 05:00 - 15/10/2025 06:00","BZN|BG","4142.59","4041.00"
"15/10/2025 06:00 - 15/10/2025 07:00","BZN|BG","4456.91","4508.00"
"15/10/2025 07:00 - 15/10/2025 08:00","BZN|BG","4703.69","4853.00"
"15/10/2025 08:00 - 15/10/2025 09:00","BZN|BG","4749.65","4987.00"
"15/10/2025 09:00 - 15/10/2025 10:00","BZN|BG","4539.59","4904.00"
"15/10/2025 10:00 - 15/10/2025 11:00","BZN|BG","4443.92","4790.00"
"15/10/2025 11:00 - 15/10/2025 12:00","BZN|BG","4349.86","4809.00"
"15/10/2025 12:00 - 15/10/2025 13:00","BZN|BG","4352.78","4933.00"
"15/10/2025 13:00 - 15/10/2025 14:00","BZN|BG","4308.86","4844.00"
"15/10/2025 14:00 - 15/10/2025 15:00","BZN|BG","4239.28","4805.00"
"15/10/2025 15:00 - 15/10/2025 16:00","BZN|BG","4190.30","4539.00"
"15/10/2025 16:00 - 15/10/2025 17:00","BZN|BG","4343.15","4583.00"
"15/10/2025 17:00 - 15/10/2025 18:00","BZN|BG","4678.91","4848.00"
"15/10/2025 18:00 - 15/10/2025 19:00","BZN|BG","5017.70","5114.00"
"15/10/2025 19:00 - 15/10/2025 20:00","BZN|BG","4895.07","4985.00"
"15/10/2025 20:00 - 15/10/2025 21:00","BZN|BG","4709.79","4746.00"
"15/10/2025 21:00 - 15/10/2025 22:00","BZN|BG","4408.16","4422.00"
"15/10/2025 22:00 - 15/10/2025 23:00","BZN|BG","4085.45","4088.00"
"15/10/2025 23:00 - 16/10/2025 00:00","BZN|BG","3809.06","3849.00"
"16/10/2025 00:00 - 16/10/2025 01:00","BZN|BG","3522.15","3533.00"
"16/10/2025 01:00 - 16/10/2025 02:00","BZN|BG","3530.79","3454.00"
"16/10/2025 02:00 - 16/10/2025 03:00","BZN|BG","3670.54","3545.00"
"16/10/2025 03:00 - 16/10/2025 04:00","BZN|BG","3671.72","3572.00"
"16/10/2025 04:00 - 16/10/2025 05:00","BZN|BG","3690.88","3614.00"
"16/10/2025 05:00 - 16/10/2025 06:00","BZN|BG","4111.04","4074.00"
"16/10/2025 06:00 - 16/10/2025 07:00","BZN|BG","4539.87","4490.00"
"16/10/2025 07:00 - 16/10/2025 08:00","BZN|BG","4740.10","4786.00"
"16/10/2025 08:00 - 16/10/2025 09:00","BZN|BG","4789.73","4901.00"
"16/10/2025 09:00 - 16/10/2025 10:00","BZN|BG","4673.81","4835.00"
"16/10/2025 10:00 - 16/10/2025 11:00","BZN|BG","4555.66","4728.00"
"16/10/2025 11:00 - 16/10/2025 12:00","BZN|BG","4415.24","4732.00"
"16/10/2025 12:00 - 16/10/2025 13:00","BZN|BG","4498.95","4846.00"
"16/10/2025 13:00 - 16/10/2025 14:00","BZN|BG","4448.70","4790.00"
"16/10/2025 14:00 - 16/10/2025 15:00","BZN|BG","4469.81","4772.00"
"16/10/2025 15:00 - 16/10/2025 16:00","BZN|BG","4315.42","4583.00"
"16/10/2025 16:00 - 16/10/2025 17:00","BZN|BG","4460.80","4648.00"
"16/10/2025 17:00 - 16/10/2025 18:00","BZN|BG","4733.26","4962.00"
"16/10/2025 18:00 - 16/10/2025 19:00","BZN|BG","5053.25","5222.00"
"16/10/2025 19:00 - 16/10/2025 20:00","BZN|BG","4935.18","5091.00"
"16/10/2025 20:00 - 16/10/2025 21:00","BZN|BG","4736.02","4862.00"
"16/10/2025 21:00 - 16/10/2025 22:00","BZN|BG","4453.45","4565.00"
"16/10/2025 22:00 - 16/10/2025 23:00","BZN|BG","4140.50","4253.00"
"16/10/2025 23:00 - 17/10/2025 00:00","BZN|BG","3836.31","3851.00"
"17/10/2025 00:00 - 17/10/2025 01:00","BZN|BG","3552.49","3534.00"
"17/10/2025 01:00 - 17/10/2025 02:00","BZN|BG","3563.79","3454.00"
"17/10/2025 02:00 - 17/10/2025 03:00","BZN|BG","3806.62","3544.00"
"17/10/2025 03:00 - 17/10/2025 04:00","BZN|BG","3764.90","3569.00"
"17/10/2025 04:00 - 17/10/2025 05:00","BZN|BG","3703.36","3620.00"
"17/10/2025 05:00 - 17/10/2025 06:00","BZN|BG","4099.18","4130.00"
"17/10/2025 06:00 - 17/10/2025 07:00","BZN|BG","4403.31","4580.00"
"17/10/2025 07:00 - 17/10/2025 08:00","BZN|BG","4681.73","4900.00"
"17/10/2025 08:00 - 17/10/2025 09:00","BZN|BG","4797.46","4986.00"
"17/10/2025 09:00 - 17/10/2025 10:00","BZN|BG","4708.91","4915.00"
"17/10/2025 10:00 - 17/10/2025 11:00","BZN|BG","4625.72","4826.00"
"17/10/2025 11:00 - 17/10/2025 12:00","BZN|BG","4570.61","4822.00"
"17/10/2025 12:00 - 17/10/2025 13:00","BZN|BG","4698.42","4912.00"
"17/10/2025 13:00 - 17/10/2025 14:00","BZN|BG","4705.93","4878.00"
"17/10/2025 14:00 - 17/10/2025 15:00","BZN|BG","4687.80","4856.00"
"17/10/2025 15:00 - 17/10/2025 16:00","BZN|BG","4584.26","4753.00"
"17/10/2025 16:00 - 17/10/2025 17:00","BZN|BG","4671.61","4800.00"
"17/10/2025 17:00 - 17/10/2025 18:00","BZN|BG","4873.50","4999.00"
"17/10/2025 18:00 - 17/10/2025 19:00","BZN|BG","5016.62","5183.00"
"17/10/2025 19:00 - 17/10/2025 20:00","BZN|BG","4811.91","5041.00"
"17/10/2025 20:00 - 17/10/2025 21:00","BZN|BG","4600.56","4807.00"
"17/10/2025 21:00 - 17/10/2025 22:00","BZN|BG","4345.50","4502.00"
"17/10/2025 22:00 - 17/10/2025 23:00","BZN|BG","4065.10","4183.00"
"17/10/2025 23:00 - 18/10/2025 00:00","BZN|BG","3753.30","3785.00"
"18/10/2025 00:00 - 18/10/2025 01:00","BZN|BG","3507.92","3568.00"
"18/10/2025 01:00 - 18/10/2025 02:00","BZN|BG","3453.36","3442.00"
"18/10/2025 02:00 - 18/10/2025 03:00","BZN|BG","3505.88","3391.00"
"18/10/2025 03:00 - 18/10/2025 04:00","BZN|BG","3533.93","3378.00"
"18/10/2025 04:00 - 18/10/2025 05:00","BZN|BG","3525.79","3468.00"
"18/10/2025 05:00 - 18/10/2025 06:00","BZN|BG","3640.65","3602.00"
"18/10/2025 06:00 - 18/10/2025 07:00","BZN|BG","3807.09","3779.00"
"18/10/2025 07:00 - 18/10/2025 08:00","BZN|BG","4209.02","4120.00"
"18/10/2025 08:00 - 18/10/2025 09:00","BZN|BG","4485.06","4389.00"
"18/10/2025 09:00 - 18/10/2025 10:00","BZN|BG","4590.78","4468.00"
"18/10/2025 10:00 - 18/10/2025 11:00","BZN|BG","4625.33","4428.00"
"18/10/2025 11:00 - 18/10/2025 12:00","BZN|BG","4573.05","4549.00"
"18/10/2025 12:00 - 18/10/2025 13:00","BZN|BG","4781.57","4539.00"
"18/10/2025 13:00 - 18/10/2025 14:00","BZN|BG","4710.54","4468.00"
"18/10/2025 14:00 - 18/10/2025 15:00","BZN|BG","4604.04","4405.00"
"18/10/2025 15:00 - 18/10/2025 16:00","BZN|BG","4456.82","4356.00"
"18/10/2025 16:00 - 18/10/2025 17:00","BZN|BG","4560.63","4475.00"
"18/10/2025 17:00 - 18/10/2025 18:00","BZN|BG","4716.94","4705.00"
"18/10/2025 18:00 - 18/10/2025 19:00","BZN|BG","4721.15","4911.00"
"18/10/2025 19:00 - 18/10/2025 20:00","BZN|BG","4508.05","4730.00"
"18/10/2025 20:00 - 18/10/2025 21:00","BZN|BG","4293.40","4501.00"
"18/10/2025 21:00 - 18/10/2025 22:00","BZN|BG","4130.53","4278.00"
"18/10/2025 22:00 - 18/10/2025 23:00","BZN|BG","3890.88","4023.00"
"18/10/2025 23:00 - 19/10/2025 00:00","BZN|BG","3632.57","3736.00"
"19/10/2025 00:00 - 19/10/2025 01:00","BZN|BG","3430.21","3612.00"
"19/10/2025 01:00 - 19/10/2025 02:00","BZN|BG","3292.06","3536.00"
"19/10/2025 02:00 - 19/10/2025 03:00","BZN|BG","3247.26","3506.00"
"19/10/2025 03:00 - 19/10/2025 04:00","BZN|BG","3255.19","3499.00"
"19/10/2025 04:00 - 19/10/2025 05:00","BZN|BG","3322.04","3574.00"
"19/10/2025 05:00 - 19/10/2025 06:00","BZN|BG","3454.86","3694.00"
"19/10/2025 06:00 - 19/10/2025 07:00","BZN|BG","3652.71","3863.00"
"19/10/2025 07:00 - 19/10/2025 08:00","BZN|BG","4024.07","4174.00"
"19/10/2025 08:00 - 19/10/2025 09:00","BZN|BG","4240.08","4373.00"
"19/10/2025 09:00 - 19/10/2025 10:00","BZN|BG","4296.14","4437.00"
"19/10/2025 10:00 - 19/10/2025 11:00","BZN|BG","4252.10","4444.00"
"19/10/2025 11:00 - 19/10/2025 12:00","BZN|BG","4280.66","4552.00"
"19/10/2025 12:00 - 19/10/2025 13:00","BZN|BG","4221.35","4507.00"
"19/10/2025 13:00 - 19/10/2025 14:00","BZN|BG","4148.76","4486.00"
"19/10/2025 14:00 - 19/10/2025 15:00","BZN|BG","4004.80","4438.00"
"19/10/2025 15:00 - 19/10/2025 16:00","BZN|BG","4037.34","4513.00"
"19/10/2025 16:00 - 19/10/2025 17:00","BZN|BG","4262.01","4702.00"
"19/10/2025 17:00 - 19/10/2025 18:00","BZN|BG","4657.32","4966.00"
"19/10/2025 18:00 - 19/10/2025 19:00","BZN|BG","4946.66","5107.00"
"19/10/2025 19:00 - 19/10/2025 20:00","BZN|BG","4830.53","4943.00"
"19/10/2025 20:00 - 19/10/2025 21:00","BZN|BG","4607.56","4673.00"
"19/10/2025 21:00 - 19/10/2025 22:00","BZN|BG","4413.01","4401.00"
"19/10/2025 22:00 - 19/10/2025 23:00","BZN|BG","4096.68","4113.00"
"19/10/2025 23:00 - 20/10/2025 00:00","BZN|BG","3767.29","3704.00"
"20/10/2025 00:00 - 20/10/2025 01:00","BZN|BG","3509.39","3492.00"
"20/10/2025 01:00 - 20/10/2025 02:00","BZN|BG","3560.23","3413.00"
"20/10/2025 02:00 - 20/10/2025 03:00","BZN|BG","3836.64","3387.00"
"20/10/2025 03:00 - 20/10/2025 04:00","BZN|BG","3791.87","3399.00"
"20/10/2025 04:00 - 20/10/2025 05:00","BZN|BG","3689.44","3613.00"
"20/10/2025 05:00 - 20/10/2025 06:00","BZN|BG","4231.21","4046.00"
"20/10/2025 06:00 - 20/10/2025 07:00","BZN|BG","4721.07","4425.00"
"20/10/2025 07:00 - 20/10/2025 08:00","BZN|BG","4965.98","4725.00"
"20/10/2025 08:00 - 20/10/2025 09:00","BZN|BG","4936.34","4810.00"
"20/10/2025 09:00 - 20/10/2025 10:00","BZN|BG","4723.20","4664.00"
"20/10/2025 10:00 - 20/10/2025 11:00","BZN|BG","4536.90","4545.00"
"20/10/2025 11:00 - 20/10/2025 12:00","BZN|BG","4390.06","4600.00"
"20/10/2025 12:00 - 20/10/2025 13:00","BZN|BG","4447.87","4581.00"
"20/10/2025 13:00 - 20/10/2025 14:00","BZN|BG","4331.96","4457.00"
"20/10/2025 14:00 - 20/10/2025 15:00","BZN|BG","4254.33","4344.00"
"20/10/2025 15:00 - 20/10/2025 16:00","BZN|BG","4153.49","4333.00"
"20/10/2025 16:00 - 20/10/2025 17:00","BZN|BG","4340.42","4414.00"
"20/10/2025 17:00 - 20/10/2025 18:00","BZN|BG","4756.36","4794.00"
"20/10/2025 18:00 - 20/10/2025 19:00","BZN|BG","5128.08","5075.00"
"20/10/2025 19:00 - 20/10/2025 20:00","BZN|BG","4999.09","4945.00"
"20/10/2025 20:00 - 20/10/2025 21:00","BZN|BG","4835.93","4719.00"
"20/10/2025 21:00 - 20/10/2025 22:00","BZN|BG","4540.21","4430.00"
"20/10/2025 22:00 - 20/10/2025 23:00","BZN|BG","4220.35","4146.00"
"20/10/2025 23:00 - 21/10/2025 00:00","BZN|BG","3901.82","3890.00"
"21/10/2025 00:00 - 21/10/2025 01:00","BZN|BG","3654.60","3590.00"
"21/10/2025 01:00 - 21/10/2025 02:00","BZN|BG","3762.89","3543.00"
"21/10/2025 02:00 - 21/10/2025 03:00","BZN|BG","4062.44","3678.00"
"21/10/2025 03:00 - 21/10/2025 04:00","BZN|BG","4005.35","3701.00"
"21/10/2025 04:00 - 21/10/2025 05:00","BZN|BG","3874.30","3778.00"
"21/10/2025 05:00 - 21/10/2025 06:00","BZN|BG","4314.04","4278.00"
"21/10/2025 06:00 - 21/10/2025 07:00","BZN|BG","4646.37","4726.00"
"21/10/2025 07:00 - 21/10/2025 08:00","BZN|BG","4952.61","5068.00"
"21/10/2025 08:00 - 21/10/2025 09:00","BZN|BG","4994.46","5085.00"
"21/10/2025 09:00 - 21/10/2025 10:00","BZN|BG","4758.45","4906.00"
"21/10/2025 10:00 - 21/10/2025 11:00","BZN|BG","4611.22","4803.00"
"21/10/2025 11:00 - 21/10/2025 12:00","BZN|BG","4638.58","4747.00"
"21/10/2025 12:00 - 21/10/2025 13:00","BZN|BG","4677.28","4842.00"
"21/10/2025 13:00 - 21/10/2025 14:00","BZN|BG","4619.03","4807.00"
"21/10/2025 14:00 - 21/10/2025 15:00","BZN|BG","4545.11","4797.00"
"21/10/2025 15:00 - 21/10/2025 16:00","BZN|BG","4482.99","4682.00"
"21/10/2025 16:00 - 21/10/2025 17:00","BZN|BG","4590.05","4789.00"
"21/10/2025 17:00 - 21/10/2025 18:00","BZN|BG","4984.21","5077.00"
"21/10/2025 18:00 - 21/10/2025 19:00","BZN|BG","5183.15","5302.00"
"21/10/2025 19:00 - 21/10/2025 20:00","BZN|BG","5020.91","5127.00"
"21/10/2025 20:00 - 21/10/2025 21:00","BZN|BG","4774.64","4893.00"
"21/10/2025 21:00 - 21/10/2025 22:00","BZN|BG","4529.37","4579.00"
"21/10/2025 22:00 - 21/10/2025 23:00","BZN|BG","4167.68","4255.00"
"21/10/2025 23:00 - 22/10/2025 00:00","BZN|BG","3905.07","3835.00"
"22/10/2025 00:00 - 22/10/2025 01:00","BZN|BG","3583.46","3569.00"
"22/10/2025 01:00 - 22/10/2025 02:00","BZN|BG","3645.10","3546.00"
"22/10/2025 02:00 - 22/10/2025 03:00","BZN|BG","3935.27","3727.00"
"22/10/2025 03:00 - 22/10/2025 04:00","BZN|BG","3916.24","3736.00"
"22/10/2025 04:00 - 22/10/2025 05:00","BZN|BG","3764.18","3739.00"
"22/10/2025 05:00 - 22/10/2025 06:00","BZN|BG","4179.05","4169.00"
"22/10/2025 06:00 - 22/10/2025 07:00","BZN|BG","4542.15","4547.00"
"22/10/2025 07:00 - 22/10/2025 08:00","BZN|BG","4820.81","4798.00"
"22/10/2025 08:00 - 22/10/2025 09:00","BZN|BG","4862.90","4877.00"
"22/10/2025 09:00 - 22/10/2025 10:00","BZN|BG","4656.96","4680.00"
"22/10/2025 10:00 - 22/10/2025 11:00","BZN|BG","4535.35","4496.00"
"22/10/2025 11:00 - 22/10/2025 12:00","BZN|BG","4427.88","4366.00"
"22/10/2025 12:00 - 22/10/2025 13:00","BZN|BG","4498.71","4518.00"
"22/10/2025 13:00 - 22/10/2025 14:00","BZN|BG","4469.99","4477.00"
"22/10/2025 14:00 - 22/10/2025 15:00","BZN|BG","4408.52","4457.00"
"22/10/2025 15:00 - 22/10/2025 16:00","BZN|BG","4271.03","4282.00"
"22/10/2025 16:00 - 22/10/2025 17:00","BZN|BG","4462.30","4429.00"
"22/10/2025 17:00 - 22/10/2025 18:00","BZN|BG","4772.76","4768.00"
"22/10/2025 18:00 - 22/10/2025 19:00","BZN|BG","5045.63","5042.00"
"22/10/2025 19:00 - 22/10/2025 20:00","BZN|BG","4942.20","4891.00"
"22/10/2025 20:00 - 22/10/2025 21:00","BZN|BG","4704.55","4684.00"
"22/10/2025 21:00 - 22/10/2025 22:00","BZN|BG","4405.45","4412.00"
"22/10/2025 22:00 - 22/10/2025 23:00","BZN|BG","4063.42","4112.00"
"22/10/2025 23:00 - 23/10/2025 00:00","BZN|BG","3718.27","3859.00"
"23/10/2025 00:00 - 23/10/2025 01:00","BZN|BG","3481.03","3559.00"
"23/10/2025 01:00 - 23/10/2025 02:00","BZN|BG","3435.91","3456.00"
"23/10/2025 02:00 - 23/10/2025 03:00","BZN|BG","3757.07","3467.00"
"23/10/2025 03:00 - 23/10/2025 04:00","BZN|BG","3753.15","3520.00"
"23/10/2025 04:00 - 23/10/2025 05:00","BZN|BG","3695.25","3655.00"
"23/10/2025 05:00 - 23/10/2025 06:00","BZN|BG","3984.71","4143.00"
"23/10/2025 06:00 - 23/10/2025 07:00","BZN|BG","4398.64","4560.00"
"23/10/2025 07:00 - 23/10/2025 08:00","BZN|BG","4634.20","4858.00"
"23/10/2025 08:00 - 23/10/2025 09:00","BZN|BG","4570.40","4938.00"
"23/10/2025 09:00 - 23/10/2025 10:00","BZN|BG","4314.22","4763.00"
"23/10/2025 10:00 - 23/10/2025 11:00","BZN|BG","4138.18","4616.00"
"23/10/2025 11:00 - 23/10/2025 12:00","BZN|BG","4112.91","4546.00"
"23/10/2025 12:00 - 23/10/2025 13:00","BZN|BG","4133.30","4646.00"
"23/10/2025 13:00 - 23/10/2025 14:00","BZN|BG","4059.95","4607.00"
"23/10/2025 14:00 - 23/10/2025 15:00","BZN|BG","3947.38","4577.00"
"23/10/2025 15:00 - 23/10/2025 16:00","BZN|BG","3923.48","4458.00"
"23/10/2025 16:00 - 23/10/2025 17:00","BZN|BG","4081.59","4581.00"
"23/10/2025 17:00 - 23/10/2025 18:00","BZN|BG","4438.02","4897.00"
"23/10/2025 18:00 - 23/10/2025 19:00","BZN|BG","4756.15","5128.00"
"23/10/2025 19:00 - 23/10/2025 20:00","BZN|BG","4637.02","4969.00"
"23/10/2025 20:00 - 23/10/2025 21:00","BZN|BG","4425.30","4746.00"
"23/10/2025 21:00 - 23/10/2025 22:00","BZN|BG","4155.88","4470.00"
"23/10/2025 22:00 - 23/10/2025 23:00","BZN|BG","3889.47","4146.00"
"23/10/2025 23:00 - 24/10/2025 00:00","BZN|BG","3439.09","3655.00"
"24/10/2025 00:00 - 24/10/2025 01:00","BZN|BG","3258.86","3291.00"
"24/10/2025 01:00 - 24/10/2025 02:00","BZN|BG","3210.18","3259.00"
"24/10/2025 02:00 - 24/10/2025 03:00","BZN|BG","3476.20","3467.00"
"24/10/2025 03:00 - 24/10/2025 04:00","BZN|BG","3389.00","3476.00"
"24/10/2025 04:00 - 24/10/2025 05:00","BZN|BG","3341.97","3462.00"
"24/10/2025 05:00 - 24/10/2025 06:00","BZN|BG","3662.92","3967.00"
"24/10/2025 06:00 - 24/10/2025 07:00","BZN|BG","4026.08","4408.00"
"24/10/2025 07:00 - 24/10/2025 08:00","BZN|BG","4137.82","4748.00"
"24/10/2025 08:00 - 24/10/2025 09:00","BZN|BG","4057.57","4835.00"
"24/10/2025 09:00 - 24/10/2025 10:00","BZN|BG","3991.32","4668.00"
"24/10/2025 10:00 - 24/10/2025 11:00","BZN|BG","3927.46","4516.00"
"24/10/2025 11:00 - 24/10/2025 12:00","BZN|BG","3938.12","4467.00"
"24/10/2025 12:00 - 24/10/2025 13:00","BZN|BG","3993.72","4529.00"
"24/10/2025 13:00 - 24/10/2025 14:00","BZN|BG","3937.56","4496.00"
"24/10/2025 14:00 - 24/10/2025 15:00","BZN|BG","3721.77","4448.00"
"24/10/2025 15:00 - 24/10/2025 16:00","BZN|BG","3684.63","4345.00"
"24/10/2025 16:00 - 24/10/2025 17:00","BZN|BG","3993.15","4479.00"
"24/10/2025 17:00 - 24/10/2025 18:00","BZN|BG","4419.63","4798.00"
"24/10/2025 18:00 - 24/10/2025 19:00","BZN|BG","4532.07","5105.00"
"24/10/2025 19:00 - 24/10/2025 20:00","BZN|BG","4320.06","4924.00"
"24/10/2025 20:00 - 24/10/2025 21:00","BZN|BG","4149.54","4689.00"
"24/10/2025 21:00 - 24/10/2025 22:00","BZN|BG","4023.02","4393.00"
"24/10/2025 22:00 - 24/10/2025 23:00","BZN|BG","3685.21","4065.00"
"24/10/2025 23:00 - 25/10/2025 00:00","BZN|BG","3418.05","3681.00"
"25/10/2025 00:00 - 25/10/2025 01:00","BZN|BG","3251.70","3447.00"
"25/10/2025 01:00 - 25/10/2025 02:00","BZN|BG","3229.44","3394.00"
"25/10/2025 02:00 - 25/10/2025 03:00","BZN|BG","3242.15","3431.00"
"25/10/2025 03:00 - 25/10/2025 04:00","BZN|BG","3177.86","3451.00"
"25/10/2025 04:00 - 25/10/2025 05:00","BZN|BG","3265.06","3445.00"
"25/10/2025 05:00 - 25/10/2025 06:00","BZN|BG","3431.79","3526.00"
"25/10/2025 06:00 - 25/10/2025 07:00","BZN|BG","3705.39","3644.00"
"25/10/2025 07:00 - 25/10/2025 08:00","BZN|BG","3967.83","3927.00"
"25/10/2025 08:00 - 25/10/2025 09:00","BZN|BG","3821.53","4121.00"
"25/10/2025 09:00 - 25/10/2025 10:00","BZN|BG","3438.30","4196.00"
"25/10/2025 10:00 - 25/10/2025 11:00","BZN|BG","3061.43","4220.00"
"25/10/2025 11:00 - 25/10/2025 12:00","BZN|BG","2966.85","4183.00"
"25/10/2025 12:00 - 25/10/2025 13:00","BZN|BG","3021.16","4330.00"
"25/10/2025 13:00 - 25/10/2025 14:00","BZN|BG","3015.54","4200.00"
"25/10/2025 14:00 - 25/10/2025 15:00","BZN|BG","3031.43","4005.00"
"25/10/2025 15:00 - 25/10/2025 16:00","BZN|BG","3310.65","3736.00"
"25/10/2025 16:00 - 25/10/2025 17:00","BZN|BG","3830.80","4098.00"
"25/10/2025 17:00 - 25/10/2025 18:00","BZN|BG","4330.21","4644.00"
"25/10/2025 18:00 - 25/10/2025 19:00","BZN|BG","4390.38","4659.00"
"25/10/2025 19:00 - 25/10/2025 20:00","BZN|BG","4239.44","4444.00"
"25/10/2025 20:00 - 25/10/2025 21:00","BZN|BG","4078.15","4228.00"
"25/10/2025 21:00 - 25/10/2025 22:00","BZN|BG","3925.84","4064.00"
"25/10/2025 22:00 - 25/10/2025 23:00","BZN|BG","3732.86","3823.00"
"25/10/2025 23:00 - 26/10/2025 00:00","BZN|BG","3477.38","3675.00"
"26/10/2025 00:00 - 26/10/2025 01:00","BZN|BG","3243.71","3490.00"
"26/10/2025 01:00 - 26/10/2025 02:00 (CEST)","BZN|BG","3139.05","3365.00"
"26/10/2025 02:00 (CEST) - 26/10/2025 02:00 (CET)","BZN|BG","2871.28","3324.00"
"26/10/2025 02:00 (CET) - 26/10/2025 03:00","BZN|BG","748.84","3328.00"
"26/10/2025 03:00 - 26/10/2025 04:00","BZN|BG","3063.28","3331.00"
"26/10/2025 04:00 - 26/10/2025 05:00","BZN|BG","940.84","3394.00"
"26/10/2025 05:00 - 26/10/2025 06:00","BZN|BG","3037.30","3518.00"
"26/10/2025 06:00 - 26/10/2025 07:00","BZN|BG","3164.03","3703.00"
"26/10/2025 07:00 - 26/10/2025 08:00","BZN|BG","4198.73","4051.00"
"26/10/2025 08:00 - 26/10/2025 09:00","BZN|BG","4456.62","4253.00"
"26/10/2025 09:00 - 26/10/2025 10:00","BZN|BG","4410.60","4305.00"
"26/10/2025 10:00 - 26/10/2025 11:00","BZN|BG","4576.93","4291.00"
"26/10/2025 11:00 - 26/10/2025 12:00","BZN|BG","4752.68","4300.00"
"26/10/2025 12:00 - 26/10/2025 13:00","BZN|BG","4815.46","4282.00"
"26/10/2025 13:00 - 26/10/2025 14:00","BZN|BG","4619.27","4259.00"
"26/10/2025 14:00 - 26/10/2025 15:00","BZN|BG","4488.89","4214.00"
"26/10/2025 15:00 - 26/10/2025 16:00","BZN|BG","4617.05","4229.00"
"26/10/2025 16:00 - 26/10/2025 17:00","BZN|BG","4885.24","4333.00"
"26/10/2025 17:00 - 26/10/2025 18:00","BZN|BG","4949.23","4516.00"
"26/10/2025 18:00 - 26/10/2025 19:00","BZN|BG","4719.73","4650.00"
"26/10/2025 19:00 - 26/10/2025 20:00","BZN|BG","4496.49","4557.00"
"26/10/2025 20:00 - 26/10/2025 21:00","BZN|BG","4268.23","4378.00"
"26/10/2025 21:00 - 26/10/2025 22:00","BZN|BG","4043.29","4222.00"
"26/10/2025 22:00 - 26/10/2025 23:00","BZN|BG","3801.54","3969.00"
"26/10/2025 23:00 - 27/10/2025 00:00","BZN|BG","3608.26","3613.00"
"27/10/2025 00:00 - 27/10/2025 01:00","BZN|BG","3300.37","3269.00"
"27/10/2025 01:00 - 27/10/2025 02:00","BZN|BG","3342.00","3326.00"
"27/10/2025 02:00 - 27/10/2025 03:00","BZN|BG","3604.91","3634.00"
"27/10/2025 03:00 - 27/10/2025 04:00","BZN|BG","3538.07","3584.00"
"27/10/2025 04:00 - 27/10/2025 05:00","BZN|BG","3538.32","3470.00"
"27/10/2025 05:00 - 27/10/2025 06:00","BZN|BG","3976.53","4074.00"
"27/10/2025 06:00 - 27/10/2025 07:00","BZN|BG","4412.42","4620.00"
"27/10/2025 07:00 - 27/10/2025 08:00","BZN|BG","4799.37","4894.00"
"27/10/2025 08:00 - 27/10/2025 09:00","BZN|BG","4976.70","4885.00"
"27/10/2025 09:00 - 27/10/2025 10:00","BZN|BG","4952.35","4823.00"
"27/10/2025 10:00 - 27/10/2025 11:00","BZN|BG","5008.88","4769.00"
"27/10/2025 11:00 - 27/10/2025 12:00","BZN|BG","5144.21","4726.00"
"27/10/2025 12:00 - 27/10/2025 13:00","BZN|BG","5036.27","4743.00"
"27/10/2025 13:00 - 27/10/2025 14:00","BZN|BG","4812.88","4709.00"
"27/10/2025 14:00 - 27/10/2025 15:00","BZN|BG","4673.71","4686.00"
"27/10/2025 15:00 - 27/10/2025 16:00","BZN|BG","4631.68","4657.00"
"27/10/2025 16:00 - 27/10/2025 17:00","BZN|BG","4861.29","4763.00"
"27/10/2025 17:00 - 27/10/2025 18:00","BZN|BG","5083.94","4998.00"
"27/10/2025 18:00 - 27/10/2025 19:00","BZN|BG","5081.46","5209.00"
"27/10/2025 19:00 - 27/10/2025 20:00","BZN|BG","4919.64","5062.00"
"27/10/2025 20:00 - 27/10/2025 21:00","BZN|BG","4661.98","4875.00"
"27/10/2025 21:00 - 27/10/2025 22:00","BZN|BG","4374.28","4538.00"
"27/10/2025 22:00 - 27/10/2025 23:00","BZN|BG","4039.23","4173.00"
"27/10/2025 23:00 - 28/10/2025 00:00","BZN|BG","3711.63","3541.00"
"28/10/2025 00:00 - 28/10/2025 01:00","BZN|BG","3504.80","3300.00"
"28/10/2025 01:00 - 28/10/2025 02:00","BZN|BG","3577.95","3358.00"
"28/10/2025 02:00 - 28/10/2025 03:00","BZN|BG","3840.05","3726.00"
"28/10/2025 03:00 - 28/10/2025 04:00","BZN|BG","3744.61","3686.00"
"28/10/2025 04:00 - 28/10/2025 05:00","BZN|BG","3714.53","3586.00"
"28/10/2025 05:00 - 28/10/2025 06:00","BZN|BG","4145.56","4109.00"
"28/10/2025 06:00 - 28/10/2025 07:00","BZN|BG","4490.47","4622.00"
"28/10/2025 07:00 - 28/10/2025 08:00","BZN|BG","4777.86","5043.00"
"28/10/2025 08:00 - 28/10/2025 09:00","BZN|BG","4884.03","5073.00"
"28/10/2025 09:00 - 28/10/2025 10:00","BZN|BG","4836.34","4954.00"
"28/10/2025 10:00 - 28/10/2025 11:00","BZN|BG","4796.59","4903.00"
"28/10/2025 11:00 - 28/10/2025 12:00","BZN|BG","4813.28","4844.00"
"28/10/2025 12:00 - 28/10/2025 13:00","BZN|BG","4766.69","4894.00"
"28/10/2025 13:00 - 28/10/2025 14:00","BZN|BG","4573.09","4852.00"
"28/10/2025 14:00 - 28/10/2025 15:00","BZN|BG","4565.32","4764.00"
"28/10/2025 15:00 - 28/10/2025 16:00","BZN|BG","4590.52","4668.00"
"28/10/2025 16:00 - 28/10/2025 17:00","BZN|BG","4878.43","4833.00"
"28/10/2025 17:00 - 28/10/2025 18:00","BZN|BG","5172.40","5172.00"
"28/10/2025 18:00 - 28/10/2025 19:00","BZN|BG","5148.23","5403.00"
"28/10/2025 19:00 - 28/10/2025 20:00","BZN|BG","5045.98","5147.00"
"28/10/2025 20:00 - 28/10/2025 21:00","BZN|BG","4803.70","4817.00"
"28/10/2025 21:00 - 28/10/2025 22:00","BZN|BG","4501.10","4428.00"
"28/10/2025 22:00 - 28/10/2025 23:00","BZN|BG","4163.21","3972.00"
"28/10/2025 23:00 - 29/10/2025 00:00","BZN|BG","3875.03","3633.00"
"29/10/2025 00:00 - 29/10/2025 01:00","BZN|BG","3673.72","3519.00"
"29/10/2025 01:00 - 29/10/2025 02:00","BZN|BG","3594.82","3548.00"
"29/10/2025 02:00 - 29/10/2025 03:00","BZN|BG","3901.82","3864.00"
"29/10/2025 03:00 - 29/10/2025 04:00","BZN|BG","3835.54","3830.00"
"29/10/2025 04:00 - 29/10/2025 05:00","BZN|BG","3877.92","3729.00"
"29/10/2025 05:00 - 29/10/2025 06:00","BZN|BG","4360.04","4114.00"
"29/10/2025 06:00 - 29/10/2025 07:00","BZN|BG","4658.44","4503.00"
"29/10/2025 07:00 - 29/10/2025 08:00","BZN|BG","4750.59","4786.00"
"29/10/2025 08:00 - 29/10/2025 09:00","BZN|BG","4712.57","4816.00"
"29/10/2025 09:00 - 29/10/2025 10:00","BZN|BG","4521.08","4651.00"
"29/10/2025 10:00 - 29/10/2025 11:00","BZN|BG","4463.34","4531.00"
"29/10/2025 11:00 - 29/10/2025 12:00","BZN|BG","4380.73","4507.00"
"29/10/2025 12:00 - 29/10/2025 13:00","BZN|BG","4320.75","4541.00"
"29/10/2025 13:00 - 29/10/2025 14:00","BZN|BG","4154.10","4503.00"
"29/10/2025 14:00 - 29/10/2025 15:00","BZN|BG","4175.41","4390.00"
"29/10/2025 15:00 - 29/10/2025 16:00","BZN|BG","4349.95","4295.00"
"29/10/2025 16:00 - 29/10/2025 17:00","BZN|BG","4713.25","4460.00"
"29/10/2025 17:00 - 29/10/2025 18:00","BZN|BG","5008.20","4865.00"
"29/10/2025 18:00 - 29/10/2025 19:00","BZN|BG","5082.78","5145.00"
"29/10/2025 19:00 - 29/10/2025 20:00","BZN|BG","4956.86","4987.00"
"29/10/2025 20:00 - 29/10/2025 21:00","BZN|BG","4753.79","4735.00"
"29/10/2025 21:00 - 29/10/2025 22:00","BZN|BG","4448.61","4458.00"
"29/10/2025 22:00 - 29/10/2025 23:00","BZN|BG","4133.65","4094.00"
"29/10/2025 23:00 - 30/10/2025 00:00","BZN|BG","3800.87","3844.00"
"30/10/2025 00:00 - 30/10/2025 01:00","BZN|BG","3582.35","3528.00"
"30/10/2025 01:00 - 30/10/2025 02:00","BZN|BG","3569.90","3449.00"
"30/10/2025 02:00 - 30/10/2025 03:00","BZN|BG","3822.19","3459.00"
"30/10/2025 03:00 - 30/10/2025 04:00","BZN|BG","3877.72","3539.00"
"30/10/2025 04:00 - 30/10/2025 05:00","BZN|BG","3769.06","3798.00"
"30/10/2025 05:00 - 30/10/2025 06:00","BZN|BG","4269.32","4099.00"
"30/10/2025 06:00 - 30/10/2025 07:00","BZN|BG","4611.42","4353.00"
"30/10/2025 07:00 - 30/10/2025 08:00","BZN|BG","4750.18","4545.00"
"30/10/2025 08:00 - 30/10/2025 09:00","BZN|BG","4655.14","4565.00"
"30/10/2025 09:00 - 30/10/2025 10:00","BZN|BG","4459.99","4463.00"
"30/10/2025 10:00 - 30/10/2025 11:00","BZN|BG","4424.35","4400.00"
"30/10/2025 11:00 - 30/10/2025 12:00","BZN|BG","4345.78","4396.00"
"30/10/2025 12:00 - 30/10/2025 13:00","BZN|BG","4333.51","4426.00"
"30/10/2025 13:00 - 30/10/2025 14:00","BZN|BG","4131.48","4405.00"
"30/10/2025 14:00 - 30/10/2025 15:00","BZN|BG","4139.23","4326.00"
"30/10/2025 15:00 - 30/10/2025 16:00","BZN|BG","4348.77","4262.00"
"30/10/2025 16:00 - 30/10/2025 17:00","BZN|BG","4680.25","4501.00"
"30/10/2025 17:00 - 30/10/2025 18:00","BZN|BG","4985.88","5068.00"
"30/10/2025 18:00 - 30/10/2025 19:00","BZN|BG","5054.25","5341.00"
"30/10/2025 19:00 - 30/10/2025 20:00","BZN|BG","4946.42","5096.00"
"30/10/2025 20:00 - 30/10/2025 21:00","BZN|BG","4703.09","4791.00"
"30/10/2025 21:00 - 30/10/2025 22:00","BZN|BG","4418.17","4438.00"
"30/10/2025 22:00 - 30/10/2025 23:00","BZN|BG","4075.21","3986.00"
"30/10/2025 23:00 - 31/10/2025 00:00","BZN|BG","3785.66","3878.00"
"31/10/2025 00:00 - 31/10/2025 01:00","BZN|BG","3576.27","3560.00"
"31/10/2025 01:00 - 31/10/2025 02:00","BZN|BG","3539.86","3576.00"
"31/10/2025 02:00 - 31/10/2025 03:00","BZN|BG","3696.42","3842.00"
"31/10/2025 03:00 - 31/10/2025 04:00","BZN|BG","3749.49","3798.00"
"31/10/2025 04:00 - 31/10/2025 05:00","BZN|BG","3698.52","3742.00"
"31/10/2025 05:00 - 31/10/2025 06:00","BZN|BG","4105.73","4099.00"
"31/10/2025 06:00 - 31/10/2025 07:00","BZN|BG","4465.44","4418.00"
"31/10/2025 07:00 - 31/10/2025 08:00","BZN|BG","4784.92","4636.00"
"31/10/2025 08:00 - 31/10/2025 09:00","BZN|BG","4732.25","4664.00"
"31/10/2025 09:00 - 31/10/2025 10:00","BZN|BG","4559.86","4502.00"
"31/10/2025 10:00 - 31/10/2025 11:00","BZN|BG","4552.11","4397.00"
"31/10/2025 11:00 - 31/10/2025 12:00","BZN|BG","4465.69","4369.00"
"31/10/2025 12:00 - 31/10/2025 13:00","BZN|BG","4455.72","4375.00"
"31/10/2025 13:00 - 31/10/2025 14:00","BZN|BG","4253.31","4284.00"
"31/10/2025 14:00 - 31/10/2025 15:00","BZN|BG","4235.74","4204.00"
"31/10/2025 15:00 - 31/10/2025 16:00","BZN|BG","4408.68","4170.00"
"31/10/2025 16:00 - 31/10/2025 17:00","BZN|BG","4660.04","4385.00"
"31/10/2025 17:00 - 31/10/2025 18:00","BZN|BG","4898.45","4733.00"
"31/10/2025 18:00 - 31/10/2025 19:00","BZN|BG","4909.52","4910.00"
"31/10/2025 19:00 - 31/10/2025 20:00","BZN|BG","4754.51","4791.00"
"31/10/2025 20:00 - 31/10/2025 21:00","BZN|BG","4535.48","4588.00"
"31/10/2025 21:00 - 31/10/2025 22:00","BZN|BG","4304.29","4348.00"
"31/10/2025 22:00 - 31/10/2025 23:00","BZN|BG","4027.30","4055.00"
"31/10/2025 23:00 - 01/11/2025 00:00","BZN|BG","3759.95","3625.00"
"01/11/2025 00:00 - 01/11/2025 01:00","BZN|BG","3512.12","3495.00"
"01/11/2025 01:00 - 01/11/2025 02:00","BZN|BG","3397.50","3416.00"
"01/11/2025 02:00 - 01/11/2025 03:00","BZN|BG","3348.94","3282.00"
"01/11/2025 03:00 - 01/11/2025 04:00","BZN|BG","3346.49","3245.00"
"01/11/2025 04:00 - 01/11/2025 05:00","BZN|BG","3462.23","3387.00"
"01/11/2025 05:00 - 01/11/2025 06:00","BZN|BG","3680.92","3509.00"
"01/11/2025 06:00 - 01/11/2025 07:00","BZN|BG","3935.35","3708.00"
"01/11/2025 07:00 - 01/11/2025 08:00","BZN|BG","4087.67","3978.00"
"01/11/2025 08:00 - 01/11/2025 09:00","BZN|BG","4051.40","4063.00"
"01/11/2025 09:00 - 01/11/2025 10:00","BZN|BG","3903.60","4012.00"
"01/11/2025 10:00 - 01/11/2025 11:00","BZN|BG","3901.79","3902.00"
"01/11/2025 11:00 - 01/11/2025 12:00","BZN|BG","3828.10","3913.00"
"01/11/2025 12:00 - 01/11/2025 13:00","BZN|BG","3831.32","3942.00"
"01/11/2025 13:00 - 01/11/2025 14:00","BZN|BG","3692.86","3858.00"
"01/11/2025 14:00 - 01/11/2025 15:00","BZN|BG","3657.03","3774.00"
"01/11/2025 15:00 - 01/11/2025 16:00","BZN|BG","3889.12","3810.00"
"01/11/2025 16:00 - 01/11/2025 17:00","BZN|BG","4325.47","4028.00"
"01/11/2025 17:00 - 01/11/2025 18:00","BZN|BG","4571.91","4545.00"
"01/11/2025 18:00 - 01/11/2025 19:00","BZN|BG","4442.03","4676.00"
"01/11/2025 19:00 - 01/11/2025 20:00","BZN|BG","4234.43","4408.00"
"01/11/2025 20:00 - 01/11/2025 21:00","BZN|BG","4083.64","4104.00"
"01/11/2025 21:00 - 01/11/2025 22:00","BZN|BG","3934.83","3851.00"
"01/11/2025 22:00 - 01/11/2025 23:00","BZN|BG","3702.53","3559.00"
"01/11/2025 23:00 - 02/11/2025 00:00","BZN|BG","3498.75","3619.00"
"02/11/2025 00:00 - 02/11/2025 01:00","BZN|BG","3302.18","3406.00"
"02/11/2025 01:00 - 02/11/2025 02:00","BZN|BG","3205.02","3381.00"
"02/11/2025 02:00 - 02/11/2025 03:00","BZN|BG","3166.47","3277.00"
"02/11/2025 03:00 - 02/11/2025 04:00","BZN|BG","3175.11","3243.00"
"02/11/2025 04:00 - 02/11/2025 05:00","BZN|BG","3279.80","3214.00"
"02/11/2025 05:00 - 02/11/2025 06:00","BZN|BG","3464.18","3270.00"
"02/11/2025 06:00 - 02/11/2025 07:00","BZN|BG","3727.23","3347.00"
"02/11/2025 07:00 - 02/11/2025 08:00","BZN|BG","4021.78","3475.00"
"02/11/2025 08:00 - 02/11/2025 09:00","BZN|BG","4111.61","3651.00"
"02/11/2025 09:00 - 02/11/2025 10:00","BZN|BG","4110.22","3760.00"
"02/11/2025 10:00 - 02/11/2025 11:00","BZN|BG","4168.87","3741.00"
"02/11/2025 11:00 - 02/11/2025 12:00","BZN|BG","4098.36","3811.00"
"02/11/2025 12:00 - 02/11/2025 13:00","BZN|BG","4048.12","3886.00"
"02/11/2025 13:00 - 02/11/2025 14:00","BZN|BG","3865.84","3886.00"
"02/11/2025 14:00 - 02/11/2025 15:00","BZN|BG","3791.50","3762.00"
"02/11/2025 15:00 - 02/11/2025 16:00","BZN|BG","3997.15","3640.00"
"02/11/2025 16:00 - 02/11/2025 17:00","BZN|BG","4518.37","3974.00"
"02/11/2025 17:00 - 02/11/2025 18:00","BZN|BG","4782.33","4674.00"
"02/11/2025 18:00 - 02/11/2025 19:00","BZN|BG","4637.25","4840.00"
"02/11/2025 19:00 - 02/11/2025 20:00","BZN|BG","4433.98","4552.00"
"02/11/2025 20:00 - 02/11/2025 21:00","BZN|BG","4227.19","4271.00"
"02/11/2025 21:00 - 02/11/2025 22:00","BZN|BG","4056.98","3984.00"
"02/11/2025 22:00 - 02/11/2025 23:00","BZN|BG","3748.76","3701.00"
"02/11/2025 23:00 - 03/11/2025 00:00","BZN|BG","3531.00","3591.00"
"03/11/2025 00:00 - 03/11/2025 01:00","BZN|BG","3247.98","3468.00"
"03/11/2025 01:00 - 03/11/2025 02:00","BZN|BG","3218.15","3495.00"
"03/11/2025 02:00 - 03/11/2025 03:00","BZN|BG","3592.22","3663.00"
"03/11/2025 03:00 - 03/11/2025 04:00","BZN|BG","3627.51","3620.00"
"03/11/2025 04:00 - 03/11/2025 05:00","BZN|BG","3500.77","3620.00"
"03/11/2025 05:00 - 03/11/2025 06:00","BZN|BG","3801.06","3900.00"
"03/11/2025 06:00 - 03/11/2025 07:00","BZN|BG","4192.64","4178.00"
"03/11/2025 07:00 - 03/11/2025 08:00","BZN|BG","4546.57","4425.00"
"03/11/2025 08:00 - 03/11/2025 09:00","BZN|BG","4544.89","4539.00"
"03/11/2025 09:00 - 03/11/2025 10:00","BZN|BG","4452.21","4523.00"
"03/11/2025 10:00 - 03/11/2025 11:00","BZN|BG","4482.16","4559.00"
"03/11/2025 11:00 - 03/11/2025 12:00","BZN|BG","4415.56","4646.00"
"03/11/2025 12:00 - 03/11/2025 13:00","BZN|BG","4426.78","4511.00"
"03/11/2025 13:00 - 03/11/2025 14:00","BZN|BG","4267.37","4231.00"
"03/11/2025 14:00 - 03/11/2025 15:00","BZN|BG","4268.11","4057.00"
"03/11/2025 15:00 - 03/11/2025 16:00","BZN|BG","4426.11","4004.00"
"03/11/2025 16:00 - 03/11/2025 17:00","BZN|BG","4643.31","4547.00"
"03/11/2025 17:00 - 03/11/2025 18:00","BZN|BG","4935.26","5023.00"
"03/11/2025 18:00 - 03/11/2025 19:00","BZN|BG","4922.30","5074.00"
"03/11/2025 19:00 - 03/11/2025 20:00","BZN|BG","4797.99","4880.00"
"03/11/2025 20:00 - 03/11/2025 21:00","BZN|BG","4560.07","4578.00"
"03/11/2025 21:00 - 03/11/2025 22:00","BZN|BG","4295.88","4241.00"
"03/11/2025 22:00 - 03/11/2025 23:00","BZN|BG","3928.82","3847.00"
"03/11/2025 23:00 - 04/11/2025 00:00","BZN|BG","3684.73","3564.00"
"04/11/2025 00:00 - 04/11/2025 01:00","BZN|BG","3450.48","3340.00"
"04/11/2025 01:00 - 04/11/2025 02:00","BZN|BG","3528.30","3244.00"
"04/11/2025 02:00 - 04/11/2025 03:00","BZN|BG","3735.08","3240.00"
"04/11/2025 03:00 - 04/11/2025 04:00","BZN|BG","3771.86","3308.00"
"04/11/2025 04:00 - 04/11/2025 05:00","BZN|BG","3749.23","3448.00"
"04/11/2025 05:00 - 04/11/2025 06:00","BZN|BG","4054.20","3889.00"
"04/11/2025 06:00 - 04/11/2025 07:00","BZN|BG","4416.82","4211.00"
"04/11/2025 07:00 - 04/11/2025 08:00","BZN|BG","4769.58","4549.00"
"04/11/2025 08:00 - 04/11/2025 09:00","BZN|BG","4960.35","4563.00"
"04/11/2025 09:00 - 04/11/2025 10:00","BZN|BG","4898.76","4402.00"
"04/11/2025 10:00 - 04/11/2025 11:00","BZN|BG","5172.11","4321.00"
"04/11/2025 11:00 - 04/11/2025 12:00","BZN|BG","5244.27","4225.00"
"04/11/2025 12:00 - 04/11/2025 13:00","BZN|BG","5150.68","4188.00"
"04/11/2025 13:00 - 04/11/2025 14:00","BZN|BG","5043.66","4025.00"
"04/11/2025 14:00 - 04/11/2025 15:00","BZN|BG","4933.75","4021.00"
"04/11/2025 15:00 - 04/11/2025 16:00","BZN|BG","4986.58","4111.00"
"04/11/2025 16:00 - 04/11/2025 17:00","BZN|BG","5139.35","4491.00"
"04/11/2025 17:00 - 04/11/2025 18:00","BZN|BG","5223.59","4751.00"
"04/11/2025 18:00 - 04/11/2025 19:00","BZN|BG","5174.76","4804.00"
"04/11/2025 19:00 - 04/11/2025 20:00","BZN|BG","4984.94","4655.00"
"04/11/2025 20:00 - 04/11/2025 21:00","BZN|BG","4738.65","4495.00"
"04/11/2025 21:00 - 04/11/2025 22:00","BZN|BG","4472.50","4289.00"
"04/11/2025 22:00 - 04/11/2025 23:00","BZN|BG","4102.76","4053.00"
"04/11/2025 23:00 - 05/11/2025 00:00","BZN|BG","3822.54","3847.00"
"05/11/2025 00:00 - 05/11/2025 01:00","BZN|BG","3557.81","3611.00"
"05/11/2025 01:00 - 05/11/2025 02:00","BZN|BG","3573.35","3504.00"
"05/11/2025 02:00 - 05/11/2025 03:00","BZN|BG","3858.88","3493.00"
"05/11/2025 03:00 - 05/11/2025 04:00","BZN|BG","3841.54","3527.00"
"05/11/2025 04:00 - 05/11/2025 05:00","BZN|BG","3794.36","3767.00"
"05/11/2025 05:00 - 05/11/2025 06:00","BZN|BG","4149.27","4372.00"
"05/11/2025 06:00 - 05/11/2025 07:00","BZN|BG","4531.05","4768.00"
"05/11/2025 07:00 - 05/11/2025 08:00","BZN|BG","4865.33","5090.00"
"05/11/2025 08:00 - 05/11/2025 09:00","BZN|BG","5074.41","5070.00"
"05/11/2025 09:00 - 05/11/2025 10:00","BZN|BG","5059.82","4995.00"
"05/11/2025 10:00 - 05/11/2025 11:00","BZN|BG","5295.88","4977.00"
"05/11/2025 11:00 - 05/11/2025 12:00","BZN|BG","5226.04","4953.00"
"05/11/2025 12:00 - 05/11/2025 13:00","BZN|BG","5168.59","4951.00"
"05/11/2025 13:00 - 05/11/2025 14:00","BZN|BG","4937.31","4903.00"
"05/11/2025 14:00 - 05/11/2025 15:00","BZN|BG","4913.07","4936.00"
"05/11/2025 15:00 - 05/11/2025 16:00","BZN|BG","4981.63","5041.00"
"05/11/2025 16:00 - 05/11/2025 17:00","BZN|BG","5137.74","5220.00"
"05/11/2025 17:00 - 05/11/2025 18:00","BZN|BG","5255.45","5458.00"
"05/11/2025 18:00 - 05/11/2025 19:00","BZN|BG","5210.48","5400.00"
"05/11/2025 19:00 - 05/11/2025 20:00","BZN|BG","4992.19","5244.00"
"05/11/2025 20:00 - 05/11/2025 21:00","BZN|BG","4790.87","5016.00"
"05/11/2025 21:00 - 05/11/2025 22:00","BZN|BG","4512.94","4697.00"
"05/11/2025 22:00 - 05/11/2025 23:00","BZN|BG","4140.85","4367.00"
"05/11/2025 23:00 - 06/11/2025 00:00","BZN|BG","3799.38","3929.00"
"06/11/2025 00:00 - 06/11/2025 01:00","BZN|BG","3571.04","3749.00"
"06/11/2025 01:00 - 06/11/2025 02:00","BZN|BG","3648.37","3539.00"
"06/11/2025 02:00 - 06/11/2025 03:00","BZN|BG","3843.95","3519.00"
"06/11/2025 03:00 - 06/11/2025 04:00","BZN|BG","3826.98","3563.00"
"06/11/2025 04:00 - 06/11/2025 05:00","BZN|BG","3782.69","3700.00"
"06/11/2025 05:00 - 06/11/2025 06:00","BZN|BG","4189.02","4187.00"
"06/11/2025 06:00 - 06/11/2025 07:00","BZN|BG","4576.22","4665.00"
"06/11/2025 07:00 - 06/11/2025 08:00","BZN|BG","4889.14","4988.00"
"06/11/2025 08:00 - 06/11/2025 09:00","BZN|BG","5052.00","5083.00"
"06/11/2025 09:00 - 06/11/2025 10:00","BZN|BG","5045.60","4962.00"
"06/11/2025 10:00 - 06/11/2025 11:00","BZN|BG","5130.17","4928.00"
"06/11/2025 11:00 - 06/11/2025 12:00","BZN|BG","5259.21","4892.00"
"06/11/2025 12:00 - 06/11/2025 13:00","BZN|BG","5227.81","4878.00"
"06/11/2025 13:00 - 06/11/2025 14:00","BZN|BG","5039.86","4804.00"
"06/11/2025 14:00 - 06/11/2025 15:00","BZN|BG","4994.62","4875.00"
"06/11/2025 15:00 - 06/11/2025 16:00","BZN|BG","5058.36","5056.00"
"06/11/2025 16:00 - 06/11/2025 17:00","BZN|BG","5156.71","5317.00"
"06/11/2025 17:00 - 06/11/2025 18:00","BZN|BG","5281.21","5543.00"
"06/11/2025 18:00 - 06/11/2025 19:00","BZN|BG","5268.61","5501.00"
"06/11/2025 19:00 - 06/11/2025 20:00","BZN|BG","5095.99","5262.00"
"06/11/2025 20:00 - 06/11/2025 21:00","BZN|BG","4837.37","5005.00"
"06/11/2025 21:00 - 06/11/2025 22:00","BZN|BG","4605.73","4671.00"
"06/11/2025 22:00 - 06/11/2025 23:00","BZN|BG","4275.97","4330.00"
"06/11/2025 23:00 - 07/11/2025 00:00","BZN|BG","3940.74","3908.00"
"07/11/2025 00:00 - 07/11/2025 01:00","BZN|BG","3738.80","3583.00"
"07/11/2025 01:00 - 07/11/2025 02:00","BZN|BG","3797.15","3530.00"
"07/11/2025 02:00 - 07/11/2025 03:00","BZN|BG","4021.95","3713.00"
"07/11/2025 03:00 - 07/11/2025 04:00","BZN|BG","3973.58","3726.00"
"07/11/2025 04:00 - 07/11/2025 05:00","BZN|BG","3855.38","3817.00"
"07/11/2025 05:00 - 07/11/2025 06:00","BZN|BG","4159.21","4358.00"
"07/11/2025 06:00 - 07/11/2025 07:00","BZN|BG","4536.50","4767.00"
"07/11/2025 07:00 - 07/11/2025 08:00","BZN|BG","4856.49","5057.00"
"07/11/2025 08:00 - 07/11/2025 09:00","BZN|BG","5056.57","5077.00"
"07/11/2025 09:00 - 07/11/2025 10:00","BZN|BG","5153.73","5012.00"
"07/11/2025 10:00 - 07/11/2025 11:00","BZN|BG","5329.45","4998.00"
"07/11/2025 11:00 - 07/11/2025 12:00","BZN|BG","5399.75","4973.00"
"07/11/2025 12:00 - 07/11/2025 13:00","BZN|BG","5318.82","4968.00"
"07/11/2025 13:00 - 07/11/2025 14:00","BZN|BG","5022.05","4939.00"
"07/11/2025 14:00 - 07/11/2025 15:00","BZN|BG","4982.41","4933.00"
"07/11/2025 15:00 - 07/11/2025 16:00","BZN|BG","4970.82","5077.00"
"07/11/2025 16:00 - 07/11/2025 17:00","BZN|BG","5083.21","5259.00"
"07/11/2025 17:00 - 07/11/2025 18:00","BZN|BG","5198.36","5424.00"
"07/11/2025 18:00 - 07/11/2025 19:00","BZN|BG","5200.17","5383.00"
"07/11/2025 19:00 - 07/11/2025 20:00","BZN|BG","5000.94","5150.00"
"07/11/2025 20:00 - 07/11/2025 21:00","BZN|BG","4719.08","4872.00"
"07/11/2025 21:00 - 07/11/2025 22:00","BZN|BG","4525.51","4552.00"
"07/11/2025 22:00 - 07/11/2025 23:00","BZN|BG","4242.48","4201.00"
"07/11/2025 23:00 - 08/11/2025 00:00","BZN|BG","4001.05","3872.00"
"08/11/2025 00:00 - 08/11/2025 01:00","BZN|BG","3701.33","3650.00"
"08/11/2025 01:00 - 08/11/2025 02:00","BZN|BG","3552.98","3468.00"
"08/11/2025 02:00 - 08/11/2025 03:00","BZN|BG","3525.38","3450.00"
"08/11/2025 03:00 - 08/11/2025 04:00","BZN|BG","3492.26","3500.00"
"08/11/2025 04:00 - 08/11/2025 05:00","BZN|BG","3561.09","3549.00"
"08/11/2025 05:00 - 08/11/2025 06:00","BZN|BG","3686.42","3700.00"
"08/11/2025 06:00 - 08/11/2025 07:00","BZN|BG","4052.46","4029.00"
"08/11/2025 07:00 - 08/11/2025 08:00","BZN|BG","4380.39","4138.00"
"08/11/2025 08:00 - 08/11/2025 09:00","BZN|BG","4632.49","4408.00"
"08/11/2025 09:00 - 08/11/2025 10:00","BZN|BG","4803.35","4632.00"
"08/11/2025 10:00 - 08/11/2025 11:00","BZN|BG","4928.93","4461.00"
"08/11/2025 11:00 - 08/11/2025 12:00","BZN|BG","4944.51","4461.00"
"08/11/2025 12:00 - 08/11/2025 13:00","BZN|BG","4855.16","4461.00"
"08/11/2025 13:00 - 08/11/2025 14:00","BZN|BG","4648.50","4461.00"
"08/11/2025 14:00 - 08/11/2025 15:00","BZN|BG","4548.92","4542.00"
"08/11/2025 15:00 - 08/11/2025 16:00","BZN|BG","4664.45","4605.00"
"08/11/2025 16:00 - 08/11/2025 17:00","BZN|BG","4864.31","4762.00"
"08/11/2025 17:00 - 08/11/2025 18:00","BZN|BG","4871.97","5066.00"
"08/11/2025 18:00 - 08/11/2025 19:00","BZN|BG","4730.86","4856.00"
"08/11/2025 19:00 - 08/11/2025 20:00","BZN|BG","4555.23","4464.00"
"08/11/2025 20:00 - 08/11/2025 21:00","BZN|BG","4341.34","4227.00"
"08/11/2025 21:00 - 08/11/2025 22:00","BZN|BG","4164.25","4115.00"
"08/11/2025 22:00 - 08/11/2025 23:00","BZN|BG","4007.01","4115.00"
"08/11/2025 23:00 - 09/11/2025 00:00","BZN|BG","3784.19","3790.00"
"09/11/2025 00:00 - 09/11/2025 01:00","BZN|BG","3555.80","3560.00"
"09/11/2025 01:00 - 09/11/2025 02:00","BZN|BG","3439.64","3400.00"
"09/11/2025 02:00 - 09/11/2025 03:00","BZN|BG","3568.45","3366.00"
"09/11/2025 03:00 - 09/11/2025 04:00","BZN|BG","3587.62","3357.00"
"09/11/2025 04:00 - 09/11/2025 05:00","BZN|BG","3544.93","3400.00"
"09/11/2025 05:00 - 09/11/2025 06:00","BZN|BG","3541.76","3580.00"
"09/11/2025 06:00 - 09/11/2025 07:00","BZN|BG","3766.18","3887.00"
"09/11/2025 07:00 - 09/11/2025 08:00","BZN|BG","4132.74","4175.00"
"09/11/2025 08:00 - 09/11/2025 09:00","BZN|BG","4440.56","4336.00"
"09/11/2025 09:00 - 09/11/2025 10:00","BZN|BG","4512.92","4475.00"
"09/11/2025 10:00 - 09/11/2025 11:00","BZN|BG","4688.57","4553.00"
"09/11/2025 11:00 - 09/11/2025 12:00","BZN|BG","4640.45","4453.00"
"09/11/2025 12:00 - 09/11/2025 13:00","BZN|BG","4454.97","4369.00"
"09/11/2025 13:00 - 09/11/2025 14:00","BZN|BG","4290.34","4318.00"
"09/11/2025 14:00 - 09/11/2025 15:00","BZN|BG","4277.51","4380.00"
"09/11/2025 15:00 - 09/11/2025 16:00","BZN|BG","4465.61","4637.00"
"09/11/2025 16:00 - 09/11/2025 17:00","BZN|BG","4842.92","4891.00"
"09/11/2025 17:00 - 09/11/2025 18:00","BZN|BG","4995.09","5118.00"
"09/11/2025 18:00 - 09/11/2025 19:00","BZN|BG","4907.60","4985.00"
"09/11/2025 19:00 - 09/11/2025 20:00","BZN|BG","4770.54","4748.00"
"09/11/2025 20:00 - 09/11/2025 21:00","BZN|BG","4462.63","4527.00"
"09/11/2025 21:00 - 09/11/2025 22:00","BZN|BG","4314.98","4362.00"
"09/11/2025 22:00 - 09/11/2025 23:00","BZN|BG","3988.71","4173.00"
"09/11/2025 23:00 - 10/11/2025 00:00","BZN|BG","3707.44","3777.00"
"10/11/2025 00:00 - 10/11/2025 01:00","BZN|BG","3439.07","3500.00"
"10/11/2025 01:00 - 10/11/2025 02:00","BZN|BG","3544.23","3343.00"
"10/11/2025 02:00 - 10/11/2025 03:00","BZN|BG","3627.22","3330.00"
"10/11/2025 03:00 - 10/11/2025 04:00","BZN|BG","3795.60","3370.00"
"10/11/2025 04:00 - 10/11/2025 05:00","BZN|BG","3785.98","3530.00"
"10/11/2025 05:00 - 10/11/2025 06:00","BZN|BG","3958.74","4025.00"
"10/11/2025 06:00 - 10/11/2025 07:00","BZN|BG","4374.06","4663.00"
"10/11/2025 07:00 - 10/11/2025 08:00","BZN|BG","4710.68","4985.00"
"10/11/2025 08:00 - 10/11/2025 09:00","BZN|BG","4801.27","5079.00"
"10/11/2025 09:00 - 10/11/2025 10:00","BZN|BG","4803.62","4858.00"
"10/11/2025 10:00 - 10/11/2025 11:00","BZN|BG","4763.47","4794.00"
"10/11/2025 11:00 - 10/11/2025 12:00","BZN|BG","4799.35","4727.00"
"10/11/2025 12:00 - 10/11/2025 13:00","BZN|BG","4799.69","4656.00"
"10/11/2025 13:00 - 10/11/2025 14:00","BZN|BG","4692.08","4690.00"
"10/11/2025 14:00 - 10/11/2025 15:00","BZN|BG","4632.27","4803.00"
"10/11/2025 15:00 - 10/11/2025 16:00","BZN|BG","4697.69","4816.00"
"10/11/2025 16:00 - 10/11/2025 17:00","BZN|BG","4775.20","5074.00"
"10/11/2025 17:00 - 10/11/2025 18:00","BZN|BG","4963.01","5263.00"
"10/11/2025 18:00 - 10/11/2025 19:00","BZN|BG","4977.32","5088.00"
"10/11/2025 19:00 - 10/11/2025 20:00","BZN|BG","4834.15","4902.00"
"10/11/2025 20:00 - 10/11/2025 21:00","BZN|BG","4570.47","4737.00"
"10/11/2025 21:00 - 10/11/2025 22:00","BZN|BG","4308.74","4562.00"
"10/11/2025 22:00 - 10/11/2025 23:00","BZN|BG","3956.74","4271.00"
"10/11/2025 23:00 - 11/11/2025 00:00","BZN|BG","3643.32","3825.00"
"11/11/2025 00:00 - 11/11/2025 01:00","BZN|BG","3488.11","3643.00"
"11/11/2025 01:00 - 11/11/2025 02:00","BZN|BG","3625.36","3452.00"
"11/11/2025 02:00 - 11/11/2025 03:00","BZN|BG","3704.78","3430.00"
"11/11/2025 03:00 - 11/11/2025 04:00","BZN|BG","3843.20","3469.00"
"11/11/2025 04:00 - 11/11/2025 05:00","BZN|BG","3751.58","3600.00"
"11/11/2025 05:00 - 11/11/2025 06:00","BZN|BG","3973.87","3915.00"
"11/11/2025 06:00 - 11/11/2025 07:00","BZN|BG","4382.37","4330.00"
"11/11/2025 07:00 - 11/11/2025 08:00","BZN|BG","4661.08","4742.00"
"11/11/2025 08:00 - 11/11/2025 09:00","BZN|BG","4842.77","4970.00"
"11/11/2025 09:00 - 11/11/2025 10:00","BZN|BG","4877.35","4821.00"
"11/11/2025 10:00 - 11/11/2025 11:00","BZN|BG","4817.31","4765.00"
"11/11/2025 11:00 - 11/11/2025 12:00","BZN|BG","4927.56","4663.00"
"11/11/2025 12:00 - 11/11/2025 13:00","BZN|BG","4922.67","4673.00"
"11/11/2025 13:00 - 11/11/2025 14:00","BZN|BG","4739.20","4725.00"
"11/11/2025 14:00 - 11/11/2025 15:00","BZN|BG","4806.17","4773.00"
"11/11/2025 15:00 - 11/11/2025 16:00","BZN|BG","4777.32","5037.00"
"11/11/2025 16:00 - 11/11/2025 17:00","BZN|BG","4929.45","5257.00"
"11/11/2025 17:00 - 11/11/2025 18:00","BZN|BG","5151.63","5400.00"
"11/11/2025 18:00 - 11/11/2025 19:00","BZN|BG","5189.74","5300.00"
"11/11/2025 19:00 - 11/11/2025 20:00","BZN|BG","5019.16","5110.00"
"11/11/2025 20:00 - 11/11/2025 21:00","BZN|BG","4733.56","4858.00"
"11/11/2025 21:00 - 11/11/2025 22:00","BZN|BG","4543.80","4590.00"
"11/11/2025 22:00 - 11/11/2025 23:00","BZN|BG","4194.45","4309.00"
"11/11/2025 23:00 - 12/11/2025 00:00","BZN|BG","3886.93","3865.00"
"12/11/2025 00:00 - 12/11/2025 01:00","BZN|BG","3678.40","3645.00"
"12/11/2025 01:00 - 12/11/2025 02:00","BZN|BG","3692.81","3487.00"
"12/11/2025 02:00 - 12/11/2025 03:00","BZN|BG","3860.76","3468.00"
"12/11/2025 03:00 - 12/11/2025 04:00","BZN|BG","4013.46","3521.00"
"12/11/2025 04:00 - 12/11/2025 05:00","BZN|BG","3843.96","3726.00"
"12/11/2025 05:00 - 12/11/2025 06:00","BZN|BG","4286.47","4123.00"
"12/11/2025 06:00 - 12/11/2025 07:00","BZN|BG","4619.27","4612.00"
"12/11/2025 07:00 - 12/11/2025 08:00","BZN|BG","4787.61","4910.00"
"12/11/2025 08:00 - 12/11/2025 09:00","BZN|BG","4840.09","5027.00"
"12/11/2025 09:00 - 12/11/2025 10:00","BZN|BG","4616.90","4943.00"
"12/11/2025 10:00 - 12/11/2025 11:00","BZN|BG","4510.92","4926.00"
"12/11/2025 11:00 - 12/11/2025 12:00","BZN|BG","4460.98","4890.00"
"12/11/2025 12:00 - 12/11/2025 13:00","BZN|BG","4576.18","4884.00"
"12/11/2025 13:00 - 12/11/2025 14:00","BZN|BG","4573.79","4913.00"
"12/11/2025 14:00 - 12/11/2025 15:00","BZN|BG","4529.65","4852.00"
"12/11/2025 15:00 - 12/11/2025 16:00","BZN|BG","4780.94","5109.00"
"12/11/2025 16:00 - 12/11/2025 17:00","BZN|BG","4942.29","5363.00"
"12/11/2025 17:00 - 12/11/2025 18:00","BZN|BG","5139.90","5479.00"
"12/11/2025 18:00 - 12/11/2025 19:00","BZN|BG","5188.05","5371.00"
"12/11/2025 19:00 - 12/11/2025 20:00","BZN|BG","5107.83","5191.00"
"12/11/2025 20:00 - 12/11/2025 21:00","BZN|BG","4845.97","4928.00"
"12/11/2025 21:00 - 12/11/2025 22:00","BZN|BG","4595.16","4678.00"
"12/11/2025 22:00 - 12/11/2025 23:00","BZN|BG","4275.35","4396.00"
"12/11/2025 23:00 - 13/11/2025 00:00","BZN|BG","3989.26","3911.00"
"13/11/2025 00:00 - 13/11/2025 01:00","BZN|BG","3768.51","3691.00"
"13/11/2025 01:00 - 13/11/2025 02:00","BZN|BG","3827.72","3538.00"
"13/11/2025 02:00 - 13/11/2025 03:00","BZN|BG","3890.62","3528.00"
"13/11/2025 03:00 - 13/11/2025 04:00","BZN|BG","4077.37","3566.00"
"13/11/2025 04:00 - 13/11/2025 05:00","BZN|BG","3957.53","3716.00"
"13/11/2025 05:00 - 13/11/2025 06:00","BZN|BG","4427.68","4030.00"
"13/11/2025 06:00 - 13/11/2025 07:00","BZN|BG","4746.89","4431.00"
"13/11/2025 07:00 - 13/11/2025 08:00","BZN|BG","4925.36","4695.00"
"13/11/2025 08:00 - 13/11/2025 09:00","BZN|BG","4968.63","4809.00"
"13/11/2025 09:00 - 13/11/2025 10:00","BZN|BG","4800.51","4699.00"
"13/11/2025 10:00 - 13/11/2025 11:00","BZN|BG","4881.85","4661.00"
"13/11/2025 11:00 - 13/11/2025 12:00","BZN|BG","4826.49","4606.00"
"13/11/2025 12:00 - 13/11/2025 13:00","BZN|BG","4646.10","4607.00"
"13/11/2025 13:00 - 13/11/2025 14:00","BZN|BG","4552.11","4651.00"
"13/11/2025 14:00 - 13/11/2025 15:00","BZN|BG","4532.82","4597.00"
"13/11/2025 15:00 - 13/11/2025 16:00","BZN|BG","4657.50","4851.00"
"13/11/2025 16:00 - 13/11/2025 17:00","BZN|BG","4989.37","5152.00"
"13/11/2025 17:00 - 13/11/2025 18:00","BZN|BG","5248.82","5365.00"
"13/11/2025 18:00 - 13/11/2025 19:00","BZN|BG","5268.37","5271.00"
"13/11/2025 19:00 - 13/11/2025 20:00","BZN|BG","5158.37","5092.00"
"13/11/2025 20:00 - 13/11/2025 21:00","BZN|BG","4912.28","4849.00"
"13/11/2025 21:00 - 13/11/2025 22:00","BZN|BG","4673.79","4609.00"
"13/11/2025 22:00 - 13/11/2025 23:00","BZN|BG","4368.14","4344.00"
"13/11/2025 23:00 - 14/11/2025 00:00","BZN|BG","4046.18","4058.00"
"14/11/2025 00:00 - 14/11/2025 01:00","BZN|BG","3823.11","3825.00"
"14/11/2025 01:00 - 14/11/2025 02:00","BZN|BG","3837.96","3673.00"
"14/11/2025 02:00 - 14/11/2025 03:00","BZN|BG","4108.09","3664.00"
"14/11/2025 03:00 - 14/11/2025 04:00","BZN|BG","4193.46","3698.00"
"14/11/2025 04:00 - 14/11/2025 05:00","BZN|BG","4109.27","3826.00"
"14/11/2025 05:00 - 14/11/2025 06:00","BZN|BG","4449.54","4117.00"
"14/11/2025 06:00 - 14/11/2025 07:00","BZN|BG","4779.82","4485.00"
"14/11/2025 07:00 - 14/11/2025 08:00","BZN|BG","4956.81","4731.00"
"14/11/2025 08:00 - 14/11/2025 09:00","BZN|BG","4968.12","4836.00"
"14/11/2025 09:00 - 14/11/2025 10:00","BZN|BG","4805.12","4730.00"
"14/11/2025 10:00 - 14/11/2025 11:00","BZN|BG","4914.71","4677.00"
"14/11/2025 11:00 - 14/11/2025 12:00","BZN|BG","4869.33","4625.00"
"14/11/2025 12:00 - 14/11/2025 13:00","BZN|BG","4670.86","4625.00"
"14/11/2025 13:00 - 14/11/2025 14:00","BZN|BG","4471.27","4646.00"
"14/11/2025 14:00 - 14/11/2025 15:00","BZN|BG","4345.03","4625.00"
"14/11/2025 15:00 - 14/11/2025 16:00","BZN|BG","4631.23","4830.00"
"14/11/2025 16:00 - 14/11/2025 17:00","BZN|BG","4983.84","5048.00"
"14/11/2025 17:00 - 14/11/2025 18:00","BZN|BG","5202.64","5222.00"
"14/11/2025 18:00 - 14/11/2025 19:00","BZN|BG","5219.61","5143.00"
"14/11/2025 19:00 - 14/11/2025 20:00","BZN|BG","5058.33","4995.00"
"14/11/2025 20:00 - 14/11/2025 21:00","BZN|BG","4832.27","4799.00"
"14/11/2025 21:00 - 14/11/2025 22:00","BZN|BG","4662.87","4578.00"
"14/11/2025 22:00 - 14/11/2025 23:00","BZN|BG","4360.21","4356.00"
"14/11/2025 23:00 - 15/11/2025 00:00","BZN|BG","4071.69","3972.00"
"15/11/2025 00:00 - 15/11/2025 01:00","BZN|BG","3858.68","3741.00"
"15/11/2025 01:00 - 15/11/2025 02:00","BZN|BG","3844.47","3550.00"
"15/11/2025 02:00 - 15/11/2025 03:00","BZN|BG","3834.79","3532.00"
"15/11/2025 03:00 - 15/11/2025 04:00","BZN|BG","3853.39","3572.00"
"15/11/2025 04:00 - 15/11/2025 05:00","BZN|BG","3834.97","3612.00"
"15/11/2025 05:00 - 15/11/2025 06:00","BZN|BG","3980.61","3734.00"
"15/11/2025 06:00 - 15/11/2025 07:00","BZN|BG","4316.59","4001.00"
"15/11/2025 07:00 - 15/11/2025 08:00","BZN|BG","4658.29","4170.00"
"15/11/2025 08:00 - 15/11/2025 09:00","BZN|BG","4672.20","4399.00"
"15/11/2025 09:00 - 15/11/2025 10:00","BZN|BG","4648.12","4545.00"
"15/11/2025 10:00 - 15/11/2025 11:00","BZN|BG","4786.99","4352.00"
"15/11/2025 11:00 - 15/11/2025 12:00","BZN|BG","4732.68","4226.00"
"15/11/2025 12:00 - 15/11/2025 13:00","BZN|BG","4403.31","4226.00"
"15/11/2025 13:00 - 15/11/2025 14:00","BZN|BG","4238.05","4226.00"
"15/11/2025 14:00 - 15/11/2025 15:00","BZN|BG","4265.83","4297.00"
"15/11/2025 15:00 - 15/11/2025 16:00","BZN|BG","4526.97","4415.00"
"15/11/2025 16:00 - 15/11/2025 17:00","BZN|BG","4947.29","4621.00"
"15/11/2025 17:00 - 15/11/2025 18:00","BZN|BG","4923.43","5019.00"
"15/11/2025 18:00 - 15/11/2025 19:00","BZN|BG","4776.01","4856.00"
"15/11/2025 19:00 - 15/11/2025 20:00","BZN|BG","4770.50","4620.00"
"15/11/2025 20:00 - 15/11/2025 21:00","BZN|BG","4570.71","4428.00"
"15/11/2025 21:00 - 15/11/2025 22:00","BZN|BG","4431.05","4247.00"
"15/11/2025 22:00 - 15/11/2025 23:00","BZN|BG","4210.79","4125.00"
"15/11/2025 23:00 - 16/11/2025 00:00","BZN|BG","4014.25","3677.00"
"16/11/2025 00:00 - 16/11/2025 01:00","BZN|BG","3787.18","3454.00"
"16/11/2025 01:00 - 16/11/2025 02:00","BZN|BG","3653.38","3279.00"
"16/11/2025 02:00 - 16/11/2025 03:00","BZN|BG","3783.65","3235.00"
"16/11/2025 03:00 - 16/11/2025 04:00","BZN|BG","3704.56","3281.00"
"16/11/2025 04:00 - 16/11/2025 05:00","BZN|BG","3690.77","3383.00"
"16/11/2025 05:00 - 16/11/2025 06:00","BZN|BG","3844.52","3480.00"
"16/11/2025 06:00 - 16/11/2025 07:00","BZN|BG","4113.41","3741.00"
"16/11/2025 07:00 - 16/11/2025 08:00","BZN|BG","4461.43","4033.00"
"16/11/2025 08:00 - 16/11/2025 09:00","BZN|BG","4663.85","4244.00"
"16/11/2025 09:00 - 16/11/2025 10:00","BZN|BG","4766.61","4478.00"
"16/11/2025 10:00 - 16/11/2025 11:00","BZN|BG","4683.31","4631.00"
"16/11/2025 11:00 - 16/11/2025 12:00","BZN|BG","4646.23","4254.00"
"16/11/2025 12:00 - 16/11/2025 13:00","BZN|BG","4476.89","4266.00"
"16/11/2025 13:00 - 16/11/2025 14:00","BZN|BG","4384.17","4063.00"
"16/11/2025 14:00 - 16/11/2025 15:00","BZN|BG","4385.38","4193.00"
"16/11/2025 15:00 - 16/11/2025 16:00","BZN|BG","4689.24","4467.00"
"16/11/2025 16:00 - 16/11/2025 17:00","BZN|BG","5154.13","4692.00"
"16/11/2025 17:00 - 16/11/2025 18:00","BZN|BG","5362.44","5087.00"
"16/11/2025 18:00 - 16/11/2025 19:00","BZN|BG","5275.37","4988.00"
"16/11/2025 19:00 - 16/11/2025 20:00","BZN|BG","5088.74","4807.00"
"16/11/2025 20:00 - 16/11/2025 21:00","BZN|BG","4811.50","4535.00"
"16/11/2025 21:00 - 16/11/2025 22:00","BZN|BG","4535.93","4279.00"
"16/11/2025 22:00 - 16/11/2025 23:00","BZN|BG","4246.89","4104.00"
"16/11/2025 23:00 - 17/11/2025 00:00","BZN|BG","4023.47","3941.00"
"17/11/2025 00:00 - 17/11/2025 01:00","BZN|BG","3716.68","3725.00"
"17/11/2025 01:00 - 17/11/2025 02:00","BZN|BG","3796.43","3662.00"
"17/11/2025 02:00 - 17/11/2025 03:00","BZN|BG","3979.27","3642.00"
"17/11/2025 03:00 - 17/11/2025 04:00","BZN|BG","4151.19","3676.00"
"17/11/2025 04:00 - 17/11/2025 05:00","BZN|BG","4148.52","3746.00"
"17/11/2025 05:00 - 17/11/2025 06:00","BZN|BG","4401.44","3917.00"
"17/11/2025 06:00 - 17/11/2025 07:00","BZN|BG","4775.89","4260.00"
"17/11/2025 07:00 - 17/11/2025 08:00","BZN|BG","5071.38","4520.00"
"17/11/2025 08:00 - 17/11/2025 09:00","BZN|BG","5052.34","4689.00"
"17/11/2025 09:00 - 17/11/2025 10:00","BZN|BG","4984.86","4703.00"
"17/11/2025 10:00 - 17/11/2025 11:00","BZN|BG","4991.03","4604.00"
"17/11/2025 11:00 - 17/11/2025 12:00","BZN|BG","5029.68","4303.00"
"17/11/2025 12:00 - 17/11/2025 13:00","BZN|BG","4882.12","4303.00"
"17/11/2025 13:00 - 17/11/2025 14:00","BZN|BG","4745.49","4303.00"
"17/11/2025 14:00 - 17/11/2025 15:00","BZN|BG","4809.36","4499.00"
"17/11/2025 15:00 - 17/11/2025 16:00","BZN|BG","4835.37","4884.00"
"17/11/2025 16:00 - 17/11/2025 17:00","BZN|BG","4984.78","5000.00"
"17/11/2025 17:00 - 17/11/2025 18:00","BZN|BG","5119.36","5202.00"
"17/11/2025 18:00 - 17/11/2025 19:00","BZN|BG","5266.18","5148.00"
"17/11/2025 19:00 - 17/11/2025 20:00","BZN|BG","5080.25","4904.00"
"17/11/2025 20:00 - 17/11/2025 21:00","BZN|BG","4800.25","4757.00"
"17/11/2025 21:00 - 17/11/2025 22:00","BZN|BG","4515.77","4414.00"
"17/11/2025 22:00 - 17/11/2025 23:00","BZN|BG","4149.78","4231.00"
"17/11/2025 23:00 - 18/11/2025 00:00","BZN|BG","3891.64","3869.00"
"18/11/2025 00:00 - 18/11/2025 01:00","BZN|BG","3620.35","3629.00"
"18/11/2025 01:00 - 18/11/2025 02:00","BZN|BG","3702.69","3506.00"
"18/11/2025 02:00 - 18/11/2025 03:00","BZN|BG","3884.66","3497.00"
"18/11/2025 03:00 - 18/11/2025 04:00","BZN|BG","4036.20","3539.00"
"18/11/2025 04:00 - 18/11/2025 05:00","BZN|BG","4001.27","3695.00"
"18/11/2025 05:00 - 18/11/2025 06:00","BZN|BG","4203.15","4078.00"
"18/11/2025 06:00 - 18/11/2025 07:00","BZN|BG","4614.84","4487.00"
"18/11/2025 07:00 - 18/11/2025 08:00","BZN|BG","4896.75","4900.00"
"18/11/2025 08:00 - 18/11/2025 09:00","BZN|BG","5031.74","5062.00"
"18/11/2025 09:00 - 18/11/2025 10:00","BZN|BG","5070.96","4976.00"
"18/11/2025 10:00 - 18/11/2025 11:00","BZN|BG","5190.44","4891.00"
"18/11/2025 11:00 - 18/11/2025 12:00","BZN|BG","5225.38","4818.00"
"18/11/2025 12:00 - 18/11/2025 13:00","BZN|BG","5176.73","4815.00"
"18/11/2025 13:00 - 18/11/2025 14:00","BZN|BG","4901.90","4815.00"
"18/11/2025 14:00 - 18/11/2025 15:00","BZN|BG","4918.72","4874.00"
"18/11/2025 15:00 - 18/11/2025 16:00","BZN|BG","4951.07","5032.00"
"18/11/2025 16:00 - 18/11/2025 17:00","BZN|BG","4979.17","5169.00"
"18/11/2025 17:00 - 18/11/2025 18:00","BZN|BG","5055.00","5348.00"
"18/11/2025 18:00 - 18/11/2025 19:00","BZN|BG","5234.30","5260.00"
"18/11/2025 19:00 - 18/11/2025 20:00","BZN|BG","5090.18","5058.00"
"18/11/2025 20:00 - 18/11/2025 21:00","BZN|BG","4847.39","4833.00"
"18/11/2025 21:00 - 18/11/2025 22:00","BZN|BG","4622.29","4467.00"
"18/11/2025 22:00 - 18/11/2025 23:00","BZN|BG","4289.60","4152.00"
"18/11/2025 23:00 - 19/11/2025 00:00","BZN|BG","3879.47","3871.00"
"19/11/2025 00:00 - 19/11/2025 01:00","BZN|BG","3717.44","3644.00"
"19/11/2025 01:00 - 19/11/2025 02:00","BZN|BG","3848.81","3530.00"
"19/11/2025 02:00 - 19/11/2025 03:00","BZN|BG","3957.86","3521.00"
"19/11/2025 03:00 - 19/11/2025 04:00","BZN|BG","4071.81","3559.00"
"19/11/2025 04:00 - 19/11/2025 05:00","BZN|BG","3939.08","3704.00"
"19/11/2025 05:00 - 19/11/2025 06:00","BZN|BG","4171.57","4070.00"
"19/11/2025 06:00 - 19/11/2025 07:00","BZN|BG","4629.97","4536.00"
"19/11/2025 07:00 - 19/11/2025 08:00","BZN|BG","4928.28","4839.00"
"19/11/2025 08:00 - 19/11/2025 09:00","BZN|BG","5061.90","4986.00"
"19/11/2025 09:00 - 19/11/2025 10:00","BZN|BG","5082.59","4906.00"
"19/11/2025 10:00 - 19/11/2025 11:00","BZN|BG","5251.67","4813.00"
"19/11/2025 11:00 - 19/11/2025 12:00","BZN|BG","5169.41","4739.00"
"19/11/2025 12:00 - 19/11/2025 13:00","BZN|BG","5060.51","4739.00"
"19/11/2025 13:00 - 19/11/2025 14:00","BZN|BG","4978.89","4739.00"
"19/11/2025 14:00 - 19/11/2025 15:00","BZN|BG","4986.83","4812.00"
"19/11/2025 15:00 - 19/11/2025 16:00","BZN|BG","4989.07","4989.00"
"19/11/2025 16:00 - 19/11/2025 17:00","BZN|BG","4941.85","5133.00"
"19/11/2025 17:00 - 19/11/2025 18:00","BZN|BG","5110.58","5333.00"
"19/11/2025 18:00 - 19/11/2025 19:00","BZN|BG","5357.77","5234.00"
"19/11/2025 19:00 - 19/11/2025 20:00","BZN|BG","5190.76","5042.00"
"19/11/2025 20:00 - 19/11/2025 21:00","BZN|BG","4881.59","4835.00"
"19/11/2025 21:00 - 19/11/2025 22:00","BZN|BG","4614.26","4465.00"
"19/11/2025 22:00 - 19/11/2025 23:00","BZN|BG","4246.50","4164.00"
"19/11/2025 23:00 - 20/11/2025 00:00","BZN|BG","3989.99","3846.00"
"20/11/2025 00:00 - 20/11/2025 01:00","BZN|BG","3748.99","3627.00"
"20/11/2025 01:00 - 20/11/2025 02:00","BZN|BG","3923.38","3535.00"
"20/11/2025 02:00 - 20/11/2025 03:00","BZN|BG","4038.33","3538.00"
"20/11/2025 03:00 - 20/11/2025 04:00","BZN|BG","4187.70","3591.00"
"20/11/2025 04:00 - 20/11/2025 05:00","BZN|BG","4082.57","3732.00"
"20/11/2025 05:00 - 20/11/2025 06:00","BZN|BG","4245.23","4222.00"
"20/11/2025 06:00 - 20/11/2025 07:00","BZN|BG","4622.34","4637.00"
"20/11/2025 07:00 - 20/11/2025 08:00","BZN|BG","4889.68","4881.00"
"20/11/2025 08:00 - 20/11/2025 09:00","BZN|BG","4926.89","4976.00"
"20/11/2025 09:00 - 20/11/2025 10:00","BZN|BG","4806.14","4923.00"
"20/11/2025 10:00 - 20/11/2025 11:00","BZN|BG","4746.49","4880.00"
"20/11/2025 11:00 - 20/11/2025 12:00","BZN|BG","4798.75","4844.00"
"20/11/2025 12:00 - 20/11/2025 13:00","BZN|BG","4772.67","4847.00"
"20/11/2025 13:00 - 20/11/2025 14:00","BZN|BG","4733.90","4836.00"
"20/11/2025 14:00 - 20/11/2025 15:00","BZN|BG","4608.75","4874.00"
"20/11/2025 15:00 - 20/11/2025 16:00","BZN|BG","4610.60","4985.00"
"20/11/2025 16:00 - 20/11/2025 17:00","BZN|BG","4772.96","5171.00"
"20/11/2025 17:00 - 20/11/2025 18:00","BZN|BG","4987.01","5319.00"
"20/11/2025 18:00 - 20/11/2025 19:00","BZN|BG","5169.17","5332.00"
"20/11/2025 19:00 - 20/11/2025 20:00","BZN|BG","4995.37","5130.00"
"20/11/2025 20:00 - 20/11/2025 21:00","BZN|BG","4790.83","4833.00"
"20/11/2025 21:00 - 20/11/2025 22:00","BZN|BG","4516.15","4578.00"
"20/11/2025 22:00 - 20/11/2025 23:00","BZN|BG","4190.72","4198.00"
"20/11/2025 23:00 - 21/11/2025 00:00","BZN|BG","3956.35","3835.00"
"21/11/2025 00:00 - 21/11/2025 01:00","BZN|BG","3737.38","3617.00"
"21/11/2025 01:00 - 21/11/2025 02:00","BZN|BG","3902.31","3527.00"
"21/11/2025 02:00 - 21/11/2025 03:00","BZN|BG","3996.23","3524.00"
"21/11/2025 03:00 - 21/11/2025 04:00","BZN|BG","4028.96","3571.00"
"21/11/2025 04:00 - 21/11/2025 05:00","BZN|BG","3917.08","3683.00"
"21/11/2025 05:00 - 21/11/2025 06:00","BZN|BG","4145.57","4081.00"
"21/11/2025 06:00 - 21/11/2025 07:00","BZN|BG","4560.06","4449.00"
"21/11/2025 07:00 - 21/11/2025 08:00","BZN|BG","4749.66","4694.00"
"21/11/2025 08:00 - 21/11/2025 09:00","BZN|BG","4727.89","4789.00"
"21/11/2025 09:00 - 21/11/2025 10:00","BZN|BG","4671.55","4609.00"
"21/11/2025 10:00 - 21/11/2025 11:00","BZN|BG","4767.98","4481.00"
"21/11/2025 11:00 - 21/11/2025 12:00","BZN|BG","4859.77","4377.00"
"21/11/2025 12:00 - 21/11/2025 13:00","BZN|BG","4840.77","4405.00"
"21/11/2025 13:00 - 21/11/2025 14:00","BZN|BG","4538.65","4357.00"
"21/11/2025 14:00 - 21/11/2025 15:00","BZN|BG","4537.79","4408.00"
"21/11/2025 15:00 - 21/11/2025 16:00","BZN|BG","4597.86","4583.00"
"21/11/2025 16:00 - 21/11/2025 17:00","BZN|BG","4630.19","4889.00"
"21/11/2025 17:00 - 21/11/2025 18:00","BZN|BG","4777.12","5143.00"
"21/11/2025 18:00 - 21/11/2025 19:00","BZN|BG","4955.25","5141.00"
"21/11/2025 19:00 - 21/11/2025 20:00","BZN|BG","4760.80","4969.00"
"21/11/2025 20:00 - 21/11/2025 21:00","BZN|BG","4486.84","4717.00"
"21/11/2025 21:00 - 21/11/2025 22:00","BZN|BG","4317.00","4443.00"
"21/11/2025 22:00 - 21/11/2025 23:00","BZN|BG","4072.16","4101.00"
"21/11/2025 23:00 - 22/11/2025 00:00","BZN|BG","3855.14","3767.00"
"22/11/2025 00:00 - 22/11/2025 01:00","BZN|BG","3604.67","3483.00"
"22/11/2025 01:00 - 22/11/2025 02:00","BZN|BG","3612.92","3374.00"
"22/11/2025 02:00 - 22/11/2025 03:00","BZN|BG","3717.90","3351.00"
"22/11/2025 03:00 - 22/11/2025 04:00","BZN|BG","3741.70","3370.00"
"22/11/2025 04:00 - 22/11/2025 05:00","BZN|BG","3692.33","3428.00"
"22/11/2025 05:00 - 22/11/2025 06:00","BZN|BG","3659.18","3589.00"
"22/11/2025 06:00 - 22/11/2025 07:00","BZN|BG","3893.13","3962.00"
"22/11/2025 07:00 - 22/11/2025 08:00","BZN|BG","4208.97","4338.00"
"22/11/2025 08:00 - 22/11/2025 09:00","BZN|BG","4344.87","4351.00"
"22/11/2025 09:00 - 22/11/2025 10:00","BZN|BG","4395.61","4336.00"
"22/11/2025 10:00 - 22/11/2025 11:00","BZN|BG","4437.89","4302.00"
"22/11/2025 11:00 - 22/11/2025 12:00","BZN|BG","4414.10","4254.00"
"22/11/2025 12:00 - 22/11/2025 13:00","BZN|BG","4313.82","4210.00"
"22/11/2025 13:00 - 22/11/2025 14:00","BZN|BG","4060.49","4179.00"
"22/11/2025 14:00 - 22/11/2025 15:00","BZN|BG","4088.57","4273.00"
"22/11/2025 15:00 - 22/11/2025 16:00","BZN|BG","4252.28","4512.00"
"22/11/2025 16:00 - 22/11/2025 17:00","BZN|BG","4510.86","4650.00"
"22/11/2025 17:00 - 22/11/2025 18:00","BZN|BG","4480.15","4845.00"
"22/11/2025 18:00 - 22/11/2025 19:00","BZN|BG","4425.27","4824.00"
"22/11/2025 19:00 - 22/11/2025 20:00","BZN|BG","4414.67","4672.00"
"22/11/2025 20:00 - 22/11/2025 21:00","BZN|BG","4186.31","4466.00"
"22/11/2025 21:00 - 22/11/2025 22:00","BZN|BG","4073.96","4326.00"
"22/11/2025 22:00 - 22/11/2025 23:00","BZN|BG","3859.18","4103.00"
"22/11/2025 23:00 - 23/11/2025 00:00","BZN|BG","3634.90","3774.00"
"23/11/2025 00:00 - 23/11/2025 01:00","BZN|BG","3494.25","3545.00"
"23/11/2025 01:00 - 23/11/2025 02:00","BZN|BG","3495.79","3431.00"
"23/11/2025 02:00 - 23/11/2025 03:00","BZN|BG","3688.14","3440.00"
"23/11/2025 03:00 - 23/11/2025 04:00","BZN|BG","3819.84","3425.00"
"23/11/2025 04:00 - 23/11/2025 05:00","BZN|BG","3727.92","3471.00"
"23/11/2025 05:00 - 23/11/2025 06:00","BZN|BG","3633.29","3609.00"
"23/11/2025 06:00 - 23/11/2025 07:00","BZN|BG","3797.73","3845.00"
"23/11/2025 07:00 - 23/11/2025 08:00","BZN|BG","4121.72","4158.00"
"23/11/2025 08:00 - 23/11/2025 09:00","BZN|BG","4440.86","4338.00"
"23/11/2025 09:00 - 23/11/2025 10:00","BZN|BG","4619.32","4393.00"
"23/11/2025 10:00 - 23/11/2025 11:00","BZN|BG","4882.24","4330.00"
"23/11/2025 11:00 - 23/11/2025 12:00","BZN|BG","4856.00","4268.00"
"23/11/2025 12:00 - 23/11/2025 13:00","BZN|BG","4747.70","4182.00"
"23/11/2025 13:00 - 23/11/2025 14:00","BZN|BG","4494.99","4150.00"
"23/11/2025 14:00 - 23/11/2025 15:00","BZN|BG","4490.76","4197.00"
"23/11/2025 15:00 - 23/11/2025 16:00","BZN|BG","4605.14","4416.00"
"23/11/2025 16:00 - 23/11/2025 17:00","BZN|BG","4865.30","4766.00"
"23/11/2025 17:00 - 23/11/2025 18:00","BZN|BG","5036.62","4920.00"
"23/11/2025 18:00 - 23/11/2025 19:00","BZN|BG","5091.68","4858.00"
"23/11/2025 19:00 - 23/11/2025 20:00","BZN|BG","4892.38","4728.00"
"23/11/2025 20:00 - 23/11/2025 21:00","BZN|BG","4644.98","4539.00"
"23/11/2025 21:00 - 23/11/2025 22:00","BZN|BG","4453.56","4348.00"
"23/11/2025 22:00 - 23/11/2025 23:00","BZN|BG","4160.39","4147.00"
"23/11/2025 23:00 - 24/11/2025 00:00","BZN|BG","3919.70","3896.00"
"24/11/2025 00:00 - 24/11/2025 01:00","BZN|BG","3785.98","3657.00"
"24/11/2025 01:00 - 24/11/2025 02:00","BZN|BG","3836.49","3554.00"
"24/11/2025 02:00 - 24/11/2025 03:00","BZN|BG","3962.34","3548.00"
"24/11/2025 03:00 - 24/11/2025 04:00","BZN|BG","4116.42","3594.00"
"24/11/2025 04:00 - 24/11/2025 05:00","BZN|BG","4108.25","3844.00"
"24/11/2025 05:00 - 24/11/2025 06:00","BZN|BG","4366.22","4226.00"
"24/11/2025 06:00 - 24/11/2025 07:00","BZN|BG","4812.41","4736.00"
"24/11/2025 07:00 - 24/11/2025 08:00","BZN|BG","5099.23","5075.00"
"24/11/2025 08:00 - 24/11/2025 09:00","BZN|BG","5072.48","5302.00"
"24/11/2025 09:00 - 24/11/2025 10:00","BZN|BG","4886.71","5186.00"
"24/11/2025 10:00 - 24/11/2025 11:00","BZN|BG","4971.89","5082.00"
"24/11/2025 11:00 - 24/11/2025 12:00","BZN|BG","4929.72","5018.00"
"24/11/2025 12:00 - 24/11/2025 13:00","BZN|BG","4793.64","5018.00"
"24/11/2025 13:00 - 24/11/2025 14:00","BZN|BG","4595.80","5018.00"
"24/11/2025 14:00 - 24/11/2025 15:00","BZN|BG","4655.66","5062.00"
"24/11/2025 15:00 - 24/11/2025 16:00","BZN|BG","4832.84","5214.00"
"24/11/2025 16:00 - 24/11/2025 17:00","BZN|BG","4944.11","5568.00"
"24/11/2025 17:00 - 24/11/2025 18:00","BZN|BG","5134.14","5807.00"
"24/11/2025 18:00 - 24/11/2025 19:00","BZN|BG","5388.66","5677.00"
"24/11/2025 19:00 - 24/11/2025 20:00","BZN|BG","5278.22","5463.00"
"24/11/2025 20:00 - 24/11/2025 21:00","BZN|BG","5015.65","5161.00"
"24/11/2025 21:00 - 24/11/2025 22:00","BZN|BG","4812.88","4880.00"
"24/11/2025 22:00 - 24/11/2025 23:00","BZN|BG","4450.76","4465.00"
"24/11/2025 23:00 - 25/11/2025 00:00","BZN|BG","4168.24","4021.00"
"25/11/2025 00:00 - 25/11/2025 01:00","BZN|BG","4008.63","3812.00"
"25/11/2025 01:00 - 25/11/2025 02:00","BZN|BG","4126.80","3718.00"
"25/11/2025 02:00 - 25/11/2025 03:00","BZN|BG","4250.39","3703.00"
"25/11/2025 03:00 - 25/11/2025 04:00","BZN|BG","4273.41","3763.00"
"25/11/2025 04:00 - 25/11/2025 05:00","BZN|BG","4154.08","3899.00"
"25/11/2025 05:00 - 25/11/2025 06:00","BZN|BG","4504.03","4305.00"
"25/11/2025 06:00 - 25/11/2025 07:00","BZN|BG","4893.19","4750.00"
"25/11/2025 07:00 - 25/11/2025 08:00","BZN|BG","5159.38","5112.00"
"25/11/2025 08:00 - 25/11/2025 09:00","BZN|BG","5254.47","5242.00"
"25/11/2025 09:00 - 25/11/2025 10:00","BZN|BG","5173.54","5010.00"
"25/11/2025 10:00 - 25/11/2025 11:00","BZN|BG","5227.86","4888.00"
"25/11/2025 11:00 - 25/11/2025 12:00","BZN|BG","5178.01","4808.00"
"25/11/2025 12:00 - 25/11/2025 13:00","BZN|BG","5105.32","4844.00"
"25/11/2025 13:00 - 25/11/2025 14:00","BZN|BG","4879.39","4808.00"
"25/11/2025 14:00 - 25/11/2025 15:00","BZN|BG","4985.84","4841.00"
"25/11/2025 15:00 - 25/11/2025 16:00","BZN|BG","5069.56","4979.00"
"25/11/2025 16:00 - 25/11/2025 17:00","BZN|BG","5143.90","5218.00"
"25/11/2025 17:00 - 25/11/2025 18:00","BZN|BG","5432.18","5488.00"
"25/11/2025 18:00 - 25/11/2025 19:00","BZN|BG","5508.90","5470.00"
"25/11/2025 19:00 - 25/11/2025 20:00","BZN|BG","5351.44","5182.00"
"25/11/2025 20:00 - 25/11/2025 21:00","BZN|BG","5123.83","4896.00"
"25/11/2025 21:00 - 25/11/2025 22:00","BZN|BG","4838.00","4562.00"
"25/11/2025 22:00 - 25/11/2025 23:00","BZN|BG","4483.26","4201.00"
"25/11/2025 23:00 - 26/11/2025 00:00","BZN|BG","4186.62","4166.00"
"26/11/2025 00:00 - 26/11/2025 01:00","BZN|BG","4157.77","3968.00"
"26/11/2025 01:00 - 26/11/2025 02:00","BZN|BG","4063.07","3874.00"
"26/11/2025 02:00 - 26/11/2025 03:00","BZN|BG","4202.63","3846.00"
"26/11/2025 03:00 - 26/11/2025 04:00","BZN|BG","4247.29","3896.00"
"26/11/2025 04:00 - 26/11/2025 05:00","BZN|BG","4120.13","4007.00"
"26/11/2025 05:00 - 26/11/2025 06:00","BZN|BG","4463.77","4316.00"
"26/11/2025 06:00 - 26/11/2025 07:00","BZN|BG","4884.63","4700.00"
"26/11/2025 07:00 - 26/11/2025 08:00","BZN|BG","5107.54","5034.00"
"26/11/2025 08:00 - 26/11/2025 09:00","BZN|BG","5120.44","5168.00"
"26/11/2025 09:00 - 26/11/2025 10:00","BZN|BG","5057.28","5111.00"
"26/11/2025 10:00 - 26/11/2025 11:00","BZN|BG","5131.59","5067.00"
"26/11/2025 11:00 - 26/11/2025 12:00","BZN|BG","5145.67","5000.00"
"26/11/2025 12:00 - 26/11/2025 13:00","BZN|BG","5156.43","4977.00"
"26/11/2025 13:00 - 26/11/2025 14:00","BZN|BG","4854.09","4985.00"
"26/11/2025 14:00 - 26/11/2025 15:00","BZN|BG","4865.37","5030.00"
"26/11/2025 15:00 - 26/11/2025 16:00","BZN|BG","4835.19","5078.00"
"26/11/2025 16:00 - 26/11/2025 17:00","BZN|BG","4996.97","5204.00"
"26/11/2025 17:00 - 26/11/2025 18:00","BZN|BG","5337.48","5392.00"
"26/11/2025 18:00 - 26/11/2025 19:00","BZN|BG","5337.55","5368.00"
"26/11/2025 19:00 - 26/11/2025 20:00","BZN|BG","5205.40","5113.00"
"26/11/2025 20:00 - 26/11/2025 21:00","BZN|BG","4930.82","4876.00"
"26/11/2025 21:00 - 26/11/2025 22:00","BZN|BG","4686.10","4573.00"
"26/11/2025 22:00 - 26/11/2025 23:00","BZN|BG","4363.07","4278.00"
"26/11/2025 23:00 - 27/11/2025 00:00","BZN|BG","4020.95","4009.00"
"27/11/2025 00:00 - 27/11/2025 01:00","BZN|BG","3852.43","3779.00"
"27/11/2025 01:00 - 27/11/2025 02:00","BZN|BG","4003.59","3689.00"
"27/11/2025 02:00 - 27/11/2025 03:00","BZN|BG","4094.58","3688.00"
"27/11/2025 03:00 - 27/11/2025 04:00","BZN|BG","4221.73","3733.00"
"27/11/2025 04:00 - 27/11/2025 05:00","BZN|BG","4121.10","3856.00"
"27/11/2025 05:00 - 27/11/2025 06:00","BZN|BG","4334.06","4293.00"
"27/11/2025 06:00 - 27/11/2025 07:00","BZN|BG","4707.04","4716.00"
"27/11/2025 07:00 - 27/11/2025 08:00","BZN|BG","5043.75","4986.00"
"27/11/2025 08:00 - 27/11/2025 09:00","BZN|BG","5167.80","5073.00"
"27/11/2025 09:00 - 27/11/2025 10:00","BZN|BG","5311.80","5000.00"
"27/11/2025 10:00 - 27/11/2025 11:00","BZN|BG","5413.05","4911.00"
"27/11/2025 11:00 - 27/11/2025 12:00","BZN|BG","5346.06","4781.00"
"27/11/2025 12:00 - 27/11/2025 13:00","BZN|BG","5145.62","4771.00"
"27/11/2025 13:00 - 27/11/2025 14:00","BZN|BG","5050.99","4765.00"
"27/11/2025 14:00 - 27/11/2025 15:00","BZN|BG","5069.11","4812.00"
"27/11/2025 15:00 - 27/11/2025 16:00","BZN|BG","5077.06","4864.00"
"27/11/2025 16:00 - 27/11/2025 17:00","BZN|BG","5087.45","4944.00"
"27/11/2025 17:00 - 27/11/2025 18:00","BZN|BG","5212.18","5133.00"
"27/11/2025 18:00 - 27/11/2025 19:00","BZN|BG","5401.86","5316.00"
"27/11/2025 19:00 - 27/11/2025 20:00","BZN|BG","5273.81","5115.00"
"27/11/2025 20:00 - 27/11/2025 21:00","BZN|BG","4991.92","4835.00"
"27/11/2025 21:00 - 27/11/2025 22:00","BZN|BG","4768.69","4575.00"
"27/11/2025 22:00 - 27/11/2025 23:00","BZN|BG","4429.54","4200.00"
"27/11/2025 23:00 - 28/11/2025 00:00","BZN|BG","4167.94","4064.00"
"28/11/2025 00:00 - 28/11/2025 01:00","BZN|BG","3992.45","3870.00"
"28/11/2025 01:00 - 28/11/2025 02:00","BZN|BG","4117.66","3781.00"
"28/11/2025 02:00 - 28/11/2025 03:00","BZN|BG","4249.43","3778.00"
"28/11/2025 03:00 - 28/11/2025 04:00","BZN|BG","4359.69","3826.00"
"28/11/2025 04:00 - 28/11/2025 05:00","BZN|BG","4150.14","3978.00"
"28/11/2025 05:00 - 28/11/2025 06:00","BZN|BG","4407.14","4459.00"
"28/11/2025 06:00 - 28/11/2025 07:00","BZN|BG","4844.21","4941.00"
"28/11/2025 07:00 - 28/11/2025 08:00","BZN|BG","5154.66","5256.00"
"28/11/2025 08:00 - 28/11/2025 09:00","BZN|BG","5280.17","5353.00"
"28/11/2025 09:00 - 28/11/2025 10:00","BZN|BG","5312.25","5259.00"
"28/11/2025 10:00 - 28/11/2025 11:00","BZN|BG","5488.11","5147.00"
"28/11/2025 11:00 - 28/11/2025 12:00","BZN|BG","5496.97","5047.00"
"28/11/2025 12:00 - 28/11/2025 13:00","BZN|BG","5502.36","5046.00"
"28/11/2025 13:00 - 28/11/2025 14:00","BZN|BG","5325.54","5046.00"
"28/11/2025 14:00 - 28/11/2025 15:00","BZN|BG","5276.44","5105.00"
"28/11/2025 15:00 - 28/11/2025 16:00","BZN|BG","5348.41","5179.00"
"28/11/2025 16:00 - 28/11/2025 17:00","BZN|BG","5291.37","5282.00"
"28/11/2025 17:00 - 28/11/2025 18:00","BZN|BG","5371.04","5558.00"
"28/11/2025 18:00 - 28/11/2025 19:00","BZN|BG","5463.82","5603.00"
"28/11/2025 19:00 - 28/11/2025 20:00","BZN|BG","5286.91","5400.00"
"28/11/2025 20:00 - 28/11/2025 21:00","BZN|BG","4988.22","5097.00"
"28/11/2025 21:00 - 28/11/2025 22:00","BZN|BG","4811.10","4833.00"
"28/11/2025 22:00 - 28/11/2025 23:00","BZN|BG","4517.33","4427.00"
"28/11/2025 23:00 - 29/11/2025 00:00","BZN|BG","4259.04","4176.00"
"29/11/2025 00:00 - 29/11/2025 01:00","BZN|BG","4046.48","3957.00"
"29/11/2025 01:00 - 29/11/2025 02:00","BZN|BG","4292.69","3846.00"
"29/11/2025 02:00 - 29/11/2025 03:00","BZN|BG","4311.40","3814.00"
"29/11/2025 03:00 - 29/11/2025 04:00","BZN|BG","4354.57","3842.00"
"29/11/2025 04:00 - 29/11/2025 05:00","BZN|BG","4149.20","3911.00"
"29/11/2025 05:00 - 29/11/2025 06:00","BZN|BG","3951.06","4112.00"
"29/11/2025 06:00 - 29/11/2025 07:00","BZN|BG","4269.43","4470.00"
"29/11/2025 07:00 - 29/11/2025 08:00","BZN|BG","4757.18","4927.00"
"29/11/2025 08:00 - 29/11/2025 09:00","BZN|BG","5061.24","5121.00"
"29/11/2025 09:00 - 29/11/2025 10:00","BZN|BG","5190.38","5114.00"
"29/11/2025 10:00 - 29/11/2025 11:00","BZN|BG","5221.18","5056.00"
"29/11/2025 11:00 - 29/11/2025 12:00","BZN|BG","5442.96","4998.00"
"29/11/2025 12:00 - 29/11/2025 13:00","BZN|BG","5459.45","4955.00"
"29/11/2025 13:00 - 29/11/2025 14:00","BZN|BG","5124.06","4940.00"
"29/11/2025 14:00 - 29/11/2025 15:00","BZN|BG","5056.26","5017.00"
"29/11/2025 15:00 - 29/11/2025 16:00","BZN|BG","5127.30","5066.00"
"29/11/2025 16:00 - 29/11/2025 17:00","BZN|BG","5198.14","5206.00"
"29/11/2025 17:00 - 29/11/2025 18:00","BZN|BG","5160.95","5521.00"
"29/11/2025 18:00 - 29/11/2025 19:00","BZN|BG","5205.01","5511.00"
"29/11/2025 19:00 - 29/11/2025 20:00","BZN|BG","5057.14","5371.00"
"29/11/2025 20:00 - 29/11/2025 21:00","BZN|BG","4816.00","4996.00"
"29/11/2025 21:00 - 29/11/2025 22:00","BZN|BG","4723.31","4810.00"
"29/11/2025 22:00 - 29/11/2025 23:00","BZN|BG","4517.31","4455.00"
"29/11/2025 23:00 - 30/11/2025 00:00","BZN|BG","4303.84","4047.00"
"30/11/2025 00:00 - 30/11/2025 01:00","BZN|BG","4045.98","3846.00"
"30/11/2025 01:00 - 30/11/2025 02:00","BZN|BG","4159.99","3728.00"
"30/11/2025 02:00 - 30/11/2025 03:00","BZN|BG","4323.45","3711.00"
"30/11/2025 03:00 - 30/11/2025 04:00","BZN|BG","4399.95","3748.00"
"30/11/2025 04:00 - 30/11/2025 05:00","BZN|BG","4283.70","3841.00"
"30/11/2025 05:00 - 30/11/2025 06:00","BZN|BG","4117.26","3951.00"
"30/11/2025 06:00 - 30/11/2025 07:00","BZN|BG","4289.20","4214.00"
"30/11/2025 07:00 - 30/11/2025 08:00","BZN|BG","4636.40","4644.00"
"30/11/2025 08:00 - 30/11/2025 09:00","BZN|BG","4936.64","5025.00"
"30/11/2025 09:00 - 30/11/2025 10:00","BZN|BG","5094.43","5163.00"
"30/11/2025 10:00 - 30/11/2025 11:00","BZN|BG","5294.99","5182.00"
"30/11/2025 11:00 - 30/11/2025 12:00","BZN|BG","5357.35","5146.00"
"30/11/2025 12:00 - 30/11/2025 13:00","BZN|BG","5235.97","5137.00"
"30/11/2025 13:00 - 30/11/2025 14:00","BZN|BG","5037.33","5080.00"
"30/11/2025 14:00 - 30/11/2025 15:00","BZN|BG","5106.82","5132.00"
"30/11/2025 15:00 - 30/11/2025 16:00","BZN|BG","5302.07","5243.00"
"30/11/2025 16:00 - 30/11/2025 17:00","BZN|BG","5509.34","5471.00"
"30/11/2025 17:00 - 30/11/2025 18:00","BZN|BG","5485.64","5640.00"
"30/11/2025 18:00 - 30/11/2025 19:00","BZN|BG","5450.25","5667.00"
"30/11/2025 19:00 - 30/11/2025 20:00","BZN|BG","5426.28","5423.00"
"30/11/2025 20:00 - 30/11/2025 21:00","BZN|BG","5129.07","5098.00"
"30/11/2025 21:00 - 30/11/2025 22:00","BZN|BG","4935.00","4879.00"
"30/11/2025 22:00 - 30/11/2025 23:00","BZN|BG","4586.50","4519.00"
"30/11/2025 23:00 - 01/12/2025 00:00","BZN|BG","4290.95","4277.00"
"01/12/2025 00:00 - 01/12/2025 01:00","BZN|BG","4108.05","4027.00"
"01/12/2025 01:00 - 01/12/2025 02:00","BZN|BG","4421.79","3924.00"
"01/12/2025 02:00 - 01/12/2025 03:00","BZN|BG","4416.51","3885.00"
"01/12/2025 03:00 - 01/12/2025 04:00","BZN|BG","4488.13","3908.00"
"01/12/2025 04:00 - 01/12/2025 05:00","BZN|BG","4345.04","4166.00"
"01/12/2025 05:00 - 01/12/2025 06:00","BZN|BG","4675.70","4696.00"
"01/12/2025 06:00 - 01/12/2025 07:00","BZN|BG","5176.55","5249.00"
"01/12/2025 07:00 - 01/12/2025 08:00","BZN|BG","5490.20","5779.00"
"01/12/2025 08:00 - 01/12/2025 09:00","BZN|BG","5446.38","5606.00"
"01/12/2025 09:00 - 01/12/2025 10:00","BZN|BG","5251.89","5341.00"
"01/12/2025 10:00 - 01/12/2025 11:00","BZN|BG","5417.63","5275.00"
"01/12/2025 11:00 - 01/12/2025 12:00","BZN|BG","5316.72","5275.00"
"01/12/2025 12:00 - 01/12/2025 13:00","BZN|BG","5124.09","5275.00"
"01/12/2025 13:00 - 01/12/2025 14:00","BZN|BG","4931.12","5275.00"
"01/12/2025 14:00 - 01/12/2025 15:00","BZN|BG","5073.86","5346.00"
"01/12/2025 15:00 - 01/12/2025 16:00","BZN|BG","5135.83","5568.00"
"01/12/2025 16:00 - 01/12/2025 17:00","BZN|BG","5299.06","5775.00"
"01/12/2025 17:00 - 01/12/2025 18:00","BZN|BG","5497.43","6030.00"
"01/12/2025 18:00 - 01/12/2025 19:00","BZN|BG","5607.54","6001.00"
"01/12/2025 19:00 - 01/12/2025 20:00","BZN|BG","5573.06","5785.00"
"01/12/2025 20:00 - 01/12/2025 21:00","BZN|BG","5302.08","5576.00"
"01/12/2025 21:00 - 01/12/2025 22:00","BZN|BG","5137.28","5194.00"
"01/12/2025 22:00 - 01/12/2025 23:00","BZN|BG","4792.94","4763.00"
"01/12/2025 23:00 - 02/12/2025 00:00","BZN|BG","4474.41","4487.00"
"02/12/2025 00:00 - 02/12/2025 01:00","BZN|BG","4333.97","4247.00"
"02/12/2025 01:00 - 02/12/2025 02:00","BZN|BG","4601.79","4124.00"
"02/12/2025 02:00 - 02/12/2025 03:00","BZN|BG","4666.00","4111.00"
"02/12/2025 03:00 - 02/12/2025 04:00","BZN|BG","4758.12","4142.00"
"02/12/2025 04:00 - 02/12/2025 05:00","BZN|BG","4544.05","4299.00"
"02/12/2025 05:00 - 02/12/2025 06:00","BZN|BG","4856.61","4645.00"
"02/12/2025 06:00 - 02/12/2025 07:00","BZN|BG","5317.99","5077.00"
"02/12/2025 07:00 - 02/12/2025 08:00","BZN|BG","5645.28","5380.00"
"02/12/2025 08:00 - 02/12/2025 09:00","BZN|BG","5630.16","5529.00"
"02/12/2025 09:00 - 02/12/2025 10:00","BZN|BG","5513.22","5411.00"
"02/12/2025 10:00 - 02/12/2025 11:00","BZN|BG","5506.25","5160.00"
"02/12/2025 11:00 - 02/12/2025 12:00","BZN|BG","5383.53","5149.00"
"02/12/2025 12:00 - 02/12/2025 13:00","BZN|BG","5206.27","5149.00"
"02/12/2025 13:00 - 02/12/2025 14:00","BZN|BG","5106.59","5149.00"
"02/12/2025 14:00 - 02/12/2025 15:00","BZN|BG","5242.60","5245.00"
"02/12/2025 15:00 - 02/12/2025 16:00","BZN|BG","5339.43","5391.00"
"02/12/2025 16:00 - 02/12/2025 17:00","BZN|BG","5458.85","5595.00"
"02/12/2025 17:00 - 02/12/2025 18:00","BZN|BG","5642.98","5922.00"
"02/12/2025 18:00 - 02/12/2025 19:00","BZN|BG","5806.63","6002.00"
"02/12/2025 19:00 - 02/12/2025 20:00","BZN|BG","5720.16","5736.00"
"02/12/2025 20:00 - 02/12/2025 21:00","BZN|BG","5436.80","5457.00"
"02/12/2025 21:00 - 02/12/2025 22:00","BZN|BG","5196.77","5195.00"
"02/12/2025 22:00 - 02/12/2025 23:00","BZN|BG","4819.88","4852.00"
"02/12/2025 23:00 - 03/12/2025 00:00","BZN|BG","4518.98","4525.00"
"03/12/2025 00:00 - 03/12/2025 01:00","BZN|BG","4291.28","4354.00"
"03/12/2025 01:00 - 03/12/2025 02:00","BZN|BG","4508.55","4250.00"
"03/12/2025 02:00 - 03/12/2025 03:00","BZN|BG","4663.76","4233.00"
"03/12/2025 03:00 - 03/12/2025 04:00","BZN|BG","4749.49","4270.00"
"03/12/2025 04:00 - 03/12/2025 05:00","BZN|BG","4578.73","4412.00"
"03/12/2025 05:00 - 03/12/2025 06:00","BZN|BG","4879.94","4790.00"
"03/12/2025 06:00 - 03/12/2025 07:00","BZN|BG","5329.07","5130.00"
"03/12/2025 07:00 - 03/12/2025 08:00","BZN|BG","5639.77","5440.00"
"03/12/2025 08:00 - 03/12/2025 09:00","BZN|BG","5642.81","5517.00"
"03/12/2025 09:00 - 03/12/2025 10:00","BZN|BG","5586.32","5336.00"
"03/12/2025 10:00 - 03/12/2025 11:00","BZN|BG","5567.82","4942.00"
"03/12/2025 11:00 - 03/12/2025 12:00","BZN|BG","5749.48","4942.00"
"03/12/2025 12:00 - 03/12/2025 13:00","BZN|BG","5616.03","4942.00"
"03/12/2025 13:00 - 03/12/2025 14:00","BZN|BG","5469.05","4942.00"
"03/12/2025 14:00 - 03/12/2025 15:00","BZN|BG","5417.48","5060.00"
"03/12/2025 15:00 - 03/12/2025 16:00","BZN|BG","5423.77","5216.00"
"03/12/2025 16:00 - 03/12/2025 17:00","BZN|BG","5515.80","5455.00"
"03/12/2025 17:00 - 03/12/2025 18:00","BZN|BG","5645.59","5803.00"
"03/12/2025 18:00 - 03/12/2025 19:00","BZN|BG","5824.32","5834.00"
"03/12/2025 19:00 - 03/12/2025 20:00","BZN|BG","5725.44","5588.00"
"03/12/2025 20:00 - 03/12/2025 21:00","BZN|BG","5413.90","5345.00"
"03/12/2025 21:00 - 03/12/2025 22:00","BZN|BG","5180.77","5098.00"
"03/12/2025 22:00 - 03/12/2025 23:00","BZN|BG","4788.58","4782.00"
"03/12/2025 23:00 - 04/12/2025 00:00","BZN|BG","4509.59","4456.00"
"04/12/2025 00:00 - 04/12/2025 01:00","BZN|BG","4312.19","4241.00"
"04/12/2025 01:00 - 04/12/2025 02:00","BZN|BG","4317.10","4129.00"
"04/12/2025 02:00 - 04/12/2025 03:00","BZN|BG","4496.73","4122.00"
"04/12/2025 03:00 - 04/12/2025 04:00","BZN|BG","4708.71","4151.00"
"04/12/2025 04:00 - 04/12/2025 05:00","BZN|BG","4654.85","4285.00"
"04/12/2025 05:00 - 04/12/2025 06:00","BZN|BG","4788.53","4727.00"
"04/12/2025 06:00 - 04/12/2025 07:00","BZN|BG","5241.94","5151.00"
"04/12/2025 07:00 - 04/12/2025 08:00","BZN|BG","5556.69","5425.00"
"04/12/2025 08:00 - 04/12/2025 09:00","BZN|BG","5590.74","5520.00"
"04/12/2025 09:00 - 04/12/2025 10:00","BZN|BG","5488.81","5392.00"
"04/12/2025 10:00 - 04/12/2025 11:00","BZN|BG","5519.21","5286.00"
"04/12/2025 11:00 - 04/12/2025 12:00","BZN|BG","5631.39","5167.00"
"04/12/2025 12:00 - 04/12/2025 13:00","BZN|BG","5666.91","5167.00"
"04/12/2025 13:00 - 04/12/2025 14:00","BZN|BG","5493.09","5167.00"
"04/12/2025 14:00 - 04/12/2025 15:00","BZN|BG","5354.49","5252.00"
"04/12/2025 15:00 - 04/12/2025 16:00","BZN|BG","5176.60","5330.00"
"04/12/2025 16:00 - 04/12/2025 17:00","BZN|BG","5417.84","5466.00"
"04/12/2025 17:00 - 04/12/2025 18:00","BZN|BG","5638.20","5727.00"
"04/12/2025 18:00 - 04/12/2025 19:00","BZN|BG","5804.67","5853.00"
"04/12/2025 19:00 - 04/12/2025 20:00","BZN|BG","5615.05","5698.00"
"04/12/2025 20:00 - 04/12/2025 21:00","BZN|BG","5363.30","5434.00"
"04/12/2025 21:00 - 04/12/2025 22:00","BZN|BG","5082.12","5172.00"
"04/12/2025 22:00 - 04/12/2025 23:00","BZN|BG","4703.93","4821.00"
"04/12/2025 23:00 - 05/12/2025 00:00","BZN|BG","4387.97","4409.00"
"05/12/2025 00:00 - 05/12/2025 01:00","BZN|BG","4215.40","4176.00"
"05/12/2025 01:00 - 05/12/2025 02:00","BZN|BG","4415.67","4057.00"
"05/12/2025 02:00 - 05/12/2025 03:00","BZN|BG","4670.97","4047.00"
"05/12/2025 03:00 - 05/12/2025 04:00","BZN|BG","4718.24","4077.00"
"05/12/2025 04:00 - 05/12/2025 05:00","BZN|BG","4340.10","4209.00"
"05/12/2025 05:00 - 05/12/2025 06:00","BZN|BG","4617.10","4641.00"
"05/12/2025 06:00 - 05/12/2025 07:00","BZN|BG","5047.41","5092.00"
"05/12/2025 07:00 - 05/12/2025 08:00","BZN|BG","5384.99","5414.00"
"05/12/2025 08:00 - 05/12/2025 09:00","BZN|BG","5329.77","5503.00"
"05/12/2025 09:00 - 05/12/2025 10:00","BZN|BG","5434.50","5373.00"
"05/12/2025 10:00 - 05/12/2025 11:00","BZN|BG","5455.66","5240.00"
"05/12/2025 11:00 - 05/12/2025 12:00","BZN|BG","5437.25","5159.00"
"05/12/2025 12:00 - 05/12/2025 13:00","BZN|BG","5340.46","5159.00"
"05/12/2025 13:00 - 05/12/2025 14:00","BZN|BG","5321.33","5159.00"
"05/12/2025 14:00 - 05/12/2025 15:00","BZN|BG","5364.21","5209.00"
"05/12/2025 15:00 - 05/12/2025 16:00","BZN|BG","5186.80","5303.00"
"05/12/2025 16:00 - 05/12/2025 17:00","BZN|BG","5327.65","5488.00"
"05/12/2025 17:00 - 05/12/2025 18:00","BZN|BG","5586.84","5626.00"
"05/12/2025 18:00 - 05/12/2025 19:00","BZN|BG","5579.07","5613.00"
"05/12/2025 19:00 - 05/12/2025 20:00","BZN|BG","5349.28","5445.00"
"05/12/2025 20:00 - 05/12/2025 21:00","BZN|BG","5131.94","5190.00"
"05/12/2025 21:00 - 05/12/2025 22:00","BZN|BG","4961.24","4946.00"
"05/12/2025 22:00 - 05/12/2025 23:00","BZN|BG","4693.10","4642.00"
"05/12/2025 23:00 - 06/12/2025 00:00","BZN|BG","4435.08","4274.00"
"06/12/2025 00:00 - 06/12/2025 01:00","BZN|BG","4179.29","4063.00"
"06/12/2025 01:00 - 06/12/2025 02:00","BZN|BG","4263.15","3978.00"
"06/12/2025 02:00 - 06/12/2025 03:00","BZN|BG","4656.06","3943.00"
"06/12/2025 03:00 - 06/12/2025 04:00","BZN|BG","4711.34","3921.00"
"06/12/2025 04:00 - 06/12/2025 05:00","BZN|BG","4478.57","3943.00"
"06/12/2025 05:00 - 06/12/2025 06:00","BZN|BG","4259.83","4036.00"
"06/12/2025 06:00 - 06/12/2025 07:00","BZN|BG","4469.52","4318.00"
"06/12/2025 07:00 - 06/12/2025 08:00","BZN|BG","4925.42","4739.00"
"06/12/2025 08:00 - 06/12/2025 09:00","BZN|BG","5276.80","5008.00"
"06/12/2025 09:00 - 06/12/2025 10:00","BZN|BG","5428.43","5120.00"
"06/12/2025 10:00 - 06/12/2025 11:00","BZN|BG","5454.82","5141.00"
"06/12/2025 11:00 - 06/12/2025 12:00","BZN|BG","5404.94","5047.00"
"06/12/2025 12:00 - 06/12/2025 13:00","BZN|BG","5365.97","5008.00"
"06/12/2025 13:00 - 06/12/2025 14:00","BZN|BG","5292.43","4828.00"
"06/12/2025 14:00 - 06/12/2025 15:00","BZN|BG","5268.11","4882.00"
"06/12/2025 15:00 - 06/12/2025 16:00","BZN|BG","5360.83","5078.00"
"06/12/2025 16:00 - 06/12/2025 17:00","BZN|BG","5281.58","5269.00"
"06/12/2025 17:00 - 06/12/2025 18:00","BZN|BG","5243.95","5403.00"
"06/12/2025 18:00 - 06/12/2025 19:00","BZN|BG","5175.22","5333.00"
"06/12/2025 19:00 - 06/12/2025 20:00","BZN|BG","5084.84","5066.00"
"06/12/2025 20:00 - 06/12/2025 21:00","BZN|BG","4908.40","4837.00"
"06/12/2025 21:00 - 06/12/2025 22:00","BZN|BG","4775.38","4754.00"
"06/12/2025 22:00 - 06/12/2025 23:00","BZN|BG","4539.75","4543.00"
"06/12/2025 23:00 - 07/12/2025 00:00","BZN|BG","4367.42","4169.00"
"07/12/2025 00:00 - 07/12/2025 01:00","BZN|BG","4134.18","3948.00"
"07/12/2025 01:00 - 07/12/2025 02:00","BZN|BG","4271.44","3828.00"
"07/12/2025 02:00 - 07/12/2025 03:00","BZN|BG","4573.52","3828.00"
"07/12/2025 03:00 - 07/12/2025 04:00","BZN|BG","4658.73","3807.00"
"07/12/2025 04:00 - 07/12/2025 05:00","BZN|BG","4410.18","3867.00"
"07/12/2025 05:00 - 07/12/2025 06:00","BZN|BG","4081.23","3946.00"
"07/12/2025 06:00 - 07/12/2025 07:00","BZN|BG","4284.81","4185.00"
"07/12/2025 07:00 - 07/12/2025 08:00","BZN|BG","4687.38","4557.00"
"07/12/2025 08:00 - 07/12/2025 09:00","BZN|BG","5042.97","4858.00"
"07/12/2025 09:00 - 07/12/2025 10:00","BZN|BG","5212.08","5018.00"
"07/12/2025 10:00 - 07/12/2025 11:00","BZN|BG","5213.38","4988.00"
"07/12/2025 11:00 - 07/12/2025 12:00","BZN|BG","5266.61","4968.00"
"07/12/2025 12:00 - 07/12/2025 13:00","BZN|BG","5243.87","4889.00"
"07/12/2025 13:00 - 07/12/2025 14:00","BZN|BG","5158.84","4862.00"
"07/12/2025 14:00 - 07/12/2025 15:00","BZN|BG","5189.80","4971.00"
"07/12/2025 15:00 - 07/12/2025 16:00","BZN|BG","5379.51","5194.00"
"07/12/2025 16:00 - 07/12/2025 17:00","BZN|BG","5551.92","5377.00"
"07/12/2025 17:00 - 07/12/2025 18:00","BZN|BG","5618.90","5575.00"
"07/12/2025 18:00 - 07/12/2025 19:00","BZN|BG","5405.64","5502.00"
"07/12/2025 19:00 - 07/12/2025 20:00","BZN|BG","5280.15","5307.00"
"07/12/2025 20:00 - 07/12/2025 21:00","BZN|BG","5217.92","5050.00"
"07/12/2025 21:00 - 07/12/2025 22:00","BZN|BG","4997.30","4872.00"
"07/12/2025 22:00 - 07/12/2025 23:00","BZN|BG","4636.56","4569.00"
"07/12/2025 23:00 - 08/12/2025 00:00","BZN|BG","4378.21","4349.00"
"08/12/2025 00:00 - 08/12/2025 01:00","BZN|BG","4081.29","4163.00"
"08/12/2025 01:00 - 08/12/2025 02:00","BZN|BG","4373.52","3944.00"
"08/12/2025 02:00 - 08/12/2025 03:00","BZN|BG","4533.97","3924.00"
"08/12/2025 03:00 - 08/12/2025 04:00","BZN|BG","4711.39","4005.00"
"08/12/2025 04:00 - 08/12/2025 05:00","BZN|BG","4516.18","4113.00"
"08/12/2025 05:00 - 08/12/2025 06:00","BZN|BG","4722.85","4652.00"
"08/12/2025 06:00 - 08/12/2025 07:00","BZN|BG","5132.29","5126.00"
"08/12/2025 07:00 - 08/12/2025 08:00","BZN|BG","5526.81","5461.00"
"08/12/2025 08:00 - 08/12/2025 09:00","BZN|BG","5683.66","5619.00"
"08/12/2025 09:00 - 08/12/2025 10:00","BZN|BG","5597.16","5560.00"
"08/12/2025 10:00 - 08/12/2025 11:00","BZN|BG","5531.49","5465.00"
"08/12/2025 11:00 - 08/12/2025 12:00","BZN|BG","5437.80","5416.00"
"08/12/2025 12:00 - 08/12/2025 13:00","BZN|BG","5422.06","5416.00"
"08/12/2025 13:00 - 08/12/2025 14:00","BZN|BG","5359.86","5416.00"
"08/12/2025 14:00 - 08/12/2025 15:00","BZN|BG","5425.45","5465.00"
"08/12/2025 15:00 - 08/12/2025 16:00","BZN|BG","5453.62","5553.00"
"08/12/2025 16:00 - 08/12/2025 17:00","BZN|BG","5416.99","5707.00"
"08/12/2025 17:00 - 08/12/2025 18:00","BZN|BG","5580.03","5856.00"
"08/12/2025 18:00 - 08/12/2025 19:00","BZN|BG","5821.96","5819.00"
"08/12/2025 19:00 - 08/12/2025 20:00","BZN|BG","5670.82","5623.00"
"08/12/2025 20:00 - 08/12/2025 21:00","BZN|BG","5438.99","5411.00"
"08/12/2025 21:00 - 08/12/2025 22:00","BZN|BG","5143.43","5103.00"
"08/12/2025 22:00 - 08/12/2025 23:00","BZN|BG","4780.30","4752.00"
"08/12/2025 23:00 - 09/12/2025 00:00","BZN|BG","4537.81","4435.00"
"09/12/2025 00:00 - 09/12/2025 01:00","BZN|BG","4505.83","4185.00"
"09/12/2025 01:00 - 09/12/2025 02:00","BZN|BG","4643.47","4030.00"
"09/12/2025 02:00 - 09/12/2025 03:00","BZN|BG","4692.96","4020.00"
"09/12/2025 03:00 - 09/12/2025 04:00","BZN|BG","4489.07","4060.00"
"09/12/2025 04:00 - 09/12/2025 05:00","BZN|BG","4492.58","4182.00"
"09/12/2025 05:00 - 09/12/2025 06:00","BZN|BG","4702.00","4609.00"
"09/12/2025 06:00 - 09/12/2025 07:00","BZN|BG","5162.73","5086.00"
"09/12/2025 07:00 - 09/12/2025 08:00","BZN|BG","5536.43","5468.00"
"09/12/2025 08:00 - 09/12/2025 09:00","BZN|BG","5667.13","5620.00"
"09/12/2025 09:00 - 09/12/2025 10:00","BZN|BG","5517.98","5530.00"
"09/12/2025 10:00 - 09/12/2025 11:00","BZN|BG","5461.13","5426.00"
"09/12/2025 11:00 - 09/12/2025 12:00","BZN|BG","5389.59","5394.00"
"09/12/2025 12:00 - 09/12/2025 13:00","BZN|BG","5345.87","5394.00"
"09/12/2025 13:00 - 09/12/2025 14:00","BZN|BG","5184.64","5394.00"
"09/12/2025 14:00 - 09/12/2025 15:00","BZN|BG","5236.18","5432.00"
"09/12/2025 15:00 - 09/12/2025 16:00","BZN|BG","5391.47","5545.00"
"09/12/2025 16:00 - 09/12/2025 17:00","BZN|BG","5476.67","5746.00"
"09/12/2025 17:00 - 09/12/2025 18:00","BZN|BG","5653.40","5924.00"
"09/12/2025 18:00 - 09/12/2025 19:00","BZN|BG","5792.64","5939.00"
"09/12/2025 19:00 - 09/12/2025 20:00","BZN|BG","5761.65","5763.00"
"09/12/2025 20:00 - 09/12/2025 21:00","BZN|BG","5563.08","5472.00"
"09/12/2025 21:00 - 09/12/2025 22:00","BZN|BG","5291.60","5183.00"
"09/12/2025 22:00 - 09/12/2025 23:00","BZN|BG","4891.28","4838.00"
"09/12/2025 23:00 - 10/12/2025 00:00","BZN|BG","4576.40","4532.00"
"10/12/2025 00:00 - 10/12/2025 01:00","BZN|BG","4458.98","4298.00"
"10/12/2025 01:00 - 10/12/2025 02:00","BZN|BG","4546.99","4134.00"
"10/12/2025 02:00 - 10/12/2025 03:00","BZN|BG","4714.80","4110.00"
"10/12/2025 03:00 - 10/12/2025 04:00","BZN|BG","4821.30","4149.00"
"10/12/2025 04:00 - 10/12/2025 05:00","BZN|BG","4724.83","4264.00"
"10/12/2025 05:00 - 10/12/2025 06:00","BZN|BG","4919.75","4649.00"
"10/12/2025 06:00 - 10/12/2025 07:00","BZN|BG","5378.14","5093.00"
"10/12/2025 07:00 - 10/12/2025 08:00","BZN|BG","5743.33","5447.00"
"10/12/2025 08:00 - 10/12/2025 09:00","BZN|BG","5811.01","5589.00"
"10/12/2025 09:00 - 10/12/2025 10:00","BZN|BG","5674.64","5365.00"
"10/12/2025 10:00 - 10/12/2025 11:00","BZN|BG","5513.78","5101.00"
"10/12/2025 11:00 - 10/12/2025 12:00","BZN|BG","5568.68","5029.00"
"10/12/2025 12:00 - 10/12/2025 13:00","BZN|BG","5516.12","5029.00"
"10/12/2025 13:00 - 10/12/2025 14:00","BZN|BG","5298.41","5029.00"
"10/12/2025 14:00 - 10/12/2025 15:00","BZN|BG","5281.73","5087.00"
"10/12/2025 15:00 - 10/12/2025 16:00","BZN|BG","5369.04","5252.00"
"10/12/2025 16:00 - 10/12/2025 17:00","BZN|BG","5604.50","5560.00"
"10/12/2025 17:00 - 10/12/2025 18:00","BZN|BG","5807.99","5841.00"
"10/12/2025 18:00 - 10/12/2025 19:00","BZN|BG","5889.68","5897.00"
"10/12/2025 19:00 - 10/12/2025 20:00","BZN|BG","5729.78","5747.00"
"10/12/2025 20:00 - 10/12/2025 21:00","BZN|BG","5514.93","5477.00"
"10/12/2025 21:00 - 10/12/2025 22:00","BZN|BG","5271.32","5181.00"
"10/12/2025 22:00 - 10/12/2025 23:00","BZN|BG","4890.36","4849.00"
"10/12/2025 23:00 - 11/12/2025 00:00","BZN|BG","4521.44","4530.00"
"11/12/2025 00:00 - 11/12/2025 01:00","BZN|BG","4494.21","4342.00"
"11/12/2025 01:00 - 11/12/2025 02:00","BZN|BG","4606.43","4220.00"
"11/12/2025 02:00 - 11/12/2025 03:00","BZN|BG","4811.69","4202.00"
"11/12/2025 03:00 - 11/12/2025 04:00","BZN|BG","4855.32","4243.00"
"11/12/2025 04:00 - 11/12/2025 05:00","BZN|BG","4660.26","4359.00"
"11/12/2025 05:00 - 11/12/2025 06:00","BZN|BG","4867.41","4816.00"
"11/12/2025 06:00 - 11/12/2025 07:00","BZN|BG","5400.83","5321.00"
"11/12/2025 07:00 - 11/12/2025 08:00","BZN|BG","5708.44","5749.00"
"11/12/2025 08:00 - 11/12/2025 09:00","BZN|BG","5707.47","5907.00"
"11/12/2025 09:00 - 11/12/2025 10:00","BZN|BG","5428.96","5759.00"
"11/12/2025 10:00 - 11/12/2025 11:00","BZN|BG","5188.62","5582.00"
"11/12/2025 11:00 - 11/12/2025 12:00","BZN|BG","5149.87","5507.00"
"11/12/2025 12:00 - 11/12/2025 13:00","BZN|BG","5027.34","5496.00"
"11/12/2025 13:00 - 11/12/2025 14:00","BZN|BG","4878.22","5471.00"
"11/12/2025 14:00 - 11/12/2025 15:00","BZN|BG","4955.75","5508.00"
"11/12/2025 15:00 - 11/12/2025 16:00","BZN|BG","5222.35","5647.00"
"11/12/2025 16:00 - 11/12/2025 17:00","BZN|BG","5327.89","5891.00"
"11/12/2025 17:00 - 11/12/2025 18:00","BZN|BG","5557.34","6120.00"
"11/12/2025 18:00 - 11/12/2025 19:00","BZN|BG","5697.99","6100.00"
"11/12/2025 19:00 - 11/12/2025 20:00","BZN|BG","5618.81","5938.00"
"11/12/2025 20:00 - 11/12/2025 21:00","BZN|BG","5388.92","5657.00"
"11/12/2025 21:00 - 11/12/2025 22:00","BZN|BG","5171.37","5327.00"
"11/12/2025 22:00 - 11/12/2025 23:00","BZN|BG","4780.71","4926.00"
"11/12/2025 23:00 - 12/12/2025 00:00","BZN|BG","4443.73","4506.00"
"12/12/2025 00:00 - 12/12/2025 01:00","BZN|BG","4452.28","4316.00"
"12/12/2025 01:00 - 12/12/2025 02:00","BZN|BG","4632.21","4207.00"
"12/12/2025 02:00 - 12/12/2025 03:00","BZN|BG","4726.97","4189.00"
"12/12/2025 03:00 - 12/12/2025 04:00","BZN|BG","4639.73","4231.00"
"12/12/2025 04:00 - 12/12/2025 05:00","BZN|BG","4569.27","4354.00"
"12/12/2025 05:00 - 12/12/2025 06:00","BZN|BG","4799.84","4772.00"
"12/12/2025 06:00 - 12/12/2025 07:00","BZN|BG","5210.93","5255.00"
"12/12/2025 07:00 - 12/12/2025 08:00","BZN|BG","5588.44","5641.00"
"12/12/2025 08:00 - 12/12/2025 09:00","BZN|BG","5676.03","5768.00"
"12/12/2025 09:00 - 12/12/2025 10:00","BZN|BG","5486.06","5675.00"
"12/12/2025 10:00 - 12/12/2025 11:00","BZN|BG","5334.08","5535.00"
"12/12/2025 11:00 - 12/12/2025 12:00","BZN|BG","5197.74","5462.00"
"12/12/2025 12:00 - 12/12/2025 13:00","BZN|BG","5211.05","5443.00"
"12/12/2025 13:00 - 12/12/2025 14:00","BZN|BG","5205.04","5430.00"
"12/12/2025 14:00 - 12/12/2025 15:00","BZN|BG","5265.82","5464.00"
"12/12/2025 15:00 - 12/12/2025 16:00","BZN|BG","5358.67","5567.00"
"12/12/2025 16:00 - 12/12/2025 17:00","BZN|BG","5420.77","5769.00"
"12/12/2025 17:00 - 12/12/2025 18:00","BZN|BG","5572.13","5968.00"
"12/12/2025 18:00 - 12/12/2025 19:00","BZN|BG","5710.50","5980.00"
"12/12/2025 19:00 - 12/12/2025 20:00","BZN|BG","5593.78","5810.00"
"12/12/2025 20:00 - 12/12/2025 21:00","BZN|BG","5309.47","5562.00"
"12/12/2025 21:00 - 12/12/2025 22:00","BZN|BG","5142.46","5291.00"
"12/12/2025 22:00 - 12/12/2025 23:00","BZN|BG","4855.54","4933.00"
"12/12/2025 23:00 - 13/12/2025 00:00","BZN|BG","4526.62","4387.00"
"13/12/2025 00:00 - 13/12/2025 01:00","BZN|BG","4351.00","4178.00"
"13/12/2025 01:00 - 13/12/2025 02:00","BZN|BG","4386.96","4100.00"
"13/12/2025 02:00 - 13/12/2025 03:00","BZN|BG","4372.21","4037.00"
"13/12/2025 03:00 - 13/12/2025 04:00","BZN|BG","4410.42","4016.00"
"13/12/2025 04:00 - 13/12/2025 05:00","BZN|BG","4354.43","4046.00"
"13/12/2025 05:00 - 13/12/2025 06:00","BZN|BG","4411.38","4149.00"
"13/12/2025 06:00 - 13/12/2025 07:00","BZN|BG","4739.34","4516.00"
"13/12/2025 07:00 - 13/12/2025 08:00","BZN|BG","5213.76","4815.00"
"13/12/2025 08:00 - 13/12/2025 09:00","BZN|BG","5334.38","5208.00"
"13/12/2025 09:00 - 13/12/2025 10:00","BZN|BG","5325.02","5301.00"
"13/12/2025 10:00 - 13/12/2025 11:00","BZN|BG","5387.16","5324.00"
"13/12/2025 11:00 - 13/12/2025 12:00","BZN|BG","5337.04","4966.00"
"13/12/2025 12:00 - 13/12/2025 13:00","BZN|BG","5236.94","4748.00"
"13/12/2025 13:00 - 13/12/2025 14:00","BZN|BG","4824.83","4667.00"
"13/12/2025 14:00 - 13/12/2025 15:00","BZN|BG","4868.66","4608.00"
"13/12/2025 15:00 - 13/12/2025 16:00","BZN|BG","5144.30","4804.00"
"13/12/2025 16:00 - 13/12/2025 17:00","BZN|BG","5406.20","5061.00"
"13/12/2025 17:00 - 13/12/2025 18:00","BZN|BG","5429.29","5681.00"
"13/12/2025 18:00 - 13/12/2025 19:00","BZN|BG","5384.46","5658.00"
"13/12/2025 19:00 - 13/12/2025 20:00","BZN|BG","5379.26","5314.00"
"13/12/2025 20:00 - 13/12/2025 21:00","BZN|BG","5157.98","4958.00"
"13/12/2025 21:00 - 13/12/2025 22:00","BZN|BG","5038.52","4745.00"
"13/12/2025 22:00 - 13/12/2025 23:00","BZN|BG","4808.69","4564.00"
"13/12/2025 23:00 - 14/12/2025 00:00","BZN|BG","4538.17","4389.00"
"14/12/2025 00:00 - 14/12/2025 01:00","BZN|BG","4365.63","4127.00"
"14/12/2025 01:00 - 14/12/2025 02:00","BZN|BG","4366.13","3984.00"
"14/12/2025 02:00 - 14/12/2025 03:00","BZN|BG","4425.44","3984.00"
"14/12/2025 03:00 - 14/12/2025 04:00","BZN|BG","4430.69","3959.00"
"14/12/2025 04:00 - 14/12/2025 05:00","BZN|BG","4415.81","4024.00"
"14/12/2025 05:00 - 14/12/2025 06:00","BZN|BG","4396.74","4110.00"
"14/12/2025 06:00 - 14/12/2025 07:00","BZN|BG","4648.21","4370.00"
"14/12/2025 07:00 - 14/12/2025 08:00","BZN|BG","5073.20","4776.00"
"14/12/2025 08:00 - 14/12/2025 09:00","BZN|BG","5296.81","5103.00"
"14/12/2025 09:00 - 14/12/2025 10:00","BZN|BG","5381.37","5277.00"
"14/12/2025 10:00 - 14/12/2025 11:00","BZN|BG","5525.83","5266.00"
"14/12/2025 11:00 - 14/12/2025 12:00","BZN|BG","5480.21","5158.00"
"14/12/2025 12:00 - 14/12/2025 13:00","BZN|BG","5276.46","4968.00"
"14/12/2025 13:00 - 14/12/2025 14:00","BZN|BG","5041.79","4904.00"
"14/12/2025 14:00 - 14/12/2025 15:00","BZN|BG","5034.60","5033.00"
"14/12/2025 15:00 - 14/12/2025 16:00","BZN|BG","5375.16","5299.00"
"14/12/2025 16:00 - 14/12/2025 17:00","BZN|BG","5658.67","5665.00"
"14/12/2025 17:00 - 14/12/2025 18:00","BZN|BG","5733.29","5885.00"
"14/12/2025 18:00 - 14/12/2025 19:00","BZN|BG","5733.18","5783.00"
"14/12/2025 19:00 - 14/12/2025 20:00","BZN|BG","5737.27","5525.00"
"14/12/2025 20:00 - 14/12/2025 21:00","BZN|BG","5493.87","5256.00"
"14/12/2025 21:00 - 14/12/2025 22:00","BZN|BG","5283.71","5078.00"
"14/12/2025 22:00 - 14/12/2025 23:00","BZN|BG","4953.61","4830.00"
"14/12/2025 23:00 - 15/12/2025 00:00","BZN|BG","4593.90","4593.00"
"15/12/2025 00:00 - 15/12/2025 01:00","BZN|BG","4448.02","4398.00"
"15/12/2025 01:00 - 15/12/2025 02:00","BZN|BG","4648.82","4168.00"
"15/12/2025 02:00 - 15/12/2025 03:00","BZN|BG","4988.11","4100.00"
"15/12/2025 03:00 - 15/12/2025 04:00","BZN|BG","5090.07","4100.00"
"15/12/2025 04:00 - 15/12/2025 05:00","BZN|BG","4948.66","4317.00"
"15/12/2025 05:00 - 15/12/2025 06:00","BZN|BG","5068.46","4799.00"
"15/12/2025 06:00 - 15/12/2025 07:00","BZN|BG","5602.56","5170.00"
"15/12/2025 07:00 - 15/12/2025 08:00","BZN|BG","6015.17","5523.00"
"15/12/2025 08:00 - 15/12/2025 09:00","BZN|BG","6046.38","5600.00"
"15/12/2025 09:00 - 15/12/2025 10:00","BZN|BG","5774.00","5437.00"
"15/12/2025 10:00 - 15/12/2025 11:00","BZN|BG","5638.15","5233.00"
"15/12/2025 11:00 - 15/12/2025 12:00","BZN|BG","5500.23","5150.00"
"15/12/2025 12:00 - 15/12/2025 13:00","BZN|BG","5406.00","5133.00"
"15/12/2025 13:00 - 15/12/2025 14:00","BZN|BG","5318.17","5120.00"
"15/12/2025 14:00 - 15/12/2025 15:00","BZN|BG","5432.62","5248.00"
"15/12/2025 15:00 - 15/12/2025 16:00","BZN|BG","5461.51","5449.00"
"15/12/2025 16:00 - 15/12/2025 17:00","BZN|BG","5674.03","5784.00"
"15/12/2025 17:00 - 15/12/2025 18:00","BZN|BG","5914.62","6078.00"
"15/12/2025 18:00 - 15/12/2025 19:00","BZN|BG","6140.59","6129.00"
"15/12/2025 19:00 - 15/12/2025 20:00","BZN|BG","6058.57","5895.00"
"15/12/2025 20:00 - 15/12/2025 21:00","BZN|BG","5800.41","5726.00"
"15/12/2025 21:00 - 15/12/2025 22:00","BZN|BG","5513.61","5481.00"
"15/12/2025 22:00 - 15/12/2025 23:00","BZN|BG","5119.94","5225.00"
"15/12/2025 23:00 - 16/12/2025 00:00","BZN|BG","4793.48","4762.00"
"16/12/2025 00:00 - 16/12/2025 01:00","BZN|BG","4740.97","4536.00"
"16/12/2025 01:00 - 16/12/2025 02:00","BZN|BG","5065.15","4440.00"
"16/12/2025 02:00 - 16/12/2025 03:00","BZN|BG","5155.02","4407.00"
"16/12/2025 03:00 - 16/12/2025 04:00","BZN|BG","5191.74","4478.00"
"16/12/2025 04:00 - 16/12/2025 05:00","BZN|BG","5010.54","4628.00"
"16/12/2025 05:00 - 16/12/2025 06:00","BZN|BG","5230.12","5059.00"
"16/12/2025 06:00 - 16/12/2025 07:00","BZN|BG","5774.33","5648.00"
"16/12/2025 07:00 - 16/12/2025 08:00","BZN|BG","6171.89","6086.00"
"16/12/2025 08:00 - 16/12/2025 09:00","BZN|BG","6159.76","6115.00"
"16/12/2025 09:00 - 16/12/2025 10:00","BZN|BG","5977.23","5910.00"
"16/12/2025 10:00 - 16/12/2025 11:00","BZN|BG","5781.96","5736.00"
"16/12/2025 11:00 - 16/12/2025 12:00","BZN|BG","5715.69","5588.00"
"16/12/2025 12:00 - 16/12/2025 13:00","BZN|BG","5490.67","5577.00"
"16/12/2025 13:00 - 16/12/2025 14:00","BZN|BG","5347.61","5577.00"
"16/12/2025 14:00 - 16/12/2025 15:00","BZN|BG","5477.27","5661.00"
"16/12/2025 15:00 - 16/12/2025 16:00","BZN|BG","5580.50","5830.00"
"16/12/2025 16:00 - 16/12/2025 17:00","BZN|BG","5732.80","6056.00"
"16/12/2025 17:00 - 16/12/2025 18:00","BZN|BG","6031.95","6292.00"
"16/12/2025 18:00 - 16/12/2025 19:00","BZN|BG","6235.25","6265.00"
"16/12/2025 19:00 - 16/12/2025 20:00","BZN|BG","6137.14","6019.00"
"16/12/2025 20:00 - 16/12/2025 21:00","BZN|BG","5908.44","5799.00"
"16/12/2025 21:00 - 16/12/2025 22:00","BZN|BG","5593.19","5544.00"
"16/12/2025 22:00 - 16/12/2025 23:00","BZN|BG","5193.69","5162.00"
"16/12/2025 23:00 - 17/12/2025 00:00","BZN|BG","4900.77","4848.00"
"17/12/2025 00:00 - 17/12/2025 01:00","BZN|BG","4680.17","4612.00"
"17/12/2025 01:00 - 17/12/2025 02:00","BZN|BG","4857.52","4521.00"
"17/12/2025 02:00 - 17/12/2025 03:00","BZN|BG","5222.07","4485.00"
"17/12/2025 03:00 - 17/12/2025 04:00","BZN|BG","5369.18","4560.00"
"17/12/2025 04:00 - 17/12/2025 05:00","BZN|BG","5308.56","4709.00"
"17/12/2025 05:00 - 17/12/2025 06:00","BZN|BG","5405.14","5117.00"
"17/12/2025 06:00 - 17/12/2025 07:00","BZN|BG","5810.63","5714.00"
"17/12/2025 07:00 - 17/12/2025 08:00","BZN|BG","6197.87","6155.00"
"17/12/2025 08:00 - 17/12/2025 09:00","BZN|BG","6268.95","6165.00"
"17/12/2025 09:00 - 17/12/2025 10:00","BZN|BG","6084.45","5862.00"
"17/12/2025 10:00 - 17/12/2025 11:00","BZN|BG","5886.02","5613.00"
"17/12/2025 11:00 - 17/12/2025 12:00","BZN|BG","5788.32","5385.00"
"17/12/2025 12:00 - 17/12/2025 13:00","BZN|BG","5752.69","5367.00"
"17/12/2025 13:00 - 17/12/2025 14:00","BZN|BG","5577.19","5367.00"
"17/12/2025 14:00 - 17/12/2025 15:00","BZN|BG","5632.52","5481.00"
"17/12/2025 15:00 - 17/12/2025 16:00","BZN|BG","5637.93","5709.00"
"17/12/2025 16:00 - 17/12/2025 17:00","BZN|BG","5887.30","5998.00"
"17/12/2025 17:00 - 17/12/2025 18:00","BZN|BG","6112.04","6314.00"
"17/12/2025 18:00 - 17/12/2025 19:00","BZN|BG","6298.46","6318.00"
"17/12/2025 19:00 - 17/12/2025 20:00","BZN|BG","6200.13","6031.00"
"17/12/2025 20:00 - 17/12/2025 21:00","BZN|BG","5961.19","5835.00"
"17/12/2025 21:00 - 17/12/2025 22:00","BZN|BG","5687.20","5592.00"
"17/12/2025 22:00 - 17/12/2025 23:00","BZN|BG","5273.57","5214.00"
"17/12/2025 23:00 - 18/12/2025 00:00","BZN|BG","4925.68","4836.00"
"18/12/2025 00:00 - 18/12/2025 01:00","BZN|BG","4849.89","4609.00"
"18/12/2025 01:00 - 18/12/2025 02:00","BZN|BG","5072.94","4509.00"
"18/12/2025 02:00 - 18/12/2025 03:00","BZN|BG","5331.43","4511.00"
"18/12/2025 03:00 - 18/12/2025 04:00","BZN|BG","5462.04","4554.00"
"18/12/2025 04:00 - 18/12/2025 05:00","BZN|BG","5143.86","4715.00"
"18/12/2025 05:00 - 18/12/2025 06:00","BZN|BG","5332.93","5171.00"
"18/12/2025 06:00 - 18/12/2025 07:00","BZN|BG","5729.00","5704.00"
"18/12/2025 07:00 - 18/12/2025 08:00","BZN|BG","5993.07","6083.00"
"18/12/2025 08:00 - 18/12/2025 09:00","BZN|BG","6069.60","6121.00"
"18/12/2025 09:00 - 18/12/2025 10:00","BZN|BG","5982.50","5839.00"
"18/12/2025 10:00 - 18/12/2025 11:00","BZN|BG","5804.97","5599.00"
"18/12/2025 11:00 - 18/12/2025 12:00","BZN|BG","5976.18","5341.00"
"18/12/2025 12:00 - 18/12/2025 13:00","BZN|BG","5873.48","5276.00"
"18/12/2025 13:00 - 18/12/2025 14:00","BZN|BG","5469.63","5231.00"
"18/12/2025 14:00 - 18/12/2025 15:00","BZN|BG","5466.44","5344.00"
"18/12/2025 15:00 - 18/12/2025 16:00","BZN|BG","5628.66","5585.00"
"18/12/2025 16:00 - 18/12/2025 17:00","BZN|BG","5760.09","5946.00"
"18/12/2025 17:00 - 18/12/2025 18:00","BZN|BG","5969.63","6183.00"
"18/12/2025 18:00 - 18/12/2025 19:00","BZN|BG","6050.02","6174.00"
"18/12/2025 19:00 - 18/12/2025 20:00","BZN|BG","5908.07","5978.00"
"18/12/2025 20:00 - 18/12/2025 21:00","BZN|BG","5832.61","5723.00"
"18/12/2025 21:00 - 18/12/2025 22:00","BZN|BG","5597.58","5477.00"
"18/12/2025 22:00 - 18/12/2025 23:00","BZN|BG","5190.89","5099.00"
"18/12/2025 23:00 - 19/12/2025 00:00","BZN|BG","4873.95","4883.00"
"19/12/2025 00:00 - 19/12/2025 01:00","BZN|BG","4683.47","4655.00"
"19/12/2025 01:00 - 19/12/2025 02:00","BZN|BG","4981.17","4558.00"
"19/12/2025 02:00 - 19/12/2025 03:00","BZN|BG","5282.07","4552.00"
"19/12/2025 03:00 - 19/12/2025 04:00","BZN|BG","5352.17","4602.00"
"19/12/2025 04:00 - 19/12/2025 05:00","BZN|BG","5028.14","4775.00"
"19/12/2025 05:00 - 19/12/2025 06:00","BZN|BG","5150.27","5261.00"
"19/12/2025 06:00 - 19/12/2025 07:00","BZN|BG","5461.06","5788.00"
"19/12/2025 07:00 - 19/12/2025 08:00","BZN|BG","5791.14","6181.00"
"19/12/2025 08:00 - 19/12/2025 09:00","BZN|BG","5875.64","6200.00"
"19/12/2025 09:00 - 19/12/2025 10:00","BZN|BG","5768.20","5973.00"
"19/12/2025 10:00 - 19/12/2025 11:00","BZN|BG","5353.91","5775.00"
"19/12/2025 11:00 - 19/12/2025 12:00","BZN|BG","5356.72","5519.00"
"19/12/2025 12:00 - 19/12/2025 13:00","BZN|BG","5146.63","5446.00"
"19/12/2025 13:00 - 19/12/2025 14:00","BZN|BG","5125.23","5416.00"
"19/12/2025 14:00 - 19/12/2025 15:00","BZN|BG","5149.61","5498.00"
"19/12/2025 15:00 - 19/12/2025 16:00","BZN|BG","5291.43","5696.00"
"19/12/2025 16:00 - 19/12/2025 17:00","BZN|BG","5494.69","5971.00"
"19/12/2025 17:00 - 19/12/2025 18:00","BZN|BG","5679.91","6140.00"
"19/12/2025 18:00 - 19/12/2025 19:00","BZN|BG","5685.96","6139.00"
"19/12/2025 19:00 - 19/12/2025 20:00","BZN|BG","5704.00","5962.00"
"19/12/2025 20:00 - 19/12/2025 21:00","BZN|BG","5442.29","5728.00"
"19/12/2025 21:00 - 19/12/2025 22:00","BZN|BG","5293.81","5496.00"
"19/12/2025 22:00 - 19/12/2025 23:00","BZN|BG","4981.01","5158.00"
"19/12/2025 23:00 - 20/12/2025 00:00","BZN|BG","4689.11","4809.00"
"20/12/2025 00:00 - 20/12/2025 01:00","BZN|BG","4512.58","4619.00"
"20/12/2025 01:00 - 20/12/2025 02:00","BZN|BG","4566.79","4525.00"
"20/12/2025 02:00 - 20/12/2025 03:00","BZN|BG","4886.43","4476.00"
"20/12/2025 03:00 - 20/12/2025 04:00","BZN|BG","5005.57","4479.00"
"20/12/2025 04:00 - 20/12/2025 05:00","BZN|BG","4898.36","4567.00"
"20/12/2025 05:00 - 20/12/2025 06:00","BZN|BG","4632.57","4779.00"
"20/12/2025 06:00 - 20/12/2025 07:00","BZN|BG","4888.26","5125.00"
"20/12/2025 07:00 - 20/12/2025 08:00","BZN|BG","5343.25","5618.00"
"20/12/2025 08:00 - 20/12/2025 09:00","BZN|BG","5560.75","5761.00"
"20/12/2025 09:00 - 20/12/2025 10:00","BZN|BG","5533.71","5691.00"
"20/12/2025 10:00 - 20/12/2025 11:00","BZN|BG","5408.41","5496.00"
"20/12/2025 11:00 - 20/12/2025 12:00","BZN|BG","5357.28","5259.00"
"20/12/2025 12:00 - 20/12/2025 13:00","BZN|BG","5344.47","5155.00"
"20/12/2025 13:00 - 20/12/2025 14:00","BZN|BG","5152.81","4920.00"
"20/12/2025 14:00 - 20/12/2025 15:00","BZN|BG","5167.56","5012.00"
"20/12/2025 15:00 - 20/12/2025 16:00","BZN|BG","5393.10","5360.00"
"20/12/2025 16:00 - 20/12/2025 17:00","BZN|BG","5484.19","5851.00"
"20/12/2025 17:00 - 20/12/2025 18:00","BZN|BG","5557.52","5933.00"
"20/12/2025 18:00 - 20/12/2025 19:00","BZN|BG","5553.07","5794.00"
"20/12/2025 19:00 - 20/12/2025 20:00","BZN|BG","5503.88","5575.00"
"20/12/2025 20:00 - 20/12/2025 21:00","BZN|BG","5258.92","5331.00"
"20/12/2025 21:00 - 20/12/2025 22:00","BZN|BG","5069.03","5199.00"
"20/12/2025 22:00 - 20/12/2025 23:00","BZN|BG","4793.65","4946.00"
"20/12/2025 23:00 - 21/12/2025 00:00","BZN|BG","4503.73","4631.00"
"21/12/2025 00:00 - 21/12/2025 01:00","BZN|BG","4289.84","4461.00"
"21/12/2025 01:00 - 21/12/2025 02:00","BZN|BG","4206.01","4358.00"
"21/12/2025 02:00 - 21/12/2025 03:00","BZN|BG","4669.74","4327.00"
"21/12/2025 03:00 - 21/12/2025 04:00","BZN|BG","4817.51","4316.00"
"21/12/2025 04:00 - 21/12/2025 05:00","BZN|BG","4812.16","4404.00"
"21/12/2025 05:00 - 21/12/2025 06:00","BZN|BG","4597.55","4599.00"
"21/12/2025 06:00 - 21/12/2025 07:00","BZN|BG","4661.58","4900.00"
"21/12/2025 07:00 - 21/12/2025 08:00","BZN|BG","5024.70","5393.00"
"21/12/2025 08:00 - 21/12/2025 09:00","BZN|BG","5365.57","5658.00"
"21/12/2025 09:00 - 21/12/2025 10:00","BZN|BG","5483.30","5690.00"
"21/12/2025 10:00 - 21/12/2025 11:00","BZN|BG","5489.42","5607.00"
"21/12/2025 11:00 - 21/12/2025 12:00","BZN|BG","5459.50","5317.00"
"21/12/2025 12:00 - 21/12/2025 13:00","BZN|BG","5336.37","5063.00"
"21/12/2025 13:00 - 21/12/2025 14:00","BZN|BG","5252.82","4968.00"
"21/12/2025 14:00 - 21/12/2025 15:00","BZN|BG","5260.50","5003.00"
"21/12/2025 15:00 - 21/12/2025 16:00","BZN|BG","5430.73","5370.00"
"21/12/2025 16:00 - 21/12/2025 17:00","BZN|BG","5608.60","5841.00"
"21/12/2025 17:00 - 21/12/2025 18:00","BZN|BG","5711.16","6004.00"
"21/12/2025 18:00 - 21/12/2025 19:00","BZN|BG","5723.12","5959.00"
"21/12/2025 19:00 - 21/12/2025 20:00","BZN|BG","5654.40","5797.00"
"21/12/2025 20:00 - 21/12/2025 21:00","BZN|BG","5412.65","5569.00"
"21/12/2025 21:00 - 21/12/2025 22:00","BZN|BG","5198.32","5401.00"
"21/12/2025 22:00 - 21/12/2025 23:00","BZN|BG","4826.87","5125.00"
"21/12/2025 23:00 - 22/12/2025 00:00","BZN|BG","4474.60","4445.00"
"22/12/2025 00:00 - 22/12/2025 01:00","BZN|BG","4298.87","4199.00"
"22/12/2025 01:00 - 22/12/2025 02:00","BZN|BG","4629.01","4150.00"
"22/12/2025 02:00 - 22/12/2025 03:00","BZN|BG","4874.91","4131.00"
"22/12/2025 03:00 - 22/12/2025 04:00","BZN|BG","5019.96","4183.00"
"22/12/2025 04:00 - 22/12/2025 05:00","BZN|BG","4698.00","4326.00"
"22/12/2025 05:00 - 22/12/2025 06:00","BZN|BG","4687.95","4720.00"
"22/12/2025 06:00 - 22/12/2025 07:00","BZN|BG","5237.84","5291.00"
"22/12/2025 07:00 - 22/12/2025 08:00","BZN|BG","5700.15","5788.00"
"22/12/2025 08:00 - 22/12/2025 09:00","BZN|BG","5852.94","5901.00"
"22/12/2025 09:00 - 22/12/2025 10:00","BZN|BG","5771.60","5814.00"
"22/12/2025 10:00 - 22/12/2025 11:00","BZN|BG","5702.31","5747.00"
"22/12/2025 11:00 - 22/12/2025 12:00","BZN|BG","5594.38","5701.00"
"22/12/2025 12:00 - 22/12/2025 13:00","BZN|BG","5601.66","5664.00"
"22/12/2025 13:00 - 22/12/2025 14:00","BZN|BG","5498.69","5650.00"
"22/12/2025 14:00 - 22/12/2025 15:00","BZN|BG","5541.89","5683.00"
"22/12/2025 15:00 - 22/12/2025 16:00","BZN|BG","5521.84","5830.00"
"22/12/2025 16:00 - 22/12/2025 17:00","BZN|BG","5603.21","5932.00"
"22/12/2025 17:00 - 22/12/2025 18:00","BZN|BG","5786.13","6059.00"
"22/12/2025 18:00 - 22/12/2025 19:00","BZN|BG","5908.22","6020.00"
"22/12/2025 19:00 - 22/12/2025 20:00","BZN|BG","5789.25","5817.00"
"22/12/2025 20:00 - 22/12/2025 21:00","BZN|BG","5546.06","5601.00"
"22/12/2025 21:00 - 22/12/2025 22:00","BZN|BG","5328.59","5248.00"
"22/12/2025 22:00 - 22/12/2025 23:00","BZN|BG","4939.67","4912.00"
"22/12/2025 23:00 - 23/12/2025 00:00","BZN|BG","4611.92","4562.00"
"23/12/2025 00:00 - 23/12/2025 01:00","BZN|BG","4549.30","4340.00"
"23/12/2025 01:00 - 23/12/2025 02:00","BZN|BG","4791.72","4249.00"
"23/12/2025 02:00 - 23/12/2025 03:00","BZN|BG","4956.12","4229.00"
"23/12/2025 03:00 - 23/12/2025 04:00","BZN|BG","5029.99","4283.00"
"23/12/2025 04:00 - 23/12/2025 05:00","BZN|BG","4743.57","4477.00"
"23/12/2025 05:00 - 23/12/2025 06:00","BZN|BG","4746.07","4986.00"
"23/12/2025 06:00 - 23/12/2025 07:00","BZN|BG","5221.05","5518.00"
"23/12/2025 07:00 - 23/12/2025 08:00","BZN|BG","5655.36","5907.00"
"23/12/2025 08:00 - 23/12/2025 09:00","BZN|BG","5818.75","5881.00"
"23/12/2025 09:00 - 23/12/2025 10:00","BZN|BG","5715.95","5760.00"
"23/12/2025 10:00 - 23/12/2025 11:00","BZN|BG","5625.91","5650.00"
"23/12/2025 11:00 - 23/12/2025 12:00","BZN|BG","5602.82","5512.00"
"23/12/2025 12:00 - 23/12/2025 13:00","BZN|BG","5560.08","5503.00"
"23/12/2025 13:00 - 23/12/2025 14:00","BZN|BG","5423.33","5503.00"
"23/12/2025 14:00 - 23/12/2025 15:00","BZN|BG","5396.50","5596.00"
"23/12/2025 15:00 - 23/12/2025 16:00","BZN|BG","5462.90","5705.00"
"23/12/2025 16:00 - 23/12/2025 17:00","BZN|BG","5633.66","5853.00"
"23/12/2025 17:00 - 23/12/2025 18:00","BZN|BG","5772.96","5945.00"
"23/12/2025 18:00 - 23/12/2025 19:00","BZN|BG","5886.90","5956.00"
"23/12/2025 19:00 - 23/12/2025 20:00","BZN|BG","5724.43","5730.00"
"23/12/2025 20:00 - 23/12/2025 21:00","BZN|BG","5437.33","5452.00"
"23/12/2025 21:00 - 23/12/2025 22:00","BZN|BG","5208.57","5190.00"
"23/12/2025 22:00 - 23/12/2025 23:00","BZN|BG","4894.91","4853.00"
"23/12/2025 23:00 - 24/12/2025 00:00","BZN|BG","4580.82","4485.00"
"24/12/2025 00:00 - 24/12/2025 01:00","BZN|BG","4298.11","4146.00"
"24/12/2025 01:00 - 24/12/2025 02:00","BZN|BG","4418.28","3983.00"
"24/12/2025 02:00 - 24/12/2025 03:00","BZN|BG","4706.44","3920.00"
"24/12/2025 03:00 - 24/12/2025 04:00","BZN|BG","4870.45","3923.00"
"24/12/2025 04:00 - 24/12/2025 05:00","BZN|BG","4654.86","3978.00"
"24/12/2025 05:00 - 24/12/2025 06:00","BZN|BG","4401.42","4119.00"
"24/12/2025 06:00 - 24/12/2025 07:00","BZN|BG","4555.50","4414.00"
"24/12/2025 07:00 - 24/12/2025 08:00","BZN|BG","4980.35","4896.00"
"24/12/2025 08:00 - 24/12/2025 09:00","BZN|BG","5385.49","5265.00"
"24/12/2025 09:00 - 24/12/2025 10:00","BZN|BG","5582.79","5364.00"
"24/12/2025 10:00 - 24/12/2025 11:00","BZN|BG","5654.23","5315.00"
"24/12/2025 11:00 - 24/12/2025 12:00","BZN|BG","5777.03","5226.00"
"24/12/2025 12:00 - 24/12/2025 13:00","BZN|BG","5757.26","5104.00"
"24/12/2025 13:00 - 24/12/2025 14:00","BZN|BG","5664.33","5023.00"
"24/12/2025 14:00 - 24/12/2025 15:00","BZN|BG","5684.12","5061.00"
"24/12/2025 15:00 - 24/12/2025 16:00","BZN|BG","5679.56","5324.00"
"24/12/2025 16:00 - 24/12/2025 17:00","BZN|BG","5793.31","5840.00"
"24/12/2025 17:00 - 24/12/2025 18:00","BZN|BG","5707.06","5696.00"
"24/12/2025 18:00 - 24/12/2025 19:00","BZN|BG","5296.76","5179.00"
"24/12/2025 19:00 - 24/12/2025 20:00","BZN|BG","4972.21","4768.00"
"24/12/2025 20:00 - 24/12/2025 21:00","BZN|BG","4798.07","4565.00"
"24/12/2025 21:00 - 24/12/2025 22:00","BZN|BG","4713.83","4524.00"
"24/12/2025 22:00 - 24/12/2025 23:00","BZN|BG","4572.88","4379.00"
"24/12/2025 23:00 - 25/12/2025 00:00","BZN|BG","4493.90","4389.00"
"25/12/2025 00:00 - 25/12/2025 01:00","BZN|BG","4207.15","4136.00"
"25/12/2025 01:00 - 25/12/2025 02:00","BZN|BG","4244.24","3970.00"
"25/12/2025 02:00 - 25/12/2025 03:00","BZN|BG","4514.77","3917.00"
"25/12/2025 03:00 - 25/12/2025 04:00","BZN|BG","4586.01","3900.00"
"25/12/2025 04:00 - 25/12/2025 05:00","BZN|BG","4432.30","3955.00"
"25/12/2025 05:00 - 25/12/2025 06:00","BZN|BG","4213.40","4057.00"
"25/12/2025 06:00 - 25/12/2025 07:00","BZN|BG","4403.09","4300.00"
"25/12/2025 07:00 - 25/12/2025 08:00","BZN|BG","4887.21","4742.00"
"25/12/2025 08:00 - 25/12/2025 09:00","BZN|BG","5332.64","5141.00"
"25/12/2025 09:00 - 25/12/2025 10:00","BZN|BG","5592.61","5291.00"
"25/12/2025 10:00 - 25/12/2025 11:00","BZN|BG","5695.98","5323.00"
"25/12/2025 11:00 - 25/12/2025 12:00","BZN|BG","5671.85","5211.00"
"25/12/2025 12:00 - 25/12/2025 13:00","BZN|BG","5534.82","4979.00"
"25/12/2025 13:00 - 25/12/2025 14:00","BZN|BG","5435.24","4832.00"
"25/12/2025 14:00 - 25/12/2025 15:00","BZN|BG","5399.66","4829.00"
"25/12/2025 15:00 - 25/12/2025 16:00","BZN|BG","5592.58","5040.00"
"25/12/2025 16:00 - 25/12/2025 17:00","BZN|BG","5595.00","5450.00"
"25/12/2025 17:00 - 25/12/2025 18:00","BZN|BG","5508.09","5450.00"
"25/12/2025 18:00 - 25/12/2025 19:00","BZN|BG","5406.26","5237.00"
"25/12/2025 19:00 - 25/12/2025 20:00","BZN|BG","5304.77","4977.00"
"25/12/2025 20:00 - 25/12/2025 21:00","BZN|BG","5155.59","4780.00"
"25/12/2025 21:00 - 25/12/2025 22:00","BZN|BG","5082.13","4735.00"
"25/12/2025 22:00 - 25/12/2025 23:00","BZN|BG","4880.40","4562.00"
"25/12/2025 23:00 - 26/12/2025 00:00","BZN|BG","4632.23","4387.00"
"26/12/2025 00:00 - 26/12/2025 01:00","BZN|BG","4443.65","4152.00"
"26/12/2025 01:00 - 26/12/2025 02:00","BZN|BG","4445.26","4025.00"
"26/12/2025 02:00 - 26/12/2025 03:00","BZN|BG","4504.26","3949.00"
"26/12/2025 03:00 - 26/12/2025 04:00","BZN|BG","4535.03","3940.00"
"26/12/2025 04:00 - 26/12/2025 05:00","BZN|BG","4481.07","3992.00"
"26/12/2025 05:00 - 26/12/2025 06:00","BZN|BG","4554.21","4099.00"
"26/12/2025 06:00 - 26/12/2025 07:00","BZN|BG","4689.18","4292.00"
"26/12/2025 07:00 - 26/12/2025 08:00","BZN|BG","5115.35","4663.00"
"26/12/2025 08:00 - 26/12/2025 09:00","BZN|BG","5421.23","5039.00"
"26/12/2025 09:00 - 26/12/2025 10:00","BZN|BG","5499.71","5227.00"
"26/12/2025 10:00 - 26/12/2025 11:00","BZN|BG","5547.69","5294.00"
"26/12/2025 11:00 - 26/12/2025 12:00","BZN|BG","5619.77","5275.00"
"26/12/2025 12:00 - 26/12/2025 13:00","BZN|BG","5561.96","5162.00"
"26/12/2025 13:00 - 26/12/2025 14:00","BZN|BG","5400.67","5070.00"
"26/12/2025 14:00 - 26/12/2025 15:00","BZN|BG","5240.50","5079.00"
"26/12/2025 15:00 - 26/12/2025 16:00","BZN|BG","5437.46","5253.00"
"26/12/2025 16:00 - 26/12/2025 17:00","BZN|BG","5617.08","5547.00"
"26/12/2025 17:00 - 26/12/2025 18:00","BZN|BG","5695.67","5610.00"
"26/12/2025 18:00 - 26/12/2025 19:00","BZN|BG","5706.48","5461.00"
"26/12/2025 19:00 - 26/12/2025 20:00","BZN|BG","5635.73","5290.00"
"26/12/2025 20:00 - 26/12/2025 21:00","BZN|BG","5424.78","5092.00"
"26/12/2025 21:00 - 26/12/2025 22:00","BZN|BG","5282.81","4990.00"
"26/12/2025 22:00 - 26/12/2025 23:00","BZN|BG","5019.64","4775.00"
"26/12/2025 23:00 - 27/12/2025 00:00","BZN|BG","4741.77","4472.00"
"27/12/2025 00:00 - 27/12/2025 01:00","BZN|BG","4482.89","4246.00"
"27/12/2025 01:00 - 27/12/2025 02:00","BZN|BG","4501.18","4109.00"
"27/12/2025 02:00 - 27/12/2025 03:00","BZN|BG","4584.49","4050.00"
"27/12/2025 03:00 - 27/12/2025 04:00","BZN|BG","4722.97","4055.00"
"27/12/2025 04:00 - 27/12/2025 05:00","BZN|BG","4633.60","4110.00"
"27/12/2025 05:00 - 27/12/2025 06:00","BZN|BG","4567.03","4211.00"
"27/12/2025 06:00 - 27/12/2025 07:00","BZN|BG","4797.55","4406.00"
"27/12/2025 07:00 - 27/12/2025 08:00","BZN|BG","5187.21","4810.00"
"27/12/2025 08:00 - 27/12/2025 09:00","BZN|BG","5443.28","5229.00"
"27/12/2025 09:00 - 27/12/2025 10:00","BZN|BG","5536.79","5468.00"
"27/12/2025 10:00 - 27/12/2025 11:00","BZN|BG","5645.87","5600.00"
"27/12/2025 11:00 - 27/12/2025 12:00","BZN|BG","5689.28","5589.00"
"27/12/2025 12:00 - 27/12/2025 13:00","BZN|BG","5466.24","5464.00"
"27/12/2025 13:00 - 27/12/2025 14:00","BZN|BG","5290.34","5367.00"
"27/12/2025 14:00 - 27/12/2025 15:00","BZN|BG","5241.40","5364.00"
"27/12/2025 15:00 - 27/12/2025 16:00","BZN|BG","5455.88","5516.00"
"27/12/2025 16:00 - 27/12/2025 17:00","BZN|BG","5708.85","5815.00"
"27/12/2025 17:00 - 27/12/2025 18:00","BZN|BG","5762.96","5850.00"
"27/12/2025 18:00 - 27/12/2025 19:00","BZN|BG","5716.81","5693.00"
"27/12/2025 19:00 - 27/12/2025 20:00","BZN|BG","5685.94","5440.00"
"27/12/2025 20:00 - 27/12/2025 21:00","BZN|BG","5521.27","5184.00"
"27/12/2025 21:00 - 27/12/2025 22:00","BZN|BG","5359.67","5087.00"
"27/12/2025 22:00 - 27/12/2025 23:00","BZN|BG","5167.09","4830.00"
"27/12/2025 23:00 - 28/12/2025 00:00","BZN|BG","4931.86","4772.00"
"28/12/2025 00:00 - 28/12/2025 01:00","BZN|BG","4674.45","4537.00"
"28/12/2025 01:00 - 28/12/2025 02:00","BZN|BG","4577.40","4360.00"
"28/12/2025 02:00 - 28/12/2025 03:00","BZN|BG","4705.62","4300.00"
"28/12/2025 03:00 - 28/12/2025 04:00","BZN|BG","4708.58","4303.00"
"28/12/2025 04:00 - 28/12/2025 05:00","BZN|BG","4531.50","4380.00"
"28/12/2025 05:00 - 28/12/2025 06:00","BZN|BG","4556.52","4554.00"
"28/12/2025 06:00 - 28/12/2025 07:00","BZN|BG","4757.90","4802.00"
"28/12/2025 07:00 - 28/12/2025 08:00","BZN|BG","5139.12","5241.00"
"28/12/2025 08:00 - 28/12/2025 09:00","BZN|BG","5435.34","5634.00"
"28/12/2025 09:00 - 28/12/2025 10:00","BZN|BG","5585.72","5725.00"
"28/12/2025 10:00 - 28/12/2025 11:00","BZN|BG","5652.06","5690.00"
"28/12/2025 11:00 - 28/12/2025 12:00","BZN|BG","6014.73","5593.00"
"28/12/2025 12:00 - 28/12/2025 13:00","BZN|BG","5943.09","5462.00"
"28/12/2025 13:00 - 28/12/2025 14:00","BZN|BG","5714.67","5352.00"
"28/12/2025 14:00 - 28/12/2025 15:00","BZN|BG","5427.89","5323.00"
"28/12/2025 15:00 - 28/12/2025 16:00","BZN|BG","5659.06","5495.00"
"28/12/2025 16:00 - 28/12/2025 17:00","BZN|BG","5989.34","5979.00"
"28/12/2025 17:00 - 28/12/2025 18:00","BZN|BG","5986.24","6150.00"
"28/12/2025 18:00 - 28/12/2025 19:00","BZN|BG","5924.36","6049.00"
"28/12/2025 19:00 - 28/12/2025 20:00","BZN|BG","5873.79","5825.00"
"28/12/2025 20:00 - 28/12/2025 21:00","BZN|BG","5719.83","5541.00"
"28/12/2025 21:00 - 28/12/2025 22:00","BZN|BG","5532.06","5447.00"
"28/12/2025 22:00 - 28/12/2025 23:00","BZN|BG","5217.16","5174.00"
"28/12/2025 23:00 - 29/12/2025 00:00","BZN|BG","4904.25","4933.00"
"29/12/2025 00:00 - 29/12/2025 01:00","BZN|BG","4705.94","4702.00"
"29/12/2025 01:00 - 29/12/2025 02:00","BZN|BG","4955.15","4516.00"
"29/12/2025 02:00 - 29/12/2025 03:00","BZN|BG","5101.91","4500.00"
"29/12/2025 03:00 - 29/12/2025 04:00","BZN|BG","5353.47","4503.00"
"29/12/2025 04:00 - 29/12/2025 05:00","BZN|BG","5041.63","4620.00"
"29/12/2025 05:00 - 29/12/2025 06:00","BZN|BG","5010.88","4940.00"
"29/12/2025 06:00 - 29/12/2025 07:00","BZN|BG","5230.81","5360.00"
"29/12/2025 07:00 - 29/12/2025 08:00","BZN|BG","5576.13","5870.00"
"29/12/2025 08:00 - 29/12/2025 09:00","BZN|BG","5696.97","6123.00"
"29/12/2025 09:00 - 29/12/2025 10:00","BZN|BG","5684.75","6090.00"
"29/12/2025 10:00 - 29/12/2025 11:00","BZN|BG","5594.77","5886.00"
"29/12/2025 11:00 - 29/12/2025 12:00","BZN|BG","5594.36","5707.00"
"29/12/2025 12:00 - 29/12/2025 13:00","BZN|BG","5483.99","5628.00"
"29/12/2025 13:00 - 29/12/2025 14:00","BZN|BG","5299.44","5609.00"
"29/12/2025 14:00 - 29/12/2025 15:00","BZN|BG","5204.52","5622.00"
"29/12/2025 15:00 - 29/12/2025 16:00","BZN|BG","5477.93","5745.00"
"29/12/2025 16:00 - 29/12/2025 17:00","BZN|BG","5621.04","6200.00"
"29/12/2025 17:00 - 29/12/2025 18:00","BZN|BG","5843.06","6400.00"
"29/12/2025 18:00 - 29/12/2025 19:00","BZN|BG","5968.78","6273.00"
"29/12/2025 19:00 - 29/12/2025 20:00","BZN|BG","5913.94","5992.00"
"29/12/2025 20:00 - 29/12/2025 21:00","BZN|BG","5726.28","5726.00"
"29/12/2025 21:00 - 29/12/2025 22:00","BZN|BG","5574.01","5671.00"
"29/12/2025 22:00 - 29/12/2025 23:00","BZN|BG","5231.44","5338.00"
"29/12/2025 23:00 - 30/12/2025 00:00","BZN|BG","4909.00","5010.00"
"30/12/2025 00:00 - 30/12/2025 01:00","BZN|BG","4738.46","4760.00"
"30/12/2025 01:00 - 30/12/2025 02:00","BZN|BG","4893.74","4635.00"
"30/12/2025 02:00 - 30/12/2025 03:00","BZN|BG","5087.49","4550.00"
"30/12/2025 03:00 - 30/12/2025 04:00","BZN|BG","5163.35","4564.00"
"30/12/2025 04:00 - 30/12/2025 05:00","BZN|BG","5057.60","4652.00"
"30/12/2025 05:00 - 30/12/2025 06:00","BZN|BG","4916.75","4906.00"
"30/12/2025 06:00 - 30/12/2025 07:00","BZN|BG","5189.51","5256.00"
"30/12/2025 07:00 - 30/12/2025 08:00","BZN|BG","5505.33","5684.00"
"30/12/2025 08:00 - 30/12/2025 09:00","BZN|BG","5557.90","5991.00"
"30/12/2025 09:00 - 30/12/2025 10:00","BZN|BG","5513.94","5950.00"
"30/12/2025 10:00 - 30/12/2025 11:00","BZN|BG","5423.77","5865.00"
"30/12/2025 11:00 - 30/12/2025 12:00","BZN|BG","5432.10","5742.00"
"30/12/2025 12:00 - 30/12/2025 13:00","BZN|BG","5487.02","5645.00"
"30/12/2025 13:00 - 30/12/2025 14:00","BZN|BG","5312.12","5532.00"
"30/12/2025 14:00 - 30/12/2025 15:00","BZN|BG","5252.80","5517.00"
"30/12/2025 15:00 - 30/12/2025 16:00","BZN|BG","5598.76","5683.00"
"30/12/2025 16:00 - 30/12/2025 17:00","BZN|BG","5829.44","6096.00"
"30/12/2025 17:00 - 30/12/2025 18:00","BZN|BG","5953.27","6350.00"
"30/12/2025 18:00 - 30/12/2025 19:00","BZN|BG","5956.94","6263.00"
"30/12/2025 19:00 - 30/12/2025 20:00","BZN|BG","5986.81","6071.00"
"30/12/2025 20:00 - 30/12/2025 21:00","BZN|BG","5803.08","5850.00"
"30/12/2025 21:00 - 30/12/2025 22:00","BZN|BG","5650.05","5691.00"
"30/12/2025 22:00 - 30/12/2025 23:00","BZN|BG","5334.70","5300.00"
"30/12/2025 23:00 - 31/12/2025 00:00","BZN|BG","5084.96","4956.00"
"31/12/2025 00:00 - 31/12/2025 01:00","BZN|BG","4783.47","4808.00"
"31/12/2025 01:00 - 31/12/2025 02:00","BZN|BG","4778.18","4639.00"
"31/12/2025 02:00 - 31/12/2025 03:00","BZN|BG","5071.13","4574.00"
"31/12/2025 03:00 - 31/12/2025 04:00","BZN|BG","5292.20","4550.00"
"31/12/2025 04:00 - 31/12/2025 05:00","BZN|BG","5242.47","4609.00"
"31/12/2025 05:00 - 31/12/2025 06:00","BZN|BG","4885.96","4740.00"
"31/12/2025 06:00 - 31/12/2025 07:00","BZN|BG","5116.46","4979.00"
"31/12/2025 07:00 - 31/12/2025 08:00","BZN|BG","5433.69","5357.00"
"31/12/2025 08:00 - 31/12/2025 09:00","BZN|BG","5688.29","5652.00"
"31/12/2025 09:00 - 31/12/2025 10:00","BZN|BG","6039.36","5758.00"
"31/12/2025 10:00 - 31/12/2025 11:00","BZN|BG","6085.18","5816.00"
"31/12/2025 11:00 - 31/12/2025 12:00","BZN|BG","6388.32","5763.00"
"31/12/2025 12:00 - 31/12/2025 13:00","BZN|BG","6279.29","5686.00"
"31/12/2025 13:00 - 31/12/2025 14:00","BZN|BG","6110.05","5704.00"
"31/12/2025 14:00 - 31/12/2025 15:00","BZN|BG","6176.34","5814.00"
"31/12/2025 15:00 - 31/12/2025 16:00","BZN|BG","6553.59","6086.00"
"31/12/2025 16:00 - 31/12/2025 17:00","BZN|BG","6863.10","6608.00"
"31/12/2025 17:00 - 31/12/2025 18:00","BZN|BG","6769.09","6650.00"
"31/12/2025 18:00 - 31/12/2025 19:00","BZN|BG","6394.54","6195.00"
"31/12/2025 19:00 - 31/12/2025 20:00","BZN|BG","6029.77","5626.00"
"31/12/2025 20:00 - 31/12/2025 21:00","BZN|BG","5667.98","5228.00"
"31/12/2025 21:00 - 31/12/2025 22:00","BZN|BG","5483.01","5100.00"
"31/12/2025 22:00 - 31/12/2025 23:00","BZN|BG","5410.17","5053.00"
"31/12/2025 23:00 - 01/01/2026 00:00","BZN|BG","5328.71","4973.00"
