"MTU (CET/CEST)","Area","Actual Total Load (MW)","Day-ahead Total Load Forecast (MW)"
"01/01/2023 00:00 - 01/01/2023 01:00","BZN|BG","3892.06","3973.00"
"01/01/2023 01:00 - 01/01/2023 02:00","BZN|BG","3715.14","3792.00"
"01/01/2023 02:00 - 01/01/2023 03:00","BZN|BG","3563.29","3646.00"
"01/01/2023 03:00 - 01/01/2023 04:00","BZN|BG","3477.78","3559.00"
"01/01/2023 04:00 - 01/01/2023 05:00","BZN|BG","3432.44","3504.00"
"01/01/2023 05:00 - 01/01/2023 06:00","BZN|BG","3443.06","3500.00"
"01/01/2023 06:00 - 01/01/2023 07:00","BZN|BG","3514.57","3546.00"
"01/01/2023 07:00 - 01/01/2023 08:00","BZN|BG","3646.95","3733.00"
"01/01/2023 08:00 - 01/01/2023 09:00","BZN|BG","3674.68","3998.00"
"01/01/2023 09:00 - 01/01/2023 10:00","BZN|BG","3618.76","4177.00"
"01/01/2023 10:00 - 01/01/2023 11:00","BZN|BG","3502.04","4208.00"
"01/01/2023 11:00 - 01/01/2023 12:00","BZN|BG","3381.52","4190.00"
"01/01/2023 12:00 - 01/01/2023 13:00","BZN|BG","3257.35","4078.00"
"01/01/2023 13:00 - 01/01/2023 14:00","BZN|BG","3269.17","4020.00"
"01/01/2023 14:00 - 01/01/2023 15:00","BZN|BG","3448.29","4037.00"
"01/01/2023 15:00 - 01/01/2023 16:00","BZN|BG","3809.13","4183.00"
"01/01/2023 16:00 - 01/01/2023 17:00","BZN|BG","4296.73","4571.00"
"01/01/2023 17:00 - 01/01/2023 18:00","BZN|BG","4609.15","4700.00"
"01/01/2023 18:00 - 01/01/2023 19:00","BZN|BG","4591.08","4651.00"
"01/01/2023 19:00 - 01/01/2023 20:00","BZN|BG","4491.78","4502.00"
"01/01/2023 20:00 - 01/01/2023 21:00","BZN|BG","4372.63","4330.00"
"01/01/2023 21:00 - 01/01/2023 22:00","BZN|BG","4305.06","4236.00"
"01/01/2023 22:00 - 01/01/2023 23:00","BZN|BG","4108.65","4035.00"
"01/01/2023 23:00 - 02/01/2023 00:00","BZN|BG","3864.54","3825.00"
"02/01/2023 00:00 - 02/01/2023 01:00","BZN|BG","3674.37","3611.00"
"02/01/2023 01:00 - 02/01/2023 02:00","BZN|BG","3571.70","3476.00"
"02/01/2023 02:00 - 02/01/2023 03:00","BZN|BG","3529.88","3413.00"
"02/01/2023 03:00 - 02/01/2023 04:00","BZN|BG","3530.47","3400.00"
"02/01/2023 04:00 - 02/01/2023 05:00","BZN|BG","3610.40","3412.00"
"02/01/2023 05:00 - 02/01/2023 06:00","BZN|BG","3747.40","3522.00"
"02/01/2023 06:00 - 02/01/2023 07:00","BZN|BG","3983.00","3726.00"
"02/01/2023 07:00 - 02/01/2023 08:00","BZN|BG","4376.19","4098.00"
"02/01/2023 08:00 - 02/01/2023 09:00","BZN|BG","4627.03","4314.00"
"02/01/2023 09:00 - 02/01/2023 10:00","BZN|BG","4621.34","4447.00"
"02/01/2023 10:00 - 02/01/2023 11:00","BZN|BG","4490.15","4406.00"
"02/01/2023 11:00 - 02/01/2023 12:00","BZN|BG","4356.00","4356.00"
"02/01/2023 12:00 - 02/01/2023 13:00","BZN|BG","4185.35","4228.00"
"02/01/2023 13:00 - 02/01/2023 14:00","BZN|BG","4091.83","4133.00"
"02/01/2023 14:00 - 02/01/2023 15:00","BZN|BG","4154.98","4153.00"
"02/01/2023 15:00 - 02/01/2023 16:00","BZN|BG","4462.67","4407.00"
"02/01/2023 16:00 - 02/01/2023 17:00","BZN|BG","5018.50","4929.00"
"02/01/2023 17:00 - 02/01/2023 18:00","BZN|BG","5298.67","5150.00"
"02/01/2023 18:00 - 02/01/2023 19:00","BZN|BG","5249.14","5051.00"
"02/01/2023 19:00 - 02/01/2023 20:00","BZN|BG","5094.55","4883.00"
"02/01/2023 20:00 - 02/01/2023 21:00","BZN|BG","4898.70","4682.00"
"02/01/2023 21:00 - 02/01/2023 22:00","BZN|BG","4705.78","4544.00"
"02/01/2023 22:00 - 02/01/2023 23:00","BZN|BG","4359.78","4311.00"
"02/01/2023 23:00 - 03/01/2023 00:00","BZN|BG","4029.69","4195.00"
"03/01/2023 00:00 - 03/01/2023 01:00","BZN|BG","3817.21","3885.00"
"03/01/2023 01:00 - 03/01/2023 02:00","BZN|BG","3710.04","3731.00"
"03/01/2023 02:00 - 03/01/2023 03:00","BZN|BG","3674.32","3663.00"
"03/01/2023 03:00 - 03/01/2023 04:00","BZN|BG","3736.66","3669.00"
"03/01/2023 04:00 - 03/01/2023 05:00","BZN|BG","3914.35","3700.00"
"03/01/2023 05:00 - 03/01/2023 06:00","BZN|BG","4392.19","3785.00"
"03/01/2023 06:00 - 03/01/2023 07:00","BZN|BG","4925.75","3904.00"
"03/01/2023 07:00 - 03/01/2023 08:00","BZN|BG","5371.21","4039.00"
"03/01/2023 08:00 - 03/01/2023 09:00","BZN|BG","5504.30","4085.00"
"03/01/2023 09:00 - 03/01/2023 10:00","BZN|BG","5315.28","4004.00"
"03/01/2023 10:00 - 03/01/2023 11:00","BZN|BG","5141.36","3911.00"
"03/01/2023 11:00 - 03/01/2023 12:00","BZN|BG","4910.83","3831.00"
"03/01/2023 12:00 - 03/01/2023 13:00","BZN|BG","4794.12","3796.00"
"03/01/2023 13:00 - 03/01/2023 14:00","BZN|BG","4729.91","3788.00"
"03/01/2023 14:00 - 03/01/2023 15:00","BZN|BG","4774.50","3903.00"
"03/01/2023 15:00 - 03/01/2023 16:00","BZN|BG","4951.28","4124.00"
"03/01/2023 16:00 - 03/01/2023 17:00","BZN|BG","5322.30","4510.00"
"03/01/2023 17:00 - 03/01/2023 18:00","BZN|BG","5611.04","4643.00"
"03/01/2023 18:00 - 03/01/2023 19:00","BZN|BG","5594.46","4593.00"
"03/01/2023 19:00 - 03/01/2023 20:00","BZN|BG","5406.10","4483.00"
"03/01/2023 20:00 - 03/01/2023 21:00","BZN|BG","5167.64","4366.00"
"03/01/2023 21:00 - 03/01/2023 22:00","BZN|BG","4929.16","4275.00"
"03/01/2023 22:00 - 03/01/2023 23:00","BZN|BG","4597.87","4126.00"
"03/01/2023 23:00 - 04/01/2023 00:00","BZN|BG","4255.59","4134.00"
"04/01/2023 00:00 - 04/01/2023 01:00","BZN|BG","4052.43","3880.00"
"04/01/2023 01:00 - 04/01/2023 02:00","BZN|BG","3934.81","3752.00"
"04/01/2023 02:00 - 04/01/2023 03:00","BZN|BG","3913.24","3688.00"
"04/01/2023 03:00 - 04/01/2023 04:00","BZN|BG","3956.67","3706.00"
"04/01/2023 04:00 - 04/01/2023 05:00","BZN|BG","4096.19","3825.00"
"04/01/2023 05:00 - 04/01/2023 06:00","BZN|BG","4567.22","4113.00"
"04/01/2023 06:00 - 04/01/2023 07:00","BZN|BG","5076.47","4552.00"
"04/01/2023 07:00 - 04/01/2023 08:00","BZN|BG","5441.16","5131.00"
"04/01/2023 08:00 - 04/01/2023 09:00","BZN|BG","5557.78","5354.00"
"04/01/2023 09:00 - 04/01/2023 10:00","BZN|BG","5424.99","5143.00"
"04/01/2023 10:00 - 04/01/2023 11:00","BZN|BG","5362.65","4886.00"
"04/01/2023 11:00 - 04/01/2023 12:00","BZN|BG","5254.54","4656.00"
"04/01/2023 12:00 - 04/01/2023 13:00","BZN|BG","5198.00","4566.00"
"04/01/2023 13:00 - 04/01/2023 14:00","BZN|BG","5152.99","4541.00"
"04/01/2023 14:00 - 04/01/2023 15:00","BZN|BG","5223.17","4698.00"
"04/01/2023 15:00 - 04/01/2023 16:00","BZN|BG","5346.03","4994.00"
"04/01/2023 16:00 - 04/01/2023 17:00","BZN|BG","5629.24","5490.00"
"04/01/2023 17:00 - 04/01/2023 18:00","BZN|BG","5822.38","5668.00"
"04/01/2023 18:00 - 04/01/2023 19:00","BZN|BG","5718.46","5550.00"
"04/01/2023 19:00 - 04/01/2023 20:00","BZN|BG","5486.90","5304.00"
"04/01/2023 20:00 - 04/01/2023 21:00","BZN|BG","5219.78","5026.00"
"04/01/2023 21:00 - 04/01/2023 22:00","BZN|BG","5039.26","4823.00"
"04/01/2023 22:00 - 04/01/2023 23:00","BZN|BG","4657.97","4502.00"
"04/01/2023 23:00 - 05/01/2023 00:00","BZN|BG","4273.13","4432.00"
"05/01/2023 00:00 - 05/01/2023 01:00","BZN|BG","4071.18","4223.00"
"05/01/2023 01:00 - 05/01/2023 02:00","BZN|BG","3926.90","4121.00"
"05/01/2023 02:00 - 05/01/2023 03:00","BZN|BG","3877.82","4071.00"
"05/01/2023 03:00 - 05/01/2023 04:00","BZN|BG","3927.65","4096.00"
"05/01/2023 04:00 - 05/01/2023 05:00","BZN|BG","4082.67","4220.00"
"05/01/2023 05:00 - 05/01/2023 06:00","BZN|BG","4465.69","4529.00"
"05/01/2023 06:00 - 05/01/2023 07:00","BZN|BG","4991.29","4959.00"
"05/01/2023 07:00 - 05/01/2023 08:00","BZN|BG","5348.02","5456.00"
"05/01/2023 08:00 - 05/01/2023 09:00","BZN|BG","5432.25","5681.00"
"05/01/2023 09:00 - 05/01/2023 10:00","BZN|BG","5211.94","5539.00"
"05/01/2023 10:00 - 05/01/2023 11:00","BZN|BG","5002.04","5336.00"
"05/01/2023 11:00 - 05/01/2023 12:00","BZN|BG","4843.28","5191.00"
"05/01/2023 12:00 - 05/01/2023 13:00","BZN|BG","4815.79","5136.00"
"05/01/2023 13:00 - 05/01/2023 14:00","BZN|BG","4796.99","5127.00"
"05/01/2023 14:00 - 05/01/2023 15:00","BZN|BG","4862.90","5218.00"
"05/01/2023 15:00 - 05/01/2023 16:00","BZN|BG","4991.20","5397.00"
"05/01/2023 16:00 - 05/01/2023 17:00","BZN|BG","5402.92","5709.00"
"05/01/2023 17:00 - 05/01/2023 18:00","BZN|BG","5701.80","5898.00"
"05/01/2023 18:00 - 05/01/2023 19:00","BZN|BG","5593.91","5801.00"
"05/01/2023 19:00 - 05/01/2023 20:00","BZN|BG","5393.50","5539.00"
"05/01/2023 20:00 - 05/01/2023 21:00","BZN|BG","5164.26","5289.00"
"05/01/2023 21:00 - 05/01/2023 22:00","BZN|BG","5018.93","5091.00"
"05/01/2023 22:00 - 05/01/2023 23:00","BZN|BG","4658.23","4793.00"
"05/01/2023 23:00 - 06/01/2023 00:00","BZN|BG","4022.12","4335.00"
"06/01/2023 00:00 - 06/01/2023 01:00","BZN|BG","3789.41","4114.00"
"06/01/2023 01:00 - 06/01/2023 02:00","BZN|BG","3680.11","4004.00"
"06/01/2023 02:00 - 06/01/2023 03:00","BZN|BG","3606.56","3956.00"
"06/01/2023 03:00 - 06/01/2023 04:00","BZN|BG","3627.58","3982.00"
"06/01/2023 04:00 - 06/01/2023 05:00","BZN|BG","3769.52","4098.00"
"06/01/2023 05:00 - 06/01/2023 06:00","BZN|BG","4233.39","4417.00"
"06/01/2023 06:00 - 06/01/2023 07:00","BZN|BG","4676.23","4835.00"
"06/01/2023 07:00 - 06/01/2023 08:00","BZN|BG","4890.01","5271.00"
"06/01/2023 08:00 - 06/01/2023 09:00","BZN|BG","4715.09","5468.00"
"06/01/2023 09:00 - 06/01/2023 10:00","BZN|BG","4368.52","5283.00"
"06/01/2023 10:00 - 06/01/2023 11:00","BZN|BG","4221.69","5060.00"
"06/01/2023 11:00 - 06/01/2023 12:00","BZN|BG","4045.57","4887.00"
"06/01/2023 12:00 - 06/01/2023 13:00","BZN|BG","4121.74","4823.00"
"06/01/2023 13:00 - 06/01/2023 14:00","BZN|BG","4272.05","4812.00"
"06/01/2023 14:00 - 06/01/2023 15:00","BZN|BG","4549.19","4929.00"
"06/01/2023 15:00 - 06/01/2023 16:00","BZN|BG","4873.18","5153.00"
"06/01/2023 16:00 - 06/01/2023 17:00","BZN|BG","5275.92","5547.00"
"06/01/2023 17:00 - 06/01/2023 18:00","BZN|BG","5515.90","5781.00"
"06/01/2023 18:00 - 06/01/2023 19:00","BZN|BG","5394.59","5677.00"
"06/01/2023 19:00 - 06/01/2023 20:00","BZN|BG","5163.11","5401.00"
"06/01/2023 20:00 - 06/01/2023 21:00","BZN|BG","4919.94","5137.00"
"06/01/2023 21:00 - 06/01/2023 22:00","BZN|BG","4833.60","4930.00"
"06/01/2023 22:00 - 06/01/2023 23:00","BZN|BG","4574.05","4601.00"
"06/01/2023 23:00 - 07/01/2023 00:00","BZN|BG","4283.41","4188.00"
"07/01/2023 00:00 - 07/01/2023 01:00","BZN|BG","4069.72","3973.00"
"07/01/2023 01:00 - 07/01/2023 02:00","BZN|BG","3963.31","3847.00"
"07/01/2023 02:00 - 07/01/2023 03:00","BZN|BG","3933.87","3801.00"
"07/01/2023 03:00 - 07/01/2023 04:00","BZN|BG","3943.08","3809.00"
"07/01/2023 04:00 - 07/01/2023 05:00","BZN|BG","3997.07","3862.00"
"07/01/2023 05:00 - 07/01/2023 06:00","BZN|BG","4155.73","3978.00"
"07/01/2023 06:00 - 07/01/2023 07:00","BZN|BG","4451.50","4218.00"
"07/01/2023 07:00 - 07/01/2023 08:00","BZN|BG","4835.27","4605.00"
"07/01/2023 08:00 - 07/01/2023 09:00","BZN|BG","4835.94","4867.00"
"07/01/2023 09:00 - 07/01/2023 10:00","BZN|BG","4576.30","4735.00"
"07/01/2023 10:00 - 07/01/2023 11:00","BZN|BG","4262.03","4521.00"
"07/01/2023 11:00 - 07/01/2023 12:00","BZN|BG","4081.61","4362.00"
"07/01/2023 12:00 - 07/01/2023 13:00","BZN|BG","3966.15","4244.00"
"07/01/2023 13:00 - 07/01/2023 14:00","BZN|BG","3978.13","4270.00"
"07/01/2023 14:00 - 07/01/2023 15:00","BZN|BG","4235.60","4490.00"
"07/01/2023 15:00 - 07/01/2023 16:00","BZN|BG","4610.40","4835.00"
"07/01/2023 16:00 - 07/01/2023 17:00","BZN|BG","5165.88","5170.00"
"07/01/2023 17:00 - 07/01/2023 18:00","BZN|BG","5468.60","5399.00"
"07/01/2023 18:00 - 07/01/2023 19:00","BZN|BG","5317.74","5344.00"
"07/01/2023 19:00 - 07/01/2023 20:00","BZN|BG","5110.79","5054.00"
"07/01/2023 20:00 - 07/01/2023 21:00","BZN|BG","4916.88","4817.00"
"07/01/2023 21:00 - 07/01/2023 22:00","BZN|BG","4853.07","4606.00"
"07/01/2023 22:00 - 07/01/2023 23:00","BZN|BG","4674.89","4441.00"
"07/01/2023 23:00 - 08/01/2023 00:00","BZN|BG","4402.49","4408.00"
"08/01/2023 00:00 - 08/01/2023 01:00","BZN|BG","4183.57","4350.00"
"08/01/2023 01:00 - 08/01/2023 02:00","BZN|BG","4056.41","4262.00"
"08/01/2023 02:00 - 08/01/2023 03:00","BZN|BG","4006.26","4096.00"
"08/01/2023 03:00 - 08/01/2023 04:00","BZN|BG","3991.20","4109.00"
"08/01/2023 04:00 - 08/01/2023 05:00","BZN|BG","4044.20","4126.00"
"08/01/2023 05:00 - 08/01/2023 06:00","BZN|BG","4189.13","4189.00"
"08/01/2023 06:00 - 08/01/2023 07:00","BZN|BG","4437.35","4356.00"
"08/01/2023 07:00 - 08/01/2023 08:00","BZN|BG","4886.47","4875.00"
"08/01/2023 08:00 - 08/01/2023 09:00","BZN|BG","5143.13","5193.00"
"08/01/2023 09:00 - 08/01/2023 10:00","BZN|BG","5080.57","5102.00"
"08/01/2023 10:00 - 08/01/2023 11:00","BZN|BG","4948.57","4956.00"
"08/01/2023 11:00 - 08/01/2023 12:00","BZN|BG","4791.55","4784.00"
"08/01/2023 12:00 - 08/01/2023 13:00","BZN|BG","4644.29","4534.00"
"08/01/2023 13:00 - 08/01/2023 14:00","BZN|BG","4545.08","4552.00"
"08/01/2023 14:00 - 08/01/2023 15:00","BZN|BG","4602.32","4683.00"
"08/01/2023 15:00 - 08/01/2023 16:00","BZN|BG","4920.31","5001.00"
"08/01/2023 16:00 - 08/01/2023 17:00","BZN|BG","5499.88","5527.00"
"08/01/2023 17:00 - 08/01/2023 18:00","BZN|BG","5802.81","5809.00"
"08/01/2023 18:00 - 08/01/2023 19:00","BZN|BG","5714.73","5765.00"
"08/01/2023 19:00 - 08/01/2023 20:00","BZN|BG","5519.38","5497.00"
"08/01/2023 20:00 - 08/01/2023 21:00","BZN|BG","5227.68","5274.00"
"08/01/2023 21:00 - 08/01/2023 22:00","BZN|BG","5043.40","5154.00"
"08/01/2023 22:00 - 08/01/2023 23:00","BZN|BG","4739.21","4772.00"
"08/01/2023 23:00 - 09/01/2023 00:00","BZN|BG","4410.42","4527.00"
"09/01/2023 00:00 - 09/01/2023 01:00","BZN|BG","4190.34","4292.00"
"09/01/2023 01:00 - 09/01/2023 02:00","BZN|BG","4099.50","4177.00"
"09/01/2023 02:00 - 09/01/2023 03:00","BZN|BG","4058.23","4138.00"
"09/01/2023 03:00 - 09/01/2023 04:00","BZN|BG","4118.64","4138.00"
"09/01/2023 04:00 - 09/01/2023 05:00","BZN|BG","4314.19","4270.00"
"09/01/2023 05:00 - 09/01/2023 06:00","BZN|BG","4844.48","4498.00"
"09/01/2023 06:00 - 09/01/2023 07:00","BZN|BG","5404.19","4879.00"
"09/01/2023 07:00 - 09/01/2023 08:00","BZN|BG","5890.42","5455.00"
"09/01/2023 08:00 - 09/01/2023 09:00","BZN|BG","6027.40","5816.00"
"09/01/2023 09:00 - 09/01/2023 10:00","BZN|BG","5853.04","5731.00"
"09/01/2023 10:00 - 09/01/2023 11:00","BZN|BG","5662.13","5499.00"
"09/01/2023 11:00 - 09/01/2023 12:00","BZN|BG","5491.51","5352.00"
"09/01/2023 12:00 - 09/01/2023 13:00","BZN|BG","5436.54","5219.00"
"09/01/2023 13:00 - 09/01/2023 14:00","BZN|BG","5401.68","5201.00"
"09/01/2023 14:00 - 09/01/2023 15:00","BZN|BG","5446.12","5291.00"
"09/01/2023 15:00 - 09/01/2023 16:00","BZN|BG","5555.49","5535.00"
"09/01/2023 16:00 - 09/01/2023 17:00","BZN|BG","5847.25","5896.00"
"09/01/2023 17:00 - 09/01/2023 18:00","BZN|BG","6061.50","6126.00"
"09/01/2023 18:00 - 09/01/2023 19:00","BZN|BG","6020.18","6082.00"
"09/01/2023 19:00 - 09/01/2023 20:00","BZN|BG","5779.60","5862.00"
"09/01/2023 20:00 - 09/01/2023 21:00","BZN|BG","5524.46","5642.00"
"09/01/2023 21:00 - 09/01/2023 22:00","BZN|BG","5286.09","5402.00"
"09/01/2023 22:00 - 09/01/2023 23:00","BZN|BG","4921.75","5048.00"
"09/01/2023 23:00 - 10/01/2023 00:00","BZN|BG","4548.60","4609.00"
"10/01/2023 00:00 - 10/01/2023 01:00","BZN|BG","4328.63","4397.00"
"10/01/2023 01:00 - 10/01/2023 02:00","BZN|BG","4210.47","4287.00"
"10/01/2023 02:00 - 10/01/2023 03:00","BZN|BG","4164.29","4240.00"
"10/01/2023 03:00 - 10/01/2023 04:00","BZN|BG","4174.80","4287.00"
"10/01/2023 04:00 - 10/01/2023 05:00","BZN|BG","4349.94","4463.00"
"10/01/2023 05:00 - 10/01/2023 06:00","BZN|BG","4829.50","4973.00"
"10/01/2023 06:00 - 10/01/2023 07:00","BZN|BG","5310.85","5570.00"
"10/01/2023 07:00 - 10/01/2023 08:00","BZN|BG","5685.73","5997.00"
"10/01/2023 08:00 - 10/01/2023 09:00","BZN|BG","5901.24","6110.00"
"10/01/2023 09:00 - 10/01/2023 10:00","BZN|BG","5899.83","5917.00"
"10/01/2023 10:00 - 10/01/2023 11:00","BZN|BG","5944.15","5732.00"
"10/01/2023 11:00 - 10/01/2023 12:00","BZN|BG","5873.76","5607.00"
"10/01/2023 12:00 - 10/01/2023 13:00","BZN|BG","5817.04","5576.00"
"10/01/2023 13:00 - 10/01/2023 14:00","BZN|BG","5763.21","5584.00"
"10/01/2023 14:00 - 10/01/2023 15:00","BZN|BG","5748.38","5662.00"
"10/01/2023 15:00 - 10/01/2023 16:00","BZN|BG","5740.10","5786.00"
"10/01/2023 16:00 - 10/01/2023 17:00","BZN|BG","5934.28","6031.00"
"10/01/2023 17:00 - 10/01/2023 18:00","BZN|BG","6117.98","6240.00"
"10/01/2023 18:00 - 10/01/2023 19:00","BZN|BG","6056.28","6131.00"
"10/01/2023 19:00 - 10/01/2023 20:00","BZN|BG","5817.38","5844.00"
"10/01/2023 20:00 - 10/01/2023 21:00","BZN|BG","5546.60","5591.00"
"10/01/2023 21:00 - 10/01/2023 22:00","BZN|BG","5285.52","5411.00"
"10/01/2023 22:00 - 10/01/2023 23:00","BZN|BG","4856.05","5069.00"
"10/01/2023 23:00 - 11/01/2023 00:00","BZN|BG","4514.07","4617.00"
"11/01/2023 00:00 - 11/01/2023 01:00","BZN|BG","4266.84","4391.00"
"11/01/2023 01:00 - 11/01/2023 02:00","BZN|BG","4151.73","4274.00"
"11/01/2023 02:00 - 11/01/2023 03:00","BZN|BG","4123.13","4224.00"
"11/01/2023 03:00 - 11/01/2023 04:00","BZN|BG","4150.10","4277.00"
"11/01/2023 04:00 - 11/01/2023 05:00","BZN|BG","4320.14","4450.00"
"11/01/2023 05:00 - 11/01/2023 06:00","BZN|BG","4786.51","4981.00"
"11/01/2023 06:00 - 11/01/2023 07:00","BZN|BG","5310.10","5578.00"
"11/01/2023 07:00 - 11/01/2023 08:00","BZN|BG","5709.16","5962.00"
"11/01/2023 08:00 - 11/01/2023 09:00","BZN|BG","5858.16","6045.00"
"11/01/2023 09:00 - 11/01/2023 10:00","BZN|BG","5777.39","5991.00"
"11/01/2023 10:00 - 11/01/2023 11:00","BZN|BG","5771.27","5901.00"
"11/01/2023 11:00 - 11/01/2023 12:00","BZN|BG","5688.70","5869.00"
"11/01/2023 12:00 - 11/01/2023 13:00","BZN|BG","5611.04","5863.00"
"11/01/2023 13:00 - 11/01/2023 14:00","BZN|BG","5560.41","5872.00"
"11/01/2023 14:00 - 11/01/2023 15:00","BZN|BG","5615.60","5917.00"
"11/01/2023 15:00 - 11/01/2023 16:00","BZN|BG","5667.95","5986.00"
"11/01/2023 16:00 - 11/01/2023 17:00","BZN|BG","5899.70","6125.00"
"11/01/2023 17:00 - 11/01/2023 18:00","BZN|BG","6101.69","6281.00"
"11/01/2023 18:00 - 11/01/2023 19:00","BZN|BG","6035.76","6163.00"
"11/01/2023 19:00 - 11/01/2023 20:00","BZN|BG","5786.53","5859.00"
"11/01/2023 20:00 - 11/01/2023 21:00","BZN|BG","5503.04","5590.00"
"11/01/2023 21:00 - 11/01/2023 22:00","BZN|BG","5304.02","5398.00"
"11/01/2023 22:00 - 11/01/2023 23:00","BZN|BG","4931.83","5022.00"
"11/01/2023 23:00 - 12/01/2023 00:00","BZN|BG","4566.24","4598.00"
"12/01/2023 00:00 - 12/01/2023 01:00","BZN|BG","4324.06","4386.00"
"12/01/2023 01:00 - 12/01/2023 02:00","BZN|BG","4195.82","4276.00"
"12/01/2023 02:00 - 12/01/2023 03:00","BZN|BG","4159.50","4230.00"
"12/01/2023 03:00 - 12/01/2023 04:00","BZN|BG","4176.89","4274.00"
"12/01/2023 04:00 - 12/01/2023 05:00","BZN|BG","4373.66","4447.00"
"12/01/2023 05:00 - 12/01/2023 06:00","BZN|BG","4851.17","4961.00"
"12/01/2023 06:00 - 12/01/2023 07:00","BZN|BG","5396.46","5528.00"
"12/01/2023 07:00 - 12/01/2023 08:00","BZN|BG","5841.34","5905.00"
"12/01/2023 08:00 - 12/01/2023 09:00","BZN|BG","6057.87","6034.00"
"12/01/2023 09:00 - 12/01/2023 10:00","BZN|BG","6018.06","5962.00"
"12/01/2023 10:00 - 12/01/2023 11:00","BZN|BG","6003.57","5867.00"
"12/01/2023 11:00 - 12/01/2023 12:00","BZN|BG","5898.30","5820.00"
"12/01/2023 12:00 - 12/01/2023 13:00","BZN|BG","5870.73","5809.00"
"12/01/2023 13:00 - 12/01/2023 14:00","BZN|BG","5806.93","5812.00"
"12/01/2023 14:00 - 12/01/2023 15:00","BZN|BG","5832.54","5858.00"
"12/01/2023 15:00 - 12/01/2023 16:00","BZN|BG","5882.04","5929.00"
"12/01/2023 16:00 - 12/01/2023 17:00","BZN|BG","6072.85","6096.00"
"12/01/2023 17:00 - 12/01/2023 18:00","BZN|BG","6277.21","6274.00"
"12/01/2023 18:00 - 12/01/2023 19:00","BZN|BG","6167.03","6164.00"
"12/01/2023 19:00 - 12/01/2023 20:00","BZN|BG","5916.92","5846.00"
"12/01/2023 20:00 - 12/01/2023 21:00","BZN|BG","5663.49","5565.00"
"12/01/2023 21:00 - 12/01/2023 22:00","BZN|BG","5466.29","5348.00"
"12/01/2023 22:00 - 12/01/2023 23:00","BZN|BG","5089.61","4941.00"
"12/01/2023 23:00 - 13/01/2023 00:00","BZN|BG","4517.96","4664.00"
"13/01/2023 00:00 - 13/01/2023 01:00","BZN|BG","4231.50","4430.00"
"13/01/2023 01:00 - 13/01/2023 02:00","BZN|BG","4129.45","4314.00"
"13/01/2023 02:00 - 13/01/2023 03:00","BZN|BG","4094.83","4267.00"
"13/01/2023 03:00 - 13/01/2023 04:00","BZN|BG","4129.24","4308.00"
"13/01/2023 04:00 - 13/01/2023 05:00","BZN|BG","4302.21","4488.00"
"13/01/2023 05:00 - 13/01/2023 06:00","BZN|BG","4767.77","5017.00"
"13/01/2023 06:00 - 13/01/2023 07:00","BZN|BG","5279.76","5600.00"
"13/01/2023 07:00 - 13/01/2023 08:00","BZN|BG","5663.32","5995.00"
"13/01/2023 08:00 - 13/01/2023 09:00","BZN|BG","5933.56","6141.00"
"13/01/2023 09:00 - 13/01/2023 10:00","BZN|BG","5805.19","5994.00"
"13/01/2023 10:00 - 13/01/2023 11:00","BZN|BG","5655.54","5863.00"
"13/01/2023 11:00 - 13/01/2023 12:00","BZN|BG","5484.40","5766.00"
"13/01/2023 12:00 - 13/01/2023 13:00","BZN|BG","5482.36","5736.00"
"13/01/2023 13:00 - 13/01/2023 14:00","BZN|BG","5459.85","5734.00"
"13/01/2023 14:00 - 13/01/2023 15:00","BZN|BG","5472.54","5792.00"
"13/01/2023 15:00 - 13/01/2023 16:00","BZN|BG","5598.43","5875.00"
"13/01/2023 16:00 - 13/01/2023 17:00","BZN|BG","5810.86","6081.00"
"13/01/2023 17:00 - 13/01/2023 18:00","BZN|BG","5945.78","6291.00"
"13/01/2023 18:00 - 13/01/2023 19:00","BZN|BG","5853.66","6197.00"
"13/01/2023 19:00 - 13/01/2023 20:00","BZN|BG","5539.49","5894.00"
"13/01/2023 20:00 - 13/01/2023 21:00","BZN|BG","5282.98","5632.00"
"13/01/2023 21:00 - 13/01/2023 22:00","BZN|BG","5101.27","5431.00"
"13/01/2023 22:00 - 13/01/2023 23:00","BZN|BG","5119.86","5057.00"
"13/01/2023 23:00 - 14/01/2023 00:00","BZN|BG","4574.85","4799.00"
"14/01/2023 00:00 - 14/01/2023 01:00","BZN|BG","4348.47","4497.00"
"14/01/2023 01:00 - 14/01/2023 02:00","BZN|BG","4207.36","4363.00"
"14/01/2023 02:00 - 14/01/2023 03:00","BZN|BG","4132.27","4330.00"
"14/01/2023 03:00 - 14/01/2023 04:00","BZN|BG","4114.38","4344.00"
"14/01/2023 04:00 - 14/01/2023 05:00","BZN|BG","4190.73","4428.00"
"14/01/2023 05:00 - 14/01/2023 06:00","BZN|BG","4354.27","4697.00"
"14/01/2023 06:00 - 14/01/2023 07:00","BZN|BG","4620.48","5166.00"
"14/01/2023 07:00 - 14/01/2023 08:00","BZN|BG","5099.61","5826.00"
"14/01/2023 08:00 - 14/01/2023 09:00","BZN|BG","5474.32","5998.00"
"14/01/2023 09:00 - 14/01/2023 10:00","BZN|BG","5519.65","5934.00"
"14/01/2023 10:00 - 14/01/2023 11:00","BZN|BG","5460.05","5787.00"
"14/01/2023 11:00 - 14/01/2023 12:00","BZN|BG","5402.89","5732.00"
"14/01/2023 12:00 - 14/01/2023 13:00","BZN|BG","5326.56","5685.00"
"14/01/2023 13:00 - 14/01/2023 14:00","BZN|BG","5262.66","5660.00"
"14/01/2023 14:00 - 14/01/2023 15:00","BZN|BG","5277.65","5751.00"
"14/01/2023 15:00 - 14/01/2023 16:00","BZN|BG","5401.99","5848.00"
"14/01/2023 16:00 - 14/01/2023 17:00","BZN|BG","5632.27","6047.00"
"14/01/2023 17:00 - 14/01/2023 18:00","BZN|BG","5714.85","6192.00"
"14/01/2023 18:00 - 14/01/2023 19:00","BZN|BG","5561.83","5991.00"
"14/01/2023 19:00 - 14/01/2023 20:00","BZN|BG","5312.97","5627.00"
"14/01/2023 20:00 - 14/01/2023 21:00","BZN|BG","5082.89","5371.00"
"14/01/2023 21:00 - 14/01/2023 22:00","BZN|BG","4995.87","5287.00"
"14/01/2023 22:00 - 14/01/2023 23:00","BZN|BG","4744.46","5048.00"
"14/01/2023 23:00 - 15/01/2023 00:00","BZN|BG","4497.03","4588.00"
"15/01/2023 00:00 - 15/01/2023 01:00","BZN|BG","4283.79","4362.00"
"15/01/2023 01:00 - 15/01/2023 02:00","BZN|BG","4143.07","4244.00"
"15/01/2023 02:00 - 15/01/2023 03:00","BZN|BG","4086.55","4188.00"
"15/01/2023 03:00 - 15/01/2023 04:00","BZN|BG","4069.32","4171.00"
"15/01/2023 04:00 - 15/01/2023 05:00","BZN|BG","4110.85","4237.00"
"15/01/2023 05:00 - 15/01/2023 06:00","BZN|BG","4208.39","4427.00"
"15/01/2023 06:00 - 15/01/2023 07:00","BZN|BG","4435.69","4745.00"
"15/01/2023 07:00 - 15/01/2023 08:00","BZN|BG","4882.59","5281.00"
"15/01/2023 08:00 - 15/01/2023 09:00","BZN|BG","5281.89","5574.00"
"15/01/2023 09:00 - 15/01/2023 10:00","BZN|BG","5365.97","5487.00"
"15/01/2023 10:00 - 15/01/2023 11:00","BZN|BG","5359.37","5329.00"
"15/01/2023 11:00 - 15/01/2023 12:00","BZN|BG","5344.81","5234.00"
"15/01/2023 12:00 - 15/01/2023 13:00","BZN|BG","5194.82","5158.00"
"15/01/2023 13:00 - 15/01/2023 14:00","BZN|BG","5076.92","5127.00"
"15/01/2023 14:00 - 15/01/2023 15:00","BZN|BG","5086.73","5254.00"
"15/01/2023 15:00 - 15/01/2023 16:00","BZN|BG","5314.76","5481.00"
"15/01/2023 16:00 - 15/01/2023 17:00","BZN|BG","5726.55","5887.00"
"15/01/2023 17:00 - 15/01/2023 18:00","BZN|BG","5988.90","6141.00"
"15/01/2023 18:00 - 15/01/2023 19:00","BZN|BG","5902.32","6046.00"
"15/01/2023 19:00 - 15/01/2023 20:00","BZN|BG","5703.37","5782.00"
"15/01/2023 20:00 - 15/01/2023 21:00","BZN|BG","5397.00","5490.00"
"15/01/2023 21:00 - 15/01/2023 22:00","BZN|BG","5207.97","5310.00"
"15/01/2023 22:00 - 15/01/2023 23:00","BZN|BG","4880.35","5012.00"
"15/01/2023 23:00 - 16/01/2023 00:00","BZN|BG","4514.87","4521.00"
"16/01/2023 00:00 - 16/01/2023 01:00","BZN|BG","4281.29","4319.00"
"16/01/2023 01:00 - 16/01/2023 02:00","BZN|BG","4174.24","4247.00"
"16/01/2023 02:00 - 16/01/2023 03:00","BZN|BG","4120.68","4200.00"
"16/01/2023 03:00 - 16/01/2023 04:00","BZN|BG","4157.09","4242.00"
"16/01/2023 04:00 - 16/01/2023 05:00","BZN|BG","4363.21","4423.00"
"16/01/2023 05:00 - 16/01/2023 06:00","BZN|BG","4873.71","4927.00"
"16/01/2023 06:00 - 16/01/2023 07:00","BZN|BG","5448.02","5457.00"
"16/01/2023 07:00 - 16/01/2023 08:00","BZN|BG","5912.18","5905.00"
"16/01/2023 08:00 - 16/01/2023 09:00","BZN|BG","6095.37","6064.00"
"16/01/2023 09:00 - 16/01/2023 10:00","BZN|BG","5880.35","5930.00"
"16/01/2023 10:00 - 16/01/2023 11:00","BZN|BG","5775.48","5736.00"
"16/01/2023 11:00 - 16/01/2023 12:00","BZN|BG","5636.05","5611.00"
"16/01/2023 12:00 - 16/01/2023 13:00","BZN|BG","5602.51","5588.00"
"16/01/2023 13:00 - 16/01/2023 14:00","BZN|BG","5537.91","5593.00"
"16/01/2023 14:00 - 16/01/2023 15:00","BZN|BG","5615.33","5699.00"
"16/01/2023 15:00 - 16/01/2023 16:00","BZN|BG","5659.08","5841.00"
"16/01/2023 16:00 - 16/01/2023 17:00","BZN|BG","5870.62","6146.00"
"16/01/2023 17:00 - 16/01/2023 18:00","BZN|BG","6089.69","6422.00"
"16/01/2023 18:00 - 16/01/2023 19:00","BZN|BG","6051.95","6372.00"
"16/01/2023 19:00 - 16/01/2023 20:00","BZN|BG","5814.36","6071.00"
"16/01/2023 20:00 - 16/01/2023 21:00","BZN|BG","5497.53","5814.00"
"16/01/2023 21:00 - 16/01/2023 22:00","BZN|BG","5279.31","5568.00"
"16/01/2023 22:00 - 16/01/2023 23:00","BZN|BG","4934.16","5206.00"
"16/01/2023 23:00 - 17/01/2023 00:00","BZN|BG","4560.09","4614.00"
"17/01/2023 00:00 - 17/01/2023 01:00","BZN|BG","4328.63","4387.00"
"17/01/2023 01:00 - 17/01/2023 02:00","BZN|BG","4205.24","4283.00"
"17/01/2023 02:00 - 17/01/2023 03:00","BZN|BG","4165.31","4239.00"
"17/01/2023 03:00 - 17/01/2023 04:00","BZN|BG","4209.51","4262.00"
"17/01/2023 04:00 - 17/01/2023 05:00","BZN|BG","4357.96","4427.00"
"17/01/2023 05:00 - 17/01/2023 06:00","BZN|BG","4787.05","4883.00"
"17/01/2023 06:00 - 17/01/2023 07:00","BZN|BG","5248.36","5372.00"
"17/01/2023 07:00 - 17/01/2023 08:00","BZN|BG","5667.22","5725.00"
"17/01/2023 08:00 - 17/01/2023 09:00","BZN|BG","5755.42","5927.00"
"17/01/2023 09:00 - 17/01/2023 10:00","BZN|BG","5544.02","5778.00"
"17/01/2023 10:00 - 17/01/2023 11:00","BZN|BG","5426.94","5678.00"
"17/01/2023 11:00 - 17/01/2023 12:00","BZN|BG","5292.04","5545.00"
"17/01/2023 12:00 - 17/01/2023 13:00","BZN|BG","5275.49","5514.00"
"17/01/2023 13:00 - 17/01/2023 14:00","BZN|BG","5218.17","5480.00"
"17/01/2023 14:00 - 17/01/2023 15:00","BZN|BG","5242.70","5555.00"
"17/01/2023 15:00 - 17/01/2023 16:00","BZN|BG","5335.84","5644.00"
"17/01/2023 16:00 - 17/01/2023 17:00","BZN|BG","5581.16","5925.00"
"17/01/2023 17:00 - 17/01/2023 18:00","BZN|BG","5847.06","6209.00"
"17/01/2023 18:00 - 17/01/2023 19:00","BZN|BG","5708.68","6117.00"
"17/01/2023 19:00 - 17/01/2023 20:00","BZN|BG","5497.29","5796.00"
"17/01/2023 20:00 - 17/01/2023 21:00","BZN|BG","5245.17","5538.00"
"17/01/2023 21:00 - 17/01/2023 22:00","BZN|BG","5043.28","5346.00"
"17/01/2023 22:00 - 17/01/2023 23:00","BZN|BG","4654.57","4999.00"
"17/01/2023 23:00 - 18/01/2023 00:00","BZN|BG","4245.10","4438.00"
"18/01/2023 00:00 - 18/01/2023 01:00","BZN|BG","4002.77","4178.00"
"18/01/2023 01:00 - 18/01/2023 02:00","BZN|BG","3873.31","4060.00"
"18/01/2023 02:00 - 18/01/2023 03:00","BZN|BG","3818.42","4020.00"
"18/01/2023 03:00 - 18/01/2023 04:00","BZN|BG","3852.85","4036.00"
"18/01/2023 04:00 - 18/01/2023 05:00","BZN|BG","3985.03","4174.00"
"18/01/2023 05:00 - 18/01/2023 06:00","BZN|BG","4420.98","4541.00"
"18/01/2023 06:00 - 18/01/2023 07:00","BZN|BG","4888.21","4945.00"
"18/01/2023 07:00 - 18/01/2023 08:00","BZN|BG","5132.63","5252.00"
"18/01/2023 08:00 - 18/01/2023 09:00","BZN|BG","4987.64","5468.00"
"18/01/2023 09:00 - 18/01/2023 10:00","BZN|BG","4683.15","5312.00"
"18/01/2023 10:00 - 18/01/2023 11:00","BZN|BG","4571.95","5225.00"
"18/01/2023 11:00 - 18/01/2023 12:00","BZN|BG","4398.79","5033.00"
"18/01/2023 12:00 - 18/01/2023 13:00","BZN|BG","4394.23","4967.00"
"18/01/2023 13:00 - 18/01/2023 14:00","BZN|BG","4519.51","4882.00"
"18/01/2023 14:00 - 18/01/2023 15:00","BZN|BG","4652.60","4938.00"
"18/01/2023 15:00 - 18/01/2023 16:00","BZN|BG","4793.87","4995.00"
"18/01/2023 16:00 - 18/01/2023 17:00","BZN|BG","5134.06","5333.00"
"18/01/2023 17:00 - 18/01/2023 18:00","BZN|BG","5458.27","5680.00"
"18/01/2023 18:00 - 18/01/2023 19:00","BZN|BG","5388.06","5605.00"
"18/01/2023 19:00 - 18/01/2023 20:00","BZN|BG","5137.59","5308.00"
"18/01/2023 20:00 - 18/01/2023 21:00","BZN|BG","4903.34","5062.00"
"18/01/2023 21:00 - 18/01/2023 22:00","BZN|BG","4712.80","4860.00"
"18/01/2023 22:00 - 18/01/2023 23:00","BZN|BG","4379.75","4521.00"
"18/01/2023 23:00 - 19/01/2023 00:00","BZN|BG","4026.80","3970.00"
"19/01/2023 00:00 - 19/01/2023 01:00","BZN|BG","3806.15","3726.00"
"19/01/2023 01:00 - 19/01/2023 02:00","BZN|BG","3682.28","3614.00"
"19/01/2023 02:00 - 19/01/2023 03:00","BZN|BG","3643.49","3572.00"
"19/01/2023 03:00 - 19/01/2023 04:00","BZN|BG","3656.44","3595.00"
"19/01/2023 04:00 - 19/01/2023 05:00","BZN|BG","3808.84","3759.00"
"19/01/2023 05:00 - 19/01/2023 06:00","BZN|BG","4254.81","4194.00"
"19/01/2023 06:00 - 19/01/2023 07:00","BZN|BG","4683.14","4673.00"
"19/01/2023 07:00 - 19/01/2023 08:00","BZN|BG","4946.71","5045.00"
"19/01/2023 08:00 - 19/01/2023 09:00","BZN|BG","4807.21","5257.00"
"19/01/2023 09:00 - 19/01/2023 10:00","BZN|BG","4487.92","5044.00"
"19/01/2023 10:00 - 19/01/2023 11:00","BZN|BG","4355.44","4924.00"
"19/01/2023 11:00 - 19/01/2023 12:00","BZN|BG","4207.57","4713.00"
"19/01/2023 12:00 - 19/01/2023 13:00","BZN|BG","4184.57","4661.00"
"19/01/2023 13:00 - 19/01/2023 14:00","BZN|BG","4189.09","4592.00"
"19/01/2023 14:00 - 19/01/2023 15:00","BZN|BG","4337.55","4643.00"
"19/01/2023 15:00 - 19/01/2023 16:00","BZN|BG","4546.99","4720.00"
"19/01/2023 16:00 - 19/01/2023 17:00","BZN|BG","4949.84","5050.00"
"19/01/2023 17:00 - 19/01/2023 18:00","BZN|BG","5284.39","5408.00"
"19/01/2023 18:00 - 19/01/2023 19:00","BZN|BG","5244.39","5315.00"
"19/01/2023 19:00 - 19/01/2023 20:00","BZN|BG","5027.44","5020.00"
"19/01/2023 20:00 - 19/01/2023 21:00","BZN|BG","4800.39","4771.00"
"19/01/2023 21:00 - 19/01/2023 22:00","BZN|BG","4653.27","4565.00"
"19/01/2023 22:00 - 19/01/2023 23:00","BZN|BG","4319.13","4209.00"
"19/01/2023 23:00 - 20/01/2023 00:00","BZN|BG","3858.79","4142.00"
"20/01/2023 00:00 - 20/01/2023 01:00","BZN|BG","3625.47","3894.00"
"20/01/2023 01:00 - 20/01/2023 02:00","BZN|BG","3521.85","3778.00"
"20/01/2023 02:00 - 20/01/2023 03:00","BZN|BG","3484.70","3733.00"
"20/01/2023 03:00 - 20/01/2023 04:00","BZN|BG","3525.89","3755.00"
"20/01/2023 04:00 - 20/01/2023 05:00","BZN|BG","3675.19","3910.00"
"20/01/2023 05:00 - 20/01/2023 06:00","BZN|BG","4104.28","4331.00"
"20/01/2023 06:00 - 20/01/2023 07:00","BZN|BG","4500.69","4789.00"
"20/01/2023 07:00 - 20/01/2023 08:00","BZN|BG","4888.24","5129.00"
"20/01/2023 08:00 - 20/01/2023 09:00","BZN|BG","4919.21","5295.00"
"20/01/2023 09:00 - 20/01/2023 10:00","BZN|BG","4804.96","5053.00"
"20/01/2023 10:00 - 20/01/2023 11:00","BZN|BG","4619.01","4918.00"
"20/01/2023 11:00 - 20/01/2023 12:00","BZN|BG","4446.23","4707.00"
"20/01/2023 12:00 - 20/01/2023 13:00","BZN|BG","4525.63","4669.00"
"20/01/2023 13:00 - 20/01/2023 14:00","BZN|BG","4609.36","4639.00"
"20/01/2023 14:00 - 20/01/2023 15:00","BZN|BG","4764.91","4714.00"
"20/01/2023 15:00 - 20/01/2023 16:00","BZN|BG","4821.70","4819.00"
"20/01/2023 16:00 - 20/01/2023 17:00","BZN|BG","5054.57","5217.00"
"20/01/2023 17:00 - 20/01/2023 18:00","BZN|BG","5264.06","5644.00"
"20/01/2023 18:00 - 20/01/2023 19:00","BZN|BG","5156.39","5570.00"
"20/01/2023 19:00 - 20/01/2023 20:00","BZN|BG","4865.09","5304.00"
"20/01/2023 20:00 - 20/01/2023 21:00","BZN|BG","4655.50","5088.00"
"20/01/2023 21:00 - 20/01/2023 22:00","BZN|BG","4561.98","4912.00"
"20/01/2023 22:00 - 20/01/2023 23:00","BZN|BG","4258.78","4605.00"
"20/01/2023 23:00 - 21/01/2023 00:00","BZN|BG","4069.14","4157.00"
"21/01/2023 00:00 - 21/01/2023 01:00","BZN|BG","3924.10","3956.00"
"21/01/2023 01:00 - 21/01/2023 02:00","BZN|BG","3763.09","3843.00"
"21/01/2023 02:00 - 21/01/2023 03:00","BZN|BG","3772.45","3783.00"
"21/01/2023 03:00 - 21/01/2023 04:00","BZN|BG","3807.09","3762.00"
"21/01/2023 04:00 - 21/01/2023 05:00","BZN|BG","3916.97","3829.00"
"21/01/2023 05:00 - 21/01/2023 06:00","BZN|BG","4070.66","3971.00"
"21/01/2023 06:00 - 21/01/2023 07:00","BZN|BG","4336.75","4196.00"
"21/01/2023 07:00 - 21/01/2023 08:00","BZN|BG","4713.10","4615.00"
"21/01/2023 08:00 - 21/01/2023 09:00","BZN|BG","4768.65","4990.00"
"21/01/2023 09:00 - 21/01/2023 10:00","BZN|BG","4599.45","5032.00"
"21/01/2023 10:00 - 21/01/2023 11:00","BZN|BG","4402.99","4937.00"
"21/01/2023 11:00 - 21/01/2023 12:00","BZN|BG","4399.38","4849.00"
"21/01/2023 12:00 - 21/01/2023 13:00","BZN|BG","4380.65","4752.00"
"21/01/2023 13:00 - 21/01/2023 14:00","BZN|BG","4294.80","4670.00"
"21/01/2023 14:00 - 21/01/2023 15:00","BZN|BG","4381.23","4687.00"
"21/01/2023 15:00 - 21/01/2023 16:00","BZN|BG","4608.67","4884.00"
"21/01/2023 16:00 - 21/01/2023 17:00","BZN|BG","4954.74","5248.00"
"21/01/2023 17:00 - 21/01/2023 18:00","BZN|BG","5246.12","5432.00"
"21/01/2023 18:00 - 21/01/2023 19:00","BZN|BG","5115.44","5280.00"
"21/01/2023 19:00 - 21/01/2023 20:00","BZN|BG","4880.70","4974.00"
"21/01/2023 20:00 - 21/01/2023 21:00","BZN|BG","4665.96","4727.00"
"21/01/2023 21:00 - 21/01/2023 22:00","BZN|BG","4563.89","4629.00"
"21/01/2023 22:00 - 21/01/2023 23:00","BZN|BG","4370.20","4367.00"
"21/01/2023 23:00 - 22/01/2023 00:00","BZN|BG","4106.36","4179.00"
"22/01/2023 00:00 - 22/01/2023 01:00","BZN|BG","3900.10","3999.00"
"22/01/2023 01:00 - 22/01/2023 02:00","BZN|BG","3750.60","3897.00"
"22/01/2023 02:00 - 22/01/2023 03:00","BZN|BG","3743.64","3848.00"
"22/01/2023 03:00 - 22/01/2023 04:00","BZN|BG","3726.01","3836.00"
"22/01/2023 04:00 - 22/01/2023 05:00","BZN|BG","3795.27","3873.00"
"22/01/2023 05:00 - 22/01/2023 06:00","BZN|BG","3883.92","3968.00"
"22/01/2023 06:00 - 22/01/2023 07:00","BZN|BG","4073.83","4166.00"
"22/01/2023 07:00 - 22/01/2023 08:00","BZN|BG","4513.04","4571.00"
"22/01/2023 08:00 - 22/01/2023 09:00","BZN|BG","4834.00","4953.00"
"22/01/2023 09:00 - 22/01/2023 10:00","BZN|BG","4910.04","5015.00"
"22/01/2023 10:00 - 22/01/2023 11:00","BZN|BG","4899.76","4965.00"
"22/01/2023 11:00 - 22/01/2023 12:00","BZN|BG","4857.00","4950.00"
"22/01/2023 12:00 - 22/01/2023 13:00","BZN|BG","4731.54","4863.00"
"22/01/2023 13:00 - 22/01/2023 14:00","BZN|BG","4641.65","4796.00"
"22/01/2023 14:00 - 22/01/2023 15:00","BZN|BG","4633.37","4839.00"
"22/01/2023 15:00 - 22/01/2023 16:00","BZN|BG","4816.17","5049.00"
"22/01/2023 16:00 - 22/01/2023 17:00","BZN|BG","5208.41","5417.00"
"22/01/2023 17:00 - 22/01/2023 18:00","BZN|BG","5470.53","5692.00"
"22/01/2023 18:00 - 22/01/2023 19:00","BZN|BG","5393.91","5602.00"
"22/01/2023 19:00 - 22/01/2023 20:00","BZN|BG","5182.64","5371.00"
"22/01/2023 20:00 - 22/01/2023 21:00","BZN|BG","4922.74","5096.00"
"22/01/2023 21:00 - 22/01/2023 22:00","BZN|BG","4761.91","4929.00"
"22/01/2023 22:00 - 22/01/2023 23:00","BZN|BG","4455.35","4656.00"
"22/01/2023 23:00 - 23/01/2023 00:00","BZN|BG","4110.21","4210.00"
"23/01/2023 00:00 - 23/01/2023 01:00","BZN|BG","3869.32","4000.00"
"23/01/2023 01:00 - 23/01/2023 02:00","BZN|BG","3806.04","3911.00"
"23/01/2023 02:00 - 23/01/2023 03:00","BZN|BG","3753.30","3866.00"
"23/01/2023 03:00 - 23/01/2023 04:00","BZN|BG","3805.48","3891.00"
"23/01/2023 04:00 - 23/01/2023 05:00","BZN|BG","3968.02","4044.00"
"23/01/2023 05:00 - 23/01/2023 06:00","BZN|BG","4456.98","4463.00"
"23/01/2023 06:00 - 23/01/2023 07:00","BZN|BG","4974.16","4936.00"
"23/01/2023 07:00 - 23/01/2023 08:00","BZN|BG","5450.61","5275.00"
"23/01/2023 08:00 - 23/01/2023 09:00","BZN|BG","5679.69","5429.00"
"23/01/2023 09:00 - 23/01/2023 10:00","BZN|BG","5630.95","5146.00"
"23/01/2023 10:00 - 23/01/2023 11:00","BZN|BG","5602.57","5084.00"
"23/01/2023 11:00 - 23/01/2023 12:00","BZN|BG","5524.13","4948.00"
"23/01/2023 12:00 - 23/01/2023 13:00","BZN|BG","5547.19","4919.00"
"23/01/2023 13:00 - 23/01/2023 14:00","BZN|BG","5510.95","4896.00"
"23/01/2023 14:00 - 23/01/2023 15:00","BZN|BG","5529.50","5020.00"
"23/01/2023 15:00 - 23/01/2023 16:00","BZN|BG","5514.57","5099.00"
"23/01/2023 16:00 - 23/01/2023 17:00","BZN|BG","5671.50","5401.00"
"23/01/2023 17:00 - 23/01/2023 18:00","BZN|BG","5875.29","5753.00"
"23/01/2023 18:00 - 23/01/2023 19:00","BZN|BG","5806.97","5714.00"
"23/01/2023 19:00 - 23/01/2023 20:00","BZN|BG","5583.59","5465.00"
"23/01/2023 20:00 - 23/01/2023 21:00","BZN|BG","5312.97","5209.00"
"23/01/2023 21:00 - 23/01/2023 22:00","BZN|BG","5123.53","5029.00"
"23/01/2023 22:00 - 23/01/2023 23:00","BZN|BG","4796.23","4745.00"
"23/01/2023 23:00 - 24/01/2023 00:00","BZN|BG","4471.69","4482.00"
"24/01/2023 00:00 - 24/01/2023 01:00","BZN|BG","4252.42","4252.00"
"24/01/2023 01:00 - 24/01/2023 02:00","BZN|BG","4144.95","4143.00"
"24/01/2023 02:00 - 24/01/2023 03:00","BZN|BG","4107.36","4096.00"
"24/01/2023 03:00 - 24/01/2023 04:00","BZN|BG","4153.92","4134.00"
"24/01/2023 04:00 - 24/01/2023 05:00","BZN|BG","4321.56","4337.00"
"24/01/2023 05:00 - 24/01/2023 06:00","BZN|BG","4787.57","4923.00"
"24/01/2023 06:00 - 24/01/2023 07:00","BZN|BG","5282.24","5537.00"
"24/01/2023 07:00 - 24/01/2023 08:00","BZN|BG","5774.48","5963.00"
"24/01/2023 08:00 - 24/01/2023 09:00","BZN|BG","5986.43","6070.00"
"24/01/2023 09:00 - 24/01/2023 10:00","BZN|BG","5978.78","5730.00"
"24/01/2023 10:00 - 24/01/2023 11:00","BZN|BG","5970.78","5543.00"
"24/01/2023 11:00 - 24/01/2023 12:00","BZN|BG","5874.98","5313.00"
"24/01/2023 12:00 - 24/01/2023 13:00","BZN|BG","5883.50","5328.00"
"24/01/2023 13:00 - 24/01/2023 14:00","BZN|BG","5831.37","5349.00"
"24/01/2023 14:00 - 24/01/2023 15:00","BZN|BG","5816.31","5436.00"
"24/01/2023 15:00 - 24/01/2023 16:00","BZN|BG","5822.47","5525.00"
"24/01/2023 16:00 - 24/01/2023 17:00","BZN|BG","5983.06","5811.00"
"24/01/2023 17:00 - 24/01/2023 18:00","BZN|BG","6217.70","6144.00"
"24/01/2023 18:00 - 24/01/2023 19:00","BZN|BG","6144.75","6056.00"
"24/01/2023 19:00 - 24/01/2023 20:00","BZN|BG","5896.80","5768.00"
"24/01/2023 20:00 - 24/01/2023 21:00","BZN|BG","5627.16","5544.00"
"24/01/2023 21:00 - 24/01/2023 22:00","BZN|BG","5430.36","5387.00"
"24/01/2023 22:00 - 24/01/2023 23:00","BZN|BG","5073.21","5070.00"
"24/01/2023 23:00 - 25/01/2023 00:00","BZN|BG","4716.52","4745.00"
"25/01/2023 00:00 - 25/01/2023 01:00","BZN|BG","4475.68","4504.00"
"25/01/2023 01:00 - 25/01/2023 02:00","BZN|BG","4363.22","4383.00"
"25/01/2023 02:00 - 25/01/2023 03:00","BZN|BG","4347.47","4328.00"
"25/01/2023 03:00 - 25/01/2023 04:00","BZN|BG","4378.01","4369.00"
"25/01/2023 04:00 - 25/01/2023 05:00","BZN|BG","4570.07","4591.00"
"25/01/2023 05:00 - 25/01/2023 06:00","BZN|BG","5033.41","5228.00"
"25/01/2023 06:00 - 25/01/2023 07:00","BZN|BG","5556.83","5885.00"
"25/01/2023 07:00 - 25/01/2023 08:00","BZN|BG","6041.38","6332.00"
"25/01/2023 08:00 - 25/01/2023 09:00","BZN|BG","6229.06","6382.00"
"25/01/2023 09:00 - 25/01/2023 10:00","BZN|BG","6199.11","6205.00"
"25/01/2023 10:00 - 25/01/2023 11:00","BZN|BG","6202.78","6132.00"
"25/01/2023 11:00 - 25/01/2023 12:00","BZN|BG","6101.63","6044.00"
"25/01/2023 12:00 - 25/01/2023 13:00","BZN|BG","6067.73","6055.00"
"25/01/2023 13:00 - 25/01/2023 14:00","BZN|BG","6044.52","6074.00"
"25/01/2023 14:00 - 25/01/2023 15:00","BZN|BG","6050.67","6124.00"
"25/01/2023 15:00 - 25/01/2023 16:00","BZN|BG","6086.94","6177.00"
"25/01/2023 16:00 - 25/01/2023 17:00","BZN|BG","6245.71","6343.00"
"25/01/2023 17:00 - 25/01/2023 18:00","BZN|BG","6500.01","6570.00"
"25/01/2023 18:00 - 25/01/2023 19:00","BZN|BG","6414.56","6476.00"
"25/01/2023 19:00 - 25/01/2023 20:00","BZN|BG","6130.10","6163.00"
"25/01/2023 20:00 - 25/01/2023 21:00","BZN|BG","5851.94","5921.00"
"25/01/2023 21:00 - 25/01/2023 22:00","BZN|BG","5665.44","5756.00"
"25/01/2023 22:00 - 25/01/2023 23:00","BZN|BG","5288.22","5384.00"
"25/01/2023 23:00 - 26/01/2023 00:00","BZN|BG","4893.76","4822.00"
"26/01/2023 00:00 - 26/01/2023 01:00","BZN|BG","4661.46","4637.00"
"26/01/2023 01:00 - 26/01/2023 02:00","BZN|BG","4525.23","4546.00"
"26/01/2023 02:00 - 26/01/2023 03:00","BZN|BG","4504.44","4510.00"
"26/01/2023 03:00 - 26/01/2023 04:00","BZN|BG","4523.83","4546.00"
"26/01/2023 04:00 - 26/01/2023 05:00","BZN|BG","4699.52","4755.00"
"26/01/2023 05:00 - 26/01/2023 06:00","BZN|BG","5168.01","5338.00"
"26/01/2023 06:00 - 26/01/2023 07:00","BZN|BG","5688.43","5950.00"
"26/01/2023 07:00 - 26/01/2023 08:00","BZN|BG","6175.33","6401.00"
"26/01/2023 08:00 - 26/01/2023 09:00","BZN|BG","6405.36","6497.00"
"26/01/2023 09:00 - 26/01/2023 10:00","BZN|BG","6391.52","6278.00"
"26/01/2023 10:00 - 26/01/2023 11:00","BZN|BG","6402.71","6184.00"
"26/01/2023 11:00 - 26/01/2023 12:00","BZN|BG","6291.48","6049.00"
"26/01/2023 12:00 - 26/01/2023 13:00","BZN|BG","6274.24","6055.00"
"26/01/2023 13:00 - 26/01/2023 14:00","BZN|BG","6204.56","6067.00"
"26/01/2023 14:00 - 26/01/2023 15:00","BZN|BG","6193.02","6120.00"
"26/01/2023 15:00 - 26/01/2023 16:00","BZN|BG","6182.13","6178.00"
"26/01/2023 16:00 - 26/01/2023 17:00","BZN|BG","6350.40","6373.00"
"26/01/2023 17:00 - 26/01/2023 18:00","BZN|BG","6542.91","6640.00"
"26/01/2023 18:00 - 26/01/2023 19:00","BZN|BG","6439.28","6549.00"
"26/01/2023 19:00 - 26/01/2023 20:00","BZN|BG","6208.78","6241.00"
"26/01/2023 20:00 - 26/01/2023 21:00","BZN|BG","5928.97","5993.00"
"26/01/2023 21:00 - 26/01/2023 22:00","BZN|BG","5768.02","5820.00"
"26/01/2023 22:00 - 26/01/2023 23:00","BZN|BG","5379.10","5453.00"
"26/01/2023 23:00 - 27/01/2023 00:00","BZN|BG","4706.94","5103.00"
"27/01/2023 00:00 - 27/01/2023 01:00","BZN|BG","4450.45","4860.00"
"27/01/2023 01:00 - 27/01/2023 02:00","BZN|BG","4285.88","4743.00"
"27/01/2023 02:00 - 27/01/2023 03:00","BZN|BG","4247.24","4700.00"
"27/01/2023 03:00 - 27/01/2023 04:00","BZN|BG","4273.70","4730.00"
"27/01/2023 04:00 - 27/01/2023 05:00","BZN|BG","4394.31","4908.00"
"27/01/2023 05:00 - 27/01/2023 06:00","BZN|BG","4826.67","5388.00"
"27/01/2023 06:00 - 27/01/2023 07:00","BZN|BG","5358.28","5900.00"
"27/01/2023 07:00 - 27/01/2023 08:00","BZN|BG","5896.31","6292.00"
"27/01/2023 08:00 - 27/01/2023 09:00","BZN|BG","6141.72","6406.00"
"27/01/2023 09:00 - 27/01/2023 10:00","BZN|BG","6043.09","6274.00"
"27/01/2023 10:00 - 27/01/2023 11:00","BZN|BG","6043.31","6234.00"
"27/01/2023 11:00 - 27/01/2023 12:00","BZN|BG","5958.57","6169.00"
"27/01/2023 12:00 - 27/01/2023 13:00","BZN|BG","5938.27","6170.00"
"27/01/2023 13:00 - 27/01/2023 14:00","BZN|BG","5806.83","6173.00"
"27/01/2023 14:00 - 27/01/2023 15:00","BZN|BG","5772.93","6212.00"
"27/01/2023 15:00 - 27/01/2023 16:00","BZN|BG","5782.73","6253.00"
"27/01/2023 16:00 - 27/01/2023 17:00","BZN|BG","5969.71","6387.00"
"27/01/2023 17:00 - 27/01/2023 18:00","BZN|BG","6128.40","6600.00"
"27/01/2023 18:00 - 27/01/2023 19:00","BZN|BG","6061.67","6514.00"
"27/01/2023 19:00 - 27/01/2023 20:00","BZN|BG","5789.92","6209.00"
"27/01/2023 20:00 - 27/01/2023 21:00","BZN|BG","5535.02","5970.00"
"27/01/2023 21:00 - 27/01/2023 22:00","BZN|BG","5324.05","5803.00"
"27/01/2023 22:00 - 27/01/2023 23:00","BZN|BG","5072.34","5453.00"
"27/01/2023 23:00 - 28/01/2023 00:00","BZN|BG","4743.33","5003.00"
"28/01/2023 00:00 - 28/01/2023 01:00","BZN|BG","4477.72","4786.00"
"28/01/2023 01:00 - 28/01/2023 02:00","BZN|BG","4358.94","4611.00"
"28/01/2023 02:00 - 28/01/2023 03:00","BZN|BG","4183.67","4593.00"
"28/01/2023 03:00 - 28/01/2023 04:00","BZN|BG","4207.75","4616.00"
"28/01/2023 04:00 - 28/01/2023 05:00","BZN|BG","4290.71","4738.00"
"28/01/2023 05:00 - 28/01/2023 06:00","BZN|BG","4443.57","4979.00"
"28/01/2023 06:00 - 28/01/2023 07:00","BZN|BG","4731.01","5376.00"
"28/01/2023 07:00 - 28/01/2023 08:00","BZN|BG","5241.21","5949.00"
"28/01/2023 08:00 - 28/01/2023 09:00","BZN|BG","5591.19","6185.00"
"28/01/2023 09:00 - 28/01/2023 10:00","BZN|BG","5628.15","6081.00"
"28/01/2023 10:00 - 28/01/2023 11:00","BZN|BG","5574.22","5984.00"
"28/01/2023 11:00 - 28/01/2023 12:00","BZN|BG","5497.74","5960.00"
"28/01/2023 12:00 - 28/01/2023 13:00","BZN|BG","5344.38","5905.00"
"28/01/2023 13:00 - 28/01/2023 14:00","BZN|BG","5250.80","5839.00"
"28/01/2023 14:00 - 28/01/2023 15:00","BZN|BG","5266.49","5886.00"
"28/01/2023 15:00 - 28/01/2023 16:00","BZN|BG","5419.12","6003.00"
"28/01/2023 16:00 - 28/01/2023 17:00","BZN|BG","5680.48","6230.00"
"28/01/2023 17:00 - 28/01/2023 18:00","BZN|BG","6144.05","6394.00"
"28/01/2023 18:00 - 28/01/2023 19:00","BZN|BG","6013.04","6238.00"
"28/01/2023 19:00 - 28/01/2023 20:00","BZN|BG","5759.25","5896.00"
"28/01/2023 20:00 - 28/01/2023 21:00","BZN|BG","5540.06","5668.00"
"28/01/2023 21:00 - 28/01/2023 22:00","BZN|BG","5424.46","5547.00"
"28/01/2023 22:00 - 28/01/2023 23:00","BZN|BG","5181.32","5301.00"
"28/01/2023 23:00 - 29/01/2023 00:00","BZN|BG","4861.50","4977.00"
"29/01/2023 00:00 - 29/01/2023 01:00","BZN|BG","4660.19","4720.00"
"29/01/2023 01:00 - 29/01/2023 02:00","BZN|BG","4508.28","4572.00"
"29/01/2023 02:00 - 29/01/2023 03:00","BZN|BG","4437.85","4514.00"
"29/01/2023 03:00 - 29/01/2023 04:00","BZN|BG","4441.73","4491.00"
"29/01/2023 04:00 - 29/01/2023 05:00","BZN|BG","4508.94","4594.00"
"29/01/2023 05:00 - 29/01/2023 06:00","BZN|BG","4622.89","4715.00"
"29/01/2023 06:00 - 29/01/2023 07:00","BZN|BG","4819.29","4976.00"
"29/01/2023 07:00 - 29/01/2023 08:00","BZN|BG","5313.71","5547.00"
"29/01/2023 08:00 - 29/01/2023 09:00","BZN|BG","5760.94","5987.00"
"29/01/2023 09:00 - 29/01/2023 10:00","BZN|BG","5887.86","5988.00"
"29/01/2023 10:00 - 29/01/2023 11:00","BZN|BG","5918.16","5971.00"
"29/01/2023 11:00 - 29/01/2023 12:00","BZN|BG","5895.83","5944.00"
"29/01/2023 12:00 - 29/01/2023 13:00","BZN|BG","5782.22","5869.00"
"29/01/2023 13:00 - 29/01/2023 14:00","BZN|BG","5680.82","5806.00"
"29/01/2023 14:00 - 29/01/2023 15:00","BZN|BG","5696.42","5853.00"
"29/01/2023 15:00 - 29/01/2023 16:00","BZN|BG","5808.74","5974.00"
"29/01/2023 16:00 - 29/01/2023 17:00","BZN|BG","6129.59","6208.00"
"29/01/2023 17:00 - 29/01/2023 18:00","BZN|BG","6399.41","6441.00"
"29/01/2023 18:00 - 29/01/2023 19:00","BZN|BG","6308.44","6343.00"
"29/01/2023 19:00 - 29/01/2023 20:00","BZN|BG","6094.94","6018.00"
"29/01/2023 20:00 - 29/01/2023 21:00","BZN|BG","5825.32","5714.00"
"29/01/2023 21:00 - 29/01/2023 22:00","BZN|BG","5590.71","5522.00"
"29/01/2023 22:00 - 29/01/2023 23:00","BZN|BG","5259.12","5313.00"
"29/01/2023 23:00 - 30/01/2023 00:00","BZN|BG","4862.18","5019.00"
"30/01/2023 00:00 - 30/01/2023 01:00","BZN|BG","4615.34","4771.00"
"30/01/2023 01:00 - 30/01/2023 02:00","BZN|BG","4484.33","4705.00"
"30/01/2023 02:00 - 30/01/2023 03:00","BZN|BG","4438.58","4650.00"
"30/01/2023 03:00 - 30/01/2023 04:00","BZN|BG","4498.91","4702.00"
"30/01/2023 04:00 - 30/01/2023 05:00","BZN|BG","4679.34","4872.00"
"30/01/2023 05:00 - 30/01/2023 06:00","BZN|BG","5190.67","5353.00"
"30/01/2023 06:00 - 30/01/2023 07:00","BZN|BG","5766.31","5845.00"
"30/01/2023 07:00 - 30/01/2023 08:00","BZN|BG","6329.00","6296.00"
"30/01/2023 08:00 - 30/01/2023 09:00","BZN|BG","6584.78","6583.00"
"30/01/2023 09:00 - 30/01/2023 10:00","BZN|BG","6534.28","6401.00"
"30/01/2023 10:00 - 30/01/2023 11:00","BZN|BG","6464.04","6261.00"
"30/01/2023 11:00 - 30/01/2023 12:00","BZN|BG","6314.39","6082.00"
"30/01/2023 12:00 - 30/01/2023 13:00","BZN|BG","6248.97","6146.00"
"30/01/2023 13:00 - 30/01/2023 14:00","BZN|BG","6183.75","6044.00"
"30/01/2023 14:00 - 30/01/2023 15:00","BZN|BG","6158.59","6006.00"
"30/01/2023 15:00 - 30/01/2023 16:00","BZN|BG","6186.57","6071.00"
"30/01/2023 16:00 - 30/01/2023 17:00","BZN|BG","6272.43","6363.00"
"30/01/2023 17:00 - 30/01/2023 18:00","BZN|BG","6552.58","6800.00"
"30/01/2023 18:00 - 30/01/2023 19:00","BZN|BG","6565.96","6708.00"
"30/01/2023 19:00 - 30/01/2023 20:00","BZN|BG","6349.65","6380.00"
"30/01/2023 20:00 - 30/01/2023 21:00","BZN|BG","6094.71","6058.00"
"30/01/2023 21:00 - 30/01/2023 22:00","BZN|BG","5901.06","5817.00"
"30/01/2023 22:00 - 30/01/2023 23:00","BZN|BG","5525.05","5597.00"
"30/01/2023 23:00 - 31/01/2023 00:00","BZN|BG","5093.95","5070.00"
"31/01/2023 00:00 - 31/01/2023 01:00","BZN|BG","4818.91","4799.00"
"31/01/2023 01:00 - 31/01/2023 02:00","BZN|BG","4691.05","4670.00"
"31/01/2023 02:00 - 31/01/2023 03:00","BZN|BG","4655.13","4627.00"
"31/01/2023 03:00 - 31/01/2023 04:00","BZN|BG","4665.34","4653.00"
"31/01/2023 04:00 - 31/01/2023 05:00","BZN|BG","4851.47","4841.00"
"31/01/2023 05:00 - 31/01/2023 06:00","BZN|BG","5298.05","5352.00"
"31/01/2023 06:00 - 31/01/2023 07:00","BZN|BG","5824.29","5923.00"
"31/01/2023 07:00 - 31/01/2023 08:00","BZN|BG","6336.22","6440.00"
"31/01/2023 08:00 - 31/01/2023 09:00","BZN|BG","6529.19","6708.00"
"31/01/2023 09:00 - 31/01/2023 10:00","BZN|BG","6426.64","6588.00"
"31/01/2023 10:00 - 31/01/2023 11:00","BZN|BG","6271.46","6535.00"
"31/01/2023 11:00 - 31/01/2023 12:00","BZN|BG","6102.15","6388.00"
"31/01/2023 12:00 - 31/01/2023 13:00","BZN|BG","6056.11","6360.00"
"31/01/2023 13:00 - 31/01/2023 14:00","BZN|BG","6040.17","6308.00"
"31/01/2023 14:00 - 31/01/2023 15:00","BZN|BG","6104.82","6350.00"
"31/01/2023 15:00 - 31/01/2023 16:00","BZN|BG","6127.41","6354.00"
"31/01/2023 16:00 - 31/01/2023 17:00","BZN|BG","6287.76","6528.00"
"31/01/2023 17:00 - 31/01/2023 18:00","BZN|BG","6615.65","6848.00"
"31/01/2023 18:00 - 31/01/2023 19:00","BZN|BG","6574.04","6752.00"
"31/01/2023 19:00 - 31/01/2023 20:00","BZN|BG","6336.71","6411.00"
"31/01/2023 20:00 - 31/01/2023 21:00","BZN|BG","6053.04","6136.00"
"31/01/2023 21:00 - 31/01/2023 22:00","BZN|BG","5795.58","5957.00"
"31/01/2023 22:00 - 31/01/2023 23:00","BZN|BG","5404.62","5591.00"
"31/01/2023 23:00 - 01/02/2023 00:00","BZN|BG","4964.37","5233.00"
"01/02/2023 00:00 - 01/02/2023 01:00","BZN|BG","4767.87","4969.00"
"01/02/2023 01:00 - 01/02/2023 02:00","BZN|BG","4648.44","4847.00"
"01/02/2023 02:00 - 01/02/2023 03:00","BZN|BG","4577.95","4813.00"
"01/02/2023 03:00 - 01/02/2023 04:00","BZN|BG","4648.15","4834.00"
"01/02/2023 04:00 - 01/02/2023 05:00","BZN|BG","4812.57","5006.00"
"01/02/2023 05:00 - 01/02/2023 06:00","BZN|BG","5211.79","5460.00"
"01/02/2023 06:00 - 01/02/2023 07:00","BZN|BG","5748.63","5973.00"
"01/02/2023 07:00 - 01/02/2023 08:00","BZN|BG","6186.44","6518.00"
"01/02/2023 08:00 - 01/02/2023 09:00","BZN|BG","6328.36","6717.00"
"01/02/2023 09:00 - 01/02/2023 10:00","BZN|BG","6221.04","6596.00"
"01/02/2023 10:00 - 01/02/2023 11:00","BZN|BG","6108.97","6582.00"
"01/02/2023 11:00 - 01/02/2023 12:00","BZN|BG","5861.93","6445.00"
"01/02/2023 12:00 - 01/02/2023 13:00","BZN|BG","5744.06","6384.00"
"01/02/2023 13:00 - 01/02/2023 14:00","BZN|BG","5642.96","6295.00"
"01/02/2023 14:00 - 01/02/2023 15:00","BZN|BG","5639.00","6320.00"
"01/02/2023 15:00 - 01/02/2023 16:00","BZN|BG","5721.42","6320.00"
"01/02/2023 16:00 - 01/02/2023 17:00","BZN|BG","5967.31","6468.00"
"01/02/2023 17:00 - 01/02/2023 18:00","BZN|BG","6407.54","6774.00"
"01/02/2023 18:00 - 01/02/2023 19:00","BZN|BG","6332.14","6687.00"
"01/02/2023 19:00 - 01/02/2023 20:00","BZN|BG","6100.42","6392.00"
"01/02/2023 20:00 - 01/02/2023 21:00","BZN|BG","5827.17","6142.00"
"01/02/2023 21:00 - 01/02/2023 22:00","BZN|BG","5649.16","5974.00"
"01/02/2023 22:00 - 01/02/2023 23:00","BZN|BG","5275.56","5653.00"
"01/02/2023 23:00 - 02/02/2023 00:00","BZN|BG","4895.48","5001.00"
"02/02/2023 00:00 - 02/02/2023 01:00","BZN|BG","4649.17","4745.00"
"02/02/2023 01:00 - 02/02/2023 02:00","BZN|BG","4544.79","4628.00"
"02/02/2023 02:00 - 02/02/2023 03:00","BZN|BG","4477.45","4596.00"
"02/02/2023 03:00 - 02/02/2023 04:00","BZN|BG","4524.45","4611.00"
"02/02/2023 04:00 - 02/02/2023 05:00","BZN|BG","4665.55","4770.00"
"02/02/2023 05:00 - 02/02/2023 06:00","BZN|BG","5109.49","5176.00"
"02/02/2023 06:00 - 02/02/2023 07:00","BZN|BG","5609.08","5639.00"
"02/02/2023 07:00 - 02/02/2023 08:00","BZN|BG","6063.17","6134.00"
"02/02/2023 08:00 - 02/02/2023 09:00","BZN|BG","6099.36","6310.00"
"02/02/2023 09:00 - 02/02/2023 10:00","BZN|BG","5876.04","6142.00"
"02/02/2023 10:00 - 02/02/2023 11:00","BZN|BG","5738.61","6056.00"
"02/02/2023 11:00 - 02/02/2023 12:00","BZN|BG","5565.14","5856.00"
"02/02/2023 12:00 - 02/02/2023 13:00","BZN|BG","5522.97","5778.00"
"02/02/2023 13:00 - 02/02/2023 14:00","BZN|BG","5530.29","5699.00"
"02/02/2023 14:00 - 02/02/2023 15:00","BZN|BG","5626.15","5756.00"
"02/02/2023 15:00 - 02/02/2023 16:00","BZN|BG","5739.50","5772.00"
"02/02/2023 16:00 - 02/02/2023 17:00","BZN|BG","6032.02","5995.00"
"02/02/2023 17:00 - 02/02/2023 18:00","BZN|BG","6342.13","6430.00"
"02/02/2023 18:00 - 02/02/2023 19:00","BZN|BG","6289.73","6346.00"
"02/02/2023 19:00 - 02/02/2023 20:00","BZN|BG","6032.03","6041.00"
"02/02/2023 20:00 - 02/02/2023 21:00","BZN|BG","5775.89","5771.00"
"02/02/2023 21:00 - 02/02/2023 22:00","BZN|BG","5624.26","5575.00"
"02/02/2023 22:00 - 02/02/2023 23:00","BZN|BG","5252.20","5223.00"
"02/02/2023 23:00 - 03/02/2023 00:00","BZN|BG","4634.45","4975.00"
"03/02/2023 00:00 - 03/02/2023 01:00","BZN|BG","4403.53","4727.00"
"03/02/2023 01:00 - 03/02/2023 02:00","BZN|BG","4265.55","4610.00"
"03/02/2023 02:00 - 03/02/2023 03:00","BZN|BG","4221.49","4572.00"
"03/02/2023 03:00 - 03/02/2023 04:00","BZN|BG","4247.28","4593.00"
"03/02/2023 04:00 - 03/02/2023 05:00","BZN|BG","4400.10","4739.00"
"03/02/2023 05:00 - 03/02/2023 06:00","BZN|BG","4830.77","5109.00"
"03/02/2023 06:00 - 03/02/2023 07:00","BZN|BG","5346.53","5543.00"
"03/02/2023 07:00 - 03/02/2023 08:00","BZN|BG","5796.84","5992.00"
"03/02/2023 08:00 - 03/02/2023 09:00","BZN|BG","5841.09","6136.00"
"03/02/2023 09:00 - 03/02/2023 10:00","BZN|BG","5535.29","5914.00"
"03/02/2023 10:00 - 03/02/2023 11:00","BZN|BG","5335.76","5794.00"
"03/02/2023 11:00 - 03/02/2023 12:00","BZN|BG","5190.61","5519.00"
"03/02/2023 12:00 - 03/02/2023 13:00","BZN|BG","5128.90","5404.00"
"03/02/2023 13:00 - 03/02/2023 14:00","BZN|BG","5131.24","5320.00"
"03/02/2023 14:00 - 03/02/2023 15:00","BZN|BG","5252.67","5392.00"
"03/02/2023 15:00 - 03/02/2023 16:00","BZN|BG","5440.50","5453.00"
"03/02/2023 16:00 - 03/02/2023 17:00","BZN|BG","5767.36","5762.00"
"03/02/2023 17:00 - 03/02/2023 18:00","BZN|BG","6142.40","6343.00"
"03/02/2023 18:00 - 03/02/2023 19:00","BZN|BG","6125.86","6273.00"
"03/02/2023 19:00 - 03/02/2023 20:00","BZN|BG","5842.05","5993.00"
"03/02/2023 20:00 - 03/02/2023 21:00","BZN|BG","5571.50","5750.00"
"03/02/2023 21:00 - 03/02/2023 22:00","BZN|BG","5433.34","5580.00"
"03/02/2023 22:00 - 03/02/2023 23:00","BZN|BG","5119.91","5266.00"
"03/02/2023 23:00 - 04/02/2023 00:00","BZN|BG","4757.60","4908.00"
"04/02/2023 00:00 - 04/02/2023 01:00","BZN|BG","4523.66","4665.00"
"04/02/2023 01:00 - 04/02/2023 02:00","BZN|BG","4371.53","4560.00"
"04/02/2023 02:00 - 04/02/2023 03:00","BZN|BG","4275.30","4496.00"
"04/02/2023 03:00 - 04/02/2023 04:00","BZN|BG","4258.10","4526.00"
"04/02/2023 04:00 - 04/02/2023 05:00","BZN|BG","4361.77","4586.00"
"04/02/2023 05:00 - 04/02/2023 06:00","BZN|BG","4530.33","4746.00"
"04/02/2023 06:00 - 04/02/2023 07:00","BZN|BG","4838.29","5023.00"
"04/02/2023 07:00 - 04/02/2023 08:00","BZN|BG","5335.16","5565.00"
"04/02/2023 08:00 - 04/02/2023 09:00","BZN|BG","5563.40","5915.00"
"04/02/2023 09:00 - 04/02/2023 10:00","BZN|BG","5519.72","5917.00"
"04/02/2023 10:00 - 04/02/2023 11:00","BZN|BG","5406.82","5907.00"
"04/02/2023 11:00 - 04/02/2023 12:00","BZN|BG","5305.70","5863.00"
"04/02/2023 12:00 - 04/02/2023 13:00","BZN|BG","5178.56","5738.00"
"04/02/2023 13:00 - 04/02/2023 14:00","BZN|BG","5100.44","5664.00"
"04/02/2023 14:00 - 04/02/2023 15:00","BZN|BG","5179.73","5671.00"
"04/02/2023 15:00 - 04/02/2023 16:00","BZN|BG","5352.16","5775.00"
"04/02/2023 16:00 - 04/02/2023 17:00","BZN|BG","5640.98","5983.00"
"04/02/2023 17:00 - 04/02/2023 18:00","BZN|BG","5985.64","6192.00"
"04/02/2023 18:00 - 04/02/2023 19:00","BZN|BG","5891.15","6078.00"
"04/02/2023 19:00 - 04/02/2023 20:00","BZN|BG","5694.99","5786.00"
"04/02/2023 20:00 - 04/02/2023 21:00","BZN|BG","5470.52","5586.00"
"04/02/2023 21:00 - 04/02/2023 22:00","BZN|BG","5404.37","5486.00"
"04/02/2023 22:00 - 04/02/2023 23:00","BZN|BG","5149.22","5269.00"
"04/02/2023 23:00 - 05/02/2023 00:00","BZN|BG","4889.57","5029.00"
"05/02/2023 00:00 - 05/02/2023 01:00","BZN|BG","4682.23","4817.00"
"05/02/2023 01:00 - 05/02/2023 02:00","BZN|BG","4574.09","4670.00"
"05/02/2023 02:00 - 05/02/2023 03:00","BZN|BG","4512.14","4605.00"
"05/02/2023 03:00 - 05/02/2023 04:00","BZN|BG","4504.92","4614.00"
"05/02/2023 04:00 - 05/02/2023 05:00","BZN|BG","4573.12","4677.00"
"05/02/2023 05:00 - 05/02/2023 06:00","BZN|BG","4732.22","4804.00"
"05/02/2023 06:00 - 05/02/2023 07:00","BZN|BG","4991.68","5001.00"
"05/02/2023 07:00 - 05/02/2023 08:00","BZN|BG","5545.05","5574.00"
"05/02/2023 08:00 - 05/02/2023 09:00","BZN|BG","5928.24","6040.00"
"05/02/2023 09:00 - 05/02/2023 10:00","BZN|BG","6011.40","6087.00"
"05/02/2023 10:00 - 05/02/2023 11:00","BZN|BG","5965.37","6112.00"
"05/02/2023 11:00 - 05/02/2023 12:00","BZN|BG","5914.00","6056.00"
"05/02/2023 12:00 - 05/02/2023 13:00","BZN|BG","5788.47","5907.00"
"05/02/2023 13:00 - 05/02/2023 14:00","BZN|BG","5725.29","5746.00"
"05/02/2023 14:00 - 05/02/2023 15:00","BZN|BG","5774.20","5783.00"
"05/02/2023 15:00 - 05/02/2023 16:00","BZN|BG","5983.26","5926.00"
"05/02/2023 16:00 - 05/02/2023 17:00","BZN|BG","6331.33","6246.00"
"05/02/2023 17:00 - 05/02/2023 18:00","BZN|BG","6697.89","6591.00"
"05/02/2023 18:00 - 05/02/2023 19:00","BZN|BG","6624.91","6510.00"
"05/02/2023 19:00 - 05/02/2023 20:00","BZN|BG","6437.92","6261.00"
"05/02/2023 20:00 - 05/02/2023 21:00","BZN|BG","6150.83","6033.00"
"05/02/2023 21:00 - 05/02/2023 22:00","BZN|BG","5941.41","5848.00"
"05/02/2023 22:00 - 05/02/2023 23:00","BZN|BG","5580.04","5572.00"
"05/02/2023 23:00 - 06/02/2023 00:00","BZN|BG","5154.82","5061.00"
"06/02/2023 00:00 - 06/02/2023 01:00","BZN|BG","4929.58","4857.00"
"06/02/2023 01:00 - 06/02/2023 02:00","BZN|BG","4822.85","4755.00"
"06/02/2023 02:00 - 06/02/2023 03:00","BZN|BG","4796.91","4711.00"
"06/02/2023 03:00 - 06/02/2023 04:00","BZN|BG","4848.21","4769.00"
"06/02/2023 04:00 - 06/02/2023 05:00","BZN|BG","5041.46","4950.00"
"06/02/2023 05:00 - 06/02/2023 06:00","BZN|BG","5599.36","5448.00"
"06/02/2023 06:00 - 06/02/2023 07:00","BZN|BG","6200.29","6026.00"
"06/02/2023 07:00 - 06/02/2023 08:00","BZN|BG","6644.21","6647.00"
"06/02/2023 08:00 - 06/02/2023 09:00","BZN|BG","6802.50","6883.00"
"06/02/2023 09:00 - 06/02/2023 10:00","BZN|BG","6700.80","6720.00"
"06/02/2023 10:00 - 06/02/2023 11:00","BZN|BG","6577.47","6599.00"
"06/02/2023 11:00 - 06/02/2023 12:00","BZN|BG","6431.99","6385.00"
"06/02/2023 12:00 - 06/02/2023 13:00","BZN|BG","6354.29","6292.00"
"06/02/2023 13:00 - 06/02/2023 14:00","BZN|BG","6300.50","6230.00"
"06/02/2023 14:00 - 06/02/2023 15:00","BZN|BG","6368.70","6225.00"
"06/02/2023 15:00 - 06/02/2023 16:00","BZN|BG","6406.92","6264.00"
"06/02/2023 16:00 - 06/02/2023 17:00","BZN|BG","6601.86","6474.00"
"06/02/2023 17:00 - 06/02/2023 18:00","BZN|BG","7029.27","7004.00"
"06/02/2023 18:00 - 06/02/2023 19:00","BZN|BG","7001.04","6992.00"
"06/02/2023 19:00 - 06/02/2023 20:00","BZN|BG","6726.16","6673.00"
"06/02/2023 20:00 - 06/02/2023 21:00","BZN|BG","6454.78","6384.00"
"06/02/2023 21:00 - 06/02/2023 22:00","BZN|BG","6232.38","6178.00"
"06/02/2023 22:00 - 06/02/2023 23:00","BZN|BG","5842.57","5754.00"
"06/02/2023 23:00 - 07/02/2023 00:00","BZN|BG","5140.95","5620.00"
"07/02/2023 00:00 - 07/02/2023 01:00","BZN|BG","4861.04","5413.00"
"07/02/2023 01:00 - 07/02/2023 02:00","BZN|BG","4735.65","5301.00"
"07/02/2023 02:00 - 07/02/2023 03:00","BZN|BG","4738.87","5257.00"
"07/02/2023 03:00 - 07/02/2023 04:00","BZN|BG","4790.42","5295.00"
"07/02/2023 04:00 - 07/02/2023 05:00","BZN|BG","4976.28","5454.00"
"07/02/2023 05:00 - 07/02/2023 06:00","BZN|BG","5502.67","5898.00"
"07/02/2023 06:00 - 07/02/2023 07:00","BZN|BG","6351.20","6434.00"
"07/02/2023 07:00 - 07/02/2023 08:00","BZN|BG","6766.53","6998.00"
"07/02/2023 08:00 - 07/02/2023 09:00","BZN|BG","6814.20","7135.00"
"07/02/2023 09:00 - 07/02/2023 10:00","BZN|BG","6586.87","6929.00"
"07/02/2023 10:00 - 07/02/2023 11:00","BZN|BG","6407.88","6806.00"
"07/02/2023 11:00 - 07/02/2023 12:00","BZN|BG","6256.43","6659.00"
"07/02/2023 12:00 - 07/02/2023 13:00","BZN|BG","6186.47","6609.00"
"07/02/2023 13:00 - 07/02/2023 14:00","BZN|BG","6122.42","6568.00"
"07/02/2023 14:00 - 07/02/2023 15:00","BZN|BG","6151.03","6622.00"
"07/02/2023 15:00 - 07/02/2023 16:00","BZN|BG","6249.50","6686.00"
"07/02/2023 16:00 - 07/02/2023 17:00","BZN|BG","6479.02","6918.00"
"07/02/2023 17:00 - 07/02/2023 18:00","BZN|BG","6945.56","7350.00"
"07/02/2023 18:00 - 07/02/2023 19:00","BZN|BG","7036.37","7292.00"
"07/02/2023 19:00 - 07/02/2023 20:00","BZN|BG","6811.75","6958.00"
"07/02/2023 20:00 - 07/02/2023 21:00","BZN|BG","6558.83","6672.00"
"07/02/2023 21:00 - 07/02/2023 22:00","BZN|BG","6298.58","6497.00"
"07/02/2023 22:00 - 07/02/2023 23:00","BZN|BG","5864.93","6143.00"
"07/02/2023 23:00 - 08/02/2023 00:00","BZN|BG","5468.06","5627.00"
"08/02/2023 00:00 - 08/02/2023 01:00","BZN|BG","5218.34","5390.00"
"08/02/2023 01:00 - 08/02/2023 02:00","BZN|BG","5088.38","5265.00"
"08/02/2023 02:00 - 08/02/2023 03:00","BZN|BG","5080.51","5211.00"
"08/02/2023 03:00 - 08/02/2023 04:00","BZN|BG","5120.79","5253.00"
"08/02/2023 04:00 - 08/02/2023 05:00","BZN|BG","5308.90","5414.00"
"08/02/2023 05:00 - 08/02/2023 06:00","BZN|BG","5834.09","5841.00"
"08/02/2023 06:00 - 08/02/2023 07:00","BZN|BG","6388.30","6362.00"
"08/02/2023 07:00 - 08/02/2023 08:00","BZN|BG","6812.74","6912.00"
"08/02/2023 08:00 - 08/02/2023 09:00","BZN|BG","6899.24","7031.00"
"08/02/2023 09:00 - 08/02/2023 10:00","BZN|BG","6731.31","6749.00"
"08/02/2023 10:00 - 08/02/2023 11:00","BZN|BG","6542.58","6551.00"
"08/02/2023 11:00 - 08/02/2023 12:00","BZN|BG","6394.95","6305.00"
"08/02/2023 12:00 - 08/02/2023 13:00","BZN|BG","6385.70","6203.00"
"08/02/2023 13:00 - 08/02/2023 14:00","BZN|BG","6328.61","6146.00"
"08/02/2023 14:00 - 08/02/2023 15:00","BZN|BG","6430.13","6223.00"
"08/02/2023 15:00 - 08/02/2023 16:00","BZN|BG","6509.16","6327.00"
"08/02/2023 16:00 - 08/02/2023 17:00","BZN|BG","6731.29","6699.00"
"08/02/2023 17:00 - 08/02/2023 18:00","BZN|BG","7172.25","7343.00"
"08/02/2023 18:00 - 08/02/2023 19:00","BZN|BG","7198.07","7291.00"
"08/02/2023 19:00 - 08/02/2023 20:00","BZN|BG","6972.93","6951.00"
"08/02/2023 20:00 - 08/02/2023 21:00","BZN|BG","6687.08","6660.00"
"08/02/2023 21:00 - 08/02/2023 22:00","BZN|BG","6415.64","6463.00"
"08/02/2023 22:00 - 08/02/2023 23:00","BZN|BG","6004.29","6073.00"
"08/02/2023 23:00 - 09/02/2023 00:00","BZN|BG","5601.14","5630.00"
"09/02/2023 00:00 - 09/02/2023 01:00","BZN|BG","5344.61","5401.00"
"09/02/2023 01:00 - 09/02/2023 02:00","BZN|BG","5261.45","5285.00"
"09/02/2023 02:00 - 09/02/2023 03:00","BZN|BG","5221.83","5246.00"
"09/02/2023 03:00 - 09/02/2023 04:00","BZN|BG","5276.80","5290.00"
"09/02/2023 04:00 - 09/02/2023 05:00","BZN|BG","5474.50","5456.00"
"09/02/2023 05:00 - 09/02/2023 06:00","BZN|BG","5993.74","5902.00"
"09/02/2023 06:00 - 09/02/2023 07:00","BZN|BG","6562.98","6430.00"
"09/02/2023 07:00 - 09/02/2023 08:00","BZN|BG","6884.58","6955.00"
"09/02/2023 08:00 - 09/02/2023 09:00","BZN|BG","6921.90","7051.00"
"09/02/2023 09:00 - 09/02/2023 10:00","BZN|BG","6709.54","6764.00"
"09/02/2023 10:00 - 09/02/2023 11:00","BZN|BG","6463.68","6580.00"
"09/02/2023 11:00 - 09/02/2023 12:00","BZN|BG","6247.98","6363.00"
"09/02/2023 12:00 - 09/02/2023 13:00","BZN|BG","6085.28","6276.00"
"09/02/2023 13:00 - 09/02/2023 14:00","BZN|BG","6040.28","6233.00"
"09/02/2023 14:00 - 09/02/2023 15:00","BZN|BG","6112.00","6312.00"
"09/02/2023 15:00 - 09/02/2023 16:00","BZN|BG","6241.77","6434.00"
"09/02/2023 16:00 - 09/02/2023 17:00","BZN|BG","6526.20","6760.00"
"09/02/2023 17:00 - 09/02/2023 18:00","BZN|BG","7042.36","7344.00"
"09/02/2023 18:00 - 09/02/2023 19:00","BZN|BG","7110.83","7325.00"
"09/02/2023 19:00 - 09/02/2023 20:00","BZN|BG","6925.87","6989.00"
"09/02/2023 20:00 - 09/02/2023 21:00","BZN|BG","6620.69","6698.00"
"09/02/2023 21:00 - 09/02/2023 22:00","BZN|BG","6357.66","6483.00"
"09/02/2023 22:00 - 09/02/2023 23:00","BZN|BG","5966.06","6070.00"
"09/02/2023 23:00 - 10/02/2023 00:00","BZN|BG","5437.33","5825.00"
"10/02/2023 00:00 - 10/02/2023 01:00","BZN|BG","5141.49","5577.00"
"10/02/2023 01:00 - 10/02/2023 02:00","BZN|BG","5095.09","5455.00"
"10/02/2023 02:00 - 10/02/2023 03:00","BZN|BG","5073.15","5417.00"
"10/02/2023 03:00 - 10/02/2023 04:00","BZN|BG","5141.58","5455.00"
"10/02/2023 04:00 - 10/02/2023 05:00","BZN|BG","5351.60","5605.00"
"10/02/2023 05:00 - 10/02/2023 06:00","BZN|BG","5911.63","6014.00"
"10/02/2023 06:00 - 10/02/2023 07:00","BZN|BG","6487.40","6481.00"
"10/02/2023 07:00 - 10/02/2023 08:00","BZN|BG","6709.19","6952.00"
"10/02/2023 08:00 - 10/02/2023 09:00","BZN|BG","6516.03","7026.00"
"10/02/2023 09:00 - 10/02/2023 10:00","BZN|BG","6088.36","6778.00"
"10/02/2023 10:00 - 10/02/2023 11:00","BZN|BG","5720.85","6608.00"
"10/02/2023 11:00 - 10/02/2023 12:00","BZN|BG","5438.27","6429.00"
"10/02/2023 12:00 - 10/02/2023 13:00","BZN|BG","5312.90","6367.00"
"10/02/2023 13:00 - 10/02/2023 14:00","BZN|BG","5243.87","6323.00"
"10/02/2023 14:00 - 10/02/2023 15:00","BZN|BG","5414.33","6395.00"
"10/02/2023 15:00 - 10/02/2023 16:00","BZN|BG","5713.48","6494.00"
"10/02/2023 16:00 - 10/02/2023 17:00","BZN|BG","6145.50","6768.00"
"10/02/2023 17:00 - 10/02/2023 18:00","BZN|BG","6600.40","7291.00"
"10/02/2023 18:00 - 10/02/2023 19:00","BZN|BG","6628.87","7278.00"
"10/02/2023 19:00 - 10/02/2023 20:00","BZN|BG","6463.32","6963.00"
"10/02/2023 20:00 - 10/02/2023 21:00","BZN|BG","6220.40","6693.00"
"10/02/2023 21:00 - 10/02/2023 22:00","BZN|BG","6089.83","6480.00"
"10/02/2023 22:00 - 10/02/2023 23:00","BZN|BG","5797.00","6092.00"
"10/02/2023 23:00 - 11/02/2023 00:00","BZN|BG","5469.15","5652.00"
"11/02/2023 00:00 - 11/02/2023 01:00","BZN|BG","5216.24","5451.00"
"11/02/2023 01:00 - 11/02/2023 02:00","BZN|BG","5098.05","5328.00"
"11/02/2023 02:00 - 11/02/2023 03:00","BZN|BG","5027.94","5269.00"
"11/02/2023 03:00 - 11/02/2023 04:00","BZN|BG","5004.01","5255.00"
"11/02/2023 04:00 - 11/02/2023 05:00","BZN|BG","5057.94","5298.00"
"11/02/2023 05:00 - 11/02/2023 06:00","BZN|BG","5271.30","5455.00"
"11/02/2023 06:00 - 11/02/2023 07:00","BZN|BG","5635.92","5735.00"
"11/02/2023 07:00 - 11/02/2023 08:00","BZN|BG","6017.03","6304.00"
"11/02/2023 08:00 - 11/02/2023 09:00","BZN|BG","5973.36","6579.00"
"11/02/2023 09:00 - 11/02/2023 10:00","BZN|BG","5651.86","6346.00"
"11/02/2023 10:00 - 11/02/2023 11:00","BZN|BG","5332.55","6100.00"
"11/02/2023 11:00 - 11/02/2023 12:00","BZN|BG","5076.61","5865.00"
"11/02/2023 12:00 - 11/02/2023 13:00","BZN|BG","4844.04","5712.00"
"11/02/2023 13:00 - 11/02/2023 14:00","BZN|BG","4762.22","5631.00"
"11/02/2023 14:00 - 11/02/2023 15:00","BZN|BG","4858.95","5661.00"
"11/02/2023 15:00 - 11/02/2023 16:00","BZN|BG","5262.61","5897.00"
"11/02/2023 16:00 - 11/02/2023 17:00","BZN|BG","5797.72","6386.00"
"11/02/2023 17:00 - 11/02/2023 18:00","BZN|BG","6387.26","6829.00"
"11/02/2023 18:00 - 11/02/2023 19:00","BZN|BG","6392.39","6776.00"
"11/02/2023 19:00 - 11/02/2023 20:00","BZN|BG","6160.66","6476.00"
"11/02/2023 20:00 - 11/02/2023 21:00","BZN|BG","5906.21","6207.00"
"11/02/2023 21:00 - 11/02/2023 22:00","BZN|BG","5794.42","6128.00"
"11/02/2023 22:00 - 11/02/2023 23:00","BZN|BG","5563.02","5823.00"
"11/02/2023 23:00 - 12/02/2023 00:00","BZN|BG","5251.08","5307.00"
"12/02/2023 00:00 - 12/02/2023 01:00","BZN|BG","5005.98","5142.00"
"12/02/2023 01:00 - 12/02/2023 02:00","BZN|BG","4870.06","5055.00"
"12/02/2023 02:00 - 12/02/2023 03:00","BZN|BG","4810.93","5006.00"
"12/02/2023 03:00 - 12/02/2023 04:00","BZN|BG","4788.88","5000.00"
"12/02/2023 04:00 - 12/02/2023 05:00","BZN|BG","4825.06","5055.00"
"12/02/2023 05:00 - 12/02/2023 06:00","BZN|BG","4895.73","5182.00"
"12/02/2023 06:00 - 12/02/2023 07:00","BZN|BG","5142.92","5390.00"
"12/02/2023 07:00 - 12/02/2023 08:00","BZN|BG","5662.98","5833.00"
"12/02/2023 08:00 - 12/02/2023 09:00","BZN|BG","6023.33","6200.00"
"12/02/2023 09:00 - 12/02/2023 10:00","BZN|BG","6112.53","6206.00"
"12/02/2023 10:00 - 12/02/2023 11:00","BZN|BG","6081.60","6105.00"
"12/02/2023 11:00 - 12/02/2023 12:00","BZN|BG","5959.75","5992.00"
"12/02/2023 12:00 - 12/02/2023 13:00","BZN|BG","5790.94","5717.00"
"12/02/2023 13:00 - 12/02/2023 14:00","BZN|BG","5707.70","5579.00"
"12/02/2023 14:00 - 12/02/2023 15:00","BZN|BG","5743.94","5626.00"
"12/02/2023 15:00 - 12/02/2023 16:00","BZN|BG","5916.53","5831.00"
"12/02/2023 16:00 - 12/02/2023 17:00","BZN|BG","6210.01","6171.00"
"12/02/2023 17:00 - 12/02/2023 18:00","BZN|BG","6557.68","6541.00"
"12/02/2023 18:00 - 12/02/2023 19:00","BZN|BG","6535.76","6593.00"
"12/02/2023 19:00 - 12/02/2023 20:00","BZN|BG","6314.06","6355.00"
"12/02/2023 20:00 - 12/02/2023 21:00","BZN|BG","6012.85","6068.00"
"12/02/2023 21:00 - 12/02/2023 22:00","BZN|BG","5806.70","5892.00"
"12/02/2023 22:00 - 12/02/2023 23:00","BZN|BG","5480.31","5588.00"
"12/02/2023 23:00 - 13/02/2023 00:00","BZN|BG","5079.97","5402.00"
"13/02/2023 00:00 - 13/02/2023 01:00","BZN|BG","4825.59","5094.00"
"13/02/2023 01:00 - 13/02/2023 02:00","BZN|BG","4723.60","4948.00"
"13/02/2023 02:00 - 13/02/2023 03:00","BZN|BG","4675.70","4913.00"
"13/02/2023 03:00 - 13/02/2023 04:00","BZN|BG","4731.07","4953.00"
"13/02/2023 04:00 - 13/02/2023 05:00","BZN|BG","4976.85","5104.00"
"13/02/2023 05:00 - 13/02/2023 06:00","BZN|BG","5548.47","5542.00"
"13/02/2023 06:00 - 13/02/2023 07:00","BZN|BG","6142.19","6013.00"
"13/02/2023 07:00 - 13/02/2023 08:00","BZN|BG","6495.82","6361.00"
"13/02/2023 08:00 - 13/02/2023 09:00","BZN|BG","6475.02","6570.00"
"13/02/2023 09:00 - 13/02/2023 10:00","BZN|BG","6213.92","6289.00"
"13/02/2023 10:00 - 13/02/2023 11:00","BZN|BG","6022.02","6025.00"
"13/02/2023 11:00 - 13/02/2023 12:00","BZN|BG","5754.98","5714.00"
"13/02/2023 12:00 - 13/02/2023 13:00","BZN|BG","5614.87","5548.00"
"13/02/2023 13:00 - 13/02/2023 14:00","BZN|BG","5500.03","5433.00"
"13/02/2023 14:00 - 13/02/2023 15:00","BZN|BG","5489.84","5563.00"
"13/02/2023 15:00 - 13/02/2023 16:00","BZN|BG","5588.89","5635.00"
"13/02/2023 16:00 - 13/02/2023 17:00","BZN|BG","5856.40","6006.00"
"13/02/2023 17:00 - 13/02/2023 18:00","BZN|BG","6418.23","6884.00"
"13/02/2023 18:00 - 13/02/2023 19:00","BZN|BG","6522.48","6856.00"
"13/02/2023 19:00 - 13/02/2023 20:00","BZN|BG","6306.91","6516.00"
"13/02/2023 20:00 - 13/02/2023 21:00","BZN|BG","6055.24","6246.00"
"13/02/2023 21:00 - 13/02/2023 22:00","BZN|BG","5844.69","6025.00"
"13/02/2023 22:00 - 13/02/2023 23:00","BZN|BG","5497.08","5637.00"
"13/02/2023 23:00 - 14/02/2023 00:00","BZN|BG","5113.35","5066.00"
"14/02/2023 00:00 - 14/02/2023 01:00","BZN|BG","4852.25","4785.00"
"14/02/2023 01:00 - 14/02/2023 02:00","BZN|BG","4726.97","4681.00"
"14/02/2023 02:00 - 14/02/2023 03:00","BZN|BG","4704.21","4661.00"
"14/02/2023 03:00 - 14/02/2023 04:00","BZN|BG","4736.24","4712.00"
"14/02/2023 04:00 - 14/02/2023 05:00","BZN|BG","4922.82","4913.00"
"14/02/2023 05:00 - 14/02/2023 06:00","BZN|BG","5429.78","5460.00"
"14/02/2023 06:00 - 14/02/2023 07:00","BZN|BG","6011.77","6047.00"
"14/02/2023 07:00 - 14/02/2023 08:00","BZN|BG","6270.61","6502.00"
"14/02/2023 08:00 - 14/02/2023 09:00","BZN|BG","6260.84","6385.00"
"14/02/2023 09:00 - 14/02/2023 10:00","BZN|BG","6052.36","6130.00"
"14/02/2023 10:00 - 14/02/2023 11:00","BZN|BG","5933.96","5949.00"
"14/02/2023 11:00 - 14/02/2023 12:00","BZN|BG","5764.30","5760.00"
"14/02/2023 12:00 - 14/02/2023 13:00","BZN|BG","5687.17","5682.00"
"14/02/2023 13:00 - 14/02/2023 14:00","BZN|BG","5645.53","5647.00"
"14/02/2023 14:00 - 14/02/2023 15:00","BZN|BG","5697.58","5730.00"
"14/02/2023 15:00 - 14/02/2023 16:00","BZN|BG","5795.91","5859.00"
"14/02/2023 16:00 - 14/02/2023 17:00","BZN|BG","6029.91","6099.00"
"14/02/2023 17:00 - 14/02/2023 18:00","BZN|BG","6453.31","6558.00"
"14/02/2023 18:00 - 14/02/2023 19:00","BZN|BG","6477.10","6593.00"
"14/02/2023 19:00 - 14/02/2023 20:00","BZN|BG","6169.70","6295.00"
"14/02/2023 20:00 - 14/02/2023 21:00","BZN|BG","5876.99","6013.00"
"14/02/2023 21:00 - 14/02/2023 22:00","BZN|BG","5730.13","5775.00"
"14/02/2023 22:00 - 14/02/2023 23:00","BZN|BG","5396.03","5406.00"
"14/02/2023 23:00 - 15/02/2023 00:00","BZN|BG","4976.17","5133.00"
"15/02/2023 00:00 - 15/02/2023 01:00","BZN|BG","4736.95","4828.00"
"15/02/2023 01:00 - 15/02/2023 02:00","BZN|BG","4608.24","4732.00"
"15/02/2023 02:00 - 15/02/2023 03:00","BZN|BG","4580.80","4716.00"
"15/02/2023 03:00 - 15/02/2023 04:00","BZN|BG","4621.34","4764.00"
"15/02/2023 04:00 - 15/02/2023 05:00","BZN|BG","4801.47","4951.00"
"15/02/2023 05:00 - 15/02/2023 06:00","BZN|BG","5317.60","5462.00"
"15/02/2023 06:00 - 15/02/2023 07:00","BZN|BG","5861.39","5993.00"
"15/02/2023 07:00 - 15/02/2023 08:00","BZN|BG","6185.48","6367.00"
"15/02/2023 08:00 - 15/02/2023 09:00","BZN|BG","6107.08","6320.00"
"15/02/2023 09:00 - 15/02/2023 10:00","BZN|BG","5860.06","5926.00"
"15/02/2023 10:00 - 15/02/2023 11:00","BZN|BG","5716.09","5609.00"
"15/02/2023 11:00 - 15/02/2023 12:00","BZN|BG","5522.55","5351.00"
"15/02/2023 12:00 - 15/02/2023 13:00","BZN|BG","5395.65","5255.00"
"15/02/2023 13:00 - 15/02/2023 14:00","BZN|BG","5299.24","5217.00"
"15/02/2023 14:00 - 15/02/2023 15:00","BZN|BG","5319.97","5343.00"
"15/02/2023 15:00 - 15/02/2023 16:00","BZN|BG","5380.13","5540.00"
"15/02/2023 16:00 - 15/02/2023 17:00","BZN|BG","5703.28","5866.00"
"15/02/2023 17:00 - 15/02/2023 18:00","BZN|BG","6272.40","6470.00"
"15/02/2023 18:00 - 15/02/2023 19:00","BZN|BG","6397.99","6533.00"
"15/02/2023 19:00 - 15/02/2023 20:00","BZN|BG","6175.69","6275.00"
"15/02/2023 20:00 - 15/02/2023 21:00","BZN|BG","5956.35","6027.00"
"15/02/2023 21:00 - 15/02/2023 22:00","BZN|BG","5754.38","5800.00"
"15/02/2023 22:00 - 15/02/2023 23:00","BZN|BG","5367.86","5466.00"
"15/02/2023 23:00 - 16/02/2023 00:00","BZN|BG","4971.95","5146.00"
"16/02/2023 00:00 - 16/02/2023 01:00","BZN|BG","4762.64","4848.00"
"16/02/2023 01:00 - 16/02/2023 02:00","BZN|BG","4664.67","4744.00"
"16/02/2023 02:00 - 16/02/2023 03:00","BZN|BG","4631.24","4726.00"
"16/02/2023 03:00 - 16/02/2023 04:00","BZN|BG","4717.84","4768.00"
"16/02/2023 04:00 - 16/02/2023 05:00","BZN|BG","4924.72","4947.00"
"16/02/2023 05:00 - 16/02/2023 06:00","BZN|BG","5452.20","5431.00"
"16/02/2023 06:00 - 16/02/2023 07:00","BZN|BG","5995.20","5942.00"
"16/02/2023 07:00 - 16/02/2023 08:00","BZN|BG","6225.90","6274.00"
"16/02/2023 08:00 - 16/02/2023 09:00","BZN|BG","6123.17","6230.00"
"16/02/2023 09:00 - 16/02/2023 10:00","BZN|BG","5765.82","5917.00"
"16/02/2023 10:00 - 16/02/2023 11:00","BZN|BG","5553.01","5690.00"
"16/02/2023 11:00 - 16/02/2023 12:00","BZN|BG","5303.36","5502.00"
"16/02/2023 12:00 - 16/02/2023 13:00","BZN|BG","5173.61","5442.00"
"16/02/2023 13:00 - 16/02/2023 14:00","BZN|BG","5050.83","5410.00"
"16/02/2023 14:00 - 16/02/2023 15:00","BZN|BG","5051.28","5540.00"
"16/02/2023 15:00 - 16/02/2023 16:00","BZN|BG","5165.87","5718.00"
"16/02/2023 16:00 - 16/02/2023 17:00","BZN|BG","5499.01","6005.00"
"16/02/2023 17:00 - 16/02/2023 18:00","BZN|BG","6107.60","6543.00"
"16/02/2023 18:00 - 16/02/2023 19:00","BZN|BG","6239.67","6587.00"
"16/02/2023 19:00 - 16/02/2023 20:00","BZN|BG","6039.64","6289.00"
"16/02/2023 20:00 - 16/02/2023 21:00","BZN|BG","5783.10","6013.00"
"16/02/2023 21:00 - 16/02/2023 22:00","BZN|BG","5621.53","5782.00"
"16/02/2023 22:00 - 16/02/2023 23:00","BZN|BG","5257.16","5422.00"
"16/02/2023 23:00 - 17/02/2023 00:00","BZN|BG","4636.53","4998.00"
"17/02/2023 00:00 - 17/02/2023 01:00","BZN|BG","4401.82","4713.00"
"17/02/2023 01:00 - 17/02/2023 02:00","BZN|BG","4306.85","4606.00"
"17/02/2023 02:00 - 17/02/2023 03:00","BZN|BG","4322.99","4589.00"
"17/02/2023 03:00 - 17/02/2023 04:00","BZN|BG","4386.23","4635.00"
"17/02/2023 04:00 - 17/02/2023 05:00","BZN|BG","4586.59","4827.00"
"17/02/2023 05:00 - 17/02/2023 06:00","BZN|BG","5114.61","5353.00"
"17/02/2023 06:00 - 17/02/2023 07:00","BZN|BG","5586.99","5907.00"
"17/02/2023 07:00 - 17/02/2023 08:00","BZN|BG","5764.40","6258.00"
"17/02/2023 08:00 - 17/02/2023 09:00","BZN|BG","5527.30","6184.00"
"17/02/2023 09:00 - 17/02/2023 10:00","BZN|BG","5022.46","5790.00"
"17/02/2023 10:00 - 17/02/2023 11:00","BZN|BG","4671.06","5513.00"
"17/02/2023 11:00 - 17/02/2023 12:00","BZN|BG","4373.98","5268.00"
"17/02/2023 12:00 - 17/02/2023 13:00","BZN|BG","4301.14","5184.00"
"17/02/2023 13:00 - 17/02/2023 14:00","BZN|BG","4295.67","5134.00"
"17/02/2023 14:00 - 17/02/2023 15:00","BZN|BG","4471.52","5240.00"
"17/02/2023 15:00 - 17/02/2023 16:00","BZN|BG","4702.78","5391.00"
"17/02/2023 16:00 - 17/02/2023 17:00","BZN|BG","5107.75","5649.00"
"17/02/2023 17:00 - 17/02/2023 18:00","BZN|BG","5697.75","6130.00"
"17/02/2023 18:00 - 17/02/2023 19:00","BZN|BG","5850.44","6180.00"
"17/02/2023 19:00 - 17/02/2023 20:00","BZN|BG","5605.81","5914.00"
"17/02/2023 20:00 - 17/02/2023 21:00","BZN|BG","5269.56","5678.00"
"17/02/2023 21:00 - 17/02/2023 22:00","BZN|BG","5059.31","5479.00"
"17/02/2023 22:00 - 17/02/2023 23:00","BZN|BG","4773.65","5153.00"
"17/02/2023 23:00 - 18/02/2023 00:00","BZN|BG","4392.87","4796.00"
"18/02/2023 00:00 - 18/02/2023 01:00","BZN|BG","4177.16","4550.00"
"18/02/2023 01:00 - 18/02/2023 02:00","BZN|BG","4047.63","4453.00"
"18/02/2023 02:00 - 18/02/2023 03:00","BZN|BG","3984.97","4416.00"
"18/02/2023 03:00 - 18/02/2023 04:00","BZN|BG","3993.33","4445.00"
"18/02/2023 04:00 - 18/02/2023 05:00","BZN|BG","4072.45","4522.00"
"18/02/2023 05:00 - 18/02/2023 06:00","BZN|BG","4259.12","4747.00"
"18/02/2023 06:00 - 18/02/2023 07:00","BZN|BG","4542.09","5133.00"
"18/02/2023 07:00 - 18/02/2023 08:00","BZN|BG","4880.12","5665.00"
"18/02/2023 08:00 - 18/02/2023 09:00","BZN|BG","4922.60","5677.00"
"18/02/2023 09:00 - 18/02/2023 10:00","BZN|BG","4732.94","5384.00"
"18/02/2023 10:00 - 18/02/2023 11:00","BZN|BG","4441.66","5120.00"
"18/02/2023 11:00 - 18/02/2023 12:00","BZN|BG","4293.49","4904.00"
"18/02/2023 12:00 - 18/02/2023 13:00","BZN|BG","4173.22","4695.00"
"18/02/2023 13:00 - 18/02/2023 14:00","BZN|BG","4113.52","4609.00"
"18/02/2023 14:00 - 18/02/2023 15:00","BZN|BG","4163.60","4655.00"
"18/02/2023 15:00 - 18/02/2023 16:00","BZN|BG","4333.20","4919.00"
"18/02/2023 16:00 - 18/02/2023 17:00","BZN|BG","4672.79","5282.00"
"18/02/2023 17:00 - 18/02/2023 18:00","BZN|BG","5330.46","5765.00"
"18/02/2023 18:00 - 18/02/2023 19:00","BZN|BG","5364.99","5776.00"
"18/02/2023 19:00 - 18/02/2023 20:00","BZN|BG","5115.96","5488.00"
"18/02/2023 20:00 - 18/02/2023 21:00","BZN|BG","4869.28","5247.00"
"18/02/2023 21:00 - 18/02/2023 22:00","BZN|BG","4767.49","5134.00"
"18/02/2023 22:00 - 18/02/2023 23:00","BZN|BG","4584.22","4914.00"
"18/02/2023 23:00 - 19/02/2023 00:00","BZN|BG","4323.70","4510.00"
"19/02/2023 00:00 - 19/02/2023 01:00","BZN|BG","4104.36","4269.00"
"19/02/2023 01:00 - 19/02/2023 02:00","BZN|BG","3965.58","4155.00"
"19/02/2023 02:00 - 19/02/2023 03:00","BZN|BG","3924.64","4095.00"
"19/02/2023 03:00 - 19/02/2023 04:00","BZN|BG","3916.41","4069.00"
"19/02/2023 04:00 - 19/02/2023 05:00","BZN|BG","3965.75","4099.00"
"19/02/2023 05:00 - 19/02/2023 06:00","BZN|BG","4057.63","4154.00"
"19/02/2023 06:00 - 19/02/2023 07:00","BZN|BG","4349.13","4359.00"
"19/02/2023 07:00 - 19/02/2023 08:00","BZN|BG","4723.77","4817.00"
"19/02/2023 08:00 - 19/02/2023 09:00","BZN|BG","4817.67","5105.00"
"19/02/2023 09:00 - 19/02/2023 10:00","BZN|BG","4706.73","5088.00"
"19/02/2023 10:00 - 19/02/2023 11:00","BZN|BG","4511.19","4971.00"
"19/02/2023 11:00 - 19/02/2023 12:00","BZN|BG","4397.97","4794.00"
"19/02/2023 12:00 - 19/02/2023 13:00","BZN|BG","4270.55","4541.00"
"19/02/2023 13:00 - 19/02/2023 14:00","BZN|BG","4153.09","4505.00"
"19/02/2023 14:00 - 19/02/2023 15:00","BZN|BG","4137.82","4589.00"
"19/02/2023 15:00 - 19/02/2023 16:00","BZN|BG","4323.03","4835.00"
"19/02/2023 16:00 - 19/02/2023 17:00","BZN|BG","4693.04","5197.00"
"19/02/2023 17:00 - 19/02/2023 18:00","BZN|BG","5256.93","5675.00"
"19/02/2023 18:00 - 19/02/2023 19:00","BZN|BG","5381.10","5670.00"
"19/02/2023 19:00 - 19/02/2023 20:00","BZN|BG","5162.33","5417.00"
"19/02/2023 20:00 - 19/02/2023 21:00","BZN|BG","4873.89","5152.00"
"19/02/2023 21:00 - 19/02/2023 22:00","BZN|BG","4672.10","4983.00"
"19/02/2023 22:00 - 19/02/2023 23:00","BZN|BG","4384.34","4706.00"
"19/02/2023 23:00 - 20/02/2023 00:00","BZN|BG","4079.34","4386.00"
"20/02/2023 00:00 - 20/02/2023 01:00","BZN|BG","3823.38","4144.00"
"20/02/2023 01:00 - 20/02/2023 02:00","BZN|BG","3721.73","4050.00"
"20/02/2023 02:00 - 20/02/2023 03:00","BZN|BG","3688.29","4010.00"
"20/02/2023 03:00 - 20/02/2023 04:00","BZN|BG","3734.11","4046.00"
"20/02/2023 04:00 - 20/02/2023 05:00","BZN|BG","3916.67","4200.00"
"20/02/2023 05:00 - 20/02/2023 06:00","BZN|BG","4419.26","4552.00"
"20/02/2023 06:00 - 20/02/2023 07:00","BZN|BG","4936.06","4921.00"
"20/02/2023 07:00 - 20/02/2023 08:00","BZN|BG","5191.59","5121.00"
"20/02/2023 08:00 - 20/02/2023 09:00","BZN|BG","5202.41","5078.00"
"20/02/2023 09:00 - 20/02/2023 10:00","BZN|BG","5047.49","4860.00"
"20/02/2023 10:00 - 20/02/2023 11:00","BZN|BG","4970.30","4820.00"
"20/02/2023 11:00 - 20/02/2023 12:00","BZN|BG","4814.20","4711.00"
"20/02/2023 12:00 - 20/02/2023 13:00","BZN|BG","4754.58","4668.00"
"20/02/2023 13:00 - 20/02/2023 14:00","BZN|BG","4680.00","4635.00"
"20/02/2023 14:00 - 20/02/2023 15:00","BZN|BG","4679.82","4689.00"
"20/02/2023 15:00 - 20/02/2023 16:00","BZN|BG","4716.57","4850.00"
"20/02/2023 16:00 - 20/02/2023 17:00","BZN|BG","4944.82","5056.00"
"20/02/2023 17:00 - 20/02/2023 18:00","BZN|BG","5460.50","5508.00"
"20/02/2023 18:00 - 20/02/2023 19:00","BZN|BG","5594.33","5575.00"
"20/02/2023 19:00 - 20/02/2023 20:00","BZN|BG","5349.63","5353.00"
"20/02/2023 20:00 - 20/02/2023 21:00","BZN|BG","5082.18","5140.00"
"20/02/2023 21:00 - 20/02/2023 22:00","BZN|BG","4952.08","4988.00"
"20/02/2023 22:00 - 20/02/2023 23:00","BZN|BG","4642.70","4695.00"
"20/02/2023 23:00 - 21/02/2023 00:00","BZN|BG","4026.45","4199.00"
"21/02/2023 00:00 - 21/02/2023 01:00","BZN|BG","3807.16","3929.00"
"21/02/2023 01:00 - 21/02/2023 02:00","BZN|BG","3715.59","3823.00"
"21/02/2023 02:00 - 21/02/2023 03:00","BZN|BG","3673.65","3805.00"
"21/02/2023 03:00 - 21/02/2023 04:00","BZN|BG","3694.85","3850.00"
"21/02/2023 04:00 - 21/02/2023 05:00","BZN|BG","3847.96","4022.00"
"21/02/2023 05:00 - 21/02/2023 06:00","BZN|BG","4304.02","4494.00"
"21/02/2023 06:00 - 21/02/2023 07:00","BZN|BG","5052.60","4973.00"
"21/02/2023 07:00 - 21/02/2023 08:00","BZN|BG","5258.53","5225.00"
"21/02/2023 08:00 - 21/02/2023 09:00","BZN|BG","5139.59","5145.00"
"21/02/2023 09:00 - 21/02/2023 10:00","BZN|BG","4869.20","4899.00"
"21/02/2023 10:00 - 21/02/2023 11:00","BZN|BG","4754.54","4755.00"
"21/02/2023 11:00 - 21/02/2023 12:00","BZN|BG","4574.60","4627.00"
"21/02/2023 12:00 - 21/02/2023 13:00","BZN|BG","4470.83","4576.00"
"21/02/2023 13:00 - 21/02/2023 14:00","BZN|BG","4368.13","4548.00"
"21/02/2023 14:00 - 21/02/2023 15:00","BZN|BG","4380.14","4659.00"
"21/02/2023 15:00 - 21/02/2023 16:00","BZN|BG","4429.42","4810.00"
"21/02/2023 16:00 - 21/02/2023 17:00","BZN|BG","4629.25","5096.00"
"21/02/2023 17:00 - 21/02/2023 18:00","BZN|BG","5194.43","5616.00"
"21/02/2023 18:00 - 21/02/2023 19:00","BZN|BG","5376.70","5691.00"
"21/02/2023 19:00 - 21/02/2023 20:00","BZN|BG","5127.68","5342.00"
"21/02/2023 20:00 - 21/02/2023 21:00","BZN|BG","4881.92","5022.00"
"21/02/2023 21:00 - 21/02/2023 22:00","BZN|BG","4736.79","4804.00"
"21/02/2023 22:00 - 21/02/2023 23:00","BZN|BG","4434.22","4413.00"
"21/02/2023 23:00 - 22/02/2023 00:00","BZN|BG","4122.53","4265.00"
"22/02/2023 00:00 - 22/02/2023 01:00","BZN|BG","3866.38","4012.00"
"22/02/2023 01:00 - 22/02/2023 02:00","BZN|BG","3751.55","3892.00"
"22/02/2023 02:00 - 22/02/2023 03:00","BZN|BG","3710.89","3871.00"
"22/02/2023 03:00 - 22/02/2023 04:00","BZN|BG","3757.47","3915.00"
"22/02/2023 04:00 - 22/02/2023 05:00","BZN|BG","3945.86","4082.00"
"22/02/2023 05:00 - 22/02/2023 06:00","BZN|BG","4411.52","4544.00"
"22/02/2023 06:00 - 22/02/2023 07:00","BZN|BG","4872.06","5012.00"
"22/02/2023 07:00 - 22/02/2023 08:00","BZN|BG","5058.55","5255.00"
"22/02/2023 08:00 - 22/02/2023 09:00","BZN|BG","4878.47","5153.00"
"22/02/2023 09:00 - 22/02/2023 10:00","BZN|BG","4604.72","4862.00"
"22/02/2023 10:00 - 22/02/2023 11:00","BZN|BG","4456.36","4693.00"
"22/02/2023 11:00 - 22/02/2023 12:00","BZN|BG","4302.71","4541.00"
"22/02/2023 12:00 - 22/02/2023 13:00","BZN|BG","4275.37","4485.00"
"22/02/2023 13:00 - 22/02/2023 14:00","BZN|BG","4228.77","4451.00"
"22/02/2023 14:00 - 22/02/2023 15:00","BZN|BG","4272.25","4572.00"
"22/02/2023 15:00 - 22/02/2023 16:00","BZN|BG","4340.70","4722.00"
"22/02/2023 16:00 - 22/02/2023 17:00","BZN|BG","4575.20","5020.00"
"22/02/2023 17:00 - 22/02/2023 18:00","BZN|BG","5202.49","5565.00"
"22/02/2023 18:00 - 22/02/2023 19:00","BZN|BG","5400.39","5653.00"
"22/02/2023 19:00 - 22/02/2023 20:00","BZN|BG","5167.05","5372.00"
"22/02/2023 20:00 - 22/02/2023 21:00","BZN|BG","4885.93","5132.00"
"22/02/2023 21:00 - 22/02/2023 22:00","BZN|BG","4722.39","4974.00"
"22/02/2023 22:00 - 22/02/2023 23:00","BZN|BG","4418.50","4657.00"
"22/02/2023 23:00 - 23/02/2023 00:00","BZN|BG","4078.83","4074.00"
"23/02/2023 00:00 - 23/02/2023 01:00","BZN|BG","3862.80","3840.00"
"23/02/2023 01:00 - 23/02/2023 02:00","BZN|BG","3773.94","3727.00"
"23/02/2023 02:00 - 23/02/2023 03:00","BZN|BG","3746.67","3699.00"
"23/02/2023 03:00 - 23/02/2023 04:00","BZN|BG","3798.43","3743.00"
"23/02/2023 04:00 - 23/02/2023 05:00","BZN|BG","3979.08","3920.00"
"23/02/2023 05:00 - 23/02/2023 06:00","BZN|BG","4461.74","4408.00"
"23/02/2023 06:00 - 23/02/2023 07:00","BZN|BG","4936.94","4896.00"
"23/02/2023 07:00 - 23/02/2023 08:00","BZN|BG","5211.28","5125.00"
"23/02/2023 08:00 - 23/02/2023 09:00","BZN|BG","5107.43","5037.00"
"23/02/2023 09:00 - 23/02/2023 10:00","BZN|BG","4849.76","4788.00"
"23/02/2023 10:00 - 23/02/2023 11:00","BZN|BG","4707.87","4660.00"
"23/02/2023 11:00 - 23/02/2023 12:00","BZN|BG","4567.28","4534.00"
"23/02/2023 12:00 - 23/02/2023 13:00","BZN|BG","4536.66","4485.00"
"23/02/2023 13:00 - 23/02/2023 14:00","BZN|BG","4510.38","4457.00"
"23/02/2023 14:00 - 23/02/2023 15:00","BZN|BG","4604.48","4539.00"
"23/02/2023 15:00 - 23/02/2023 16:00","BZN|BG","4746.72","4646.00"
"23/02/2023 16:00 - 23/02/2023 17:00","BZN|BG","4993.28","4854.00"
"23/02/2023 17:00 - 23/02/2023 18:00","BZN|BG","5470.30","5279.00"
"23/02/2023 18:00 - 23/02/2023 19:00","BZN|BG","5563.00","5357.00"
"23/02/2023 19:00 - 23/02/2023 20:00","BZN|BG","5306.52","5062.00"
"23/02/2023 20:00 - 23/02/2023 21:00","BZN|BG","5021.28","4810.00"
"23/02/2023 21:00 - 23/02/2023 22:00","BZN|BG","4819.47","4640.00"
"23/02/2023 22:00 - 23/02/2023 23:00","BZN|BG","4507.83","4317.00"
"23/02/2023 23:00 - 24/02/2023 00:00","BZN|BG","4175.95","4226.00"
"24/02/2023 00:00 - 24/02/2023 01:00","BZN|BG","3937.49","4009.00"
"24/02/2023 01:00 - 24/02/2023 02:00","BZN|BG","3827.57","3904.00"
"24/02/2023 02:00 - 24/02/2023 03:00","BZN|BG","3807.94","3876.00"
"24/02/2023 03:00 - 24/02/2023 04:00","BZN|BG","3840.62","3922.00"
"24/02/2023 04:00 - 24/02/2023 05:00","BZN|BG","3994.32","4104.00"
"24/02/2023 05:00 - 24/02/2023 06:00","BZN|BG","4464.65","4600.00"
"24/02/2023 06:00 - 24/02/2023 07:00","BZN|BG","4929.76","5088.00"
"24/02/2023 07:00 - 24/02/2023 08:00","BZN|BG","5316.84","5307.00"
"24/02/2023 08:00 - 24/02/2023 09:00","BZN|BG","5367.36","5127.00"
"24/02/2023 09:00 - 24/02/2023 10:00","BZN|BG","5220.59","4727.00"
"24/02/2023 10:00 - 24/02/2023 11:00","BZN|BG","5055.47","4510.00"
"24/02/2023 11:00 - 24/02/2023 12:00","BZN|BG","4855.59","4299.00"
"24/02/2023 12:00 - 24/02/2023 13:00","BZN|BG","4763.23","4226.00"
"24/02/2023 13:00 - 24/02/2023 14:00","BZN|BG","4669.12","4186.00"
"24/02/2023 14:00 - 24/02/2023 15:00","BZN|BG","4649.35","4317.00"
"24/02/2023 15:00 - 24/02/2023 16:00","BZN|BG","4700.30","4492.00"
"24/02/2023 16:00 - 24/02/2023 17:00","BZN|BG","4888.18","4823.00"
"24/02/2023 17:00 - 24/02/2023 18:00","BZN|BG","5363.54","5497.00"
"24/02/2023 18:00 - 24/02/2023 19:00","BZN|BG","5471.81","5637.00"
"24/02/2023 19:00 - 24/02/2023 20:00","BZN|BG","5219.45","5328.00"
"24/02/2023 20:00 - 24/02/2023 21:00","BZN|BG","4936.91","5059.00"
"24/02/2023 21:00 - 24/02/2023 22:00","BZN|BG","4779.35","4880.00"
"24/02/2023 22:00 - 24/02/2023 23:00","BZN|BG","4570.13","4541.00"
"24/02/2023 23:00 - 25/02/2023 00:00","BZN|BG","4271.50","4083.00"
"25/02/2023 00:00 - 25/02/2023 01:00","BZN|BG","4039.21","3894.00"
"25/02/2023 01:00 - 25/02/2023 02:00","BZN|BG","3926.13","3798.00"
"25/02/2023 02:00 - 25/02/2023 03:00","BZN|BG","3868.94","3755.00"
"25/02/2023 03:00 - 25/02/2023 04:00","BZN|BG","3870.46","3765.00"
"25/02/2023 04:00 - 25/02/2023 05:00","BZN|BG","3939.14","3820.00"
"25/02/2023 05:00 - 25/02/2023 06:00","BZN|BG","4107.34","4049.00"
"25/02/2023 06:00 - 25/02/2023 07:00","BZN|BG","4423.37","4436.00"
"25/02/2023 07:00 - 25/02/2023 08:00","BZN|BG","4789.61","4949.00"
"25/02/2023 08:00 - 25/02/2023 09:00","BZN|BG","4879.80","5040.00"
"25/02/2023 09:00 - 25/02/2023 10:00","BZN|BG","4744.44","4771.00"
"25/02/2023 10:00 - 25/02/2023 11:00","BZN|BG","4562.58","4480.00"
"25/02/2023 11:00 - 25/02/2023 12:00","BZN|BG","4462.28","4292.00"
"25/02/2023 12:00 - 25/02/2023 13:00","BZN|BG","4350.18","4106.00"
"25/02/2023 13:00 - 25/02/2023 14:00","BZN|BG","4274.36","4035.00"
"25/02/2023 14:00 - 25/02/2023 15:00","BZN|BG","4289.36","4049.00"
"25/02/2023 15:00 - 25/02/2023 16:00","BZN|BG","4434.76","4223.00"
"25/02/2023 16:00 - 25/02/2023 17:00","BZN|BG","4670.56","4585.00"
"25/02/2023 17:00 - 25/02/2023 18:00","BZN|BG","5046.15","5205.00"
"25/02/2023 18:00 - 25/02/2023 19:00","BZN|BG","5061.11","5245.00"
"25/02/2023 19:00 - 25/02/2023 20:00","BZN|BG","4802.27","4913.00"
"25/02/2023 20:00 - 25/02/2023 21:00","BZN|BG","4554.62","4630.00"
"25/02/2023 21:00 - 25/02/2023 22:00","BZN|BG","4461.40","4524.00"
"25/02/2023 22:00 - 25/02/2023 23:00","BZN|BG","4248.74","4332.00"
"25/02/2023 23:00 - 26/02/2023 00:00","BZN|BG","3966.56","4108.00"
"26/02/2023 00:00 - 26/02/2023 01:00","BZN|BG","3750.04","3896.00"
"26/02/2023 01:00 - 26/02/2023 02:00","BZN|BG","3634.94","3763.00"
"26/02/2023 02:00 - 26/02/2023 03:00","BZN|BG","3563.77","3713.00"
"26/02/2023 03:00 - 26/02/2023 04:00","BZN|BG","3561.28","3727.00"
"26/02/2023 04:00 - 26/02/2023 05:00","BZN|BG","3585.47","3766.00"
"26/02/2023 05:00 - 26/02/2023 06:00","BZN|BG","3682.27","3903.00"
"26/02/2023 06:00 - 26/02/2023 07:00","BZN|BG","3944.90","4255.00"
"26/02/2023 07:00 - 26/02/2023 08:00","BZN|BG","4340.05","4672.00"
"26/02/2023 08:00 - 26/02/2023 09:00","BZN|BG","4534.28","4661.00"
"26/02/2023 09:00 - 26/02/2023 10:00","BZN|BG","4535.49","4464.00"
"26/02/2023 10:00 - 26/02/2023 11:00","BZN|BG","4442.79","4279.00"
"26/02/2023 11:00 - 26/02/2023 12:00","BZN|BG","4345.17","4194.00"
"26/02/2023 12:00 - 26/02/2023 13:00","BZN|BG","4232.79","4111.00"
"26/02/2023 13:00 - 26/02/2023 14:00","BZN|BG","4203.96","4066.00"
"26/02/2023 14:00 - 26/02/2023 15:00","BZN|BG","4290.18","4080.00"
"26/02/2023 15:00 - 26/02/2023 16:00","BZN|BG","4497.42","4331.00"
"26/02/2023 16:00 - 26/02/2023 17:00","BZN|BG","4755.48","4650.00"
"26/02/2023 17:00 - 26/02/2023 18:00","BZN|BG","5056.74","5139.00"
"26/02/2023 18:00 - 26/02/2023 19:00","BZN|BG","5051.89","5244.00"
"26/02/2023 19:00 - 26/02/2023 20:00","BZN|BG","4832.02","4996.00"
"26/02/2023 20:00 - 26/02/2023 21:00","BZN|BG","4609.47","4729.00"
"26/02/2023 21:00 - 26/02/2023 22:00","BZN|BG","4452.88","4548.00"
"26/02/2023 22:00 - 26/02/2023 23:00","BZN|BG","4184.54","4298.00"
"26/02/2023 23:00 - 27/02/2023 00:00","BZN|BG","3862.80","3874.00"
"27/02/2023 00:00 - 27/02/2023 01:00","BZN|BG","3610.01","3634.00"
"27/02/2023 01:00 - 27/02/2023 02:00","BZN|BG","3500.35","3529.00"
"27/02/2023 02:00 - 27/02/2023 03:00","BZN|BG","3464.77","3490.00"
"27/02/2023 03:00 - 27/02/2023 04:00","BZN|BG","3462.50","3533.00"
"27/02/2023 04:00 - 27/02/2023 05:00","BZN|BG","3638.13","3742.00"
"27/02/2023 05:00 - 27/02/2023 06:00","BZN|BG","4112.34","4276.00"
"27/02/2023 06:00 - 27/02/2023 07:00","BZN|BG","4613.28","4809.00"
"27/02/2023 07:00 - 27/02/2023 08:00","BZN|BG","4941.30","5055.00"
"27/02/2023 08:00 - 27/02/2023 09:00","BZN|BG","4962.03","5006.00"
"27/02/2023 09:00 - 27/02/2023 10:00","BZN|BG","4787.21","4829.00"
"27/02/2023 10:00 - 27/02/2023 11:00","BZN|BG","4699.27","4738.00"
"27/02/2023 11:00 - 27/02/2023 12:00","BZN|BG","4551.58","4605.00"
"27/02/2023 12:00 - 27/02/2023 13:00","BZN|BG","4483.94","4541.00"
"27/02/2023 13:00 - 27/02/2023 14:00","BZN|BG","4459.89","4499.00"
"27/02/2023 14:00 - 27/02/2023 15:00","BZN|BG","4530.69","4552.00"
"27/02/2023 15:00 - 27/02/2023 16:00","BZN|BG","4637.95","4631.00"
"27/02/2023 16:00 - 27/02/2023 17:00","BZN|BG","4829.61","4822.00"
"27/02/2023 17:00 - 27/02/2023 18:00","BZN|BG","5233.77","5271.00"
"27/02/2023 18:00 - 27/02/2023 19:00","BZN|BG","5291.21","5371.00"
"27/02/2023 19:00 - 27/02/2023 20:00","BZN|BG","5133.31","5057.00"
"27/02/2023 20:00 - 27/02/2023 21:00","BZN|BG","4870.12","4769.00"
"27/02/2023 21:00 - 27/02/2023 22:00","BZN|BG","4699.14","4638.00"
"27/02/2023 22:00 - 27/02/2023 23:00","BZN|BG","4376.47","4321.00"
"27/02/2023 23:00 - 28/02/2023 00:00","BZN|BG","4026.84","4140.00"
"28/02/2023 00:00 - 28/02/2023 01:00","BZN|BG","3838.58","3907.00"
"28/02/2023 01:00 - 28/02/2023 02:00","BZN|BG","3747.34","3804.00"
"28/02/2023 02:00 - 28/02/2023 03:00","BZN|BG","3707.29","3769.00"
"28/02/2023 03:00 - 28/02/2023 04:00","BZN|BG","3756.35","3815.00"
"28/02/2023 04:00 - 28/02/2023 05:00","BZN|BG","3897.14","4011.00"
"28/02/2023 05:00 - 28/02/2023 06:00","BZN|BG","4320.51","4546.00"
"28/02/2023 06:00 - 28/02/2023 07:00","BZN|BG","4818.30","5043.00"
"28/02/2023 07:00 - 28/02/2023 08:00","BZN|BG","5229.23","5307.00"
"28/02/2023 08:00 - 28/02/2023 09:00","BZN|BG","5358.19","5249.00"
"28/02/2023 09:00 - 28/02/2023 10:00","BZN|BG","5245.54","5082.00"
"28/02/2023 10:00 - 28/02/2023 11:00","BZN|BG","5204.27","5009.00"
"28/02/2023 11:00 - 28/02/2023 12:00","BZN|BG","5145.16","4935.00"
"28/02/2023 12:00 - 28/02/2023 13:00","BZN|BG","5130.44","4912.00"
"28/02/2023 13:00 - 28/02/2023 14:00","BZN|BG","5104.89","4904.00"
"28/02/2023 14:00 - 28/02/2023 15:00","BZN|BG","5128.68","4965.00"
"28/02/2023 15:00 - 28/02/2023 16:00","BZN|BG","5166.46","5064.00"
"28/02/2023 16:00 - 28/02/2023 17:00","BZN|BG","5260.00","5223.00"
"28/02/2023 17:00 - 28/02/2023 18:00","BZN|BG","5583.94","5623.00"
"28/02/2023 18:00 - 28/02/2023 19:00","BZN|BG","5640.46","5713.00"
"28/02/2023 19:00 - 28/02/2023 20:00","BZN|BG","5431.34","5404.00"
"28/02/2023 20:00 - 28/02/2023 21:00","BZN|BG","5138.35","5116.00"
"28/02/2023 21:00 - 28/02/2023 22:00","BZN|BG","4959.35","4937.00"
"28/02/2023 22:00 - 28/02/2023 23:00","BZN|BG","4586.90","4655.00"
"28/02/2023 23:00 - 01/03/2023 00:00","BZN|BG","4206.41","4364.00"
"01/03/2023 00:00 - 01/03/2023 01:00","BZN|BG","4008.13","4130.00"
"01/03/2023 01:00 - 01/03/2023 02:00","BZN|BG","3871.82","4025.00"
"01/03/2023 02:00 - 01/03/2023 03:00","BZN|BG","3843.72","3985.00"
"01/03/2023 03:00 - 01/03/2023 04:00","BZN|BG","3892.79","4033.00"
"01/03/2023 04:00 - 01/03/2023 05:00","BZN|BG","4070.73","4235.00"
"01/03/2023 05:00 - 01/03/2023 06:00","BZN|BG","4492.15","4773.00"
"01/03/2023 06:00 - 01/03/2023 07:00","BZN|BG","4984.83","5280.00"
"01/03/2023 07:00 - 01/03/2023 08:00","BZN|BG","5347.01","5390.00"
"01/03/2023 08:00 - 01/03/2023 09:00","BZN|BG","5498.18","5536.00"
"01/03/2023 09:00 - 01/03/2023 10:00","BZN|BG","5438.40","5221.00"
"01/03/2023 10:00 - 01/03/2023 11:00","BZN|BG","5391.79","5128.00"
"01/03/2023 11:00 - 01/03/2023 12:00","BZN|BG","5288.82","5021.00"
"01/03/2023 12:00 - 01/03/2023 13:00","BZN|BG","5268.33","4990.00"
"01/03/2023 13:00 - 01/03/2023 14:00","BZN|BG","5199.18","4976.00"
"01/03/2023 14:00 - 01/03/2023 15:00","BZN|BG","5211.11","5051.00"
"01/03/2023 15:00 - 01/03/2023 16:00","BZN|BG","5213.76","5172.00"
"01/03/2023 16:00 - 01/03/2023 17:00","BZN|BG","5299.41","5362.00"
"01/03/2023 17:00 - 01/03/2023 18:00","BZN|BG","5658.22","5842.00"
"01/03/2023 18:00 - 01/03/2023 19:00","BZN|BG","5727.20","5954.00"
"01/03/2023 19:00 - 01/03/2023 20:00","BZN|BG","5517.37","5698.00"
"01/03/2023 20:00 - 01/03/2023 21:00","BZN|BG","5261.99","5358.00"
"01/03/2023 21:00 - 01/03/2023 22:00","BZN|BG","5047.18","5176.00"
"01/03/2023 22:00 - 01/03/2023 23:00","BZN|BG","4692.01","4893.00"
"01/03/2023 23:00 - 02/03/2023 00:00","BZN|BG","4262.77","4305.00"
"02/03/2023 00:00 - 02/03/2023 01:00","BZN|BG","4010.11","4069.00"
"02/03/2023 01:00 - 02/03/2023 02:00","BZN|BG","3857.09","3962.00"
"02/03/2023 02:00 - 02/03/2023 03:00","BZN|BG","3808.01","3919.00"
"02/03/2023 03:00 - 02/03/2023 04:00","BZN|BG","3861.05","3972.00"
"02/03/2023 04:00 - 02/03/2023 05:00","BZN|BG","4043.28","4178.00"
"02/03/2023 05:00 - 02/03/2023 06:00","BZN|BG","4511.04","4743.00"
"02/03/2023 06:00 - 02/03/2023 07:00","BZN|BG","5018.49","5292.00"
"02/03/2023 07:00 - 02/03/2023 08:00","BZN|BG","5365.84","5561.00"
"02/03/2023 08:00 - 02/03/2023 09:00","BZN|BG","5482.09","5591.00"
"02/03/2023 09:00 - 02/03/2023 10:00","BZN|BG","5375.97","5478.00"
"02/03/2023 10:00 - 02/03/2023 11:00","BZN|BG","5352.03","5447.00"
"02/03/2023 11:00 - 02/03/2023 12:00","BZN|BG","5230.94","5411.00"
"02/03/2023 12:00 - 02/03/2023 13:00","BZN|BG","5235.11","5401.00"
"02/03/2023 13:00 - 02/03/2023 14:00","BZN|BG","5238.18","5395.00"
"02/03/2023 14:00 - 02/03/2023 15:00","BZN|BG","5246.75","5424.00"
"02/03/2023 15:00 - 02/03/2023 16:00","BZN|BG","5268.91","5469.00"
"02/03/2023 16:00 - 02/03/2023 17:00","BZN|BG","5377.40","5539.00"
"02/03/2023 17:00 - 02/03/2023 18:00","BZN|BG","5635.96","5762.00"
"02/03/2023 18:00 - 02/03/2023 19:00","BZN|BG","5625.91","5804.00"
"02/03/2023 19:00 - 02/03/2023 20:00","BZN|BG","5380.14","5560.00"
"02/03/2023 20:00 - 02/03/2023 21:00","BZN|BG","5077.40","5223.00"
"02/03/2023 21:00 - 02/03/2023 22:00","BZN|BG","4874.68","5043.00"
"02/03/2023 22:00 - 02/03/2023 23:00","BZN|BG","4843.47","4752.00"
"02/03/2023 23:00 - 03/03/2023 00:00","BZN|BG","4239.19","4314.00"
"03/03/2023 00:00 - 03/03/2023 01:00","BZN|BG","3974.16","4094.00"
"03/03/2023 01:00 - 03/03/2023 02:00","BZN|BG","3836.14","3988.00"
"03/03/2023 02:00 - 03/03/2023 03:00","BZN|BG","3791.61","3949.00"
"03/03/2023 03:00 - 03/03/2023 04:00","BZN|BG","3773.48","3985.00"
"03/03/2023 04:00 - 03/03/2023 05:00","BZN|BG","3842.40","4130.00"
"03/03/2023 05:00 - 03/03/2023 06:00","BZN|BG","3993.60","4518.00"
"03/03/2023 06:00 - 03/03/2023 07:00","BZN|BG","4339.20","4906.00"
"03/03/2023 07:00 - 03/03/2023 08:00","BZN|BG","4732.78","5110.00"
"03/03/2023 08:00 - 03/03/2023 09:00","BZN|BG","4952.84","5129.00"
"03/03/2023 09:00 - 03/03/2023 10:00","BZN|BG","4940.55","4970.00"
"03/03/2023 10:00 - 03/03/2023 11:00","BZN|BG","4894.15","4912.00"
"03/03/2023 11:00 - 03/03/2023 12:00","BZN|BG","4788.85","4842.00"
"03/03/2023 12:00 - 03/03/2023 13:00","BZN|BG","4673.38","4822.00"
"03/03/2023 13:00 - 03/03/2023 14:00","BZN|BG","4614.59","4809.00"
"03/03/2023 14:00 - 03/03/2023 15:00","BZN|BG","4640.44","4850.00"
"03/03/2023 15:00 - 03/03/2023 16:00","BZN|BG","4793.10","4915.00"
"03/03/2023 16:00 - 03/03/2023 17:00","BZN|BG","5001.76","5023.00"
"03/03/2023 17:00 - 03/03/2023 18:00","BZN|BG","5282.29","5341.00"
"03/03/2023 18:00 - 03/03/2023 19:00","BZN|BG","5275.79","5412.00"
"03/03/2023 19:00 - 03/03/2023 20:00","BZN|BG","5005.01","5185.00"
"03/03/2023 20:00 - 03/03/2023 21:00","BZN|BG","4745.56","4869.00"
"03/03/2023 21:00 - 03/03/2023 22:00","BZN|BG","4653.31","4693.00"
"03/03/2023 22:00 - 03/03/2023 23:00","BZN|BG","4415.84","4408.00"
"03/03/2023 23:00 - 04/03/2023 00:00","BZN|BG","4122.96","4198.00"
"04/03/2023 00:00 - 04/03/2023 01:00","BZN|BG","3888.81","3936.00"
"04/03/2023 01:00 - 04/03/2023 02:00","BZN|BG","3756.33","3818.00"
"04/03/2023 02:00 - 04/03/2023 03:00","BZN|BG","3692.35","3754.00"
"04/03/2023 03:00 - 04/03/2023 04:00","BZN|BG","3696.94","3738.00"
"04/03/2023 04:00 - 04/03/2023 05:00","BZN|BG","3776.50","3802.00"
"04/03/2023 05:00 - 04/03/2023 06:00","BZN|BG","3929.11","4026.00"
"04/03/2023 06:00 - 04/03/2023 07:00","BZN|BG","4202.43","4400.00"
"04/03/2023 07:00 - 04/03/2023 08:00","BZN|BG","4508.87","4782.00"
"04/03/2023 08:00 - 04/03/2023 09:00","BZN|BG","4660.82","4836.00"
"04/03/2023 09:00 - 04/03/2023 10:00","BZN|BG","4585.31","4702.00"
"04/03/2023 10:00 - 04/03/2023 11:00","BZN|BG","4458.50","4611.00"
"04/03/2023 11:00 - 04/03/2023 12:00","BZN|BG","4321.73","4559.00"
"04/03/2023 12:00 - 04/03/2023 13:00","BZN|BG","4224.62","4522.00"
"04/03/2023 13:00 - 04/03/2023 14:00","BZN|BG","4180.61","4507.00"
"04/03/2023 14:00 - 04/03/2023 15:00","BZN|BG","4211.14","4543.00"
"04/03/2023 15:00 - 04/03/2023 16:00","BZN|BG","4358.53","4618.00"
"04/03/2023 16:00 - 04/03/2023 17:00","BZN|BG","4617.80","4715.00"
"04/03/2023 17:00 - 04/03/2023 18:00","BZN|BG","5202.71","4915.00"
"04/03/2023 18:00 - 04/03/2023 19:00","BZN|BG","5268.62","4925.00"
"04/03/2023 19:00 - 04/03/2023 20:00","BZN|BG","5028.84","4707.00"
"04/03/2023 20:00 - 04/03/2023 21:00","BZN|BG","4778.63","4422.00"
"04/03/2023 21:00 - 04/03/2023 22:00","BZN|BG","4687.76","4347.00"
"04/03/2023 22:00 - 04/03/2023 23:00","BZN|BG","4479.67","4135.00"
"04/03/2023 23:00 - 05/03/2023 00:00","BZN|BG","4189.74","4173.00"
"05/03/2023 00:00 - 05/03/2023 01:00","BZN|BG","3963.69","3891.00"
"05/03/2023 01:00 - 05/03/2023 02:00","BZN|BG","3867.47","3753.00"
"05/03/2023 02:00 - 05/03/2023 03:00","BZN|BG","3802.45","3640.00"
"05/03/2023 03:00 - 05/03/2023 04:00","BZN|BG","3803.38","3629.00"
"05/03/2023 04:00 - 05/03/2023 05:00","BZN|BG","3833.65","3641.00"
"05/03/2023 05:00 - 05/03/2023 06:00","BZN|BG","3955.37","3723.00"
"05/03/2023 06:00 - 05/03/2023 07:00","BZN|BG","4226.15","3968.00"
"05/03/2023 07:00 - 05/03/2023 08:00","BZN|BG","4575.27","4374.00"
"05/03/2023 08:00 - 05/03/2023 09:00","BZN|BG","4723.10","4584.00"
"05/03/2023 09:00 - 05/03/2023 10:00","BZN|BG","4721.22","4523.00"
"05/03/2023 10:00 - 05/03/2023 11:00","BZN|BG","4699.96","4447.00"
"05/03/2023 11:00 - 05/03/2023 12:00","BZN|BG","4660.03","4392.00"
"05/03/2023 12:00 - 05/03/2023 13:00","BZN|BG","4583.32","4340.00"
"05/03/2023 13:00 - 05/03/2023 14:00","BZN|BG","4529.38","4320.00"
"05/03/2023 14:00 - 05/03/2023 15:00","BZN|BG","4554.50","4440.00"
"05/03/2023 15:00 - 05/03/2023 16:00","BZN|BG","4746.52","4621.00"
"05/03/2023 16:00 - 05/03/2023 17:00","BZN|BG","5049.76","4858.00"
"05/03/2023 17:00 - 05/03/2023 18:00","BZN|BG","5493.64","5181.00"
"05/03/2023 18:00 - 05/03/2023 19:00","BZN|BG","5656.25","5186.00"
"05/03/2023 19:00 - 05/03/2023 20:00","BZN|BG","5422.30","4993.00"
"05/03/2023 20:00 - 05/03/2023 21:00","BZN|BG","5126.08","4762.00"
"05/03/2023 21:00 - 05/03/2023 22:00","BZN|BG","4941.61","4621.00"
"05/03/2023 22:00 - 05/03/2023 23:00","BZN|BG","4625.30","4402.00"
"05/03/2023 23:00 - 06/03/2023 00:00","BZN|BG","4233.61","4315.00"
"06/03/2023 00:00 - 06/03/2023 01:00","BZN|BG","3981.97","4087.00"
"06/03/2023 01:00 - 06/03/2023 02:00","BZN|BG","3863.23","3992.00"
"06/03/2023 02:00 - 06/03/2023 03:00","BZN|BG","3851.91","3955.00"
"06/03/2023 03:00 - 06/03/2023 04:00","BZN|BG","3895.64","3958.00"
"06/03/2023 04:00 - 06/03/2023 05:00","BZN|BG","4098.12","4118.00"
"06/03/2023 05:00 - 06/03/2023 06:00","BZN|BG","4628.60","4543.00"
"06/03/2023 06:00 - 06/03/2023 07:00","BZN|BG","5125.22","4979.00"
"06/03/2023 07:00 - 06/03/2023 08:00","BZN|BG","5329.35","5171.00"
"06/03/2023 08:00 - 06/03/2023 09:00","BZN|BG","5229.33","5271.00"
"06/03/2023 09:00 - 06/03/2023 10:00","BZN|BG","4938.04","5037.00"
"06/03/2023 10:00 - 06/03/2023 11:00","BZN|BG","4789.57","4852.00"
"06/03/2023 11:00 - 06/03/2023 12:00","BZN|BG","4632.08","4726.00"
"06/03/2023 12:00 - 06/03/2023 13:00","BZN|BG","4576.18","4704.00"
"06/03/2023 13:00 - 06/03/2023 14:00","BZN|BG","4547.17","4730.00"
"06/03/2023 14:00 - 06/03/2023 15:00","BZN|BG","4563.76","4860.00"
"06/03/2023 15:00 - 06/03/2023 16:00","BZN|BG","4632.24","5023.00"
"06/03/2023 16:00 - 06/03/2023 17:00","BZN|BG","4823.40","5219.00"
"06/03/2023 17:00 - 06/03/2023 18:00","BZN|BG","5368.60","5671.00"
"06/03/2023 18:00 - 06/03/2023 19:00","BZN|BG","5566.87","5727.00"
"06/03/2023 19:00 - 06/03/2023 20:00","BZN|BG","5394.60","5557.00"
"06/03/2023 20:00 - 06/03/2023 21:00","BZN|BG","5123.44","5242.00"
"06/03/2023 21:00 - 06/03/2023 22:00","BZN|BG","4955.17","5051.00"
"06/03/2023 22:00 - 06/03/2023 23:00","BZN|BG","4607.32","4738.00"
"06/03/2023 23:00 - 07/03/2023 00:00","BZN|BG","4224.26","4312.00"
"07/03/2023 00:00 - 07/03/2023 01:00","BZN|BG","3958.52","4073.00"
"07/03/2023 01:00 - 07/03/2023 02:00","BZN|BG","3876.73","3952.00"
"07/03/2023 02:00 - 07/03/2023 03:00","BZN|BG","3846.85","3917.00"
"07/03/2023 03:00 - 07/03/2023 04:00","BZN|BG","3868.06","3940.00"
"07/03/2023 04:00 - 07/03/2023 05:00","BZN|BG","4049.28","4066.00"
"07/03/2023 05:00 - 07/03/2023 06:00","BZN|BG","4513.43","4407.00"
"07/03/2023 06:00 - 07/03/2023 07:00","BZN|BG","4946.67","4806.00"
"07/03/2023 07:00 - 07/03/2023 08:00","BZN|BG","5120.46","5238.00"
"07/03/2023 08:00 - 07/03/2023 09:00","BZN|BG","4979.69","5140.00"
"07/03/2023 09:00 - 07/03/2023 10:00","BZN|BG","4667.40","4936.00"
"07/03/2023 10:00 - 07/03/2023 11:00","BZN|BG","4481.78","4794.00"
"07/03/2023 11:00 - 07/03/2023 12:00","BZN|BG","4368.39","4712.00"
"07/03/2023 12:00 - 07/03/2023 13:00","BZN|BG","4383.23","4615.00"
"07/03/2023 13:00 - 07/03/2023 14:00","BZN|BG","4348.94","4526.00"
"07/03/2023 14:00 - 07/03/2023 15:00","BZN|BG","4389.02","4568.00"
"07/03/2023 15:00 - 07/03/2023 16:00","BZN|BG","4446.48","4711.00"
"07/03/2023 16:00 - 07/03/2023 17:00","BZN|BG","4658.87","4962.00"
"07/03/2023 17:00 - 07/03/2023 18:00","BZN|BG","5165.85","5657.00"
"07/03/2023 18:00 - 07/03/2023 19:00","BZN|BG","5425.39","5771.00"
"07/03/2023 19:00 - 07/03/2023 20:00","BZN|BG","5288.51","5512.00"
"07/03/2023 20:00 - 07/03/2023 21:00","BZN|BG","5054.79","5153.00"
"07/03/2023 21:00 - 07/03/2023 22:00","BZN|BG","4844.10","4969.00"
"07/03/2023 22:00 - 07/03/2023 23:00","BZN|BG","4486.39","4654.00"
"07/03/2023 23:00 - 08/03/2023 00:00","BZN|BG","4118.06","4231.00"
"08/03/2023 00:00 - 08/03/2023 01:00","BZN|BG","3887.83","4019.00"
"08/03/2023 01:00 - 08/03/2023 02:00","BZN|BG","3800.73","3906.00"
"08/03/2023 02:00 - 08/03/2023 03:00","BZN|BG","3767.57","3871.00"
"08/03/2023 03:00 - 08/03/2023 04:00","BZN|BG","3812.53","3889.00"
"08/03/2023 04:00 - 08/03/2023 05:00","BZN|BG","4016.98","3993.00"
"08/03/2023 05:00 - 08/03/2023 06:00","BZN|BG","4473.91","4265.00"
"08/03/2023 06:00 - 08/03/2023 07:00","BZN|BG","4853.67","4600.00"
"08/03/2023 07:00 - 08/03/2023 08:00","BZN|BG","4913.47","4986.00"
"08/03/2023 08:00 - 08/03/2023 09:00","BZN|BG","4817.09","4893.00"
"08/03/2023 09:00 - 08/03/2023 10:00","BZN|BG","4556.82","4754.00"
"08/03/2023 10:00 - 08/03/2023 11:00","BZN|BG","4455.92","4667.00"
"08/03/2023 11:00 - 08/03/2023 12:00","BZN|BG","4277.53","4389.00"
"08/03/2023 12:00 - 08/03/2023 13:00","BZN|BG","4268.96","4264.00"
"08/03/2023 13:00 - 08/03/2023 14:00","BZN|BG","4253.75","4146.00"
"08/03/2023 14:00 - 08/03/2023 15:00","BZN|BG","4258.98","4186.00"
"08/03/2023 15:00 - 08/03/2023 16:00","BZN|BG","4337.91","4339.00"
"08/03/2023 16:00 - 08/03/2023 17:00","BZN|BG","4518.44","4594.00"
"08/03/2023 17:00 - 08/03/2023 18:00","BZN|BG","5014.43","5343.00"
"08/03/2023 18:00 - 08/03/2023 19:00","BZN|BG","5187.22","5455.00"
"08/03/2023 19:00 - 08/03/2023 20:00","BZN|BG","4961.85","5219.00"
"08/03/2023 20:00 - 08/03/2023 21:00","BZN|BG","4748.97","4890.00"
"08/03/2023 21:00 - 08/03/2023 22:00","BZN|BG","4619.47","4719.00"
"08/03/2023 22:00 - 08/03/2023 23:00","BZN|BG","4352.32","4408.00"
"08/03/2023 23:00 - 09/03/2023 00:00","BZN|BG","4032.74","4097.00"
"09/03/2023 00:00 - 09/03/2023 01:00","BZN|BG","3814.08","3875.00"
"09/03/2023 01:00 - 09/03/2023 02:00","BZN|BG","3699.30","3764.00"
"09/03/2023 02:00 - 09/03/2023 03:00","BZN|BG","3627.98","3729.00"
"09/03/2023 03:00 - 09/03/2023 04:00","BZN|BG","3681.67","3748.00"
"09/03/2023 04:00 - 09/03/2023 05:00","BZN|BG","3851.02","3861.00"
"09/03/2023 05:00 - 09/03/2023 06:00","BZN|BG","4284.93","4148.00"
"09/03/2023 06:00 - 09/03/2023 07:00","BZN|BG","4707.66","4590.00"
"09/03/2023 07:00 - 09/03/2023 08:00","BZN|BG","4792.17","4763.00"
"09/03/2023 08:00 - 09/03/2023 09:00","BZN|BG","4699.69","4666.00"
"09/03/2023 09:00 - 09/03/2023 10:00","BZN|BG","4491.27","4437.00"
"09/03/2023 10:00 - 09/03/2023 11:00","BZN|BG","4412.90","4269.00"
"09/03/2023 11:00 - 09/03/2023 12:00","BZN|BG","4273.62","4047.00"
"09/03/2023 12:00 - 09/03/2023 13:00","BZN|BG","4218.03","3967.00"
"09/03/2023 13:00 - 09/03/2023 14:00","BZN|BG","4145.86","3900.00"
"09/03/2023 14:00 - 09/03/2023 15:00","BZN|BG","4164.71","3992.00"
"09/03/2023 15:00 - 09/03/2023 16:00","BZN|BG","4250.59","4127.00"
"09/03/2023 16:00 - 09/03/2023 17:00","BZN|BG","4439.37","4392.00"
"09/03/2023 17:00 - 09/03/2023 18:00","BZN|BG","4913.27","5101.00"
"09/03/2023 18:00 - 09/03/2023 19:00","BZN|BG","5148.61","5277.00"
"09/03/2023 19:00 - 09/03/2023 20:00","BZN|BG","4945.49","5065.00"
"09/03/2023 20:00 - 09/03/2023 21:00","BZN|BG","4683.11","4756.00"
"09/03/2023 21:00 - 09/03/2023 22:00","BZN|BG","4501.69","4585.00"
"09/03/2023 22:00 - 09/03/2023 23:00","BZN|BG","4207.29","4279.00"
"09/03/2023 23:00 - 10/03/2023 00:00","BZN|BG","3627.15","4024.00"
"10/03/2023 00:00 - 10/03/2023 01:00","BZN|BG","3388.84","3798.00"
"10/03/2023 01:00 - 10/03/2023 02:00","BZN|BG","3331.64","3689.00"
"10/03/2023 02:00 - 10/03/2023 03:00","BZN|BG","3275.00","3654.00"
"10/03/2023 03:00 - 10/03/2023 04:00","BZN|BG","3318.32","3678.00"
"10/03/2023 04:00 - 10/03/2023 05:00","BZN|BG","3395.98","3804.00"
"10/03/2023 05:00 - 10/03/2023 06:00","BZN|BG","3908.42","4116.00"
"10/03/2023 06:00 - 10/03/2023 07:00","BZN|BG","4284.73","4646.00"
"10/03/2023 07:00 - 10/03/2023 08:00","BZN|BG","4377.56","4665.00"
"10/03/2023 08:00 - 10/03/2023 09:00","BZN|BG","4236.39","4566.00"
"10/03/2023 09:00 - 10/03/2023 10:00","BZN|BG","4025.07","4402.00"
"10/03/2023 10:00 - 10/03/2023 11:00","BZN|BG","3902.44","4283.00"
"10/03/2023 11:00 - 10/03/2023 12:00","BZN|BG","3782.59","4122.00"
"10/03/2023 12:00 - 10/03/2023 13:00","BZN|BG","3867.37","4081.00"
"10/03/2023 13:00 - 10/03/2023 14:00","BZN|BG","3970.89","4063.00"
"10/03/2023 14:00 - 10/03/2023 15:00","BZN|BG","4148.65","4125.00"
"10/03/2023 15:00 - 10/03/2023 16:00","BZN|BG","4232.67","4231.00"
"10/03/2023 16:00 - 10/03/2023 17:00","BZN|BG","4376.80","4416.00"
"10/03/2023 17:00 - 10/03/2023 18:00","BZN|BG","4762.01","4922.00"
"10/03/2023 18:00 - 10/03/2023 19:00","BZN|BG","4849.73","5050.00"
"10/03/2023 19:00 - 10/03/2023 20:00","BZN|BG","4573.93","4874.00"
"10/03/2023 20:00 - 10/03/2023 21:00","BZN|BG","4323.78","4613.00"
"10/03/2023 21:00 - 10/03/2023 22:00","BZN|BG","4154.88","4475.00"
"10/03/2023 22:00 - 10/03/2023 23:00","BZN|BG","3878.37","4223.00"
"10/03/2023 23:00 - 11/03/2023 00:00","BZN|BG","3580.74","3830.00"
"11/03/2023 00:00 - 11/03/2023 01:00","BZN|BG","3386.28","3665.00"
"11/03/2023 01:00 - 11/03/2023 02:00","BZN|BG","3243.08","3571.00"
"11/03/2023 02:00 - 11/03/2023 03:00","BZN|BG","3223.09","3506.00"
"11/03/2023 03:00 - 11/03/2023 04:00","BZN|BG","3207.33","3511.00"
"11/03/2023 04:00 - 11/03/2023 05:00","BZN|BG","3260.94","3564.00"
"11/03/2023 05:00 - 11/03/2023 06:00","BZN|BG","3410.69","3674.00"
"11/03/2023 06:00 - 11/03/2023 07:00","BZN|BG","3657.68","3880.00"
"11/03/2023 07:00 - 11/03/2023 08:00","BZN|BG","3884.95","4134.00"
"11/03/2023 08:00 - 11/03/2023 09:00","BZN|BG","3849.00","4282.00"
"11/03/2023 09:00 - 11/03/2023 10:00","BZN|BG","3718.34","4180.00"
"11/03/2023 10:00 - 11/03/2023 11:00","BZN|BG","3638.84","3965.00"
"11/03/2023 11:00 - 11/03/2023 12:00","BZN|BG","3684.64","3820.00"
"11/03/2023 12:00 - 11/03/2023 13:00","BZN|BG","3773.37","3775.00"
"11/03/2023 13:00 - 11/03/2023 14:00","BZN|BG","3744.45","3631.00"
"11/03/2023 14:00 - 11/03/2023 15:00","BZN|BG","3821.46","3702.00"
"11/03/2023 15:00 - 11/03/2023 16:00","BZN|BG","3960.60","3883.00"
"11/03/2023 16:00 - 11/03/2023 17:00","BZN|BG","4221.40","4190.00"
"11/03/2023 17:00 - 11/03/2023 18:00","BZN|BG","4769.72","4716.00"
"11/03/2023 18:00 - 11/03/2023 19:00","BZN|BG","4849.02","4795.00"
"11/03/2023 19:00 - 11/03/2023 20:00","BZN|BG","4617.61","4532.00"
"11/03/2023 20:00 - 11/03/2023 21:00","BZN|BG","4393.59","4260.00"
"11/03/2023 21:00 - 11/03/2023 22:00","BZN|BG","4322.16","4236.00"
"11/03/2023 22:00 - 11/03/2023 23:00","BZN|BG","4107.41","4030.00"
"11/03/2023 23:00 - 12/03/2023 00:00","BZN|BG","3886.56","3826.00"
"12/03/2023 00:00 - 12/03/2023 01:00","BZN|BG","3689.76","3665.00"
"12/03/2023 01:00 - 12/03/2023 02:00","BZN|BG","3581.61","3589.00"
"12/03/2023 02:00 - 12/03/2023 03:00","BZN|BG","3556.62","3560.00"
"12/03/2023 03:00 - 12/03/2023 04:00","BZN|BG","3567.54","3567.00"
"12/03/2023 04:00 - 12/03/2023 05:00","BZN|BG","3622.12","3601.00"
"12/03/2023 05:00 - 12/03/2023 06:00","BZN|BG","3755.70","3765.00"
"12/03/2023 06:00 - 12/03/2023 07:00","BZN|BG","4033.85","4052.00"
"12/03/2023 07:00 - 12/03/2023 08:00","BZN|BG","4336.94","4408.00"
"12/03/2023 08:00 - 12/03/2023 09:00","BZN|BG","4468.50","4490.00"
"12/03/2023 09:00 - 12/03/2023 10:00","BZN|BG","4453.14","4339.00"
"12/03/2023 10:00 - 12/03/2023 11:00","BZN|BG","4448.13","4220.00"
"12/03/2023 11:00 - 12/03/2023 12:00","BZN|BG","4392.44","4203.00"
"12/03/2023 12:00 - 12/03/2023 13:00","BZN|BG","4272.83","4128.00"
"12/03/2023 13:00 - 12/03/2023 14:00","BZN|BG","4213.70","4134.00"
"12/03/2023 14:00 - 12/03/2023 15:00","BZN|BG","4243.54","4167.00"
"12/03/2023 15:00 - 12/03/2023 16:00","BZN|BG","4396.72","4372.00"
"12/03/2023 16:00 - 12/03/2023 17:00","BZN|BG","4708.83","4650.00"
"12/03/2023 17:00 - 12/03/2023 18:00","BZN|BG","5173.14","5062.00"
"12/03/2023 18:00 - 12/03/2023 19:00","BZN|BG","5381.61","5202.00"
"12/03/2023 19:00 - 12/03/2023 20:00","BZN|BG","5176.92","5012.00"
"12/03/2023 20:00 - 12/03/2023 21:00","BZN|BG","4888.49","4734.00"
"12/03/2023 21:00 - 12/03/2023 22:00","BZN|BG","4726.23","4580.00"
"12/03/2023 22:00 - 12/03/2023 23:00","BZN|BG","4423.42","4332.00"
"12/03/2023 23:00 - 13/03/2023 00:00","BZN|BG","4062.17","4053.00"
"13/03/2023 00:00 - 13/03/2023 01:00","BZN|BG","3838.30","3868.00"
"13/03/2023 01:00 - 13/03/2023 02:00","BZN|BG","3747.46","3782.00"
"13/03/2023 02:00 - 13/03/2023 03:00","BZN|BG","3713.31","3779.00"
"13/03/2023 03:00 - 13/03/2023 04:00","BZN|BG","3802.91","3817.00"
"13/03/2023 04:00 - 13/03/2023 05:00","BZN|BG","4021.15","3998.00"
"13/03/2023 05:00 - 13/03/2023 06:00","BZN|BG","4556.15","4506.00"
"13/03/2023 06:00 - 13/03/2023 07:00","BZN|BG","4983.45","4937.00"
"13/03/2023 07:00 - 13/03/2023 08:00","BZN|BG","5071.90","5035.00"
"13/03/2023 08:00 - 13/03/2023 09:00","BZN|BG","4939.79","4886.00"
"13/03/2023 09:00 - 13/03/2023 10:00","BZN|BG","4685.61","4612.00"
"13/03/2023 10:00 - 13/03/2023 11:00","BZN|BG","4547.36","4489.00"
"13/03/2023 11:00 - 13/03/2023 12:00","BZN|BG","4408.31","4372.00"
"13/03/2023 12:00 - 13/03/2023 13:00","BZN|BG","4353.80","4371.00"
"13/03/2023 13:00 - 13/03/2023 14:00","BZN|BG","4307.59","4402.00"
"13/03/2023 14:00 - 13/03/2023 15:00","BZN|BG","4305.26","4507.00"
"13/03/2023 15:00 - 13/03/2023 16:00","BZN|BG","4336.98","4650.00"
"13/03/2023 16:00 - 13/03/2023 17:00","BZN|BG","4510.12","4863.00"
"13/03/2023 17:00 - 13/03/2023 18:00","BZN|BG","5080.06","5446.00"
"13/03/2023 18:00 - 13/03/2023 19:00","BZN|BG","5448.23","5643.00"
"13/03/2023 19:00 - 13/03/2023 20:00","BZN|BG","5298.01","5450.00"
"13/03/2023 20:00 - 13/03/2023 21:00","BZN|BG","5024.14","5119.00"
"13/03/2023 21:00 - 13/03/2023 22:00","BZN|BG","4859.82","4931.00"
"13/03/2023 22:00 - 13/03/2023 23:00","BZN|BG","4531.69","4591.00"
"13/03/2023 23:00 - 14/03/2023 00:00","BZN|BG","4190.61","4228.00"
"14/03/2023 00:00 - 14/03/2023 01:00","BZN|BG","3986.05","4064.00"
"14/03/2023 01:00 - 14/03/2023 02:00","BZN|BG","3868.83","3992.00"
"14/03/2023 02:00 - 14/03/2023 03:00","BZN|BG","3877.62","3963.00"
"14/03/2023 03:00 - 14/03/2023 04:00","BZN|BG","3943.99","3995.00"
"14/03/2023 04:00 - 14/03/2023 05:00","BZN|BG","4119.16","4141.00"
"14/03/2023 05:00 - 14/03/2023 06:00","BZN|BG","4618.95","4499.00"
"14/03/2023 06:00 - 14/03/2023 07:00","BZN|BG","4987.23","4818.00"
"14/03/2023 07:00 - 14/03/2023 08:00","BZN|BG","5105.26","4918.00"
"14/03/2023 08:00 - 14/03/2023 09:00","BZN|BG","4911.03","4793.00"
"14/03/2023 09:00 - 14/03/2023 10:00","BZN|BG","4618.77","4542.00"
"14/03/2023 10:00 - 14/03/2023 11:00","BZN|BG","4501.20","4429.00"
"14/03/2023 11:00 - 14/03/2023 12:00","BZN|BG","4366.86","4306.00"
"14/03/2023 12:00 - 14/03/2023 13:00","BZN|BG","4321.67","4303.00"
"14/03/2023 13:00 - 14/03/2023 14:00","BZN|BG","4251.33","4306.00"
"14/03/2023 14:00 - 14/03/2023 15:00","BZN|BG","4266.76","4450.00"
"14/03/2023 15:00 - 14/03/2023 16:00","BZN|BG","4335.53","4638.00"
"14/03/2023 16:00 - 14/03/2023 17:00","BZN|BG","4583.83","4921.00"
"14/03/2023 17:00 - 14/03/2023 18:00","BZN|BG","5154.86","5608.00"
"14/03/2023 18:00 - 14/03/2023 19:00","BZN|BG","5467.98","5825.00"
"14/03/2023 19:00 - 14/03/2023 20:00","BZN|BG","5316.64","5591.00"
"14/03/2023 20:00 - 14/03/2023 21:00","BZN|BG","5041.24","5259.00"
"14/03/2023 21:00 - 14/03/2023 22:00","BZN|BG","4866.36","5094.00"
"14/03/2023 22:00 - 14/03/2023 23:00","BZN|BG","4508.03","4775.00"
"14/03/2023 23:00 - 15/03/2023 00:00","BZN|BG","4129.79","4265.00"
"15/03/2023 00:00 - 15/03/2023 01:00","BZN|BG","3937.11","4103.00"
"15/03/2023 01:00 - 15/03/2023 02:00","BZN|BG","3835.11","4038.00"
"15/03/2023 02:00 - 15/03/2023 03:00","BZN|BG","3808.32","4010.00"
"15/03/2023 03:00 - 15/03/2023 04:00","BZN|BG","3849.85","4056.00"
"15/03/2023 04:00 - 15/03/2023 05:00","BZN|BG","4030.32","4235.00"
"15/03/2023 05:00 - 15/03/2023 06:00","BZN|BG","4510.33","4675.00"
"15/03/2023 06:00 - 15/03/2023 07:00","BZN|BG","4934.97","5017.00"
"15/03/2023 07:00 - 15/03/2023 08:00","BZN|BG","5064.63","5051.00"
"15/03/2023 08:00 - 15/03/2023 09:00","BZN|BG","4964.21","4794.00"
"15/03/2023 09:00 - 15/03/2023 10:00","BZN|BG","4765.92","4431.00"
"15/03/2023 10:00 - 15/03/2023 11:00","BZN|BG","4639.94","4274.00"
"15/03/2023 11:00 - 15/03/2023 12:00","BZN|BG","4594.84","4132.00"
"15/03/2023 12:00 - 15/03/2023 13:00","BZN|BG","4625.89","4166.00"
"15/03/2023 13:00 - 15/03/2023 14:00","BZN|BG","4641.36","4193.00"
"15/03/2023 14:00 - 15/03/2023 15:00","BZN|BG","4702.58","4352.00"
"15/03/2023 15:00 - 15/03/2023 16:00","BZN|BG","4751.29","4510.00"
"15/03/2023 16:00 - 15/03/2023 17:00","BZN|BG","4931.08","4767.00"
"15/03/2023 17:00 - 15/03/2023 18:00","BZN|BG","5355.61","5445.00"
"15/03/2023 18:00 - 15/03/2023 19:00","BZN|BG","5564.22","5684.00"
"15/03/2023 19:00 - 15/03/2023 20:00","BZN|BG","5346.56","5489.00"
"15/03/2023 20:00 - 15/03/2023 21:00","BZN|BG","5047.60","5197.00"
"15/03/2023 21:00 - 15/03/2023 22:00","BZN|BG","4834.51","5046.00"
"15/03/2023 22:00 - 15/03/2023 23:00","BZN|BG","4525.29","4755.00"
"15/03/2023 23:00 - 16/03/2023 00:00","BZN|BG","4136.66","4363.00"
"16/03/2023 00:00 - 16/03/2023 01:00","BZN|BG","3924.26","4255.00"
"16/03/2023 01:00 - 16/03/2023 02:00","BZN|BG","3805.28","4208.00"
"16/03/2023 02:00 - 16/03/2023 03:00","BZN|BG","3793.64","4193.00"
"16/03/2023 03:00 - 16/03/2023 04:00","BZN|BG","3839.33","4255.00"
"16/03/2023 04:00 - 16/03/2023 05:00","BZN|BG","4012.80","4461.00"
"16/03/2023 05:00 - 16/03/2023 06:00","BZN|BG","4462.25","4979.00"
"16/03/2023 06:00 - 16/03/2023 07:00","BZN|BG","4976.32","5376.00"
"16/03/2023 07:00 - 16/03/2023 08:00","BZN|BG","5366.28","5405.00"
"16/03/2023 08:00 - 16/03/2023 09:00","BZN|BG","5455.34","5170.00"
"16/03/2023 09:00 - 16/03/2023 10:00","BZN|BG","5380.87","4854.00"
"16/03/2023 10:00 - 16/03/2023 11:00","BZN|BG","5348.76","4720.00"
"16/03/2023 11:00 - 16/03/2023 12:00","BZN|BG","5300.46","4586.00"
"16/03/2023 12:00 - 16/03/2023 13:00","BZN|BG","5283.57","4604.00"
"16/03/2023 13:00 - 16/03/2023 14:00","BZN|BG","5264.78","4625.00"
"16/03/2023 14:00 - 16/03/2023 15:00","BZN|BG","5300.97","4732.00"
"16/03/2023 15:00 - 16/03/2023 16:00","BZN|BG","5341.15","4864.00"
"16/03/2023 16:00 - 16/03/2023 17:00","BZN|BG","5454.97","5071.00"
"16/03/2023 17:00 - 16/03/2023 18:00","BZN|BG","5772.78","5607.00"
"16/03/2023 18:00 - 16/03/2023 19:00","BZN|BG","5831.05","5809.00"
"16/03/2023 19:00 - 16/03/2023 20:00","BZN|BG","5592.23","5594.00"
"16/03/2023 20:00 - 16/03/2023 21:00","BZN|BG","5294.95","5248.00"
"16/03/2023 21:00 - 16/03/2023 22:00","BZN|BG","5082.76","5062.00"
"16/03/2023 22:00 - 16/03/2023 23:00","BZN|BG","4761.59","4707.00"
"16/03/2023 23:00 - 17/03/2023 00:00","BZN|BG","4155.66","4466.00"
"17/03/2023 00:00 - 17/03/2023 01:00","BZN|BG","3962.21","4177.00"
"17/03/2023 01:00 - 17/03/2023 02:00","BZN|BG","3832.52","4047.00"
"17/03/2023 02:00 - 17/03/2023 03:00","BZN|BG","3798.05","4006.00"
"17/03/2023 03:00 - 17/03/2023 04:00","BZN|BG","3815.77","4083.00"
"17/03/2023 04:00 - 17/03/2023 05:00","BZN|BG","3980.07","4350.00"
"17/03/2023 05:00 - 17/03/2023 06:00","BZN|BG","4436.18","5012.00"
"17/03/2023 06:00 - 17/03/2023 07:00","BZN|BG","4850.43","5527.00"
"17/03/2023 07:00 - 17/03/2023 08:00","BZN|BG","4988.43","5570.00"
"17/03/2023 08:00 - 17/03/2023 09:00","BZN|BG","4783.88","5466.00"
"17/03/2023 09:00 - 17/03/2023 10:00","BZN|BG","4496.75","5321.00"
"17/03/2023 10:00 - 17/03/2023 11:00","BZN|BG","4344.36","5260.00"
"17/03/2023 11:00 - 17/03/2023 12:00","BZN|BG","4284.55","5204.00"
"17/03/2023 12:00 - 17/03/2023 13:00","BZN|BG","4298.84","5216.00"
"17/03/2023 13:00 - 17/03/2023 14:00","BZN|BG","4303.33","5236.00"
"17/03/2023 14:00 - 17/03/2023 15:00","BZN|BG","4423.99","5301.00"
"17/03/2023 15:00 - 17/03/2023 16:00","BZN|BG","4616.44","5378.00"
"17/03/2023 16:00 - 17/03/2023 17:00","BZN|BG","4937.80","5501.00"
"17/03/2023 17:00 - 17/03/2023 18:00","BZN|BG","5378.86","5846.00"
"17/03/2023 18:00 - 17/03/2023 19:00","BZN|BG","5578.02","5971.00"
"17/03/2023 19:00 - 17/03/2023 20:00","BZN|BG","5303.58","5754.00"
"17/03/2023 20:00 - 17/03/2023 21:00","BZN|BG","5000.12","5407.00"
"17/03/2023 21:00 - 17/03/2023 22:00","BZN|BG","4826.37","5215.00"
"17/03/2023 22:00 - 17/03/2023 23:00","BZN|BG","4529.09","4872.00"
"17/03/2023 23:00 - 18/03/2023 00:00","BZN|BG","4199.82","4286.00"
"18/03/2023 00:00 - 18/03/2023 01:00","BZN|BG","3952.82","4071.00"
"18/03/2023 01:00 - 18/03/2023 02:00","BZN|BG","3838.39","3925.00"
"18/03/2023 02:00 - 18/03/2023 03:00","BZN|BG","3785.66","3894.00"
"18/03/2023 03:00 - 18/03/2023 04:00","BZN|BG","3794.61","3883.00"
"18/03/2023 04:00 - 18/03/2023 05:00","BZN|BG","3877.51","3929.00"
"18/03/2023 05:00 - 18/03/2023 06:00","BZN|BG","4027.56","4136.00"
"18/03/2023 06:00 - 18/03/2023 07:00","BZN|BG","4273.59","4536.00"
"18/03/2023 07:00 - 18/03/2023 08:00","BZN|BG","4408.67","4903.00"
"18/03/2023 08:00 - 18/03/2023 09:00","BZN|BG","4364.62","4905.00"
"18/03/2023 09:00 - 18/03/2023 10:00","BZN|BG","4282.98","4642.00"
"18/03/2023 10:00 - 18/03/2023 11:00","BZN|BG","4106.22","4549.00"
"18/03/2023 11:00 - 18/03/2023 12:00","BZN|BG","4040.78","4469.00"
"18/03/2023 12:00 - 18/03/2023 13:00","BZN|BG","3944.43","4460.00"
"18/03/2023 13:00 - 18/03/2023 14:00","BZN|BG","3835.34","4441.00"
"18/03/2023 14:00 - 18/03/2023 15:00","BZN|BG","3900.20","4518.00"
"18/03/2023 15:00 - 18/03/2023 16:00","BZN|BG","4143.84","4635.00"
"18/03/2023 16:00 - 18/03/2023 17:00","BZN|BG","4478.64","4907.00"
"18/03/2023 17:00 - 18/03/2023 18:00","BZN|BG","5142.01","5296.00"
"18/03/2023 18:00 - 18/03/2023 19:00","BZN|BG","5370.90","5367.00"
"18/03/2023 19:00 - 18/03/2023 20:00","BZN|BG","5187.19","5125.00"
"18/03/2023 20:00 - 18/03/2023 21:00","BZN|BG","4872.63","4873.00"
"18/03/2023 21:00 - 18/03/2023 22:00","BZN|BG","4796.40","4789.00"
"18/03/2023 22:00 - 18/03/2023 23:00","BZN|BG","4535.04","4580.00"
"18/03/2023 23:00 - 19/03/2023 00:00","BZN|BG","4248.38","4190.00"
"19/03/2023 00:00 - 19/03/2023 01:00","BZN|BG","4040.43","3972.00"
"19/03/2023 01:00 - 19/03/2023 02:00","BZN|BG","3907.11","3879.00"
"19/03/2023 02:00 - 19/03/2023 03:00","BZN|BG","3849.34","3824.00"
"19/03/2023 03:00 - 19/03/2023 04:00","BZN|BG","3861.25","3856.00"
"19/03/2023 04:00 - 19/03/2023 05:00","BZN|BG","3902.68","3930.00"
"19/03/2023 05:00 - 19/03/2023 06:00","BZN|BG","4024.77","4109.00"
"19/03/2023 06:00 - 19/03/2023 07:00","BZN|BG","4303.49","4367.00"
"19/03/2023 07:00 - 19/03/2023 08:00","BZN|BG","4518.56","4581.00"
"19/03/2023 08:00 - 19/03/2023 09:00","BZN|BG","4619.69","4634.00"
"19/03/2023 09:00 - 19/03/2023 10:00","BZN|BG","4520.30","4571.00"
"19/03/2023 10:00 - 19/03/2023 11:00","BZN|BG","4365.00","4555.00"
"19/03/2023 11:00 - 19/03/2023 12:00","BZN|BG","4283.63","4476.00"
"19/03/2023 12:00 - 19/03/2023 13:00","BZN|BG","4154.22","4295.00"
"19/03/2023 13:00 - 19/03/2023 14:00","BZN|BG","4051.50","4289.00"
"19/03/2023 14:00 - 19/03/2023 15:00","BZN|BG","4026.65","4389.00"
"19/03/2023 15:00 - 19/03/2023 16:00","BZN|BG","4137.38","4588.00"
"19/03/2023 16:00 - 19/03/2023 17:00","BZN|BG","4426.59","4868.00"
"19/03/2023 17:00 - 19/03/2023 18:00","BZN|BG","4972.73","5323.00"
"19/03/2023 18:00 - 19/03/2023 19:00","BZN|BG","5450.57","5502.00"
"19/03/2023 19:00 - 19/03/2023 20:00","BZN|BG","5264.49","5286.00"
"19/03/2023 20:00 - 19/03/2023 21:00","BZN|BG","4963.73","4952.00"
"19/03/2023 21:00 - 19/03/2023 22:00","BZN|BG","4773.67","4793.00"
"19/03/2023 22:00 - 19/03/2023 23:00","BZN|BG","4441.87","4504.00"
"19/03/2023 23:00 - 20/03/2023 00:00","BZN|BG","4068.31","4205.00"
"20/03/2023 00:00 - 20/03/2023 01:00","BZN|BG","3838.68","3882.00"
"20/03/2023 01:00 - 20/03/2023 02:00","BZN|BG","3712.95","3774.00"
"20/03/2023 02:00 - 20/03/2023 03:00","BZN|BG","3692.06","3744.00"
"20/03/2023 03:00 - 20/03/2023 04:00","BZN|BG","3744.71","3804.00"
"20/03/2023 04:00 - 20/03/2023 05:00","BZN|BG","3952.92","3963.00"
"20/03/2023 05:00 - 20/03/2023 06:00","BZN|BG","4450.25","4367.00"
"20/03/2023 06:00 - 20/03/2023 07:00","BZN|BG","4876.34","4647.00"
"20/03/2023 07:00 - 20/03/2023 08:00","BZN|BG","5054.55","4645.00"
"20/03/2023 08:00 - 20/03/2023 09:00","BZN|BG","4943.12","4509.00"
"20/03/2023 09:00 - 20/03/2023 10:00","BZN|BG","4674.43","4338.00"
"20/03/2023 10:00 - 20/03/2023 11:00","BZN|BG","4460.74","4227.00"
"20/03/2023 11:00 - 20/03/2023 12:00","BZN|BG","4321.90","4145.00"
"20/03/2023 12:00 - 20/03/2023 13:00","BZN|BG","4305.32","4132.00"
"20/03/2023 13:00 - 20/03/2023 14:00","BZN|BG","4229.21","4122.00"
"20/03/2023 14:00 - 20/03/2023 15:00","BZN|BG","4207.38","4193.00"
"20/03/2023 15:00 - 20/03/2023 16:00","BZN|BG","4242.72","4335.00"
"20/03/2023 16:00 - 20/03/2023 17:00","BZN|BG","4373.67","4552.00"
"20/03/2023 17:00 - 20/03/2023 18:00","BZN|BG","4866.83","5044.00"
"20/03/2023 18:00 - 20/03/2023 19:00","BZN|BG","5285.33","5333.00"
"20/03/2023 19:00 - 20/03/2023 20:00","BZN|BG","5132.07","5164.00"
"20/03/2023 20:00 - 20/03/2023 21:00","BZN|BG","4854.55","4897.00"
"20/03/2023 21:00 - 20/03/2023 22:00","BZN|BG","4645.99","4735.00"
"20/03/2023 22:00 - 20/03/2023 23:00","BZN|BG","4302.26","4417.00"
"20/03/2023 23:00 - 21/03/2023 00:00","BZN|BG","3920.23","4121.00"
"21/03/2023 00:00 - 21/03/2023 01:00","BZN|BG","3721.05","3885.00"
"21/03/2023 01:00 - 21/03/2023 02:00","BZN|BG","3609.62","3764.00"
"21/03/2023 02:00 - 21/03/2023 03:00","BZN|BG","3592.02","3743.00"
"21/03/2023 03:00 - 21/03/2023 04:00","BZN|BG","3640.28","3783.00"
"21/03/2023 04:00 - 21/03/2023 05:00","BZN|BG","3792.54","3942.00"
"21/03/2023 05:00 - 21/03/2023 06:00","BZN|BG","4223.14","4345.00"
"21/03/2023 06:00 - 21/03/2023 07:00","BZN|BG","4611.05","4697.00"
"21/03/2023 07:00 - 21/03/2023 08:00","BZN|BG","4853.56","4821.00"
"21/03/2023 08:00 - 21/03/2023 09:00","BZN|BG","4805.11","4568.00"
"21/03/2023 09:00 - 21/03/2023 10:00","BZN|BG","4656.22","4102.00"
"21/03/2023 10:00 - 21/03/2023 11:00","BZN|BG","4554.69","3909.00"
"21/03/2023 11:00 - 21/03/2023 12:00","BZN|BG","4414.93","3757.00"
"21/03/2023 12:00 - 21/03/2023 13:00","BZN|BG","4424.36","3786.00"
"21/03/2023 13:00 - 21/03/2023 14:00","BZN|BG","4461.81","3831.00"
"21/03/2023 14:00 - 21/03/2023 15:00","BZN|BG","4522.03","3962.00"
"21/03/2023 15:00 - 21/03/2023 16:00","BZN|BG","4578.13","4141.00"
"21/03/2023 16:00 - 21/03/2023 17:00","BZN|BG","4745.61","4402.00"
"21/03/2023 17:00 - 21/03/2023 18:00","BZN|BG","5142.70","5100.00"
"21/03/2023 18:00 - 21/03/2023 19:00","BZN|BG","5357.32","5365.00"
"21/03/2023 19:00 - 21/03/2023 20:00","BZN|BG","5179.33","5144.00"
"21/03/2023 20:00 - 21/03/2023 21:00","BZN|BG","4827.28","4816.00"
"21/03/2023 21:00 - 21/03/2023 22:00","BZN|BG","4583.06","4640.00"
"21/03/2023 22:00 - 21/03/2023 23:00","BZN|BG","4268.30","4342.00"
"21/03/2023 23:00 - 22/03/2023 00:00","BZN|BG","3981.76","4125.00"
"22/03/2023 00:00 - 22/03/2023 01:00","BZN|BG","3750.71","3864.00"
"22/03/2023 01:00 - 22/03/2023 02:00","BZN|BG","3660.51","3722.00"
"22/03/2023 02:00 - 22/03/2023 03:00","BZN|BG","3610.13","3702.00"
"22/03/2023 03:00 - 22/03/2023 04:00","BZN|BG","3657.51","3749.00"
"22/03/2023 04:00 - 22/03/2023 05:00","BZN|BG","3826.24","3934.00"
"22/03/2023 05:00 - 22/03/2023 06:00","BZN|BG","4232.34","4406.00"
"22/03/2023 06:00 - 22/03/2023 07:00","BZN|BG","4686.24","4828.00"
"22/03/2023 07:00 - 22/03/2023 08:00","BZN|BG","5050.03","4992.00"
"22/03/2023 08:00 - 22/03/2023 09:00","BZN|BG","5133.61","4848.00"
"22/03/2023 09:00 - 22/03/2023 10:00","BZN|BG","5060.23","4582.00"
"22/03/2023 10:00 - 22/03/2023 11:00","BZN|BG","5006.90","4479.00"
"22/03/2023 11:00 - 22/03/2023 12:00","BZN|BG","4931.25","4390.00"
"22/03/2023 12:00 - 22/03/2023 13:00","BZN|BG","4872.04","4378.00"
"22/03/2023 13:00 - 22/03/2023 14:00","BZN|BG","4774.89","4395.00"
"22/03/2023 14:00 - 22/03/2023 15:00","BZN|BG","4767.55","4462.00"
"22/03/2023 15:00 - 22/03/2023 16:00","BZN|BG","4758.31","4577.00"
"22/03/2023 16:00 - 22/03/2023 17:00","BZN|BG","4892.22","4738.00"
"22/03/2023 17:00 - 22/03/2023 18:00","BZN|BG","5238.26","5174.00"
"22/03/2023 18:00 - 22/03/2023 19:00","BZN|BG","5474.47","5345.00"
"22/03/2023 19:00 - 22/03/2023 20:00","BZN|BG","5277.79","5155.00"
"22/03/2023 20:00 - 22/03/2023 21:00","BZN|BG","4974.18","4859.00"
"22/03/2023 21:00 - 22/03/2023 22:00","BZN|BG","4703.14","4689.00"
"22/03/2023 22:00 - 22/03/2023 23:00","BZN|BG","4352.48","4420.00"
"22/03/2023 23:00 - 23/03/2023 00:00","BZN|BG","4022.40","4027.00"
"23/03/2023 00:00 - 23/03/2023 01:00","BZN|BG","3779.59","3829.00"
"23/03/2023 01:00 - 23/03/2023 02:00","BZN|BG","3651.16","3722.00"
"23/03/2023 02:00 - 23/03/2023 03:00","BZN|BG","3621.16","3703.00"
"23/03/2023 03:00 - 23/03/2023 04:00","BZN|BG","3690.04","3752.00"
"23/03/2023 04:00 - 23/03/2023 05:00","BZN|BG","3853.89","3931.00"
"23/03/2023 05:00 - 23/03/2023 06:00","BZN|BG","4294.41","4388.00"
"23/03/2023 06:00 - 23/03/2023 07:00","BZN|BG","4754.12","4791.00"
"23/03/2023 07:00 - 23/03/2023 08:00","BZN|BG","4996.95","4954.00"
"23/03/2023 08:00 - 23/03/2023 09:00","BZN|BG","4961.08","4870.00"
"23/03/2023 09:00 - 23/03/2023 10:00","BZN|BG","4762.28","4716.00"
"23/03/2023 10:00 - 23/03/2023 11:00","BZN|BG","4616.07","4653.00"
"23/03/2023 11:00 - 23/03/2023 12:00","BZN|BG","4485.37","4591.00"
"23/03/2023 12:00 - 23/03/2023 13:00","BZN|BG","4445.21","4602.00"
"23/03/2023 13:00 - 23/03/2023 14:00","BZN|BG","4392.16","4621.00"
"23/03/2023 14:00 - 23/03/2023 15:00","BZN|BG","4366.50","4686.00"
"23/03/2023 15:00 - 23/03/2023 16:00","BZN|BG","4372.55","4781.00"
"23/03/2023 16:00 - 23/03/2023 17:00","BZN|BG","4483.54","4930.00"
"23/03/2023 17:00 - 23/03/2023 18:00","BZN|BG","4902.90","5325.00"
"23/03/2023 18:00 - 23/03/2023 19:00","BZN|BG","5327.00","5494.00"
"23/03/2023 19:00 - 23/03/2023 20:00","BZN|BG","5218.52","5276.00"
"23/03/2023 20:00 - 23/03/2023 21:00","BZN|BG","4933.07","4927.00"
"23/03/2023 21:00 - 23/03/2023 22:00","BZN|BG","4687.54","4706.00"
"23/03/2023 22:00 - 23/03/2023 23:00","BZN|BG","4368.34","4407.00"
"23/03/2023 23:00 - 24/03/2023 00:00","BZN|BG","3941.30","4003.00"
"24/03/2023 00:00 - 24/03/2023 01:00","BZN|BG","3724.52","3782.00"
"24/03/2023 01:00 - 24/03/2023 02:00","BZN|BG","3636.69","3668.00"
"24/03/2023 02:00 - 24/03/2023 03:00","BZN|BG","3614.70","3643.00"
"24/03/2023 03:00 - 24/03/2023 04:00","BZN|BG","3670.82","3696.00"
"24/03/2023 04:00 - 24/03/2023 05:00","BZN|BG","3830.25","3888.00"
"24/03/2023 05:00 - 24/03/2023 06:00","BZN|BG","4257.11","4370.00"
"24/03/2023 06:00 - 24/03/2023 07:00","BZN|BG","4510.90","4811.00"
"24/03/2023 07:00 - 24/03/2023 08:00","BZN|BG","4396.56","5018.00"
"24/03/2023 08:00 - 24/03/2023 09:00","BZN|BG","4083.14","4894.00"
"24/03/2023 09:00 - 24/03/2023 10:00","BZN|BG","3680.46","4616.00"
"24/03/2023 10:00 - 24/03/2023 11:00","BZN|BG","3450.23","4502.00"
"24/03/2023 11:00 - 24/03/2023 12:00","BZN|BG","3334.00","4376.00"
"24/03/2023 12:00 - 24/03/2023 13:00","BZN|BG","3339.84","4380.00"
"24/03/2023 13:00 - 24/03/2023 14:00","BZN|BG","3344.69","4385.00"
"24/03/2023 14:00 - 24/03/2023 15:00","BZN|BG","3473.84","4458.00"
"24/03/2023 15:00 - 24/03/2023 16:00","BZN|BG","3658.86","4562.00"
"24/03/2023 16:00 - 24/03/2023 17:00","BZN|BG","3972.68","4744.00"
"24/03/2023 17:00 - 24/03/2023 18:00","BZN|BG","4470.83","5211.00"
"24/03/2023 18:00 - 24/03/2023 19:00","BZN|BG","4868.37","5425.00"
"24/03/2023 19:00 - 24/03/2023 20:00","BZN|BG","4671.80","5210.00"
"24/03/2023 20:00 - 24/03/2023 21:00","BZN|BG","4409.40","4863.00"
"24/03/2023 21:00 - 24/03/2023 22:00","BZN|BG","4233.61","4638.00"
"24/03/2023 22:00 - 24/03/2023 23:00","BZN|BG","3992.87","4338.00"
"24/03/2023 23:00 - 25/03/2023 00:00","BZN|BG","3667.30","3976.00"
"25/03/2023 00:00 - 25/03/2023 01:00","BZN|BG","3503.37","3769.00"
"25/03/2023 01:00 - 25/03/2023 02:00","BZN|BG","3417.06","3663.00"
"25/03/2023 02:00 - 25/03/2023 03:00","BZN|BG","3378.20","3619.00"
"25/03/2023 03:00 - 25/03/2023 04:00","BZN|BG","3396.71","3623.00"
"25/03/2023 04:00 - 25/03/2023 05:00","BZN|BG","3463.23","3674.00"
"25/03/2023 05:00 - 25/03/2023 06:00","BZN|BG","3546.20","3762.00"
"25/03/2023 06:00 - 25/03/2023 07:00","BZN|BG","3687.67","3889.00"
"25/03/2023 07:00 - 25/03/2023 08:00","BZN|BG","3625.12","3995.00"
"25/03/2023 08:00 - 25/03/2023 09:00","BZN|BG","3452.94","3991.00"
"25/03/2023 09:00 - 25/03/2023 10:00","BZN|BG","3228.90","3908.00"
"25/03/2023 10:00 - 25/03/2023 11:00","BZN|BG","3078.49","3821.00"
"25/03/2023 11:00 - 25/03/2023 12:00","BZN|BG","3077.21","3814.00"
"25/03/2023 12:00 - 25/03/2023 13:00","BZN|BG","3072.09","3753.00"
"25/03/2023 13:00 - 25/03/2023 14:00","BZN|BG","3115.20","3688.00"
"25/03/2023 14:00 - 25/03/2023 15:00","BZN|BG","3341.30","3763.00"
"25/03/2023 15:00 - 25/03/2023 16:00","BZN|BG","3654.28","3947.00"
"25/03/2023 16:00 - 25/03/2023 17:00","BZN|BG","3978.93","4209.00"
"25/03/2023 17:00 - 25/03/2023 18:00","BZN|BG","4319.64","4666.00"
"25/03/2023 18:00 - 25/03/2023 19:00","BZN|BG","4580.91","4901.00"
"25/03/2023 19:00 - 25/03/2023 20:00","BZN|BG","4499.73","4664.00"
"25/03/2023 20:00 - 25/03/2023 21:00","BZN|BG","4242.32","4347.00"
"25/03/2023 21:00 - 25/03/2023 22:00","BZN|BG","4072.90","4274.00"
"25/03/2023 22:00 - 25/03/2023 23:00","BZN|BG","3885.92","4037.00"
"25/03/2023 23:00 - 26/03/2023 00:00","BZN|BG","3602.79","3703.00"
"26/03/2023 00:00 - 26/03/2023 01:00 (CET)","BZN|BG","3441.01","3506.00"
"26/03/2023 01:00 (CET) - 26/03/2023 03:00 (CEST)","BZN|BG","3346.13","3408.00"
"26/03/2023 03:00 (CEST) - 26/03/2023 04:00","BZN|BG","3327.60","3360.00"
"26/03/2023 04:00 - 26/03/2023 05:00","BZN|BG","3373.58","3392.00"
"26/03/2023 05:00 - 26/03/2023 06:00","BZN|BG","3354.18","3498.00"
"26/03/2023 06:00 - 26/03/2023 07:00","BZN|BG","3537.56","3661.00"
"26/03/2023 07:00 - 26/03/2023 08:00","BZN|BG","3966.59","3763.00"
"26/03/2023 08:00 - 26/03/2023 09:00","BZN|BG","4248.21","3769.00"
"26/03/2023 09:00 - 26/03/2023 10:00","BZN|BG","4208.71","3604.00"
"26/03/2023 10:00 - 26/03/2023 11:00","BZN|BG","4033.23","3382.00"
"26/03/2023 11:00 - 26/03/2023 12:00","BZN|BG","3969.39","3298.00"
"26/03/2023 12:00 - 26/03/2023 13:00","BZN|BG","3783.44","3166.00"
"26/03/2023 13:00 - 26/03/2023 14:00","BZN|BG","3662.90","3122.00"
"26/03/2023 14:00 - 26/03/2023 15:00","BZN|BG","3569.32","3162.00"
"26/03/2023 15:00 - 26/03/2023 16:00","BZN|BG","3549.99","3379.00"
"26/03/2023 16:00 - 26/03/2023 17:00","BZN|BG","3667.89","3741.00"
"26/03/2023 17:00 - 26/03/2023 18:00","BZN|BG","4008.72","4316.00"
"26/03/2023 18:00 - 26/03/2023 19:00","BZN|BG","4507.35","4740.00"
"26/03/2023 19:00 - 26/03/2023 20:00","BZN|BG","4840.80","4597.00"
"26/03/2023 20:00 - 26/03/2023 21:00","BZN|BG","4647.79","4317.00"
"26/03/2023 21:00 - 26/03/2023 22:00","BZN|BG","4411.38","4154.00"
"26/03/2023 22:00 - 26/03/2023 23:00","BZN|BG","3998.41","3899.00"
"26/03/2023 23:00 - 27/03/2023 00:00","BZN|BG","3747.83","3741.00"
"27/03/2023 00:00 - 27/03/2023 01:00","BZN|BG","3493.31","3528.00"
"27/03/2023 01:00 - 27/03/2023 02:00","BZN|BG","3344.55","3418.00"
"27/03/2023 02:00 - 27/03/2023 03:00","BZN|BG","3274.32","3400.00"
"27/03/2023 03:00 - 27/03/2023 04:00","BZN|BG","3339.10","3450.00"
"27/03/2023 04:00 - 27/03/2023 05:00","BZN|BG","3487.38","3643.00"
"27/03/2023 05:00 - 27/03/2023 06:00","BZN|BG","3948.65","4094.00"
"27/03/2023 06:00 - 27/03/2023 07:00","BZN|BG","4383.10","4427.00"
"27/03/2023 07:00 - 27/03/2023 08:00","BZN|BG","4603.45","4496.00"
"27/03/2023 08:00 - 27/03/2023 09:00","BZN|BG","4603.43","4437.00"
"27/03/2023 09:00 - 27/03/2023 10:00","BZN|BG","4399.75","4376.00"
"27/03/2023 10:00 - 27/03/2023 11:00","BZN|BG","4316.76","4323.00"
"27/03/2023 11:00 - 27/03/2023 12:00","BZN|BG","4272.98","4294.00"
"27/03/2023 12:00 - 27/03/2023 13:00","BZN|BG","4325.86","4299.00"
"27/03/2023 13:00 - 27/03/2023 14:00","BZN|BG","4329.94","4294.00"
"27/03/2023 14:00 - 27/03/2023 15:00","BZN|BG","4430.48","4343.00"
"27/03/2023 15:00 - 27/03/2023 16:00","BZN|BG","4451.82","4388.00"
"27/03/2023 16:00 - 27/03/2023 17:00","BZN|BG","4520.76","4512.00"
"27/03/2023 17:00 - 27/03/2023 18:00","BZN|BG","4768.42","4819.00"
"27/03/2023 18:00 - 27/03/2023 19:00","BZN|BG","4949.24","5081.00"
"27/03/2023 19:00 - 27/03/2023 20:00","BZN|BG","4976.61","4945.00"
"27/03/2023 20:00 - 27/03/2023 21:00","BZN|BG","4750.19","4622.00"
"27/03/2023 21:00 - 27/03/2023 22:00","BZN|BG","4574.07","4424.00"
"27/03/2023 22:00 - 27/03/2023 23:00","BZN|BG","4291.30","4137.00"
"27/03/2023 23:00 - 28/03/2023 00:00","BZN|BG","3940.10","4102.00"
"28/03/2023 00:00 - 28/03/2023 01:00","BZN|BG","3688.58","3904.00"
"28/03/2023 01:00 - 28/03/2023 02:00","BZN|BG","3591.05","3812.00"
"28/03/2023 02:00 - 28/03/2023 03:00","BZN|BG","3550.17","3783.00"
"28/03/2023 03:00 - 28/03/2023 04:00","BZN|BG","3613.03","3839.00"
"28/03/2023 04:00 - 28/03/2023 05:00","BZN|BG","3789.25","4030.00"
"28/03/2023 05:00 - 28/03/2023 06:00","BZN|BG","4239.64","4533.00"
"28/03/2023 06:00 - 28/03/2023 07:00","BZN|BG","4722.53","4988.00"
"28/03/2023 07:00 - 28/03/2023 08:00","BZN|BG","5063.89","5204.00"
"28/03/2023 08:00 - 28/03/2023 09:00","BZN|BG","5153.76","5158.00"
"28/03/2023 09:00 - 28/03/2023 10:00","BZN|BG","5054.58","5064.00"
"28/03/2023 10:00 - 28/03/2023 11:00","BZN|BG","5007.46","5017.00"
"28/03/2023 11:00 - 28/03/2023 12:00","BZN|BG","4907.91","4974.00"
"28/03/2023 12:00 - 28/03/2023 13:00","BZN|BG","4867.45","4972.00"
"28/03/2023 13:00 - 28/03/2023 14:00","BZN|BG","4807.17","4962.00"
"28/03/2023 14:00 - 28/03/2023 15:00","BZN|BG","4751.40","5016.00"
"28/03/2023 15:00 - 28/03/2023 16:00","BZN|BG","4742.74","5084.00"
"28/03/2023 16:00 - 28/03/2023 17:00","BZN|BG","4832.10","5230.00"
"28/03/2023 17:00 - 28/03/2023 18:00","BZN|BG","5078.43","5408.00"
"28/03/2023 18:00 - 28/03/2023 19:00","BZN|BG","5339.96","5610.00"
"28/03/2023 19:00 - 28/03/2023 20:00","BZN|BG","5513.58","5848.00"
"28/03/2023 20:00 - 28/03/2023 21:00","BZN|BG","5293.86","5330.00"
"28/03/2023 21:00 - 28/03/2023 22:00","BZN|BG","5032.52","5112.00"
"28/03/2023 22:00 - 28/03/2023 23:00","BZN|BG","4731.47","4853.00"
"28/03/2023 23:00 - 29/03/2023 00:00","BZN|BG","4306.97","4393.00"
"29/03/2023 00:00 - 29/03/2023 01:00","BZN|BG","4063.25","4125.00"
"29/03/2023 01:00 - 29/03/2023 02:00","BZN|BG","3991.13","4007.00"
"29/03/2023 02:00 - 29/03/2023 03:00","BZN|BG","3934.05","3966.00"
"29/03/2023 03:00 - 29/03/2023 04:00","BZN|BG","4000.32","4030.00"
"29/03/2023 04:00 - 29/03/2023 05:00","BZN|BG","4186.85","4210.00"
"29/03/2023 05:00 - 29/03/2023 06:00","BZN|BG","4645.94","4680.00"
"29/03/2023 06:00 - 29/03/2023 07:00","BZN|BG","5121.62","5080.00"
"29/03/2023 07:00 - 29/03/2023 08:00","BZN|BG","5370.28","5202.00"
"29/03/2023 08:00 - 29/03/2023 09:00","BZN|BG","5308.92","5303.00"
"29/03/2023 09:00 - 29/03/2023 10:00","BZN|BG","5143.96","5035.00"
"29/03/2023 10:00 - 29/03/2023 11:00","BZN|BG","5051.10","4940.00"
"29/03/2023 11:00 - 29/03/2023 12:00","BZN|BG","4980.58","4842.00"
"29/03/2023 12:00 - 29/03/2023 13:00","BZN|BG","4926.95","4846.00"
"29/03/2023 13:00 - 29/03/2023 14:00","BZN|BG","4795.14","4830.00"
"29/03/2023 14:00 - 29/03/2023 15:00","BZN|BG","4707.33","4890.00"
"29/03/2023 15:00 - 29/03/2023 16:00","BZN|BG","4687.40","4949.00"
"29/03/2023 16:00 - 29/03/2023 17:00","BZN|BG","4777.00","5115.00"
"29/03/2023 17:00 - 29/03/2023 18:00","BZN|BG","5079.28","5521.00"
"29/03/2023 18:00 - 29/03/2023 19:00","BZN|BG","5432.26","5745.00"
"29/03/2023 19:00 - 29/03/2023 20:00","BZN|BG","5607.96","5797.00"
"29/03/2023 20:00 - 29/03/2023 21:00","BZN|BG","5357.80","5446.00"
"29/03/2023 21:00 - 29/03/2023 22:00","BZN|BG","5142.73","5205.00"
"29/03/2023 22:00 - 29/03/2023 23:00","BZN|BG","4802.95","5001.00"
"29/03/2023 23:00 - 30/03/2023 00:00","BZN|BG","4417.26","4463.00"
"30/03/2023 00:00 - 30/03/2023 01:00","BZN|BG","4155.50","4215.00"
"30/03/2023 01:00 - 30/03/2023 02:00","BZN|BG","4010.39","4103.00"
"30/03/2023 02:00 - 30/03/2023 03:00","BZN|BG","4000.72","4061.00"
"30/03/2023 03:00 - 30/03/2023 04:00","BZN|BG","4055.09","4116.00"
"30/03/2023 04:00 - 30/03/2023 05:00","BZN|BG","4242.68","4270.00"
"30/03/2023 05:00 - 30/03/2023 06:00","BZN|BG","4708.42","4679.00"
"30/03/2023 06:00 - 30/03/2023 07:00","BZN|BG","5145.98","5070.00"
"30/03/2023 07:00 - 30/03/2023 08:00","BZN|BG","5333.28","5262.00"
"30/03/2023 08:00 - 30/03/2023 09:00","BZN|BG","5296.03","5113.00"
"30/03/2023 09:00 - 30/03/2023 10:00","BZN|BG","5035.90","5013.00"
"30/03/2023 10:00 - 30/03/2023 11:00","BZN|BG","4808.65","4918.00"
"30/03/2023 11:00 - 30/03/2023 12:00","BZN|BG","4641.81","4817.00"
"30/03/2023 12:00 - 30/03/2023 13:00","BZN|BG","4526.71","4818.00"
"30/03/2023 13:00 - 30/03/2023 14:00","BZN|BG","4402.81","4792.00"
"30/03/2023 14:00 - 30/03/2023 15:00","BZN|BG","4349.33","4830.00"
"30/03/2023 15:00 - 30/03/2023 16:00","BZN|BG","4349.76","4877.00"
"30/03/2023 16:00 - 30/03/2023 17:00","BZN|BG","4362.56","5020.00"
"30/03/2023 17:00 - 30/03/2023 18:00","BZN|BG","4715.83","5268.00"
"30/03/2023 18:00 - 30/03/2023 19:00","BZN|BG","5094.87","5459.00"
"30/03/2023 19:00 - 30/03/2023 20:00","BZN|BG","5321.79","5608.00"
"30/03/2023 20:00 - 30/03/2023 21:00","BZN|BG","5121.95","5309.00"
"30/03/2023 21:00 - 30/03/2023 22:00","BZN|BG","4875.47","4987.00"
"30/03/2023 22:00 - 30/03/2023 23:00","BZN|BG","4582.84","4743.00"
"30/03/2023 23:00 - 31/03/2023 00:00","BZN|BG","3969.31","4184.00"
"31/03/2023 00:00 - 31/03/2023 01:00","BZN|BG","3731.61","3918.00"
"31/03/2023 01:00 - 31/03/2023 02:00","BZN|BG","3555.39","3808.00"
"31/03/2023 02:00 - 31/03/2023 03:00","BZN|BG","3555.64","3757.00"
"31/03/2023 03:00 - 31/03/2023 04:00","BZN|BG","3600.86","3815.00"
"31/03/2023 04:00 - 31/03/2023 05:00","BZN|BG","3730.15","3982.00"
"31/03/2023 05:00 - 31/03/2023 06:00","BZN|BG","4146.37","4418.00"
"31/03/2023 06:00 - 31/03/2023 07:00","BZN|BG","4589.01","4845.00"
"31/03/2023 07:00 - 31/03/2023 08:00","BZN|BG","4909.78","5043.00"
"31/03/2023 08:00 - 31/03/2023 09:00","BZN|BG","4924.63","4948.00"
"31/03/2023 09:00 - 31/03/2023 10:00","BZN|BG","4668.04","4731.00"
"31/03/2023 10:00 - 31/03/2023 11:00","BZN|BG","4474.99","4618.00"
"31/03/2023 11:00 - 31/03/2023 12:00","BZN|BG","4270.18","4507.00"
"31/03/2023 12:00 - 31/03/2023 13:00","BZN|BG","4131.32","4496.00"
"31/03/2023 13:00 - 31/03/2023 14:00","BZN|BG","3998.26","4448.00"
"31/03/2023 14:00 - 31/03/2023 15:00","BZN|BG","3899.46","4476.00"
"31/03/2023 15:00 - 31/03/2023 16:00","BZN|BG","3946.50","4524.00"
"31/03/2023 16:00 - 31/03/2023 17:00","BZN|BG","4013.82","4662.00"
"31/03/2023 17:00 - 31/03/2023 18:00","BZN|BG","4296.78","4831.00"
"31/03/2023 18:00 - 31/03/2023 19:00","BZN|BG","4649.80","5129.00"
"31/03/2023 19:00 - 31/03/2023 20:00","BZN|BG","4810.09","5259.00"
"31/03/2023 20:00 - 31/03/2023 21:00","BZN|BG","4671.72","4978.00"
"31/03/2023 21:00 - 31/03/2023 22:00","BZN|BG","4517.72","4619.00"
"31/03/2023 22:00 - 31/03/2023 23:00","BZN|BG","4278.14","4335.00"
"31/03/2023 23:00 - 01/04/2023 00:00","BZN|BG","3917.75","4027.00"
"01/04/2023 00:00 - 01/04/2023 01:00","BZN|BG","3627.15","3740.00"
"01/04/2023 01:00 - 01/04/2023 02:00","BZN|BG","3479.26","3624.00"
"01/04/2023 02:00 - 01/04/2023 03:00","BZN|BG","3399.35","3600.00"
"01/04/2023 03:00 - 01/04/2023 04:00","BZN|BG","3410.73","3677.00"
"01/04/2023 04:00 - 01/04/2023 05:00","BZN|BG","3455.82","3818.00"
"01/04/2023 05:00 - 01/04/2023 06:00","BZN|BG","3591.17","4050.00"
"01/04/2023 06:00 - 01/04/2023 07:00","BZN|BG","3807.41","4490.00"
"01/04/2023 07:00 - 01/04/2023 08:00","BZN|BG","4028.87","4560.00"
"01/04/2023 08:00 - 01/04/2023 09:00","BZN|BG","4077.12","4359.00"
"01/04/2023 09:00 - 01/04/2023 10:00","BZN|BG","3954.53","3974.00"
"01/04/2023 10:00 - 01/04/2023 11:00","BZN|BG","3765.51","3732.00"
"01/04/2023 11:00 - 01/04/2023 12:00","BZN|BG","3719.01","3711.00"
"01/04/2023 12:00 - 01/04/2023 13:00","BZN|BG","3708.16","3664.00"
"01/04/2023 13:00 - 01/04/2023 14:00","BZN|BG","3635.59","3686.00"
"01/04/2023 14:00 - 01/04/2023 15:00","BZN|BG","3678.20","3779.00"
"01/04/2023 15:00 - 01/04/2023 16:00","BZN|BG","3802.17","4027.00"
"01/04/2023 16:00 - 01/04/2023 17:00","BZN|BG","3988.32","4224.00"
"01/04/2023 17:00 - 01/04/2023 18:00","BZN|BG","4304.99","4414.00"
"01/04/2023 18:00 - 01/04/2023 19:00","BZN|BG","4539.36","4700.00"
"01/04/2023 19:00 - 01/04/2023 20:00","BZN|BG","4588.48","4772.00"
"01/04/2023 20:00 - 01/04/2023 21:00","BZN|BG","4374.55","4536.00"
"01/04/2023 21:00 - 01/04/2023 22:00","BZN|BG","4229.18","4368.00"
"01/04/2023 22:00 - 01/04/2023 23:00","BZN|BG","4029.80","4217.00"
"01/04/2023 23:00 - 02/04/2023 00:00","BZN|BG","3806.17","3781.00"
"02/04/2023 00:00 - 02/04/2023 01:00","BZN|BG","3579.99","3526.00"
"02/04/2023 01:00 - 02/04/2023 02:00","BZN|BG","3461.16","3356.00"
"02/04/2023 02:00 - 02/04/2023 03:00","BZN|BG","3405.69","3315.00"
"02/04/2023 03:00 - 02/04/2023 04:00","BZN|BG","3397.17","3341.00"
"02/04/2023 04:00 - 02/04/2023 05:00","BZN|BG","3460.62","3367.00"
"02/04/2023 05:00 - 02/04/2023 06:00","BZN|BG","3577.41","3381.00"
"02/04/2023 06:00 - 02/04/2023 07:00","BZN|BG","3790.00","3569.00"
"02/04/2023 07:00 - 02/04/2023 08:00","BZN|BG","4092.14","3989.00"
"02/04/2023 08:00 - 02/04/2023 09:00","BZN|BG","4223.58","4222.00"
"02/04/2023 09:00 - 02/04/2023 10:00","BZN|BG","4199.32","4167.00"
"02/04/2023 10:00 - 02/04/2023 11:00","BZN|BG","4114.55","4065.00"
"02/04/2023 11:00 - 02/04/2023 12:00","BZN|BG","4037.94","3965.00"
"02/04/2023 12:00 - 02/04/2023 13:00","BZN|BG","3954.80","3868.00"
"02/04/2023 13:00 - 02/04/2023 14:00","BZN|BG","3839.01","3742.00"
"02/04/2023 14:00 - 02/04/2023 15:00","BZN|BG","3767.91","3722.00"
"02/04/2023 15:00 - 02/04/2023 16:00","BZN|BG","3820.70","3787.00"
"02/04/2023 16:00 - 02/04/2023 17:00","BZN|BG","3926.71","3922.00"
"02/04/2023 17:00 - 02/04/2023 18:00","BZN|BG","4110.87","4137.00"
"02/04/2023 18:00 - 02/04/2023 19:00","BZN|BG","4378.62","4416.00"
"02/04/2023 19:00 - 02/04/2023 20:00","BZN|BG","4658.61","4629.00"
"02/04/2023 20:00 - 02/04/2023 21:00","BZN|BG","4558.86","4457.00"
"02/04/2023 21:00 - 02/04/2023 22:00","BZN|BG","4348.40","4216.00"
"02/04/2023 22:00 - 02/04/2023 23:00","BZN|BG","4006.66","3997.00"
"02/04/2023 23:00 - 03/04/2023 00:00","BZN|BG","3721.94","3846.00"
"03/04/2023 00:00 - 03/04/2023 01:00","BZN|BG","3478.03","3562.00"
"03/04/2023 01:00 - 03/04/2023 02:00","BZN|BG","3357.69","3425.00"
"03/04/2023 02:00 - 03/04/2023 03:00","BZN|BG","3325.88","3352.00"
"03/04/2023 03:00 - 03/04/2023 04:00","BZN|BG","3380.52","3409.00"
"03/04/2023 04:00 - 03/04/2023 05:00","BZN|BG","3545.46","3618.00"
"03/04/2023 05:00 - 03/04/2023 06:00","BZN|BG","3954.10","4127.00"
"03/04/2023 06:00 - 03/04/2023 07:00","BZN|BG","4367.27","4699.00"
"03/04/2023 07:00 - 03/04/2023 08:00","BZN|BG","4688.53","4835.00"
"03/04/2023 08:00 - 03/04/2023 09:00","BZN|BG","4740.62","4729.00"
"03/04/2023 09:00 - 03/04/2023 10:00","BZN|BG","4605.25","4472.00"
"03/04/2023 10:00 - 03/04/2023 11:00","BZN|BG","4523.05","4390.00"
"03/04/2023 11:00 - 03/04/2023 12:00","BZN|BG","4495.24","4391.00"
"03/04/2023 12:00 - 03/04/2023 13:00","BZN|BG","4526.20","4437.00"
"03/04/2023 13:00 - 03/04/2023 14:00","BZN|BG","4527.27","4454.00"
"03/04/2023 14:00 - 03/04/2023 15:00","BZN|BG","4592.67","4597.00"
"03/04/2023 15:00 - 03/04/2023 16:00","BZN|BG","4644.52","4632.00"
"03/04/2023 16:00 - 03/04/2023 17:00","BZN|BG","4758.75","4726.00"
"03/04/2023 17:00 - 03/04/2023 18:00","BZN|BG","4997.09","4953.00"
"03/04/2023 18:00 - 03/04/2023 19:00","BZN|BG","5159.11","5122.00"
"03/04/2023 19:00 - 03/04/2023 20:00","BZN|BG","5137.13","5164.00"
"03/04/2023 20:00 - 03/04/2023 21:00","BZN|BG","4884.07","4841.00"
"03/04/2023 21:00 - 03/04/2023 22:00","BZN|BG","4586.10","4628.00"
"03/04/2023 22:00 - 03/04/2023 23:00","BZN|BG","4293.82","4321.00"
"03/04/2023 23:00 - 04/04/2023 00:00","BZN|BG","3931.93","3901.00"
"04/04/2023 00:00 - 04/04/2023 01:00","BZN|BG","3663.57","3653.00"
"04/04/2023 01:00 - 04/04/2023 02:00","BZN|BG","3583.57","3541.00"
"04/04/2023 02:00 - 04/04/2023 03:00","BZN|BG","3512.65","3501.00"
"04/04/2023 03:00 - 04/04/2023 04:00","BZN|BG","3533.71","3563.00"
"04/04/2023 04:00 - 04/04/2023 05:00","BZN|BG","3679.73","3735.00"
"04/04/2023 05:00 - 04/04/2023 06:00","BZN|BG","4128.08","4180.00"
"04/04/2023 06:00 - 04/04/2023 07:00","BZN|BG","4593.47","4570.00"
"04/04/2023 07:00 - 04/04/2023 08:00","BZN|BG","4939.80","4800.00"
"04/04/2023 08:00 - 04/04/2023 09:00","BZN|BG","5100.68","4850.00"
"04/04/2023 09:00 - 04/04/2023 10:00","BZN|BG","5064.20","4745.00"
"04/04/2023 10:00 - 04/04/2023 11:00","BZN|BG","5053.61","4696.00"
"04/04/2023 11:00 - 04/04/2023 12:00","BZN|BG","5012.14","4659.00"
"04/04/2023 12:00 - 04/04/2023 13:00","BZN|BG","4924.74","4639.00"
"04/04/2023 13:00 - 04/04/2023 14:00","BZN|BG","4826.43","4615.00"
"04/04/2023 14:00 - 04/04/2023 15:00","BZN|BG","4774.92","4618.00"
"04/04/2023 15:00 - 04/04/2023 16:00","BZN|BG","4800.46","4653.00"
"04/04/2023 16:00 - 04/04/2023 17:00","BZN|BG","4869.56","4733.00"
"04/04/2023 17:00 - 04/04/2023 18:00","BZN|BG","5120.27","4950.00"
"04/04/2023 18:00 - 04/04/2023 19:00","BZN|BG","5309.16","5158.00"
"04/04/2023 19:00 - 04/04/2023 20:00","BZN|BG","5309.32","5208.00"
"04/04/2023 20:00 - 04/04/2023 21:00","BZN|BG","5094.35","4936.00"
"04/04/2023 21:00 - 04/04/2023 22:00","BZN|BG","4862.24","4705.00"
"04/04/2023 22:00 - 04/04/2023 23:00","BZN|BG","4555.25","4406.00"
"04/04/2023 23:00 - 05/04/2023 00:00","BZN|BG","4175.37","4119.00"
"05/04/2023 00:00 - 05/04/2023 01:00","BZN|BG","3936.89","3870.00"
"05/04/2023 01:00 - 05/04/2023 02:00","BZN|BG","3825.35","3754.00"
"05/04/2023 02:00 - 05/04/2023 03:00","BZN|BG","3806.61","3712.00"
"05/04/2023 03:00 - 05/04/2023 04:00","BZN|BG","3866.65","3775.00"
"05/04/2023 04:00 - 05/04/2023 05:00","BZN|BG","4040.26","3958.00"
"05/04/2023 05:00 - 05/04/2023 06:00","BZN|BG","4513.82","4451.00"
"05/04/2023 06:00 - 05/04/2023 07:00","BZN|BG","4993.82","4975.00"
"05/04/2023 07:00 - 05/04/2023 08:00","BZN|BG","5313.17","5213.00"
"05/04/2023 08:00 - 05/04/2023 09:00","BZN|BG","5420.80","5206.00"
"05/04/2023 09:00 - 05/04/2023 10:00","BZN|BG","5309.51","5179.00"
"05/04/2023 10:00 - 05/04/2023 11:00","BZN|BG","5219.90","5160.00"
"05/04/2023 11:00 - 05/04/2023 12:00","BZN|BG","5147.18","5146.00"
"05/04/2023 12:00 - 05/04/2023 13:00","BZN|BG","5097.13","5137.00"
"05/04/2023 13:00 - 05/04/2023 14:00","BZN|BG","5041.16","5127.00"
"05/04/2023 14:00 - 05/04/2023 15:00","BZN|BG","5048.30","5124.00"
"05/04/2023 15:00 - 05/04/2023 16:00","BZN|BG","5028.94","5154.00"
"05/04/2023 16:00 - 05/04/2023 17:00","BZN|BG","5047.22","5228.00"
"05/04/2023 17:00 - 05/04/2023 18:00","BZN|BG","5312.64","5451.00"
"05/04/2023 18:00 - 05/04/2023 19:00","BZN|BG","5520.04","5675.00"
"05/04/2023 19:00 - 05/04/2023 20:00","BZN|BG","5562.62","5770.00"
"05/04/2023 20:00 - 05/04/2023 21:00","BZN|BG","5331.94","5447.00"
"05/04/2023 21:00 - 05/04/2023 22:00","BZN|BG","5051.76","5157.00"
"05/04/2023 22:00 - 05/04/2023 23:00","BZN|BG","4738.97","4778.00"
"05/04/2023 23:00 - 06/04/2023 00:00","BZN|BG","4349.31","4241.00"
"06/04/2023 00:00 - 06/04/2023 01:00","BZN|BG","4095.81","4004.00"
"06/04/2023 01:00 - 06/04/2023 02:00","BZN|BG","3976.89","3903.00"
"06/04/2023 02:00 - 06/04/2023 03:00","BZN|BG","3928.15","3858.00"
"06/04/2023 03:00 - 06/04/2023 04:00","BZN|BG","3983.38","3913.00"
"06/04/2023 04:00 - 06/04/2023 05:00","BZN|BG","4159.11","4095.00"
"06/04/2023 05:00 - 06/04/2023 06:00","BZN|BG","4607.17","4597.00"
"06/04/2023 06:00 - 06/04/2023 07:00","BZN|BG","5067.32","5142.00"
"06/04/2023 07:00 - 06/04/2023 08:00","BZN|BG","5401.94","5355.00"
"06/04/2023 08:00 - 06/04/2023 09:00","BZN|BG","5421.06","5413.00"
"06/04/2023 09:00 - 06/04/2023 10:00","BZN|BG","5192.87","5269.00"
"06/04/2023 10:00 - 06/04/2023 11:00","BZN|BG","5018.84","5171.00"
"06/04/2023 11:00 - 06/04/2023 12:00","BZN|BG","4914.47","5090.00"
"06/04/2023 12:00 - 06/04/2023 13:00","BZN|BG","4852.64","5032.00"
"06/04/2023 13:00 - 06/04/2023 14:00","BZN|BG","4765.94","4967.00"
"06/04/2023 14:00 - 06/04/2023 15:00","BZN|BG","4755.58","4949.00"
"06/04/2023 15:00 - 06/04/2023 16:00","BZN|BG","4763.08","4980.00"
"06/04/2023 16:00 - 06/04/2023 17:00","BZN|BG","4864.01","5058.00"
"06/04/2023 17:00 - 06/04/2023 18:00","BZN|BG","5131.12","5271.00"
"06/04/2023 18:00 - 06/04/2023 19:00","BZN|BG","5407.27","5482.00"
"06/04/2023 19:00 - 06/04/2023 20:00","BZN|BG","5502.44","5560.00"
"06/04/2023 20:00 - 06/04/2023 21:00","BZN|BG","5269.18","5295.00"
"06/04/2023 21:00 - 06/04/2023 22:00","BZN|BG","4990.03","5051.00"
"06/04/2023 22:00 - 06/04/2023 23:00","BZN|BG","4713.58","4730.00"
"06/04/2023 23:00 - 07/04/2023 00:00","BZN|BG","4239.75","4311.00"
"07/04/2023 00:00 - 07/04/2023 01:00","BZN|BG","3927.31","4063.00"
"07/04/2023 01:00 - 07/04/2023 02:00","BZN|BG","3774.57","3959.00"
"07/04/2023 02:00 - 07/04/2023 03:00","BZN|BG","3718.15","3909.00"
"07/04/2023 03:00 - 07/04/2023 04:00","BZN|BG","3767.38","3961.00"
"07/04/2023 04:00 - 07/04/2023 05:00","BZN|BG","3917.71","4125.00"
"07/04/2023 05:00 - 07/04/2023 06:00","BZN|BG","4371.56","4572.00"
"07/04/2023 06:00 - 07/04/2023 07:00","BZN|BG","4819.36","5051.00"
"07/04/2023 07:00 - 07/04/2023 08:00","BZN|BG","5045.61","5298.00"
"07/04/2023 08:00 - 07/04/2023 09:00","BZN|BG","4940.10","5200.00"
"07/04/2023 09:00 - 07/04/2023 10:00","BZN|BG","4593.24","5086.00"
"07/04/2023 10:00 - 07/04/2023 11:00","BZN|BG","4368.27","4920.00"
"07/04/2023 11:00 - 07/04/2023 12:00","BZN|BG","4153.90","4787.00"
"07/04/2023 12:00 - 07/04/2023 13:00","BZN|BG","4166.52","4699.00"
"07/04/2023 13:00 - 07/04/2023 14:00","BZN|BG","4091.41","4594.00"
"07/04/2023 14:00 - 07/04/2023 15:00","BZN|BG","4101.61","4572.00"
"07/04/2023 15:00 - 07/04/2023 16:00","BZN|BG","4197.35","4604.00"
"07/04/2023 16:00 - 07/04/2023 17:00","BZN|BG","4418.47","4712.00"
"07/04/2023 17:00 - 07/04/2023 18:00","BZN|BG","4834.75","5015.00"
"07/04/2023 18:00 - 07/04/2023 19:00","BZN|BG","5160.85","5305.00"
"07/04/2023 19:00 - 07/04/2023 20:00","BZN|BG","5218.01","5405.00"
"07/04/2023 20:00 - 07/04/2023 21:00","BZN|BG","5009.97","5162.00"
"07/04/2023 21:00 - 07/04/2023 22:00","BZN|BG","4777.11","4925.00"
"07/04/2023 22:00 - 07/04/2023 23:00","BZN|BG","4510.99","4612.00"
"07/04/2023 23:00 - 08/04/2023 00:00","BZN|BG","4185.25","4100.00"
"08/04/2023 00:00 - 08/04/2023 01:00","BZN|BG","3913.16","3898.00"
"08/04/2023 01:00 - 08/04/2023 02:00","BZN|BG","3770.73","3786.00"
"08/04/2023 02:00 - 08/04/2023 03:00","BZN|BG","3696.93","3724.00"
"08/04/2023 03:00 - 08/04/2023 04:00","BZN|BG","3694.52","3718.00"
"08/04/2023 04:00 - 08/04/2023 05:00","BZN|BG","3761.52","3771.00"
"08/04/2023 05:00 - 08/04/2023 06:00","BZN|BG","3920.17","3932.00"
"08/04/2023 06:00 - 08/04/2023 07:00","BZN|BG","4158.68","4222.00"
"08/04/2023 07:00 - 08/04/2023 08:00","BZN|BG","4399.58","4561.00"
"08/04/2023 08:00 - 08/04/2023 09:00","BZN|BG","4385.99","4683.00"
"08/04/2023 09:00 - 08/04/2023 10:00","BZN|BG","4205.79","4613.00"
"08/04/2023 10:00 - 08/04/2023 11:00","BZN|BG","3972.94","4420.00"
"08/04/2023 11:00 - 08/04/2023 12:00","BZN|BG","3821.46","4312.00"
"08/04/2023 12:00 - 08/04/2023 13:00","BZN|BG","3702.95","4144.00"
"08/04/2023 13:00 - 08/04/2023 14:00","BZN|BG","3690.08","3976.00"
"08/04/2023 14:00 - 08/04/2023 15:00","BZN|BG","3814.76","4073.00"
"08/04/2023 15:00 - 08/04/2023 16:00","BZN|BG","4002.09","4203.00"
"08/04/2023 16:00 - 08/04/2023 17:00","BZN|BG","4196.57","4346.00"
"08/04/2023 17:00 - 08/04/2023 18:00","BZN|BG","4671.84","4626.00"
"08/04/2023 18:00 - 08/04/2023 19:00","BZN|BG","4895.18","4910.00"
"08/04/2023 19:00 - 08/04/2023 20:00","BZN|BG","4946.39","5009.00"
"08/04/2023 20:00 - 08/04/2023 21:00","BZN|BG","4762.84","4737.00"
"08/04/2023 21:00 - 08/04/2023 22:00","BZN|BG","4606.80","4454.00"
"08/04/2023 22:00 - 08/04/2023 23:00","BZN|BG","4384.43","4226.00"
"08/04/2023 23:00 - 09/04/2023 00:00","BZN|BG","4041.17","3961.00"
"09/04/2023 00:00 - 09/04/2023 01:00","BZN|BG","3801.77","3757.00"
"09/04/2023 01:00 - 09/04/2023 02:00","BZN|BG","3669.39","3613.00"
"09/04/2023 02:00 - 09/04/2023 03:00","BZN|BG","3603.44","3552.00"
"09/04/2023 03:00 - 09/04/2023 04:00","BZN|BG","3604.21","3545.00"
"09/04/2023 04:00 - 09/04/2023 05:00","BZN|BG","3631.08","3638.00"
"09/04/2023 05:00 - 09/04/2023 06:00","BZN|BG","3718.84","3771.00"
"09/04/2023 06:00 - 09/04/2023 07:00","BZN|BG","3944.98","4044.00"
"09/04/2023 07:00 - 09/04/2023 08:00","BZN|BG","4275.50","4368.00"
"09/04/2023 08:00 - 09/04/2023 09:00","BZN|BG","4416.44","4432.00"
"09/04/2023 09:00 - 09/04/2023 10:00","BZN|BG","4389.24","4304.00"
"09/04/2023 10:00 - 09/04/2023 11:00","BZN|BG","4283.27","4187.00"
"09/04/2023 11:00 - 09/04/2023 12:00","BZN|BG","4212.46","4114.00"
"09/04/2023 12:00 - 09/04/2023 13:00","BZN|BG","4088.61","4049.00"
"09/04/2023 13:00 - 09/04/2023 14:00","BZN|BG","4004.05","3914.00"
"09/04/2023 14:00 - 09/04/2023 15:00","BZN|BG","4030.82","3917.00"
"09/04/2023 15:00 - 09/04/2023 16:00","BZN|BG","4118.81","4000.00"
"09/04/2023 16:00 - 09/04/2023 17:00","BZN|BG","4323.42","4173.00"
"09/04/2023 17:00 - 09/04/2023 18:00","BZN|BG","4538.64","4455.00"
"09/04/2023 18:00 - 09/04/2023 19:00","BZN|BG","4817.41","4788.00"
"09/04/2023 19:00 - 09/04/2023 20:00","BZN|BG","4974.86","5014.00"
"09/04/2023 20:00 - 09/04/2023 21:00","BZN|BG","4806.84","4855.00"
"09/04/2023 21:00 - 09/04/2023 22:00","BZN|BG","4618.57","4636.00"
"09/04/2023 22:00 - 09/04/2023 23:00","BZN|BG","4356.47","4303.00"
"09/04/2023 23:00 - 10/04/2023 00:00","BZN|BG","3978.51","3946.00"
"10/04/2023 00:00 - 10/04/2023 01:00","BZN|BG","3723.38","3719.00"
"10/04/2023 01:00 - 10/04/2023 02:00","BZN|BG","3576.87","3583.00"
"10/04/2023 02:00 - 10/04/2023 03:00","BZN|BG","3548.40","3566.00"
"10/04/2023 03:00 - 10/04/2023 04:00","BZN|BG","3594.82","3610.00"
"10/04/2023 04:00 - 10/04/2023 05:00","BZN|BG","3757.81","3767.00"
"10/04/2023 05:00 - 10/04/2023 06:00","BZN|BG","4148.55","4099.00"
"10/04/2023 06:00 - 10/04/2023 07:00","BZN|BG","4582.06","4421.00"
"10/04/2023 07:00 - 10/04/2023 08:00","BZN|BG","4904.42","4620.00"
"10/04/2023 08:00 - 10/04/2023 09:00","BZN|BG","4943.98","4596.00"
"10/04/2023 09:00 - 10/04/2023 10:00","BZN|BG","4822.27","4404.00"
"10/04/2023 10:00 - 10/04/2023 11:00","BZN|BG","4752.45","4319.00"
"10/04/2023 11:00 - 10/04/2023 12:00","BZN|BG","4708.29","4333.00"
"10/04/2023 12:00 - 10/04/2023 13:00","BZN|BG","4738.61","4405.00"
"10/04/2023 13:00 - 10/04/2023 14:00","BZN|BG","4748.20","4425.00"
"10/04/2023 14:00 - 10/04/2023 15:00","BZN|BG","4739.62","4524.00"
"10/04/2023 15:00 - 10/04/2023 16:00","BZN|BG","4681.42","4615.00"
"10/04/2023 16:00 - 10/04/2023 17:00","BZN|BG","4731.53","4742.00"
"10/04/2023 17:00 - 10/04/2023 18:00","BZN|BG","4977.36","5013.00"
"10/04/2023 18:00 - 10/04/2023 19:00","BZN|BG","5162.80","5190.00"
"10/04/2023 19:00 - 10/04/2023 20:00","BZN|BG","5212.68","5186.00"
"10/04/2023 20:00 - 10/04/2023 21:00","BZN|BG","4933.31","4938.00"
"10/04/2023 21:00 - 10/04/2023 22:00","BZN|BG","4680.90","4614.00"
"10/04/2023 22:00 - 10/04/2023 23:00","BZN|BG","4400.93","4333.00"
"10/04/2023 23:00 - 11/04/2023 00:00","BZN|BG","4029.23","3979.00"
"11/04/2023 00:00 - 11/04/2023 01:00","BZN|BG","3773.11","3726.00"
"11/04/2023 01:00 - 11/04/2023 02:00","BZN|BG","3612.80","3629.00"
"11/04/2023 02:00 - 11/04/2023 03:00","BZN|BG","3584.72","3574.00"
"11/04/2023 03:00 - 11/04/2023 04:00","BZN|BG","3642.22","3614.00"
"11/04/2023 04:00 - 11/04/2023 05:00","BZN|BG","3787.91","3756.00"
"11/04/2023 05:00 - 11/04/2023 06:00","BZN|BG","4160.57","4149.00"
"11/04/2023 06:00 - 11/04/2023 07:00","BZN|BG","4624.38","4554.00"
"11/04/2023 07:00 - 11/04/2023 08:00","BZN|BG","5032.24","4817.00"
"11/04/2023 08:00 - 11/04/2023 09:00","BZN|BG","5158.91","4770.00"
"11/04/2023 09:00 - 11/04/2023 10:00","BZN|BG","5077.04","4564.00"
"11/04/2023 10:00 - 11/04/2023 11:00","BZN|BG","4987.60","4391.00"
"11/04/2023 11:00 - 11/04/2023 12:00","BZN|BG","4944.13","4257.00"
"11/04/2023 12:00 - 11/04/2023 13:00","BZN|BG","4869.72","4195.00"
"11/04/2023 13:00 - 11/04/2023 14:00","BZN|BG","4776.96","4097.00"
"11/04/2023 14:00 - 11/04/2023 15:00","BZN|BG","4724.12","4084.00"
"11/04/2023 15:00 - 11/04/2023 16:00","BZN|BG","4746.29","4131.00"
"11/04/2023 16:00 - 11/04/2023 17:00","BZN|BG","4773.72","4288.00"
"11/04/2023 17:00 - 11/04/2023 18:00","BZN|BG","4964.72","4665.00"
"11/04/2023 18:00 - 11/04/2023 19:00","BZN|BG","5138.58","5018.00"
"11/04/2023 19:00 - 11/04/2023 20:00","BZN|BG","5180.40","5131.00"
"11/04/2023 20:00 - 11/04/2023 21:00","BZN|BG","4964.23","4907.00"
"11/04/2023 21:00 - 11/04/2023 22:00","BZN|BG","4746.32","4663.00"
"11/04/2023 22:00 - 11/04/2023 23:00","BZN|BG","4479.54","4391.00"
"11/04/2023 23:00 - 12/04/2023 00:00","BZN|BG","4082.03","3859.00"
"12/04/2023 00:00 - 12/04/2023 01:00","BZN|BG","3815.71","3582.00"
"12/04/2023 01:00 - 12/04/2023 02:00","BZN|BG","3668.87","3490.00"
"12/04/2023 02:00 - 12/04/2023 03:00","BZN|BG","3625.01","3427.00"
"12/04/2023 03:00 - 12/04/2023 04:00","BZN|BG","3663.92","3470.00"
"12/04/2023 04:00 - 12/04/2023 05:00","BZN|BG","3809.59","3636.00"
"12/04/2023 05:00 - 12/04/2023 06:00","BZN|BG","4166.70","4088.00"
"12/04/2023 06:00 - 12/04/2023 07:00","BZN|BG","4605.02","4558.00"
"12/04/2023 07:00 - 12/04/2023 08:00","BZN|BG","5005.89","4838.00"
"12/04/2023 08:00 - 12/04/2023 09:00","BZN|BG","5081.76","4857.00"
"12/04/2023 09:00 - 12/04/2023 10:00","BZN|BG","4947.11","4751.00"
"12/04/2023 10:00 - 12/04/2023 11:00","BZN|BG","4845.37","4686.00"
"12/04/2023 11:00 - 12/04/2023 12:00","BZN|BG","4779.60","4632.00"
"12/04/2023 12:00 - 12/04/2023 13:00","BZN|BG","4696.44","4610.00"
"12/04/2023 13:00 - 12/04/2023 14:00","BZN|BG","4620.68","4573.00"
"12/04/2023 14:00 - 12/04/2023 15:00","BZN|BG","4496.29","4570.00"
"12/04/2023 15:00 - 12/04/2023 16:00","BZN|BG","4474.00","4593.00"
"12/04/2023 16:00 - 12/04/2023 17:00","BZN|BG","4498.58","4675.00"
"12/04/2023 17:00 - 12/04/2023 18:00","BZN|BG","4690.93","4844.00"
"12/04/2023 18:00 - 12/04/2023 19:00","BZN|BG","4886.13","4994.00"
"12/04/2023 19:00 - 12/04/2023 20:00","BZN|BG","5078.35","5034.00"
"12/04/2023 20:00 - 12/04/2023 21:00","BZN|BG","4967.11","4805.00"
"12/04/2023 21:00 - 12/04/2023 22:00","BZN|BG","4701.52","4539.00"
"12/04/2023 22:00 - 12/04/2023 23:00","BZN|BG","4423.17","4252.00"
"12/04/2023 23:00 - 13/04/2023 00:00","BZN|BG","3852.08","4081.00"
"13/04/2023 00:00 - 13/04/2023 01:00","BZN|BG","3595.57","3794.00"
"13/04/2023 01:00 - 13/04/2023 02:00","BZN|BG","3406.97","3643.00"
"13/04/2023 02:00 - 13/04/2023 03:00","BZN|BG","3381.04","3602.00"
"13/04/2023 03:00 - 13/04/2023 04:00","BZN|BG","3443.66","3635.00"
"13/04/2023 04:00 - 13/04/2023 05:00","BZN|BG","3619.78","3769.00"
"13/04/2023 05:00 - 13/04/2023 06:00","BZN|BG","4082.76","4169.00"
"13/04/2023 06:00 - 13/04/2023 07:00","BZN|BG","4420.83","4607.00"
"13/04/2023 07:00 - 13/04/2023 08:00","BZN|BG","4457.73","4955.00"
"13/04/2023 08:00 - 13/04/2023 09:00","BZN|BG","4142.52","4972.00"
"13/04/2023 09:00 - 13/04/2023 10:00","BZN|BG","3773.48","4836.00"
"13/04/2023 10:00 - 13/04/2023 11:00","BZN|BG","3508.91","4708.00"
"13/04/2023 11:00 - 13/04/2023 12:00","BZN|BG","3348.42","4545.00"
"13/04/2023 12:00 - 13/04/2023 13:00","BZN|BG","3282.59","4539.00"
"13/04/2023 13:00 - 13/04/2023 14:00","BZN|BG","3178.96","4495.00"
"13/04/2023 14:00 - 13/04/2023 15:00","BZN|BG","3202.84","4452.00"
"13/04/2023 15:00 - 13/04/2023 16:00","BZN|BG","3258.95","4418.00"
"13/04/2023 16:00 - 13/04/2023 17:00","BZN|BG","3475.95","4419.00"
"13/04/2023 17:00 - 13/04/2023 18:00","BZN|BG","3888.55","4540.00"
"13/04/2023 18:00 - 13/04/2023 19:00","BZN|BG","4277.84","4767.00"
"13/04/2023 19:00 - 13/04/2023 20:00","BZN|BG","4586.62","5047.00"
"13/04/2023 20:00 - 13/04/2023 21:00","BZN|BG","4499.48","4966.00"
"13/04/2023 21:00 - 13/04/2023 22:00","BZN|BG","4250.45","4708.00"
"13/04/2023 22:00 - 13/04/2023 23:00","BZN|BG","4028.75","4432.00"
"13/04/2023 23:00 - 14/04/2023 00:00","BZN|BG","3720.43","3831.00"
"14/04/2023 00:00 - 14/04/2023 01:00","BZN|BG","3426.89","3561.00"
"14/04/2023 01:00 - 14/04/2023 02:00","BZN|BG","3222.40","3440.00"
"14/04/2023 02:00 - 14/04/2023 03:00","BZN|BG","3139.58","3393.00"
"14/04/2023 03:00 - 14/04/2023 04:00","BZN|BG","3136.36","3387.00"
"14/04/2023 04:00 - 14/04/2023 05:00","BZN|BG","3161.73","3405.00"
"14/04/2023 05:00 - 14/04/2023 06:00","BZN|BG","3268.75","3483.00"
"14/04/2023 06:00 - 14/04/2023 07:00","BZN|BG","3437.60","3681.00"
"14/04/2023 07:00 - 14/04/2023 08:00","BZN|BG","3567.47","3934.00"
"14/04/2023 08:00 - 14/04/2023 09:00","BZN|BG","3496.80","4030.00"
"14/04/2023 09:00 - 14/04/2023 10:00","BZN|BG","3334.54","3962.00"
"14/04/2023 10:00 - 14/04/2023 11:00","BZN|BG","3207.17","3908.00"
"14/04/2023 11:00 - 14/04/2023 12:00","BZN|BG","3134.14","3853.00"
"14/04/2023 12:00 - 14/04/2023 13:00","BZN|BG","3070.04","3802.00"
"14/04/2023 13:00 - 14/04/2023 14:00","BZN|BG","3078.21","3803.00"
"14/04/2023 14:00 - 14/04/2023 15:00","BZN|BG","3125.13","3773.00"
"14/04/2023 15:00 - 14/04/2023 16:00","BZN|BG","3261.58","3758.00"
"14/04/2023 16:00 - 14/04/2023 17:00","BZN|BG","3484.50","3845.00"
"14/04/2023 17:00 - 14/04/2023 18:00","BZN|BG","3726.56","3934.00"
"14/04/2023 18:00 - 14/04/2023 19:00","BZN|BG","3884.73","4122.00"
"14/04/2023 19:00 - 14/04/2023 20:00","BZN|BG","4033.85","4341.00"
"14/04/2023 20:00 - 14/04/2023 21:00","BZN|BG","3926.95","4311.00"
"14/04/2023 21:00 - 14/04/2023 22:00","BZN|BG","3763.30","4144.00"
"14/04/2023 22:00 - 14/04/2023 23:00","BZN|BG","3605.79","3975.00"
"14/04/2023 23:00 - 15/04/2023 00:00","BZN|BG","3407.40","3296.00"
"15/04/2023 00:00 - 15/04/2023 01:00","BZN|BG","3182.31","3082.00"
"15/04/2023 01:00 - 15/04/2023 02:00","BZN|BG","3031.95","2994.00"
"15/04/2023 02:00 - 15/04/2023 03:00","BZN|BG","2964.84","2954.00"
"15/04/2023 03:00 - 15/04/2023 04:00","BZN|BG","2960.18","2945.00"
"15/04/2023 04:00 - 15/04/2023 05:00","BZN|BG","2988.28","2979.00"
"15/04/2023 05:00 - 15/04/2023 06:00","BZN|BG","3099.20","3053.00"
"15/04/2023 06:00 - 15/04/2023 07:00","BZN|BG","3374.78","3311.00"
"15/04/2023 07:00 - 15/04/2023 08:00","BZN|BG","3670.50","3604.00"
"15/04/2023 08:00 - 15/04/2023 09:00","BZN|BG","3689.48","3653.00"
"15/04/2023 09:00 - 15/04/2023 10:00","BZN|BG","3536.05","3521.00"
"15/04/2023 10:00 - 15/04/2023 11:00","BZN|BG","3286.08","3557.00"
"15/04/2023 11:00 - 15/04/2023 12:00","BZN|BG","3027.70","3514.00"
"15/04/2023 12:00 - 15/04/2023 13:00","BZN|BG","2862.58","3447.00"
"15/04/2023 13:00 - 15/04/2023 14:00","BZN|BG","2780.92","3338.00"
"15/04/2023 14:00 - 15/04/2023 15:00","BZN|BG","2850.09","3313.00"
"15/04/2023 15:00 - 15/04/2023 16:00","BZN|BG","3026.34","3319.00"
"15/04/2023 16:00 - 15/04/2023 17:00","BZN|BG","3249.28","3378.00"
"15/04/2023 17:00 - 15/04/2023 18:00","BZN|BG","3484.07","3437.00"
"15/04/2023 18:00 - 15/04/2023 19:00","BZN|BG","3773.91","3648.00"
"15/04/2023 19:00 - 15/04/2023 20:00","BZN|BG","4037.67","3865.00"
"15/04/2023 20:00 - 15/04/2023 21:00","BZN|BG","3903.79","3779.00"
"15/04/2023 21:00 - 15/04/2023 22:00","BZN|BG","3691.91","3579.00"
"15/04/2023 22:00 - 15/04/2023 23:00","BZN|BG","3503.25","3402.00"
"15/04/2023 23:00 - 16/04/2023 00:00","BZN|BG","3185.67","3267.00"
"16/04/2023 00:00 - 16/04/2023 01:00","BZN|BG","2967.39","3029.00"
"16/04/2023 01:00 - 16/04/2023 02:00","BZN|BG","2819.22","2878.00"
"16/04/2023 02:00 - 16/04/2023 03:00","BZN|BG","2753.60","2810.00"
"16/04/2023 03:00 - 16/04/2023 04:00","BZN|BG","2767.15","2793.00"
"16/04/2023 04:00 - 16/04/2023 05:00","BZN|BG","2822.05","2834.00"
"16/04/2023 05:00 - 16/04/2023 06:00","BZN|BG","2911.50","2913.00"
"16/04/2023 06:00 - 16/04/2023 07:00","BZN|BG","3153.84","3142.00"
"16/04/2023 07:00 - 16/04/2023 08:00","BZN|BG","3491.45","3513.00"
"16/04/2023 08:00 - 16/04/2023 09:00","BZN|BG","3566.57","3796.00"
"16/04/2023 09:00 - 16/04/2023 10:00","BZN|BG","3595.07","3901.00"
"16/04/2023 10:00 - 16/04/2023 11:00","BZN|BG","3441.46","3868.00"
"16/04/2023 11:00 - 16/04/2023 12:00","BZN|BG","3202.00","3677.00"
"16/04/2023 12:00 - 16/04/2023 13:00","BZN|BG","2987.68","3394.00"
"16/04/2023 13:00 - 16/04/2023 14:00","BZN|BG","2800.33","3230.00"
"16/04/2023 14:00 - 16/04/2023 15:00","BZN|BG","2705.67","3178.00"
"16/04/2023 15:00 - 16/04/2023 16:00","BZN|BG","2826.67","3193.00"
"16/04/2023 16:00 - 16/04/2023 17:00","BZN|BG","3035.48","3263.00"
"16/04/2023 17:00 - 16/04/2023 18:00","BZN|BG","3427.89","3387.00"
"16/04/2023 18:00 - 16/04/2023 19:00","BZN|BG","3596.66","3583.00"
"16/04/2023 19:00 - 16/04/2023 20:00","BZN|BG","3774.57","3765.00"
"16/04/2023 20:00 - 16/04/2023 21:00","BZN|BG","3711.62","3680.00"
"16/04/2023 21:00 - 16/04/2023 22:00","BZN|BG","3585.45","3567.00"
"16/04/2023 22:00 - 16/04/2023 23:00","BZN|BG","3412.19","3383.00"
"16/04/2023 23:00 - 17/04/2023 00:00","BZN|BG","3159.65","3096.00"
"17/04/2023 00:00 - 17/04/2023 01:00","BZN|BG","2948.54","2908.00"
"17/04/2023 01:00 - 17/04/2023 02:00","BZN|BG","2822.09","2809.00"
"17/04/2023 02:00 - 17/04/2023 03:00","BZN|BG","2772.12","2778.00"
"17/04/2023 03:00 - 17/04/2023 04:00","BZN|BG","2783.20","2770.00"
"17/04/2023 04:00 - 17/04/2023 05:00","BZN|BG","2835.13","2811.00"
"17/04/2023 05:00 - 17/04/2023 06:00","BZN|BG","2938.15","2939.00"
"17/04/2023 06:00 - 17/04/2023 07:00","BZN|BG","3180.83","3160.00"
"17/04/2023 07:00 - 17/04/2023 08:00","BZN|BG","3558.75","3469.00"
"17/04/2023 08:00 - 17/04/2023 09:00","BZN|BG","3836.55","3749.00"
"17/04/2023 09:00 - 17/04/2023 10:00","BZN|BG","3937.89","3871.00"
"17/04/2023 10:00 - 17/04/2023 11:00","BZN|BG","3999.44","3909.00"
"17/04/2023 11:00 - 17/04/2023 12:00","BZN|BG","3986.74","3913.00"
"17/04/2023 12:00 - 17/04/2023 13:00","BZN|BG","3927.64","3853.00"
"17/04/2023 13:00 - 17/04/2023 14:00","BZN|BG","3822.23","3820.00"
"17/04/2023 14:00 - 17/04/2023 15:00","BZN|BG","3774.74","3823.00"
"17/04/2023 15:00 - 17/04/2023 16:00","BZN|BG","3843.93","3891.00"
"17/04/2023 16:00 - 17/04/2023 17:00","BZN|BG","3973.71","3997.00"
"17/04/2023 17:00 - 17/04/2023 18:00","BZN|BG","4128.17","4150.00"
"17/04/2023 18:00 - 17/04/2023 19:00","BZN|BG","4284.51","4338.00"
"17/04/2023 19:00 - 17/04/2023 20:00","BZN|BG","4413.07","4400.00"
"17/04/2023 20:00 - 17/04/2023 21:00","BZN|BG","4266.29","4262.00"
"17/04/2023 21:00 - 17/04/2023 22:00","BZN|BG","4054.75","4043.00"
"17/04/2023 22:00 - 17/04/2023 23:00","BZN|BG","3786.87","3827.00"
"17/04/2023 23:00 - 18/04/2023 00:00","BZN|BG","3439.63","3396.00"
"18/04/2023 00:00 - 18/04/2023 01:00","BZN|BG","3197.78","3128.00"
"18/04/2023 01:00 - 18/04/2023 02:00","BZN|BG","3078.30","3047.00"
"18/04/2023 02:00 - 18/04/2023 03:00","BZN|BG","3037.03","3000.00"
"18/04/2023 03:00 - 18/04/2023 04:00","BZN|BG","3088.02","3027.00"
"18/04/2023 04:00 - 18/04/2023 05:00","BZN|BG","3245.32","3179.00"
"18/04/2023 05:00 - 18/04/2023 06:00","BZN|BG","3699.01","3634.00"
"18/04/2023 06:00 - 18/04/2023 07:00","BZN|BG","4141.48","4140.00"
"18/04/2023 07:00 - 18/04/2023 08:00","BZN|BG","4504.50","4487.00"
"18/04/2023 08:00 - 18/04/2023 09:00","BZN|BG","4609.94","4637.00"
"18/04/2023 09:00 - 18/04/2023 10:00","BZN|BG","4504.84","4527.00"
"18/04/2023 10:00 - 18/04/2023 11:00","BZN|BG","4427.28","4434.00"
"18/04/2023 11:00 - 18/04/2023 12:00","BZN|BG","4405.94","4313.00"
"18/04/2023 12:00 - 18/04/2023 13:00","BZN|BG","4391.27","4292.00"
"18/04/2023 13:00 - 18/04/2023 14:00","BZN|BG","4313.95","4257.00"
"18/04/2023 14:00 - 18/04/2023 15:00","BZN|BG","4295.92","4209.00"
"18/04/2023 15:00 - 18/04/2023 16:00","BZN|BG","4264.85","4146.00"
"18/04/2023 16:00 - 18/04/2023 17:00","BZN|BG","4309.12","4054.00"
"18/04/2023 17:00 - 18/04/2023 18:00","BZN|BG","4515.14","4168.00"
"18/04/2023 18:00 - 18/04/2023 19:00","BZN|BG","4714.75","4453.00"
"18/04/2023 19:00 - 18/04/2023 20:00","BZN|BG","4723.59","4677.00"
"18/04/2023 20:00 - 18/04/2023 21:00","BZN|BG","4599.59","4422.00"
"18/04/2023 21:00 - 18/04/2023 22:00","BZN|BG","4384.80","4230.00"
"18/04/2023 22:00 - 18/04/2023 23:00","BZN|BG","4042.87","3955.00"
"18/04/2023 23:00 - 19/04/2023 00:00","BZN|BG","3689.34","3382.00"
"19/04/2023 00:00 - 19/04/2023 01:00","BZN|BG","3420.89","3099.00"
"19/04/2023 01:00 - 19/04/2023 02:00","BZN|BG","3316.21","2972.00"
"19/04/2023 02:00 - 19/04/2023 03:00","BZN|BG","3269.76","2948.00"
"19/04/2023 03:00 - 19/04/2023 04:00","BZN|BG","3304.14","3022.00"
"19/04/2023 04:00 - 19/04/2023 05:00","BZN|BG","3441.17","3151.00"
"19/04/2023 05:00 - 19/04/2023 06:00","BZN|BG","3845.89","3513.00"
"19/04/2023 06:00 - 19/04/2023 07:00","BZN|BG","4280.11","4006.00"
"19/04/2023 07:00 - 19/04/2023 08:00","BZN|BG","4578.52","4332.00"
"19/04/2023 08:00 - 19/04/2023 09:00","BZN|BG","4658.12","4305.00"
"19/04/2023 09:00 - 19/04/2023 10:00","BZN|BG","4552.30","4221.00"
"19/04/2023 10:00 - 19/04/2023 11:00","BZN|BG","4446.55","4171.00"
"19/04/2023 11:00 - 19/04/2023 12:00","BZN|BG","4332.61","4136.00"
"19/04/2023 12:00 - 19/04/2023 13:00","BZN|BG","4254.51","4122.00"
"19/04/2023 13:00 - 19/04/2023 14:00","BZN|BG","4177.18","4089.00"
"19/04/2023 14:00 - 19/04/2023 15:00","BZN|BG","4148.11","4078.00"
"19/04/2023 15:00 - 19/04/2023 16:00","BZN|BG","4139.49","4113.00"
"19/04/2023 16:00 - 19/04/2023 17:00","BZN|BG","4164.97","4242.00"
"19/04/2023 17:00 - 19/04/2023 18:00","BZN|BG","4368.97","4521.00"
"19/04/2023 18:00 - 19/04/2023 19:00","BZN|BG","4586.71","4765.00"
"19/04/2023 19:00 - 19/04/2023 20:00","BZN|BG","4745.61","4910.00"
"19/04/2023 20:00 - 19/04/2023 21:00","BZN|BG","4623.63","4645.00"
"19/04/2023 21:00 - 19/04/2023 22:00","BZN|BG","4382.30","4279.00"
"19/04/2023 22:00 - 19/04/2023 23:00","BZN|BG","4095.71","3858.00"
"19/04/2023 23:00 - 20/04/2023 00:00","BZN|BG","3702.67","3653.00"
"20/04/2023 00:00 - 20/04/2023 01:00","BZN|BG","3451.06","3429.00"
"20/04/2023 01:00 - 20/04/2023 02:00","BZN|BG","3333.11","3322.00"
"20/04/2023 02:00 - 20/04/2023 03:00","BZN|BG","3287.07","3296.00"
"20/04/2023 03:00 - 20/04/2023 04:00","BZN|BG","3347.90","3363.00"
"20/04/2023 04:00 - 20/04/2023 05:00","BZN|BG","3476.56","3496.00"
"20/04/2023 05:00 - 20/04/2023 06:00","BZN|BG","3850.89","3850.00"
"20/04/2023 06:00 - 20/04/2023 07:00","BZN|BG","4260.76","4300.00"
"20/04/2023 07:00 - 20/04/2023 08:00","BZN|BG","4486.18","4578.00"
"20/04/2023 08:00 - 20/04/2023 09:00","BZN|BG","4505.47","4622.00"
"20/04/2023 09:00 - 20/04/2023 10:00","BZN|BG","4364.14","4470.00"
"20/04/2023 10:00 - 20/04/2023 11:00","BZN|BG","4238.71","4328.00"
"20/04/2023 11:00 - 20/04/2023 12:00","BZN|BG","4171.75","4258.00"
"20/04/2023 12:00 - 20/04/2023 13:00","BZN|BG","4144.19","4237.00"
"20/04/2023 13:00 - 20/04/2023 14:00","BZN|BG","4056.11","4169.00"
"20/04/2023 14:00 - 20/04/2023 15:00","BZN|BG","4042.56","4157.00"
"20/04/2023 15:00 - 20/04/2023 16:00","BZN|BG","4046.69","4191.00"
"20/04/2023 16:00 - 20/04/2023 17:00","BZN|BG","4087.11","4303.00"
"20/04/2023 17:00 - 20/04/2023 18:00","BZN|BG","4333.43","4547.00"
"20/04/2023 18:00 - 20/04/2023 19:00","BZN|BG","4570.87","4751.00"
"20/04/2023 19:00 - 20/04/2023 20:00","BZN|BG","4723.18","4870.00"
"20/04/2023 20:00 - 20/04/2023 21:00","BZN|BG","4587.60","4679.00"
"20/04/2023 21:00 - 20/04/2023 22:00","BZN|BG","4360.50","4380.00"
"20/04/2023 22:00 - 20/04/2023 23:00","BZN|BG","4087.40","4062.00"
"20/04/2023 23:00 - 21/04/2023 00:00","BZN|BG","3593.81","3612.00"
"21/04/2023 00:00 - 21/04/2023 01:00","BZN|BG","3318.05","3389.00"
"21/04/2023 01:00 - 21/04/2023 02:00","BZN|BG","3182.18","3287.00"
"21/04/2023 02:00 - 21/04/2023 03:00","BZN|BG","3155.63","3251.00"
"21/04/2023 03:00 - 21/04/2023 04:00","BZN|BG","3166.04","3305.00"
"21/04/2023 04:00 - 21/04/2023 05:00","BZN|BG","3302.82","3421.00"
"21/04/2023 05:00 - 21/04/2023 06:00","BZN|BG","3701.97","3746.00"
"21/04/2023 06:00 - 21/04/2023 07:00","BZN|BG","4093.28","4142.00"
"21/04/2023 07:00 - 21/04/2023 08:00","BZN|BG","4131.43","4422.00"
"21/04/2023 08:00 - 21/04/2023 09:00","BZN|BG","3957.69","4403.00"
"21/04/2023 09:00 - 21/04/2023 10:00","BZN|BG","3701.87","4243.00"
"21/04/2023 10:00 - 21/04/2023 11:00","BZN|BG","3473.35","4148.00"
"21/04/2023 11:00 - 21/04/2023 12:00","BZN|BG","3387.47","4077.00"
"21/04/2023 12:00 - 21/04/2023 13:00","BZN|BG","3404.90","4046.00"
"21/04/2023 13:00 - 21/04/2023 14:00","BZN|BG","3336.68","3967.00"
"21/04/2023 14:00 - 21/04/2023 15:00","BZN|BG","3294.22","3961.00"
"21/04/2023 15:00 - 21/04/2023 16:00","BZN|BG","3352.96","4002.00"
"21/04/2023 16:00 - 21/04/2023 17:00","BZN|BG","3499.28","4107.00"
"21/04/2023 17:00 - 21/04/2023 18:00","BZN|BG","3801.58","4358.00"
"21/04/2023 18:00 - 21/04/2023 19:00","BZN|BG","4102.04","4559.00"
"21/04/2023 19:00 - 21/04/2023 20:00","BZN|BG","4292.46","4680.00"
"21/04/2023 20:00 - 21/04/2023 21:00","BZN|BG","4185.24","4524.00"
"21/04/2023 21:00 - 21/04/2023 22:00","BZN|BG","4058.96","4261.00"
"21/04/2023 22:00 - 21/04/2023 23:00","BZN|BG","3867.76","3968.00"
"21/04/2023 23:00 - 22/04/2023 00:00","BZN|BG","3520.75","3591.00"
"22/04/2023 00:00 - 22/04/2023 01:00","BZN|BG","3238.13","3379.00"
"22/04/2023 01:00 - 22/04/2023 02:00","BZN|BG","3099.92","3255.00"
"22/04/2023 02:00 - 22/04/2023 03:00","BZN|BG","3042.17","3198.00"
"22/04/2023 03:00 - 22/04/2023 04:00","BZN|BG","3047.15","3209.00"
"22/04/2023 04:00 - 22/04/2023 05:00","BZN|BG","3088.70","3202.00"
"22/04/2023 05:00 - 22/04/2023 06:00","BZN|BG","3185.14","3300.00"
"22/04/2023 06:00 - 22/04/2023 07:00","BZN|BG","3397.00","3477.00"
"22/04/2023 07:00 - 22/04/2023 08:00","BZN|BG","3533.78","3688.00"
"22/04/2023 08:00 - 22/04/2023 09:00","BZN|BG","3476.36","3730.00"
"22/04/2023 09:00 - 22/04/2023 10:00","BZN|BG","3328.78","3599.00"
"22/04/2023 10:00 - 22/04/2023 11:00","BZN|BG","3190.03","3452.00"
"22/04/2023 11:00 - 22/04/2023 12:00","BZN|BG","3117.52","3357.00"
"22/04/2023 12:00 - 22/04/2023 13:00","BZN|BG","3042.90","3292.00"
"22/04/2023 13:00 - 22/04/2023 14:00","BZN|BG","3129.18","3240.00"
"22/04/2023 14:00 - 22/04/2023 15:00","BZN|BG","3210.14","3249.00"
"22/04/2023 15:00 - 22/04/2023 16:00","BZN|BG","3250.41","3348.00"
"22/04/2023 16:00 - 22/04/2023 17:00","BZN|BG","3453.00","3564.00"
"22/04/2023 17:00 - 22/04/2023 18:00","BZN|BG","3747.94","3776.00"
"22/04/2023 18:00 - 22/04/2023 19:00","BZN|BG","4098.65","4063.00"
"22/04/2023 19:00 - 22/04/2023 20:00","BZN|BG","4274.76","4313.00"
"22/04/2023 20:00 - 22/04/2023 21:00","BZN|BG","4146.20","4175.00"
"22/04/2023 21:00 - 22/04/2023 22:00","BZN|BG","4010.19","3973.00"
"22/04/2023 22:00 - 22/04/2023 23:00","BZN|BG","3822.12","3783.00"
"22/04/2023 23:00 - 23/04/2023 00:00","BZN|BG","3555.27","3543.00"
"23/04/2023 00:00 - 23/04/2023 01:00","BZN|BG","3317.38","3354.00"
"23/04/2023 01:00 - 23/04/2023 02:00","BZN|BG","3207.19","3211.00"
"23/04/2023 02:00 - 23/04/2023 03:00","BZN|BG","3156.81","3132.00"
"23/04/2023 03:00 - 23/04/2023 04:00","BZN|BG","3161.79","3128.00"
"23/04/2023 04:00 - 23/04/2023 05:00","BZN|BG","3191.17","3147.00"
"23/04/2023 05:00 - 23/04/2023 06:00","BZN|BG","3273.76","3178.00"
"23/04/2023 06:00 - 23/04/2023 07:00","BZN|BG","3481.62","3354.00"
"23/04/2023 07:00 - 23/04/2023 08:00","BZN|BG","3685.52","3558.00"
"23/04/2023 08:00 - 23/04/2023 09:00","BZN|BG","3779.98","3735.00"
"23/04/2023 09:00 - 23/04/2023 10:00","BZN|BG","3713.29","3762.00"
"23/04/2023 10:00 - 23/04/2023 11:00","BZN|BG","3629.48","3672.00"
"23/04/2023 11:00 - 23/04/2023 12:00","BZN|BG","3614.81","3439.00"
"23/04/2023 12:00 - 23/04/2023 13:00","BZN|BG","3520.84","3282.00"
"23/04/2023 13:00 - 23/04/2023 14:00","BZN|BG","3440.05","3202.00"
"23/04/2023 14:00 - 23/04/2023 15:00","BZN|BG","3440.05","3325.00"
"23/04/2023 15:00 - 23/04/2023 16:00","BZN|BG","3469.31","3347.00"
"23/04/2023 16:00 - 23/04/2023 17:00","BZN|BG","3636.86","3570.00"
"23/04/2023 17:00 - 23/04/2023 18:00","BZN|BG","3862.99","3895.00"
"23/04/2023 18:00 - 23/04/2023 19:00","BZN|BG","4132.44","4172.00"
"23/04/2023 19:00 - 23/04/2023 20:00","BZN|BG","4425.08","4487.00"
"23/04/2023 20:00 - 23/04/2023 21:00","BZN|BG","4329.57","4376.00"
"23/04/2023 21:00 - 23/04/2023 22:00","BZN|BG","4169.12","4199.00"
"23/04/2023 22:00 - 23/04/2023 23:00","BZN|BG","3862.03","3957.00"
"23/04/2023 23:00 - 24/04/2023 00:00","BZN|BG","3513.22","3564.00"
"24/04/2023 00:00 - 24/04/2023 01:00","BZN|BG","3228.32","3397.00"
"24/04/2023 01:00 - 24/04/2023 02:00","BZN|BG","3103.84","3253.00"
"24/04/2023 02:00 - 24/04/2023 03:00","BZN|BG","3062.24","3169.00"
"24/04/2023 03:00 - 24/04/2023 04:00","BZN|BG","3087.70","3189.00"
"24/04/2023 04:00 - 24/04/2023 05:00","BZN|BG","3268.69","3226.00"
"24/04/2023 05:00 - 24/04/2023 06:00","BZN|BG","3721.84","3293.00"
"24/04/2023 06:00 - 24/04/2023 07:00","BZN|BG","4107.01","3495.00"
"24/04/2023 07:00 - 24/04/2023 08:00","BZN|BG","4247.86","3797.00"
"24/04/2023 08:00 - 24/04/2023 09:00","BZN|BG","4159.48","3995.00"
"24/04/2023 09:00 - 24/04/2023 10:00","BZN|BG","3983.53","3977.00"
"24/04/2023 10:00 - 24/04/2023 11:00","BZN|BG","3868.01","4024.00"
"24/04/2023 11:00 - 24/04/2023 12:00","BZN|BG","3777.36","4023.00"
"24/04/2023 12:00 - 24/04/2023 13:00","BZN|BG","3801.65","3848.00"
"24/04/2023 13:00 - 24/04/2023 14:00","BZN|BG","3800.53","3776.00"
"24/04/2023 14:00 - 24/04/2023 15:00","BZN|BG","3798.54","3653.00"
"24/04/2023 15:00 - 24/04/2023 16:00","BZN|BG","3788.09","3715.00"
"24/04/2023 16:00 - 24/04/2023 17:00","BZN|BG","3828.70","3850.00"
"24/04/2023 17:00 - 24/04/2023 18:00","BZN|BG","4115.56","4159.00"
"24/04/2023 18:00 - 24/04/2023 19:00","BZN|BG","4407.62","4376.00"
"24/04/2023 19:00 - 24/04/2023 20:00","BZN|BG","4518.72","4527.00"
"24/04/2023 20:00 - 24/04/2023 21:00","BZN|BG","4354.83","4406.00"
"24/04/2023 21:00 - 24/04/2023 22:00","BZN|BG","4150.00","4220.00"
"24/04/2023 22:00 - 24/04/2023 23:00","BZN|BG","3869.16","4027.00"
"24/04/2023 23:00 - 25/04/2023 00:00","BZN|BG","3535.99","3541.00"
"25/04/2023 00:00 - 25/04/2023 01:00","BZN|BG","3294.40","3328.00"
"25/04/2023 01:00 - 25/04/2023 02:00","BZN|BG","3207.03","3217.00"
"25/04/2023 02:00 - 25/04/2023 03:00","BZN|BG","3155.31","3142.00"
"25/04/2023 03:00 - 25/04/2023 04:00","BZN|BG","3173.11","3177.00"
"25/04/2023 04:00 - 25/04/2023 05:00","BZN|BG","3321.38","3295.00"
"25/04/2023 05:00 - 25/04/2023 06:00","BZN|BG","3697.50","3591.00"
"25/04/2023 06:00 - 25/04/2023 07:00","BZN|BG","4071.12","3900.00"
"25/04/2023 07:00 - 25/04/2023 08:00","BZN|BG","4265.97","4082.00"
"25/04/2023 08:00 - 25/04/2023 09:00","BZN|BG","4228.80","4038.00"
"25/04/2023 09:00 - 25/04/2023 10:00","BZN|BG","4093.84","3769.00"
"25/04/2023 10:00 - 25/04/2023 11:00","BZN|BG","3991.75","3623.00"
"25/04/2023 11:00 - 25/04/2023 12:00","BZN|BG","3923.38","3528.00"
"25/04/2023 12:00 - 25/04/2023 13:00","BZN|BG","3931.15","3551.00"
"25/04/2023 13:00 - 25/04/2023 14:00","BZN|BG","3889.78","3486.00"
"25/04/2023 14:00 - 25/04/2023 15:00","BZN|BG","3946.08","3482.00"
"25/04/2023 15:00 - 25/04/2023 16:00","BZN|BG","3980.79","3559.00"
"25/04/2023 16:00 - 25/04/2023 17:00","BZN|BG","4030.17","3706.00"
"25/04/2023 17:00 - 25/04/2023 18:00","BZN|BG","4261.74","4078.00"
"25/04/2023 18:00 - 25/04/2023 19:00","BZN|BG","4438.99","4361.00"
"25/04/2023 19:00 - 25/04/2023 20:00","BZN|BG","4526.68","4551.00"
"25/04/2023 20:00 - 25/04/2023 21:00","BZN|BG","4376.91","4412.00"
"25/04/2023 21:00 - 25/04/2023 22:00","BZN|BG","4175.95","4150.00"
"25/04/2023 22:00 - 25/04/2023 23:00","BZN|BG","3881.98","3900.00"
"25/04/2023 23:00 - 26/04/2023 00:00","BZN|BG","3534.36","3459.00"
"26/04/2023 00:00 - 26/04/2023 01:00","BZN|BG","3275.27","3281.00"
"26/04/2023 01:00 - 26/04/2023 02:00","BZN|BG","3203.17","3196.00"
"26/04/2023 02:00 - 26/04/2023 03:00","BZN|BG","3156.94","3123.00"
"26/04/2023 03:00 - 26/04/2023 04:00","BZN|BG","3196.96","3165.00"
"26/04/2023 04:00 - 26/04/2023 05:00","BZN|BG","3319.16","3291.00"
"26/04/2023 05:00 - 26/04/2023 06:00","BZN|BG","3712.12","3609.00"
"26/04/2023 06:00 - 26/04/2023 07:00","BZN|BG","4094.38","3928.00"
"26/04/2023 07:00 - 26/04/2023 08:00","BZN|BG","4326.53","4087.00"
"26/04/2023 08:00 - 26/04/2023 09:00","BZN|BG","4276.04","4109.00"
"26/04/2023 09:00 - 26/04/2023 10:00","BZN|BG","4138.92","3885.00"
"26/04/2023 10:00 - 26/04/2023 11:00","BZN|BG","4051.21","3768.00"
"26/04/2023 11:00 - 26/04/2023 12:00","BZN|BG","4001.22","3702.00"
"26/04/2023 12:00 - 26/04/2023 13:00","BZN|BG","4007.50","3710.00"
"26/04/2023 13:00 - 26/04/2023 14:00","BZN|BG","3998.21","3667.00"
"26/04/2023 14:00 - 26/04/2023 15:00","BZN|BG","4025.56","3647.00"
"26/04/2023 15:00 - 26/04/2023 16:00","BZN|BG","4043.49","3717.00"
"26/04/2023 16:00 - 26/04/2023 17:00","BZN|BG","4120.43","3821.00"
"26/04/2023 17:00 - 26/04/2023 18:00","BZN|BG","4398.59","4155.00"
"26/04/2023 18:00 - 26/04/2023 19:00","BZN|BG","4602.17","4409.00"
"26/04/2023 19:00 - 26/04/2023 20:00","BZN|BG","4644.78","4577.00"
"26/04/2023 20:00 - 26/04/2023 21:00","BZN|BG","4441.07","4429.00"
"26/04/2023 21:00 - 26/04/2023 22:00","BZN|BG","4215.10","4133.00"
"26/04/2023 22:00 - 26/04/2023 23:00","BZN|BG","3948.94","3855.00"
"26/04/2023 23:00 - 27/04/2023 00:00","BZN|BG","3632.91","3507.00"
"27/04/2023 00:00 - 27/04/2023 01:00","BZN|BG","3385.43","3321.00"
"27/04/2023 01:00 - 27/04/2023 02:00","BZN|BG","3267.62","3223.00"
"27/04/2023 02:00 - 27/04/2023 03:00","BZN|BG","3219.87","3154.00"
"27/04/2023 03:00 - 27/04/2023 04:00","BZN|BG","3241.94","3191.00"
"27/04/2023 04:00 - 27/04/2023 05:00","BZN|BG","3394.04","3332.00"
"27/04/2023 05:00 - 27/04/2023 06:00","BZN|BG","3813.61","3689.00"
"27/04/2023 06:00 - 27/04/2023 07:00","BZN|BG","4263.02","4048.00"
"27/04/2023 07:00 - 27/04/2023 08:00","BZN|BG","4505.07","4235.00"
"27/04/2023 08:00 - 27/04/2023 09:00","BZN|BG","4559.13","4205.00"
"27/04/2023 09:00 - 27/04/2023 10:00","BZN|BG","4409.77","3986.00"
"27/04/2023 10:00 - 27/04/2023 11:00","BZN|BG","4294.07","3860.00"
"27/04/2023 11:00 - 27/04/2023 12:00","BZN|BG","4220.69","3814.00"
"27/04/2023 12:00 - 27/04/2023 13:00","BZN|BG","4197.32","3828.00"
"27/04/2023 13:00 - 27/04/2023 14:00","BZN|BG","4131.27","3784.00"
"27/04/2023 14:00 - 27/04/2023 15:00","BZN|BG","4097.20","3783.00"
"27/04/2023 15:00 - 27/04/2023 16:00","BZN|BG","4068.71","3836.00"
"27/04/2023 16:00 - 27/04/2023 17:00","BZN|BG","4125.97","3969.00"
"27/04/2023 17:00 - 27/04/2023 18:00","BZN|BG","4304.27","4280.00"
"27/04/2023 18:00 - 27/04/2023 19:00","BZN|BG","4563.18","4531.00"
"27/04/2023 19:00 - 27/04/2023 20:00","BZN|BG","4678.61","4661.00"
"27/04/2023 20:00 - 27/04/2023 21:00","BZN|BG","4532.43","4501.00"
"27/04/2023 21:00 - 27/04/2023 22:00","BZN|BG","4326.36","4222.00"
"27/04/2023 22:00 - 27/04/2023 23:00","BZN|BG","4053.07","3922.00"
"27/04/2023 23:00 - 28/04/2023 00:00","BZN|BG","3505.24","3647.00"
"28/04/2023 00:00 - 28/04/2023 01:00","BZN|BG","3227.07","3419.00"
"28/04/2023 01:00 - 28/04/2023 02:00","BZN|BG","3061.41","3316.00"
"28/04/2023 02:00 - 28/04/2023 03:00","BZN|BG","3053.08","3228.00"
"28/04/2023 03:00 - 28/04/2023 04:00","BZN|BG","3079.54","3272.00"
"28/04/2023 04:00 - 28/04/2023 05:00","BZN|BG","3213.58","3435.00"
"28/04/2023 05:00 - 28/04/2023 06:00","BZN|BG","3628.42","3865.00"
"28/04/2023 06:00 - 28/04/2023 07:00","BZN|BG","3926.57","4289.00"
"28/04/2023 07:00 - 28/04/2023 08:00","BZN|BG","3923.00","4506.00"
"28/04/2023 08:00 - 28/04/2023 09:00","BZN|BG","3695.07","4450.00"
"28/04/2023 09:00 - 28/04/2023 10:00","BZN|BG","3367.85","4175.00"
"28/04/2023 10:00 - 28/04/2023 11:00","BZN|BG","3220.59","4010.00"
"28/04/2023 11:00 - 28/04/2023 12:00","BZN|BG","3186.42","3946.00"
"28/04/2023 12:00 - 28/04/2023 13:00","BZN|BG","3189.68","3943.00"
"28/04/2023 13:00 - 28/04/2023 14:00","BZN|BG","3167.93","3886.00"
"28/04/2023 14:00 - 28/04/2023 15:00","BZN|BG","3169.16","3894.00"
"28/04/2023 15:00 - 28/04/2023 16:00","BZN|BG","3213.70","3943.00"
"28/04/2023 16:00 - 28/04/2023 17:00","BZN|BG","3283.73","4073.00"
"28/04/2023 17:00 - 28/04/2023 18:00","BZN|BG","3603.33","4368.00"
"28/04/2023 18:00 - 28/04/2023 19:00","BZN|BG","4026.60","4599.00"
"28/04/2023 19:00 - 28/04/2023 20:00","BZN|BG","4279.64","4707.00"
"28/04/2023 20:00 - 28/04/2023 21:00","BZN|BG","4230.28","4550.00"
"28/04/2023 21:00 - 28/04/2023 22:00","BZN|BG","4047.91","4303.00"
"28/04/2023 22:00 - 28/04/2023 23:00","BZN|BG","3809.17","4028.00"
"28/04/2023 23:00 - 29/04/2023 00:00","BZN|BG","3528.93","3562.00"
"29/04/2023 00:00 - 29/04/2023 01:00","BZN|BG","3290.41","3375.00"
"29/04/2023 01:00 - 29/04/2023 02:00","BZN|BG","3156.88","3275.00"
"29/04/2023 02:00 - 29/04/2023 03:00","BZN|BG","3098.41","3241.00"
"29/04/2023 03:00 - 29/04/2023 04:00","BZN|BG","3092.92","3207.00"
"29/04/2023 04:00 - 29/04/2023 05:00","BZN|BG","3123.68","3238.00"
"29/04/2023 05:00 - 29/04/2023 06:00","BZN|BG","3229.72","3405.00"
"29/04/2023 06:00 - 29/04/2023 07:00","BZN|BG","3450.94","3588.00"
"29/04/2023 07:00 - 29/04/2023 08:00","BZN|BG","3540.31","3782.00"
"29/04/2023 08:00 - 29/04/2023 09:00","BZN|BG","3338.86","3806.00"
"29/04/2023 09:00 - 29/04/2023 10:00","BZN|BG","3034.05","3624.00"
"29/04/2023 10:00 - 29/04/2023 11:00","BZN|BG","2837.02","3469.00"
"29/04/2023 11:00 - 29/04/2023 12:00","BZN|BG","2789.49","3369.00"
"29/04/2023 12:00 - 29/04/2023 13:00","BZN|BG","2724.49","3362.00"
"29/04/2023 13:00 - 29/04/2023 14:00","BZN|BG","2743.35","3309.00"
"29/04/2023 14:00 - 29/04/2023 15:00","BZN|BG","2810.02","3346.00"
"29/04/2023 15:00 - 29/04/2023 16:00","BZN|BG","2986.75","3395.00"
"29/04/2023 16:00 - 29/04/2023 17:00","BZN|BG","3312.64","3575.00"
"29/04/2023 17:00 - 29/04/2023 18:00","BZN|BG","3547.69","3781.00"
"29/04/2023 18:00 - 29/04/2023 19:00","BZN|BG","3922.73","3990.00"
"29/04/2023 19:00 - 29/04/2023 20:00","BZN|BG","4085.57","4137.00"
"29/04/2023 20:00 - 29/04/2023 21:00","BZN|BG","3981.18","4060.00"
"29/04/2023 21:00 - 29/04/2023 22:00","BZN|BG","3842.13","3968.00"
"29/04/2023 22:00 - 29/04/2023 23:00","BZN|BG","3565.91","3751.00"
"29/04/2023 23:00 - 30/04/2023 00:00","BZN|BG","3401.40","3424.00"
"30/04/2023 00:00 - 30/04/2023 01:00","BZN|BG","3095.70","3197.00"
"30/04/2023 01:00 - 30/04/2023 02:00","BZN|BG","2951.01","3086.00"
"30/04/2023 02:00 - 30/04/2023 03:00","BZN|BG","2892.91","3053.00"
"30/04/2023 03:00 - 30/04/2023 04:00","BZN|BG","2888.18","3044.00"
"30/04/2023 04:00 - 30/04/2023 05:00","BZN|BG","2931.70","3062.00"
"30/04/2023 05:00 - 30/04/2023 06:00","BZN|BG","3047.39","3167.00"
"30/04/2023 06:00 - 30/04/2023 07:00","BZN|BG","3235.72","3406.00"
"30/04/2023 07:00 - 30/04/2023 08:00","BZN|BG","3328.50","3587.00"
"30/04/2023 08:00 - 30/04/2023 09:00","BZN|BG","3256.46","3634.00"
"30/04/2023 09:00 - 30/04/2023 10:00","BZN|BG","3051.09","3401.00"
"30/04/2023 10:00 - 30/04/2023 11:00","BZN|BG","2851.14","3283.00"
"30/04/2023 11:00 - 30/04/2023 12:00","BZN|BG","2806.71","3216.00"
"30/04/2023 12:00 - 30/04/2023 13:00","BZN|BG","2780.99","3227.00"
"30/04/2023 13:00 - 30/04/2023 14:00","BZN|BG","2800.24","3129.00"
"30/04/2023 14:00 - 30/04/2023 15:00","BZN|BG","2894.44","3131.00"
"30/04/2023 15:00 - 30/04/2023 16:00","BZN|BG","3059.00","3245.00"
"30/04/2023 16:00 - 30/04/2023 17:00","BZN|BG","3265.94","3444.00"
"30/04/2023 17:00 - 30/04/2023 18:00","BZN|BG","3717.90","3642.00"
"30/04/2023 18:00 - 30/04/2023 19:00","BZN|BG","3868.39","3847.00"
"30/04/2023 19:00 - 30/04/2023 20:00","BZN|BG","4064.86","3989.00"
"30/04/2023 20:00 - 30/04/2023 21:00","BZN|BG","4040.15","3920.00"
"30/04/2023 21:00 - 30/04/2023 22:00","BZN|BG","3876.97","3784.00"
"30/04/2023 22:00 - 30/04/2023 23:00","BZN|BG","3678.43","3568.00"
"30/04/2023 23:00 - 01/05/2023 00:00","BZN|BG","3376.22","3408.00"
"01/05/2023 00:00 - 01/05/2023 01:00","BZN|BG","3116.82","3193.00"
"01/05/2023 01:00 - 01/05/2023 02:00","BZN|BG","2976.16","3106.00"
"01/05/2023 02:00 - 01/05/2023 03:00","BZN|BG","2902.66","3055.00"
"01/05/2023 03:00 - 01/05/2023 04:00","BZN|BG","2916.75","3058.00"
"01/05/2023 04:00 - 01/05/2023 05:00","BZN|BG","2967.93","3149.00"
"01/05/2023 05:00 - 01/05/2023 06:00","BZN|BG","3106.69","3341.00"
"01/05/2023 06:00 - 01/05/2023 07:00","BZN|BG","3337.62","3518.00"
"01/05/2023 07:00 - 01/05/2023 08:00","BZN|BG","3587.67","3557.00"
"01/05/2023 08:00 - 01/05/2023 09:00","BZN|BG","3682.86","3440.00"
"01/05/2023 09:00 - 01/05/2023 10:00","BZN|BG","3605.44","3285.00"
"01/05/2023 10:00 - 01/05/2023 11:00","BZN|BG","3518.29","3171.00"
"01/05/2023 11:00 - 01/05/2023 12:00","BZN|BG","3498.32","3134.00"
"01/05/2023 12:00 - 01/05/2023 13:00","BZN|BG","3436.14","3166.00"
"01/05/2023 13:00 - 01/05/2023 14:00","BZN|BG","3368.53","3232.00"
"01/05/2023 14:00 - 01/05/2023 15:00","BZN|BG","3355.83","3289.00"
"01/05/2023 15:00 - 01/05/2023 16:00","BZN|BG","3415.23","3329.00"
"01/05/2023 16:00 - 01/05/2023 17:00","BZN|BG","3524.25","3409.00"
"01/05/2023 17:00 - 01/05/2023 18:00","BZN|BG","3673.26","3791.00"
"01/05/2023 18:00 - 01/05/2023 19:00","BZN|BG","3897.95","4147.00"
"01/05/2023 19:00 - 01/05/2023 20:00","BZN|BG","4126.80","4309.00"
"01/05/2023 20:00 - 01/05/2023 21:00","BZN|BG","4099.25","4183.00"
"01/05/2023 21:00 - 01/05/2023 22:00","BZN|BG","3910.96","4075.00"
"01/05/2023 22:00 - 01/05/2023 23:00","BZN|BG","3624.39","3854.00"
"01/05/2023 23:00 - 02/05/2023 00:00","BZN|BG","3263.23","3408.00"
"02/05/2023 00:00 - 02/05/2023 01:00","BZN|BG","3028.81","3168.00"
"02/05/2023 01:00 - 02/05/2023 02:00","BZN|BG","2903.08","3066.00"
"02/05/2023 02:00 - 02/05/2023 03:00","BZN|BG","2870.17","2994.00"
"02/05/2023 03:00 - 02/05/2023 04:00","BZN|BG","2905.79","3024.00"
"02/05/2023 04:00 - 02/05/2023 05:00","BZN|BG","3080.48","3145.00"
"02/05/2023 05:00 - 02/05/2023 06:00","BZN|BG","3490.33","3517.00"
"02/05/2023 06:00 - 02/05/2023 07:00","BZN|BG","3805.88","3855.00"
"02/05/2023 07:00 - 02/05/2023 08:00","BZN|BG","3944.39","3993.00"
"02/05/2023 08:00 - 02/05/2023 09:00","BZN|BG","3889.44","3929.00"
"02/05/2023 09:00 - 02/05/2023 10:00","BZN|BG","3751.21","3769.00"
"02/05/2023 10:00 - 02/05/2023 11:00","BZN|BG","3659.34","3681.00"
"02/05/2023 11:00 - 02/05/2023 12:00","BZN|BG","3615.47","3638.00"
"02/05/2023 12:00 - 02/05/2023 13:00","BZN|BG","3627.74","3646.00"
"02/05/2023 13:00 - 02/05/2023 14:00","BZN|BG","3600.31","3626.00"
"02/05/2023 14:00 - 02/05/2023 15:00","BZN|BG","3583.02","3609.00"
"02/05/2023 15:00 - 02/05/2023 16:00","BZN|BG","3569.95","3651.00"
"02/05/2023 16:00 - 02/05/2023 17:00","BZN|BG","3599.80","3761.00"
"02/05/2023 17:00 - 02/05/2023 18:00","BZN|BG","3798.12","4019.00"
"02/05/2023 18:00 - 02/05/2023 19:00","BZN|BG","4000.31","4253.00"
"02/05/2023 19:00 - 02/05/2023 20:00","BZN|BG","4239.10","4341.00"
"02/05/2023 20:00 - 02/05/2023 21:00","BZN|BG","4189.77","4213.00"
"02/05/2023 21:00 - 02/05/2023 22:00","BZN|BG","4005.80","4043.00"
"02/05/2023 22:00 - 02/05/2023 23:00","BZN|BG","3658.24","3811.00"
"02/05/2023 23:00 - 03/05/2023 00:00","BZN|BG","3364.50","3326.00"
"03/05/2023 00:00 - 03/05/2023 01:00","BZN|BG","3132.34","3124.00"
"03/05/2023 01:00 - 03/05/2023 02:00","BZN|BG","3028.09","3043.00"
"03/05/2023 02:00 - 03/05/2023 03:00","BZN|BG","2995.77","2986.00"
"03/05/2023 03:00 - 03/05/2023 04:00","BZN|BG","3002.96","3012.00"
"03/05/2023 04:00 - 03/05/2023 05:00","BZN|BG","3163.53","3118.00"
"03/05/2023 05:00 - 03/05/2023 06:00","BZN|BG","3532.78","3478.00"
"03/05/2023 06:00 - 03/05/2023 07:00","BZN|BG","3908.07","3812.00"
"03/05/2023 07:00 - 03/05/2023 08:00","BZN|BG","4167.34","3954.00"
"03/05/2023 08:00 - 03/05/2023 09:00","BZN|BG","4239.40","3890.00"
"03/05/2023 09:00 - 03/05/2023 10:00","BZN|BG","4098.78","3714.00"
"03/05/2023 10:00 - 03/05/2023 11:00","BZN|BG","3959.79","3609.00"
"03/05/2023 11:00 - 03/05/2023 12:00","BZN|BG","3825.33","3563.00"
"03/05/2023 12:00 - 03/05/2023 13:00","BZN|BG","3801.32","3547.00"
"03/05/2023 13:00 - 03/05/2023 14:00","BZN|BG","3804.11","3502.00"
"03/05/2023 14:00 - 03/05/2023 15:00","BZN|BG","3858.62","3518.00"
"03/05/2023 15:00 - 03/05/2023 16:00","BZN|BG","3902.07","3555.00"
"03/05/2023 16:00 - 03/05/2023 17:00","BZN|BG","4014.79","3695.00"
"03/05/2023 17:00 - 03/05/2023 18:00","BZN|BG","4295.89","3974.00"
"03/05/2023 18:00 - 03/05/2023 19:00","BZN|BG","4500.78","4241.00"
"03/05/2023 19:00 - 03/05/2023 20:00","BZN|BG","4557.80","4304.00"
"03/05/2023 20:00 - 03/05/2023 21:00","BZN|BG","4416.02","4174.00"
"03/05/2023 21:00 - 03/05/2023 22:00","BZN|BG","4091.28","4010.00"
"03/05/2023 22:00 - 03/05/2023 23:00","BZN|BG","3808.08","3753.00"
"03/05/2023 23:00 - 04/05/2023 00:00","BZN|BG","3448.00","3405.00"
"04/05/2023 00:00 - 04/05/2023 01:00","BZN|BG","3192.51","3204.00"
"04/05/2023 01:00 - 04/05/2023 02:00","BZN|BG","3094.70","3123.00"
"04/05/2023 02:00 - 04/05/2023 03:00","BZN|BG","3072.00","3076.00"
"04/05/2023 03:00 - 04/05/2023 04:00","BZN|BG","3121.27","3107.00"
"04/05/2023 04:00 - 04/05/2023 05:00","BZN|BG","3258.21","3245.00"
"04/05/2023 05:00 - 04/05/2023 06:00","BZN|BG","3653.73","3685.00"
"04/05/2023 06:00 - 04/05/2023 07:00","BZN|BG","4024.31","4088.00"
"04/05/2023 07:00 - 04/05/2023 08:00","BZN|BG","4347.97","4188.00"
"04/05/2023 08:00 - 04/05/2023 09:00","BZN|BG","4443.32","4249.00"
"04/05/2023 09:00 - 04/05/2023 10:00","BZN|BG","4363.44","4128.00"
"04/05/2023 10:00 - 04/05/2023 11:00","BZN|BG","4299.73","4043.00"
"04/05/2023 11:00 - 04/05/2023 12:00","BZN|BG","4220.79","3906.00"
"04/05/2023 12:00 - 04/05/2023 13:00","BZN|BG","4145.88","3891.00"
"04/05/2023 13:00 - 04/05/2023 14:00","BZN|BG","4063.28","3868.00"
"04/05/2023 14:00 - 04/05/2023 15:00","BZN|BG","4021.55","3879.00"
"04/05/2023 15:00 - 04/05/2023 16:00","BZN|BG","4020.09","3924.00"
"04/05/2023 16:00 - 04/05/2023 17:00","BZN|BG","4068.17","4035.00"
"04/05/2023 17:00 - 04/05/2023 18:00","BZN|BG","4288.94","4257.00"
"04/05/2023 18:00 - 04/05/2023 19:00","BZN|BG","4433.49","4464.00"
"04/05/2023 19:00 - 04/05/2023 20:00","BZN|BG","4505.59","4544.00"
"04/05/2023 20:00 - 04/05/2023 21:00","BZN|BG","4416.90","4405.00"
"04/05/2023 21:00 - 04/05/2023 22:00","BZN|BG","4196.19","4201.00"
"04/05/2023 22:00 - 04/05/2023 23:00","BZN|BG","3914.47","3888.00"
"04/05/2023 23:00 - 05/05/2023 00:00","BZN|BG","3500.13","3370.00"
"05/05/2023 00:00 - 05/05/2023 01:00","BZN|BG","3229.60","3188.00"
"05/05/2023 01:00 - 05/05/2023 02:00","BZN|BG","3073.58","3115.00"
"05/05/2023 02:00 - 05/05/2023 03:00","BZN|BG","3003.52","3075.00"
"05/05/2023 03:00 - 05/05/2023 04:00","BZN|BG","3031.21","3101.00"
"05/05/2023 04:00 - 05/05/2023 05:00","BZN|BG","3127.50","3239.00"
"05/05/2023 05:00 - 05/05/2023 06:00","BZN|BG","3465.27","3673.00"
"05/05/2023 06:00 - 05/05/2023 07:00","BZN|BG","3766.32","4072.00"
"05/05/2023 07:00 - 05/05/2023 08:00","BZN|BG","3880.38","4231.00"
"05/05/2023 08:00 - 05/05/2023 09:00","BZN|BG","3825.22","4141.00"
"05/05/2023 09:00 - 05/05/2023 10:00","BZN|BG","3604.27","3891.00"
"05/05/2023 10:00 - 05/05/2023 11:00","BZN|BG","3420.57","3710.00"
"05/05/2023 11:00 - 05/05/2023 12:00","BZN|BG","3317.97","3616.00"
"05/05/2023 12:00 - 05/05/2023 13:00","BZN|BG","3309.72","3559.00"
"05/05/2023 13:00 - 05/05/2023 14:00","BZN|BG","3266.20","3512.00"
"05/05/2023 14:00 - 05/05/2023 15:00","BZN|BG","3307.28","3527.00"
"05/05/2023 15:00 - 05/05/2023 16:00","BZN|BG","3357.34","3593.00"
"05/05/2023 16:00 - 05/05/2023 17:00","BZN|BG","3448.52","3751.00"
"05/05/2023 17:00 - 05/05/2023 18:00","BZN|BG","3700.75","4082.00"
"05/05/2023 18:00 - 05/05/2023 19:00","BZN|BG","3946.31","4391.00"
"05/05/2023 19:00 - 05/05/2023 20:00","BZN|BG","4112.83","4502.00"
"05/05/2023 20:00 - 05/05/2023 21:00","BZN|BG","4072.86","4383.00"
"05/05/2023 21:00 - 05/05/2023 22:00","BZN|BG","3946.13","4090.00"
"05/05/2023 22:00 - 05/05/2023 23:00","BZN|BG","3718.07","3734.00"
"05/05/2023 23:00 - 06/05/2023 00:00","BZN|BG","3359.79","3339.00"
"06/05/2023 00:00 - 06/05/2023 01:00","BZN|BG","3085.33","3135.00"
"06/05/2023 01:00 - 06/05/2023 02:00","BZN|BG","2869.55","2991.00"
"06/05/2023 02:00 - 06/05/2023 03:00","BZN|BG","2747.42","2933.00"
"06/05/2023 03:00 - 06/05/2023 04:00","BZN|BG","2706.68","2945.00"
"06/05/2023 04:00 - 06/05/2023 05:00","BZN|BG","2727.92","3058.00"
"06/05/2023 05:00 - 06/05/2023 06:00","BZN|BG","2819.29","3235.00"
"06/05/2023 06:00 - 06/05/2023 07:00","BZN|BG","3025.81","3472.00"
"06/05/2023 07:00 - 06/05/2023 08:00","BZN|BG","3169.71","3677.00"
"06/05/2023 08:00 - 06/05/2023 09:00","BZN|BG","3117.38","3599.00"
"06/05/2023 09:00 - 06/05/2023 10:00","BZN|BG","2947.04","3451.00"
"06/05/2023 10:00 - 06/05/2023 11:00","BZN|BG","2822.42","3302.00"
"06/05/2023 11:00 - 06/05/2023 12:00","BZN|BG","2850.96","3215.00"
"06/05/2023 12:00 - 06/05/2023 13:00","BZN|BG","2788.27","3126.00"
"06/05/2023 13:00 - 06/05/2023 14:00","BZN|BG","2726.33","3122.00"
"06/05/2023 14:00 - 06/05/2023 15:00","BZN|BG","2702.06","3132.00"
"06/05/2023 15:00 - 06/05/2023 16:00","BZN|BG","2758.24","3253.00"
"06/05/2023 16:00 - 06/05/2023 17:00","BZN|BG","2870.48","3457.00"
"06/05/2023 17:00 - 06/05/2023 18:00","BZN|BG","3085.83","3693.00"
"06/05/2023 18:00 - 06/05/2023 19:00","BZN|BG","3265.32","3986.00"
"06/05/2023 19:00 - 06/05/2023 20:00","BZN|BG","3460.31","4158.00"
"06/05/2023 20:00 - 06/05/2023 21:00","BZN|BG","3491.05","4053.00"
"06/05/2023 21:00 - 06/05/2023 22:00","BZN|BG","3412.28","3878.00"
"06/05/2023 22:00 - 06/05/2023 23:00","BZN|BG","3235.74","3583.00"
"06/05/2023 23:00 - 07/05/2023 00:00","BZN|BG","2994.23","3205.00"
"07/05/2023 00:00 - 07/05/2023 01:00","BZN|BG","2780.94","3033.00"
"07/05/2023 01:00 - 07/05/2023 02:00","BZN|BG","2611.59","2827.00"
"07/05/2023 02:00 - 07/05/2023 03:00","BZN|BG","2569.26","2801.00"
"07/05/2023 03:00 - 07/05/2023 04:00","BZN|BG","2575.04","2821.00"
"07/05/2023 04:00 - 07/05/2023 05:00","BZN|BG","2620.96","2844.00"
"07/05/2023 05:00 - 07/05/2023 06:00","BZN|BG","2675.08","2872.00"
"07/05/2023 06:00 - 07/05/2023 07:00","BZN|BG","2819.33","3087.00"
"07/05/2023 07:00 - 07/05/2023 08:00","BZN|BG","2863.89","3313.00"
"07/05/2023 08:00 - 07/05/2023 09:00","BZN|BG","2788.51","3270.00"
"07/05/2023 09:00 - 07/05/2023 10:00","BZN|BG","2640.85","3138.00"
"07/05/2023 10:00 - 07/05/2023 11:00","BZN|BG","2525.80","3040.00"
"07/05/2023 11:00 - 07/05/2023 12:00","BZN|BG","2507.79","3034.00"
"07/05/2023 12:00 - 07/05/2023 13:00","BZN|BG","2443.80","2945.00"
"07/05/2023 13:00 - 07/05/2023 14:00","BZN|BG","2627.40","2877.00"
"07/05/2023 14:00 - 07/05/2023 15:00","BZN|BG","2650.10","2972.00"
"07/05/2023 15:00 - 07/05/2023 16:00","BZN|BG","2774.04","3080.00"
"07/05/2023 16:00 - 07/05/2023 17:00","BZN|BG","2984.51","3221.00"
"07/05/2023 17:00 - 07/05/2023 18:00","BZN|BG","3398.04","3421.00"
"07/05/2023 18:00 - 07/05/2023 19:00","BZN|BG","3548.04","3614.00"
"07/05/2023 19:00 - 07/05/2023 20:00","BZN|BG","3758.25","3800.00"
"07/05/2023 20:00 - 07/05/2023 21:00","BZN|BG","3740.70","3761.00"
"07/05/2023 21:00 - 07/05/2023 22:00","BZN|BG","3683.14","3661.00"
"07/05/2023 22:00 - 07/05/2023 23:00","BZN|BG","3484.97","3513.00"
"07/05/2023 23:00 - 08/05/2023 00:00","BZN|BG","3203.60","3211.00"
"08/05/2023 00:00 - 08/05/2023 01:00","BZN|BG","2975.70","3002.00"
"08/05/2023 01:00 - 08/05/2023 02:00","BZN|BG","2851.91","2907.00"
"08/05/2023 02:00 - 08/05/2023 03:00","BZN|BG","2800.24","2904.00"
"08/05/2023 03:00 - 08/05/2023 04:00","BZN|BG","2800.94","2867.00"
"08/05/2023 04:00 - 08/05/2023 05:00","BZN|BG","2850.59","2902.00"
"08/05/2023 05:00 - 08/05/2023 06:00","BZN|BG","2963.55","3018.00"
"08/05/2023 06:00 - 08/05/2023 07:00","BZN|BG","3152.39","3209.00"
"08/05/2023 07:00 - 08/05/2023 08:00","BZN|BG","3415.04","3311.00"
"08/05/2023 08:00 - 08/05/2023 09:00","BZN|BG","3526.13","3338.00"
"08/05/2023 09:00 - 08/05/2023 10:00","BZN|BG","3501.09","3181.00"
"08/05/2023 10:00 - 08/05/2023 11:00","BZN|BG","3492.64","3107.00"
"08/05/2023 11:00 - 08/05/2023 12:00","BZN|BG","3465.08","3008.00"
"08/05/2023 12:00 - 08/05/2023 13:00","BZN|BG","3443.76","2964.00"
"08/05/2023 13:00 - 08/05/2023 14:00","BZN|BG","3400.80","2918.00"
"08/05/2023 14:00 - 08/05/2023 15:00","BZN|BG","3473.01","2922.00"
"08/05/2023 15:00 - 08/05/2023 16:00","BZN|BG","3598.80","3056.00"
"08/05/2023 16:00 - 08/05/2023 17:00","BZN|BG","3816.97","3270.00"
"08/05/2023 17:00 - 08/05/2023 18:00","BZN|BG","4040.99","3513.00"
"08/05/2023 18:00 - 08/05/2023 19:00","BZN|BG","4227.92","3800.00"
"08/05/2023 19:00 - 08/05/2023 20:00","BZN|BG","4272.40","4006.00"
"08/05/2023 20:00 - 08/05/2023 21:00","BZN|BG","4121.68","3970.00"
"08/05/2023 21:00 - 08/05/2023 22:00","BZN|BG","3848.71","3870.00"
"08/05/2023 22:00 - 08/05/2023 23:00","BZN|BG","3549.63","3681.00"
"08/05/2023 23:00 - 09/05/2023 00:00","BZN|BG","3213.14","3306.00"
"09/05/2023 00:00 - 09/05/2023 01:00","BZN|BG","2977.04","3053.00"
"09/05/2023 01:00 - 09/05/2023 02:00","BZN|BG","2879.73","2942.00"
"09/05/2023 02:00 - 09/05/2023 03:00","BZN|BG","2851.31","2901.00"
"09/05/2023 03:00 - 09/05/2023 04:00","BZN|BG","2910.66","2924.00"
"09/05/2023 04:00 - 09/05/2023 05:00","BZN|BG","3052.84","3046.00"
"09/05/2023 05:00 - 09/05/2023 06:00","BZN|BG","3425.14","3425.00"
"09/05/2023 06:00 - 09/05/2023 07:00","BZN|BG","3822.48","3759.00"
"09/05/2023 07:00 - 09/05/2023 08:00","BZN|BG","4127.45","3871.00"
"09/05/2023 08:00 - 09/05/2023 09:00","BZN|BG","4232.72","3832.00"
"09/05/2023 09:00 - 09/05/2023 10:00","BZN|BG","4192.98","3734.00"
"09/05/2023 10:00 - 09/05/2023 11:00","BZN|BG","4180.81","3664.00"
"09/05/2023 11:00 - 09/05/2023 12:00","BZN|BG","4152.21","3625.00"
"09/05/2023 12:00 - 09/05/2023 13:00","BZN|BG","4150.32","3578.00"
"09/05/2023 13:00 - 09/05/2023 14:00","BZN|BG","4103.69","3585.00"
"09/05/2023 14:00 - 09/05/2023 15:00","BZN|BG","4087.82","3610.00"
"09/05/2023 15:00 - 09/05/2023 16:00","BZN|BG","4081.32","3643.00"
"09/05/2023 16:00 - 09/05/2023 17:00","BZN|BG","4145.88","3714.00"
"09/05/2023 17:00 - 09/05/2023 18:00","BZN|BG","4351.73","3930.00"
"09/05/2023 18:00 - 09/05/2023 19:00","BZN|BG","4451.87","4109.00"
"09/05/2023 19:00 - 09/05/2023 20:00","BZN|BG","4472.17","4208.00"
"09/05/2023 20:00 - 09/05/2023 21:00","BZN|BG","4363.24","4179.00"
"09/05/2023 21:00 - 09/05/2023 22:00","BZN|BG","4132.46","3936.00"
"09/05/2023 22:00 - 09/05/2023 23:00","BZN|BG","3848.21","3688.00"
"09/05/2023 23:00 - 10/05/2023 00:00","BZN|BG","3486.33","3244.00"
"10/05/2023 00:00 - 10/05/2023 01:00","BZN|BG","3257.25","3036.00"
"10/05/2023 01:00 - 10/05/2023 02:00","BZN|BG","3163.66","2945.00"
"10/05/2023 02:00 - 10/05/2023 03:00","BZN|BG","3098.75","2913.00"
"10/05/2023 03:00 - 10/05/2023 04:00","BZN|BG","3125.21","2948.00"
"10/05/2023 04:00 - 10/05/2023 05:00","BZN|BG","3261.11","3125.00"
"10/05/2023 05:00 - 10/05/2023 06:00","BZN|BG","3642.14","3603.00"
"10/05/2023 06:00 - 10/05/2023 07:00","BZN|BG","3975.94","4047.00"
"10/05/2023 07:00 - 10/05/2023 08:00","BZN|BG","4196.68","4202.00"
"10/05/2023 08:00 - 10/05/2023 09:00","BZN|BG","4233.31","4149.00"
"10/05/2023 09:00 - 10/05/2023 10:00","BZN|BG","4123.69","4022.00"
"10/05/2023 10:00 - 10/05/2023 11:00","BZN|BG","4077.14","3915.00"
"10/05/2023 11:00 - 10/05/2023 12:00","BZN|BG","3975.07","3863.00"
"10/05/2023 12:00 - 10/05/2023 13:00","BZN|BG","3933.91","3779.00"
"10/05/2023 13:00 - 10/05/2023 14:00","BZN|BG","3935.77","3792.00"
"10/05/2023 14:00 - 10/05/2023 15:00","BZN|BG","3891.25","3825.00"
"10/05/2023 15:00 - 10/05/2023 16:00","BZN|BG","3891.81","3854.00"
"10/05/2023 16:00 - 10/05/2023 17:00","BZN|BG","3983.62","3927.00"
"10/05/2023 17:00 - 10/05/2023 18:00","BZN|BG","4229.27","4131.00"
"10/05/2023 18:00 - 10/05/2023 19:00","BZN|BG","4470.91","4297.00"
"10/05/2023 19:00 - 10/05/2023 20:00","BZN|BG","4527.90","4450.00"
"10/05/2023 20:00 - 10/05/2023 21:00","BZN|BG","4486.48","4375.00"
"10/05/2023 21:00 - 10/05/2023 22:00","BZN|BG","4231.08","4003.00"
"10/05/2023 22:00 - 10/05/2023 23:00","BZN|BG","4033.51","3660.00"
"10/05/2023 23:00 - 11/05/2023 00:00","BZN|BG","3525.28","3476.00"
"11/05/2023 00:00 - 11/05/2023 01:00","BZN|BG","3263.62","3210.00"
"11/05/2023 01:00 - 11/05/2023 02:00","BZN|BG","3131.17","3104.00"
"11/05/2023 02:00 - 11/05/2023 03:00","BZN|BG","3099.98","3070.00"
"11/05/2023 03:00 - 11/05/2023 04:00","BZN|BG","3103.85","3107.00"
"11/05/2023 04:00 - 11/05/2023 05:00","BZN|BG","3259.78","3254.00"
"11/05/2023 05:00 - 11/05/2023 06:00","BZN|BG","3670.28","3655.00"
"11/05/2023 06:00 - 11/05/2023 07:00","BZN|BG","4022.45","4046.00"
"11/05/2023 07:00 - 11/05/2023 08:00","BZN|BG","4233.13","4207.00"
"11/05/2023 08:00 - 11/05/2023 09:00","BZN|BG","4260.03","4183.00"
"11/05/2023 09:00 - 11/05/2023 10:00","BZN|BG","4146.31","4120.00"
"11/05/2023 10:00 - 11/05/2023 11:00","BZN|BG","4085.85","4077.00"
"11/05/2023 11:00 - 11/05/2023 12:00","BZN|BG","4013.19","4048.00"
"11/05/2023 12:00 - 11/05/2023 13:00","BZN|BG","3953.88","4008.00"
"11/05/2023 13:00 - 11/05/2023 14:00","BZN|BG","3887.30","4013.00"
"11/05/2023 14:00 - 11/05/2023 15:00","BZN|BG","3867.66","4036.00"
"11/05/2023 15:00 - 11/05/2023 16:00","BZN|BG","3893.53","4055.00"
"11/05/2023 16:00 - 11/05/2023 17:00","BZN|BG","3981.28","4130.00"
"11/05/2023 17:00 - 11/05/2023 18:00","BZN|BG","4253.48","4315.00"
"11/05/2023 18:00 - 11/05/2023 19:00","BZN|BG","4466.09","4455.00"
"11/05/2023 19:00 - 11/05/2023 20:00","BZN|BG","4571.41","4524.00"
"11/05/2023 20:00 - 11/05/2023 21:00","BZN|BG","4524.17","4511.00"
"11/05/2023 21:00 - 11/05/2023 22:00","BZN|BG","4281.91","4163.00"
"11/05/2023 22:00 - 11/05/2023 23:00","BZN|BG","3958.36","3818.00"
"11/05/2023 23:00 - 12/05/2023 00:00","BZN|BG","3466.18","3424.00"
"12/05/2023 00:00 - 12/05/2023 01:00","BZN|BG","3218.79","3167.00"
"12/05/2023 01:00 - 12/05/2023 02:00","BZN|BG","3039.97","3068.00"
"12/05/2023 02:00 - 12/05/2023 03:00","BZN|BG","2982.14","3033.00"
"12/05/2023 03:00 - 12/05/2023 04:00","BZN|BG","3033.85","3063.00"
"12/05/2023 04:00 - 12/05/2023 05:00","BZN|BG","3179.18","3189.00"
"12/05/2023 05:00 - 12/05/2023 06:00","BZN|BG","3548.71","3529.00"
"12/05/2023 06:00 - 12/05/2023 07:00","BZN|BG","3899.68","3874.00"
"12/05/2023 07:00 - 12/05/2023 08:00","BZN|BG","4051.33","4021.00"
"12/05/2023 08:00 - 12/05/2023 09:00","BZN|BG","3934.93","4000.00"
"12/05/2023 09:00 - 12/05/2023 10:00","BZN|BG","3765.42","3863.00"
"12/05/2023 10:00 - 12/05/2023 11:00","BZN|BG","3608.79","3794.00"
"12/05/2023 11:00 - 12/05/2023 12:00","BZN|BG","3465.06","3738.00"
"12/05/2023 12:00 - 12/05/2023 13:00","BZN|BG","3404.83","3676.00"
"12/05/2023 13:00 - 12/05/2023 14:00","BZN|BG","3319.32","3679.00"
"12/05/2023 14:00 - 12/05/2023 15:00","BZN|BG","3334.27","3702.00"
"12/05/2023 15:00 - 12/05/2023 16:00","BZN|BG","3450.57","3731.00"
"12/05/2023 16:00 - 12/05/2023 17:00","BZN|BG","3603.40","3835.00"
"12/05/2023 17:00 - 12/05/2023 18:00","BZN|BG","3926.28","4105.00"
"12/05/2023 18:00 - 12/05/2023 19:00","BZN|BG","4196.41","4313.00"
"12/05/2023 19:00 - 12/05/2023 20:00","BZN|BG","4343.07","4418.00"
"12/05/2023 20:00 - 12/05/2023 21:00","BZN|BG","4325.73","4400.00"
"12/05/2023 21:00 - 12/05/2023 22:00","BZN|BG","4136.63","4087.00"
"12/05/2023 22:00 - 12/05/2023 23:00","BZN|BG","3876.11","3752.00"
"12/05/2023 23:00 - 13/05/2023 00:00","BZN|BG","3533.72","3460.00"
"13/05/2023 00:00 - 13/05/2023 01:00","BZN|BG","3266.27","3133.00"
"13/05/2023 01:00 - 13/05/2023 02:00","BZN|BG","3141.43","3031.00"
"13/05/2023 02:00 - 13/05/2023 03:00","BZN|BG","3067.96","3012.00"
"13/05/2023 03:00 - 13/05/2023 04:00","BZN|BG","3038.76","3042.00"
"13/05/2023 04:00 - 13/05/2023 05:00","BZN|BG","3095.08","3091.00"
"13/05/2023 05:00 - 13/05/2023 06:00","BZN|BG","3185.38","3222.00"
"13/05/2023 06:00 - 13/05/2023 07:00","BZN|BG","3325.56","3342.00"
"13/05/2023 07:00 - 13/05/2023 08:00","BZN|BG","3397.77","3631.00"
"13/05/2023 08:00 - 13/05/2023 09:00","BZN|BG","3288.66","3700.00"
"13/05/2023 09:00 - 13/05/2023 10:00","BZN|BG","3099.25","3650.00"
"13/05/2023 10:00 - 13/05/2023 11:00","BZN|BG","2985.47","3548.00"
"13/05/2023 11:00 - 13/05/2023 12:00","BZN|BG","2951.94","3411.00"
"13/05/2023 12:00 - 13/05/2023 13:00","BZN|BG","2772.70","3360.00"
"13/05/2023 13:00 - 13/05/2023 14:00","BZN|BG","2697.23","3322.00"
"13/05/2023 14:00 - 13/05/2023 15:00","BZN|BG","2734.81","3374.00"
"13/05/2023 15:00 - 13/05/2023 16:00","BZN|BG","2828.31","3529.00"
"13/05/2023 16:00 - 13/05/2023 17:00","BZN|BG","3043.38","3614.00"
"13/05/2023 17:00 - 13/05/2023 18:00","BZN|BG","3595.95","3802.00"
"13/05/2023 18:00 - 13/05/2023 19:00","BZN|BG","3747.66","4010.00"
"13/05/2023 19:00 - 13/05/2023 20:00","BZN|BG","3935.11","4111.00"
"13/05/2023 20:00 - 13/05/2023 21:00","BZN|BG","3996.51","4061.00"
"13/05/2023 21:00 - 13/05/2023 22:00","BZN|BG","3844.88","3877.00"
"13/05/2023 22:00 - 13/05/2023 23:00","BZN|BG","3650.31","3600.00"
"13/05/2023 23:00 - 14/05/2023 00:00","BZN|BG","3359.54","3365.00"
"14/05/2023 00:00 - 14/05/2023 01:00","BZN|BG","3140.99","3104.00"
"14/05/2023 01:00 - 14/05/2023 02:00","BZN|BG","3005.02","2979.00"
"14/05/2023 02:00 - 14/05/2023 03:00","BZN|BG","2912.48","2953.00"
"14/05/2023 03:00 - 14/05/2023 04:00","BZN|BG","2916.50","2938.00"
"14/05/2023 04:00 - 14/05/2023 05:00","BZN|BG","2918.80","2977.00"
"14/05/2023 05:00 - 14/05/2023 06:00","BZN|BG","2956.95","3033.00"
"14/05/2023 06:00 - 14/05/2023 07:00","BZN|BG","3157.39","3197.00"
"14/05/2023 07:00 - 14/05/2023 08:00","BZN|BG","3460.58","3469.00"
"14/05/2023 08:00 - 14/05/2023 09:00","BZN|BG","3738.59","3524.00"
"14/05/2023 09:00 - 14/05/2023 10:00","BZN|BG","3892.11","3449.00"
"14/05/2023 10:00 - 14/05/2023 11:00","BZN|BG","3943.06","3441.00"
"14/05/2023 11:00 - 14/05/2023 12:00","BZN|BG","3967.80","3472.00"
"14/05/2023 12:00 - 14/05/2023 13:00","BZN|BG","3871.03","3271.00"
"14/05/2023 13:00 - 14/05/2023 14:00","BZN|BG","3776.71","3163.00"
"14/05/2023 14:00 - 14/05/2023 15:00","BZN|BG","3714.17","3140.00"
"14/05/2023 15:00 - 14/05/2023 16:00","BZN|BG","3861.20","3332.00"
"14/05/2023 16:00 - 14/05/2023 17:00","BZN|BG","4070.05","3646.00"
"14/05/2023 17:00 - 14/05/2023 18:00","BZN|BG","4307.44","3805.00"
"14/05/2023 18:00 - 14/05/2023 19:00","BZN|BG","4476.38","4097.00"
"14/05/2023 19:00 - 14/05/2023 20:00","BZN|BG","4480.92","4270.00"
"14/05/2023 20:00 - 14/05/2023 21:00","BZN|BG","4352.92","4209.00"
"14/05/2023 21:00 - 14/05/2023 22:00","BZN|BG","4078.85","4148.00"
"14/05/2023 22:00 - 14/05/2023 23:00","BZN|BG","3763.72","3693.00"
"14/05/2023 23:00 - 15/05/2023 00:00","BZN|BG","3421.11","3403.00"
"15/05/2023 00:00 - 15/05/2023 01:00","BZN|BG","3160.31","3105.00"
"15/05/2023 01:00 - 15/05/2023 02:00","BZN|BG","3019.20","2952.00"
"15/05/2023 02:00 - 15/05/2023 03:00","BZN|BG","2968.05","2926.00"
"15/05/2023 03:00 - 15/05/2023 04:00","BZN|BG","2983.81","2976.00"
"15/05/2023 04:00 - 15/05/2023 05:00","BZN|BG","3148.01","3036.00"
"15/05/2023 05:00 - 15/05/2023 06:00","BZN|BG","3554.33","3344.00"
"15/05/2023 06:00 - 15/05/2023 07:00","BZN|BG","3917.82","3899.00"
"15/05/2023 07:00 - 15/05/2023 08:00","BZN|BG","4160.08","4094.00"
"15/05/2023 08:00 - 15/05/2023 09:00","BZN|BG","4199.10","4158.00"
"15/05/2023 09:00 - 15/05/2023 10:00","BZN|BG","4062.56","4045.00"
"15/05/2023 10:00 - 15/05/2023 11:00","BZN|BG","4022.98","3959.00"
"15/05/2023 11:00 - 15/05/2023 12:00","BZN|BG","4019.91","3908.00"
"15/05/2023 12:00 - 15/05/2023 13:00","BZN|BG","4017.55","3906.00"
"15/05/2023 13:00 - 15/05/2023 14:00","BZN|BG","3978.87","3852.00"
"15/05/2023 14:00 - 15/05/2023 15:00","BZN|BG","3947.94","3952.00"
"15/05/2023 15:00 - 15/05/2023 16:00","BZN|BG","3886.99","4041.00"
"15/05/2023 16:00 - 15/05/2023 17:00","BZN|BG","3882.32","4189.00"
"15/05/2023 17:00 - 15/05/2023 18:00","BZN|BG","4054.84","4270.00"
"15/05/2023 18:00 - 15/05/2023 19:00","BZN|BG","4213.56","4371.00"
"15/05/2023 19:00 - 15/05/2023 20:00","BZN|BG","4320.08","4449.00"
"15/05/2023 20:00 - 15/05/2023 21:00","BZN|BG","4303.16","4356.00"
"15/05/2023 21:00 - 15/05/2023 22:00","BZN|BG","4103.31","4150.00"
"15/05/2023 22:00 - 15/05/2023 23:00","BZN|BG","3823.65","3849.00"
"15/05/2023 23:00 - 16/05/2023 00:00","BZN|BG","3431.59","3402.00"
"16/05/2023 00:00 - 16/05/2023 01:00","BZN|BG","3179.71","3150.00"
"16/05/2023 01:00 - 16/05/2023 02:00","BZN|BG","3068.92","3036.00"
"16/05/2023 02:00 - 16/05/2023 03:00","BZN|BG","3013.54","3000.00"
"16/05/2023 03:00 - 16/05/2023 04:00","BZN|BG","3035.71","3035.00"
"16/05/2023 04:00 - 16/05/2023 05:00","BZN|BG","3144.42","3156.00"
"16/05/2023 05:00 - 16/05/2023 06:00","BZN|BG","3518.96","3489.00"
"16/05/2023 06:00 - 16/05/2023 07:00","BZN|BG","3870.25","3812.00"
"16/05/2023 07:00 - 16/05/2023 08:00","BZN|BG","4088.18","3976.00"
"16/05/2023 08:00 - 16/05/2023 09:00","BZN|BG","4126.87","3923.00"
"16/05/2023 09:00 - 16/05/2023 10:00","BZN|BG","4020.94","3808.00"
"16/05/2023 10:00 - 16/05/2023 11:00","BZN|BG","3952.39","3748.00"
"16/05/2023 11:00 - 16/05/2023 12:00","BZN|BG","3851.84","3675.00"
"16/05/2023 12:00 - 16/05/2023 13:00","BZN|BG","3847.57","3636.00"
"16/05/2023 13:00 - 16/05/2023 14:00","BZN|BG","3832.93","3613.00"
"16/05/2023 14:00 - 16/05/2023 15:00","BZN|BG","3818.87","3645.00"
"16/05/2023 15:00 - 16/05/2023 16:00","BZN|BG","3802.26","3666.00"
"16/05/2023 16:00 - 16/05/2023 17:00","BZN|BG","3871.77","3758.00"
"16/05/2023 17:00 - 16/05/2023 18:00","BZN|BG","4071.94","4062.00"
"16/05/2023 18:00 - 16/05/2023 19:00","BZN|BG","4265.74","4305.00"
"16/05/2023 19:00 - 16/05/2023 20:00","BZN|BG","4289.78","4409.00"
"16/05/2023 20:00 - 16/05/2023 21:00","BZN|BG","4252.83","4378.00"
"16/05/2023 21:00 - 16/05/2023 22:00","BZN|BG","4010.46","4161.00"
"16/05/2023 22:00 - 16/05/2023 23:00","BZN|BG","3758.05","3822.00"
"16/05/2023 23:00 - 17/05/2023 00:00","BZN|BG","3380.24","3398.00"
"17/05/2023 00:00 - 17/05/2023 01:00","BZN|BG","3112.01","3136.00"
"17/05/2023 01:00 - 17/05/2023 02:00","BZN|BG","2978.73","3021.00"
"17/05/2023 02:00 - 17/05/2023 03:00","BZN|BG","2943.96","2992.00"
"17/05/2023 03:00 - 17/05/2023 04:00","BZN|BG","2988.49","3024.00"
"17/05/2023 04:00 - 17/05/2023 05:00","BZN|BG","3120.78","3143.00"
"17/05/2023 05:00 - 17/05/2023 06:00","BZN|BG","3488.48","3458.00"
"17/05/2023 06:00 - 17/05/2023 07:00","BZN|BG","3816.60","3792.00"
"17/05/2023 07:00 - 17/05/2023 08:00","BZN|BG","4011.52","3979.00"
"17/05/2023 08:00 - 17/05/2023 09:00","BZN|BG","4069.91","3925.00"
"17/05/2023 09:00 - 17/05/2023 10:00","BZN|BG","4020.46","3728.00"
"17/05/2023 10:00 - 17/05/2023 11:00","BZN|BG","4024.98","3636.00"
"17/05/2023 11:00 - 17/05/2023 12:00","BZN|BG","3995.52","3508.00"
"17/05/2023 12:00 - 17/05/2023 13:00","BZN|BG","4037.48","3470.00"
"17/05/2023 13:00 - 17/05/2023 14:00","BZN|BG","4015.16","3423.00"
"17/05/2023 14:00 - 17/05/2023 15:00","BZN|BG","4028.87","3428.00"
"17/05/2023 15:00 - 17/05/2023 16:00","BZN|BG","4020.85","3443.00"
"17/05/2023 16:00 - 17/05/2023 17:00","BZN|BG","4094.48","3561.00"
"17/05/2023 17:00 - 17/05/2023 18:00","BZN|BG","4291.68","3896.00"
"17/05/2023 18:00 - 17/05/2023 19:00","BZN|BG","4414.37","4185.00"
"17/05/2023 19:00 - 17/05/2023 20:00","BZN|BG","4337.08","4285.00"
"17/05/2023 20:00 - 17/05/2023 21:00","BZN|BG","4222.94","4257.00"
"17/05/2023 21:00 - 17/05/2023 22:00","BZN|BG","4015.31","4049.00"
"17/05/2023 22:00 - 17/05/2023 23:00","BZN|BG","3761.04","3709.00"
"17/05/2023 23:00 - 18/05/2023 00:00","BZN|BG","3441.71","3373.00"
"18/05/2023 00:00 - 18/05/2023 01:00","BZN|BG","3181.87","3108.00"
"18/05/2023 01:00 - 18/05/2023 02:00","BZN|BG","3064.47","2992.00"
"18/05/2023 02:00 - 18/05/2023 03:00","BZN|BG","3024.97","2956.00"
"18/05/2023 03:00 - 18/05/2023 04:00","BZN|BG","3039.68","2989.00"
"18/05/2023 04:00 - 18/05/2023 05:00","BZN|BG","3172.29","3118.00"
"18/05/2023 05:00 - 18/05/2023 06:00","BZN|BG","3526.05","3473.00"
"18/05/2023 06:00 - 18/05/2023 07:00","BZN|BG","3858.24","3843.00"
"18/05/2023 07:00 - 18/05/2023 08:00","BZN|BG","4143.02","4031.00"
"18/05/2023 08:00 - 18/05/2023 09:00","BZN|BG","4239.86","3995.00"
"18/05/2023 09:00 - 18/05/2023 10:00","BZN|BG","4187.80","3796.00"
"18/05/2023 10:00 - 18/05/2023 11:00","BZN|BG","4197.91","3681.00"
"18/05/2023 11:00 - 18/05/2023 12:00","BZN|BG","4136.84","3541.00"
"18/05/2023 12:00 - 18/05/2023 13:00","BZN|BG","4135.97","3497.00"
"18/05/2023 13:00 - 18/05/2023 14:00","BZN|BG","4104.50","3467.00"
"18/05/2023 14:00 - 18/05/2023 15:00","BZN|BG","4071.22","3456.00"
"18/05/2023 15:00 - 18/05/2023 16:00","BZN|BG","4035.01","3481.00"
"18/05/2023 16:00 - 18/05/2023 17:00","BZN|BG","4047.75","3633.00"
"18/05/2023 17:00 - 18/05/2023 18:00","BZN|BG","4228.21","3996.00"
"18/05/2023 18:00 - 18/05/2023 19:00","BZN|BG","4336.94","4280.00"
"18/05/2023 19:00 - 18/05/2023 20:00","BZN|BG","4347.96","4399.00"
"18/05/2023 20:00 - 18/05/2023 21:00","BZN|BG","4260.48","4380.00"
"18/05/2023 21:00 - 18/05/2023 22:00","BZN|BG","4016.28","4142.00"
"18/05/2023 22:00 - 18/05/2023 23:00","BZN|BG","3766.29","3778.00"
"18/05/2023 23:00 - 19/05/2023 00:00","BZN|BG","3216.05","3330.00"
"19/05/2023 00:00 - 19/05/2023 01:00","BZN|BG","2968.18","3091.00"
"19/05/2023 01:00 - 19/05/2023 02:00","BZN|BG","2847.34","2990.00"
"19/05/2023 02:00 - 19/05/2023 03:00","BZN|BG","2773.03","2943.00"
"19/05/2023 03:00 - 19/05/2023 04:00","BZN|BG","2795.20","2978.00"
"19/05/2023 04:00 - 19/05/2023 05:00","BZN|BG","2888.95","3115.00"
"19/05/2023 05:00 - 19/05/2023 06:00","BZN|BG","3170.64","3466.00"
"19/05/2023 06:00 - 19/05/2023 07:00","BZN|BG","3403.31","3836.00"
"19/05/2023 07:00 - 19/05/2023 08:00","BZN|BG","3426.94","4028.00"
"19/05/2023 08:00 - 19/05/2023 09:00","BZN|BG","3228.70","3991.00"
"19/05/2023 09:00 - 19/05/2023 10:00","BZN|BG","2998.58","3818.00"
"19/05/2023 10:00 - 19/05/2023 11:00","BZN|BG","2954.22","3737.00"
"19/05/2023 11:00 - 19/05/2023 12:00","BZN|BG","2840.48","3623.00"
"19/05/2023 12:00 - 19/05/2023 13:00","BZN|BG","2925.44","3594.00"
"19/05/2023 13:00 - 19/05/2023 14:00","BZN|BG","3000.41","3532.00"
"19/05/2023 14:00 - 19/05/2023 15:00","BZN|BG","3054.68","3505.00"
"19/05/2023 15:00 - 19/05/2023 16:00","BZN|BG","3143.98","3547.00"
"19/05/2023 16:00 - 19/05/2023 17:00","BZN|BG","3290.55","3647.00"
"19/05/2023 17:00 - 19/05/2023 18:00","BZN|BG","3546.35","3931.00"
"19/05/2023 18:00 - 19/05/2023 19:00","BZN|BG","3759.26","4147.00"
"19/05/2023 19:00 - 19/05/2023 20:00","BZN|BG","3787.66","4218.00"
"19/05/2023 20:00 - 19/05/2023 21:00","BZN|BG","3787.38","4200.00"
"19/05/2023 21:00 - 19/05/2023 22:00","BZN|BG","3649.49","3974.00"
"19/05/2023 22:00 - 19/05/2023 23:00","BZN|BG","3419.82","3634.00"
"19/05/2023 23:00 - 20/05/2023 00:00","BZN|BG","3121.48","3309.00"
"20/05/2023 00:00 - 20/05/2023 01:00","BZN|BG","2829.71","3065.00"
"20/05/2023 01:00 - 20/05/2023 02:00","BZN|BG","2733.92","3008.00"
"20/05/2023 02:00 - 20/05/2023 03:00","BZN|BG","2668.95","2925.00"
"20/05/2023 03:00 - 20/05/2023 04:00","BZN|BG","2637.70","2850.00"
"20/05/2023 04:00 - 20/05/2023 05:00","BZN|BG","2613.36","2909.00"
"20/05/2023 05:00 - 20/05/2023 06:00","BZN|BG","2680.16","3111.00"
"20/05/2023 06:00 - 20/05/2023 07:00","BZN|BG","2991.21","3387.00"
"20/05/2023 07:00 - 20/05/2023 08:00","BZN|BG","3049.16","3556.00"
"20/05/2023 08:00 - 20/05/2023 09:00","BZN|BG","2992.91","3552.00"
"20/05/2023 09:00 - 20/05/2023 10:00","BZN|BG","3085.92","3305.00"
"20/05/2023 10:00 - 20/05/2023 11:00","BZN|BG","3041.85","3228.00"
"20/05/2023 11:00 - 20/05/2023 12:00","BZN|BG","2973.34","3276.00"
"20/05/2023 12:00 - 20/05/2023 13:00","BZN|BG","2896.86","3244.00"
"20/05/2023 13:00 - 20/05/2023 14:00","BZN|BG","2763.27","3170.00"
"20/05/2023 14:00 - 20/05/2023 15:00","BZN|BG","2780.76","3086.00"
"20/05/2023 15:00 - 20/05/2023 16:00","BZN|BG","2823.91","3224.00"
"20/05/2023 16:00 - 20/05/2023 17:00","BZN|BG","2967.96","3242.00"
"20/05/2023 17:00 - 20/05/2023 18:00","BZN|BG","3561.05","3508.00"
"20/05/2023 18:00 - 20/05/2023 19:00","BZN|BG","3679.74","3649.00"
"20/05/2023 19:00 - 20/05/2023 20:00","BZN|BG","3746.64","3804.00"
"20/05/2023 20:00 - 20/05/2023 21:00","BZN|BG","3770.80","3803.00"
"20/05/2023 21:00 - 20/05/2023 22:00","BZN|BG","3632.94","3700.00"
"20/05/2023 22:00 - 20/05/2023 23:00","BZN|BG","3435.51","3542.00"
"20/05/2023 23:00 - 21/05/2023 00:00","BZN|BG","3148.74","3130.00"
"21/05/2023 00:00 - 21/05/2023 01:00","BZN|BG","2909.05","2915.00"
"21/05/2023 01:00 - 21/05/2023 02:00","BZN|BG","2787.39","2782.00"
"21/05/2023 02:00 - 21/05/2023 03:00","BZN|BG","2733.18","2673.00"
"21/05/2023 03:00 - 21/05/2023 04:00","BZN|BG","2735.66","2694.00"
"21/05/2023 04:00 - 21/05/2023 05:00","BZN|BG","2739.99","2737.00"
"21/05/2023 05:00 - 21/05/2023 06:00","BZN|BG","2797.34","2844.00"
"21/05/2023 06:00 - 21/05/2023 07:00","BZN|BG","2988.20","3005.00"
"21/05/2023 07:00 - 21/05/2023 08:00","BZN|BG","3209.56","3221.00"
"21/05/2023 08:00 - 21/05/2023 09:00","BZN|BG","3386.83","3379.00"
"21/05/2023 09:00 - 21/05/2023 10:00","BZN|BG","3478.59","3395.00"
"21/05/2023 10:00 - 21/05/2023 11:00","BZN|BG","3487.32","3265.00"
"21/05/2023 11:00 - 21/05/2023 12:00","BZN|BG","3486.01","3426.00"
"21/05/2023 12:00 - 21/05/2023 13:00","BZN|BG","3423.34","3250.00"
"21/05/2023 13:00 - 21/05/2023 14:00","BZN|BG","3341.67","3246.00"
"21/05/2023 14:00 - 21/05/2023 15:00","BZN|BG","3382.95","3021.00"
"21/05/2023 15:00 - 21/05/2023 16:00","BZN|BG","3423.45","3066.00"
"21/05/2023 16:00 - 21/05/2023 17:00","BZN|BG","3517.83","3272.00"
"21/05/2023 17:00 - 21/05/2023 18:00","BZN|BG","3656.60","3581.00"
"21/05/2023 18:00 - 21/05/2023 19:00","BZN|BG","3760.15","3878.00"
"21/05/2023 19:00 - 21/05/2023 20:00","BZN|BG","3860.84","3875.00"
"21/05/2023 20:00 - 21/05/2023 21:00","BZN|BG","3880.05","3821.00"
"21/05/2023 21:00 - 21/05/2023 22:00","BZN|BG","3749.15","3651.00"
"21/05/2023 22:00 - 21/05/2023 23:00","BZN|BG","3460.78","3485.00"
"21/05/2023 23:00 - 22/05/2023 00:00","BZN|BG","3163.26","3118.00"
"22/05/2023 00:00 - 22/05/2023 01:00","BZN|BG","2904.48","2863.00"
"22/05/2023 01:00 - 22/05/2023 02:00","BZN|BG","2747.79","2683.00"
"22/05/2023 02:00 - 22/05/2023 03:00","BZN|BG","2691.41","2642.00"
"22/05/2023 03:00 - 22/05/2023 04:00","BZN|BG","2726.00","2675.00"
"22/05/2023 04:00 - 22/05/2023 05:00","BZN|BG","2863.12","2801.00"
"22/05/2023 05:00 - 22/05/2023 06:00","BZN|BG","3229.46","3170.00"
"22/05/2023 06:00 - 22/05/2023 07:00","BZN|BG","3503.12","3517.00"
"22/05/2023 07:00 - 22/05/2023 08:00","BZN|BG","3647.88","3640.00"
"22/05/2023 08:00 - 22/05/2023 09:00","BZN|BG","3602.28","3556.00"
"22/05/2023 09:00 - 22/05/2023 10:00","BZN|BG","3468.17","3512.00"
"22/05/2023 10:00 - 22/05/2023 11:00","BZN|BG","3441.94","3494.00"
"22/05/2023 11:00 - 22/05/2023 12:00","BZN|BG","3379.54","3453.00"
"22/05/2023 12:00 - 22/05/2023 13:00","BZN|BG","3420.32","3464.00"
"22/05/2023 13:00 - 22/05/2023 14:00","BZN|BG","3446.12","3415.00"
"22/05/2023 14:00 - 22/05/2023 15:00","BZN|BG","3524.75","3402.00"
"22/05/2023 15:00 - 22/05/2023 16:00","BZN|BG","3457.86","3447.00"
"22/05/2023 16:00 - 22/05/2023 17:00","BZN|BG","3466.16","3554.00"
"22/05/2023 17:00 - 22/05/2023 18:00","BZN|BG","3711.74","3874.00"
"22/05/2023 18:00 - 22/05/2023 19:00","BZN|BG","3885.61","4126.00"
"22/05/2023 19:00 - 22/05/2023 20:00","BZN|BG","3928.13","4229.00"
"22/05/2023 20:00 - 22/05/2023 21:00","BZN|BG","3911.68","4213.00"
"22/05/2023 21:00 - 22/05/2023 22:00","BZN|BG","3738.20","3932.00"
"22/05/2023 22:00 - 22/05/2023 23:00","BZN|BG","3425.45","3519.00"
"22/05/2023 23:00 - 23/05/2023 00:00","BZN|BG","2999.14","3160.00"
"23/05/2023 00:00 - 23/05/2023 01:00","BZN|BG","2773.76","2936.00"
"23/05/2023 01:00 - 23/05/2023 02:00","BZN|BG","2631.41","2824.00"
"23/05/2023 02:00 - 23/05/2023 03:00","BZN|BG","2615.93","2774.00"
"23/05/2023 03:00 - 23/05/2023 04:00","BZN|BG","2646.39","2806.00"
"23/05/2023 04:00 - 23/05/2023 05:00","BZN|BG","2773.36","2915.00"
"23/05/2023 05:00 - 23/05/2023 06:00","BZN|BG","3069.06","3194.00"
"23/05/2023 06:00 - 23/05/2023 07:00","BZN|BG","3304.69","3490.00"
"23/05/2023 07:00 - 23/05/2023 08:00","BZN|BG","3444.17","3645.00"
"23/05/2023 08:00 - 23/05/2023 09:00","BZN|BG","3362.52","3676.00"
"23/05/2023 09:00 - 23/05/2023 10:00","BZN|BG","3185.10","3517.00"
"23/05/2023 10:00 - 23/05/2023 11:00","BZN|BG","3108.39","3441.00"
"23/05/2023 11:00 - 23/05/2023 12:00","BZN|BG","3128.78","3359.00"
"23/05/2023 12:00 - 23/05/2023 13:00","BZN|BG","3193.25","3350.00"
"23/05/2023 13:00 - 23/05/2023 14:00","BZN|BG","3144.76","3300.00"
"23/05/2023 14:00 - 23/05/2023 15:00","BZN|BG","3088.61","3305.00"
"23/05/2023 15:00 - 23/05/2023 16:00","BZN|BG","3058.43","3321.00"
"23/05/2023 16:00 - 23/05/2023 17:00","BZN|BG","3221.85","3419.00"
"23/05/2023 17:00 - 23/05/2023 18:00","BZN|BG","3630.59","3600.00"
"23/05/2023 18:00 - 23/05/2023 19:00","BZN|BG","3702.58","3734.00"
"23/05/2023 19:00 - 23/05/2023 20:00","BZN|BG","3758.07","3790.00"
"23/05/2023 20:00 - 23/05/2023 21:00","BZN|BG","3824.61","3781.00"
"23/05/2023 21:00 - 23/05/2023 22:00","BZN|BG","3718.93","3632.00"
"23/05/2023 22:00 - 23/05/2023 23:00","BZN|BG","3437.22","3427.00"
"23/05/2023 23:00 - 24/05/2023 00:00","BZN|BG","3105.37","3037.00"
"24/05/2023 00:00 - 24/05/2023 01:00","BZN|BG","2845.81","2860.00"
"24/05/2023 01:00 - 24/05/2023 02:00","BZN|BG","2738.91","2775.00"
"24/05/2023 02:00 - 24/05/2023 03:00","BZN|BG","2680.18","2754.00"
"24/05/2023 03:00 - 24/05/2023 04:00","BZN|BG","2697.08","2731.00"
"24/05/2023 04:00 - 24/05/2023 05:00","BZN|BG","2721.40","2830.00"
"24/05/2023 05:00 - 24/05/2023 06:00","BZN|BG","2869.48","3033.00"
"24/05/2023 06:00 - 24/05/2023 07:00","BZN|BG","3116.32","3245.00"
"24/05/2023 07:00 - 24/05/2023 08:00","BZN|BG","3384.47","3351.00"
"24/05/2023 08:00 - 24/05/2023 09:00","BZN|BG","3456.62","3373.00"
"24/05/2023 09:00 - 24/05/2023 10:00","BZN|BG","3427.75","3291.00"
"24/05/2023 10:00 - 24/05/2023 11:00","BZN|BG","3411.30","3252.00"
"24/05/2023 11:00 - 24/05/2023 12:00","BZN|BG","3367.54","3214.00"
"24/05/2023 12:00 - 24/05/2023 13:00","BZN|BG","3343.40","3217.00"
"24/05/2023 13:00 - 24/05/2023 14:00","BZN|BG","3293.33","3185.00"
"24/05/2023 14:00 - 24/05/2023 15:00","BZN|BG","3269.42","3185.00"
"24/05/2023 15:00 - 24/05/2023 16:00","BZN|BG","3303.72","3203.00"
"24/05/2023 16:00 - 24/05/2023 17:00","BZN|BG","3342.96","3360.00"
"24/05/2023 17:00 - 24/05/2023 18:00","BZN|BG","3420.79","3644.00"
"24/05/2023 18:00 - 24/05/2023 19:00","BZN|BG","3504.58","3803.00"
"24/05/2023 19:00 - 24/05/2023 20:00","BZN|BG","3589.16","3869.00"
"24/05/2023 20:00 - 24/05/2023 21:00","BZN|BG","3657.14","3820.00"
"24/05/2023 21:00 - 24/05/2023 22:00","BZN|BG","3576.07","3664.00"
"24/05/2023 22:00 - 24/05/2023 23:00","BZN|BG","3329.52","3402.00"
"24/05/2023 23:00 - 25/05/2023 00:00","BZN|BG","2946.67","2909.00"
"25/05/2023 00:00 - 25/05/2023 01:00","BZN|BG","2720.04","2803.00"
"25/05/2023 01:00 - 25/05/2023 02:00","BZN|BG","2671.02","2752.00"
"25/05/2023 02:00 - 25/05/2023 03:00","BZN|BG","2627.41","2727.00"
"25/05/2023 03:00 - 25/05/2023 04:00","BZN|BG","2645.59","2742.00"
"25/05/2023 04:00 - 25/05/2023 05:00","BZN|BG","2755.76","2787.00"
"25/05/2023 05:00 - 25/05/2023 06:00","BZN|BG","3054.05","2919.00"
"25/05/2023 06:00 - 25/05/2023 07:00","BZN|BG","3344.77","3051.00"
"25/05/2023 07:00 - 25/05/2023 08:00","BZN|BG","3586.82","3114.00"
"25/05/2023 08:00 - 25/05/2023 09:00","BZN|BG","3648.17","3131.00"
"25/05/2023 09:00 - 25/05/2023 10:00","BZN|BG","3651.42","2996.00"
"25/05/2023 10:00 - 25/05/2023 11:00","BZN|BG","3701.36","2947.00"
"25/05/2023 11:00 - 25/05/2023 12:00","BZN|BG","3673.42","2894.00"
"25/05/2023 12:00 - 25/05/2023 13:00","BZN|BG","3676.05","2893.00"
"25/05/2023 13:00 - 25/05/2023 14:00","BZN|BG","3677.43","2854.00"
"25/05/2023 14:00 - 25/05/2023 15:00","BZN|BG","3662.07","2850.00"
"25/05/2023 15:00 - 25/05/2023 16:00","BZN|BG","3608.46","2860.00"
"25/05/2023 16:00 - 25/05/2023 17:00","BZN|BG","3632.52","3017.00"
"25/05/2023 17:00 - 25/05/2023 18:00","BZN|BG","3758.02","3281.00"
"25/05/2023 18:00 - 25/05/2023 19:00","BZN|BG","3826.40","3424.00"
"25/05/2023 19:00 - 25/05/2023 20:00","BZN|BG","3844.54","3498.00"
"25/05/2023 20:00 - 25/05/2023 21:00","BZN|BG","3864.18","3509.00"
"25/05/2023 21:00 - 25/05/2023 22:00","BZN|BG","3735.05","3433.00"
"25/05/2023 22:00 - 25/05/2023 23:00","BZN|BG","3445.43","3321.00"
"25/05/2023 23:00 - 26/05/2023 00:00","BZN|BG","2917.67","3081.00"
"26/05/2023 00:00 - 26/05/2023 01:00","BZN|BG","2701.61","2808.00"
"26/05/2023 01:00 - 26/05/2023 02:00","BZN|BG","2606.45","2678.00"
"26/05/2023 02:00 - 26/05/2023 03:00","BZN|BG","2580.53","2618.00"
"26/05/2023 03:00 - 26/05/2023 04:00","BZN|BG","2623.44","2642.00"
"26/05/2023 04:00 - 26/05/2023 05:00","BZN|BG","2744.08","2725.00"
"26/05/2023 05:00 - 26/05/2023 06:00","BZN|BG","3034.33","2974.00"
"26/05/2023 06:00 - 26/05/2023 07:00","BZN|BG","3234.37","3228.00"
"26/05/2023 07:00 - 26/05/2023 08:00","BZN|BG","3372.27","3365.00"
"26/05/2023 08:00 - 26/05/2023 09:00","BZN|BG","3303.93","3405.00"
"26/05/2023 09:00 - 26/05/2023 10:00","BZN|BG","3166.92","3311.00"
"26/05/2023 10:00 - 26/05/2023 11:00","BZN|BG","3116.17","3273.00"
"26/05/2023 11:00 - 26/05/2023 12:00","BZN|BG","2980.18","3232.00"
"26/05/2023 12:00 - 26/05/2023 13:00","BZN|BG","3000.06","3222.00"
"26/05/2023 13:00 - 26/05/2023 14:00","BZN|BG","3000.99","3179.00"
"26/05/2023 14:00 - 26/05/2023 15:00","BZN|BG","3062.71","3177.00"
"26/05/2023 15:00 - 26/05/2023 16:00","BZN|BG","3188.00","3191.00"
"26/05/2023 16:00 - 26/05/2023 17:00","BZN|BG","3335.03","3308.00"
"26/05/2023 17:00 - 26/05/2023 18:00","BZN|BG","3531.51","3504.00"
"26/05/2023 18:00 - 26/05/2023 19:00","BZN|BG","3651.74","3610.00"
"26/05/2023 19:00 - 26/05/2023 20:00","BZN|BG","3681.68","3670.00"
"26/05/2023 20:00 - 26/05/2023 21:00","BZN|BG","3663.43","3687.00"
"26/05/2023 21:00 - 26/05/2023 22:00","BZN|BG","3514.07","3559.00"
"26/05/2023 22:00 - 26/05/2023 23:00","BZN|BG","3274.81","3362.00"
"26/05/2023 23:00 - 27/05/2023 00:00","BZN|BG","3013.89","2986.00"
"27/05/2023 00:00 - 27/05/2023 01:00","BZN|BG","2824.58","2835.00"
"27/05/2023 01:00 - 27/05/2023 02:00","BZN|BG","2680.56","2722.00"
"27/05/2023 02:00 - 27/05/2023 03:00","BZN|BG","2594.82","2716.00"
"27/05/2023 03:00 - 27/05/2023 04:00","BZN|BG","2589.98","2728.00"
"27/05/2023 04:00 - 27/05/2023 05:00","BZN|BG","2585.36","2810.00"
"27/05/2023 05:00 - 27/05/2023 06:00","BZN|BG","2673.30","2880.00"
"27/05/2023 06:00 - 27/05/2023 07:00","BZN|BG","2841.78","3054.00"
"27/05/2023 07:00 - 27/05/2023 08:00","BZN|BG","3061.54","3202.00"
"27/05/2023 08:00 - 27/05/2023 09:00","BZN|BG","3229.31","3239.00"
"27/05/2023 09:00 - 27/05/2023 10:00","BZN|BG","3285.50","3241.00"
"27/05/2023 10:00 - 27/05/2023 11:00","BZN|BG","3236.91","3243.00"
"27/05/2023 11:00 - 27/05/2023 12:00","BZN|BG","3081.33","3245.00"
"27/05/2023 12:00 - 27/05/2023 13:00","BZN|BG","2942.64","3319.00"
"27/05/2023 13:00 - 27/05/2023 14:00","BZN|BG","2856.93","3409.00"
"27/05/2023 14:00 - 27/05/2023 15:00","BZN|BG","2854.43","3413.00"
"27/05/2023 15:00 - 27/05/2023 16:00","BZN|BG","2967.13","3478.00"
"27/05/2023 16:00 - 27/05/2023 17:00","BZN|BG","3120.41","3425.00"
"27/05/2023 17:00 - 27/05/2023 18:00","BZN|BG","3478.12","3474.00"
"27/05/2023 18:00 - 27/05/2023 19:00","BZN|BG","3518.32","3574.00"
"27/05/2023 19:00 - 27/05/2023 20:00","BZN|BG","3554.05","3644.00"
"27/05/2023 20:00 - 27/05/2023 21:00","BZN|BG","3587.66","3629.00"
"27/05/2023 21:00 - 27/05/2023 22:00","BZN|BG","3469.10","3469.00"
"27/05/2023 22:00 - 27/05/2023 23:00","BZN|BG","3283.83","3300.00"
"27/05/2023 23:00 - 28/05/2023 00:00","BZN|BG","3036.07","3032.00"
"28/05/2023 00:00 - 28/05/2023 01:00","BZN|BG","2831.28","2928.00"
"28/05/2023 01:00 - 28/05/2023 02:00","BZN|BG","2705.64","2862.00"
"28/05/2023 02:00 - 28/05/2023 03:00","BZN|BG","2644.15","2814.00"
"28/05/2023 03:00 - 28/05/2023 04:00","BZN|BG","2629.00","2845.00"
"28/05/2023 04:00 - 28/05/2023 05:00","BZN|BG","2618.98","2843.00"
"28/05/2023 05:00 - 28/05/2023 06:00","BZN|BG","2702.95","2844.00"
"28/05/2023 06:00 - 28/05/2023 07:00","BZN|BG","2874.09","2943.00"
"28/05/2023 07:00 - 28/05/2023 08:00","BZN|BG","3124.86","3124.00"
"28/05/2023 08:00 - 28/05/2023 09:00","BZN|BG","3382.64","3198.00"
"28/05/2023 09:00 - 28/05/2023 10:00","BZN|BG","3535.56","3224.00"
"28/05/2023 10:00 - 28/05/2023 11:00","BZN|BG","3597.52","3240.00"
"28/05/2023 11:00 - 28/05/2023 12:00","BZN|BG","3562.26","3241.00"
"28/05/2023 12:00 - 28/05/2023 13:00","BZN|BG","3450.81","3285.00"
"28/05/2023 13:00 - 28/05/2023 14:00","BZN|BG","3384.97","3317.00"
"28/05/2023 14:00 - 28/05/2023 15:00","BZN|BG","3358.34","3388.00"
"28/05/2023 15:00 - 28/05/2023 16:00","BZN|BG","3411.47","3479.00"
"28/05/2023 16:00 - 28/05/2023 17:00","BZN|BG","3507.18","3578.00"
"28/05/2023 17:00 - 28/05/2023 18:00","BZN|BG","3621.44","3608.00"
"28/05/2023 18:00 - 28/05/2023 19:00","BZN|BG","3703.27","3667.00"
"28/05/2023 19:00 - 28/05/2023 20:00","BZN|BG","3785.90","3714.00"
"28/05/2023 20:00 - 28/05/2023 21:00","BZN|BG","3826.33","3707.00"
"28/05/2023 21:00 - 28/05/2023 22:00","BZN|BG","3673.42","3596.00"
"28/05/2023 22:00 - 28/05/2023 23:00","BZN|BG","3377.76","3295.00"
"28/05/2023 23:00 - 29/05/2023 00:00","BZN|BG","3036.09","2940.00"
"29/05/2023 00:00 - 29/05/2023 01:00","BZN|BG","2806.53","2726.00"
"29/05/2023 01:00 - 29/05/2023 02:00","BZN|BG","2698.90","2632.00"
"29/05/2023 02:00 - 29/05/2023 03:00","BZN|BG","2658.03","2624.00"
"29/05/2023 03:00 - 29/05/2023 04:00","BZN|BG","2674.34","2642.00"
"29/05/2023 04:00 - 29/05/2023 05:00","BZN|BG","2790.01","2839.00"
"29/05/2023 05:00 - 29/05/2023 06:00","BZN|BG","3150.03","3257.00"
"29/05/2023 06:00 - 29/05/2023 07:00","BZN|BG","3472.23","3645.00"
"29/05/2023 07:00 - 29/05/2023 08:00","BZN|BG","3736.66","3895.00"
"29/05/2023 08:00 - 29/05/2023 09:00","BZN|BG","3846.23","3895.00"
"29/05/2023 09:00 - 29/05/2023 10:00","BZN|BG","3795.77","3753.00"
"29/05/2023 10:00 - 29/05/2023 11:00","BZN|BG","3747.34","3731.00"
"29/05/2023 11:00 - 29/05/2023 12:00","BZN|BG","3656.27","3655.00"
"29/05/2023 12:00 - 29/05/2023 13:00","BZN|BG","3640.16","3735.00"
"29/05/2023 13:00 - 29/05/2023 14:00","BZN|BG","3586.88","3752.00"
"29/05/2023 14:00 - 29/05/2023 15:00","BZN|BG","3564.58","3717.00"
"29/05/2023 15:00 - 29/05/2023 16:00","BZN|BG","3581.49","3705.00"
"29/05/2023 16:00 - 29/05/2023 17:00","BZN|BG","3596.18","3701.00"
"29/05/2023 17:00 - 29/05/2023 18:00","BZN|BG","3733.38","3830.00"
"29/05/2023 18:00 - 29/05/2023 19:00","BZN|BG","3859.98","3900.00"
"29/05/2023 19:00 - 29/05/2023 20:00","BZN|BG","3873.76","3937.00"
"29/05/2023 20:00 - 29/05/2023 21:00","BZN|BG","3861.99","3889.00"
"29/05/2023 21:00 - 29/05/2023 22:00","BZN|BG","3671.89","3706.00"
"29/05/2023 22:00 - 29/05/2023 23:00","BZN|BG","3394.08","3464.00"
"29/05/2023 23:00 - 30/05/2023 00:00","BZN|BG","3083.29","3120.00"
"30/05/2023 00:00 - 30/05/2023 01:00","BZN|BG","2876.65","2880.00"
"30/05/2023 01:00 - 30/05/2023 02:00","BZN|BG","2764.51","2769.00"
"30/05/2023 02:00 - 30/05/2023 03:00","BZN|BG","2729.44","2737.00"
"30/05/2023 03:00 - 30/05/2023 04:00","BZN|BG","2744.56","2742.00"
"30/05/2023 04:00 - 30/05/2023 05:00","BZN|BG","2851.49","2839.00"
"30/05/2023 05:00 - 30/05/2023 06:00","BZN|BG","3168.59","3219.00"
"30/05/2023 06:00 - 30/05/2023 07:00","BZN|BG","3499.62","3565.00"
"30/05/2023 07:00 - 30/05/2023 08:00","BZN|BG","3744.55","3764.00"
"30/05/2023 08:00 - 30/05/2023 09:00","BZN|BG","3803.23","3819.00"
"30/05/2023 09:00 - 30/05/2023 10:00","BZN|BG","3709.58","3757.00"
"30/05/2023 10:00 - 30/05/2023 11:00","BZN|BG","3679.41","3732.00"
"30/05/2023 11:00 - 30/05/2023 12:00","BZN|BG","3606.61","3704.00"
"30/05/2023 12:00 - 30/05/2023 13:00","BZN|BG","3615.13","3685.00"
"30/05/2023 13:00 - 30/05/2023 14:00","BZN|BG","3538.29","3641.00"
"30/05/2023 14:00 - 30/05/2023 15:00","BZN|BG","3513.06","3659.00"
"30/05/2023 15:00 - 30/05/2023 16:00","BZN|BG","3536.27","3640.00"
"30/05/2023 16:00 - 30/05/2023 17:00","BZN|BG","3530.62","3723.00"
"30/05/2023 17:00 - 30/05/2023 18:00","BZN|BG","3646.73","3818.00"
"30/05/2023 18:00 - 30/05/2023 19:00","BZN|BG","3815.52","3891.00"
"30/05/2023 19:00 - 30/05/2023 20:00","BZN|BG","3908.65","3950.00"
"30/05/2023 20:00 - 30/05/2023 21:00","BZN|BG","3964.44","3962.00"
"30/05/2023 21:00 - 30/05/2023 22:00","BZN|BG","3796.23","3781.00"
"30/05/2023 22:00 - 30/05/2023 23:00","BZN|BG","3500.63","3449.00"
"30/05/2023 23:00 - 31/05/2023 00:00","BZN|BG","3124.68","3057.00"
"31/05/2023 00:00 - 31/05/2023 01:00","BZN|BG","2888.99","2850.00"
"31/05/2023 01:00 - 31/05/2023 02:00","BZN|BG","2784.51","2760.00"
"31/05/2023 02:00 - 31/05/2023 03:00","BZN|BG","2740.36","2732.00"
"31/05/2023 03:00 - 31/05/2023 04:00","BZN|BG","2744.93","2736.00"
"31/05/2023 04:00 - 31/05/2023 05:00","BZN|BG","2840.63","2815.00"
"31/05/2023 05:00 - 31/05/2023 06:00","BZN|BG","3160.06","3147.00"
"31/05/2023 06:00 - 31/05/2023 07:00","BZN|BG","3462.35","3457.00"
"31/05/2023 07:00 - 31/05/2023 08:00","BZN|BG","3659.52","3636.00"
"31/05/2023 08:00 - 31/05/2023 09:00","BZN|BG","3679.75","3676.00"
"31/05/2023 09:00 - 31/05/2023 10:00","BZN|BG","3602.38","3521.00"
"31/05/2023 10:00 - 31/05/2023 11:00","BZN|BG","3572.12","3520.00"
"31/05/2023 11:00 - 31/05/2023 12:00","BZN|BG","3530.25","3478.00"
"31/05/2023 12:00 - 31/05/2023 13:00","BZN|BG","3568.17","3375.00"
"31/05/2023 13:00 - 31/05/2023 14:00","BZN|BG","3533.68","3270.00"
"31/05/2023 14:00 - 31/05/2023 15:00","BZN|BG","3507.27","3289.00"
"31/05/2023 15:00 - 31/05/2023 16:00","BZN|BG","3537.38","3277.00"
"31/05/2023 16:00 - 31/05/2023 17:00","BZN|BG","3510.64","3405.00"
"31/05/2023 17:00 - 31/05/2023 18:00","BZN|BG","3702.11","3603.00"
"31/05/2023 18:00 - 31/05/2023 19:00","BZN|BG","3845.12","3746.00"
"31/05/2023 19:00 - 31/05/2023 20:00","BZN|BG","3907.45","3878.00"
"31/05/2023 20:00 - 31/05/2023 21:00","BZN|BG","3948.22","3832.00"
"31/05/2023 21:00 - 31/05/2023 22:00","BZN|BG","3761.40","3702.00"
"31/05/2023 22:00 - 31/05/2023 23:00","BZN|BG","3456.79","3353.00"
"31/05/2023 23:00 - 01/06/2023 00:00","BZN|BG","3037.19","3074.00"
"01/06/2023 00:00 - 01/06/2023 01:00","BZN|BG","2844.65","2871.00"
"01/06/2023 01:00 - 01/06/2023 02:00","BZN|BG","2745.17","2771.00"
"01/06/2023 02:00 - 01/06/2023 03:00","BZN|BG","2699.95","2748.00"
"01/06/2023 03:00 - 01/06/2023 04:00","BZN|BG","2709.37","2747.00"
"01/06/2023 04:00 - 01/06/2023 05:00","BZN|BG","2813.33","2828.00"
"01/06/2023 05:00 - 01/06/2023 06:00","BZN|BG","3124.64","3151.00"
"01/06/2023 06:00 - 01/06/2023 07:00","BZN|BG","3454.77","3452.00"
"01/06/2023 07:00 - 01/06/2023 08:00","BZN|BG","3648.88","3625.00"
"01/06/2023 08:00 - 01/06/2023 09:00","BZN|BG","3697.81","3649.00"
"01/06/2023 09:00 - 01/06/2023 10:00","BZN|BG","3609.23","3543.00"
"01/06/2023 10:00 - 01/06/2023 11:00","BZN|BG","3607.52","3588.00"
"01/06/2023 11:00 - 01/06/2023 12:00","BZN|BG","3559.43","3551.00"
"01/06/2023 12:00 - 01/06/2023 13:00","BZN|BG","3587.09","3540.00"
"01/06/2023 13:00 - 01/06/2023 14:00","BZN|BG","3563.65","3475.00"
"01/06/2023 14:00 - 01/06/2023 15:00","BZN|BG","3577.96","3497.00"
"01/06/2023 15:00 - 01/06/2023 16:00","BZN|BG","3573.06","3471.00"
"01/06/2023 16:00 - 01/06/2023 17:00","BZN|BG","3571.66","3552.00"
"01/06/2023 17:00 - 01/06/2023 18:00","BZN|BG","3678.91","3724.00"
"01/06/2023 18:00 - 01/06/2023 19:00","BZN|BG","3764.09","3838.00"
"01/06/2023 19:00 - 01/06/2023 20:00","BZN|BG","3798.62","3917.00"
"01/06/2023 20:00 - 01/06/2023 21:00","BZN|BG","3840.24","3956.00"
"01/06/2023 21:00 - 01/06/2023 22:00","BZN|BG","3741.48","3748.00"
"01/06/2023 22:00 - 01/06/2023 23:00","BZN|BG","3476.04","3412.00"
"01/06/2023 23:00 - 02/06/2023 00:00","BZN|BG","3017.13","3059.00"
"02/06/2023 00:00 - 02/06/2023 01:00","BZN|BG","2804.83","2821.00"
"02/06/2023 01:00 - 02/06/2023 02:00","BZN|BG","2691.01","2704.00"
"02/06/2023 02:00 - 02/06/2023 03:00","BZN|BG","2645.89","2675.00"
"02/06/2023 03:00 - 02/06/2023 04:00","BZN|BG","2668.62","2679.00"
"02/06/2023 04:00 - 02/06/2023 05:00","BZN|BG","2754.55","2748.00"
"02/06/2023 05:00 - 02/06/2023 06:00","BZN|BG","3053.76","3058.00"
"02/06/2023 06:00 - 02/06/2023 07:00","BZN|BG","3283.33","3341.00"
"02/06/2023 07:00 - 02/06/2023 08:00","BZN|BG","3307.51","3503.00"
"02/06/2023 08:00 - 02/06/2023 09:00","BZN|BG","3199.65","3521.00"
"02/06/2023 09:00 - 02/06/2023 10:00","BZN|BG","3019.47","3365.00"
"02/06/2023 10:00 - 02/06/2023 11:00","BZN|BG","2955.41","3396.00"
"02/06/2023 11:00 - 02/06/2023 12:00","BZN|BG","2908.79","3359.00"
"02/06/2023 12:00 - 02/06/2023 13:00","BZN|BG","2929.62","3373.00"
"02/06/2023 13:00 - 02/06/2023 14:00","BZN|BG","2916.97","3278.00"
"02/06/2023 14:00 - 02/06/2023 15:00","BZN|BG","2958.12","3288.00"
"02/06/2023 15:00 - 02/06/2023 16:00","BZN|BG","3049.43","3287.00"
"02/06/2023 16:00 - 02/06/2023 17:00","BZN|BG","3217.56","3368.00"
"02/06/2023 17:00 - 02/06/2023 18:00","BZN|BG","3459.70","3565.00"
"02/06/2023 18:00 - 02/06/2023 19:00","BZN|BG","3614.86","3689.00"
"02/06/2023 19:00 - 02/06/2023 20:00","BZN|BG","3661.28","3774.00"
"02/06/2023 20:00 - 02/06/2023 21:00","BZN|BG","3654.36","3823.00"
"02/06/2023 21:00 - 02/06/2023 22:00","BZN|BG","3531.67","3656.00"
"02/06/2023 22:00 - 02/06/2023 23:00","BZN|BG","3286.13","3392.00"
"02/06/2023 23:00 - 03/06/2023 00:00","BZN|BG","2977.81","3025.00"
"03/06/2023 00:00 - 03/06/2023 01:00","BZN|BG","2753.43","2780.00"
"03/06/2023 01:00 - 03/06/2023 02:00","BZN|BG","2598.14","2638.00"
"03/06/2023 02:00 - 03/06/2023 03:00","BZN|BG","2558.43","2619.00"
"03/06/2023 03:00 - 03/06/2023 04:00","BZN|BG","2544.79","2612.00"
"03/06/2023 04:00 - 03/06/2023 05:00","BZN|BG","2547.76","2639.00"
"03/06/2023 05:00 - 03/06/2023 06:00","BZN|BG","2637.07","2716.00"
"03/06/2023 06:00 - 03/06/2023 07:00","BZN|BG","2796.50","2797.00"
"03/06/2023 07:00 - 03/06/2023 08:00","BZN|BG","2910.14","2940.00"
"03/06/2023 08:00 - 03/06/2023 09:00","BZN|BG","2945.18","3171.00"
"03/06/2023 09:00 - 03/06/2023 10:00","BZN|BG","2868.82","3219.00"
"03/06/2023 10:00 - 03/06/2023 11:00","BZN|BG","2832.14","3087.00"
"03/06/2023 11:00 - 03/06/2023 12:00","BZN|BG","2808.68","3222.00"
"03/06/2023 12:00 - 03/06/2023 13:00","BZN|BG","2804.14","3113.00"
"03/06/2023 13:00 - 03/06/2023 14:00","BZN|BG","2817.65","2927.00"
"03/06/2023 14:00 - 03/06/2023 15:00","BZN|BG","2844.40","3033.00"
"03/06/2023 15:00 - 03/06/2023 16:00","BZN|BG","2940.22","3222.00"
"03/06/2023 16:00 - 03/06/2023 17:00","BZN|BG","3110.81","3298.00"
"03/06/2023 17:00 - 03/06/2023 18:00","BZN|BG","3436.67","3386.00"
"03/06/2023 18:00 - 03/06/2023 19:00","BZN|BG","3472.16","3375.00"
"03/06/2023 19:00 - 03/06/2023 20:00","BZN|BG","3489.76","3478.00"
"03/06/2023 20:00 - 03/06/2023 21:00","BZN|BG","3480.65","3499.00"
"03/06/2023 21:00 - 03/06/2023 22:00","BZN|BG","3391.35","3427.00"
"03/06/2023 22:00 - 03/06/2023 23:00","BZN|BG","3200.53","3274.00"
"03/06/2023 23:00 - 04/06/2023 00:00","BZN|BG","2932.85","2879.00"
"04/06/2023 00:00 - 04/06/2023 01:00","BZN|BG","2737.54","2705.00"
"04/06/2023 01:00 - 04/06/2023 02:00","BZN|BG","2628.64","2616.00"
"04/06/2023 02:00 - 04/06/2023 03:00","BZN|BG","2576.68","2572.00"
"04/06/2023 03:00 - 04/06/2023 04:00","BZN|BG","2545.58","2550.00"
"04/06/2023 04:00 - 04/06/2023 05:00","BZN|BG","2543.06","2552.00"
"04/06/2023 05:00 - 04/06/2023 06:00","BZN|BG","2607.80","2634.00"
"04/06/2023 06:00 - 04/06/2023 07:00","BZN|BG","2799.77","2677.00"
"04/06/2023 07:00 - 04/06/2023 08:00","BZN|BG","3069.20","2752.00"
"04/06/2023 08:00 - 04/06/2023 09:00","BZN|BG","3308.68","2935.00"
"04/06/2023 09:00 - 04/06/2023 10:00","BZN|BG","3403.35","3117.00"
"04/06/2023 10:00 - 04/06/2023 11:00","BZN|BG","3440.79","3135.00"
"04/06/2023 11:00 - 04/06/2023 12:00","BZN|BG","3413.57","3689.00"
"04/06/2023 12:00 - 04/06/2023 13:00","BZN|BG","3334.69","3358.00"
"04/06/2023 13:00 - 04/06/2023 14:00","BZN|BG","3265.44","3091.00"
"04/06/2023 14:00 - 04/06/2023 15:00","BZN|BG","3260.70","2882.00"
"04/06/2023 15:00 - 04/06/2023 16:00","BZN|BG","3301.33","3012.00"
"04/06/2023 16:00 - 04/06/2023 17:00","BZN|BG","3412.14","3283.00"
"04/06/2023 17:00 - 04/06/2023 18:00","BZN|BG","3539.32","3425.00"
"04/06/2023 18:00 - 04/06/2023 19:00","BZN|BG","3616.64","3529.00"
"04/06/2023 19:00 - 04/06/2023 20:00","BZN|BG","3658.64","3642.00"
"04/06/2023 20:00 - 04/06/2023 21:00","BZN|BG","3715.67","3627.00"
"04/06/2023 21:00 - 04/06/2023 22:00","BZN|BG","3603.95","3485.00"
"04/06/2023 22:00 - 04/06/2023 23:00","BZN|BG","3304.72","3286.00"
"04/06/2023 23:00 - 05/06/2023 00:00","BZN|BG","2952.90","2882.00"
"05/06/2023 00:00 - 05/06/2023 01:00","BZN|BG","2728.10","2638.00"
"05/06/2023 01:00 - 05/06/2023 02:00","BZN|BG","2606.64","2567.00"
"05/06/2023 02:00 - 05/06/2023 03:00","BZN|BG","2578.42","2547.00"
"05/06/2023 03:00 - 05/06/2023 04:00","BZN|BG","2599.58","2562.00"
"05/06/2023 04:00 - 05/06/2023 05:00","BZN|BG","2723.48","2652.00"
"05/06/2023 05:00 - 05/06/2023 06:00","BZN|BG","3057.58","3045.00"
"05/06/2023 06:00 - 05/06/2023 07:00","BZN|BG","3394.07","3314.00"
"05/06/2023 07:00 - 05/06/2023 08:00","BZN|BG","3566.11","3537.00"
"05/06/2023 08:00 - 05/06/2023 09:00","BZN|BG","3661.86","3647.00"
"05/06/2023 09:00 - 05/06/2023 10:00","BZN|BG","3550.95","3596.00"
"05/06/2023 10:00 - 05/06/2023 11:00","BZN|BG","3538.11","3593.00"
"05/06/2023 11:00 - 05/06/2023 12:00","BZN|BG","3499.91","3557.00"
"05/06/2023 12:00 - 05/06/2023 13:00","BZN|BG","3519.10","3563.00"
"05/06/2023 13:00 - 05/06/2023 14:00","BZN|BG","3497.13","3545.00"
"05/06/2023 14:00 - 05/06/2023 15:00","BZN|BG","3485.83","3524.00"
"05/06/2023 15:00 - 05/06/2023 16:00","BZN|BG","3489.45","3660.00"
"05/06/2023 16:00 - 05/06/2023 17:00","BZN|BG","3494.25","3704.00"
"05/06/2023 17:00 - 05/06/2023 18:00","BZN|BG","3628.69","3798.00"
"05/06/2023 18:00 - 05/06/2023 19:00","BZN|BG","3731.41","3913.00"
"05/06/2023 19:00 - 05/06/2023 20:00","BZN|BG","3771.09","3937.00"
"05/06/2023 20:00 - 05/06/2023 21:00","BZN|BG","3817.99","3913.00"
"05/06/2023 21:00 - 05/06/2023 22:00","BZN|BG","3677.37","3663.00"
"05/06/2023 22:00 - 05/06/2023 23:00","BZN|BG","3379.23","3368.00"
"05/06/2023 23:00 - 06/06/2023 00:00","BZN|BG","3043.74","3017.00"
"06/06/2023 00:00 - 06/06/2023 01:00","BZN|BG","2815.82","2801.00"
"06/06/2023 01:00 - 06/06/2023 02:00","BZN|BG","2709.68","2719.00"
"06/06/2023 02:00 - 06/06/2023 03:00","BZN|BG","2659.44","2673.00"
"06/06/2023 03:00 - 06/06/2023 04:00","BZN|BG","2678.67","2687.00"
"06/06/2023 04:00 - 06/06/2023 05:00","BZN|BG","2772.11","2765.00"
"06/06/2023 05:00 - 06/06/2023 06:00","BZN|BG","3100.34","3106.00"
"06/06/2023 06:00 - 06/06/2023 07:00","BZN|BG","3400.60","3442.00"
"06/06/2023 07:00 - 06/06/2023 08:00","BZN|BG","3577.19","3612.00"
"06/06/2023 08:00 - 06/06/2023 09:00","BZN|BG","3597.69","3603.00"
"06/06/2023 09:00 - 06/06/2023 10:00","BZN|BG","3545.32","3401.00"
"06/06/2023 10:00 - 06/06/2023 11:00","BZN|BG","3542.89","3405.00"
"06/06/2023 11:00 - 06/06/2023 12:00","BZN|BG","3506.47","3340.00"
"06/06/2023 12:00 - 06/06/2023 13:00","BZN|BG","3525.12","3379.00"
"06/06/2023 13:00 - 06/06/2023 14:00","BZN|BG","3489.84","3337.00"
"06/06/2023 14:00 - 06/06/2023 15:00","BZN|BG","3498.09","3417.00"
"06/06/2023 15:00 - 06/06/2023 16:00","BZN|BG","3482.34","3381.00"
"06/06/2023 16:00 - 06/06/2023 17:00","BZN|BG","3518.36","3422.00"
"06/06/2023 17:00 - 06/06/2023 18:00","BZN|BG","3658.91","3634.00"
"06/06/2023 18:00 - 06/06/2023 19:00","BZN|BG","3748.61","3795.00"
"06/06/2023 19:00 - 06/06/2023 20:00","BZN|BG","3791.87","3886.00"
"06/06/2023 20:00 - 06/06/2023 21:00","BZN|BG","3825.33","3920.00"
"06/06/2023 21:00 - 06/06/2023 22:00","BZN|BG","3699.55","3674.00"
"06/06/2023 22:00 - 06/06/2023 23:00","BZN|BG","3406.84","3337.00"
"06/06/2023 23:00 - 07/06/2023 00:00","BZN|BG","3055.25","3050.00"
"07/06/2023 00:00 - 07/06/2023 01:00","BZN|BG","2827.42","2825.00"
"07/06/2023 01:00 - 07/06/2023 02:00","BZN|BG","2711.74","2710.00"
"07/06/2023 02:00 - 07/06/2023 03:00","BZN|BG","2682.30","2665.00"
"07/06/2023 03:00 - 07/06/2023 04:00","BZN|BG","2707.44","2677.00"
"07/06/2023 04:00 - 07/06/2023 05:00","BZN|BG","2804.86","2759.00"
"07/06/2023 05:00 - 07/06/2023 06:00","BZN|BG","3119.71","3025.00"
"07/06/2023 06:00 - 07/06/2023 07:00","BZN|BG","3428.68","3292.00"
"07/06/2023 07:00 - 07/06/2023 08:00","BZN|BG","3605.38","3462.00"
"07/06/2023 08:00 - 07/06/2023 09:00","BZN|BG","3635.17","3500.00"
"07/06/2023 09:00 - 07/06/2023 10:00","BZN|BG","3544.12","3384.00"
"07/06/2023 10:00 - 07/06/2023 11:00","BZN|BG","3529.31","3362.00"
"07/06/2023 11:00 - 07/06/2023 12:00","BZN|BG","3499.30","3293.00"
"07/06/2023 12:00 - 07/06/2023 13:00","BZN|BG","3562.62","3325.00"
"07/06/2023 13:00 - 07/06/2023 14:00","BZN|BG","3531.60","3265.00"
"07/06/2023 14:00 - 07/06/2023 15:00","BZN|BG","3529.06","3248.00"
"07/06/2023 15:00 - 07/06/2023 16:00","BZN|BG","3544.02","3260.00"
"07/06/2023 16:00 - 07/06/2023 17:00","BZN|BG","3580.20","3260.00"
"07/06/2023 17:00 - 07/06/2023 18:00","BZN|BG","3702.03","3484.00"
"07/06/2023 18:00 - 07/06/2023 19:00","BZN|BG","3785.72","3681.00"
"07/06/2023 19:00 - 07/06/2023 20:00","BZN|BG","3791.64","3766.00"
"07/06/2023 20:00 - 07/06/2023 21:00","BZN|BG","3831.33","3822.00"
"07/06/2023 21:00 - 07/06/2023 22:00","BZN|BG","3708.70","3659.00"
"07/06/2023 22:00 - 07/06/2023 23:00","BZN|BG","3400.66","3345.00"
"07/06/2023 23:00 - 08/06/2023 00:00","BZN|BG","3071.38","3058.00"
"08/06/2023 00:00 - 08/06/2023 01:00","BZN|BG","2856.49","2845.00"
"08/06/2023 01:00 - 08/06/2023 02:00","BZN|BG","2737.22","2731.00"
"08/06/2023 02:00 - 08/06/2023 03:00","BZN|BG","2713.16","2698.00"
"08/06/2023 03:00 - 08/06/2023 04:00","BZN|BG","2722.11","2714.00"
"08/06/2023 04:00 - 08/06/2023 05:00","BZN|BG","2821.66","2795.00"
"08/06/2023 05:00 - 08/06/2023 06:00","BZN|BG","3135.75","3072.00"
"08/06/2023 06:00 - 08/06/2023 07:00","BZN|BG","3431.49","3341.00"
"08/06/2023 07:00 - 08/06/2023 08:00","BZN|BG","3617.31","3518.00"
"08/06/2023 08:00 - 08/06/2023 09:00","BZN|BG","3671.51","3549.00"
"08/06/2023 09:00 - 08/06/2023 10:00","BZN|BG","3608.49","3398.00"
"08/06/2023 10:00 - 08/06/2023 11:00","BZN|BG","3663.57","3378.00"
"08/06/2023 11:00 - 08/06/2023 12:00","BZN|BG","3636.43","3306.00"
"08/06/2023 12:00 - 08/06/2023 13:00","BZN|BG","3667.11","3342.00"
"08/06/2023 13:00 - 08/06/2023 14:00","BZN|BG","3658.41","3301.00"
"08/06/2023 14:00 - 08/06/2023 15:00","BZN|BG","3650.05","3292.00"
"08/06/2023 15:00 - 08/06/2023 16:00","BZN|BG","3651.65","3308.00"
"08/06/2023 16:00 - 08/06/2023 17:00","BZN|BG","3678.86","3311.00"
"08/06/2023 17:00 - 08/06/2023 18:00","BZN|BG","3788.08","3521.00"
"08/06/2023 18:00 - 08/06/2023 19:00","BZN|BG","3848.84","3687.00"
"08/06/2023 19:00 - 08/06/2023 20:00","BZN|BG","3877.03","3760.00"
"08/06/2023 20:00 - 08/06/2023 21:00","BZN|BG","3884.84","3807.00"
"08/06/2023 21:00 - 08/06/2023 22:00","BZN|BG","3743.31","3649.00"
"08/06/2023 22:00 - 08/06/2023 23:00","BZN|BG","3462.16","3383.00"
"08/06/2023 23:00 - 09/06/2023 00:00","BZN|BG","3087.53","3028.00"
"09/06/2023 00:00 - 09/06/2023 01:00","BZN|BG","2853.57","2849.00"
"09/06/2023 01:00 - 09/06/2023 02:00","BZN|BG","2739.17","2750.00"
"09/06/2023 02:00 - 09/06/2023 03:00","BZN|BG","2686.31","2714.00"
"09/06/2023 03:00 - 09/06/2023 04:00","BZN|BG","2696.48","2731.00"
"09/06/2023 04:00 - 09/06/2023 05:00","BZN|BG","2788.82","2812.00"
"09/06/2023 05:00 - 09/06/2023 06:00","BZN|BG","3065.69","3084.00"
"09/06/2023 06:00 - 09/06/2023 07:00","BZN|BG","3257.64","3348.00"
"09/06/2023 07:00 - 09/06/2023 08:00","BZN|BG","3290.35","3526.00"
"09/06/2023 08:00 - 09/06/2023 09:00","BZN|BG","3178.85","3540.00"
"09/06/2023 09:00 - 09/06/2023 10:00","BZN|BG","3004.50","3404.00"
"09/06/2023 10:00 - 09/06/2023 11:00","BZN|BG","2982.46","3375.00"
"09/06/2023 11:00 - 09/06/2023 12:00","BZN|BG","2916.55","3304.00"
"09/06/2023 12:00 - 09/06/2023 13:00","BZN|BG","2913.06","3366.00"
"09/06/2023 13:00 - 09/06/2023 14:00","BZN|BG","2956.08","3310.00"
"09/06/2023 14:00 - 09/06/2023 15:00","BZN|BG","2998.30","3269.00"
"09/06/2023 15:00 - 09/06/2023 16:00","BZN|BG","3136.60","3292.00"
"09/06/2023 16:00 - 09/06/2023 17:00","BZN|BG","3303.24","3320.00"
"09/06/2023 17:00 - 09/06/2023 18:00","BZN|BG","3548.91","3485.00"
"09/06/2023 18:00 - 09/06/2023 19:00","BZN|BG","3668.40","3636.00"
"09/06/2023 19:00 - 09/06/2023 20:00","BZN|BG","3655.80","3708.00"
"09/06/2023 20:00 - 09/06/2023 21:00","BZN|BG","3608.43","3745.00"
"09/06/2023 21:00 - 09/06/2023 22:00","BZN|BG","3593.77","3608.00"
"09/06/2023 22:00 - 09/06/2023 23:00","BZN|BG","3350.21","3345.00"
"09/06/2023 23:00 - 10/06/2023 00:00","BZN|BG","3096.42","3015.00"
"10/06/2023 00:00 - 10/06/2023 01:00","BZN|BG","2856.58","2824.00"
"10/06/2023 01:00 - 10/06/2023 02:00","BZN|BG","2737.20","2692.00"
"10/06/2023 02:00 - 10/06/2023 03:00","BZN|BG","2676.20","2659.00"
"10/06/2023 03:00 - 10/06/2023 04:00","BZN|BG","2649.57","2642.00"
"10/06/2023 04:00 - 10/06/2023 05:00","BZN|BG","2655.92","2644.00"
"10/06/2023 05:00 - 10/06/2023 06:00","BZN|BG","2730.34","2756.00"
"10/06/2023 06:00 - 10/06/2023 07:00","BZN|BG","2809.09","2969.00"
"10/06/2023 07:00 - 10/06/2023 08:00","BZN|BG","2943.18","3165.00"
"10/06/2023 08:00 - 10/06/2023 09:00","BZN|BG","3017.07","3284.00"
"10/06/2023 09:00 - 10/06/2023 10:00","BZN|BG","2961.32","3297.00"
"10/06/2023 10:00 - 10/06/2023 11:00","BZN|BG","2971.99","3322.00"
"10/06/2023 11:00 - 10/06/2023 12:00","BZN|BG","2977.86","3279.00"
"10/06/2023 12:00 - 10/06/2023 13:00","BZN|BG","2934.27","3191.00"
"10/06/2023 13:00 - 10/06/2023 14:00","BZN|BG","2865.38","3141.00"
"10/06/2023 14:00 - 10/06/2023 15:00","BZN|BG","2868.57","3111.00"
"10/06/2023 15:00 - 10/06/2023 16:00","BZN|BG","2965.75","3195.00"
"10/06/2023 16:00 - 10/06/2023 17:00","BZN|BG","3126.27","3337.00"
"10/06/2023 17:00 - 10/06/2023 18:00","BZN|BG","3532.17","3470.00"
"10/06/2023 18:00 - 10/06/2023 19:00","BZN|BG","3556.74","3535.00"
"10/06/2023 19:00 - 10/06/2023 20:00","BZN|BG","3522.81","3567.00"
"10/06/2023 20:00 - 10/06/2023 21:00","BZN|BG","3561.42","3558.00"
"10/06/2023 21:00 - 10/06/2023 22:00","BZN|BG","3447.60","3465.00"
"10/06/2023 22:00 - 10/06/2023 23:00","BZN|BG","3294.13","3266.00"
"10/06/2023 23:00 - 11/06/2023 00:00","BZN|BG","3038.61","2932.00"
"11/06/2023 00:00 - 11/06/2023 01:00","BZN|BG","2827.27","2729.00"
"11/06/2023 01:00 - 11/06/2023 02:00","BZN|BG","2711.86","2615.00"
"11/06/2023 02:00 - 11/06/2023 03:00","BZN|BG","2635.71","2561.00"
"11/06/2023 03:00 - 11/06/2023 04:00","BZN|BG","2632.72","2528.00"
"11/06/2023 04:00 - 11/06/2023 05:00","BZN|BG","2626.40","2560.00"
"11/06/2023 05:00 - 11/06/2023 06:00","BZN|BG","2675.03","2670.00"
"11/06/2023 06:00 - 11/06/2023 07:00","BZN|BG","2811.19","2750.00"
"11/06/2023 07:00 - 11/06/2023 08:00","BZN|BG","3062.91","2921.00"
"11/06/2023 08:00 - 11/06/2023 09:00","BZN|BG","3307.43","3101.00"
"11/06/2023 09:00 - 11/06/2023 10:00","BZN|BG","3413.88","3172.00"
"11/06/2023 10:00 - 11/06/2023 11:00","BZN|BG","3469.75","3200.00"
"11/06/2023 11:00 - 11/06/2023 12:00","BZN|BG","3495.82","3181.00"
"11/06/2023 12:00 - 11/06/2023 13:00","BZN|BG","3453.53","3125.00"
"11/06/2023 13:00 - 11/06/2023 14:00","BZN|BG","3395.01","3075.00"
"11/06/2023 14:00 - 11/06/2023 15:00","BZN|BG","3387.92","3072.00"
"11/06/2023 15:00 - 11/06/2023 16:00","BZN|BG","3454.26","3125.00"
"11/06/2023 16:00 - 11/06/2023 17:00","BZN|BG","3512.59","3268.00"
"11/06/2023 17:00 - 11/06/2023 18:00","BZN|BG","3599.51","3432.00"
"11/06/2023 18:00 - 11/06/2023 19:00","BZN|BG","3689.05","3532.00"
"11/06/2023 19:00 - 11/06/2023 20:00","BZN|BG","3694.20","3587.00"
"11/06/2023 20:00 - 11/06/2023 21:00","BZN|BG","3705.67","3661.00"
"11/06/2023 21:00 - 11/06/2023 22:00","BZN|BG","3570.33","3557.00"
"11/06/2023 22:00 - 11/06/2023 23:00","BZN|BG","3360.81","3278.00"
"11/06/2023 23:00 - 12/06/2023 00:00","BZN|BG","3012.89","2935.00"
"12/06/2023 00:00 - 12/06/2023 01:00","BZN|BG","2776.96","2735.00"
"12/06/2023 01:00 - 12/06/2023 02:00","BZN|BG","2683.76","2626.00"
"12/06/2023 02:00 - 12/06/2023 03:00","BZN|BG","2642.13","2601.00"
"12/06/2023 03:00 - 12/06/2023 04:00","BZN|BG","2655.98","2621.00"
"12/06/2023 04:00 - 12/06/2023 05:00","BZN|BG","2766.48","2734.00"
"12/06/2023 05:00 - 12/06/2023 06:00","BZN|BG","3092.15","3041.00"
"12/06/2023 06:00 - 12/06/2023 07:00","BZN|BG","3371.17","3350.00"
"12/06/2023 07:00 - 12/06/2023 08:00","BZN|BG","3569.90","3508.00"
"12/06/2023 08:00 - 12/06/2023 09:00","BZN|BG","3651.15","3596.00"
"12/06/2023 09:00 - 12/06/2023 10:00","BZN|BG","3632.25","3400.00"
"12/06/2023 10:00 - 12/06/2023 11:00","BZN|BG","3690.94","3377.00"
"12/06/2023 11:00 - 12/06/2023 12:00","BZN|BG","3651.32","3310.00"
"12/06/2023 12:00 - 12/06/2023 13:00","BZN|BG","3714.24","3344.00"
"12/06/2023 13:00 - 12/06/2023 14:00","BZN|BG","3693.23","3305.00"
"12/06/2023 14:00 - 12/06/2023 15:00","BZN|BG","3684.98","3285.00"
"12/06/2023 15:00 - 12/06/2023 16:00","BZN|BG","3689.96","3291.00"
"12/06/2023 16:00 - 12/06/2023 17:00","BZN|BG","3701.21","3299.00"
"12/06/2023 17:00 - 12/06/2023 18:00","BZN|BG","3793.17","3525.00"
"12/06/2023 18:00 - 12/06/2023 19:00","BZN|BG","3867.17","3697.00"
"12/06/2023 19:00 - 12/06/2023 20:00","BZN|BG","3826.72","3764.00"
"12/06/2023 20:00 - 12/06/2023 21:00","BZN|BG","3764.01","3842.00"
"12/06/2023 21:00 - 12/06/2023 22:00","BZN|BG","3624.83","3718.00"
"12/06/2023 22:00 - 12/06/2023 23:00","BZN|BG","3351.34","3453.00"
"12/06/2023 23:00 - 13/06/2023 00:00","BZN|BG","3099.18","3029.00"
"13/06/2023 00:00 - 13/06/2023 01:00","BZN|BG","2910.76","2804.00"
"13/06/2023 01:00 - 13/06/2023 02:00","BZN|BG","2807.95","2685.00"
"13/06/2023 02:00 - 13/06/2023 03:00","BZN|BG","2758.05","2653.00"
"13/06/2023 03:00 - 13/06/2023 04:00","BZN|BG","2763.90","2672.00"
"13/06/2023 04:00 - 13/06/2023 05:00","BZN|BG","2856.81","2768.00"
"13/06/2023 05:00 - 13/06/2023 06:00","BZN|BG","3159.08","3089.00"
"13/06/2023 06:00 - 13/06/2023 07:00","BZN|BG","3460.73","3392.00"
"13/06/2023 07:00 - 13/06/2023 08:00","BZN|BG","3649.72","3570.00"
"13/06/2023 08:00 - 13/06/2023 09:00","BZN|BG","3725.93","3601.00"
"13/06/2023 09:00 - 13/06/2023 10:00","BZN|BG","3676.77","3499.00"
"13/06/2023 10:00 - 13/06/2023 11:00","BZN|BG","3734.11","3516.00"
"13/06/2023 11:00 - 13/06/2023 12:00","BZN|BG","3711.78","3476.00"
"13/06/2023 12:00 - 13/06/2023 13:00","BZN|BG","3737.49","3506.00"
"13/06/2023 13:00 - 13/06/2023 14:00","BZN|BG","3699.27","3467.00"
"13/06/2023 14:00 - 13/06/2023 15:00","BZN|BG","3686.73","3467.00"
"13/06/2023 15:00 - 13/06/2023 16:00","BZN|BG","3705.43","3440.00"
"13/06/2023 16:00 - 13/06/2023 17:00","BZN|BG","3747.76","3510.00"
"13/06/2023 17:00 - 13/06/2023 18:00","BZN|BG","3863.23","3685.00"
"13/06/2023 18:00 - 13/06/2023 19:00","BZN|BG","3846.23","3801.00"
"13/06/2023 19:00 - 13/06/2023 20:00","BZN|BG","3825.20","3831.00"
"13/06/2023 20:00 - 13/06/2023 21:00","BZN|BG","3852.41","3856.00"
"13/06/2023 21:00 - 13/06/2023 22:00","BZN|BG","3735.33","3728.00"
"13/06/2023 22:00 - 13/06/2023 23:00","BZN|BG","3438.50","3472.00"
"13/06/2023 23:00 - 14/06/2023 00:00","BZN|BG","3134.41","3135.00"
"14/06/2023 00:00 - 14/06/2023 01:00","BZN|BG","2947.09","2931.00"
"14/06/2023 01:00 - 14/06/2023 02:00","BZN|BG","2825.02","2829.00"
"14/06/2023 02:00 - 14/06/2023 03:00","BZN|BG","2769.77","2794.00"
"14/06/2023 03:00 - 14/06/2023 04:00","BZN|BG","2770.99","2808.00"
"14/06/2023 04:00 - 14/06/2023 05:00","BZN|BG","2863.52","2892.00"
"14/06/2023 05:00 - 14/06/2023 06:00","BZN|BG","3163.99","3162.00"
"14/06/2023 06:00 - 14/06/2023 07:00","BZN|BG","3460.96","3414.00"
"14/06/2023 07:00 - 14/06/2023 08:00","BZN|BG","3684.40","3568.00"
"14/06/2023 08:00 - 14/06/2023 09:00","BZN|BG","3769.05","3600.00"
"14/06/2023 09:00 - 14/06/2023 10:00","BZN|BG","3706.39","3447.00"
"14/06/2023 10:00 - 14/06/2023 11:00","BZN|BG","3768.24","3501.00"
"14/06/2023 11:00 - 14/06/2023 12:00","BZN|BG","3716.06","3430.00"
"14/06/2023 12:00 - 14/06/2023 13:00","BZN|BG","3745.66","3484.00"
"14/06/2023 13:00 - 14/06/2023 14:00","BZN|BG","3719.28","3451.00"
"14/06/2023 14:00 - 14/06/2023 15:00","BZN|BG","3741.29","3431.00"
"14/06/2023 15:00 - 14/06/2023 16:00","BZN|BG","3750.02","3443.00"
"14/06/2023 16:00 - 14/06/2023 17:00","BZN|BG","3725.72","3505.00"
"14/06/2023 17:00 - 14/06/2023 18:00","BZN|BG","3841.56","3722.00"
"14/06/2023 18:00 - 14/06/2023 19:00","BZN|BG","3915.77","3840.00"
"14/06/2023 19:00 - 14/06/2023 20:00","BZN|BG","3908.24","3855.00"
"14/06/2023 20:00 - 14/06/2023 21:00","BZN|BG","3905.53","3869.00"
"14/06/2023 21:00 - 14/06/2023 22:00","BZN|BG","3782.74","3758.00"
"14/06/2023 22:00 - 14/06/2023 23:00","BZN|BG","3493.36","3451.00"
"14/06/2023 23:00 - 15/06/2023 00:00","BZN|BG","3210.59","3148.00"
"15/06/2023 00:00 - 15/06/2023 01:00","BZN|BG","2879.55","2940.00"
"15/06/2023 01:00 - 15/06/2023 02:00","BZN|BG","2853.62","2836.00"
"15/06/2023 02:00 - 15/06/2023 03:00","BZN|BG","2805.91","2801.00"
"15/06/2023 03:00 - 15/06/2023 04:00","BZN|BG","2843.32","2816.00"
"15/06/2023 04:00 - 15/06/2023 05:00","BZN|BG","2920.28","2901.00"
"15/06/2023 05:00 - 15/06/2023 06:00","BZN|BG","3208.41","3174.00"
"15/06/2023 06:00 - 15/06/2023 07:00","BZN|BG","3508.56","3430.00"
"15/06/2023 07:00 - 15/06/2023 08:00","BZN|BG","3703.97","3586.00"
"15/06/2023 08:00 - 15/06/2023 09:00","BZN|BG","3780.52","3618.00"
"15/06/2023 09:00 - 15/06/2023 10:00","BZN|BG","3759.18","3476.00"
"15/06/2023 10:00 - 15/06/2023 11:00","BZN|BG","3808.72","3526.00"
"15/06/2023 11:00 - 15/06/2023 12:00","BZN|BG","3783.93","3459.00"
"15/06/2023 12:00 - 15/06/2023 13:00","BZN|BG","3901.13","3513.00"
"15/06/2023 13:00 - 15/06/2023 14:00","BZN|BG","3859.07","3479.00"
"15/06/2023 14:00 - 15/06/2023 15:00","BZN|BG","3804.28","3460.00"
"15/06/2023 15:00 - 15/06/2023 16:00","BZN|BG","3792.74","3472.00"
"15/06/2023 16:00 - 15/06/2023 17:00","BZN|BG","3814.64","3534.00"
"15/06/2023 17:00 - 15/06/2023 18:00","BZN|BG","3903.39","3748.00"
"15/06/2023 18:00 - 15/06/2023 19:00","BZN|BG","3927.49","3865.00"
"15/06/2023 19:00 - 15/06/2023 20:00","BZN|BG","3907.03","3879.00"
"15/06/2023 20:00 - 15/06/2023 21:00","BZN|BG","3905.75","3893.00"
"15/06/2023 21:00 - 15/06/2023 22:00","BZN|BG","3773.60","3782.00"
"15/06/2023 22:00 - 15/06/2023 23:00","BZN|BG","3498.59","3474.00"
"15/06/2023 23:00 - 16/06/2023 00:00","BZN|BG","3122.48","3144.00"
"16/06/2023 00:00 - 16/06/2023 01:00","BZN|BG","2929.38","2916.00"
"16/06/2023 01:00 - 16/06/2023 02:00","BZN|BG","2817.82","2805.00"
"16/06/2023 02:00 - 16/06/2023 03:00","BZN|BG","2758.42","2777.00"
"16/06/2023 03:00 - 16/06/2023 04:00","BZN|BG","2778.99","2785.00"
"16/06/2023 04:00 - 16/06/2023 05:00","BZN|BG","2854.23","2870.00"
"16/06/2023 05:00 - 16/06/2023 06:00","BZN|BG","3114.90","3163.00"
"16/06/2023 06:00 - 16/06/2023 07:00","BZN|BG","3346.11","3425.00"
"16/06/2023 07:00 - 16/06/2023 08:00","BZN|BG","3445.17","3578.00"
"16/06/2023 08:00 - 16/06/2023 09:00","BZN|BG","3407.76","3604.00"
"16/06/2023 09:00 - 16/06/2023 10:00","BZN|BG","3269.41","3422.00"
"16/06/2023 10:00 - 16/06/2023 11:00","BZN|BG","3252.39","3438.00"
"16/06/2023 11:00 - 16/06/2023 12:00","BZN|BG","3280.01","3459.00"
"16/06/2023 12:00 - 16/06/2023 13:00","BZN|BG","3330.77","3485.00"
"16/06/2023 13:00 - 16/06/2023 14:00","BZN|BG","3319.91","3481.00"
"16/06/2023 14:00 - 16/06/2023 15:00","BZN|BG","3356.43","3475.00"
"16/06/2023 15:00 - 16/06/2023 16:00","BZN|BG","3389.50","3477.00"
"16/06/2023 16:00 - 16/06/2023 17:00","BZN|BG","3495.52","3522.00"
"16/06/2023 17:00 - 16/06/2023 18:00","BZN|BG","3647.62","3669.00"
"16/06/2023 18:00 - 16/06/2023 19:00","BZN|BG","3744.07","3747.00"
"16/06/2023 19:00 - 16/06/2023 20:00","BZN|BG","3728.95","3751.00"
"16/06/2023 20:00 - 16/06/2023 21:00","BZN|BG","3687.80","3765.00"
"16/06/2023 21:00 - 16/06/2023 22:00","BZN|BG","3568.40","3659.00"
"16/06/2023 22:00 - 16/06/2023 23:00","BZN|BG","3352.59","3375.00"
"16/06/2023 23:00 - 17/06/2023 00:00","BZN|BG","3118.15","3087.00"
"17/06/2023 00:00 - 17/06/2023 01:00","BZN|BG","2915.45","2896.00"
"17/06/2023 01:00 - 17/06/2023 02:00","BZN|BG","2798.66","2805.00"
"17/06/2023 02:00 - 17/06/2023 03:00","BZN|BG","2725.75","2761.00"
"17/06/2023 03:00 - 17/06/2023 04:00","BZN|BG","2712.61","2748.00"
"17/06/2023 04:00 - 17/06/2023 05:00","BZN|BG","2702.15","2756.00"
"17/06/2023 05:00 - 17/06/2023 06:00","BZN|BG","2775.48","2847.00"
"17/06/2023 06:00 - 17/06/2023 07:00","BZN|BG","2897.32","2975.00"
"17/06/2023 07:00 - 17/06/2023 08:00","BZN|BG","3086.36","3170.00"
"17/06/2023 08:00 - 17/06/2023 09:00","BZN|BG","3264.69","3344.00"
"17/06/2023 09:00 - 17/06/2023 10:00","BZN|BG","3245.49","3382.00"
"17/06/2023 10:00 - 17/06/2023 11:00","BZN|BG","3301.98","3413.00"
"17/06/2023 11:00 - 17/06/2023 12:00","BZN|BG","3257.75","3399.00"
"17/06/2023 12:00 - 17/06/2023 13:00","BZN|BG","3169.42","3356.00"
"17/06/2023 13:00 - 17/06/2023 14:00","BZN|BG","3104.29","3283.00"
"17/06/2023 14:00 - 17/06/2023 15:00","BZN|BG","3129.74","3267.00"
"17/06/2023 15:00 - 17/06/2023 16:00","BZN|BG","3241.45","3325.00"
"17/06/2023 16:00 - 17/06/2023 17:00","BZN|BG","3363.59","3420.00"
"17/06/2023 17:00 - 17/06/2023 18:00","BZN|BG","3653.91","3559.00"
"17/06/2023 18:00 - 17/06/2023 19:00","BZN|BG","3703.37","3603.00"
"17/06/2023 19:00 - 17/06/2023 20:00","BZN|BG","3601.90","3542.00"
"17/06/2023 20:00 - 17/06/2023 21:00","BZN|BG","3556.38","3612.00"
"17/06/2023 21:00 - 17/06/2023 22:00","BZN|BG","3430.69","3440.00"
"17/06/2023 22:00 - 17/06/2023 23:00","BZN|BG","3288.17","3209.00"
"17/06/2023 23:00 - 18/06/2023 00:00","BZN|BG","3059.68","2955.00"
"18/06/2023 00:00 - 18/06/2023 01:00","BZN|BG","2856.70","2775.00"
"18/06/2023 01:00 - 18/06/2023 02:00","BZN|BG","2733.14","2677.00"
"18/06/2023 02:00 - 18/06/2023 03:00","BZN|BG","2675.75","2612.00"
"18/06/2023 03:00 - 18/06/2023 04:00","BZN|BG","2675.69","2610.00"
"18/06/2023 04:00 - 18/06/2023 05:00","BZN|BG","2670.60","2604.00"
"18/06/2023 05:00 - 18/06/2023 06:00","BZN|BG","2717.59","2650.00"
"18/06/2023 06:00 - 18/06/2023 07:00","BZN|BG","2874.23","2778.00"
"18/06/2023 07:00 - 18/06/2023 08:00","BZN|BG","3123.98","3015.00"
"18/06/2023 08:00 - 18/06/2023 09:00","BZN|BG","3402.44","3245.00"
"18/06/2023 09:00 - 18/06/2023 10:00","BZN|BG","3517.35","3345.00"
"18/06/2023 10:00 - 18/06/2023 11:00","BZN|BG","3587.01","3398.00"
"18/06/2023 11:00 - 18/06/2023 12:00","BZN|BG","3587.20","3415.00"
"18/06/2023 12:00 - 18/06/2023 13:00","BZN|BG","3518.00","3387.00"
"18/06/2023 13:00 - 18/06/2023 14:00","BZN|BG","3425.28","3350.00"
"18/06/2023 14:00 - 18/06/2023 15:00","BZN|BG","3391.25","3345.00"
"18/06/2023 15:00 - 18/06/2023 16:00","BZN|BG","3475.22","3428.00"
"18/06/2023 16:00 - 18/06/2023 17:00","BZN|BG","3569.38","3501.00"
"18/06/2023 17:00 - 18/06/2023 18:00","BZN|BG","3663.99","3610.00"
"18/06/2023 18:00 - 18/06/2023 19:00","BZN|BG","3674.87","3722.00"
"18/06/2023 19:00 - 18/06/2023 20:00","BZN|BG","3700.59","3729.00"
"18/06/2023 20:00 - 18/06/2023 21:00","BZN|BG","3743.68","3743.00"
"18/06/2023 21:00 - 18/06/2023 22:00","BZN|BG","3636.05","3570.00"
"18/06/2023 22:00 - 18/06/2023 23:00","BZN|BG","3422.98","3302.00"
"18/06/2023 23:00 - 19/06/2023 00:00","BZN|BG","3100.15","3012.00"
"19/06/2023 00:00 - 19/06/2023 01:00","BZN|BG","2851.03","2741.00"
"19/06/2023 01:00 - 19/06/2023 02:00","BZN|BG","2738.75","2699.00"
"19/06/2023 02:00 - 19/06/2023 03:00","BZN|BG","2707.56","2645.00"
"19/06/2023 03:00 - 19/06/2023 04:00","BZN|BG","2726.08","2675.00"
"19/06/2023 04:00 - 19/06/2023 05:00","BZN|BG","2841.76","2951.00"
"19/06/2023 05:00 - 19/06/2023 06:00","BZN|BG","3154.65","3471.00"
"19/06/2023 06:00 - 19/06/2023 07:00","BZN|BG","3434.72","3805.00"
"19/06/2023 07:00 - 19/06/2023 08:00","BZN|BG","3667.25","3857.00"
"19/06/2023 08:00 - 19/06/2023 09:00","BZN|BG","3748.93","4055.00"
"19/06/2023 09:00 - 19/06/2023 10:00","BZN|BG","3730.94","4699.00"
"19/06/2023 10:00 - 19/06/2023 11:00","BZN|BG","3798.76","4319.00"
"19/06/2023 11:00 - 19/06/2023 12:00","BZN|BG","3783.99","3196.00"
"19/06/2023 12:00 - 19/06/2023 13:00","BZN|BG","3789.70","2666.00"
"19/06/2023 13:00 - 19/06/2023 14:00","BZN|BG","3752.45","2719.00"
"19/06/2023 14:00 - 19/06/2023 15:00","BZN|BG","3755.61","3028.00"
"19/06/2023 15:00 - 19/06/2023 16:00","BZN|BG","3738.21","3427.00"
"19/06/2023 16:00 - 19/06/2023 17:00","BZN|BG","3751.32","3457.00"
"19/06/2023 17:00 - 19/06/2023 18:00","BZN|BG","3838.42","3622.00"
"19/06/2023 18:00 - 19/06/2023 19:00","BZN|BG","3856.62","3969.00"
"19/06/2023 19:00 - 19/06/2023 20:00","BZN|BG","3842.79","3950.00"
"19/06/2023 20:00 - 19/06/2023 21:00","BZN|BG","3877.65","3929.00"
"19/06/2023 21:00 - 19/06/2023 22:00","BZN|BG","3780.61","3647.00"
"19/06/2023 22:00 - 19/06/2023 23:00","BZN|BG","3492.81","3290.00"
"19/06/2023 23:00 - 20/06/2023 00:00","BZN|BG","3189.45","3174.00"
"20/06/2023 00:00 - 20/06/2023 01:00","BZN|BG","2958.44","2926.00"
"20/06/2023 01:00 - 20/06/2023 02:00","BZN|BG","2843.42","2818.00"
"20/06/2023 02:00 - 20/06/2023 03:00","BZN|BG","2800.80","2759.00"
"20/06/2023 03:00 - 20/06/2023 04:00","BZN|BG","2822.52","2770.00"
"20/06/2023 04:00 - 20/06/2023 05:00","BZN|BG","2900.47","2875.00"
"20/06/2023 05:00 - 20/06/2023 06:00","BZN|BG","3155.50","3235.00"
"20/06/2023 06:00 - 20/06/2023 07:00","BZN|BG","3444.74","3586.00"
"20/06/2023 07:00 - 20/06/2023 08:00","BZN|BG","3660.85","3823.00"
"20/06/2023 08:00 - 20/06/2023 09:00","BZN|BG","3753.75","3909.00"
"20/06/2023 09:00 - 20/06/2023 10:00","BZN|BG","3702.99","3847.00"
"20/06/2023 10:00 - 20/06/2023 11:00","BZN|BG","3790.82","3918.00"
"20/06/2023 11:00 - 20/06/2023 12:00","BZN|BG","3784.92","3832.00"
"20/06/2023 12:00 - 20/06/2023 13:00","BZN|BG","3834.20","3865.00"
"20/06/2023 13:00 - 20/06/2023 14:00","BZN|BG","3752.49","3840.00"
"20/06/2023 14:00 - 20/06/2023 15:00","BZN|BG","3725.87","3791.00"
"20/06/2023 15:00 - 20/06/2023 16:00","BZN|BG","3715.31","3821.00"
"20/06/2023 16:00 - 20/06/2023 17:00","BZN|BG","3725.66","3861.00"
"20/06/2023 17:00 - 20/06/2023 18:00","BZN|BG","3855.76","3994.00"
"20/06/2023 18:00 - 20/06/2023 19:00","BZN|BG","3872.12","4040.00"
"20/06/2023 19:00 - 20/06/2023 20:00","BZN|BG","3859.46","4014.00"
"20/06/2023 20:00 - 20/06/2023 21:00","BZN|BG","3901.22","4001.00"
"20/06/2023 21:00 - 20/06/2023 22:00","BZN|BG","3779.81","3874.00"
"20/06/2023 22:00 - 20/06/2023 23:00","BZN|BG","3490.74","3582.00"
"20/06/2023 23:00 - 21/06/2023 00:00","BZN|BG","3198.09","3272.00"
"21/06/2023 00:00 - 21/06/2023 01:00","BZN|BG","2974.99","3026.00"
"21/06/2023 01:00 - 21/06/2023 02:00","BZN|BG","2857.60","2927.00"
"21/06/2023 02:00 - 21/06/2023 03:00","BZN|BG","2806.80","2869.00"
"21/06/2023 03:00 - 21/06/2023 04:00","BZN|BG","2811.97","2886.00"
"21/06/2023 04:00 - 21/06/2023 05:00","BZN|BG","2899.74","2973.00"
"21/06/2023 05:00 - 21/06/2023 06:00","BZN|BG","3191.77","3275.00"
"21/06/2023 06:00 - 21/06/2023 07:00","BZN|BG","3469.36","3581.00"
"21/06/2023 07:00 - 21/06/2023 08:00","BZN|BG","3661.59","3793.00"
"21/06/2023 08:00 - 21/06/2023 09:00","BZN|BG","3717.75","3876.00"
"21/06/2023 09:00 - 21/06/2023 10:00","BZN|BG","3702.57","3831.00"
"21/06/2023 10:00 - 21/06/2023 11:00","BZN|BG","3815.08","3889.00"
"21/06/2023 11:00 - 21/06/2023 12:00","BZN|BG","3803.15","3797.00"
"21/06/2023 12:00 - 21/06/2023 13:00","BZN|BG","3854.99","3953.00"
"21/06/2023 13:00 - 21/06/2023 14:00","BZN|BG","3865.19","3829.00"
"21/06/2023 14:00 - 21/06/2023 15:00","BZN|BG","3862.34","3775.00"
"21/06/2023 15:00 - 21/06/2023 16:00","BZN|BG","3886.96","3786.00"
"21/06/2023 16:00 - 21/06/2023 17:00","BZN|BG","3907.45","3816.00"
"21/06/2023 17:00 - 21/06/2023 18:00","BZN|BG","3977.91","3999.00"
"21/06/2023 18:00 - 21/06/2023 19:00","BZN|BG","3990.54","4006.00"
"21/06/2023 19:00 - 21/06/2023 20:00","BZN|BG","3943.24","4013.00"
"21/06/2023 20:00 - 21/06/2023 21:00","BZN|BG","3967.77","4044.00"
"21/06/2023 21:00 - 21/06/2023 22:00","BZN|BG","3850.92","3873.00"
"21/06/2023 22:00 - 21/06/2023 23:00","BZN|BG","3539.14","3582.00"
"21/06/2023 23:00 - 22/06/2023 00:00","BZN|BG","3245.70","3166.00"
"22/06/2023 00:00 - 22/06/2023 01:00","BZN|BG","3020.85","2927.00"
"22/06/2023 01:00 - 22/06/2023 02:00","BZN|BG","2901.96","2828.00"
"22/06/2023 02:00 - 22/06/2023 03:00","BZN|BG","2819.63","2778.00"
"22/06/2023 03:00 - 22/06/2023 04:00","BZN|BG","2799.55","2795.00"
"22/06/2023 04:00 - 22/06/2023 05:00","BZN|BG","2911.41","2893.00"
"22/06/2023 05:00 - 22/06/2023 06:00","BZN|BG","3180.83","3212.00"
"22/06/2023 06:00 - 22/06/2023 07:00","BZN|BG","3478.09","3528.00"
"22/06/2023 07:00 - 22/06/2023 08:00","BZN|BG","3724.97","3755.00"
"22/06/2023 08:00 - 22/06/2023 09:00","BZN|BG","3794.07","3842.00"
"22/06/2023 09:00 - 22/06/2023 10:00","BZN|BG","3816.06","3800.00"
"22/06/2023 10:00 - 22/06/2023 11:00","BZN|BG","3937.89","3864.00"
"22/06/2023 11:00 - 22/06/2023 12:00","BZN|BG","3942.25","3815.00"
"22/06/2023 12:00 - 22/06/2023 13:00","BZN|BG","3957.98","3890.00"
"22/06/2023 13:00 - 22/06/2023 14:00","BZN|BG","3992.51","3817.00"
"22/06/2023 14:00 - 22/06/2023 15:00","BZN|BG","3979.51","3793.00"
"22/06/2023 15:00 - 22/06/2023 16:00","BZN|BG","3963.64","3794.00"
"22/06/2023 16:00 - 22/06/2023 17:00","BZN|BG","3947.84","3811.00"
"22/06/2023 17:00 - 22/06/2023 18:00","BZN|BG","4025.88","3916.00"
"22/06/2023 18:00 - 22/06/2023 19:00","BZN|BG","3998.00","3941.00"
"22/06/2023 19:00 - 22/06/2023 20:00","BZN|BG","3945.95","3915.00"
"22/06/2023 20:00 - 22/06/2023 21:00","BZN|BG","3964.02","3917.00"
"22/06/2023 21:00 - 22/06/2023 22:00","BZN|BG","3852.74","3797.00"
"22/06/2023 22:00 - 22/06/2023 23:00","BZN|BG","3566.32","3518.00"
"22/06/2023 23:00 - 23/06/2023 00:00","BZN|BG","3193.60","3224.00"
"23/06/2023 00:00 - 23/06/2023 01:00","BZN|BG","2957.43","2980.00"
"23/06/2023 01:00 - 23/06/2023 02:00","BZN|BG","2848.30","2873.00"
"23/06/2023 02:00 - 23/06/2023 03:00","BZN|BG","2792.97","2820.00"
"23/06/2023 03:00 - 23/06/2023 04:00","BZN|BG","2801.65","2839.00"
"23/06/2023 04:00 - 23/06/2023 05:00","BZN|BG","2883.76","2923.00"
"23/06/2023 05:00 - 23/06/2023 06:00","BZN|BG","3103.22","3211.00"
"23/06/2023 06:00 - 23/06/2023 07:00","BZN|BG","3334.85","3513.00"
"23/06/2023 07:00 - 23/06/2023 08:00","BZN|BG","3414.27","3728.00"
"23/06/2023 08:00 - 23/06/2023 09:00","BZN|BG","3377.67","3815.00"
"23/06/2023 09:00 - 23/06/2023 10:00","BZN|BG","3273.57","3768.00"
"23/06/2023 10:00 - 23/06/2023 11:00","BZN|BG","3306.86","3837.00"
"23/06/2023 11:00 - 23/06/2023 12:00","BZN|BG","3281.64","3797.00"
"23/06/2023 12:00 - 23/06/2023 13:00","BZN|BG","3309.33","3837.00"
"23/06/2023 13:00 - 23/06/2023 14:00","BZN|BG","3324.28","3786.00"
"23/06/2023 14:00 - 23/06/2023 15:00","BZN|BG","3366.64","3747.00"
"23/06/2023 15:00 - 23/06/2023 16:00","BZN|BG","3462.51","3747.00"
"23/06/2023 16:00 - 23/06/2023 17:00","BZN|BG","3563.79","3758.00"
"23/06/2023 17:00 - 23/06/2023 18:00","BZN|BG","3777.48","3843.00"
"23/06/2023 18:00 - 23/06/2023 19:00","BZN|BG","3885.10","3861.00"
"23/06/2023 19:00 - 23/06/2023 20:00","BZN|BG","3866.15","3837.00"
"23/06/2023 20:00 - 23/06/2023 21:00","BZN|BG","3828.62","3847.00"
"23/06/2023 21:00 - 23/06/2023 22:00","BZN|BG","3710.08","3721.00"
"23/06/2023 22:00 - 23/06/2023 23:00","BZN|BG","3437.11","3439.00"
"23/06/2023 23:00 - 24/06/2023 00:00","BZN|BG","3164.17","3184.00"
"24/06/2023 00:00 - 24/06/2023 01:00","BZN|BG","2928.46","2961.00"
"24/06/2023 01:00 - 24/06/2023 02:00","BZN|BG","2817.29","2832.00"
"24/06/2023 02:00 - 24/06/2023 03:00","BZN|BG","2730.76","2753.00"
"24/06/2023 03:00 - 24/06/2023 04:00","BZN|BG","2707.70","2747.00"
"24/06/2023 04:00 - 24/06/2023 05:00","BZN|BG","2705.95","2738.00"
"24/06/2023 05:00 - 24/06/2023 06:00","BZN|BG","2818.25","2838.00"
"24/06/2023 06:00 - 24/06/2023 07:00","BZN|BG","2959.36","3001.00"
"24/06/2023 07:00 - 24/06/2023 08:00","BZN|BG","3017.04","3256.00"
"24/06/2023 08:00 - 24/06/2023 09:00","BZN|BG","3068.93","3503.00"
"24/06/2023 09:00 - 24/06/2023 10:00","BZN|BG","3021.19","3557.00"
"24/06/2023 10:00 - 24/06/2023 11:00","BZN|BG","3717.81","3614.00"
"24/06/2023 11:00 - 24/06/2023 12:00","BZN|BG","3775.37","3606.00"
"24/06/2023 12:00 - 24/06/2023 13:00","BZN|BG","3747.17","3572.00"
"24/06/2023 13:00 - 24/06/2023 14:00","BZN|BG","3698.94","3541.00"
"24/06/2023 14:00 - 24/06/2023 15:00","BZN|BG","3688.02","3531.00"
"24/06/2023 15:00 - 24/06/2023 16:00","BZN|BG","3706.66","3560.00"
"24/06/2023 16:00 - 24/06/2023 17:00","BZN|BG","3763.63","3606.00"
"24/06/2023 17:00 - 24/06/2023 18:00","BZN|BG","3840.06","3656.00"
"24/06/2023 18:00 - 24/06/2023 19:00","BZN|BG","3861.28","3687.00"
"24/06/2023 19:00 - 24/06/2023 20:00","BZN|BG","3716.45","3599.00"
"24/06/2023 20:00 - 24/06/2023 21:00","BZN|BG","3688.10","3560.00"
"24/06/2023 21:00 - 24/06/2023 22:00","BZN|BG","3576.99","3451.00"
"24/06/2023 22:00 - 24/06/2023 23:00","BZN|BG","3455.31","3327.00"
"24/06/2023 23:00 - 25/06/2023 00:00","BZN|BG","3197.01","3052.00"
"25/06/2023 00:00 - 25/06/2023 01:00","BZN|BG","2971.36","2874.00"
"25/06/2023 01:00 - 25/06/2023 02:00","BZN|BG","2848.75","2766.00"
"25/06/2023 02:00 - 25/06/2023 03:00","BZN|BG","2782.82","2716.00"
"25/06/2023 03:00 - 25/06/2023 04:00","BZN|BG","2761.26","2716.00"
"25/06/2023 04:00 - 25/06/2023 05:00","BZN|BG","2746.98","2711.00"
"25/06/2023 05:00 - 25/06/2023 06:00","BZN|BG","2804.02","2756.00"
"25/06/2023 06:00 - 25/06/2023 07:00","BZN|BG","2929.02","2907.00"
"25/06/2023 07:00 - 25/06/2023 08:00","BZN|BG","3159.19","3146.00"
"25/06/2023 08:00 - 25/06/2023 09:00","BZN|BG","3410.69","3413.00"
"25/06/2023 09:00 - 25/06/2023 10:00","BZN|BG","3550.73","3523.00"
"25/06/2023 10:00 - 25/06/2023 11:00","BZN|BG","3653.87","3589.00"
"25/06/2023 11:00 - 25/06/2023 12:00","BZN|BG","3692.42","3589.00"
"25/06/2023 12:00 - 25/06/2023 13:00","BZN|BG","3650.59","3546.00"
"25/06/2023 13:00 - 25/06/2023 14:00","BZN|BG","3619.86","3488.00"
"25/06/2023 14:00 - 25/06/2023 15:00","BZN|BG","3619.10","3467.00"
"25/06/2023 15:00 - 25/06/2023 16:00","BZN|BG","3687.25","3565.00"
"25/06/2023 16:00 - 25/06/2023 17:00","BZN|BG","3798.99","3674.00"
"25/06/2023 17:00 - 25/06/2023 18:00","BZN|BG","3868.09","3784.00"
"25/06/2023 18:00 - 25/06/2023 19:00","BZN|BG","3857.13","3877.00"
"25/06/2023 19:00 - 25/06/2023 20:00","BZN|BG","3803.14","3827.00"
"25/06/2023 20:00 - 25/06/2023 21:00","BZN|BG","3773.38","3799.00"
"25/06/2023 21:00 - 25/06/2023 22:00","BZN|BG","3666.88","3725.00"
"25/06/2023 22:00 - 25/06/2023 23:00","BZN|BG","3463.67","3424.00"
"25/06/2023 23:00 - 26/06/2023 00:00","BZN|BG","3123.69","3145.00"
"26/06/2023 00:00 - 26/06/2023 01:00","BZN|BG","2921.06","2887.00"
"26/06/2023 01:00 - 26/06/2023 02:00","BZN|BG","2821.71","2772.00"
"26/06/2023 02:00 - 26/06/2023 03:00","BZN|BG","2772.32","2739.00"
"26/06/2023 03:00 - 26/06/2023 04:00","BZN|BG","2785.41","2761.00"
"26/06/2023 04:00 - 26/06/2023 05:00","BZN|BG","2878.69","2893.00"
"26/06/2023 05:00 - 26/06/2023 06:00","BZN|BG","3168.29","3251.00"
"26/06/2023 06:00 - 26/06/2023 07:00","BZN|BG","3461.95","3571.00"
"26/06/2023 07:00 - 26/06/2023 08:00","BZN|BG","3736.27","3837.00"
"26/06/2023 08:00 - 26/06/2023 09:00","BZN|BG","3870.63","3930.00"
"26/06/2023 09:00 - 26/06/2023 10:00","BZN|BG","3889.60","3910.00"
"26/06/2023 10:00 - 26/06/2023 11:00","BZN|BG","3936.57","3987.00"
"26/06/2023 11:00 - 26/06/2023 12:00","BZN|BG","3938.41","3918.00"
"26/06/2023 12:00 - 26/06/2023 13:00","BZN|BG","3963.68","3944.00"
"26/06/2023 13:00 - 26/06/2023 14:00","BZN|BG","3942.00","3769.00"
"26/06/2023 14:00 - 26/06/2023 15:00","BZN|BG","3921.41","3784.00"
"26/06/2023 15:00 - 26/06/2023 16:00","BZN|BG","3935.38","3701.00"
"26/06/2023 16:00 - 26/06/2023 17:00","BZN|BG","3909.33","3729.00"
"26/06/2023 17:00 - 26/06/2023 18:00","BZN|BG","3967.43","3913.00"
"26/06/2023 18:00 - 26/06/2023 19:00","BZN|BG","3960.96","3952.00"
"26/06/2023 19:00 - 26/06/2023 20:00","BZN|BG","3923.84","3923.00"
"26/06/2023 20:00 - 26/06/2023 21:00","BZN|BG","3925.42","3996.00"
"26/06/2023 21:00 - 26/06/2023 22:00","BZN|BG","3797.00","3878.00"
"26/06/2023 22:00 - 26/06/2023 23:00","BZN|BG","3540.91","3526.00"
"26/06/2023 23:00 - 27/06/2023 00:00","BZN|BG","3256.65","3187.00"
"27/06/2023 00:00 - 27/06/2023 01:00","BZN|BG","3028.13","2974.00"
"27/06/2023 01:00 - 27/06/2023 02:00","BZN|BG","2930.91","2861.00"
"27/06/2023 02:00 - 27/06/2023 03:00","BZN|BG","2881.09","2799.00"
"27/06/2023 03:00 - 27/06/2023 04:00","BZN|BG","2902.85","2801.00"
"27/06/2023 04:00 - 27/06/2023 05:00","BZN|BG","2980.40","2902.00"
"27/06/2023 05:00 - 27/06/2023 06:00","BZN|BG","3254.85","3199.00"
"27/06/2023 06:00 - 27/06/2023 07:00","BZN|BG","3529.75","3515.00"
"27/06/2023 07:00 - 27/06/2023 08:00","BZN|BG","3758.49","3757.00"
"27/06/2023 08:00 - 27/06/2023 09:00","BZN|BG","3839.06","3839.00"
"27/06/2023 09:00 - 27/06/2023 10:00","BZN|BG","3845.84","3824.00"
"27/06/2023 10:00 - 27/06/2023 11:00","BZN|BG","3898.73","3933.00"
"27/06/2023 11:00 - 27/06/2023 12:00","BZN|BG","3879.25","3800.00"
"27/06/2023 12:00 - 27/06/2023 13:00","BZN|BG","3944.94","3865.00"
"27/06/2023 13:00 - 27/06/2023 14:00","BZN|BG","3938.21","3849.00"
"27/06/2023 14:00 - 27/06/2023 15:00","BZN|BG","3950.19","3815.00"
"27/06/2023 15:00 - 27/06/2023 16:00","BZN|BG","3949.58","3810.00"
"27/06/2023 16:00 - 27/06/2023 17:00","BZN|BG","3939.31","3821.00"
"27/06/2023 17:00 - 27/06/2023 18:00","BZN|BG","4031.73","4014.00"
"27/06/2023 18:00 - 27/06/2023 19:00","BZN|BG","4081.76","4020.00"
"27/06/2023 19:00 - 27/06/2023 20:00","BZN|BG","4036.45","3970.00"
"27/06/2023 20:00 - 27/06/2023 21:00","BZN|BG","4052.88","3982.00"
"27/06/2023 21:00 - 27/06/2023 22:00","BZN|BG","3951.48","3854.00"
"27/06/2023 22:00 - 27/06/2023 23:00","BZN|BG","3671.72","3548.00"
"27/06/2023 23:00 - 28/06/2023 00:00","BZN|BG","3366.32","3346.00"
"28/06/2023 00:00 - 28/06/2023 01:00","BZN|BG","3106.92","3095.00"
"28/06/2023 01:00 - 28/06/2023 02:00","BZN|BG","2983.95","2970.00"
"28/06/2023 02:00 - 28/06/2023 03:00","BZN|BG","2915.37","2906.00"
"28/06/2023 03:00 - 28/06/2023 04:00","BZN|BG","2930.30","2910.00"
"28/06/2023 04:00 - 28/06/2023 05:00","BZN|BG","3037.48","2996.00"
"28/06/2023 05:00 - 28/06/2023 06:00","BZN|BG","3285.52","3251.00"
"28/06/2023 06:00 - 28/06/2023 07:00","BZN|BG","3526.44","3530.00"
"28/06/2023 07:00 - 28/06/2023 08:00","BZN|BG","3772.10","3738.00"
"28/06/2023 08:00 - 28/06/2023 09:00","BZN|BG","3840.73","3819.00"
"28/06/2023 09:00 - 28/06/2023 10:00","BZN|BG","3892.10","3810.00"
"28/06/2023 10:00 - 28/06/2023 11:00","BZN|BG","3930.13","3917.00"
"28/06/2023 11:00 - 28/06/2023 12:00","BZN|BG","3933.13","4024.00"
"28/06/2023 12:00 - 28/06/2023 13:00","BZN|BG","3992.10","4052.00"
"28/06/2023 13:00 - 28/06/2023 14:00","BZN|BG","3978.78","4043.00"
"28/06/2023 14:00 - 28/06/2023 15:00","BZN|BG","3987.64","4031.00"
"28/06/2023 15:00 - 28/06/2023 16:00","BZN|BG","3966.37","4034.00"
"28/06/2023 16:00 - 28/06/2023 17:00","BZN|BG","3946.46","4035.00"
"28/06/2023 17:00 - 28/06/2023 18:00","BZN|BG","4034.12","4105.00"
"28/06/2023 18:00 - 28/06/2023 19:00","BZN|BG","4050.35","4105.00"
"28/06/2023 19:00 - 28/06/2023 20:00","BZN|BG","3962.50","4055.00"
"28/06/2023 20:00 - 28/06/2023 21:00","BZN|BG","3867.35","4071.00"
"28/06/2023 21:00 - 28/06/2023 22:00","BZN|BG","3683.54","3945.00"
"28/06/2023 22:00 - 28/06/2023 23:00","BZN|BG","3398.34","3626.00"
"28/06/2023 23:00 - 29/06/2023 00:00","BZN|BG","3164.46","3222.00"
"29/06/2023 00:00 - 29/06/2023 01:00","BZN|BG","2969.84","3003.00"
"29/06/2023 01:00 - 29/06/2023 02:00","BZN|BG","2867.76","2894.00"
"29/06/2023 02:00 - 29/06/2023 03:00","BZN|BG","2821.18","2838.00"
"29/06/2023 03:00 - 29/06/2023 04:00","BZN|BG","2851.15","2844.00"
"29/06/2023 04:00 - 29/06/2023 05:00","BZN|BG","2934.81","2929.00"
"29/06/2023 05:00 - 29/06/2023 06:00","BZN|BG","3187.91","3185.00"
"29/06/2023 06:00 - 29/06/2023 07:00","BZN|BG","3433.82","3459.00"
"29/06/2023 07:00 - 29/06/2023 08:00","BZN|BG","3687.77","3675.00"
"29/06/2023 08:00 - 29/06/2023 09:00","BZN|BG","3801.92","3764.00"
"29/06/2023 09:00 - 29/06/2023 10:00","BZN|BG","3771.03","3761.00"
"29/06/2023 10:00 - 29/06/2023 11:00","BZN|BG","3778.70","3854.00"
"29/06/2023 11:00 - 29/06/2023 12:00","BZN|BG","3735.22","3772.00"
"29/06/2023 12:00 - 29/06/2023 13:00","BZN|BG","3771.66","3823.00"
"29/06/2023 13:00 - 29/06/2023 14:00","BZN|BG","3765.27","3803.00"
"29/06/2023 14:00 - 29/06/2023 15:00","BZN|BG","3759.34","3778.00"
"29/06/2023 15:00 - 29/06/2023 16:00","BZN|BG","3752.53","3786.00"
"29/06/2023 16:00 - 29/06/2023 17:00","BZN|BG","3726.60","3779.00"
"29/06/2023 17:00 - 29/06/2023 18:00","BZN|BG","3824.03","3906.00"
"29/06/2023 18:00 - 29/06/2023 19:00","BZN|BG","3867.82","3905.00"
"29/06/2023 19:00 - 29/06/2023 20:00","BZN|BG","3816.58","3867.00"
"29/06/2023 20:00 - 29/06/2023 21:00","BZN|BG","3851.29","3878.00"
"29/06/2023 21:00 - 29/06/2023 22:00","BZN|BG","3773.16","3776.00"
"29/06/2023 22:00 - 29/06/2023 23:00","BZN|BG","3526.01","3531.00"
"29/06/2023 23:00 - 30/06/2023 00:00","BZN|BG","3034.91","3218.00"
"30/06/2023 00:00 - 30/06/2023 01:00","BZN|BG","2779.14","3009.00"
"30/06/2023 01:00 - 30/06/2023 02:00","BZN|BG","2719.67","2910.00"
"30/06/2023 02:00 - 30/06/2023 03:00","BZN|BG","2703.72","2860.00"
"30/06/2023 03:00 - 30/06/2023 04:00","BZN|BG","2714.59","2869.00"
"30/06/2023 04:00 - 30/06/2023 05:00","BZN|BG","2779.80","2948.00"
"30/06/2023 05:00 - 30/06/2023 06:00","BZN|BG","2998.58","3197.00"
"30/06/2023 06:00 - 30/06/2023 07:00","BZN|BG","3233.50","3462.00"
"30/06/2023 07:00 - 30/06/2023 08:00","BZN|BG","3305.82","3652.00"
"30/06/2023 08:00 - 30/06/2023 09:00","BZN|BG","3249.96","3728.00"
"30/06/2023 09:00 - 30/06/2023 10:00","BZN|BG","3170.21","3725.00"
"30/06/2023 10:00 - 30/06/2023 11:00","BZN|BG","3162.17","3810.00"
"30/06/2023 11:00 - 30/06/2023 12:00","BZN|BG","3127.13","3751.00"
"30/06/2023 12:00 - 30/06/2023 13:00","BZN|BG","3196.22","3781.00"
"30/06/2023 13:00 - 30/06/2023 14:00","BZN|BG","3132.86","3775.00"
"30/06/2023 14:00 - 30/06/2023 15:00","BZN|BG","3194.41","3771.00"
"30/06/2023 15:00 - 30/06/2023 16:00","BZN|BG","3254.61","3772.00"
"30/06/2023 16:00 - 30/06/2023 17:00","BZN|BG","3365.87","3770.00"
"30/06/2023 17:00 - 30/06/2023 18:00","BZN|BG","3586.69","3830.00"
"30/06/2023 18:00 - 30/06/2023 19:00","BZN|BG","3792.37","3841.00"
"30/06/2023 19:00 - 30/06/2023 20:00","BZN|BG","3776.74","3806.00"
"30/06/2023 20:00 - 30/06/2023 21:00","BZN|BG","3770.17","3818.00"
"30/06/2023 21:00 - 30/06/2023 22:00","BZN|BG","3703.75","3732.00"
"30/06/2023 22:00 - 30/06/2023 23:00","BZN|BG","3456.75","3508.00"
"30/06/2023 23:00 - 01/07/2023 00:00","BZN|BG","3258.56","3294.00"
"01/07/2023 00:00 - 01/07/2023 01:00","BZN|BG","3013.23","3070.00"
"01/07/2023 01:00 - 01/07/2023 02:00","BZN|BG","2902.96","2955.00"
"01/07/2023 02:00 - 01/07/2023 03:00","BZN|BG","2844.69","2872.00"
"01/07/2023 03:00 - 01/07/2023 04:00","BZN|BG","2848.57","2867.00"
"01/07/2023 04:00 - 01/07/2023 05:00","BZN|BG","2884.70","2854.00"
"01/07/2023 05:00 - 01/07/2023 06:00","BZN|BG","2981.75","2954.00"
"01/07/2023 06:00 - 01/07/2023 07:00","BZN|BG","3075.64","3128.00"
"01/07/2023 07:00 - 01/07/2023 08:00","BZN|BG","3144.06","3303.00"
"01/07/2023 08:00 - 01/07/2023 09:00","BZN|BG","3162.24","3494.00"
"01/07/2023 09:00 - 01/07/2023 10:00","BZN|BG","3150.01","3567.00"
"01/07/2023 10:00 - 01/07/2023 11:00","BZN|BG","3168.18","3631.00"
"01/07/2023 11:00 - 01/07/2023 12:00","BZN|BG","3139.94","3631.00"
"01/07/2023 12:00 - 01/07/2023 13:00","BZN|BG","3126.65","3631.00"
"01/07/2023 13:00 - 01/07/2023 14:00","BZN|BG","3078.45","3593.00"
"01/07/2023 14:00 - 01/07/2023 15:00","BZN|BG","3102.72","3571.00"
"01/07/2023 15:00 - 01/07/2023 16:00","BZN|BG","3227.45","3591.00"
"01/07/2023 16:00 - 01/07/2023 17:00","BZN|BG","3465.60","3654.00"
"01/07/2023 17:00 - 01/07/2023 18:00","BZN|BG","4014.14","3738.00"
"01/07/2023 18:00 - 01/07/2023 19:00","BZN|BG","3993.05","3762.00"
"01/07/2023 19:00 - 01/07/2023 20:00","BZN|BG","3949.91","3641.00"
"01/07/2023 20:00 - 01/07/2023 21:00","BZN|BG","3901.45","3618.00"
"01/07/2023 21:00 - 01/07/2023 22:00","BZN|BG","3747.77","3525.00"
"01/07/2023 22:00 - 01/07/2023 23:00","BZN|BG","3536.34","3424.00"
"01/07/2023 23:00 - 02/07/2023 00:00","BZN|BG","3362.99","3137.00"
"02/07/2023 00:00 - 02/07/2023 01:00","BZN|BG","3194.36","2915.00"
"02/07/2023 01:00 - 02/07/2023 02:00","BZN|BG","3075.56","2795.00"
"02/07/2023 02:00 - 02/07/2023 03:00","BZN|BG","2994.83","2730.00"
"02/07/2023 03:00 - 02/07/2023 04:00","BZN|BG","2974.94","2709.00"
"02/07/2023 04:00 - 02/07/2023 05:00","BZN|BG","2953.22","2695.00"
"02/07/2023 05:00 - 02/07/2023 06:00","BZN|BG","2820.44","2749.00"
"02/07/2023 06:00 - 02/07/2023 07:00","BZN|BG","2921.60","2869.00"
"02/07/2023 07:00 - 02/07/2023 08:00","BZN|BG","3185.66","3089.00"
"02/07/2023 08:00 - 02/07/2023 09:00","BZN|BG","3426.49","3329.00"
"02/07/2023 09:00 - 02/07/2023 10:00","BZN|BG","3555.79","3463.00"
"02/07/2023 10:00 - 02/07/2023 11:00","BZN|BG","3631.17","3561.00"
"02/07/2023 11:00 - 02/07/2023 12:00","BZN|BG","3639.15","3570.00"
"02/07/2023 12:00 - 02/07/2023 13:00","BZN|BG","3622.71","3554.00"
"02/07/2023 13:00 - 02/07/2023 14:00","BZN|BG","3548.76","3488.00"
"02/07/2023 14:00 - 02/07/2023 15:00","BZN|BG","3517.73","3487.00"
"02/07/2023 15:00 - 02/07/2023 16:00","BZN|BG","3605.75","3613.00"
"02/07/2023 16:00 - 02/07/2023 17:00","BZN|BG","3668.68","3821.00"
"02/07/2023 17:00 - 02/07/2023 18:00","BZN|BG","3723.93","3949.00"
"02/07/2023 18:00 - 02/07/2023 19:00","BZN|BG","3759.03","3940.00"
"02/07/2023 19:00 - 02/07/2023 20:00","BZN|BG","3747.90","3893.00"
"02/07/2023 20:00 - 02/07/2023 21:00","BZN|BG","3764.96","3868.00"
"02/07/2023 21:00 - 02/07/2023 22:00","BZN|BG","3646.33","3776.00"
"02/07/2023 22:00 - 02/07/2023 23:00","BZN|BG","3402.95","3601.00"
"02/07/2023 23:00 - 03/07/2023 00:00","BZN|BG","3148.21","3289.00"
"03/07/2023 00:00 - 03/07/2023 01:00","BZN|BG","2918.92","3056.00"
"03/07/2023 01:00 - 03/07/2023 02:00","BZN|BG","2803.28","2942.00"
"03/07/2023 02:00 - 03/07/2023 03:00","BZN|BG","2754.69","2886.00"
"03/07/2023 03:00 - 03/07/2023 04:00","BZN|BG","2788.24","2899.00"
"03/07/2023 04:00 - 03/07/2023 05:00","BZN|BG","2885.44","2991.00"
"03/07/2023 05:00 - 03/07/2023 06:00","BZN|BG","3196.75","3277.00"
"03/07/2023 06:00 - 03/07/2023 07:00","BZN|BG","3506.45","3568.00"
"03/07/2023 07:00 - 03/07/2023 08:00","BZN|BG","3751.22","3839.00"
"03/07/2023 08:00 - 03/07/2023 09:00","BZN|BG","3842.18","3972.00"
"03/07/2023 09:00 - 03/07/2023 10:00","BZN|BG","3895.79","3991.00"
"03/07/2023 10:00 - 03/07/2023 11:00","BZN|BG","3974.57","4037.00"
"03/07/2023 11:00 - 03/07/2023 12:00","BZN|BG","3957.94","4044.00"
"03/07/2023 12:00 - 03/07/2023 13:00","BZN|BG","4000.83","4037.00"
"03/07/2023 13:00 - 03/07/2023 14:00","BZN|BG","3984.00","4058.00"
"03/07/2023 14:00 - 03/07/2023 15:00","BZN|BG","4014.10","3979.00"
"03/07/2023 15:00 - 03/07/2023 16:00","BZN|BG","4013.83","4033.00"
"03/07/2023 16:00 - 03/07/2023 17:00","BZN|BG","3961.05","3933.00"
"03/07/2023 17:00 - 03/07/2023 18:00","BZN|BG","4012.23","4151.00"
"03/07/2023 18:00 - 03/07/2023 19:00","BZN|BG","4036.36","4145.00"
"03/07/2023 19:00 - 03/07/2023 20:00","BZN|BG","3989.89","4109.00"
"03/07/2023 20:00 - 03/07/2023 21:00","BZN|BG","4013.75","4110.00"
"03/07/2023 21:00 - 03/07/2023 22:00","BZN|BG","3885.37","3984.00"
"03/07/2023 22:00 - 03/07/2023 23:00","BZN|BG","3618.07","3733.00"
"03/07/2023 23:00 - 04/07/2023 00:00","BZN|BG","3318.48","3290.00"
"04/07/2023 00:00 - 04/07/2023 01:00","BZN|BG","3088.27","3062.00"
"04/07/2023 01:00 - 04/07/2023 02:00","BZN|BG","2980.19","2955.00"
"04/07/2023 02:00 - 04/07/2023 03:00","BZN|BG","2916.39","2899.00"
"04/07/2023 03:00 - 04/07/2023 04:00","BZN|BG","2930.35","2919.00"
"04/07/2023 04:00 - 04/07/2023 05:00","BZN|BG","2983.22","3014.00"
"04/07/2023 05:00 - 04/07/2023 06:00","BZN|BG","3237.27","3295.00"
"04/07/2023 06:00 - 04/07/2023 07:00","BZN|BG","3502.17","3595.00"
"04/07/2023 07:00 - 04/07/2023 08:00","BZN|BG","3741.56","3851.00"
"04/07/2023 08:00 - 04/07/2023 09:00","BZN|BG","3910.11","3962.00"
"04/07/2023 09:00 - 04/07/2023 10:00","BZN|BG","3988.27","3972.00"
"04/07/2023 10:00 - 04/07/2023 11:00","BZN|BG","4057.82","4048.00"
"04/07/2023 11:00 - 04/07/2023 12:00","BZN|BG","4068.41","3966.00"
"04/07/2023 12:00 - 04/07/2023 13:00","BZN|BG","4144.89","4032.00"
"04/07/2023 13:00 - 04/07/2023 14:00","BZN|BG","4134.68","4020.00"
"04/07/2023 14:00 - 04/07/2023 15:00","BZN|BG","4150.50","4013.00"
"04/07/2023 15:00 - 04/07/2023 16:00","BZN|BG","4163.99","4013.00"
"04/07/2023 16:00 - 04/07/2023 17:00","BZN|BG","4155.95","3989.00"
"04/07/2023 17:00 - 04/07/2023 18:00","BZN|BG","4194.87","4122.00"
"04/07/2023 18:00 - 04/07/2023 19:00","BZN|BG","4210.50","4156.00"
"04/07/2023 19:00 - 04/07/2023 20:00","BZN|BG","4158.53","4091.00"
"04/07/2023 20:00 - 04/07/2023 21:00","BZN|BG","4168.60","4072.00"
"04/07/2023 21:00 - 04/07/2023 22:00","BZN|BG","3994.83","3955.00"
"04/07/2023 22:00 - 04/07/2023 23:00","BZN|BG","3709.07","3682.00"
"04/07/2023 23:00 - 05/07/2023 00:00","BZN|BG","3337.78","3235.00"
"05/07/2023 00:00 - 05/07/2023 01:00","BZN|BG","3115.75","3033.00"
"05/07/2023 01:00 - 05/07/2023 02:00","BZN|BG","3026.01","2939.00"
"05/07/2023 02:00 - 05/07/2023 03:00","BZN|BG","2957.86","2890.00"
"05/07/2023 03:00 - 05/07/2023 04:00","BZN|BG","2966.87","2911.00"
"05/07/2023 04:00 - 05/07/2023 05:00","BZN|BG","3029.20","3003.00"
"05/07/2023 05:00 - 05/07/2023 06:00","BZN|BG","3269.77","3288.00"
"05/07/2023 06:00 - 05/07/2023 07:00","BZN|BG","3557.50","3572.00"
"05/07/2023 07:00 - 05/07/2023 08:00","BZN|BG","3836.66","3827.00"
"05/07/2023 08:00 - 05/07/2023 09:00","BZN|BG","3956.30","3928.00"
"05/07/2023 09:00 - 05/07/2023 10:00","BZN|BG","3971.84","3944.00"
"05/07/2023 10:00 - 05/07/2023 11:00","BZN|BG","4113.09","3986.00"
"05/07/2023 11:00 - 05/07/2023 12:00","BZN|BG","4154.58","3874.00"
"05/07/2023 12:00 - 05/07/2023 13:00","BZN|BG","4231.87","3973.00"
"05/07/2023 13:00 - 05/07/2023 14:00","BZN|BG","4207.31","3932.00"
"05/07/2023 14:00 - 05/07/2023 15:00","BZN|BG","4162.66","3948.00"
"05/07/2023 15:00 - 05/07/2023 16:00","BZN|BG","4166.10","3928.00"
"05/07/2023 16:00 - 05/07/2023 17:00","BZN|BG","4144.83","3893.00"
"05/07/2023 17:00 - 05/07/2023 18:00","BZN|BG","4216.10","4066.00"
"05/07/2023 18:00 - 05/07/2023 19:00","BZN|BG","4161.61","4138.00"
"05/07/2023 19:00 - 05/07/2023 20:00","BZN|BG","4084.64","4063.00"
"05/07/2023 20:00 - 05/07/2023 21:00","BZN|BG","4082.47","4045.00"
"05/07/2023 21:00 - 05/07/2023 22:00","BZN|BG","3918.82","3912.00"
"05/07/2023 22:00 - 05/07/2023 23:00","BZN|BG","3650.35","3606.00"
"05/07/2023 23:00 - 06/07/2023 00:00","BZN|BG","3369.59","3319.00"
"06/07/2023 00:00 - 06/07/2023 01:00","BZN|BG","3129.23","3095.00"
"06/07/2023 01:00 - 06/07/2023 02:00","BZN|BG","3013.01","2988.00"
"06/07/2023 02:00 - 06/07/2023 03:00","BZN|BG","2961.97","2936.00"
"06/07/2023 03:00 - 06/07/2023 04:00","BZN|BG","2953.15","2959.00"
"06/07/2023 04:00 - 06/07/2023 05:00","BZN|BG","3024.32","3049.00"
"06/07/2023 05:00 - 06/07/2023 06:00","BZN|BG","3274.98","3331.00"
"06/07/2023 06:00 - 06/07/2023 07:00","BZN|BG","3540.43","3611.00"
"06/07/2023 07:00 - 06/07/2023 08:00","BZN|BG","3837.35","3856.00"
"06/07/2023 08:00 - 06/07/2023 09:00","BZN|BG","3966.00","3953.00"
"06/07/2023 09:00 - 06/07/2023 10:00","BZN|BG","4004.18","3976.00"
"06/07/2023 10:00 - 06/07/2023 11:00","BZN|BG","4075.13","4024.00"
"06/07/2023 11:00 - 06/07/2023 12:00","BZN|BG","4101.38","3961.00"
"06/07/2023 12:00 - 06/07/2023 13:00","BZN|BG","4213.64","3991.00"
"06/07/2023 13:00 - 06/07/2023 14:00","BZN|BG","4205.48","3979.00"
"06/07/2023 14:00 - 06/07/2023 15:00","BZN|BG","4216.80","3986.00"
"06/07/2023 15:00 - 06/07/2023 16:00","BZN|BG","4220.70","3981.00"
"06/07/2023 16:00 - 06/07/2023 17:00","BZN|BG","4195.96","3966.00"
"06/07/2023 17:00 - 06/07/2023 18:00","BZN|BG","4264.42","4016.00"
"06/07/2023 18:00 - 06/07/2023 19:00","BZN|BG","4245.57","4038.00"
"06/07/2023 19:00 - 06/07/2023 20:00","BZN|BG","4166.16","3986.00"
"06/07/2023 20:00 - 06/07/2023 21:00","BZN|BG","4156.38","3980.00"
"06/07/2023 21:00 - 06/07/2023 22:00","BZN|BG","4010.57","3879.00"
"06/07/2023 22:00 - 06/07/2023 23:00","BZN|BG","3730.50","3653.00"
"06/07/2023 23:00 - 07/07/2023 00:00","BZN|BG","3195.33","3324.00"
"07/07/2023 00:00 - 07/07/2023 01:00","BZN|BG","2967.77","3089.00"
"07/07/2023 01:00 - 07/07/2023 02:00","BZN|BG","2865.75","2979.00"
"07/07/2023 02:00 - 07/07/2023 03:00","BZN|BG","2787.67","2920.00"
"07/07/2023 03:00 - 07/07/2023 04:00","BZN|BG","2778.72","2940.00"
"07/07/2023 04:00 - 07/07/2023 05:00","BZN|BG","2867.67","3024.00"
"07/07/2023 05:00 - 07/07/2023 06:00","BZN|BG","3089.60","3319.00"
"07/07/2023 06:00 - 07/07/2023 07:00","BZN|BG","3315.88","3617.00"
"07/07/2023 07:00 - 07/07/2023 08:00","BZN|BG","3456.66","3885.00"
"07/07/2023 08:00 - 07/07/2023 09:00","BZN|BG","3417.42","4020.00"
"07/07/2023 09:00 - 07/07/2023 10:00","BZN|BG","3302.57","4061.00"
"07/07/2023 10:00 - 07/07/2023 11:00","BZN|BG","3320.12","4116.00"
"07/07/2023 11:00 - 07/07/2023 12:00","BZN|BG","3341.52","4061.00"
"07/07/2023 12:00 - 07/07/2023 13:00","BZN|BG","3466.96","4090.00"
"07/07/2023 13:00 - 07/07/2023 14:00","BZN|BG","3543.68","4081.00"
"07/07/2023 14:00 - 07/07/2023 15:00","BZN|BG","3613.85","4086.00"
"07/07/2023 15:00 - 07/07/2023 16:00","BZN|BG","3640.28","4085.00"
"07/07/2023 16:00 - 07/07/2023 17:00","BZN|BG","3680.34","4078.00"
"07/07/2023 17:00 - 07/07/2023 18:00","BZN|BG","3782.30","4113.00"
"07/07/2023 18:00 - 07/07/2023 19:00","BZN|BG","3849.25","4127.00"
"07/07/2023 19:00 - 07/07/2023 20:00","BZN|BG","3798.18","4065.00"
"07/07/2023 20:00 - 07/07/2023 21:00","BZN|BG","3767.79","4059.00"
"07/07/2023 21:00 - 07/07/2023 22:00","BZN|BG","3551.37","3921.00"
"07/07/2023 22:00 - 07/07/2023 23:00","BZN|BG","3317.21","3644.00"
"07/07/2023 23:00 - 08/07/2023 00:00","BZN|BG","3075.23","3302.00"
"08/07/2023 00:00 - 08/07/2023 01:00","BZN|BG","2887.15","3068.00"
"08/07/2023 01:00 - 08/07/2023 02:00","BZN|BG","2798.24","2930.00"
"08/07/2023 02:00 - 08/07/2023 03:00","BZN|BG","2737.47","2868.00"
"08/07/2023 03:00 - 08/07/2023 04:00","BZN|BG","2711.24","2865.00"
"08/07/2023 04:00 - 08/07/2023 05:00","BZN|BG","2699.39","2867.00"
"08/07/2023 05:00 - 08/07/2023 06:00","BZN|BG","2756.43","2982.00"
"08/07/2023 06:00 - 08/07/2023 07:00","BZN|BG","2870.94","3154.00"
"08/07/2023 07:00 - 08/07/2023 08:00","BZN|BG","2993.03","3381.00"
"08/07/2023 08:00 - 08/07/2023 09:00","BZN|BG","3088.48","3528.00"
"08/07/2023 09:00 - 08/07/2023 10:00","BZN|BG","3053.82","3593.00"
"08/07/2023 10:00 - 08/07/2023 11:00","BZN|BG","3110.41","3708.00"
"08/07/2023 11:00 - 08/07/2023 12:00","BZN|BG","3092.08","3731.00"
"08/07/2023 12:00 - 08/07/2023 13:00","BZN|BG","3019.55","3706.00"
"08/07/2023 13:00 - 08/07/2023 14:00","BZN|BG","2926.55","3628.00"
"08/07/2023 14:00 - 08/07/2023 15:00","BZN|BG","2996.84","3616.00"
"08/07/2023 15:00 - 08/07/2023 16:00","BZN|BG","3082.79","3648.00"
"08/07/2023 16:00 - 08/07/2023 17:00","BZN|BG","3208.20","3734.00"
"08/07/2023 17:00 - 08/07/2023 18:00","BZN|BG","3765.51","3799.00"
"08/07/2023 18:00 - 08/07/2023 19:00","BZN|BG","3748.85","3820.00"
"08/07/2023 19:00 - 08/07/2023 20:00","BZN|BG","3671.45","3774.00"
"08/07/2023 20:00 - 08/07/2023 21:00","BZN|BG","3670.20","3745.00"
"08/07/2023 21:00 - 08/07/2023 22:00","BZN|BG","3564.37","3626.00"
"08/07/2023 22:00 - 08/07/2023 23:00","BZN|BG","3404.63","3457.00"
"08/07/2023 23:00 - 09/07/2023 00:00","BZN|BG","3192.41","3209.00"
"09/07/2023 00:00 - 09/07/2023 01:00","BZN|BG","3027.17","3005.00"
"09/07/2023 01:00 - 09/07/2023 02:00","BZN|BG","2905.72","2887.00"
"09/07/2023 02:00 - 09/07/2023 03:00","BZN|BG","2842.53","2823.00"
"09/07/2023 03:00 - 09/07/2023 04:00","BZN|BG","2821.86","2822.00"
"09/07/2023 04:00 - 09/07/2023 05:00","BZN|BG","2817.64","2813.00"
"09/07/2023 05:00 - 09/07/2023 06:00","BZN|BG","2880.90","2852.00"
"09/07/2023 06:00 - 09/07/2023 07:00","BZN|BG","3071.52","2957.00"
"09/07/2023 07:00 - 09/07/2023 08:00","BZN|BG","3276.11","3231.00"
"09/07/2023 08:00 - 09/07/2023 09:00","BZN|BG","3505.17","3481.00"
"09/07/2023 09:00 - 09/07/2023 10:00","BZN|BG","3613.94","3615.00"
"09/07/2023 10:00 - 09/07/2023 11:00","BZN|BG","3666.12","3694.00"
"09/07/2023 11:00 - 09/07/2023 12:00","BZN|BG","3673.41","3696.00"
"09/07/2023 12:00 - 09/07/2023 13:00","BZN|BG","3641.61","3692.00"
"09/07/2023 13:00 - 09/07/2023 14:00","BZN|BG","3576.38","3673.00"
"09/07/2023 14:00 - 09/07/2023 15:00","BZN|BG","3591.78","3665.00"
"09/07/2023 15:00 - 09/07/2023 16:00","BZN|BG","3679.11","3842.00"
"09/07/2023 16:00 - 09/07/2023 17:00","BZN|BG","3787.99","3969.00"
"09/07/2023 17:00 - 09/07/2023 18:00","BZN|BG","3870.53","4080.00"
"09/07/2023 18:00 - 09/07/2023 19:00","BZN|BG","3879.27","4151.00"
"09/07/2023 19:00 - 09/07/2023 20:00","BZN|BG","3840.00","4129.00"
"09/07/2023 20:00 - 09/07/2023 21:00","BZN|BG","3907.58","4163.00"
"09/07/2023 21:00 - 09/07/2023 22:00","BZN|BG","3812.89","3984.00"
"09/07/2023 22:00 - 09/07/2023 23:00","BZN|BG","3575.43","3616.00"
"09/07/2023 23:00 - 10/07/2023 00:00","BZN|BG","3242.46","3116.00"
"10/07/2023 00:00 - 10/07/2023 01:00","BZN|BG","2985.80","2915.00"
"10/07/2023 01:00 - 10/07/2023 02:00","BZN|BG","2840.35","2814.00"
"10/07/2023 02:00 - 10/07/2023 03:00","BZN|BG","2767.34","2771.00"
"10/07/2023 03:00 - 10/07/2023 04:00","BZN|BG","2793.00","2808.00"
"10/07/2023 04:00 - 10/07/2023 05:00","BZN|BG","2911.18","2917.00"
"10/07/2023 05:00 - 10/07/2023 06:00","BZN|BG","3184.36","3264.00"
"10/07/2023 06:00 - 10/07/2023 07:00","BZN|BG","3411.57","3609.00"
"10/07/2023 07:00 - 10/07/2023 08:00","BZN|BG","3678.23","3882.00"
"10/07/2023 08:00 - 10/07/2023 09:00","BZN|BG","3790.87","3984.00"
"10/07/2023 09:00 - 10/07/2023 10:00","BZN|BG","3811.27","4044.00"
"10/07/2023 10:00 - 10/07/2023 11:00","BZN|BG","3896.87","4131.00"
"10/07/2023 11:00 - 10/07/2023 12:00","BZN|BG","3935.09","3937.00"
"10/07/2023 12:00 - 10/07/2023 13:00","BZN|BG","4007.42","4105.00"
"10/07/2023 13:00 - 10/07/2023 14:00","BZN|BG","3984.32","4039.00"
"10/07/2023 14:00 - 10/07/2023 15:00","BZN|BG","4038.55","4156.00"
"10/07/2023 15:00 - 10/07/2023 16:00","BZN|BG","3974.19","4155.00"
"10/07/2023 16:00 - 10/07/2023 17:00","BZN|BG","4055.10","3949.00"
"10/07/2023 17:00 - 10/07/2023 18:00","BZN|BG","4128.70","4149.00"
"10/07/2023 18:00 - 10/07/2023 19:00","BZN|BG","4150.70","4243.00"
"10/07/2023 19:00 - 10/07/2023 20:00","BZN|BG","4068.73","4177.00"
"10/07/2023 20:00 - 10/07/2023 21:00","BZN|BG","4066.54","4211.00"
"10/07/2023 21:00 - 10/07/2023 22:00","BZN|BG","3921.45","4027.00"
"10/07/2023 22:00 - 10/07/2023 23:00","BZN|BG","3670.79","3645.00"
"10/07/2023 23:00 - 11/07/2023 00:00","BZN|BG","3377.84","3321.00"
"11/07/2023 00:00 - 11/07/2023 01:00","BZN|BG","3127.13","3080.00"
"11/07/2023 01:00 - 11/07/2023 02:00","BZN|BG","3008.46","2962.00"
"11/07/2023 02:00 - 11/07/2023 03:00","BZN|BG","2951.42","2903.00"
"11/07/2023 03:00 - 11/07/2023 04:00","BZN|BG","2977.48","2906.00"
"11/07/2023 04:00 - 11/07/2023 05:00","BZN|BG","3041.30","2987.00"
"11/07/2023 05:00 - 11/07/2023 06:00","BZN|BG","3309.07","3297.00"
"11/07/2023 06:00 - 11/07/2023 07:00","BZN|BG","3574.43","3632.00"
"11/07/2023 07:00 - 11/07/2023 08:00","BZN|BG","3857.94","3956.00"
"11/07/2023 08:00 - 11/07/2023 09:00","BZN|BG","3997.03","4117.00"
"11/07/2023 09:00 - 11/07/2023 10:00","BZN|BG","4073.83","4167.00"
"11/07/2023 10:00 - 11/07/2023 11:00","BZN|BG","4187.80","4267.00"
"11/07/2023 11:00 - 11/07/2023 12:00","BZN|BG","4201.01","4176.00"
"11/07/2023 12:00 - 11/07/2023 13:00","BZN|BG","4289.40","4220.00"
"11/07/2023 13:00 - 11/07/2023 14:00","BZN|BG","4282.41","4209.00"
"11/07/2023 14:00 - 11/07/2023 15:00","BZN|BG","4294.38","4210.00"
"11/07/2023 15:00 - 11/07/2023 16:00","BZN|BG","4308.64","4211.00"
"11/07/2023 16:00 - 11/07/2023 17:00","BZN|BG","4332.61","4201.00"
"11/07/2023 17:00 - 11/07/2023 18:00","BZN|BG","4404.07","4236.00"
"11/07/2023 18:00 - 11/07/2023 19:00","BZN|BG","4359.63","4229.00"
"11/07/2023 19:00 - 11/07/2023 20:00","BZN|BG","4278.11","4160.00"
"11/07/2023 20:00 - 11/07/2023 21:00","BZN|BG","4243.97","4155.00"
"11/07/2023 21:00 - 11/07/2023 22:00","BZN|BG","4074.44","4015.00"
"11/07/2023 22:00 - 11/07/2023 23:00","BZN|BG","3803.67","3754.00"
"11/07/2023 23:00 - 12/07/2023 00:00","BZN|BG","3471.21","3475.00"
"12/07/2023 00:00 - 12/07/2023 01:00","BZN|BG","3239.43","3232.00"
"12/07/2023 01:00 - 12/07/2023 02:00","BZN|BG","3113.51","3106.00"
"12/07/2023 02:00 - 12/07/2023 03:00","BZN|BG","3062.78","3040.00"
"12/07/2023 03:00 - 12/07/2023 04:00","BZN|BG","3041.92","3042.00"
"12/07/2023 04:00 - 12/07/2023 05:00","BZN|BG","3137.38","3116.00"
"12/07/2023 05:00 - 12/07/2023 06:00","BZN|BG","3389.59","3396.00"
"12/07/2023 06:00 - 12/07/2023 07:00","BZN|BG","3655.52","3707.00"
"12/07/2023 07:00 - 12/07/2023 08:00","BZN|BG","3962.81","4013.00"
"12/07/2023 08:00 - 12/07/2023 09:00","BZN|BG","4132.27","4164.00"
"12/07/2023 09:00 - 12/07/2023 10:00","BZN|BG","4185.58","4206.00"
"12/07/2023 10:00 - 12/07/2023 11:00","BZN|BG","4360.17","4321.00"
"12/07/2023 11:00 - 12/07/2023 12:00","BZN|BG","4400.57","4318.00"
"12/07/2023 12:00 - 12/07/2023 13:00","BZN|BG","4469.62","4344.00"
"12/07/2023 13:00 - 12/07/2023 14:00","BZN|BG","4445.72","4324.00"
"12/07/2023 14:00 - 12/07/2023 15:00","BZN|BG","4475.11","4321.00"
"12/07/2023 15:00 - 12/07/2023 16:00","BZN|BG","4486.32","4313.00"
"12/07/2023 16:00 - 12/07/2023 17:00","BZN|BG","4495.31","4282.00"
"12/07/2023 17:00 - 12/07/2023 18:00","BZN|BG","4569.02","4340.00"
"12/07/2023 18:00 - 12/07/2023 19:00","BZN|BG","4540.42","4418.00"
"12/07/2023 19:00 - 12/07/2023 20:00","BZN|BG","4437.89","4333.00"
"12/07/2023 20:00 - 12/07/2023 21:00","BZN|BG","4383.12","4323.00"
"12/07/2023 21:00 - 12/07/2023 22:00","BZN|BG","4214.13","4134.00"
"12/07/2023 22:00 - 12/07/2023 23:00","BZN|BG","3906.58","3832.00"
"12/07/2023 23:00 - 13/07/2023 00:00","BZN|BG","3595.70","3549.00"
"13/07/2023 00:00 - 13/07/2023 01:00","BZN|BG","3351.17","3321.00"
"13/07/2023 01:00 - 13/07/2023 02:00","BZN|BG","3216.92","3199.00"
"13/07/2023 02:00 - 13/07/2023 03:00","BZN|BG","3149.08","3136.00"
"13/07/2023 03:00 - 13/07/2023 04:00","BZN|BG","3131.59","3135.00"
"13/07/2023 04:00 - 13/07/2023 05:00","BZN|BG","3209.42","3203.00"
"13/07/2023 05:00 - 13/07/2023 06:00","BZN|BG","3448.39","3495.00"
"13/07/2023 06:00 - 13/07/2023 07:00","BZN|BG","3711.46","3804.00"
"13/07/2023 07:00 - 13/07/2023 08:00","BZN|BG","4062.17","4095.00"
"13/07/2023 08:00 - 13/07/2023 09:00","BZN|BG","4267.70","4271.00"
"13/07/2023 09:00 - 13/07/2023 10:00","BZN|BG","4414.67","4311.00"
"13/07/2023 10:00 - 13/07/2023 11:00","BZN|BG","4565.03","4434.00"
"13/07/2023 11:00 - 13/07/2023 12:00","BZN|BG","4620.52","4306.00"
"13/07/2023 12:00 - 13/07/2023 13:00","BZN|BG","4679.02","4534.00"
"13/07/2023 13:00 - 13/07/2023 14:00","BZN|BG","4686.93","4482.00"
"13/07/2023 14:00 - 13/07/2023 15:00","BZN|BG","4705.96","4518.00"
"13/07/2023 15:00 - 13/07/2023 16:00","BZN|BG","4713.77","4533.00"
"13/07/2023 16:00 - 13/07/2023 17:00","BZN|BG","4709.48","4461.00"
"13/07/2023 17:00 - 13/07/2023 18:00","BZN|BG","4763.81","4639.00"
"13/07/2023 18:00 - 13/07/2023 19:00","BZN|BG","4791.03","4611.00"
"13/07/2023 19:00 - 13/07/2023 20:00","BZN|BG","4679.90","4514.00"
"13/07/2023 20:00 - 13/07/2023 21:00","BZN|BG","4641.62","4509.00"
"13/07/2023 21:00 - 13/07/2023 22:00","BZN|BG","4448.95","4295.00"
"13/07/2023 22:00 - 13/07/2023 23:00","BZN|BG","4097.54","3938.00"
"13/07/2023 23:00 - 14/07/2023 00:00","BZN|BG","3763.78","3606.00"
"14/07/2023 00:00 - 14/07/2023 01:00","BZN|BG","3488.99","3348.00"
"14/07/2023 01:00 - 14/07/2023 02:00","BZN|BG","3330.03","3219.00"
"14/07/2023 02:00 - 14/07/2023 03:00","BZN|BG","3247.67","3152.00"
"14/07/2023 03:00 - 14/07/2023 04:00","BZN|BG","3235.37","3163.00"
"14/07/2023 04:00 - 14/07/2023 05:00","BZN|BG","3303.32","3236.00"
"14/07/2023 05:00 - 14/07/2023 06:00","BZN|BG","3561.04","3519.00"
"14/07/2023 06:00 - 14/07/2023 07:00","BZN|BG","3847.18","3822.00"
"14/07/2023 07:00 - 14/07/2023 08:00","BZN|BG","4196.97","4128.00"
"14/07/2023 08:00 - 14/07/2023 09:00","BZN|BG","4409.34","4278.00"
"14/07/2023 09:00 - 14/07/2023 10:00","BZN|BG","4542.23","4334.00"
"14/07/2023 10:00 - 14/07/2023 11:00","BZN|BG","4649.36","4452.00"
"14/07/2023 11:00 - 14/07/2023 12:00","BZN|BG","4692.33","4469.00"
"14/07/2023 12:00 - 14/07/2023 13:00","BZN|BG","4724.91","4547.00"
"14/07/2023 13:00 - 14/07/2023 14:00","BZN|BG","4685.31","4533.00"
"14/07/2023 14:00 - 14/07/2023 15:00","BZN|BG","4686.31","4535.00"
"14/07/2023 15:00 - 14/07/2023 16:00","BZN|BG","4684.63","4536.00"
"14/07/2023 16:00 - 14/07/2023 17:00","BZN|BG","4641.30","4526.00"
"14/07/2023 17:00 - 14/07/2023 18:00","BZN|BG","4671.08","4582.00"
"14/07/2023 18:00 - 14/07/2023 19:00","BZN|BG","4691.12","4546.00"
"14/07/2023 19:00 - 14/07/2023 20:00","BZN|BG","4560.95","4449.00"
"14/07/2023 20:00 - 14/07/2023 21:00","BZN|BG","4497.74","4427.00"
"14/07/2023 21:00 - 14/07/2023 22:00","BZN|BG","4314.29","4215.00"
"14/07/2023 22:00 - 14/07/2023 23:00","BZN|BG","4013.64","3877.00"
"14/07/2023 23:00 - 15/07/2023 00:00","BZN|BG","3706.82","3542.00"
"15/07/2023 00:00 - 15/07/2023 01:00","BZN|BG","3423.62","3319.00"
"15/07/2023 01:00 - 15/07/2023 02:00","BZN|BG","3271.81","3216.00"
"15/07/2023 02:00 - 15/07/2023 03:00","BZN|BG","3192.66","3147.00"
"15/07/2023 03:00 - 15/07/2023 04:00","BZN|BG","3153.45","3129.00"
"15/07/2023 04:00 - 15/07/2023 05:00","BZN|BG","3145.58","3145.00"
"15/07/2023 05:00 - 15/07/2023 06:00","BZN|BG","3206.38","3234.00"
"15/07/2023 06:00 - 15/07/2023 07:00","BZN|BG","3416.93","3446.00"
"15/07/2023 07:00 - 15/07/2023 08:00","BZN|BG","3710.30","3716.00"
"15/07/2023 08:00 - 15/07/2023 09:00","BZN|BG","3938.69","4025.00"
"15/07/2023 09:00 - 15/07/2023 10:00","BZN|BG","4026.81","4084.00"
"15/07/2023 10:00 - 15/07/2023 11:00","BZN|BG","4132.86","4190.00"
"15/07/2023 11:00 - 15/07/2023 12:00","BZN|BG","4248.30","4192.00"
"15/07/2023 12:00 - 15/07/2023 13:00","BZN|BG","4274.34","4202.00"
"15/07/2023 13:00 - 15/07/2023 14:00","BZN|BG","4213.79","4234.00"
"15/07/2023 14:00 - 15/07/2023 15:00","BZN|BG","4221.42","4237.00"
"15/07/2023 15:00 - 15/07/2023 16:00","BZN|BG","4283.04","4308.00"
"15/07/2023 16:00 - 15/07/2023 17:00","BZN|BG","4352.56","4360.00"
"15/07/2023 17:00 - 15/07/2023 18:00","BZN|BG","4418.14","4434.00"
"15/07/2023 18:00 - 15/07/2023 19:00","BZN|BG","4383.82","4408.00"
"15/07/2023 19:00 - 15/07/2023 20:00","BZN|BG","4275.69","4286.00"
"15/07/2023 20:00 - 15/07/2023 21:00","BZN|BG","4234.29","4284.00"
"15/07/2023 21:00 - 15/07/2023 22:00","BZN|BG","4064.02","4117.00"
"15/07/2023 22:00 - 15/07/2023 23:00","BZN|BG","3839.79","3865.00"
"15/07/2023 23:00 - 16/07/2023 00:00","BZN|BG","3609.46","3527.00"
"16/07/2023 00:00 - 16/07/2023 01:00","BZN|BG","3357.71","3304.00"
"16/07/2023 01:00 - 16/07/2023 02:00","BZN|BG","3173.05","3141.00"
"16/07/2023 02:00 - 16/07/2023 03:00","BZN|BG","3114.95","3056.00"
"16/07/2023 03:00 - 16/07/2023 04:00","BZN|BG","3073.39","3028.00"
"16/07/2023 04:00 - 16/07/2023 05:00","BZN|BG","3058.85","3022.00"
"16/07/2023 05:00 - 16/07/2023 06:00","BZN|BG","3104.59","3102.00"
"16/07/2023 06:00 - 16/07/2023 07:00","BZN|BG","3296.81","3342.00"
"16/07/2023 07:00 - 16/07/2023 08:00","BZN|BG","3563.60","3599.00"
"16/07/2023 08:00 - 16/07/2023 09:00","BZN|BG","3808.85","3924.00"
"16/07/2023 09:00 - 16/07/2023 10:00","BZN|BG","3914.79","4054.00"
"16/07/2023 10:00 - 16/07/2023 11:00","BZN|BG","4046.78","4116.00"
"16/07/2023 11:00 - 16/07/2023 12:00","BZN|BG","4188.76","4110.00"
"16/07/2023 12:00 - 16/07/2023 13:00","BZN|BG","4204.83","4136.00"
"16/07/2023 13:00 - 16/07/2023 14:00","BZN|BG","4168.62","4191.00"
"16/07/2023 14:00 - 16/07/2023 15:00","BZN|BG","4195.63","4210.00"
"16/07/2023 15:00 - 16/07/2023 16:00","BZN|BG","4253.68","4317.00"
"16/07/2023 16:00 - 16/07/2023 17:00","BZN|BG","4358.43","4451.00"
"16/07/2023 17:00 - 16/07/2023 18:00","BZN|BG","4485.48","4552.00"
"16/07/2023 18:00 - 16/07/2023 19:00","BZN|BG","4510.13","4563.00"
"16/07/2023 19:00 - 16/07/2023 20:00","BZN|BG","4407.24","4514.00"
"16/07/2023 20:00 - 16/07/2023 21:00","BZN|BG","4401.76","4597.00"
"16/07/2023 21:00 - 16/07/2023 22:00","BZN|BG","4238.23","4387.00"
"16/07/2023 22:00 - 16/07/2023 23:00","BZN|BG","3940.10","3858.00"
"16/07/2023 23:00 - 17/07/2023 00:00","BZN|BG","3616.15","3637.00"
"17/07/2023 00:00 - 17/07/2023 01:00","BZN|BG","3355.35","3376.00"
"17/07/2023 01:00 - 17/07/2023 02:00","BZN|BG","3218.81","3227.00"
"17/07/2023 02:00 - 17/07/2023 03:00","BZN|BG","3114.57","3153.00"
"17/07/2023 03:00 - 17/07/2023 04:00","BZN|BG","3125.00","3184.00"
"17/07/2023 04:00 - 17/07/2023 05:00","BZN|BG","3202.65","3328.00"
"17/07/2023 05:00 - 17/07/2023 06:00","BZN|BG","3477.58","3661.00"
"17/07/2023 06:00 - 17/07/2023 07:00","BZN|BG","3750.29","3938.00"
"17/07/2023 07:00 - 17/07/2023 08:00","BZN|BG","4085.19","4263.00"
"17/07/2023 08:00 - 17/07/2023 09:00","BZN|BG","4346.72","4400.00"
"17/07/2023 09:00 - 17/07/2023 10:00","BZN|BG","4449.55","4425.00"
"17/07/2023 10:00 - 17/07/2023 11:00","BZN|BG","4592.20","4529.00"
"17/07/2023 11:00 - 17/07/2023 12:00","BZN|BG","4643.73","4451.00"
"17/07/2023 12:00 - 17/07/2023 13:00","BZN|BG","4761.11","4543.00"
"17/07/2023 13:00 - 17/07/2023 14:00","BZN|BG","4746.94","4514.00"
"17/07/2023 14:00 - 17/07/2023 15:00","BZN|BG","4775.29","4584.00"
"17/07/2023 15:00 - 17/07/2023 16:00","BZN|BG","4810.49","4501.00"
"17/07/2023 16:00 - 17/07/2023 17:00","BZN|BG","4771.00","4605.00"
"17/07/2023 17:00 - 17/07/2023 18:00","BZN|BG","4793.45","4699.00"
"17/07/2023 18:00 - 17/07/2023 19:00","BZN|BG","4807.64","4728.00"
"17/07/2023 19:00 - 17/07/2023 20:00","BZN|BG","4681.58","4596.00"
"17/07/2023 20:00 - 17/07/2023 21:00","BZN|BG","4628.63","4592.00"
"17/07/2023 21:00 - 17/07/2023 22:00","BZN|BG","4403.72","4359.00"
"17/07/2023 22:00 - 17/07/2023 23:00","BZN|BG","4091.45","3956.00"
"17/07/2023 23:00 - 18/07/2023 00:00","BZN|BG","3752.45","3706.00"
"18/07/2023 00:00 - 18/07/2023 01:00","BZN|BG","3490.97","3467.00"
"18/07/2023 01:00 - 18/07/2023 02:00","BZN|BG","3334.58","3340.00"
"18/07/2023 02:00 - 18/07/2023 03:00","BZN|BG","3269.95","3277.00"
"18/07/2023 03:00 - 18/07/2023 04:00","BZN|BG","3241.82","3270.00"
"18/07/2023 04:00 - 18/07/2023 05:00","BZN|BG","3322.19","3348.00"
"18/07/2023 05:00 - 18/07/2023 06:00","BZN|BG","3561.28","3598.00"
"18/07/2023 06:00 - 18/07/2023 07:00","BZN|BG","3881.52","3867.00"
"18/07/2023 07:00 - 18/07/2023 08:00","BZN|BG","4190.59","4180.00"
"18/07/2023 08:00 - 18/07/2023 09:00","BZN|BG","4345.55","4348.00"
"18/07/2023 09:00 - 18/07/2023 10:00","BZN|BG","4444.85","4437.00"
"18/07/2023 10:00 - 18/07/2023 11:00","BZN|BG","4655.59","4580.00"
"18/07/2023 11:00 - 18/07/2023 12:00","BZN|BG","4754.51","4482.00"
"18/07/2023 12:00 - 18/07/2023 13:00","BZN|BG","4836.15","4647.00"
"18/07/2023 13:00 - 18/07/2023 14:00","BZN|BG","4804.45","4625.00"
"18/07/2023 14:00 - 18/07/2023 15:00","BZN|BG","4805.32","4671.00"
"18/07/2023 15:00 - 18/07/2023 16:00","BZN|BG","4805.35","4668.00"
"18/07/2023 16:00 - 18/07/2023 17:00","BZN|BG","4818.53","4652.00"
"18/07/2023 17:00 - 18/07/2023 18:00","BZN|BG","4881.20","4800.00"
"18/07/2023 18:00 - 18/07/2023 19:00","BZN|BG","4829.34","4790.00"
"18/07/2023 19:00 - 18/07/2023 20:00","BZN|BG","4692.52","4664.00"
"18/07/2023 20:00 - 18/07/2023 21:00","BZN|BG","4628.60","4613.00"
"18/07/2023 21:00 - 18/07/2023 22:00","BZN|BG","4430.16","4385.00"
"18/07/2023 22:00 - 18/07/2023 23:00","BZN|BG","4093.88","4003.00"
"18/07/2023 23:00 - 19/07/2023 00:00","BZN|BG","3762.37","3783.00"
"19/07/2023 00:00 - 19/07/2023 01:00","BZN|BG","3506.14","3493.00"
"19/07/2023 01:00 - 19/07/2023 02:00","BZN|BG","3346.34","3338.00"
"19/07/2023 02:00 - 19/07/2023 03:00","BZN|BG","3263.64","3263.00"
"19/07/2023 03:00 - 19/07/2023 04:00","BZN|BG","3263.96","3256.00"
"19/07/2023 04:00 - 19/07/2023 05:00","BZN|BG","3312.71","3333.00"
"19/07/2023 05:00 - 19/07/2023 06:00","BZN|BG","3565.11","3588.00"
"19/07/2023 06:00 - 19/07/2023 07:00","BZN|BG","3862.46","3859.00"
"19/07/2023 07:00 - 19/07/2023 08:00","BZN|BG","4192.39","4184.00"
"19/07/2023 08:00 - 19/07/2023 09:00","BZN|BG","4409.22","4366.00"
"19/07/2023 09:00 - 19/07/2023 10:00","BZN|BG","4578.30","4469.00"
"19/07/2023 10:00 - 19/07/2023 11:00","BZN|BG","4711.25","4606.00"
"19/07/2023 11:00 - 19/07/2023 12:00","BZN|BG","4706.15","4752.00"
"19/07/2023 12:00 - 19/07/2023 13:00","BZN|BG","4820.08","4786.00"
"19/07/2023 13:00 - 19/07/2023 14:00","BZN|BG","4809.44","4778.00"
"19/07/2023 14:00 - 19/07/2023 15:00","BZN|BG","4820.92","4786.00"
"19/07/2023 15:00 - 19/07/2023 16:00","BZN|BG","4856.79","4791.00"
"19/07/2023 16:00 - 19/07/2023 17:00","BZN|BG","4862.27","4788.00"
"19/07/2023 17:00 - 19/07/2023 18:00","BZN|BG","4921.82","4820.00"
"19/07/2023 18:00 - 19/07/2023 19:00","BZN|BG","4915.14","4814.00"
"19/07/2023 19:00 - 19/07/2023 20:00","BZN|BG","4774.13","4699.00"
"19/07/2023 20:00 - 19/07/2023 21:00","BZN|BG","4710.00","4648.00"
"19/07/2023 21:00 - 19/07/2023 22:00","BZN|BG","4483.59","4456.00"
"19/07/2023 22:00 - 19/07/2023 23:00","BZN|BG","4168.80","4126.00"
"19/07/2023 23:00 - 20/07/2023 00:00","BZN|BG","3813.60","3712.00"
"20/07/2023 00:00 - 20/07/2023 01:00","BZN|BG","3500.36","3476.00"
"20/07/2023 01:00 - 20/07/2023 02:00","BZN|BG","3366.38","3350.00"
"20/07/2023 02:00 - 20/07/2023 03:00","BZN|BG","3298.82","3283.00"
"20/07/2023 03:00 - 20/07/2023 04:00","BZN|BG","3281.45","3280.00"
"20/07/2023 04:00 - 20/07/2023 05:00","BZN|BG","3348.28","3356.00"
"20/07/2023 05:00 - 20/07/2023 06:00","BZN|BG","3586.53","3611.00"
"20/07/2023 06:00 - 20/07/2023 07:00","BZN|BG","3855.28","3879.00"
"20/07/2023 07:00 - 20/07/2023 08:00","BZN|BG","4153.79","4201.00"
"20/07/2023 08:00 - 20/07/2023 09:00","BZN|BG","4353.53","4397.00"
"20/07/2023 09:00 - 20/07/2023 10:00","BZN|BG","4455.71","4498.00"
"20/07/2023 10:00 - 20/07/2023 11:00","BZN|BG","4568.34","4635.00"
"20/07/2023 11:00 - 20/07/2023 12:00","BZN|BG","4626.24","4800.00"
"20/07/2023 12:00 - 20/07/2023 13:00","BZN|BG","4727.41","4872.00"
"20/07/2023 13:00 - 20/07/2023 14:00","BZN|BG","4709.48","4857.00"
"20/07/2023 14:00 - 20/07/2023 15:00","BZN|BG","4747.25","4874.00"
"20/07/2023 15:00 - 20/07/2023 16:00","BZN|BG","4762.44","4887.00"
"20/07/2023 16:00 - 20/07/2023 17:00","BZN|BG","4706.80","4877.00"
"20/07/2023 17:00 - 20/07/2023 18:00","BZN|BG","4763.20","4926.00"
"20/07/2023 18:00 - 20/07/2023 19:00","BZN|BG","4707.58","4923.00"
"20/07/2023 19:00 - 20/07/2023 20:00","BZN|BG","4561.73","4777.00"
"20/07/2023 20:00 - 20/07/2023 21:00","BZN|BG","4479.99","4712.00"
"20/07/2023 21:00 - 20/07/2023 22:00","BZN|BG","4255.88","4463.00"
"20/07/2023 22:00 - 20/07/2023 23:00","BZN|BG","4026.19","4053.00"
"20/07/2023 23:00 - 21/07/2023 00:00","BZN|BG","3676.84","3798.00"
"21/07/2023 00:00 - 21/07/2023 01:00","BZN|BG","3421.38","3526.00"
"21/07/2023 01:00 - 21/07/2023 02:00","BZN|BG","3256.56","3375.00"
"21/07/2023 02:00 - 21/07/2023 03:00","BZN|BG","3132.53","3306.00"
"21/07/2023 03:00 - 21/07/2023 04:00","BZN|BG","3112.65","3291.00"
"21/07/2023 04:00 - 21/07/2023 05:00","BZN|BG","3179.71","3370.00"
"21/07/2023 05:00 - 21/07/2023 06:00","BZN|BG","3383.62","3621.00"
"21/07/2023 06:00 - 21/07/2023 07:00","BZN|BG","3599.14","3911.00"
"21/07/2023 07:00 - 21/07/2023 08:00","BZN|BG","3805.71","4232.00"
"21/07/2023 08:00 - 21/07/2023 09:00","BZN|BG","3836.13","4406.00"
"21/07/2023 09:00 - 21/07/2023 10:00","BZN|BG","3782.91","4509.00"
"21/07/2023 10:00 - 21/07/2023 11:00","BZN|BG","3893.58","4672.00"
"21/07/2023 11:00 - 21/07/2023 12:00","BZN|BG","3907.29","4780.00"
"21/07/2023 12:00 - 21/07/2023 13:00","BZN|BG","3989.07","4805.00"
"21/07/2023 13:00 - 21/07/2023 14:00","BZN|BG","3970.80","4797.00"
"21/07/2023 14:00 - 21/07/2023 15:00","BZN|BG","4044.13","4801.00"
"21/07/2023 15:00 - 21/07/2023 16:00","BZN|BG","4140.91","4803.00"
"21/07/2023 16:00 - 21/07/2023 17:00","BZN|BG","4307.69","4804.00"
"21/07/2023 17:00 - 21/07/2023 18:00","BZN|BG","4517.28","4826.00"
"21/07/2023 18:00 - 21/07/2023 19:00","BZN|BG","4622.40","4800.00"
"21/07/2023 19:00 - 21/07/2023 20:00","BZN|BG","4493.74","4662.00"
"21/07/2023 20:00 - 21/07/2023 21:00","BZN|BG","4428.35","4599.00"
"21/07/2023 21:00 - 21/07/2023 22:00","BZN|BG","4204.84","4379.00"
"21/07/2023 22:00 - 21/07/2023 23:00","BZN|BG","3949.80","4003.00"
"21/07/2023 23:00 - 22/07/2023 00:00","BZN|BG","3668.11","3738.00"
"22/07/2023 00:00 - 22/07/2023 01:00","BZN|BG","3401.45","3460.00"
"22/07/2023 01:00 - 22/07/2023 02:00","BZN|BG","3164.23","3310.00"
"22/07/2023 02:00 - 22/07/2023 03:00","BZN|BG","3163.76","3232.00"
"22/07/2023 03:00 - 22/07/2023 04:00","BZN|BG","3096.11","3194.00"
"22/07/2023 04:00 - 22/07/2023 05:00","BZN|BG","3107.92","3186.00"
"22/07/2023 05:00 - 22/07/2023 06:00","BZN|BG","3160.07","3253.00"
"22/07/2023 06:00 - 22/07/2023 07:00","BZN|BG","3272.59","3484.00"
"22/07/2023 07:00 - 22/07/2023 08:00","BZN|BG","3405.98","3806.00"
"22/07/2023 08:00 - 22/07/2023 09:00","BZN|BG","3475.26","4056.00"
"22/07/2023 09:00 - 22/07/2023 10:00","BZN|BG","3508.45","4153.00"
"22/07/2023 10:00 - 22/07/2023 11:00","BZN|BG","3545.02","4269.00"
"22/07/2023 11:00 - 22/07/2023 12:00","BZN|BG","3598.25","4461.00"
"22/07/2023 12:00 - 22/07/2023 13:00","BZN|BG","3624.22","4500.00"
"22/07/2023 13:00 - 22/07/2023 14:00","BZN|BG","3621.91","4443.00"
"22/07/2023 14:00 - 22/07/2023 15:00","BZN|BG","3721.78","4410.00"
"22/07/2023 15:00 - 22/07/2023 16:00","BZN|BG","3897.74","4464.00"
"22/07/2023 16:00 - 22/07/2023 17:00","BZN|BG","4146.15","4524.00"
"22/07/2023 17:00 - 22/07/2023 18:00","BZN|BG","4533.98","4582.00"
"22/07/2023 18:00 - 22/07/2023 19:00","BZN|BG","4556.04","4543.00"
"22/07/2023 19:00 - 22/07/2023 20:00","BZN|BG","4512.19","4422.00"
"22/07/2023 20:00 - 22/07/2023 21:00","BZN|BG","4465.13","4375.00"
"22/07/2023 21:00 - 22/07/2023 22:00","BZN|BG","4247.80","4184.00"
"22/07/2023 22:00 - 22/07/2023 23:00","BZN|BG","3998.34","3933.00"
"22/07/2023 23:00 - 23/07/2023 00:00","BZN|BG","3736.13","3552.00"
"23/07/2023 00:00 - 23/07/2023 01:00","BZN|BG","3484.70","3363.00"
"23/07/2023 01:00 - 23/07/2023 02:00","BZN|BG","3319.09","3224.00"
"23/07/2023 02:00 - 23/07/2023 03:00","BZN|BG","3229.04","3180.00"
"23/07/2023 03:00 - 23/07/2023 04:00","BZN|BG","3166.28","3149.00"
"23/07/2023 04:00 - 23/07/2023 05:00","BZN|BG","3116.06","3138.00"
"23/07/2023 05:00 - 23/07/2023 06:00","BZN|BG","3133.55","3188.00"
"23/07/2023 06:00 - 23/07/2023 07:00","BZN|BG","3273.96","3401.00"
"23/07/2023 07:00 - 23/07/2023 08:00","BZN|BG","3555.48","3697.00"
"23/07/2023 08:00 - 23/07/2023 09:00","BZN|BG","3865.50","3969.00"
"23/07/2023 09:00 - 23/07/2023 10:00","BZN|BG","4055.63","4086.00"
"23/07/2023 10:00 - 23/07/2023 11:00","BZN|BG","4187.84","4232.00"
"23/07/2023 11:00 - 23/07/2023 12:00","BZN|BG","4235.32","4328.00"
"23/07/2023 12:00 - 23/07/2023 13:00","BZN|BG","4244.91","4339.00"
"23/07/2023 13:00 - 23/07/2023 14:00","BZN|BG","4195.74","4315.00"
"23/07/2023 14:00 - 23/07/2023 15:00","BZN|BG","4177.72","4333.00"
"23/07/2023 15:00 - 23/07/2023 16:00","BZN|BG","4224.29","4371.00"
"23/07/2023 16:00 - 23/07/2023 17:00","BZN|BG","4302.47","4440.00"
"23/07/2023 17:00 - 23/07/2023 18:00","BZN|BG","4365.03","4524.00"
"23/07/2023 18:00 - 23/07/2023 19:00","BZN|BG","4286.42","4541.00"
"23/07/2023 19:00 - 23/07/2023 20:00","BZN|BG","4199.60","4420.00"
"23/07/2023 20:00 - 23/07/2023 21:00","BZN|BG","4211.08","4413.00"
"23/07/2023 21:00 - 23/07/2023 22:00","BZN|BG","4036.77","4221.00"
"23/07/2023 22:00 - 23/07/2023 23:00","BZN|BG","3784.44","3871.00"
"23/07/2023 23:00 - 24/07/2023 00:00","BZN|BG","3458.83","3735.00"
"24/07/2023 00:00 - 24/07/2023 01:00","BZN|BG","3217.89","3457.00"
"24/07/2023 01:00 - 24/07/2023 02:00","BZN|BG","3098.23","3312.00"
"24/07/2023 02:00 - 24/07/2023 03:00","BZN|BG","3031.24","3201.00"
"24/07/2023 03:00 - 24/07/2023 04:00","BZN|BG","3041.87","3210.00"
"24/07/2023 04:00 - 24/07/2023 05:00","BZN|BG","3118.34","3280.00"
"24/07/2023 05:00 - 24/07/2023 06:00","BZN|BG","3351.28","3528.00"
"24/07/2023 06:00 - 24/07/2023 07:00","BZN|BG","3626.57","3773.00"
"24/07/2023 07:00 - 24/07/2023 08:00","BZN|BG","3936.42","4074.00"
"24/07/2023 08:00 - 24/07/2023 09:00","BZN|BG","4183.53","4310.00"
"24/07/2023 09:00 - 24/07/2023 10:00","BZN|BG","4260.49","4402.00"
"24/07/2023 10:00 - 24/07/2023 11:00","BZN|BG","4401.16","4531.00"
"24/07/2023 11:00 - 24/07/2023 12:00","BZN|BG","4481.91","4574.00"
"24/07/2023 12:00 - 24/07/2023 13:00","BZN|BG","4586.34","4670.00"
"24/07/2023 13:00 - 24/07/2023 14:00","BZN|BG","4556.90","4659.00"
"24/07/2023 14:00 - 24/07/2023 15:00","BZN|BG","4579.80","4655.00"
"24/07/2023 15:00 - 24/07/2023 16:00","BZN|BG","4612.44","4682.00"
"24/07/2023 16:00 - 24/07/2023 17:00","BZN|BG","4664.66","4676.00"
"24/07/2023 17:00 - 24/07/2023 18:00","BZN|BG","4703.62","4696.00"
"24/07/2023 18:00 - 24/07/2023 19:00","BZN|BG","4694.07","4715.00"
"24/07/2023 19:00 - 24/07/2023 20:00","BZN|BG","4562.91","4596.00"
"24/07/2023 20:00 - 24/07/2023 21:00","BZN|BG","4510.39","4549.00"
"24/07/2023 21:00 - 24/07/2023 22:00","BZN|BG","4290.32","4349.00"
"24/07/2023 22:00 - 24/07/2023 23:00","BZN|BG","3998.42","4071.00"
"24/07/2023 23:00 - 25/07/2023 00:00","BZN|BG","3706.27","3684.00"
"25/07/2023 00:00 - 25/07/2023 01:00","BZN|BG","3442.02","3447.00"
"25/07/2023 01:00 - 25/07/2023 02:00","BZN|BG","3308.58","3317.00"
"25/07/2023 02:00 - 25/07/2023 03:00","BZN|BG","3241.68","3254.00"
"25/07/2023 03:00 - 25/07/2023 04:00","BZN|BG","3227.70","3242.00"
"25/07/2023 04:00 - 25/07/2023 05:00","BZN|BG","3302.80","3307.00"
"25/07/2023 05:00 - 25/07/2023 06:00","BZN|BG","3511.85","3545.00"
"25/07/2023 06:00 - 25/07/2023 07:00","BZN|BG","3789.80","3826.00"
"25/07/2023 07:00 - 25/07/2023 08:00","BZN|BG","4107.14","4135.00"
"25/07/2023 08:00 - 25/07/2023 09:00","BZN|BG","4318.30","4322.00"
"25/07/2023 09:00 - 25/07/2023 10:00","BZN|BG","4448.46","4441.00"
"25/07/2023 10:00 - 25/07/2023 11:00","BZN|BG","4638.08","4577.00"
"25/07/2023 11:00 - 25/07/2023 12:00","BZN|BG","4742.29","4432.00"
"25/07/2023 12:00 - 25/07/2023 13:00","BZN|BG","4829.00","4671.00"
"25/07/2023 13:00 - 25/07/2023 14:00","BZN|BG","4835.82","4598.00"
"25/07/2023 14:00 - 25/07/2023 15:00","BZN|BG","4888.41","4634.00"
"25/07/2023 15:00 - 25/07/2023 16:00","BZN|BG","4912.27","4670.00"
"25/07/2023 16:00 - 25/07/2023 17:00","BZN|BG","4906.20","4611.00"
"25/07/2023 17:00 - 25/07/2023 18:00","BZN|BG","4941.43","4761.00"
"25/07/2023 18:00 - 25/07/2023 19:00","BZN|BG","4976.59","4738.00"
"25/07/2023 19:00 - 25/07/2023 20:00","BZN|BG","4879.94","4603.00"
"25/07/2023 20:00 - 25/07/2023 21:00","BZN|BG","4809.08","4537.00"
"25/07/2023 21:00 - 25/07/2023 22:00","BZN|BG","4566.16","4331.00"
"25/07/2023 22:00 - 25/07/2023 23:00","BZN|BG","4283.03","4034.00"
"25/07/2023 23:00 - 26/07/2023 00:00","BZN|BG","3730.54","3729.00"
"26/07/2023 00:00 - 26/07/2023 01:00","BZN|BG","3445.82","3471.00"
"26/07/2023 01:00 - 26/07/2023 02:00","BZN|BG","3285.42","3335.00"
"26/07/2023 02:00 - 26/07/2023 03:00","BZN|BG","3218.35","3262.00"
"26/07/2023 03:00 - 26/07/2023 04:00","BZN|BG","3182.53","3246.00"
"26/07/2023 04:00 - 26/07/2023 05:00","BZN|BG","3256.50","3321.00"
"26/07/2023 05:00 - 26/07/2023 06:00","BZN|BG","3457.44","3582.00"
"26/07/2023 06:00 - 26/07/2023 07:00","BZN|BG","3718.03","3893.00"
"26/07/2023 07:00 - 26/07/2023 08:00","BZN|BG","4043.64","4236.00"
"26/07/2023 08:00 - 26/07/2023 09:00","BZN|BG","4296.45","4447.00"
"26/07/2023 09:00 - 26/07/2023 10:00","BZN|BG","4458.32","4571.00"
"26/07/2023 10:00 - 26/07/2023 11:00","BZN|BG","4566.99","4749.00"
"26/07/2023 11:00 - 26/07/2023 12:00","BZN|BG","4666.13","4769.00"
"26/07/2023 12:00 - 26/07/2023 13:00","BZN|BG","4742.37","4871.00"
"26/07/2023 13:00 - 26/07/2023 14:00","BZN|BG","4683.15","4846.00"
"26/07/2023 14:00 - 26/07/2023 15:00","BZN|BG","4727.63","4861.00"
"26/07/2023 15:00 - 26/07/2023 16:00","BZN|BG","4772.63","4877.00"
"26/07/2023 16:00 - 26/07/2023 17:00","BZN|BG","4776.25","4878.00"
"26/07/2023 17:00 - 26/07/2023 18:00","BZN|BG","4973.78","4938.00"
"26/07/2023 18:00 - 26/07/2023 19:00","BZN|BG","4903.14","4900.00"
"26/07/2023 19:00 - 26/07/2023 20:00","BZN|BG","4730.83","4719.00"
"26/07/2023 20:00 - 26/07/2023 21:00","BZN|BG","4648.64","4635.00"
"26/07/2023 21:00 - 26/07/2023 22:00","BZN|BG","4347.63","4372.00"
"26/07/2023 22:00 - 26/07/2023 23:00","BZN|BG","3850.10","4028.00"
"26/07/2023 23:00 - 27/07/2023 00:00","BZN|BG","3698.95","3578.00"
"27/07/2023 00:00 - 27/07/2023 01:00","BZN|BG","3449.47","3349.00"
"27/07/2023 01:00 - 27/07/2023 02:00","BZN|BG","3300.84","3227.00"
"27/07/2023 02:00 - 27/07/2023 03:00","BZN|BG","3230.54","3162.00"
"27/07/2023 03:00 - 27/07/2023 04:00","BZN|BG","3207.54","3148.00"
"27/07/2023 04:00 - 27/07/2023 05:00","BZN|BG","3266.93","3219.00"
"27/07/2023 05:00 - 27/07/2023 06:00","BZN|BG","3462.44","3466.00"
"27/07/2023 06:00 - 27/07/2023 07:00","BZN|BG","3679.61","3760.00"
"27/07/2023 07:00 - 27/07/2023 08:00","BZN|BG","3969.52","4084.00"
"27/07/2023 08:00 - 27/07/2023 09:00","BZN|BG","4071.37","4283.00"
"27/07/2023 09:00 - 27/07/2023 10:00","BZN|BG","4052.55","4401.00"
"27/07/2023 10:00 - 27/07/2023 11:00","BZN|BG","4125.91","4569.00"
"27/07/2023 11:00 - 27/07/2023 12:00","BZN|BG","4063.57","4580.00"
"27/07/2023 12:00 - 27/07/2023 13:00","BZN|BG","4044.61","4637.00"
"27/07/2023 13:00 - 27/07/2023 14:00","BZN|BG","3943.79","4623.00"
"27/07/2023 14:00 - 27/07/2023 15:00","BZN|BG","3948.05","4631.00"
"27/07/2023 15:00 - 27/07/2023 16:00","BZN|BG","3926.99","4640.00"
"27/07/2023 16:00 - 27/07/2023 17:00","BZN|BG","3933.76","4641.00"
"27/07/2023 17:00 - 27/07/2023 18:00","BZN|BG","3997.45","4674.00"
"27/07/2023 18:00 - 27/07/2023 19:00","BZN|BG","4012.33","4639.00"
"27/07/2023 19:00 - 27/07/2023 20:00","BZN|BG","3959.06","4473.00"
"27/07/2023 20:00 - 27/07/2023 21:00","BZN|BG","3972.25","4396.00"
"27/07/2023 21:00 - 27/07/2023 22:00","BZN|BG","3814.49","4154.00"
"27/07/2023 22:00 - 27/07/2023 23:00","BZN|BG","3605.00","3839.00"
"27/07/2023 23:00 - 28/07/2023 00:00","BZN|BG","3189.62","3460.00"
"28/07/2023 00:00 - 28/07/2023 01:00","BZN|BG","2972.69","3211.00"
"28/07/2023 01:00 - 28/07/2023 02:00","BZN|BG","2851.50","3080.00"
"28/07/2023 02:00 - 28/07/2023 03:00","BZN|BG","2798.40","3011.00"
"28/07/2023 03:00 - 28/07/2023 04:00","BZN|BG","2804.84","2996.00"
"28/07/2023 04:00 - 28/07/2023 05:00","BZN|BG","2929.41","3064.00"
"28/07/2023 05:00 - 28/07/2023 06:00","BZN|BG","3170.16","3290.00"
"28/07/2023 06:00 - 28/07/2023 07:00","BZN|BG","3380.02","3566.00"
"28/07/2023 07:00 - 28/07/2023 08:00","BZN|BG","3467.90","3872.00"
"28/07/2023 08:00 - 28/07/2023 09:00","BZN|BG","3450.54","4063.00"
"28/07/2023 09:00 - 28/07/2023 10:00","BZN|BG","3319.82","4177.00"
"28/07/2023 10:00 - 28/07/2023 11:00","BZN|BG","3264.17","4341.00"
"28/07/2023 11:00 - 28/07/2023 12:00","BZN|BG","3207.10","4465.00"
"28/07/2023 12:00 - 28/07/2023 13:00","BZN|BG","3225.38","4503.00"
"28/07/2023 13:00 - 28/07/2023 14:00","BZN|BG","3215.51","4496.00"
"28/07/2023 14:00 - 28/07/2023 15:00","BZN|BG","3303.19","4504.00"
"28/07/2023 15:00 - 28/07/2023 16:00","BZN|BG","3417.86","4511.00"
"28/07/2023 16:00 - 28/07/2023 17:00","BZN|BG","3559.02","4511.00"
"28/07/2023 17:00 - 28/07/2023 18:00","BZN|BG","3678.02","4530.00"
"28/07/2023 18:00 - 28/07/2023 19:00","BZN|BG","3895.18","4479.00"
"28/07/2023 19:00 - 28/07/2023 20:00","BZN|BG","3859.20","4309.00"
"28/07/2023 20:00 - 28/07/2023 21:00","BZN|BG","3854.21","4197.00"
"28/07/2023 21:00 - 28/07/2023 22:00","BZN|BG","3675.79","3911.00"
"28/07/2023 22:00 - 28/07/2023 23:00","BZN|BG","3467.29","3545.00"
"28/07/2023 23:00 - 29/07/2023 00:00","BZN|BG","3257.57","3262.00"
"29/07/2023 00:00 - 29/07/2023 01:00","BZN|BG","3057.56","3116.00"
"29/07/2023 01:00 - 29/07/2023 02:00","BZN|BG","2922.69","3047.00"
"29/07/2023 02:00 - 29/07/2023 03:00","BZN|BG","2859.45","2990.00"
"29/07/2023 03:00 - 29/07/2023 04:00","BZN|BG","2833.04","2964.00"
"29/07/2023 04:00 - 29/07/2023 05:00","BZN|BG","2847.96","2977.00"
"29/07/2023 05:00 - 29/07/2023 06:00","BZN|BG","2877.96","2998.00"
"29/07/2023 06:00 - 29/07/2023 07:00","BZN|BG","2976.71","3100.00"
"29/07/2023 07:00 - 29/07/2023 08:00","BZN|BG","3106.90","3258.00"
"29/07/2023 08:00 - 29/07/2023 09:00","BZN|BG","3168.15","3405.00"
"29/07/2023 09:00 - 29/07/2023 10:00","BZN|BG","3119.13","3506.00"
"29/07/2023 10:00 - 29/07/2023 11:00","BZN|BG","3093.78","3591.00"
"29/07/2023 11:00 - 29/07/2023 12:00","BZN|BG","3060.60","3534.00"
"29/07/2023 12:00 - 29/07/2023 13:00","BZN|BG","2999.92","3523.00"
"29/07/2023 13:00 - 29/07/2023 14:00","BZN|BG","3177.90","3537.00"
"29/07/2023 14:00 - 29/07/2023 15:00","BZN|BG","3231.83","3547.00"
"29/07/2023 15:00 - 29/07/2023 16:00","BZN|BG","3411.46","3587.00"
"29/07/2023 16:00 - 29/07/2023 17:00","BZN|BG","3672.03","3672.00"
"29/07/2023 17:00 - 29/07/2023 18:00","BZN|BG","4012.64","3775.00"
"29/07/2023 18:00 - 29/07/2023 19:00","BZN|BG","3993.89","3786.00"
"29/07/2023 19:00 - 29/07/2023 20:00","BZN|BG","3922.22","3759.00"
"29/07/2023 20:00 - 29/07/2023 21:00","BZN|BG","3923.10","3747.00"
"29/07/2023 21:00 - 29/07/2023 22:00","BZN|BG","3738.23","3693.00"
"29/07/2023 22:00 - 29/07/2023 23:00","BZN|BG","3572.35","3631.00"
"29/07/2023 23:00 - 30/07/2023 00:00","BZN|BG","3332.79","3277.00"
"30/07/2023 00:00 - 30/07/2023 01:00","BZN|BG","3124.76","3110.00"
"30/07/2023 01:00 - 30/07/2023 02:00","BZN|BG","3000.57","2999.00"
"30/07/2023 02:00 - 30/07/2023 03:00","BZN|BG","2925.66","2941.00"
"30/07/2023 03:00 - 30/07/2023 04:00","BZN|BG","2891.20","2900.00"
"30/07/2023 04:00 - 30/07/2023 05:00","BZN|BG","2908.21","2867.00"
"30/07/2023 05:00 - 30/07/2023 06:00","BZN|BG","2937.65","2880.00"
"30/07/2023 06:00 - 30/07/2023 07:00","BZN|BG","3100.17","2984.00"
"30/07/2023 07:00 - 30/07/2023 08:00","BZN|BG","3410.60","3194.00"
"30/07/2023 08:00 - 30/07/2023 09:00","BZN|BG","3597.43","3424.00"
"30/07/2023 09:00 - 30/07/2023 10:00","BZN|BG","3732.18","3566.00"
"30/07/2023 10:00 - 30/07/2023 11:00","BZN|BG","3818.41","3664.00"
"30/07/2023 11:00 - 30/07/2023 12:00","BZN|BG","3880.04","3703.00"
"30/07/2023 12:00 - 30/07/2023 13:00","BZN|BG","3898.11","3688.00"
"30/07/2023 13:00 - 30/07/2023 14:00","BZN|BG","3883.59","3694.00"
"30/07/2023 14:00 - 30/07/2023 15:00","BZN|BG","3899.97","3725.00"
"30/07/2023 15:00 - 30/07/2023 16:00","BZN|BG","3979.36","3844.00"
"30/07/2023 16:00 - 30/07/2023 17:00","BZN|BG","4089.78","4056.00"
"30/07/2023 17:00 - 30/07/2023 18:00","BZN|BG","4197.42","4188.00"
"30/07/2023 18:00 - 30/07/2023 19:00","BZN|BG","4183.53","4207.00"
"30/07/2023 19:00 - 30/07/2023 20:00","BZN|BG","4124.86","4132.00"
"30/07/2023 20:00 - 30/07/2023 21:00","BZN|BG","4109.17","4060.00"
"30/07/2023 21:00 - 30/07/2023 22:00","BZN|BG","3914.99","3894.00"
"30/07/2023 22:00 - 30/07/2023 23:00","BZN|BG","3723.74","3653.00"
"30/07/2023 23:00 - 31/07/2023 00:00","BZN|BG","3411.53","3307.00"
"31/07/2023 00:00 - 31/07/2023 01:00","BZN|BG","3171.21","3066.00"
"31/07/2023 01:00 - 31/07/2023 02:00","BZN|BG","3052.93","2947.00"
"31/07/2023 02:00 - 31/07/2023 03:00","BZN|BG","2979.28","2880.00"
"31/07/2023 03:00 - 31/07/2023 04:00","BZN|BG","2962.25","2890.00"
"31/07/2023 04:00 - 31/07/2023 05:00","BZN|BG","3046.78","2962.00"
"31/07/2023 05:00 - 31/07/2023 06:00","BZN|BG","3286.58","3183.00"
"31/07/2023 06:00 - 31/07/2023 07:00","BZN|BG","3552.74","3444.00"
"31/07/2023 07:00 - 31/07/2023 08:00","BZN|BG","3834.27","3738.00"
"31/07/2023 08:00 - 31/07/2023 09:00","BZN|BG","4050.67","3972.00"
"31/07/2023 09:00 - 31/07/2023 10:00","BZN|BG","4088.09","4045.00"
"31/07/2023 10:00 - 31/07/2023 11:00","BZN|BG","4155.34","4178.00"
"31/07/2023 11:00 - 31/07/2023 12:00","BZN|BG","4160.83","4136.00"
"31/07/2023 12:00 - 31/07/2023 13:00","BZN|BG","4212.50","4223.00"
"31/07/2023 13:00 - 31/07/2023 14:00","BZN|BG","4169.62","4198.00"
"31/07/2023 14:00 - 31/07/2023 15:00","BZN|BG","4144.77","4217.00"
"31/07/2023 15:00 - 31/07/2023 16:00","BZN|BG","4135.45","4244.00"
"31/07/2023 16:00 - 31/07/2023 17:00","BZN|BG","4082.15","4287.00"
"31/07/2023 17:00 - 31/07/2023 18:00","BZN|BG","4148.62","4319.00"
"31/07/2023 18:00 - 31/07/2023 19:00","BZN|BG","4143.40","4312.00"
"31/07/2023 19:00 - 31/07/2023 20:00","BZN|BG","4087.10","4213.00"
"31/07/2023 20:00 - 31/07/2023 21:00","BZN|BG","4082.10","4173.00"
"31/07/2023 21:00 - 31/07/2023 22:00","BZN|BG","3883.10","4007.00"
"31/07/2023 22:00 - 31/07/2023 23:00","BZN|BG","3640.70","3786.00"
"31/07/2023 23:00 - 01/08/2023 00:00","BZN|BG","3374.04","3506.00"
"01/08/2023 00:00 - 01/08/2023 01:00","BZN|BG","3165.70","3291.00"
"01/08/2023 01:00 - 01/08/2023 02:00","BZN|BG","3061.67","3168.00"
"01/08/2023 02:00 - 01/08/2023 03:00","BZN|BG","3004.24","3103.00"
"01/08/2023 03:00 - 01/08/2023 04:00","BZN|BG","2999.91","3080.00"
"01/08/2023 04:00 - 01/08/2023 05:00","BZN|BG","3064.43","3142.00"
"01/08/2023 05:00 - 01/08/2023 06:00","BZN|BG","3288.96","3347.00"
"01/08/2023 06:00 - 01/08/2023 07:00","BZN|BG","3546.48","3591.00"
"01/08/2023 07:00 - 01/08/2023 08:00","BZN|BG","3793.84","3909.00"
"01/08/2023 08:00 - 01/08/2023 09:00","BZN|BG","3940.55","4117.00"
"01/08/2023 09:00 - 01/08/2023 10:00","BZN|BG","4014.49","4179.00"
"01/08/2023 10:00 - 01/08/2023 11:00","BZN|BG","4085.07","4303.00"
"01/08/2023 11:00 - 01/08/2023 12:00","BZN|BG","4096.45","4097.00"
"01/08/2023 12:00 - 01/08/2023 13:00","BZN|BG","4162.09","4230.00"
"01/08/2023 13:00 - 01/08/2023 14:00","BZN|BG","4156.49","4153.00"
"01/08/2023 14:00 - 01/08/2023 15:00","BZN|BG","4179.03","4175.00"
"01/08/2023 15:00 - 01/08/2023 16:00","BZN|BG","4222.01","4199.00"
"01/08/2023 16:00 - 01/08/2023 17:00","BZN|BG","4262.04","4229.00"
"01/08/2023 17:00 - 01/08/2023 18:00","BZN|BG","4385.71","4320.00"
"01/08/2023 18:00 - 01/08/2023 19:00","BZN|BG","4349.77","4315.00"
"01/08/2023 19:00 - 01/08/2023 20:00","BZN|BG","4269.22","4219.00"
"01/08/2023 20:00 - 01/08/2023 21:00","BZN|BG","4242.57","4165.00"
"01/08/2023 21:00 - 01/08/2023 22:00","BZN|BG","4026.92","3969.00"
"01/08/2023 22:00 - 01/08/2023 23:00","BZN|BG","3766.81","3711.00"
"01/08/2023 23:00 - 02/08/2023 00:00","BZN|BG","3489.74","3348.00"
"02/08/2023 00:00 - 02/08/2023 01:00","BZN|BG","3239.37","3155.00"
"02/08/2023 01:00 - 02/08/2023 02:00","BZN|BG","3104.23","3051.00"
"02/08/2023 02:00 - 02/08/2023 03:00","BZN|BG","3049.32","2998.00"
"02/08/2023 03:00 - 02/08/2023 04:00","BZN|BG","3036.61","2980.00"
"02/08/2023 04:00 - 02/08/2023 05:00","BZN|BG","3109.65","3052.00"
"02/08/2023 05:00 - 02/08/2023 06:00","BZN|BG","3318.85","3251.00"
"02/08/2023 06:00 - 02/08/2023 07:00","BZN|BG","3563.16","3495.00"
"02/08/2023 07:00 - 02/08/2023 08:00","BZN|BG","3836.93","3781.00"
"02/08/2023 08:00 - 02/08/2023 09:00","BZN|BG","4014.01","3961.00"
"02/08/2023 09:00 - 02/08/2023 10:00","BZN|BG","4072.76","4033.00"
"02/08/2023 10:00 - 02/08/2023 11:00","BZN|BG","4210.19","4138.00"
"02/08/2023 11:00 - 02/08/2023 12:00","BZN|BG","4242.32","4114.00"
"02/08/2023 12:00 - 02/08/2023 13:00","BZN|BG","4339.74","4086.00"
"02/08/2023 13:00 - 02/08/2023 14:00","BZN|BG","4345.55","4119.00"
"02/08/2023 14:00 - 02/08/2023 15:00","BZN|BG","4412.95","4168.00"
"02/08/2023 15:00 - 02/08/2023 16:00","BZN|BG","4435.84","4182.00"
"02/08/2023 16:00 - 02/08/2023 17:00","BZN|BG","4420.14","4180.00"
"02/08/2023 17:00 - 02/08/2023 18:00","BZN|BG","4484.68","4274.00"
"02/08/2023 18:00 - 02/08/2023 19:00","BZN|BG","4453.11","4275.00"
"02/08/2023 19:00 - 02/08/2023 20:00","BZN|BG","4377.67","4218.00"
"02/08/2023 20:00 - 02/08/2023 21:00","BZN|BG","4353.56","4197.00"
"02/08/2023 21:00 - 02/08/2023 22:00","BZN|BG","4142.11","4072.00"
"02/08/2023 22:00 - 02/08/2023 23:00","BZN|BG","3857.57","3901.00"
"02/08/2023 23:00 - 03/08/2023 00:00","BZN|BG","3519.40","3563.00"
"03/08/2023 00:00 - 03/08/2023 01:00","BZN|BG","3290.22","3299.00"
"03/08/2023 01:00 - 03/08/2023 02:00","BZN|BG","3149.41","3159.00"
"03/08/2023 02:00 - 03/08/2023 03:00","BZN|BG","3074.59","3086.00"
"03/08/2023 03:00 - 03/08/2023 04:00","BZN|BG","3068.12","3062.00"
"03/08/2023 04:00 - 03/08/2023 05:00","BZN|BG","3133.59","3145.00"
"03/08/2023 05:00 - 03/08/2023 06:00","BZN|BG","3335.91","3375.00"
"03/08/2023 06:00 - 03/08/2023 07:00","BZN|BG","3646.58","3652.00"
"03/08/2023 07:00 - 03/08/2023 08:00","BZN|BG","3938.77","3969.00"
"03/08/2023 08:00 - 03/08/2023 09:00","BZN|BG","4134.09","4177.00"
"03/08/2023 09:00 - 03/08/2023 10:00","BZN|BG","4258.89","4250.00"
"03/08/2023 10:00 - 03/08/2023 11:00","BZN|BG","4399.56","4359.00"
"03/08/2023 11:00 - 03/08/2023 12:00","BZN|BG","4453.01","4395.00"
"03/08/2023 12:00 - 03/08/2023 13:00","BZN|BG","4555.82","4450.00"
"03/08/2023 13:00 - 03/08/2023 14:00","BZN|BG","4547.95","4390.00"
"03/08/2023 14:00 - 03/08/2023 15:00","BZN|BG","4624.19","4420.00"
"03/08/2023 15:00 - 03/08/2023 16:00","BZN|BG","4613.08","4428.00"
"03/08/2023 16:00 - 03/08/2023 17:00","BZN|BG","4614.03","4405.00"
"03/08/2023 17:00 - 03/08/2023 18:00","BZN|BG","4703.66","4510.00"
"03/08/2023 18:00 - 03/08/2023 19:00","BZN|BG","4764.97","4509.00"
"03/08/2023 19:00 - 03/08/2023 20:00","BZN|BG","4653.60","4399.00"
"03/08/2023 20:00 - 03/08/2023 21:00","BZN|BG","4601.57","4361.00"
"03/08/2023 21:00 - 03/08/2023 22:00","BZN|BG","4359.67","4099.00"
"03/08/2023 22:00 - 03/08/2023 23:00","BZN|BG","4048.50","3750.00"
"03/08/2023 23:00 - 04/08/2023 00:00","BZN|BG","3614.53","3576.00"
"04/08/2023 00:00 - 04/08/2023 01:00","BZN|BG","3339.14","3347.00"
"04/08/2023 01:00 - 04/08/2023 02:00","BZN|BG","3180.98","3225.00"
"04/08/2023 02:00 - 04/08/2023 03:00","BZN|BG","3097.31","3163.00"
"04/08/2023 03:00 - 04/08/2023 04:00","BZN|BG","3084.87","3144.00"
"04/08/2023 04:00 - 04/08/2023 05:00","BZN|BG","3153.35","3227.00"
"04/08/2023 05:00 - 04/08/2023 06:00","BZN|BG","3344.30","3465.00"
"04/08/2023 06:00 - 04/08/2023 07:00","BZN|BG","3589.12","3753.00"
"04/08/2023 07:00 - 04/08/2023 08:00","BZN|BG","3807.92","4078.00"
"04/08/2023 08:00 - 04/08/2023 09:00","BZN|BG","3869.39","4280.00"
"04/08/2023 09:00 - 04/08/2023 10:00","BZN|BG","3860.87","4365.00"
"04/08/2023 10:00 - 04/08/2023 11:00","BZN|BG","3913.12","4479.00"
"04/08/2023 11:00 - 04/08/2023 12:00","BZN|BG","3936.21","4558.00"
"04/08/2023 12:00 - 04/08/2023 13:00","BZN|BG","4006.77","4646.00"
"04/08/2023 13:00 - 04/08/2023 14:00","BZN|BG","3974.37","4569.00"
"04/08/2023 14:00 - 04/08/2023 15:00","BZN|BG","4063.43","4616.00"
"04/08/2023 15:00 - 04/08/2023 16:00","BZN|BG","4174.98","4643.00"
"04/08/2023 16:00 - 04/08/2023 17:00","BZN|BG","4298.97","4656.00"
"04/08/2023 17:00 - 04/08/2023 18:00","BZN|BG","4517.18","4776.00"
"04/08/2023 18:00 - 04/08/2023 19:00","BZN|BG","4655.90","4767.00"
"04/08/2023 19:00 - 04/08/2023 20:00","BZN|BG","4577.46","4637.00"
"04/08/2023 20:00 - 04/08/2023 21:00","BZN|BG","4511.18","4589.00"
"04/08/2023 21:00 - 04/08/2023 22:00","BZN|BG","4242.38","4292.00"
"04/08/2023 22:00 - 04/08/2023 23:00","BZN|BG","3965.78","3897.00"
"04/08/2023 23:00 - 05/08/2023 00:00","BZN|BG","3624.90","3664.00"
"05/08/2023 00:00 - 05/08/2023 01:00","BZN|BG","3346.29","3398.00"
"05/08/2023 01:00 - 05/08/2023 02:00","BZN|BG","3175.46","3221.00"
"05/08/2023 02:00 - 05/08/2023 03:00","BZN|BG","3063.32","3139.00"
"05/08/2023 03:00 - 05/08/2023 04:00","BZN|BG","3019.22","3099.00"
"05/08/2023 04:00 - 05/08/2023 05:00","BZN|BG","2998.71","3118.00"
"05/08/2023 05:00 - 05/08/2023 06:00","BZN|BG","3019.07","3170.00"
"05/08/2023 06:00 - 05/08/2023 07:00","BZN|BG","3149.38","3359.00"
"05/08/2023 07:00 - 05/08/2023 08:00","BZN|BG","3245.50","3701.00"
"05/08/2023 08:00 - 05/08/2023 09:00","BZN|BG","3232.06","3992.00"
"05/08/2023 09:00 - 05/08/2023 10:00","BZN|BG","3218.10","4101.00"
"05/08/2023 10:00 - 05/08/2023 11:00","BZN|BG","3252.13","4186.00"
"05/08/2023 11:00 - 05/08/2023 12:00","BZN|BG","3280.61","4147.00"
"05/08/2023 12:00 - 05/08/2023 13:00","BZN|BG","3299.48","4242.00"
"05/08/2023 13:00 - 05/08/2023 14:00","BZN|BG","3285.54","4342.00"
"05/08/2023 14:00 - 05/08/2023 15:00","BZN|BG","3376.83","4351.00"
"05/08/2023 15:00 - 05/08/2023 16:00","BZN|BG","3553.79","4400.00"
"05/08/2023 16:00 - 05/08/2023 17:00","BZN|BG","3829.70","4471.00"
"05/08/2023 17:00 - 05/08/2023 18:00","BZN|BG","4391.78","4515.00"
"05/08/2023 18:00 - 05/08/2023 19:00","BZN|BG","4395.71","4482.00"
"05/08/2023 19:00 - 05/08/2023 20:00","BZN|BG","4299.35","4355.00"
"05/08/2023 20:00 - 05/08/2023 21:00","BZN|BG","4236.59","4356.00"
"05/08/2023 21:00 - 05/08/2023 22:00","BZN|BG","3961.92","4027.00"
"05/08/2023 22:00 - 05/08/2023 23:00","BZN|BG","3755.98","3732.00"
"05/08/2023 23:00 - 06/08/2023 00:00","BZN|BG","3408.35","3386.00"
"06/08/2023 00:00 - 06/08/2023 01:00","BZN|BG","3192.89","3157.00"
"06/08/2023 01:00 - 06/08/2023 02:00","BZN|BG","3091.39","3020.00"
"06/08/2023 02:00 - 06/08/2023 03:00","BZN|BG","3009.32","2937.00"
"06/08/2023 03:00 - 06/08/2023 04:00","BZN|BG","2963.97","2899.00"
"06/08/2023 04:00 - 06/08/2023 05:00","BZN|BG","2969.75","2913.00"
"06/08/2023 05:00 - 06/08/2023 06:00","BZN|BG","2990.06","2938.00"
"06/08/2023 06:00 - 06/08/2023 07:00","BZN|BG","3131.80","3076.00"
"06/08/2023 07:00 - 06/08/2023 08:00","BZN|BG","3363.73","3339.00"
"06/08/2023 08:00 - 06/08/2023 09:00","BZN|BG","3594.76","3497.00"
"06/08/2023 09:00 - 06/08/2023 10:00","BZN|BG","3713.11","3612.00"
"06/08/2023 10:00 - 06/08/2023 11:00","BZN|BG","3797.65","3685.00"
"06/08/2023 11:00 - 06/08/2023 12:00","BZN|BG","3801.15","3811.00"
"06/08/2023 12:00 - 06/08/2023 13:00","BZN|BG","3782.66","3819.00"
"06/08/2023 13:00 - 06/08/2023 14:00","BZN|BG","3687.88","3813.00"
"06/08/2023 14:00 - 06/08/2023 15:00","BZN|BG","3675.91","3820.00"
"06/08/2023 15:00 - 06/08/2023 16:00","BZN|BG","3726.55","3856.00"
"06/08/2023 16:00 - 06/08/2023 17:00","BZN|BG","3859.66","3906.00"
"06/08/2023 17:00 - 06/08/2023 18:00","BZN|BG","3951.74","3955.00"
"06/08/2023 18:00 - 06/08/2023 19:00","BZN|BG","3975.06","3945.00"
"06/08/2023 19:00 - 06/08/2023 20:00","BZN|BG","3988.96","3899.00"
"06/08/2023 20:00 - 06/08/2023 21:00","BZN|BG","3992.41","3887.00"
"06/08/2023 21:00 - 06/08/2023 22:00","BZN|BG","3799.84","3736.00"
"06/08/2023 22:00 - 06/08/2023 23:00","BZN|BG","3550.37","3588.00"
"06/08/2023 23:00 - 07/08/2023 00:00","BZN|BG","3259.20","3371.00"
"07/08/2023 00:00 - 07/08/2023 01:00","BZN|BG","3040.12","3141.00"
"07/08/2023 01:00 - 07/08/2023 02:00","BZN|BG","2924.98","3028.00"
"07/08/2023 02:00 - 07/08/2023 03:00","BZN|BG","2875.43","2957.00"
"07/08/2023 03:00 - 07/08/2023 04:00","BZN|BG","2872.25","2941.00"
"07/08/2023 04:00 - 07/08/2023 05:00","BZN|BG","2955.90","3027.00"
"07/08/2023 05:00 - 07/08/2023 06:00","BZN|BG","3165.72","3273.00"
"07/08/2023 06:00 - 07/08/2023 07:00","BZN|BG","3437.26","3546.00"
"07/08/2023 07:00 - 07/08/2023 08:00","BZN|BG","3668.65","3835.00"
"07/08/2023 08:00 - 07/08/2023 09:00","BZN|BG","3762.07","4057.00"
"07/08/2023 09:00 - 07/08/2023 10:00","BZN|BG","3770.61","4095.00"
"07/08/2023 10:00 - 07/08/2023 11:00","BZN|BG","3842.64","4164.00"
"07/08/2023 11:00 - 07/08/2023 12:00","BZN|BG","3851.93","4173.00"
"07/08/2023 12:00 - 07/08/2023 13:00","BZN|BG","3922.58","4164.00"
"07/08/2023 13:00 - 07/08/2023 14:00","BZN|BG","3905.97","4246.00"
"07/08/2023 14:00 - 07/08/2023 15:00","BZN|BG","3958.56","4212.00"
"07/08/2023 15:00 - 07/08/2023 16:00","BZN|BG","4003.65","4200.00"
"07/08/2023 16:00 - 07/08/2023 17:00","BZN|BG","4035.02","4210.00"
"07/08/2023 17:00 - 07/08/2023 18:00","BZN|BG","4132.74","4351.00"
"07/08/2023 18:00 - 07/08/2023 19:00","BZN|BG","4159.36","4313.00"
"07/08/2023 19:00 - 07/08/2023 20:00","BZN|BG","4123.14","4215.00"
"07/08/2023 20:00 - 07/08/2023 21:00","BZN|BG","4084.35","4209.00"
"07/08/2023 21:00 - 07/08/2023 22:00","BZN|BG","3849.85","3994.00"
"07/08/2023 22:00 - 07/08/2023 23:00","BZN|BG","3605.81","3731.00"
"07/08/2023 23:00 - 08/08/2023 00:00","BZN|BG","3310.06","3320.00"
"08/08/2023 00:00 - 08/08/2023 01:00","BZN|BG","3083.56","3093.00"
"08/08/2023 01:00 - 08/08/2023 02:00","BZN|BG","2962.78","2970.00"
"08/08/2023 02:00 - 08/08/2023 03:00","BZN|BG","2894.67","2909.00"
"08/08/2023 03:00 - 08/08/2023 04:00","BZN|BG","2890.85","2898.00"
"08/08/2023 04:00 - 08/08/2023 05:00","BZN|BG","2965.15","2969.00"
"08/08/2023 05:00 - 08/08/2023 06:00","BZN|BG","3170.26","3177.00"
"08/08/2023 06:00 - 08/08/2023 07:00","BZN|BG","3448.57","3433.00"
"08/08/2023 07:00 - 08/08/2023 08:00","BZN|BG","3728.48","3690.00"
"08/08/2023 08:00 - 08/08/2023 09:00","BZN|BG","3797.68","3855.00"
"08/08/2023 09:00 - 08/08/2023 10:00","BZN|BG","3746.48","3923.00"
"08/08/2023 10:00 - 08/08/2023 11:00","BZN|BG","3725.01","4020.00"
"08/08/2023 11:00 - 08/08/2023 12:00","BZN|BG","3658.24","3960.00"
"08/08/2023 12:00 - 08/08/2023 13:00","BZN|BG","3670.07","3873.00"
"08/08/2023 13:00 - 08/08/2023 14:00","BZN|BG","3605.88","3851.00"
"08/08/2023 14:00 - 08/08/2023 15:00","BZN|BG","3632.03","3922.00"
"08/08/2023 15:00 - 08/08/2023 16:00","BZN|BG","3640.70","3949.00"
"08/08/2023 16:00 - 08/08/2023 17:00","BZN|BG","3683.11","3963.00"
"08/08/2023 17:00 - 08/08/2023 18:00","BZN|BG","3796.45","4092.00"
"08/08/2023 18:00 - 08/08/2023 19:00","BZN|BG","3879.73","4097.00"
"08/08/2023 19:00 - 08/08/2023 20:00","BZN|BG","3899.43","4024.00"
"08/08/2023 20:00 - 08/08/2023 21:00","BZN|BG","3893.66","3999.00"
"08/08/2023 21:00 - 08/08/2023 22:00","BZN|BG","3703.96","3822.00"
"08/08/2023 22:00 - 08/08/2023 23:00","BZN|BG","3453.74","3596.00"
"08/08/2023 23:00 - 09/08/2023 00:00","BZN|BG","3146.57","3293.00"
"09/08/2023 00:00 - 09/08/2023 01:00","BZN|BG","2942.76","3090.00"
"09/08/2023 01:00 - 09/08/2023 02:00","BZN|BG","2825.28","2977.00"
"09/08/2023 02:00 - 09/08/2023 03:00","BZN|BG","2765.31","2918.00"
"09/08/2023 03:00 - 09/08/2023 04:00","BZN|BG","2776.63","2909.00"
"09/08/2023 04:00 - 09/08/2023 05:00","BZN|BG","2862.32","2961.00"
"09/08/2023 05:00 - 09/08/2023 06:00","BZN|BG","3065.65","3126.00"
"09/08/2023 06:00 - 09/08/2023 07:00","BZN|BG","3338.02","3346.00"
"09/08/2023 07:00 - 09/08/2023 08:00","BZN|BG","3572.30","3575.00"
"09/08/2023 08:00 - 09/08/2023 09:00","BZN|BG","3639.48","3722.00"
"09/08/2023 09:00 - 09/08/2023 10:00","BZN|BG","3618.90","3878.00"
"09/08/2023 10:00 - 09/08/2023 11:00","BZN|BG","3653.83","3974.00"
"09/08/2023 11:00 - 09/08/2023 12:00","BZN|BG","3642.24","4008.00"
"09/08/2023 12:00 - 09/08/2023 13:00","BZN|BG","3718.77","4070.00"
"09/08/2023 13:00 - 09/08/2023 14:00","BZN|BG","3694.83","4057.00"
"09/08/2023 14:00 - 09/08/2023 15:00","BZN|BG","3709.86","4093.00"
"09/08/2023 15:00 - 09/08/2023 16:00","BZN|BG","3733.51","4105.00"
"09/08/2023 16:00 - 09/08/2023 17:00","BZN|BG","3773.46","4109.00"
"09/08/2023 17:00 - 09/08/2023 18:00","BZN|BG","3889.78","4243.00"
"09/08/2023 18:00 - 09/08/2023 19:00","BZN|BG","4012.72","4247.00"
"09/08/2023 19:00 - 09/08/2023 20:00","BZN|BG","3956.54","4160.00"
"09/08/2023 20:00 - 09/08/2023 21:00","BZN|BG","3955.88","4122.00"
"09/08/2023 21:00 - 09/08/2023 22:00","BZN|BG","3727.24","3906.00"
"09/08/2023 22:00 - 09/08/2023 23:00","BZN|BG","3482.25","3644.00"
"09/08/2023 23:00 - 10/08/2023 00:00","BZN|BG","3176.58","3137.00"
"10/08/2023 00:00 - 10/08/2023 01:00","BZN|BG","2957.30","2947.00"
"10/08/2023 01:00 - 10/08/2023 02:00","BZN|BG","2857.96","2853.00"
"10/08/2023 02:00 - 10/08/2023 03:00","BZN|BG","2798.02","2790.00"
"10/08/2023 03:00 - 10/08/2023 04:00","BZN|BG","2803.05","2795.00"
"10/08/2023 04:00 - 10/08/2023 05:00","BZN|BG","2885.11","2851.00"
"10/08/2023 05:00 - 10/08/2023 06:00","BZN|BG","3094.15","3002.00"
"10/08/2023 06:00 - 10/08/2023 07:00","BZN|BG","3387.31","3225.00"
"10/08/2023 07:00 - 10/08/2023 08:00","BZN|BG","3628.38","3443.00"
"10/08/2023 08:00 - 10/08/2023 09:00","BZN|BG","3738.76","3552.00"
"10/08/2023 09:00 - 10/08/2023 10:00","BZN|BG","3742.28","3616.00"
"10/08/2023 10:00 - 10/08/2023 11:00","BZN|BG","3793.58","3719.00"
"10/08/2023 11:00 - 10/08/2023 12:00","BZN|BG","3794.74","3736.00"
"10/08/2023 12:00 - 10/08/2023 13:00","BZN|BG","3809.36","3792.00"
"10/08/2023 13:00 - 10/08/2023 14:00","BZN|BG","3748.20","3712.00"
"10/08/2023 14:00 - 10/08/2023 15:00","BZN|BG","3767.23","3784.00"
"10/08/2023 15:00 - 10/08/2023 16:00","BZN|BG","3794.09","3808.00"
"10/08/2023 16:00 - 10/08/2023 17:00","BZN|BG","3784.14","3805.00"
"10/08/2023 17:00 - 10/08/2023 18:00","BZN|BG","3873.18","3890.00"
"10/08/2023 18:00 - 10/08/2023 19:00","BZN|BG","3918.51","3902.00"
"10/08/2023 19:00 - 10/08/2023 20:00","BZN|BG","3911.60","3851.00"
"10/08/2023 20:00 - 10/08/2023 21:00","BZN|BG","3858.47","3826.00"
"10/08/2023 21:00 - 10/08/2023 22:00","BZN|BG","3662.20","3673.00"
"10/08/2023 22:00 - 10/08/2023 23:00","BZN|BG","3416.26","3481.00"
"10/08/2023 23:00 - 11/08/2023 00:00","BZN|BG","2928.94","3124.00"
"11/08/2023 00:00 - 11/08/2023 01:00","BZN|BG","2719.51","2955.00"
"11/08/2023 01:00 - 11/08/2023 02:00","BZN|BG","2614.84","2864.00"
"11/08/2023 02:00 - 11/08/2023 03:00","BZN|BG","2567.17","2806.00"
"11/08/2023 03:00 - 11/08/2023 04:00","BZN|BG","2565.64","2812.00"
"11/08/2023 04:00 - 11/08/2023 05:00","BZN|BG","2680.57","2869.00"
"11/08/2023 05:00 - 11/08/2023 06:00","BZN|BG","2874.12","3018.00"
"11/08/2023 06:00 - 11/08/2023 07:00","BZN|BG","3083.47","3239.00"
"11/08/2023 07:00 - 11/08/2023 08:00","BZN|BG","3263.15","3445.00"
"11/08/2023 08:00 - 11/08/2023 09:00","BZN|BG","3161.95","3545.00"
"11/08/2023 09:00 - 11/08/2023 10:00","BZN|BG","2953.23","3593.00"
"11/08/2023 10:00 - 11/08/2023 11:00","BZN|BG","2878.83","3687.00"
"11/08/2023 11:00 - 11/08/2023 12:00","BZN|BG","2876.41","3700.00"
"11/08/2023 12:00 - 11/08/2023 13:00","BZN|BG","2987.31","3747.00"
"11/08/2023 13:00 - 11/08/2023 14:00","BZN|BG","3060.89","3665.00"
"11/08/2023 14:00 - 11/08/2023 15:00","BZN|BG","3197.46","3752.00"
"11/08/2023 15:00 - 11/08/2023 16:00","BZN|BG","3272.01","3842.00"
"11/08/2023 16:00 - 11/08/2023 17:00","BZN|BG","3450.39","3849.00"
"11/08/2023 17:00 - 11/08/2023 18:00","BZN|BG","3652.42","4011.00"
"11/08/2023 18:00 - 11/08/2023 19:00","BZN|BG","3792.63","4026.00"
"11/08/2023 19:00 - 11/08/2023 20:00","BZN|BG","3819.67","3969.00"
"11/08/2023 20:00 - 11/08/2023 21:00","BZN|BG","3774.05","3942.00"
"11/08/2023 21:00 - 11/08/2023 22:00","BZN|BG","3587.69","3744.00"
"11/08/2023 22:00 - 11/08/2023 23:00","BZN|BG","3389.24","3509.00"
"11/08/2023 23:00 - 12/08/2023 00:00","BZN|BG","3093.77","3113.00"
"12/08/2023 00:00 - 12/08/2023 01:00","BZN|BG","2836.73","2924.00"
"12/08/2023 01:00 - 12/08/2023 02:00","BZN|BG","2672.34","2811.00"
"12/08/2023 02:00 - 12/08/2023 03:00","BZN|BG","2618.27","2746.00"
"12/08/2023 03:00 - 12/08/2023 04:00","BZN|BG","2585.61","2713.00"
"12/08/2023 04:00 - 12/08/2023 05:00","BZN|BG","2627.39","2701.00"
"12/08/2023 05:00 - 12/08/2023 06:00","BZN|BG","2685.44","2717.00"
"12/08/2023 06:00 - 12/08/2023 07:00","BZN|BG","2848.62","2850.00"
"12/08/2023 07:00 - 12/08/2023 08:00","BZN|BG","2981.08","3044.00"
"12/08/2023 08:00 - 12/08/2023 09:00","BZN|BG","2965.02","3202.00"
"12/08/2023 09:00 - 12/08/2023 10:00","BZN|BG","2816.81","3316.00"
"12/08/2023 10:00 - 12/08/2023 11:00","BZN|BG","2756.18","3413.00"
"12/08/2023 11:00 - 12/08/2023 12:00","BZN|BG","2736.62","3474.00"
"12/08/2023 12:00 - 12/08/2023 13:00","BZN|BG","2734.56","3504.00"
"12/08/2023 13:00 - 12/08/2023 14:00","BZN|BG","2749.15","3475.00"
"12/08/2023 14:00 - 12/08/2023 15:00","BZN|BG","2850.96","3502.00"
"12/08/2023 15:00 - 12/08/2023 16:00","BZN|BG","3058.51","3582.00"
"12/08/2023 16:00 - 12/08/2023 17:00","BZN|BG","3267.97","3708.00"
"12/08/2023 17:00 - 12/08/2023 18:00","BZN|BG","3695.03","3825.00"
"12/08/2023 18:00 - 12/08/2023 19:00","BZN|BG","3732.61","3830.00"
"12/08/2023 19:00 - 12/08/2023 20:00","BZN|BG","3732.83","3760.00"
"12/08/2023 20:00 - 12/08/2023 21:00","BZN|BG","3697.92","3715.00"
"12/08/2023 21:00 - 12/08/2023 22:00","BZN|BG","3506.91","3516.00"
"12/08/2023 22:00 - 12/08/2023 23:00","BZN|BG","3331.06","3366.00"
"12/08/2023 23:00 - 13/08/2023 00:00","BZN|BG","3084.67","3027.00"
"13/08/2023 00:00 - 13/08/2023 01:00","BZN|BG","2881.92","2861.00"
"13/08/2023 01:00 - 13/08/2023 02:00","BZN|BG","2756.38","2754.00"
"13/08/2023 02:00 - 13/08/2023 03:00","BZN|BG","2687.59","2692.00"
"13/08/2023 03:00 - 13/08/2023 04:00","BZN|BG","2666.93","2658.00"
"13/08/2023 04:00 - 13/08/2023 05:00","BZN|BG","2693.60","2664.00"
"13/08/2023 05:00 - 13/08/2023 06:00","BZN|BG","2729.74","2686.00"
"13/08/2023 06:00 - 13/08/2023 07:00","BZN|BG","2919.21","2840.00"
"13/08/2023 07:00 - 13/08/2023 08:00","BZN|BG","3175.32","3092.00"
"13/08/2023 08:00 - 13/08/2023 09:00","BZN|BG","3383.25","3343.00"
"13/08/2023 09:00 - 13/08/2023 10:00","BZN|BG","3476.36","3471.00"
"13/08/2023 10:00 - 13/08/2023 11:00","BZN|BG","3550.84","3563.00"
"13/08/2023 11:00 - 13/08/2023 12:00","BZN|BG","3585.68","3567.00"
"13/08/2023 12:00 - 13/08/2023 13:00","BZN|BG","3546.39","3555.00"
"13/08/2023 13:00 - 13/08/2023 14:00","BZN|BG","3485.19","3493.00"
"13/08/2023 14:00 - 13/08/2023 15:00","BZN|BG","3493.66","3485.00"
"13/08/2023 15:00 - 13/08/2023 16:00","BZN|BG","3560.18","3539.00"
"13/08/2023 16:00 - 13/08/2023 17:00","BZN|BG","3684.18","3680.00"
"13/08/2023 17:00 - 13/08/2023 18:00","BZN|BG","3769.42","3777.00"
"13/08/2023 18:00 - 13/08/2023 19:00","BZN|BG","3810.04","3850.00"
"13/08/2023 19:00 - 13/08/2023 20:00","BZN|BG","3875.41","3800.00"
"13/08/2023 20:00 - 13/08/2023 21:00","BZN|BG","3846.77","3652.00"
"13/08/2023 21:00 - 13/08/2023 22:00","BZN|BG","3641.51","3520.00"
"13/08/2023 22:00 - 13/08/2023 23:00","BZN|BG","3420.73","3400.00"
"13/08/2023 23:00 - 14/08/2023 00:00","BZN|BG","3116.72","3111.00"
"14/08/2023 00:00 - 14/08/2023 01:00","BZN|BG","2899.18","2910.00"
"14/08/2023 01:00 - 14/08/2023 02:00","BZN|BG","2778.16","2804.00"
"14/08/2023 02:00 - 14/08/2023 03:00","BZN|BG","2722.29","2758.00"
"14/08/2023 03:00 - 14/08/2023 04:00","BZN|BG","2728.05","2755.00"
"14/08/2023 04:00 - 14/08/2023 05:00","BZN|BG","2827.82","2853.00"
"14/08/2023 05:00 - 14/08/2023 06:00","BZN|BG","3073.98","3096.00"
"14/08/2023 06:00 - 14/08/2023 07:00","BZN|BG","3359.41","3412.00"
"14/08/2023 07:00 - 14/08/2023 08:00","BZN|BG","3637.25","3681.00"
"14/08/2023 08:00 - 14/08/2023 09:00","BZN|BG","3806.67","3789.00"
"14/08/2023 09:00 - 14/08/2023 10:00","BZN|BG","3840.91","3799.00"
"14/08/2023 10:00 - 14/08/2023 11:00","BZN|BG","3883.68","3883.00"
"14/08/2023 11:00 - 14/08/2023 12:00","BZN|BG","3912.53","3894.00"
"14/08/2023 12:00 - 14/08/2023 13:00","BZN|BG","3968.14","3976.00"
"14/08/2023 13:00 - 14/08/2023 14:00","BZN|BG","3948.98","3927.00"
"14/08/2023 14:00 - 14/08/2023 15:00","BZN|BG","3961.92","3940.00"
"14/08/2023 15:00 - 14/08/2023 16:00","BZN|BG","3976.72","4023.00"
"14/08/2023 16:00 - 14/08/2023 17:00","BZN|BG","3980.75","4054.00"
"14/08/2023 17:00 - 14/08/2023 18:00","BZN|BG","4050.54","4151.00"
"14/08/2023 18:00 - 14/08/2023 19:00","BZN|BG","4073.09","4177.00"
"14/08/2023 19:00 - 14/08/2023 20:00","BZN|BG","4073.24","4140.00"
"14/08/2023 20:00 - 14/08/2023 21:00","BZN|BG","4013.69","4101.00"
"14/08/2023 21:00 - 14/08/2023 22:00","BZN|BG","3787.18","3861.00"
"14/08/2023 22:00 - 14/08/2023 23:00","BZN|BG","3527.11","3611.00"
"14/08/2023 23:00 - 15/08/2023 00:00","BZN|BG","3229.62","3241.00"
"15/08/2023 00:00 - 15/08/2023 01:00","BZN|BG","3034.82","3029.00"
"15/08/2023 01:00 - 15/08/2023 02:00","BZN|BG","2917.99","2934.00"
"15/08/2023 02:00 - 15/08/2023 03:00","BZN|BG","2869.53","2860.00"
"15/08/2023 03:00 - 15/08/2023 04:00","BZN|BG","2881.30","2878.00"
"15/08/2023 04:00 - 15/08/2023 05:00","BZN|BG","2959.45","2958.00"
"15/08/2023 05:00 - 15/08/2023 06:00","BZN|BG","3171.37","3179.00"
"15/08/2023 06:00 - 15/08/2023 07:00","BZN|BG","3470.33","3492.00"
"15/08/2023 07:00 - 15/08/2023 08:00","BZN|BG","3795.09","3769.00"
"15/08/2023 08:00 - 15/08/2023 09:00","BZN|BG","3953.16","3878.00"
"15/08/2023 09:00 - 15/08/2023 10:00","BZN|BG","3968.84","3919.00"
"15/08/2023 10:00 - 15/08/2023 11:00","BZN|BG","4031.54","4013.00"
"15/08/2023 11:00 - 15/08/2023 12:00","BZN|BG","4008.91","4011.00"
"15/08/2023 12:00 - 15/08/2023 13:00","BZN|BG","4060.29","4039.00"
"15/08/2023 13:00 - 15/08/2023 14:00","BZN|BG","4003.51","3961.00"
"15/08/2023 14:00 - 15/08/2023 15:00","BZN|BG","4011.15","3972.00"
"15/08/2023 15:00 - 15/08/2023 16:00","BZN|BG","4020.93","3978.00"
"15/08/2023 16:00 - 15/08/2023 17:00","BZN|BG","4012.60","4016.00"
"15/08/2023 17:00 - 15/08/2023 18:00","BZN|BG","4079.85","4125.00"
"15/08/2023 18:00 - 15/08/2023 19:00","BZN|BG","4047.59","4200.00"
"15/08/2023 19:00 - 15/08/2023 20:00","BZN|BG","4034.58","4156.00"
"15/08/2023 20:00 - 15/08/2023 21:00","BZN|BG","3987.99","4119.00"
"15/08/2023 21:00 - 15/08/2023 22:00","BZN|BG","3788.22","3877.00"
"15/08/2023 22:00 - 15/08/2023 23:00","BZN|BG","3581.23","3609.00"
"15/08/2023 23:00 - 16/08/2023 00:00","BZN|BG","3297.71","3254.00"
"16/08/2023 00:00 - 16/08/2023 01:00","BZN|BG","3097.26","3050.00"
"16/08/2023 01:00 - 16/08/2023 02:00","BZN|BG","2974.87","2958.00"
"16/08/2023 02:00 - 16/08/2023 03:00","BZN|BG","2923.74","2890.00"
"16/08/2023 03:00 - 16/08/2023 04:00","BZN|BG","2907.00","2913.00"
"16/08/2023 04:00 - 16/08/2023 05:00","BZN|BG","3002.24","3006.00"
"16/08/2023 05:00 - 16/08/2023 06:00","BZN|BG","3206.93","3198.00"
"16/08/2023 06:00 - 16/08/2023 07:00","BZN|BG","3496.34","3487.00"
"16/08/2023 07:00 - 16/08/2023 08:00","BZN|BG","3818.53","3739.00"
"16/08/2023 08:00 - 16/08/2023 09:00","BZN|BG","3966.69","3788.00"
"16/08/2023 09:00 - 16/08/2023 10:00","BZN|BG","4003.91","3778.00"
"16/08/2023 10:00 - 16/08/2023 11:00","BZN|BG","4073.48","3852.00"
"16/08/2023 11:00 - 16/08/2023 12:00","BZN|BG","4083.81","3831.00"
"16/08/2023 12:00 - 16/08/2023 13:00","BZN|BG","4130.17","3874.00"
"16/08/2023 13:00 - 16/08/2023 14:00","BZN|BG","4127.26","3795.00"
"16/08/2023 14:00 - 16/08/2023 15:00","BZN|BG","4121.67","3898.00"
"16/08/2023 15:00 - 16/08/2023 16:00","BZN|BG","4110.27","3939.00"
"16/08/2023 16:00 - 16/08/2023 17:00","BZN|BG","4147.91","3963.00"
"16/08/2023 17:00 - 16/08/2023 18:00","BZN|BG","4224.21","4132.00"
"16/08/2023 18:00 - 16/08/2023 19:00","BZN|BG","4245.45","4253.00"
"16/08/2023 19:00 - 16/08/2023 20:00","BZN|BG","4260.90","4233.00"
"16/08/2023 20:00 - 16/08/2023 21:00","BZN|BG","4198.05","4195.00"
"16/08/2023 21:00 - 16/08/2023 22:00","BZN|BG","3939.20","3930.00"
"16/08/2023 22:00 - 16/08/2023 23:00","BZN|BG","3681.49","3614.00"
"16/08/2023 23:00 - 17/08/2023 00:00","BZN|BG","3378.00","3359.00"
"17/08/2023 00:00 - 17/08/2023 01:00","BZN|BG","3148.41","3131.00"
"17/08/2023 01:00 - 17/08/2023 02:00","BZN|BG","3004.02","3010.00"
"17/08/2023 02:00 - 17/08/2023 03:00","BZN|BG","2934.90","2950.00"
"17/08/2023 03:00 - 17/08/2023 04:00","BZN|BG","2919.78","2968.00"
"17/08/2023 04:00 - 17/08/2023 05:00","BZN|BG","3009.10","3049.00"
"17/08/2023 05:00 - 17/08/2023 06:00","BZN|BG","3222.53","3273.00"
"17/08/2023 06:00 - 17/08/2023 07:00","BZN|BG","3533.66","3562.00"
"17/08/2023 07:00 - 17/08/2023 08:00","BZN|BG","3821.05","3818.00"
"17/08/2023 08:00 - 17/08/2023 09:00","BZN|BG","3986.97","3881.00"
"17/08/2023 09:00 - 17/08/2023 10:00","BZN|BG","4044.83","3864.00"
"17/08/2023 10:00 - 17/08/2023 11:00","BZN|BG","4125.13","3983.00"
"17/08/2023 11:00 - 17/08/2023 12:00","BZN|BG","4155.70","3908.00"
"17/08/2023 12:00 - 17/08/2023 13:00","BZN|BG","4230.63","3963.00"
"17/08/2023 13:00 - 17/08/2023 14:00","BZN|BG","4228.57","3868.00"
"17/08/2023 14:00 - 17/08/2023 15:00","BZN|BG","4257.51","3979.00"
"17/08/2023 15:00 - 17/08/2023 16:00","BZN|BG","4273.37","4017.00"
"17/08/2023 16:00 - 17/08/2023 17:00","BZN|BG","4272.29","4029.00"
"17/08/2023 17:00 - 17/08/2023 18:00","BZN|BG","4358.53","4118.00"
"17/08/2023 18:00 - 17/08/2023 19:00","BZN|BG","4373.56","4188.00"
"17/08/2023 19:00 - 17/08/2023 20:00","BZN|BG","4334.23","4181.00"
"17/08/2023 20:00 - 17/08/2023 21:00","BZN|BG","4241.80","4131.00"
"17/08/2023 21:00 - 17/08/2023 22:00","BZN|BG","3988.02","3893.00"
"17/08/2023 22:00 - 17/08/2023 23:00","BZN|BG","3712.97","3662.00"
"17/08/2023 23:00 - 18/08/2023 00:00","BZN|BG","3412.48","3473.00"
"18/08/2023 00:00 - 18/08/2023 01:00","BZN|BG","3179.79","3194.00"
"18/08/2023 01:00 - 18/08/2023 02:00","BZN|BG","3047.24","3069.00"
"18/08/2023 02:00 - 18/08/2023 03:00","BZN|BG","2988.25","3001.00"
"18/08/2023 03:00 - 18/08/2023 04:00","BZN|BG","2981.12","3017.00"
"18/08/2023 04:00 - 18/08/2023 05:00","BZN|BG","3047.72","3075.00"
"18/08/2023 05:00 - 18/08/2023 06:00","BZN|BG","3238.88","3314.00"
"18/08/2023 06:00 - 18/08/2023 07:00","BZN|BG","3528.70","3690.00"
"18/08/2023 07:00 - 18/08/2023 08:00","BZN|BG","3851.48","4059.00"
"18/08/2023 08:00 - 18/08/2023 09:00","BZN|BG","4000.98","4141.00"
"18/08/2023 09:00 - 18/08/2023 10:00","BZN|BG","4058.36","4133.00"
"18/08/2023 10:00 - 18/08/2023 11:00","BZN|BG","4156.46","4250.00"
"18/08/2023 11:00 - 18/08/2023 12:00","BZN|BG","4206.68","4219.00"
"18/08/2023 12:00 - 18/08/2023 13:00","BZN|BG","4256.16","4273.00"
"18/08/2023 13:00 - 18/08/2023 14:00","BZN|BG","4219.12","4237.00"
"18/08/2023 14:00 - 18/08/2023 15:00","BZN|BG","4237.17","4248.00"
"18/08/2023 15:00 - 18/08/2023 16:00","BZN|BG","4287.87","4252.00"
"18/08/2023 16:00 - 18/08/2023 17:00","BZN|BG","4258.95","4254.00"
"18/08/2023 17:00 - 18/08/2023 18:00","BZN|BG","4305.74","4265.00"
"18/08/2023 18:00 - 18/08/2023 19:00","BZN|BG","4290.79","4272.00"
"18/08/2023 19:00 - 18/08/2023 20:00","BZN|BG","4255.80","4268.00"
"18/08/2023 20:00 - 18/08/2023 21:00","BZN|BG","4139.21","4210.00"
"18/08/2023 21:00 - 18/08/2023 22:00","BZN|BG","3897.79","3951.00"
"18/08/2023 22:00 - 18/08/2023 23:00","BZN|BG","3681.86","3689.00"
"18/08/2023 23:00 - 19/08/2023 00:00","BZN|BG","3375.34","3403.00"
"19/08/2023 00:00 - 19/08/2023 01:00","BZN|BG","3161.45","3225.00"
"19/08/2023 01:00 - 19/08/2023 02:00","BZN|BG","3025.62","3111.00"
"19/08/2023 02:00 - 19/08/2023 03:00","BZN|BG","2934.83","3066.00"
"19/08/2023 03:00 - 19/08/2023 04:00","BZN|BG","2905.97","3053.00"
"19/08/2023 04:00 - 19/08/2023 05:00","BZN|BG","2912.58","3086.00"
"19/08/2023 05:00 - 19/08/2023 06:00","BZN|BG","2975.44","3167.00"
"19/08/2023 06:00 - 19/08/2023 07:00","BZN|BG","3166.53","3382.00"
"19/08/2023 07:00 - 19/08/2023 08:00","BZN|BG","3473.77","3668.00"
"19/08/2023 08:00 - 19/08/2023 09:00","BZN|BG","3687.46","3853.00"
"19/08/2023 09:00 - 19/08/2023 10:00","BZN|BG","3797.08","3872.00"
"19/08/2023 10:00 - 19/08/2023 11:00","BZN|BG","3858.64","3904.00"
"19/08/2023 11:00 - 19/08/2023 12:00","BZN|BG","3893.24","3909.00"
"19/08/2023 12:00 - 19/08/2023 13:00","BZN|BG","3909.23","3905.00"
"19/08/2023 13:00 - 19/08/2023 14:00","BZN|BG","3878.85","3897.00"
"19/08/2023 14:00 - 19/08/2023 15:00","BZN|BG","3883.30","3914.00"
"19/08/2023 15:00 - 19/08/2023 16:00","BZN|BG","3943.14","3986.00"
"19/08/2023 16:00 - 19/08/2023 17:00","BZN|BG","4008.07","4034.00"
"19/08/2023 17:00 - 19/08/2023 18:00","BZN|BG","4064.75","4090.00"
"19/08/2023 18:00 - 19/08/2023 19:00","BZN|BG","4037.98","4114.00"
"19/08/2023 19:00 - 19/08/2023 20:00","BZN|BG","4040.33","4114.00"
"19/08/2023 20:00 - 19/08/2023 21:00","BZN|BG","3933.54","4067.00"
"19/08/2023 21:00 - 19/08/2023 22:00","BZN|BG","3713.45","3810.00"
"19/08/2023 22:00 - 19/08/2023 23:00","BZN|BG","3532.14","3574.00"
"19/08/2023 23:00 - 20/08/2023 00:00","BZN|BG","3285.15","3265.00"
"20/08/2023 00:00 - 20/08/2023 01:00","BZN|BG","3070.45","3068.00"
"20/08/2023 01:00 - 20/08/2023 02:00","BZN|BG","2925.69","2947.00"
"20/08/2023 02:00 - 20/08/2023 03:00","BZN|BG","2861.77","2880.00"
"20/08/2023 03:00 - 20/08/2023 04:00","BZN|BG","2826.45","2860.00"
"20/08/2023 04:00 - 20/08/2023 05:00","BZN|BG","2842.90","2888.00"
"20/08/2023 05:00 - 20/08/2023 06:00","BZN|BG","2883.17","2926.00"
"20/08/2023 06:00 - 20/08/2023 07:00","BZN|BG","3046.05","3124.00"
"20/08/2023 07:00 - 20/08/2023 08:00","BZN|BG","3306.13","3393.00"
"20/08/2023 08:00 - 20/08/2023 09:00","BZN|BG","3551.64","3611.00"
"20/08/2023 09:00 - 20/08/2023 10:00","BZN|BG","3686.92","3709.00"
"20/08/2023 10:00 - 20/08/2023 11:00","BZN|BG","3811.67","3787.00"
"20/08/2023 11:00 - 20/08/2023 12:00","BZN|BG","3876.45","3823.00"
"20/08/2023 12:00 - 20/08/2023 13:00","BZN|BG","3897.07","3807.00"
"20/08/2023 13:00 - 20/08/2023 14:00","BZN|BG","3885.73","3783.00"
"20/08/2023 14:00 - 20/08/2023 15:00","BZN|BG","3913.33","3794.00"
"20/08/2023 15:00 - 20/08/2023 16:00","BZN|BG","3998.91","3879.00"
"20/08/2023 16:00 - 20/08/2023 17:00","BZN|BG","4117.78","4038.00"
"20/08/2023 17:00 - 20/08/2023 18:00","BZN|BG","4229.07","4148.00"
"20/08/2023 18:00 - 20/08/2023 19:00","BZN|BG","4253.43","4200.00"
"20/08/2023 19:00 - 20/08/2023 20:00","BZN|BG","4278.93","4284.00"
"20/08/2023 20:00 - 20/08/2023 21:00","BZN|BG","4208.67","4243.00"
"20/08/2023 21:00 - 20/08/2023 22:00","BZN|BG","3973.50","3952.00"
"20/08/2023 22:00 - 20/08/2023 23:00","BZN|BG","3680.94","3638.00"
"20/08/2023 23:00 - 21/08/2023 00:00","BZN|BG","3368.58","3374.00"
"21/08/2023 00:00 - 21/08/2023 01:00","BZN|BG","3113.34","3133.00"
"21/08/2023 01:00 - 21/08/2023 02:00","BZN|BG","2983.24","2999.00"
"21/08/2023 02:00 - 21/08/2023 03:00","BZN|BG","2917.93","2937.00"
"21/08/2023 03:00 - 21/08/2023 04:00","BZN|BG","2913.87","2944.00"
"21/08/2023 04:00 - 21/08/2023 05:00","BZN|BG","2997.02","3056.00"
"21/08/2023 05:00 - 21/08/2023 06:00","BZN|BG","3257.61","3334.00"
"21/08/2023 06:00 - 21/08/2023 07:00","BZN|BG","3554.66","3655.00"
"21/08/2023 07:00 - 21/08/2023 08:00","BZN|BG","3894.03","3968.00"
"21/08/2023 08:00 - 21/08/2023 09:00","BZN|BG","4108.92","4159.00"
"21/08/2023 09:00 - 21/08/2023 10:00","BZN|BG","4224.35","4198.00"
"21/08/2023 10:00 - 21/08/2023 11:00","BZN|BG","4361.36","4246.00"
"21/08/2023 11:00 - 21/08/2023 12:00","BZN|BG","4446.20","4279.00"
"21/08/2023 12:00 - 21/08/2023 13:00","BZN|BG","4593.49","4341.00"
"21/08/2023 13:00 - 21/08/2023 14:00","BZN|BG","4568.67","4319.00"
"21/08/2023 14:00 - 21/08/2023 15:00","BZN|BG","4590.16","4336.00"
"21/08/2023 15:00 - 21/08/2023 16:00","BZN|BG","4590.30","4355.00"
"21/08/2023 16:00 - 21/08/2023 17:00","BZN|BG","4558.73","4360.00"
"21/08/2023 17:00 - 21/08/2023 18:00","BZN|BG","4618.22","4450.00"
"21/08/2023 18:00 - 21/08/2023 19:00","BZN|BG","4609.85","4479.00"
"21/08/2023 19:00 - 21/08/2023 20:00","BZN|BG","4571.80","4479.00"
"21/08/2023 20:00 - 21/08/2023 21:00","BZN|BG","4435.36","4409.00"
"21/08/2023 21:00 - 21/08/2023 22:00","BZN|BG","4142.12","4139.00"
"21/08/2023 22:00 - 21/08/2023 23:00","BZN|BG","3836.79","3829.00"
"21/08/2023 23:00 - 22/08/2023 00:00","BZN|BG","3493.70","3515.00"
"22/08/2023 00:00 - 22/08/2023 01:00","BZN|BG","3247.90","3298.00"
"22/08/2023 01:00 - 22/08/2023 02:00","BZN|BG","3117.56","3163.00"
"22/08/2023 02:00 - 22/08/2023 03:00","BZN|BG","3057.10","3111.00"
"22/08/2023 03:00 - 22/08/2023 04:00","BZN|BG","3043.88","3121.00"
"22/08/2023 04:00 - 22/08/2023 05:00","BZN|BG","3130.34","3204.00"
"22/08/2023 05:00 - 22/08/2023 06:00","BZN|BG","3349.53","3434.00"
"22/08/2023 06:00 - 22/08/2023 07:00","BZN|BG","3654.29","3768.00"
"22/08/2023 07:00 - 22/08/2023 08:00","BZN|BG","4017.37","4077.00"
"22/08/2023 08:00 - 22/08/2023 09:00","BZN|BG","4239.31","4285.00"
"22/08/2023 09:00 - 22/08/2023 10:00","BZN|BG","4321.78","4320.00"
"22/08/2023 10:00 - 22/08/2023 11:00","BZN|BG","4489.55","4403.00"
"22/08/2023 11:00 - 22/08/2023 12:00","BZN|BG","4577.30","4382.00"
"22/08/2023 12:00 - 22/08/2023 13:00","BZN|BG","4671.46","4452.00"
"22/08/2023 13:00 - 22/08/2023 14:00","BZN|BG","4663.85","4389.00"
"22/08/2023 14:00 - 22/08/2023 15:00","BZN|BG","4684.45","4406.00"
"22/08/2023 15:00 - 22/08/2023 16:00","BZN|BG","4651.11","4401.00"
"22/08/2023 16:00 - 22/08/2023 17:00","BZN|BG","4645.47","4405.00"
"22/08/2023 17:00 - 22/08/2023 18:00","BZN|BG","4714.34","4578.00"
"22/08/2023 18:00 - 22/08/2023 19:00","BZN|BG","4736.81","4608.00"
"22/08/2023 19:00 - 22/08/2023 20:00","BZN|BG","4744.38","4604.00"
"22/08/2023 20:00 - 22/08/2023 21:00","BZN|BG","4605.25","4504.00"
"22/08/2023 21:00 - 22/08/2023 22:00","BZN|BG","4285.64","4200.00"
"22/08/2023 22:00 - 22/08/2023 23:00","BZN|BG","3972.87","3875.00"
"22/08/2023 23:00 - 23/08/2023 00:00","BZN|BG","3618.96","3550.00"
"23/08/2023 00:00 - 23/08/2023 01:00","BZN|BG","3373.61","3306.00"
"23/08/2023 01:00 - 23/08/2023 02:00","BZN|BG","3220.63","3159.00"
"23/08/2023 02:00 - 23/08/2023 03:00","BZN|BG","3144.70","3095.00"
"23/08/2023 03:00 - 23/08/2023 04:00","BZN|BG","3114.62","3087.00"
"23/08/2023 04:00 - 23/08/2023 05:00","BZN|BG","3203.58","3188.00"
"23/08/2023 05:00 - 23/08/2023 06:00","BZN|BG","3405.95","3439.00"
"23/08/2023 06:00 - 23/08/2023 07:00","BZN|BG","3704.53","3803.00"
"23/08/2023 07:00 - 23/08/2023 08:00","BZN|BG","4062.77","4188.00"
"23/08/2023 08:00 - 23/08/2023 09:00","BZN|BG","4239.49","4378.00"
"23/08/2023 09:00 - 23/08/2023 10:00","BZN|BG","4334.77","4429.00"
"23/08/2023 10:00 - 23/08/2023 11:00","BZN|BG","4498.44","4525.00"
"23/08/2023 11:00 - 23/08/2023 12:00","BZN|BG","4605.65","4546.00"
"23/08/2023 12:00 - 23/08/2023 13:00","BZN|BG","4710.75","4614.00"
"23/08/2023 13:00 - 23/08/2023 14:00","BZN|BG","4698.23","4611.00"
"23/08/2023 14:00 - 23/08/2023 15:00","BZN|BG","4680.59","4617.00"
"23/08/2023 15:00 - 23/08/2023 16:00","BZN|BG","4703.70","4625.00"
"23/08/2023 16:00 - 23/08/2023 17:00","BZN|BG","4687.35","4625.00"
"23/08/2023 17:00 - 23/08/2023 18:00","BZN|BG","4750.24","4660.00"
"23/08/2023 18:00 - 23/08/2023 19:00","BZN|BG","4743.44","4656.00"
"23/08/2023 19:00 - 23/08/2023 20:00","BZN|BG","4707.61","4632.00"
"23/08/2023 20:00 - 23/08/2023 21:00","BZN|BG","4541.75","4522.00"
"23/08/2023 21:00 - 23/08/2023 22:00","BZN|BG","4235.89","4194.00"
"23/08/2023 22:00 - 23/08/2023 23:00","BZN|BG","3914.83","3865.00"
"23/08/2023 23:00 - 24/08/2023 00:00","BZN|BG","3591.80","3610.00"
"24/08/2023 00:00 - 24/08/2023 01:00","BZN|BG","3345.40","3361.00"
"24/08/2023 01:00 - 24/08/2023 02:00","BZN|BG","3227.07","3190.00"
"24/08/2023 02:00 - 24/08/2023 03:00","BZN|BG","3147.95","3135.00"
"24/08/2023 03:00 - 24/08/2023 04:00","BZN|BG","3130.50","3111.00"
"24/08/2023 04:00 - 24/08/2023 05:00","BZN|BG","3206.92","3198.00"
"24/08/2023 05:00 - 24/08/2023 06:00","BZN|BG","3441.87","3443.00"
"24/08/2023 06:00 - 24/08/2023 07:00","BZN|BG","3699.36","3805.00"
"24/08/2023 07:00 - 24/08/2023 08:00","BZN|BG","4071.97","4178.00"
"24/08/2023 08:00 - 24/08/2023 09:00","BZN|BG","4261.16","4395.00"
"24/08/2023 09:00 - 24/08/2023 10:00","BZN|BG","4325.16","4439.00"
"24/08/2023 10:00 - 24/08/2023 11:00","BZN|BG","4433.16","4554.00"
"24/08/2023 11:00 - 24/08/2023 12:00","BZN|BG","4528.81","4607.00"
"24/08/2023 12:00 - 24/08/2023 13:00","BZN|BG","4655.65","4674.00"
"24/08/2023 13:00 - 24/08/2023 14:00","BZN|BG","4631.32","4584.00"
"24/08/2023 14:00 - 24/08/2023 15:00","BZN|BG","4608.23","4584.00"
"24/08/2023 15:00 - 24/08/2023 16:00","BZN|BG","4594.44","4584.00"
"24/08/2023 16:00 - 24/08/2023 17:00","BZN|BG","4528.21","4584.00"
"24/08/2023 17:00 - 24/08/2023 18:00","BZN|BG","4557.73","4702.00"
"24/08/2023 18:00 - 24/08/2023 19:00","BZN|BG","4526.52","4741.00"
"24/08/2023 19:00 - 24/08/2023 20:00","BZN|BG","4486.59","4695.00"
"24/08/2023 20:00 - 24/08/2023 21:00","BZN|BG","4306.82","4628.00"
"24/08/2023 21:00 - 24/08/2023 22:00","BZN|BG","4064.41","4322.00"
"24/08/2023 22:00 - 24/08/2023 23:00","BZN|BG","3823.52","4055.00"
"24/08/2023 23:00 - 25/08/2023 00:00","BZN|BG","3503.28","3627.00"
"25/08/2023 00:00 - 25/08/2023 01:00","BZN|BG","3293.84","3375.00"
"25/08/2023 01:00 - 25/08/2023 02:00","BZN|BG","3170.25","3216.00"
"25/08/2023 02:00 - 25/08/2023 03:00","BZN|BG","3101.27","3137.00"
"25/08/2023 03:00 - 25/08/2023 04:00","BZN|BG","3089.23","3127.00"
"25/08/2023 04:00 - 25/08/2023 05:00","BZN|BG","3174.21","3207.00"
"25/08/2023 05:00 - 25/08/2023 06:00","BZN|BG","3385.00","3432.00"
"25/08/2023 06:00 - 25/08/2023 07:00","BZN|BG","3661.21","3756.00"
"25/08/2023 07:00 - 25/08/2023 08:00","BZN|BG","3984.74","4113.00"
"25/08/2023 08:00 - 25/08/2023 09:00","BZN|BG","4159.76","4301.00"
"25/08/2023 09:00 - 25/08/2023 10:00","BZN|BG","4236.69","4364.00"
"25/08/2023 10:00 - 25/08/2023 11:00","BZN|BG","4351.70","4467.00"
"25/08/2023 11:00 - 25/08/2023 12:00","BZN|BG","4424.42","4519.00"
"25/08/2023 12:00 - 25/08/2023 13:00","BZN|BG","4534.03","4597.00"
"25/08/2023 13:00 - 25/08/2023 14:00","BZN|BG","4524.68","4519.00"
"25/08/2023 14:00 - 25/08/2023 15:00","BZN|BG","4559.65","4535.00"
"25/08/2023 15:00 - 25/08/2023 16:00","BZN|BG","4569.97","4546.00"
"25/08/2023 16:00 - 25/08/2023 17:00","BZN|BG","4578.35","4545.00"
"25/08/2023 17:00 - 25/08/2023 18:00","BZN|BG","4644.03","4600.00"
"25/08/2023 18:00 - 25/08/2023 19:00","BZN|BG","4605.50","4608.00"
"25/08/2023 19:00 - 25/08/2023 20:00","BZN|BG","4575.87","4584.00"
"25/08/2023 20:00 - 25/08/2023 21:00","BZN|BG","4413.66","4478.00"
"25/08/2023 21:00 - 25/08/2023 22:00","BZN|BG","4121.65","4197.00"
"25/08/2023 22:00 - 25/08/2023 23:00","BZN|BG","3875.62","3894.00"
"25/08/2023 23:00 - 26/08/2023 00:00","BZN|BG","3566.22","3501.00"
"26/08/2023 00:00 - 26/08/2023 01:00","BZN|BG","3325.24","3296.00"
"26/08/2023 01:00 - 26/08/2023 02:00","BZN|BG","3182.12","3166.00"
"26/08/2023 02:00 - 26/08/2023 03:00","BZN|BG","3107.37","3078.00"
"26/08/2023 03:00 - 26/08/2023 04:00","BZN|BG","3068.97","3051.00"
"26/08/2023 04:00 - 26/08/2023 05:00","BZN|BG","3081.98","3059.00"
"26/08/2023 05:00 - 26/08/2023 06:00","BZN|BG","3142.96","3136.00"
"26/08/2023 06:00 - 26/08/2023 07:00","BZN|BG","3318.81","3372.00"
"26/08/2023 07:00 - 26/08/2023 08:00","BZN|BG","3628.72","3750.00"
"26/08/2023 08:00 - 26/08/2023 09:00","BZN|BG","3854.06","4013.00"
"26/08/2023 09:00 - 26/08/2023 10:00","BZN|BG","3993.07","4148.00"
"26/08/2023 10:00 - 26/08/2023 11:00","BZN|BG","4095.22","4223.00"
"26/08/2023 11:00 - 26/08/2023 12:00","BZN|BG","4176.92","4266.00"
"26/08/2023 12:00 - 26/08/2023 13:00","BZN|BG","4232.71","4286.00"
"26/08/2023 13:00 - 26/08/2023 14:00","BZN|BG","4191.59","4215.00"
"26/08/2023 14:00 - 26/08/2023 15:00","BZN|BG","4187.94","4181.00"
"26/08/2023 15:00 - 26/08/2023 16:00","BZN|BG","4243.31","4212.00"
"26/08/2023 16:00 - 26/08/2023 17:00","BZN|BG","4338.26","4252.00"
"26/08/2023 17:00 - 26/08/2023 18:00","BZN|BG","4376.79","4277.00"
"26/08/2023 18:00 - 26/08/2023 19:00","BZN|BG","4336.60","4290.00"
"26/08/2023 19:00 - 26/08/2023 20:00","BZN|BG","4354.10","4257.00"
"26/08/2023 20:00 - 26/08/2023 21:00","BZN|BG","4191.83","4136.00"
"26/08/2023 21:00 - 26/08/2023 22:00","BZN|BG","3921.41","3887.00"
"26/08/2023 22:00 - 26/08/2023 23:00","BZN|BG","3715.22","3682.00"
"26/08/2023 23:00 - 27/08/2023 00:00","BZN|BG","3456.95","3389.00"
"27/08/2023 00:00 - 27/08/2023 01:00","BZN|BG","3225.03","3194.00"
"27/08/2023 01:00 - 27/08/2023 02:00","BZN|BG","3089.13","3062.00"
"27/08/2023 02:00 - 27/08/2023 03:00","BZN|BG","3023.12","3004.00"
"27/08/2023 03:00 - 27/08/2023 04:00","BZN|BG","2986.81","2972.00"
"27/08/2023 04:00 - 27/08/2023 05:00","BZN|BG","2994.39","2989.00"
"27/08/2023 05:00 - 27/08/2023 06:00","BZN|BG","3041.51","3032.00"
"27/08/2023 06:00 - 27/08/2023 07:00","BZN|BG","3194.49","3205.00"
"27/08/2023 07:00 - 27/08/2023 08:00","BZN|BG","3462.26","3480.00"
"27/08/2023 08:00 - 27/08/2023 09:00","BZN|BG","3696.59","3741.00"
"27/08/2023 09:00 - 27/08/2023 10:00","BZN|BG","3868.76","3884.00"
"27/08/2023 10:00 - 27/08/2023 11:00","BZN|BG","4003.57","4016.00"
"27/08/2023 11:00 - 27/08/2023 12:00","BZN|BG","4094.83","4085.00"
"27/08/2023 12:00 - 27/08/2023 13:00","BZN|BG","4102.00","4107.00"
"27/08/2023 13:00 - 27/08/2023 14:00","BZN|BG","4091.23","4172.00"
"27/08/2023 14:00 - 27/08/2023 15:00","BZN|BG","4122.87","4188.00"
"27/08/2023 15:00 - 27/08/2023 16:00","BZN|BG","4216.25","4239.00"
"27/08/2023 16:00 - 27/08/2023 17:00","BZN|BG","4315.92","4310.00"
"27/08/2023 17:00 - 27/08/2023 18:00","BZN|BG","4387.94","4377.00"
"27/08/2023 18:00 - 27/08/2023 19:00","BZN|BG","4359.72","4392.00"
"27/08/2023 19:00 - 27/08/2023 20:00","BZN|BG","4423.41","4407.00"
"27/08/2023 20:00 - 27/08/2023 21:00","BZN|BG","4277.44","4331.00"
"27/08/2023 21:00 - 27/08/2023 22:00","BZN|BG","4002.97","4075.00"
"27/08/2023 22:00 - 27/08/2023 23:00","BZN|BG","3762.45","3757.00"
"27/08/2023 23:00 - 28/08/2023 00:00","BZN|BG","3446.58","3396.00"
"28/08/2023 00:00 - 28/08/2023 01:00","BZN|BG","3203.73","3206.00"
"28/08/2023 01:00 - 28/08/2023 02:00","BZN|BG","3066.45","3109.00"
"28/08/2023 02:00 - 28/08/2023 03:00","BZN|BG","3000.00","3060.00"
"28/08/2023 03:00 - 28/08/2023 04:00","BZN|BG","3004.58","3057.00"
"28/08/2023 04:00 - 28/08/2023 05:00","BZN|BG","3105.52","3136.00"
"28/08/2023 05:00 - 28/08/2023 06:00","BZN|BG","3345.90","3383.00"
"28/08/2023 06:00 - 28/08/2023 07:00","BZN|BG","3624.80","3665.00"
"28/08/2023 07:00 - 28/08/2023 08:00","BZN|BG","3953.14","3986.00"
"28/08/2023 08:00 - 28/08/2023 09:00","BZN|BG","4124.86","4190.00"
"28/08/2023 09:00 - 28/08/2023 10:00","BZN|BG","4206.61","4299.00"
"28/08/2023 10:00 - 28/08/2023 11:00","BZN|BG","4348.32","4429.00"
"28/08/2023 11:00 - 28/08/2023 12:00","BZN|BG","4400.40","4510.00"
"28/08/2023 12:00 - 28/08/2023 13:00","BZN|BG","4511.16","4649.00"
"28/08/2023 13:00 - 28/08/2023 14:00","BZN|BG","4524.91","4563.00"
"28/08/2023 14:00 - 28/08/2023 15:00","BZN|BG","4564.25","4638.00"
"28/08/2023 15:00 - 28/08/2023 16:00","BZN|BG","4579.41","4638.00"
"28/08/2023 16:00 - 28/08/2023 17:00","BZN|BG","4590.77","4528.00"
"28/08/2023 17:00 - 28/08/2023 18:00","BZN|BG","4664.51","4676.00"
"28/08/2023 18:00 - 28/08/2023 19:00","BZN|BG","4653.70","4666.00"
"28/08/2023 19:00 - 28/08/2023 20:00","BZN|BG","4643.83","4623.00"
"28/08/2023 20:00 - 28/08/2023 21:00","BZN|BG","4448.78","4469.00"
"28/08/2023 21:00 - 28/08/2023 22:00","BZN|BG","4135.78","4139.00"
"28/08/2023 22:00 - 28/08/2023 23:00","BZN|BG","3831.85","3794.00"
"28/08/2023 23:00 - 29/08/2023 00:00","BZN|BG","3510.48","3468.00"
"29/08/2023 00:00 - 29/08/2023 01:00","BZN|BG","3288.10","3272.00"
"29/08/2023 01:00 - 29/08/2023 02:00","BZN|BG","3171.51","3188.00"
"29/08/2023 02:00 - 29/08/2023 03:00","BZN|BG","3098.46","3130.00"
"29/08/2023 03:00 - 29/08/2023 04:00","BZN|BG","3093.76","3122.00"
"29/08/2023 04:00 - 29/08/2023 05:00","BZN|BG","3182.34","3216.00"
"29/08/2023 05:00 - 29/08/2023 06:00","BZN|BG","3410.41","3413.00"
"29/08/2023 06:00 - 29/08/2023 07:00","BZN|BG","3691.17","3685.00"
"29/08/2023 07:00 - 29/08/2023 08:00","BZN|BG","4038.47","4039.00"
"29/08/2023 08:00 - 29/08/2023 09:00","BZN|BG","4204.07","4212.00"
"29/08/2023 09:00 - 29/08/2023 10:00","BZN|BG","4275.17","4294.00"
"29/08/2023 10:00 - 29/08/2023 11:00","BZN|BG","4403.17","4416.00"
"29/08/2023 11:00 - 29/08/2023 12:00","BZN|BG","4451.68","4508.00"
"29/08/2023 12:00 - 29/08/2023 13:00","BZN|BG","4534.26","4600.00"
"29/08/2023 13:00 - 29/08/2023 14:00","BZN|BG","4538.31","4535.00"
"29/08/2023 14:00 - 29/08/2023 15:00","BZN|BG","4577.58","4537.00"
"29/08/2023 15:00 - 29/08/2023 16:00","BZN|BG","4541.34","4585.00"
"29/08/2023 16:00 - 29/08/2023 17:00","BZN|BG","4500.74","4530.00"
"29/08/2023 17:00 - 29/08/2023 18:00","BZN|BG","4535.15","4618.00"
"29/08/2023 18:00 - 29/08/2023 19:00","BZN|BG","4560.07","4604.00"
"29/08/2023 19:00 - 29/08/2023 20:00","BZN|BG","4563.92","4578.00"
"29/08/2023 20:00 - 29/08/2023 21:00","BZN|BG","4383.68","4427.00"
"29/08/2023 21:00 - 29/08/2023 22:00","BZN|BG","4069.54","4151.00"
"29/08/2023 22:00 - 29/08/2023 23:00","BZN|BG","3791.54","3881.00"
"29/08/2023 23:00 - 30/08/2023 00:00","BZN|BG","3493.88","3445.00"
"30/08/2023 00:00 - 30/08/2023 01:00","BZN|BG","3280.64","3245.00"
"30/08/2023 01:00 - 30/08/2023 02:00","BZN|BG","3149.89","3134.00"
"30/08/2023 02:00 - 30/08/2023 03:00","BZN|BG","3087.29","3074.00"
"30/08/2023 03:00 - 30/08/2023 04:00","BZN|BG","3091.51","3059.00"
"30/08/2023 04:00 - 30/08/2023 05:00","BZN|BG","3179.95","3139.00"
"30/08/2023 05:00 - 30/08/2023 06:00","BZN|BG","3415.82","3346.00"
"30/08/2023 06:00 - 30/08/2023 07:00","BZN|BG","3672.04","3616.00"
"30/08/2023 07:00 - 30/08/2023 08:00","BZN|BG","4018.89","3954.00"
"30/08/2023 08:00 - 30/08/2023 09:00","BZN|BG","4172.63","4136.00"
"30/08/2023 09:00 - 30/08/2023 10:00","BZN|BG","4189.32","4211.00"
"30/08/2023 10:00 - 30/08/2023 11:00","BZN|BG","4316.70","4343.00"
"30/08/2023 11:00 - 30/08/2023 12:00","BZN|BG","4331.73","4430.00"
"30/08/2023 12:00 - 30/08/2023 13:00","BZN|BG","4450.08","4534.00"
"30/08/2023 13:00 - 30/08/2023 14:00","BZN|BG","4457.08","4482.00"
"30/08/2023 14:00 - 30/08/2023 15:00","BZN|BG","4492.50","4496.00"
"30/08/2023 15:00 - 30/08/2023 16:00","BZN|BG","4539.29","4483.00"
"30/08/2023 16:00 - 30/08/2023 17:00","BZN|BG","4476.09","4407.00"
"30/08/2023 17:00 - 30/08/2023 18:00","BZN|BG","4510.25","4592.00"
"30/08/2023 18:00 - 30/08/2023 19:00","BZN|BG","4481.72","4577.00"
"30/08/2023 19:00 - 30/08/2023 20:00","BZN|BG","4507.33","4550.00"
"30/08/2023 20:00 - 30/08/2023 21:00","BZN|BG","4346.38","4372.00"
"30/08/2023 21:00 - 30/08/2023 22:00","BZN|BG","4034.51","4054.00"
"30/08/2023 22:00 - 30/08/2023 23:00","BZN|BG","3782.43","3745.00"
"30/08/2023 23:00 - 31/08/2023 00:00","BZN|BG","3528.05","3377.00"
"31/08/2023 00:00 - 31/08/2023 01:00","BZN|BG","3333.01","3221.00"
"31/08/2023 01:00 - 31/08/2023 02:00","BZN|BG","3193.19","3131.00"
"31/08/2023 02:00 - 31/08/2023 03:00","BZN|BG","3141.16","3082.00"
"31/08/2023 03:00 - 31/08/2023 04:00","BZN|BG","3121.47","3071.00"
"31/08/2023 04:00 - 31/08/2023 05:00","BZN|BG","3205.83","3137.00"
"31/08/2023 05:00 - 31/08/2023 06:00","BZN|BG","3436.50","3331.00"
"31/08/2023 06:00 - 31/08/2023 07:00","BZN|BG","3673.40","3564.00"
"31/08/2023 07:00 - 31/08/2023 08:00","BZN|BG","3964.54","3871.00"
"31/08/2023 08:00 - 31/08/2023 09:00","BZN|BG","4124.39","4038.00"
"31/08/2023 09:00 - 31/08/2023 10:00","BZN|BG","4188.22","4105.00"
"31/08/2023 10:00 - 31/08/2023 11:00","BZN|BG","4303.60","4219.00"
"31/08/2023 11:00 - 31/08/2023 12:00","BZN|BG","4332.74","4300.00"
"31/08/2023 12:00 - 31/08/2023 13:00","BZN|BG","4420.76","4378.00"
"31/08/2023 13:00 - 31/08/2023 14:00","BZN|BG","4390.10","4356.00"
"31/08/2023 14:00 - 31/08/2023 15:00","BZN|BG","4355.05","4353.00"
"31/08/2023 15:00 - 31/08/2023 16:00","BZN|BG","4336.04","4350.00"
"31/08/2023 16:00 - 31/08/2023 17:00","BZN|BG","4297.17","4300.00"
"31/08/2023 17:00 - 31/08/2023 18:00","BZN|BG","4319.24","4431.00"
"31/08/2023 18:00 - 31/08/2023 19:00","BZN|BG","4372.42","4420.00"
"31/08/2023 19:00 - 31/08/2023 20:00","BZN|BG","4368.99","4416.00"
"31/08/2023 20:00 - 31/08/2023 21:00","BZN|BG","4144.44","4225.00"
"31/08/2023 21:00 - 31/08/2023 22:00","BZN|BG","3834.35","3960.00"
"31/08/2023 22:00 - 31/08/2023 23:00","BZN|BG","3595.25","3670.00"
"31/08/2023 23:00 - 01/09/2023 00:00","BZN|BG","3391.26","3486.00"
"01/09/2023 00:00 - 01/09/2023 01:00","BZN|BG","3323.94","3260.00"
"01/09/2023 01:00 - 01/09/2023 02:00","BZN|BG","3227.07","3154.00"
"01/09/2023 02:00 - 01/09/2023 03:00","BZN|BG","3164.61","3097.00"
"01/09/2023 03:00 - 01/09/2023 04:00","BZN|BG","3171.09","3085.00"
"01/09/2023 04:00 - 01/09/2023 05:00","BZN|BG","3297.21","3157.00"
"01/09/2023 05:00 - 01/09/2023 06:00","BZN|BG","3533.40","3327.00"
"01/09/2023 06:00 - 01/09/2023 07:00","BZN|BG","3841.47","3547.00"
"01/09/2023 07:00 - 01/09/2023 08:00","BZN|BG","4121.75","3830.00"
"01/09/2023 08:00 - 01/09/2023 09:00","BZN|BG","4170.92","3978.00"
"01/09/2023 09:00 - 01/09/2023 10:00","BZN|BG","4210.26","4033.00"
"01/09/2023 10:00 - 01/09/2023 11:00","BZN|BG","4303.98","4137.00"
"01/09/2023 11:00 - 01/09/2023 12:00","BZN|BG","4287.04","4189.00"
"01/09/2023 12:00 - 01/09/2023 13:00","BZN|BG","4349.38","4262.00"
"01/09/2023 13:00 - 01/09/2023 14:00","BZN|BG","4301.48","4213.00"
"01/09/2023 14:00 - 01/09/2023 15:00","BZN|BG","4312.04","4322.00"
"01/09/2023 15:00 - 01/09/2023 16:00","BZN|BG","4287.81","4299.00"
"01/09/2023 16:00 - 01/09/2023 17:00","BZN|BG","4189.16","4251.00"
"01/09/2023 17:00 - 01/09/2023 18:00","BZN|BG","4225.66","4366.00"
"01/09/2023 18:00 - 01/09/2023 19:00","BZN|BG","4245.62","4355.00"
"01/09/2023 19:00 - 01/09/2023 20:00","BZN|BG","4278.90","4347.00"
"01/09/2023 20:00 - 01/09/2023 21:00","BZN|BG","4077.76","4215.00"
"01/09/2023 21:00 - 01/09/2023 22:00","BZN|BG","3941.40","3966.00"
"01/09/2023 22:00 - 01/09/2023 23:00","BZN|BG","3660.67","3744.00"
"01/09/2023 23:00 - 02/09/2023 00:00","BZN|BG","3397.10","3295.00"
"02/09/2023 00:00 - 02/09/2023 01:00","BZN|BG","3257.67","3142.00"
"02/09/2023 01:00 - 02/09/2023 02:00","BZN|BG","3141.86","3051.00"
"02/09/2023 02:00 - 02/09/2023 03:00","BZN|BG","3117.49","3003.00"
"02/09/2023 03:00 - 02/09/2023 04:00","BZN|BG","3064.66","2979.00"
"02/09/2023 04:00 - 02/09/2023 05:00","BZN|BG","3059.62","2990.00"
"02/09/2023 05:00 - 02/09/2023 06:00","BZN|BG","3158.79","3041.00"
"02/09/2023 06:00 - 02/09/2023 07:00","BZN|BG","3314.85","3188.00"
"02/09/2023 07:00 - 02/09/2023 08:00","BZN|BG","3693.44","3448.00"
"02/09/2023 08:00 - 02/09/2023 09:00","BZN|BG","3908.00","3637.00"
"02/09/2023 09:00 - 02/09/2023 10:00","BZN|BG","4047.13","3753.00"
"02/09/2023 10:00 - 02/09/2023 11:00","BZN|BG","4113.57","3839.00"
"02/09/2023 11:00 - 02/09/2023 12:00","BZN|BG","4128.78","3907.00"
"02/09/2023 12:00 - 02/09/2023 13:00","BZN|BG","4087.48","3954.00"
"02/09/2023 13:00 - 02/09/2023 14:00","BZN|BG","4019.27","3867.00"
"02/09/2023 14:00 - 02/09/2023 15:00","BZN|BG","3996.39","3860.00"
"02/09/2023 15:00 - 02/09/2023 16:00","BZN|BG","3984.79","3959.00"
"02/09/2023 16:00 - 02/09/2023 17:00","BZN|BG","3974.84","4055.00"
"02/09/2023 17:00 - 02/09/2023 18:00","BZN|BG","3971.06","4130.00"
"02/09/2023 18:00 - 02/09/2023 19:00","BZN|BG","3952.74","4158.00"
"02/09/2023 19:00 - 02/09/2023 20:00","BZN|BG","4048.63","4200.00"
"02/09/2023 20:00 - 02/09/2023 21:00","BZN|BG","3837.83","4088.00"
"02/09/2023 21:00 - 02/09/2023 22:00","BZN|BG","3630.55","3729.00"
"02/09/2023 22:00 - 02/09/2023 23:00","BZN|BG","3572.77","3517.00"
"02/09/2023 23:00 - 03/09/2023 00:00","BZN|BG","3303.75","3270.00"
"03/09/2023 00:00 - 03/09/2023 01:00","BZN|BG","3132.54","3085.00"
"03/09/2023 01:00 - 03/09/2023 02:00","BZN|BG","3033.03","2976.00"
"03/09/2023 02:00 - 03/09/2023 03:00","BZN|BG","2967.36","2923.00"
"03/09/2023 03:00 - 03/09/2023 04:00","BZN|BG","2912.71","2894.00"
"03/09/2023 04:00 - 03/09/2023 05:00","BZN|BG","2974.26","2900.00"
"03/09/2023 05:00 - 03/09/2023 06:00","BZN|BG","3018.64","2939.00"
"03/09/2023 06:00 - 03/09/2023 07:00","BZN|BG","3193.05","3063.00"
"03/09/2023 07:00 - 03/09/2023 08:00","BZN|BG","3548.90","3281.00"
"03/09/2023 08:00 - 03/09/2023 09:00","BZN|BG","3845.61","3472.00"
"03/09/2023 09:00 - 03/09/2023 10:00","BZN|BG","3941.54","3613.00"
"03/09/2023 10:00 - 03/09/2023 11:00","BZN|BG","3981.82","3723.00"
"03/09/2023 11:00 - 03/09/2023 12:00","BZN|BG","4036.40","3797.00"
"03/09/2023 12:00 - 03/09/2023 13:00","BZN|BG","3992.63","3803.00"
"03/09/2023 13:00 - 03/09/2023 14:00","BZN|BG","3935.96","3875.00"
"03/09/2023 14:00 - 03/09/2023 15:00","BZN|BG","3887.86","3902.00"
"03/09/2023 15:00 - 03/09/2023 16:00","BZN|BG","3893.90","3982.00"
"03/09/2023 16:00 - 03/09/2023 17:00","BZN|BG","3943.53","4068.00"
"03/09/2023 17:00 - 03/09/2023 18:00","BZN|BG","4013.21","4130.00"
"03/09/2023 18:00 - 03/09/2023 19:00","BZN|BG","4020.65","4106.00"
"03/09/2023 19:00 - 03/09/2023 20:00","BZN|BG","4098.02","4161.00"
"03/09/2023 20:00 - 03/09/2023 21:00","BZN|BG","3928.89","4024.00"
"03/09/2023 21:00 - 03/09/2023 22:00","BZN|BG","3711.70","3766.00"
"03/09/2023 22:00 - 03/09/2023 23:00","BZN|BG","3524.94","3540.00"
"03/09/2023 23:00 - 04/09/2023 00:00","BZN|BG","3269.39","3231.00"
"04/09/2023 00:00 - 04/09/2023 01:00","BZN|BG","3229.81","3041.00"
"04/09/2023 01:00 - 04/09/2023 02:00","BZN|BG","3066.34","2933.00"
"04/09/2023 02:00 - 04/09/2023 03:00","BZN|BG","2994.33","2882.00"
"04/09/2023 03:00 - 04/09/2023 04:00","BZN|BG","2967.39","2885.00"
"04/09/2023 04:00 - 04/09/2023 05:00","BZN|BG","3104.06","2970.00"
"04/09/2023 05:00 - 04/09/2023 06:00","BZN|BG","3378.09","3173.00"
"04/09/2023 06:00 - 04/09/2023 07:00","BZN|BG","3635.25","3550.00"
"04/09/2023 07:00 - 04/09/2023 08:00","BZN|BG","3952.35","3977.00"
"04/09/2023 08:00 - 04/09/2023 09:00","BZN|BG","4091.66","4088.00"
"04/09/2023 09:00 - 04/09/2023 10:00","BZN|BG","4137.65","4133.00"
"04/09/2023 10:00 - 04/09/2023 11:00","BZN|BG","4243.24","4100.00"
"04/09/2023 11:00 - 04/09/2023 12:00","BZN|BG","4181.45","4061.00"
"04/09/2023 12:00 - 04/09/2023 13:00","BZN|BG","4223.60","4022.00"
"04/09/2023 13:00 - 04/09/2023 14:00","BZN|BG","4247.21","3962.00"
"04/09/2023 14:00 - 04/09/2023 15:00","BZN|BG","4226.73","3970.00"
"04/09/2023 15:00 - 04/09/2023 16:00","BZN|BG","4179.37","4055.00"
"04/09/2023 16:00 - 04/09/2023 17:00","BZN|BG","4061.97","4122.00"
"04/09/2023 17:00 - 04/09/2023 18:00","BZN|BG","4068.84","4220.00"
"04/09/2023 18:00 - 04/09/2023 19:00","BZN|BG","4178.55","4303.00"
"04/09/2023 19:00 - 04/09/2023 20:00","BZN|BG","4194.82","4286.00"
"04/09/2023 20:00 - 04/09/2023 21:00","BZN|BG","4022.64","4134.00"
"04/09/2023 21:00 - 04/09/2023 22:00","BZN|BG","3452.04","3889.00"
"04/09/2023 22:00 - 04/09/2023 23:00","BZN|BG","3263.80","3652.00"
"04/09/2023 23:00 - 05/09/2023 00:00","BZN|BG","3323.07","3362.00"
"05/09/2023 00:00 - 05/09/2023 01:00","BZN|BG","3210.47","3184.00"
"05/09/2023 01:00 - 05/09/2023 02:00","BZN|BG","3081.63","3058.00"
"05/09/2023 02:00 - 05/09/2023 03:00","BZN|BG","3094.37","3007.00"
"05/09/2023 03:00 - 05/09/2023 04:00","BZN|BG","3090.46","3003.00"
"05/09/2023 04:00 - 05/09/2023 05:00","BZN|BG","3247.17","3076.00"
"05/09/2023 05:00 - 05/09/2023 06:00","BZN|BG","3522.23","3282.00"
"05/09/2023 06:00 - 05/09/2023 07:00","BZN|BG","3787.94","3600.00"
"05/09/2023 07:00 - 05/09/2023 08:00","BZN|BG","3991.05","4010.00"
"05/09/2023 08:00 - 05/09/2023 09:00","BZN|BG","4172.07","4167.00"
"05/09/2023 09:00 - 05/09/2023 10:00","BZN|BG","4313.20","4240.00"
"05/09/2023 10:00 - 05/09/2023 11:00","BZN|BG","4340.66","4122.00"
"05/09/2023 11:00 - 05/09/2023 12:00","BZN|BG","4245.28","4062.00"
"05/09/2023 12:00 - 05/09/2023 13:00","BZN|BG","4240.66","4044.00"
"05/09/2023 13:00 - 05/09/2023 14:00","BZN|BG","4167.43","4052.00"
"05/09/2023 14:00 - 05/09/2023 15:00","BZN|BG","4156.37","4066.00"
"05/09/2023 15:00 - 05/09/2023 16:00","BZN|BG","4127.45","4111.00"
"05/09/2023 16:00 - 05/09/2023 17:00","BZN|BG","4067.94","4170.00"
"05/09/2023 17:00 - 05/09/2023 18:00","BZN|BG","4105.99","4244.00"
"05/09/2023 18:00 - 05/09/2023 19:00","BZN|BG","4176.81","4313.00"
"05/09/2023 19:00 - 05/09/2023 20:00","BZN|BG","4102.35","4300.00"
"05/09/2023 20:00 - 05/09/2023 21:00","BZN|BG","3868.77","4180.00"
"05/09/2023 21:00 - 05/09/2023 22:00","BZN|BG","3860.80","3850.00"
"05/09/2023 22:00 - 05/09/2023 23:00","BZN|BG","3676.55","3600.00"
"05/09/2023 23:00 - 06/09/2023 00:00","BZN|BG","3110.25","3210.00"
"06/09/2023 00:00 - 06/09/2023 01:00","BZN|BG","2987.23","3068.00"
"06/09/2023 01:00 - 06/09/2023 02:00","BZN|BG","2879.86","2969.00"
"06/09/2023 02:00 - 06/09/2023 03:00","BZN|BG","2817.62","2918.00"
"06/09/2023 03:00 - 06/09/2023 04:00","BZN|BG","2801.97","2915.00"
"06/09/2023 04:00 - 06/09/2023 05:00","BZN|BG","2844.21","2998.00"
"06/09/2023 05:00 - 06/09/2023 06:00","BZN|BG","2912.33","3197.00"
"06/09/2023 06:00 - 06/09/2023 07:00","BZN|BG","3140.72","3428.00"
"06/09/2023 07:00 - 06/09/2023 08:00","BZN|BG","3527.03","3699.00"
"06/09/2023 08:00 - 06/09/2023 09:00","BZN|BG","3707.27","3812.00"
"06/09/2023 09:00 - 06/09/2023 10:00","BZN|BG","3712.41","3852.00"
"06/09/2023 10:00 - 06/09/2023 11:00","BZN|BG","3758.45","3952.00"
"06/09/2023 11:00 - 06/09/2023 12:00","BZN|BG","3704.89","3968.00"
"06/09/2023 12:00 - 06/09/2023 13:00","BZN|BG","3700.54","4043.00"
"06/09/2023 13:00 - 06/09/2023 14:00","BZN|BG","3654.72","4045.00"
"06/09/2023 14:00 - 06/09/2023 15:00","BZN|BG","3663.29","4043.00"
"06/09/2023 15:00 - 06/09/2023 16:00","BZN|BG","3662.27","4044.00"
"06/09/2023 16:00 - 06/09/2023 17:00","BZN|BG","3648.84","4051.00"
"06/09/2023 17:00 - 06/09/2023 18:00","BZN|BG","3738.50","4100.00"
"06/09/2023 18:00 - 06/09/2023 19:00","BZN|BG","3892.26","4127.00"
"06/09/2023 19:00 - 06/09/2023 20:00","BZN|BG","4008.99","4150.00"
"06/09/2023 20:00 - 06/09/2023 21:00","BZN|BG","3774.37","3968.00"
"06/09/2023 21:00 - 06/09/2023 22:00","BZN|BG","3565.53","3715.00"
"06/09/2023 22:00 - 06/09/2023 23:00","BZN|BG","3391.61","3466.00"
"06/09/2023 23:00 - 07/09/2023 00:00","BZN|BG","3078.78","3087.00"
"07/09/2023 00:00 - 07/09/2023 01:00","BZN|BG","2939.87","2973.00"
"07/09/2023 01:00 - 07/09/2023 02:00","BZN|BG","2824.84","2887.00"
"07/09/2023 02:00 - 07/09/2023 03:00","BZN|BG","2808.05","2838.00"
"07/09/2023 03:00 - 07/09/2023 04:00","BZN|BG","2805.01","2834.00"
"07/09/2023 04:00 - 07/09/2023 05:00","BZN|BG","2903.76","2949.00"
"07/09/2023 05:00 - 07/09/2023 06:00","BZN|BG","3155.43","3184.00"
"07/09/2023 06:00 - 07/09/2023 07:00","BZN|BG","3422.51","3475.00"
"07/09/2023 07:00 - 07/09/2023 08:00","BZN|BG","3782.89","3823.00"
"07/09/2023 08:00 - 07/09/2023 09:00","BZN|BG","3929.57","3979.00"
"07/09/2023 09:00 - 07/09/2023 10:00","BZN|BG","3870.04","4011.00"
"07/09/2023 10:00 - 07/09/2023 11:00","BZN|BG","3896.62","4125.00"
"07/09/2023 11:00 - 07/09/2023 12:00","BZN|BG","3868.50","4121.00"
"07/09/2023 12:00 - 07/09/2023 13:00","BZN|BG","3972.62","4231.00"
"07/09/2023 13:00 - 07/09/2023 14:00","BZN|BG","3943.53","4185.00"
"07/09/2023 14:00 - 07/09/2023 15:00","BZN|BG","3935.41","4175.00"
"07/09/2023 15:00 - 07/09/2023 16:00","BZN|BG","3937.04","4173.00"
"07/09/2023 16:00 - 07/09/2023 17:00","BZN|BG","3909.63","4091.00"
"07/09/2023 17:00 - 07/09/2023 18:00","BZN|BG","3958.39","4144.00"
"07/09/2023 18:00 - 07/09/2023 19:00","BZN|BG","4072.23","4161.00"
"07/09/2023 19:00 - 07/09/2023 20:00","BZN|BG","4157.61","4202.00"
"07/09/2023 20:00 - 07/09/2023 21:00","BZN|BG","3954.76","4001.00"
"07/09/2023 21:00 - 07/09/2023 22:00","BZN|BG","3652.21","3717.00"
"07/09/2023 22:00 - 07/09/2023 23:00","BZN|BG","3491.27","3459.00"
"07/09/2023 23:00 - 08/09/2023 00:00","BZN|BG","3265.78","3143.00"
"08/09/2023 00:00 - 08/09/2023 01:00","BZN|BG","3053.02","3009.00"
"08/09/2023 01:00 - 08/09/2023 02:00","BZN|BG","2980.12","2900.00"
"08/09/2023 02:00 - 08/09/2023 03:00","BZN|BG","2876.09","2835.00"
"08/09/2023 03:00 - 08/09/2023 04:00","BZN|BG","2848.56","2823.00"
"08/09/2023 04:00 - 08/09/2023 05:00","BZN|BG","2943.11","2943.00"
"08/09/2023 05:00 - 08/09/2023 06:00","BZN|BG","3203.34","3173.00"
"08/09/2023 06:00 - 08/09/2023 07:00","BZN|BG","3445.69","3454.00"
"08/09/2023 07:00 - 08/09/2023 08:00","BZN|BG","3814.43","3815.00"
"08/09/2023 08:00 - 08/09/2023 09:00","BZN|BG","3859.16","3998.00"
"08/09/2023 09:00 - 08/09/2023 10:00","BZN|BG","3798.98","4022.00"
"08/09/2023 10:00 - 08/09/2023 11:00","BZN|BG","3883.20","4139.00"
"08/09/2023 11:00 - 08/09/2023 12:00","BZN|BG","3871.51","4138.00"
"08/09/2023 12:00 - 08/09/2023 13:00","BZN|BG","3899.17","4238.00"
"08/09/2023 13:00 - 08/09/2023 14:00","BZN|BG","3852.81","4186.00"
"08/09/2023 14:00 - 08/09/2023 15:00","BZN|BG","3828.89","4174.00"
"08/09/2023 15:00 - 08/09/2023 16:00","BZN|BG","3766.67","4183.00"
"08/09/2023 16:00 - 08/09/2023 17:00","BZN|BG","3745.85","4090.00"
"08/09/2023 17:00 - 08/09/2023 18:00","BZN|BG","3815.79","4102.00"
"08/09/2023 18:00 - 08/09/2023 19:00","BZN|BG","3957.63","4107.00"
"08/09/2023 19:00 - 08/09/2023 20:00","BZN|BG","4049.20","4118.00"
"08/09/2023 20:00 - 08/09/2023 21:00","BZN|BG","3823.22","3944.00"
"08/09/2023 21:00 - 08/09/2023 22:00","BZN|BG","3624.82","3685.00"
"08/09/2023 22:00 - 08/09/2023 23:00","BZN|BG","3484.70","3458.00"
"08/09/2023 23:00 - 09/09/2023 00:00","BZN|BG","3176.32","3183.00"
"09/09/2023 00:00 - 09/09/2023 01:00","BZN|BG","2976.16","3037.00"
"09/09/2023 01:00 - 09/09/2023 02:00","BZN|BG","2860.19","2916.00"
"09/09/2023 02:00 - 09/09/2023 03:00","BZN|BG","2808.08","2891.00"
"09/09/2023 03:00 - 09/09/2023 04:00","BZN|BG","2792.99","2835.00"
"09/09/2023 04:00 - 09/09/2023 05:00","BZN|BG","2840.88","2830.00"
"09/09/2023 05:00 - 09/09/2023 06:00","BZN|BG","2928.14","2923.00"
"09/09/2023 06:00 - 09/09/2023 07:00","BZN|BG","3069.14","3070.00"
"09/09/2023 07:00 - 09/09/2023 08:00","BZN|BG","3380.99","3426.00"
"09/09/2023 08:00 - 09/09/2023 09:00","BZN|BG","3531.82","3627.00"
"09/09/2023 09:00 - 09/09/2023 10:00","BZN|BG","3610.73","3758.00"
"09/09/2023 10:00 - 09/09/2023 11:00","BZN|BG","3601.73","3821.00"
"09/09/2023 11:00 - 09/09/2023 12:00","BZN|BG","3582.21","3835.00"
"09/09/2023 12:00 - 09/09/2023 13:00","BZN|BG","3544.70","3806.00"
"09/09/2023 13:00 - 09/09/2023 14:00","BZN|BG","3460.51","3759.00"
"09/09/2023 14:00 - 09/09/2023 15:00","BZN|BG","3432.00","3743.00"
"09/09/2023 15:00 - 09/09/2023 16:00","BZN|BG","3487.07","3735.00"
"09/09/2023 16:00 - 09/09/2023 17:00","BZN|BG","3545.79","3728.00"
"09/09/2023 17:00 - 09/09/2023 18:00","BZN|BG","3655.43","3728.00"
"09/09/2023 18:00 - 09/09/2023 19:00","BZN|BG","3744.34","3728.00"
"09/09/2023 19:00 - 09/09/2023 20:00","BZN|BG","3842.91","3957.00"
"09/09/2023 20:00 - 09/09/2023 21:00","BZN|BG","3628.81","3718.00"
"09/09/2023 21:00 - 09/09/2023 22:00","BZN|BG","3450.55","3481.00"
"09/09/2023 22:00 - 09/09/2023 23:00","BZN|BG","3290.21","3415.00"
"09/09/2023 23:00 - 10/09/2023 00:00","BZN|BG","3047.32","3063.00"
"10/09/2023 00:00 - 10/09/2023 01:00","BZN|BG","2863.64","2902.00"
"10/09/2023 01:00 - 10/09/2023 02:00","BZN|BG","2765.00","2809.00"
"10/09/2023 02:00 - 10/09/2023 03:00","BZN|BG","2710.04","2747.00"
"10/09/2023 03:00 - 10/09/2023 04:00","BZN|BG","2705.72","2696.00"
"10/09/2023 04:00 - 10/09/2023 05:00","BZN|BG","2733.67","2750.00"
"10/09/2023 05:00 - 10/09/2023 06:00","BZN|BG","2806.91","2788.00"
"10/09/2023 06:00 - 10/09/2023 07:00","BZN|BG","2992.28","2941.00"
"10/09/2023 07:00 - 10/09/2023 08:00","BZN|BG","3326.75","3251.00"
"10/09/2023 08:00 - 10/09/2023 09:00","BZN|BG","3475.41","3510.00"
"10/09/2023 09:00 - 10/09/2023 10:00","BZN|BG","3535.27","3594.00"
"10/09/2023 10:00 - 10/09/2023 11:00","BZN|BG","3558.48","3629.00"
"10/09/2023 11:00 - 10/09/2023 12:00","BZN|BG","3568.05","3677.00"
"10/09/2023 12:00 - 10/09/2023 13:00","BZN|BG","3488.72","3651.00"
"10/09/2023 13:00 - 10/09/2023 14:00","BZN|BG","3436.95","3618.00"
"10/09/2023 14:00 - 10/09/2023 15:00","BZN|BG","3494.90","3590.00"
"10/09/2023 15:00 - 10/09/2023 16:00","BZN|BG","3536.04","3601.00"
"10/09/2023 16:00 - 10/09/2023 17:00","BZN|BG","3642.12","3693.00"
"10/09/2023 17:00 - 10/09/2023 18:00","BZN|BG","3739.47","3823.00"
"10/09/2023 18:00 - 10/09/2023 19:00","BZN|BG","3838.89","3837.00"
"10/09/2023 19:00 - 10/09/2023 20:00","BZN|BG","3938.30","3980.00"
"10/09/2023 20:00 - 10/09/2023 21:00","BZN|BG","3744.40","3805.00"
"10/09/2023 21:00 - 10/09/2023 22:00","BZN|BG","3495.80","3581.00"
"10/09/2023 22:00 - 10/09/2023 23:00","BZN|BG","3291.21","3388.00"
"10/09/2023 23:00 - 11/09/2023 00:00","BZN|BG","3037.31","3091.00"
"11/09/2023 00:00 - 11/09/2023 01:00","BZN|BG","2836.98","3047.00"
"11/09/2023 01:00 - 11/09/2023 02:00","BZN|BG","2734.48","2862.00"
"11/09/2023 02:00 - 11/09/2023 03:00","BZN|BG","2695.70","2780.00"
"11/09/2023 03:00 - 11/09/2023 04:00","BZN|BG","2707.54","2750.00"
"11/09/2023 04:00 - 11/09/2023 05:00","BZN|BG","2837.21","2908.00"
"11/09/2023 05:00 - 11/09/2023 06:00","BZN|BG","3144.00","3225.00"
"11/09/2023 06:00 - 11/09/2023 07:00","BZN|BG","3439.12","3523.00"
"11/09/2023 07:00 - 11/09/2023 08:00","BZN|BG","3731.97","3890.00"
"11/09/2023 08:00 - 11/09/2023 09:00","BZN|BG","3790.89","4051.00"
"11/09/2023 09:00 - 11/09/2023 10:00","BZN|BG","3722.99","4105.00"
"11/09/2023 10:00 - 11/09/2023 11:00","BZN|BG","3814.80","4227.00"
"11/09/2023 11:00 - 11/09/2023 12:00","BZN|BG","3774.41","4170.00"
"11/09/2023 12:00 - 11/09/2023 13:00","BZN|BG","3818.73","4209.00"
"11/09/2023 13:00 - 11/09/2023 14:00","BZN|BG","3784.37","4231.00"
"11/09/2023 14:00 - 11/09/2023 15:00","BZN|BG","3754.00","4212.00"
"11/09/2023 15:00 - 11/09/2023 16:00","BZN|BG","3753.64","4168.00"
"11/09/2023 16:00 - 11/09/2023 17:00","BZN|BG","3745.68","4059.00"
"11/09/2023 17:00 - 11/09/2023 18:00","BZN|BG","3871.55","4071.00"
"11/09/2023 18:00 - 11/09/2023 19:00","BZN|BG","4037.87","4251.00"
"11/09/2023 19:00 - 11/09/2023 20:00","BZN|BG","4157.42","4277.00"
"11/09/2023 20:00 - 11/09/2023 21:00","BZN|BG","3897.31","4146.00"
"11/09/2023 21:00 - 11/09/2023 22:00","BZN|BG","3667.25","3709.00"
"11/09/2023 22:00 - 11/09/2023 23:00","BZN|BG","3474.58","3565.00"
"11/09/2023 23:00 - 12/09/2023 00:00","BZN|BG","3201.61","3191.00"
"12/09/2023 00:00 - 12/09/2023 01:00","BZN|BG","3015.52","3044.00"
"12/09/2023 01:00 - 12/09/2023 02:00","BZN|BG","2910.67","2887.00"
"12/09/2023 02:00 - 12/09/2023 03:00","BZN|BG","2870.54","2852.00"
"12/09/2023 03:00 - 12/09/2023 04:00","BZN|BG","2886.83","2836.00"
"12/09/2023 04:00 - 12/09/2023 05:00","BZN|BG","2962.37","2957.00"
"12/09/2023 05:00 - 12/09/2023 06:00","BZN|BG","3258.58","3227.00"
"12/09/2023 06:00 - 12/09/2023 07:00","BZN|BG","3572.91","3560.00"
"12/09/2023 07:00 - 12/09/2023 08:00","BZN|BG","3847.42","3943.00"
"12/09/2023 08:00 - 12/09/2023 09:00","BZN|BG","3866.72","4159.00"
"12/09/2023 09:00 - 12/09/2023 10:00","BZN|BG","3783.47","4213.00"
"12/09/2023 10:00 - 12/09/2023 11:00","BZN|BG","3847.17","4285.00"
"12/09/2023 11:00 - 12/09/2023 12:00","BZN|BG","3817.45","4266.00"
"12/09/2023 12:00 - 12/09/2023 13:00","BZN|BG","3860.77","4269.00"
"12/09/2023 13:00 - 12/09/2023 14:00","BZN|BG","3815.09","4238.00"
"12/09/2023 14:00 - 12/09/2023 15:00","BZN|BG","3822.93","4232.00"
"12/09/2023 15:00 - 12/09/2023 16:00","BZN|BG","3836.83","4219.00"
"12/09/2023 16:00 - 12/09/2023 17:00","BZN|BG","3831.70","4167.00"
"12/09/2023 17:00 - 12/09/2023 18:00","BZN|BG","3942.39","4194.00"
"12/09/2023 18:00 - 12/09/2023 19:00","BZN|BG","4091.73","4304.00"
"12/09/2023 19:00 - 12/09/2023 20:00","BZN|BG","4190.44","4350.00"
"12/09/2023 20:00 - 12/09/2023 21:00","BZN|BG","3960.46","4093.00"
"12/09/2023 21:00 - 12/09/2023 22:00","BZN|BG","3688.23","3852.00"
"12/09/2023 22:00 - 12/09/2023 23:00","BZN|BG","3488.54","3610.00"
"12/09/2023 23:00 - 13/09/2023 00:00","BZN|BG","3248.55","3203.00"
"13/09/2023 00:00 - 13/09/2023 01:00","BZN|BG","3041.11","3054.00"
"13/09/2023 01:00 - 13/09/2023 02:00","BZN|BG","2943.66","2947.00"
"13/09/2023 02:00 - 13/09/2023 03:00","BZN|BG","2879.54","2910.00"
"13/09/2023 03:00 - 13/09/2023 04:00","BZN|BG","2884.52","2896.00"
"13/09/2023 04:00 - 13/09/2023 05:00","BZN|BG","2986.95","2975.00"
"13/09/2023 05:00 - 13/09/2023 06:00","BZN|BG","3259.43","3150.00"
"13/09/2023 06:00 - 13/09/2023 07:00","BZN|BG","3596.09","3357.00"
"13/09/2023 07:00 - 13/09/2023 08:00","BZN|BG","3849.75","3673.00"
"13/09/2023 08:00 - 13/09/2023 09:00","BZN|BG","3888.79","3832.00"
"13/09/2023 09:00 - 13/09/2023 10:00","BZN|BG","3832.38","3858.00"
"13/09/2023 10:00 - 13/09/2023 11:00","BZN|BG","3895.16","3901.00"
"13/09/2023 11:00 - 13/09/2023 12:00","BZN|BG","3876.83","3878.00"
"13/09/2023 12:00 - 13/09/2023 13:00","BZN|BG","3912.80","3889.00"
"13/09/2023 13:00 - 13/09/2023 14:00","BZN|BG","3852.66","3860.00"
"13/09/2023 14:00 - 13/09/2023 15:00","BZN|BG","3877.87","3846.00"
"13/09/2023 15:00 - 13/09/2023 16:00","BZN|BG","3942.14","3821.00"
"13/09/2023 16:00 - 13/09/2023 17:00","BZN|BG","3972.68","3783.00"
"13/09/2023 17:00 - 13/09/2023 18:00","BZN|BG","4065.00","3818.00"
"13/09/2023 18:00 - 13/09/2023 19:00","BZN|BG","4169.30","4048.00"
"13/09/2023 19:00 - 13/09/2023 20:00","BZN|BG","4232.86","4147.00"
"13/09/2023 20:00 - 13/09/2023 21:00","BZN|BG","3987.69","3877.00"
"13/09/2023 21:00 - 13/09/2023 22:00","BZN|BG","3631.80","3672.00"
"13/09/2023 22:00 - 13/09/2023 23:00","BZN|BG","3421.23","3487.00"
"13/09/2023 23:00 - 14/09/2023 00:00","BZN|BG","3254.00","3285.00"
"14/09/2023 00:00 - 14/09/2023 01:00","BZN|BG","3043.12","3108.00"
"14/09/2023 01:00 - 14/09/2023 02:00","BZN|BG","2940.84","2964.00"
"14/09/2023 02:00 - 14/09/2023 03:00","BZN|BG","2876.79","2925.00"
"14/09/2023 03:00 - 14/09/2023 04:00","BZN|BG","2912.51","2915.00"
"14/09/2023 04:00 - 14/09/2023 05:00","BZN|BG","3032.59","3025.00"
"14/09/2023 05:00 - 14/09/2023 06:00","BZN|BG","3299.28","3270.00"
"14/09/2023 06:00 - 14/09/2023 07:00","BZN|BG","3590.47","3548.00"
"14/09/2023 07:00 - 14/09/2023 08:00","BZN|BG","3877.77","3960.00"
"14/09/2023 08:00 - 14/09/2023 09:00","BZN|BG","3918.46","4160.00"
"14/09/2023 09:00 - 14/09/2023 10:00","BZN|BG","3870.20","4185.00"
"14/09/2023 10:00 - 14/09/2023 11:00","BZN|BG","3959.30","4219.00"
"14/09/2023 11:00 - 14/09/2023 12:00","BZN|BG","3940.81","4194.00"
"14/09/2023 12:00 - 14/09/2023 13:00","BZN|BG","3995.98","4229.00"
"14/09/2023 13:00 - 14/09/2023 14:00","BZN|BG","3986.39","4198.00"
"14/09/2023 14:00 - 14/09/2023 15:00","BZN|BG","4008.28","4175.00"
"14/09/2023 15:00 - 14/09/2023 16:00","BZN|BG","4034.67","4155.00"
"14/09/2023 16:00 - 14/09/2023 17:00","BZN|BG","4019.78","4095.00"
"14/09/2023 17:00 - 14/09/2023 18:00","BZN|BG","4129.25","4101.00"
"14/09/2023 18:00 - 14/09/2023 19:00","BZN|BG","4271.36","4225.00"
"14/09/2023 19:00 - 14/09/2023 20:00","BZN|BG","4311.74","4274.00"
"14/09/2023 20:00 - 14/09/2023 21:00","BZN|BG","4087.39","4023.00"
"14/09/2023 21:00 - 14/09/2023 22:00","BZN|BG","3791.12","3793.00"
"14/09/2023 22:00 - 14/09/2023 23:00","BZN|BG","3437.25","3604.00"
"14/09/2023 23:00 - 15/09/2023 00:00","BZN|BG","3344.80","3217.00"
"15/09/2023 00:00 - 15/09/2023 01:00","BZN|BG","3123.11","3038.00"
"15/09/2023 01:00 - 15/09/2023 02:00","BZN|BG","3005.63","2921.00"
"15/09/2023 02:00 - 15/09/2023 03:00","BZN|BG","2949.52","2870.00"
"15/09/2023 03:00 - 15/09/2023 04:00","BZN|BG","2957.29","2870.00"
"15/09/2023 04:00 - 15/09/2023 05:00","BZN|BG","3082.56","2950.00"
"15/09/2023 05:00 - 15/09/2023 06:00","BZN|BG","3357.00","3189.00"
"15/09/2023 06:00 - 15/09/2023 07:00","BZN|BG","3706.48","3464.00"
"15/09/2023 07:00 - 15/09/2023 08:00","BZN|BG","3968.53","3819.00"
"15/09/2023 08:00 - 15/09/2023 09:00","BZN|BG","3907.34","3969.00"
"15/09/2023 09:00 - 15/09/2023 10:00","BZN|BG","3901.07","3963.00"
"15/09/2023 10:00 - 15/09/2023 11:00","BZN|BG","3943.03","4040.00"
"15/09/2023 11:00 - 15/09/2023 12:00","BZN|BG","3944.00","4011.00"
"15/09/2023 12:00 - 15/09/2023 13:00","BZN|BG","3983.64","4023.00"
"15/09/2023 13:00 - 15/09/2023 14:00","BZN|BG","3970.58","3970.00"
"15/09/2023 14:00 - 15/09/2023 15:00","BZN|BG","3985.80","3964.00"
"15/09/2023 15:00 - 15/09/2023 16:00","BZN|BG","4009.13","3948.00"
"15/09/2023 16:00 - 15/09/2023 17:00","BZN|BG","3996.85","3909.00"
"15/09/2023 17:00 - 15/09/2023 18:00","BZN|BG","4045.31","3965.00"
"15/09/2023 18:00 - 15/09/2023 19:00","BZN|BG","4128.16","4139.00"
"15/09/2023 19:00 - 15/09/2023 20:00","BZN|BG","4123.04","4230.00"
"15/09/2023 20:00 - 15/09/2023 21:00","BZN|BG","3859.58","3911.00"
"15/09/2023 21:00 - 15/09/2023 22:00","BZN|BG","3717.08","3668.00"
"15/09/2023 22:00 - 15/09/2023 23:00","BZN|BG","3558.87","3452.00"
"15/09/2023 23:00 - 16/09/2023 00:00","BZN|BG","3230.27","3167.00"
"16/09/2023 00:00 - 16/09/2023 01:00","BZN|BG","3002.02","2972.00"
"16/09/2023 01:00 - 16/09/2023 02:00","BZN|BG","2915.85","2861.00"
"16/09/2023 02:00 - 16/09/2023 03:00","BZN|BG","2860.78","2821.00"
"16/09/2023 03:00 - 16/09/2023 04:00","BZN|BG","2862.31","2821.00"
"16/09/2023 04:00 - 16/09/2023 05:00","BZN|BG","2907.10","2882.00"
"16/09/2023 05:00 - 16/09/2023 06:00","BZN|BG","3028.20","2957.00"
"16/09/2023 06:00 - 16/09/2023 07:00","BZN|BG","3215.07","3060.00"
"16/09/2023 07:00 - 16/09/2023 08:00","BZN|BG","3523.99","3325.00"
"16/09/2023 08:00 - 16/09/2023 09:00","BZN|BG","3724.85","3467.00"
"16/09/2023 09:00 - 16/09/2023 10:00","BZN|BG","3834.95","3547.00"
"16/09/2023 10:00 - 16/09/2023 11:00","BZN|BG","3833.83","3553.00"
"16/09/2023 11:00 - 16/09/2023 12:00","BZN|BG","3771.58","3547.00"
"16/09/2023 12:00 - 16/09/2023 13:00","BZN|BG","3687.87","3532.00"
"16/09/2023 13:00 - 16/09/2023 14:00","BZN|BG","3600.36","3499.00"
"16/09/2023 14:00 - 16/09/2023 15:00","BZN|BG","3574.78","3480.00"
"16/09/2023 15:00 - 16/09/2023 16:00","BZN|BG","3649.02","3498.00"
"16/09/2023 16:00 - 16/09/2023 17:00","BZN|BG","3718.04","3490.00"
"16/09/2023 17:00 - 16/09/2023 18:00","BZN|BG","3803.20","3660.00"
"16/09/2023 18:00 - 16/09/2023 19:00","BZN|BG","3906.00","3836.00"
"16/09/2023 19:00 - 16/09/2023 20:00","BZN|BG","3855.16","4034.00"
"16/09/2023 20:00 - 16/09/2023 21:00","BZN|BG","3614.91","3733.00"
"16/09/2023 21:00 - 16/09/2023 22:00","BZN|BG","3436.96","3528.00"
"16/09/2023 22:00 - 16/09/2023 23:00","BZN|BG","3277.42","3300.00"
"16/09/2023 23:00 - 17/09/2023 00:00","BZN|BG","3126.00","3052.00"
"17/09/2023 00:00 - 17/09/2023 01:00","BZN|BG","2924.56","2861.00"
"17/09/2023 01:00 - 17/09/2023 02:00","BZN|BG","2820.88","2767.00"
"17/09/2023 02:00 - 17/09/2023 03:00","BZN|BG","2784.84","2722.00"
"17/09/2023 03:00 - 17/09/2023 04:00","BZN|BG","2788.48","2736.00"
"17/09/2023 04:00 - 17/09/2023 05:00","BZN|BG","2793.34","2771.00"
"17/09/2023 05:00 - 17/09/2023 06:00","BZN|BG","2881.34","2852.00"
"17/09/2023 06:00 - 17/09/2023 07:00","BZN|BG","3053.73","3061.00"
"17/09/2023 07:00 - 17/09/2023 08:00","BZN|BG","3388.69","3402.00"
"17/09/2023 08:00 - 17/09/2023 09:00","BZN|BG","3610.48","3486.00"
"17/09/2023 09:00 - 17/09/2023 10:00","BZN|BG","3688.06","3486.00"
"17/09/2023 10:00 - 17/09/2023 11:00","BZN|BG","3702.64","3492.00"
"17/09/2023 11:00 - 17/09/2023 12:00","BZN|BG","3686.68","3503.00"
"17/09/2023 12:00 - 17/09/2023 13:00","BZN|BG","3655.99","3473.00"
"17/09/2023 13:00 - 17/09/2023 14:00","BZN|BG","3576.00","3432.00"
"17/09/2023 14:00 - 17/09/2023 15:00","BZN|BG","3573.66","3493.00"
"17/09/2023 15:00 - 17/09/2023 16:00","BZN|BG","3645.98","3546.00"
"17/09/2023 16:00 - 17/09/2023 17:00","BZN|BG","3720.89","3690.00"
"17/09/2023 17:00 - 17/09/2023 18:00","BZN|BG","3859.56","3858.00"
"17/09/2023 18:00 - 17/09/2023 19:00","BZN|BG","4019.16","4000.00"
"17/09/2023 19:00 - 17/09/2023 20:00","BZN|BG","4079.87","4091.00"
"17/09/2023 20:00 - 17/09/2023 21:00","BZN|BG","3838.48","3862.00"
"17/09/2023 21:00 - 17/09/2023 22:00","BZN|BG","3645.02","3568.00"
"17/09/2023 22:00 - 17/09/2023 23:00","BZN|BG","3393.99","3351.00"
"17/09/2023 23:00 - 18/09/2023 00:00","BZN|BG","3095.38","3126.00"
"18/09/2023 00:00 - 18/09/2023 01:00","BZN|BG","2950.80","2904.00"
"18/09/2023 01:00 - 18/09/2023 02:00","BZN|BG","2867.41","2797.00"
"18/09/2023 02:00 - 18/09/2023 03:00","BZN|BG","2831.50","2768.00"
"18/09/2023 03:00 - 18/09/2023 04:00","BZN|BG","2875.49","2793.00"
"18/09/2023 04:00 - 18/09/2023 05:00","BZN|BG","2992.55","2930.00"
"18/09/2023 05:00 - 18/09/2023 06:00","BZN|BG","3340.30","3228.00"
"18/09/2023 06:00 - 18/09/2023 07:00","BZN|BG","3644.16","3503.00"
"18/09/2023 07:00 - 18/09/2023 08:00","BZN|BG","3945.06","3803.00"
"18/09/2023 08:00 - 18/09/2023 09:00","BZN|BG","3946.58","3930.00"
"18/09/2023 09:00 - 18/09/2023 10:00","BZN|BG","3830.77","3855.00"
"18/09/2023 10:00 - 18/09/2023 11:00","BZN|BG","3903.37","3920.00"
"18/09/2023 11:00 - 18/09/2023 12:00","BZN|BG","3840.35","3888.00"
"18/09/2023 12:00 - 18/09/2023 13:00","BZN|BG","3876.87","3918.00"
"18/09/2023 13:00 - 18/09/2023 14:00","BZN|BG","3855.38","3885.00"
"18/09/2023 14:00 - 18/09/2023 15:00","BZN|BG","3859.74","3849.00"
"18/09/2023 15:00 - 18/09/2023 16:00","BZN|BG","3851.94","3828.00"
"18/09/2023 16:00 - 18/09/2023 17:00","BZN|BG","3785.07","3798.00"
"18/09/2023 17:00 - 18/09/2023 18:00","BZN|BG","3934.13","3906.00"
"18/09/2023 18:00 - 18/09/2023 19:00","BZN|BG","4128.52","4075.00"
"18/09/2023 19:00 - 18/09/2023 20:00","BZN|BG","4200.41","4194.00"
"18/09/2023 20:00 - 18/09/2023 21:00","BZN|BG","3931.56","3901.00"
"18/09/2023 21:00 - 18/09/2023 22:00","BZN|BG","3664.57","3675.00"
"18/09/2023 22:00 - 18/09/2023 23:00","BZN|BG","3466.77","3458.00"
"18/09/2023 23:00 - 19/09/2023 00:00","BZN|BG","3154.43","3212.00"
"19/09/2023 00:00 - 19/09/2023 01:00","BZN|BG","3021.04","3028.00"
"19/09/2023 01:00 - 19/09/2023 02:00","BZN|BG","2943.05","2931.00"
"19/09/2023 02:00 - 19/09/2023 03:00","BZN|BG","2894.59","2873.00"
"19/09/2023 03:00 - 19/09/2023 04:00","BZN|BG","2895.84","2882.00"
"19/09/2023 04:00 - 19/09/2023 05:00","BZN|BG","3010.43","2993.00"
"19/09/2023 05:00 - 19/09/2023 06:00","BZN|BG","3340.74","3293.00"
"19/09/2023 06:00 - 19/09/2023 07:00","BZN|BG","3651.28","3641.00"
"19/09/2023 07:00 - 19/09/2023 08:00","BZN|BG","3854.97","3993.00"
"19/09/2023 08:00 - 19/09/2023 09:00","BZN|BG","3936.74","4045.00"
"19/09/2023 09:00 - 19/09/2023 10:00","BZN|BG","3884.24","3979.00"
"19/09/2023 10:00 - 19/09/2023 11:00","BZN|BG","3865.71","4063.00"
"19/09/2023 11:00 - 19/09/2023 12:00","BZN|BG","3773.72","4038.00"
"19/09/2023 12:00 - 19/09/2023 13:00","BZN|BG","3783.92","4079.00"
"19/09/2023 13:00 - 19/09/2023 14:00","BZN|BG","3782.75","3922.00"
"19/09/2023 14:00 - 19/09/2023 15:00","BZN|BG","3780.45","4021.00"
"19/09/2023 15:00 - 19/09/2023 16:00","BZN|BG","3745.01","3933.00"
"19/09/2023 16:00 - 19/09/2023 17:00","BZN|BG","3762.77","3907.00"
"19/09/2023 17:00 - 19/09/2023 18:00","BZN|BG","3922.56","4036.00"
"19/09/2023 18:00 - 19/09/2023 19:00","BZN|BG","4147.81","4242.00"
"19/09/2023 19:00 - 19/09/2023 20:00","BZN|BG","4194.77","4338.00"
"19/09/2023 20:00 - 19/09/2023 21:00","BZN|BG","3923.04","4070.00"
"19/09/2023 21:00 - 19/09/2023 22:00","BZN|BG","3649.14","3776.00"
"19/09/2023 22:00 - 19/09/2023 23:00","BZN|BG","3452.71","3534.00"
"19/09/2023 23:00 - 20/09/2023 00:00","BZN|BG","3221.31","3187.00"
"20/09/2023 00:00 - 20/09/2023 01:00","BZN|BG","3048.19","3003.00"
"20/09/2023 01:00 - 20/09/2023 02:00","BZN|BG","2927.75","2909.00"
"20/09/2023 02:00 - 20/09/2023 03:00","BZN|BG","2893.42","2858.00"
"20/09/2023 03:00 - 20/09/2023 04:00","BZN|BG","2907.51","2877.00"
"20/09/2023 04:00 - 20/09/2023 05:00","BZN|BG","3022.71","2994.00"
"20/09/2023 05:00 - 20/09/2023 06:00","BZN|BG","3382.35","3304.00"
"20/09/2023 06:00 - 20/09/2023 07:00","BZN|BG","3650.32","3663.00"
"20/09/2023 07:00 - 20/09/2023 08:00","BZN|BG","3863.59","3964.00"
"20/09/2023 08:00 - 20/09/2023 09:00","BZN|BG","3882.82","3974.00"
"20/09/2023 09:00 - 20/09/2023 10:00","BZN|BG","3839.87","3920.00"
"20/09/2023 10:00 - 20/09/2023 11:00","BZN|BG","3883.02","3992.00"
"20/09/2023 11:00 - 20/09/2023 12:00","BZN|BG","3806.84","3974.00"
"20/09/2023 12:00 - 20/09/2023 13:00","BZN|BG","3855.44","4022.00"
"20/09/2023 13:00 - 20/09/2023 14:00","BZN|BG","3843.51","3999.00"
"20/09/2023 14:00 - 20/09/2023 15:00","BZN|BG","3792.81","4011.00"
"20/09/2023 15:00 - 20/09/2023 16:00","BZN|BG","3843.16","4034.00"
"20/09/2023 16:00 - 20/09/2023 17:00","BZN|BG","3842.17","4033.00"
"20/09/2023 17:00 - 20/09/2023 18:00","BZN|BG","3995.33","4096.00"
"20/09/2023 18:00 - 20/09/2023 19:00","BZN|BG","4176.59","4180.00"
"20/09/2023 19:00 - 20/09/2023 20:00","BZN|BG","4219.08","4214.00"
"20/09/2023 20:00 - 20/09/2023 21:00","BZN|BG","3947.24","4008.00"
"20/09/2023 21:00 - 20/09/2023 22:00","BZN|BG","3697.99","3779.00"
"20/09/2023 22:00 - 20/09/2023 23:00","BZN|BG","3519.39","3581.00"
"20/09/2023 23:00 - 21/09/2023 00:00","BZN|BG","3238.96","3219.00"
"21/09/2023 00:00 - 21/09/2023 01:00","BZN|BG","3059.78","3032.00"
"21/09/2023 01:00 - 21/09/2023 02:00","BZN|BG","2972.08","2933.00"
"21/09/2023 02:00 - 21/09/2023 03:00","BZN|BG","2926.63","2885.00"
"21/09/2023 03:00 - 21/09/2023 04:00","BZN|BG","2942.59","2890.00"
"21/09/2023 04:00 - 21/09/2023 05:00","BZN|BG","3055.99","3009.00"
"21/09/2023 05:00 - 21/09/2023 06:00","BZN|BG","3398.72","3310.00"
"21/09/2023 06:00 - 21/09/2023 07:00","BZN|BG","3683.30","3642.00"
"21/09/2023 07:00 - 21/09/2023 08:00","BZN|BG","3896.86","3923.00"
"21/09/2023 08:00 - 21/09/2023 09:00","BZN|BG","3932.13","3945.00"
"21/09/2023 09:00 - 21/09/2023 10:00","BZN|BG","3856.48","3898.00"
"21/09/2023 10:00 - 21/09/2023 11:00","BZN|BG","3901.62","3956.00"
"21/09/2023 11:00 - 21/09/2023 12:00","BZN|BG","3844.26","3926.00"
"21/09/2023 12:00 - 21/09/2023 13:00","BZN|BG","3859.59","3957.00"
"21/09/2023 13:00 - 21/09/2023 14:00","BZN|BG","3826.86","3940.00"
"21/09/2023 14:00 - 21/09/2023 15:00","BZN|BG","3831.88","3735.00"
"21/09/2023 15:00 - 21/09/2023 16:00","BZN|BG","3801.80","3828.00"
"21/09/2023 16:00 - 21/09/2023 17:00","BZN|BG","3863.44","3795.00"
"21/09/2023 17:00 - 21/09/2023 18:00","BZN|BG","3954.17","3926.00"
"21/09/2023 18:00 - 21/09/2023 19:00","BZN|BG","4131.23","4079.00"
"21/09/2023 19:00 - 21/09/2023 20:00","BZN|BG","4135.35","4145.00"
"21/09/2023 20:00 - 21/09/2023 21:00","BZN|BG","3841.91","3922.00"
"21/09/2023 21:00 - 21/09/2023 22:00","BZN|BG","3536.73","3699.00"
"21/09/2023 22:00 - 21/09/2023 23:00","BZN|BG","3330.39","3494.00"
"21/09/2023 23:00 - 22/09/2023 00:00","BZN|BG","3171.17","3192.00"
"22/09/2023 00:00 - 22/09/2023 01:00","BZN|BG","2981.20","3008.00"
"22/09/2023 01:00 - 22/09/2023 02:00","BZN|BG","2881.66","2923.00"
"22/09/2023 02:00 - 22/09/2023 03:00","BZN|BG","2820.84","2871.00"
"22/09/2023 03:00 - 22/09/2023 04:00","BZN|BG","2822.63","2863.00"
"22/09/2023 04:00 - 22/09/2023 05:00","BZN|BG","2867.09","2905.00"
"22/09/2023 05:00 - 22/09/2023 06:00","BZN|BG","2969.59","3048.00"
"22/09/2023 06:00 - 22/09/2023 07:00","BZN|BG","3185.60","3213.00"
"22/09/2023 07:00 - 22/09/2023 08:00","BZN|BG","3510.53","3554.00"
"22/09/2023 08:00 - 22/09/2023 09:00","BZN|BG","3650.98","3723.00"
"22/09/2023 09:00 - 22/09/2023 10:00","BZN|BG","3688.54","3697.00"
"22/09/2023 10:00 - 22/09/2023 11:00","BZN|BG","3679.95","3651.00"
"22/09/2023 11:00 - 22/09/2023 12:00","BZN|BG","3657.07","3622.00"
"22/09/2023 12:00 - 22/09/2023 13:00","BZN|BG","3613.68","3614.00"
"22/09/2023 13:00 - 22/09/2023 14:00","BZN|BG","3548.97","3554.00"
"22/09/2023 14:00 - 22/09/2023 15:00","BZN|BG","3556.49","3510.00"
"22/09/2023 15:00 - 22/09/2023 16:00","BZN|BG","3578.04","3520.00"
"22/09/2023 16:00 - 22/09/2023 17:00","BZN|BG","3662.73","3547.00"
"22/09/2023 17:00 - 22/09/2023 18:00","BZN|BG","3777.12","3675.00"
"22/09/2023 18:00 - 22/09/2023 19:00","BZN|BG","3948.20","3899.00"
"22/09/2023 19:00 - 22/09/2023 20:00","BZN|BG","3953.66","3962.00"
"22/09/2023 20:00 - 22/09/2023 21:00","BZN|BG","3669.57","3711.00"
"22/09/2023 21:00 - 22/09/2023 22:00","BZN|BG","3468.90","3480.00"
"22/09/2023 22:00 - 22/09/2023 23:00","BZN|BG","3352.56","3273.00"
"22/09/2023 23:00 - 23/09/2023 00:00","BZN|BG","3108.58","3037.00"
"23/09/2023 00:00 - 23/09/2023 01:00","BZN|BG","2922.27","2871.00"
"23/09/2023 01:00 - 23/09/2023 02:00","BZN|BG","2824.90","2799.00"
"23/09/2023 02:00 - 23/09/2023 03:00","BZN|BG","2756.05","2780.00"
"23/09/2023 03:00 - 23/09/2023 04:00","BZN|BG","2758.39","2782.00"
"23/09/2023 04:00 - 23/09/2023 05:00","BZN|BG","2810.93","2809.00"
"23/09/2023 05:00 - 23/09/2023 06:00","BZN|BG","2919.95","2927.00"
"23/09/2023 06:00 - 23/09/2023 07:00","BZN|BG","3104.06","3063.00"
"23/09/2023 07:00 - 23/09/2023 08:00","BZN|BG","3424.26","3336.00"
"23/09/2023 08:00 - 23/09/2023 09:00","BZN|BG","3589.83","3514.00"
"23/09/2023 09:00 - 23/09/2023 10:00","BZN|BG","3630.30","3535.00"
"23/09/2023 10:00 - 23/09/2023 11:00","BZN|BG","3630.79","3579.00"
"23/09/2023 11:00 - 23/09/2023 12:00","BZN|BG","3639.08","3602.00"
"23/09/2023 12:00 - 23/09/2023 13:00","BZN|BG","3650.15","3525.00"
"23/09/2023 13:00 - 23/09/2023 14:00","BZN|BG","3610.90","3433.00"
"23/09/2023 14:00 - 23/09/2023 15:00","BZN|BG","3628.98","3382.00"
"23/09/2023 15:00 - 23/09/2023 16:00","BZN|BG","3678.10","3395.00"
"23/09/2023 16:00 - 23/09/2023 17:00","BZN|BG","3785.11","3440.00"
"23/09/2023 17:00 - 23/09/2023 18:00","BZN|BG","3822.69","3501.00"
"23/09/2023 18:00 - 23/09/2023 19:00","BZN|BG","3937.78","3783.00"
"23/09/2023 19:00 - 23/09/2023 20:00","BZN|BG","3906.50","3832.00"
"23/09/2023 20:00 - 23/09/2023 21:00","BZN|BG","3645.87","3602.00"
"23/09/2023 21:00 - 23/09/2023 22:00","BZN|BG","3518.32","3383.00"
"23/09/2023 22:00 - 23/09/2023 23:00","BZN|BG","3404.85","3192.00"
"23/09/2023 23:00 - 24/09/2023 00:00","BZN|BG","3169.27","3120.00"
"24/09/2023 00:00 - 24/09/2023 01:00","BZN|BG","2992.54","2967.00"
"24/09/2023 01:00 - 24/09/2023 02:00","BZN|BG","2886.09","2888.00"
"24/09/2023 02:00 - 24/09/2023 03:00","BZN|BG","2847.24","2860.00"
"24/09/2023 03:00 - 24/09/2023 04:00","BZN|BG","2826.93","2863.00"
"24/09/2023 04:00 - 24/09/2023 05:00","BZN|BG","2861.19","2868.00"
"24/09/2023 05:00 - 24/09/2023 06:00","BZN|BG","2948.56","2948.00"
"24/09/2023 06:00 - 24/09/2023 07:00","BZN|BG","3077.61","3105.00"
"24/09/2023 07:00 - 24/09/2023 08:00","BZN|BG","3394.61","3409.00"
"24/09/2023 08:00 - 24/09/2023 09:00","BZN|BG","3584.97","3611.00"
"24/09/2023 09:00 - 24/09/2023 10:00","BZN|BG","3658.78","3681.00"
"24/09/2023 10:00 - 24/09/2023 11:00","BZN|BG","3680.72","3695.00"
"24/09/2023 11:00 - 24/09/2023 12:00","BZN|BG","3689.47","3660.00"
"24/09/2023 12:00 - 24/09/2023 13:00","BZN|BG","3649.58","3594.00"
"24/09/2023 13:00 - 24/09/2023 14:00","BZN|BG","3597.65","3422.00"
"24/09/2023 14:00 - 24/09/2023 15:00","BZN|BG","3614.27","3417.00"
"24/09/2023 15:00 - 24/09/2023 16:00","BZN|BG","3700.44","3511.00"
"24/09/2023 16:00 - 24/09/2023 17:00","BZN|BG","3825.95","3608.00"
"24/09/2023 17:00 - 24/09/2023 18:00","BZN|BG","3938.57","3787.00"
"24/09/2023 18:00 - 24/09/2023 19:00","BZN|BG","4062.85","3993.00"
"24/09/2023 19:00 - 24/09/2023 20:00","BZN|BG","4084.33","4072.00"
"24/09/2023 20:00 - 24/09/2023 21:00","BZN|BG","3806.95","3806.00"
"24/09/2023 21:00 - 24/09/2023 22:00","BZN|BG","3588.89","3593.00"
"24/09/2023 22:00 - 24/09/2023 23:00","BZN|BG","3383.82","3316.00"
"24/09/2023 23:00 - 25/09/2023 00:00","BZN|BG","3109.85","3148.00"
"25/09/2023 00:00 - 25/09/2023 01:00","BZN|BG","2954.10","3012.00"
"25/09/2023 01:00 - 25/09/2023 02:00","BZN|BG","2900.49","2934.00"
"25/09/2023 02:00 - 25/09/2023 03:00","BZN|BG","2857.42","2900.00"
"25/09/2023 03:00 - 25/09/2023 04:00","BZN|BG","2866.80","2950.00"
"25/09/2023 04:00 - 25/09/2023 05:00","BZN|BG","3016.80","3083.00"
"25/09/2023 05:00 - 25/09/2023 06:00","BZN|BG","3392.23","3479.00"
"25/09/2023 06:00 - 25/09/2023 07:00","BZN|BG","3696.89","3825.00"
"25/09/2023 07:00 - 25/09/2023 08:00","BZN|BG","3942.95","4168.00"
"25/09/2023 08:00 - 25/09/2023 09:00","BZN|BG","4002.48","4170.00"
"25/09/2023 09:00 - 25/09/2023 10:00","BZN|BG","3930.75","4001.00"
"25/09/2023 10:00 - 25/09/2023 11:00","BZN|BG","3975.36","4107.00"
"25/09/2023 11:00 - 25/09/2023 12:00","BZN|BG","3900.24","4015.00"
"25/09/2023 12:00 - 25/09/2023 13:00","BZN|BG","3936.38","4068.00"
"25/09/2023 13:00 - 25/09/2023 14:00","BZN|BG","3928.96","4037.00"
"25/09/2023 14:00 - 25/09/2023 15:00","BZN|BG","3933.27","4043.00"
"25/09/2023 15:00 - 25/09/2023 16:00","BZN|BG","3899.65","4032.00"
"25/09/2023 16:00 - 25/09/2023 17:00","BZN|BG","3921.73","3935.00"
"25/09/2023 17:00 - 25/09/2023 18:00","BZN|BG","4014.21","4054.00"
"25/09/2023 18:00 - 25/09/2023 19:00","BZN|BG","4228.38","4210.00"
"25/09/2023 19:00 - 25/09/2023 20:00","BZN|BG","4180.09","4267.00"
"25/09/2023 20:00 - 25/09/2023 21:00","BZN|BG","3913.06","3973.00"
"25/09/2023 21:00 - 25/09/2023 22:00","BZN|BG","3541.87","3681.00"
"25/09/2023 22:00 - 25/09/2023 23:00","BZN|BG","3407.88","3464.00"
"25/09/2023 23:00 - 26/09/2023 00:00","BZN|BG","3217.97","3135.00"
"26/09/2023 00:00 - 26/09/2023 01:00","BZN|BG","3013.66","3028.00"
"26/09/2023 01:00 - 26/09/2023 02:00","BZN|BG","2959.69","2959.00"
"26/09/2023 02:00 - 26/09/2023 03:00","BZN|BG","2907.43","2927.00"
"26/09/2023 03:00 - 26/09/2023 04:00","BZN|BG","2919.13","2945.00"
"26/09/2023 04:00 - 26/09/2023 05:00","BZN|BG","3059.49","3090.00"
"26/09/2023 05:00 - 26/09/2023 06:00","BZN|BG","3383.85","3388.00"
"26/09/2023 06:00 - 26/09/2023 07:00","BZN|BG","3686.49","3772.00"
"26/09/2023 07:00 - 26/09/2023 08:00","BZN|BG","3915.94","4098.00"
"26/09/2023 08:00 - 26/09/2023 09:00","BZN|BG","4012.47","4118.00"
"26/09/2023 09:00 - 26/09/2023 10:00","BZN|BG","3915.52","4079.00"
"26/09/2023 10:00 - 26/09/2023 11:00","BZN|BG","3882.81","4151.00"
"26/09/2023 11:00 - 26/09/2023 12:00","BZN|BG","3838.95","3973.00"
"26/09/2023 12:00 - 26/09/2023 13:00","BZN|BG","3830.50","4079.00"
"26/09/2023 13:00 - 26/09/2023 14:00","BZN|BG","3843.70","3870.00"
"26/09/2023 14:00 - 26/09/2023 15:00","BZN|BG","3850.29","3951.00"
"26/09/2023 15:00 - 26/09/2023 16:00","BZN|BG","3859.63","3913.00"
"26/09/2023 16:00 - 26/09/2023 17:00","BZN|BG","3877.48","3964.00"
"26/09/2023 17:00 - 26/09/2023 18:00","BZN|BG","4001.59","4151.00"
"26/09/2023 18:00 - 26/09/2023 19:00","BZN|BG","4286.84","4371.00"
"26/09/2023 19:00 - 26/09/2023 20:00","BZN|BG","4206.82","4380.00"
"26/09/2023 20:00 - 26/09/2023 21:00","BZN|BG","3968.37","4055.00"
"26/09/2023 21:00 - 26/09/2023 22:00","BZN|BG","3661.74","3772.00"
"26/09/2023 22:00 - 26/09/2023 23:00","BZN|BG","3492.96","3582.00"
"26/09/2023 23:00 - 27/09/2023 00:00","BZN|BG","3263.18","3272.00"
"27/09/2023 00:00 - 27/09/2023 01:00","BZN|BG","3069.62","3100.00"
"27/09/2023 01:00 - 27/09/2023 02:00","BZN|BG","2998.02","3002.00"
"27/09/2023 02:00 - 27/09/2023 03:00","BZN|BG","2964.53","2954.00"
"27/09/2023 03:00 - 27/09/2023 04:00","BZN|BG","2967.51","2963.00"
"27/09/2023 04:00 - 27/09/2023 05:00","BZN|BG","3074.72","3075.00"
"27/09/2023 05:00 - 27/09/2023 06:00","BZN|BG","3406.67","3402.00"
"27/09/2023 06:00 - 27/09/2023 07:00","BZN|BG","3714.55","3712.00"
"27/09/2023 07:00 - 27/09/2023 08:00","BZN|BG","3973.39","3987.00"
"27/09/2023 08:00 - 27/09/2023 09:00","BZN|BG","3986.25","4066.00"
"27/09/2023 09:00 - 27/09/2023 10:00","BZN|BG","3892.38","4016.00"
"27/09/2023 10:00 - 27/09/2023 11:00","BZN|BG","3874.17","4039.00"
"27/09/2023 11:00 - 27/09/2023 12:00","BZN|BG","3853.79","3946.00"
"27/09/2023 12:00 - 27/09/2023 13:00","BZN|BG","3872.35","3957.00"
"27/09/2023 13:00 - 27/09/2023 14:00","BZN|BG","3863.55","3916.00"
"27/09/2023 14:00 - 27/09/2023 15:00","BZN|BG","3850.40","3901.00"
"27/09/2023 15:00 - 27/09/2023 16:00","BZN|BG","3863.98","3902.00"
"27/09/2023 16:00 - 27/09/2023 17:00","BZN|BG","3872.79","3947.00"
"27/09/2023 17:00 - 27/09/2023 18:00","BZN|BG","4009.93","4091.00"
"27/09/2023 18:00 - 27/09/2023 19:00","BZN|BG","4249.01","4299.00"
"27/09/2023 19:00 - 27/09/2023 20:00","BZN|BG","4208.38","4327.00"
"27/09/2023 20:00 - 27/09/2023 21:00","BZN|BG","3899.04","4039.00"
"27/09/2023 21:00 - 27/09/2023 22:00","BZN|BG","3659.19","3775.00"
"27/09/2023 22:00 - 27/09/2023 23:00","BZN|BG","3469.46","3597.00"
"27/09/2023 23:00 - 28/09/2023 00:00","BZN|BG","3176.22","3220.00"
"28/09/2023 00:00 - 28/09/2023 01:00","BZN|BG","3067.81","3094.00"
"28/09/2023 01:00 - 28/09/2023 02:00","BZN|BG","2974.70","3018.00"
"28/09/2023 02:00 - 28/09/2023 03:00","BZN|BG","2970.09","2979.00"
"28/09/2023 03:00 - 28/09/2023 04:00","BZN|BG","2955.85","2992.00"
"28/09/2023 04:00 - 28/09/2023 05:00","BZN|BG","3063.49","3112.00"
"28/09/2023 05:00 - 28/09/2023 06:00","BZN|BG","3400.83","3386.00"
"28/09/2023 06:00 - 28/09/2023 07:00","BZN|BG","3680.18","3690.00"
"28/09/2023 07:00 - 28/09/2023 08:00","BZN|BG","3921.89","3942.00"
"28/09/2023 08:00 - 28/09/2023 09:00","BZN|BG","4011.95","4011.00"
"28/09/2023 09:00 - 28/09/2023 10:00","BZN|BG","3920.35","3976.00"
"28/09/2023 10:00 - 28/09/2023 11:00","BZN|BG","3899.10","3972.00"
"28/09/2023 11:00 - 28/09/2023 12:00","BZN|BG","3898.92","3893.00"
"28/09/2023 12:00 - 28/09/2023 13:00","BZN|BG","3907.40","3897.00"
"28/09/2023 13:00 - 28/09/2023 14:00","BZN|BG","3893.60","3855.00"
"28/09/2023 14:00 - 28/09/2023 15:00","BZN|BG","3836.07","3851.00"
"28/09/2023 15:00 - 28/09/2023 16:00","BZN|BG","3835.11","3848.00"
"28/09/2023 16:00 - 28/09/2023 17:00","BZN|BG","3869.46","3926.00"
"28/09/2023 17:00 - 28/09/2023 18:00","BZN|BG","4006.46","4055.00"
"28/09/2023 18:00 - 28/09/2023 19:00","BZN|BG","4232.13","4239.00"
"28/09/2023 19:00 - 28/09/2023 20:00","BZN|BG","4213.41","4278.00"
"28/09/2023 20:00 - 28/09/2023 21:00","BZN|BG","3966.74","3976.00"
"28/09/2023 21:00 - 28/09/2023 22:00","BZN|BG","3657.63","3699.00"
"28/09/2023 22:00 - 28/09/2023 23:00","BZN|BG","3413.76","3503.00"
"28/09/2023 23:00 - 29/09/2023 00:00","BZN|BG","3157.98","3208.00"
"29/09/2023 00:00 - 29/09/2023 01:00","BZN|BG","2958.42","3052.00"
"29/09/2023 01:00 - 29/09/2023 02:00","BZN|BG","2884.76","2980.00"
"29/09/2023 02:00 - 29/09/2023 03:00","BZN|BG","2869.12","2934.00"
"29/09/2023 03:00 - 29/09/2023 04:00","BZN|BG","2935.91","2946.00"
"29/09/2023 04:00 - 29/09/2023 05:00","BZN|BG","3033.59","3070.00"
"29/09/2023 05:00 - 29/09/2023 06:00","BZN|BG","3373.67","3394.00"
"29/09/2023 06:00 - 29/09/2023 07:00","BZN|BG","3682.31","3724.00"
"29/09/2023 07:00 - 29/09/2023 08:00","BZN|BG","3894.33","4012.00"
"29/09/2023 08:00 - 29/09/2023 09:00","BZN|BG","3938.23","4078.00"
"29/09/2023 09:00 - 29/09/2023 10:00","BZN|BG","3847.61","3986.00"
"29/09/2023 10:00 - 29/09/2023 11:00","BZN|BG","3803.36","3976.00"
"29/09/2023 11:00 - 29/09/2023 12:00","BZN|BG","3756.65","3893.00"
"29/09/2023 12:00 - 29/09/2023 13:00","BZN|BG","3838.95","3912.00"
"29/09/2023 13:00 - 29/09/2023 14:00","BZN|BG","3849.15","3875.00"
"29/09/2023 14:00 - 29/09/2023 15:00","BZN|BG","3854.99","3866.00"
"29/09/2023 15:00 - 29/09/2023 16:00","BZN|BG","3830.41","3847.00"
"29/09/2023 16:00 - 29/09/2023 17:00","BZN|BG","3792.93","3891.00"
"29/09/2023 17:00 - 29/09/2023 18:00","BZN|BG","3907.81","4017.00"
"29/09/2023 18:00 - 29/09/2023 19:00","BZN|BG","4193.57","4233.00"
"29/09/2023 19:00 - 29/09/2023 20:00","BZN|BG","4107.92","4223.00"
"29/09/2023 20:00 - 29/09/2023 21:00","BZN|BG","3826.47","3934.00"
"29/09/2023 21:00 - 29/09/2023 22:00","BZN|BG","3600.73","3627.00"
"29/09/2023 22:00 - 29/09/2023 23:00","BZN|BG","3376.36","3449.00"
"29/09/2023 23:00 - 30/09/2023 00:00","BZN|BG","3165.58","3200.00"
"30/09/2023 00:00 - 30/09/2023 01:00","BZN|BG","3030.34","3011.00"
"30/09/2023 01:00 - 30/09/2023 02:00","BZN|BG","2930.55","2912.00"
"30/09/2023 02:00 - 30/09/2023 03:00","BZN|BG","2883.42","2842.00"
"30/09/2023 03:00 - 30/09/2023 04:00","BZN|BG","2842.82","2844.00"
"30/09/2023 04:00 - 30/09/2023 05:00","BZN|BG","2886.26","2891.00"
"30/09/2023 05:00 - 30/09/2023 06:00","BZN|BG","2996.12","2987.00"
"30/09/2023 06:00 - 30/09/2023 07:00","BZN|BG","3157.64","3150.00"
"30/09/2023 07:00 - 30/09/2023 08:00","BZN|BG","3493.77","3434.00"
"30/09/2023 08:00 - 30/09/2023 09:00","BZN|BG","3664.09","3581.00"
"30/09/2023 09:00 - 30/09/2023 10:00","BZN|BG","3661.16","3617.00"
"30/09/2023 10:00 - 30/09/2023 11:00","BZN|BG","3638.25","3617.00"
"30/09/2023 11:00 - 30/09/2023 12:00","BZN|BG","3642.05","3624.00"
"30/09/2023 12:00 - 30/09/2023 13:00","BZN|BG","3572.61","3634.00"
"30/09/2023 13:00 - 30/09/2023 14:00","BZN|BG","3517.08","3501.00"
"30/09/2023 14:00 - 30/09/2023 15:00","BZN|BG","3498.61","3525.00"
"30/09/2023 15:00 - 30/09/2023 16:00","BZN|BG","3525.26","3590.00"
"30/09/2023 16:00 - 30/09/2023 17:00","BZN|BG","3621.78","3732.00"
"30/09/2023 17:00 - 30/09/2023 18:00","BZN|BG","3744.19","3782.00"
"30/09/2023 18:00 - 30/09/2023 19:00","BZN|BG","3922.91","3934.00"
"30/09/2023 19:00 - 30/09/2023 20:00","BZN|BG","3821.96","3894.00"
"30/09/2023 20:00 - 30/09/2023 21:00","BZN|BG","3586.90","3558.00"
"30/09/2023 21:00 - 30/09/2023 22:00","BZN|BG","3503.67","3394.00"
"30/09/2023 22:00 - 30/09/2023 23:00","BZN|BG","3360.65","3247.00"
"30/09/2023 23:00 - 01/10/2023 00:00","BZN|BG","3042.95","2983.00"
"01/10/2023 00:00 - 01/10/2023 01:00","BZN|BG","2882.91","2829.00"
"01/10/2023 01:00 - 01/10/2023 02:00","BZN|BG","2840.13","2736.00"
"01/10/2023 02:00 - 01/10/2023 03:00","BZN|BG","2776.06","2702.00"
"01/10/2023 03:00 - 01/10/2023 04:00","BZN|BG","2780.70","2684.00"
"01/10/2023 04:00 - 01/10/2023 05:00","BZN|BG","2807.67","2717.00"
"01/10/2023 05:00 - 01/10/2023 06:00","BZN|BG","2905.59","2799.00"
"01/10/2023 06:00 - 01/10/2023 07:00","BZN|BG","3031.49","2921.00"
"01/10/2023 07:00 - 01/10/2023 08:00","BZN|BG","3368.41","3221.00"
"01/10/2023 08:00 - 01/10/2023 09:00","BZN|BG","3609.42","3401.00"
"01/10/2023 09:00 - 01/10/2023 10:00","BZN|BG","3683.93","3470.00"
"01/10/2023 10:00 - 01/10/2023 11:00","BZN|BG","3662.77","3491.00"
"01/10/2023 11:00 - 01/10/2023 12:00","BZN|BG","3653.79","3499.00"
"01/10/2023 12:00 - 01/10/2023 13:00","BZN|BG","3571.92","3487.00"
"01/10/2023 13:00 - 01/10/2023 14:00","BZN|BG","3512.80","3471.00"
"01/10/2023 14:00 - 01/10/2023 15:00","BZN|BG","3490.64","3491.00"
"01/10/2023 15:00 - 01/10/2023 16:00","BZN|BG","3579.54","3591.00"
"01/10/2023 16:00 - 01/10/2023 17:00","BZN|BG","3678.08","3737.00"
"01/10/2023 17:00 - 01/10/2023 18:00","BZN|BG","3840.50","3868.00"
"01/10/2023 18:00 - 01/10/2023 19:00","BZN|BG","4113.61","4013.00"
"01/10/2023 19:00 - 01/10/2023 20:00","BZN|BG","4077.82","4038.00"
"01/10/2023 20:00 - 01/10/2023 21:00","BZN|BG","3760.44","3734.00"
"01/10/2023 21:00 - 01/10/2023 22:00","BZN|BG","3515.78","3494.00"
"01/10/2023 22:00 - 01/10/2023 23:00","BZN|BG","3300.53","3269.00"
"01/10/2023 23:00 - 02/10/2023 00:00","BZN|BG","3066.65","3064.00"
"02/10/2023 00:00 - 02/10/2023 01:00","BZN|BG","2919.80","2942.00"
"02/10/2023 01:00 - 02/10/2023 02:00","BZN|BG","2855.06","2900.00"
"02/10/2023 02:00 - 02/10/2023 03:00","BZN|BG","2797.67","2866.00"
"02/10/2023 03:00 - 02/10/2023 04:00","BZN|BG","2837.47","2877.00"
"02/10/2023 04:00 - 02/10/2023 05:00","BZN|BG","2963.60","3050.00"
"02/10/2023 05:00 - 02/10/2023 06:00","BZN|BG","3340.67","3484.00"
"02/10/2023 06:00 - 02/10/2023 07:00","BZN|BG","3605.57","3835.00"
"02/10/2023 07:00 - 02/10/2023 08:00","BZN|BG","3841.85","4119.00"
"02/10/2023 08:00 - 02/10/2023 09:00","BZN|BG","3951.01","4188.00"
"02/10/2023 09:00 - 02/10/2023 10:00","BZN|BG","3886.80","3965.00"
"02/10/2023 10:00 - 02/10/2023 11:00","BZN|BG","3838.70","4104.00"
"02/10/2023 11:00 - 02/10/2023 12:00","BZN|BG","3726.74","3871.00"
"02/10/2023 12:00 - 02/10/2023 13:00","BZN|BG","3784.31","3983.00"
"02/10/2023 13:00 - 02/10/2023 14:00","BZN|BG","3749.36","3960.00"
"02/10/2023 14:00 - 02/10/2023 15:00","BZN|BG","3742.33","3973.00"
"02/10/2023 15:00 - 02/10/2023 16:00","BZN|BG","3749.50","3869.00"
"02/10/2023 16:00 - 02/10/2023 17:00","BZN|BG","3798.58","3888.00"
"02/10/2023 17:00 - 02/10/2023 18:00","BZN|BG","3975.78","3966.00"
"02/10/2023 18:00 - 02/10/2023 19:00","BZN|BG","4274.58","4148.00"
"02/10/2023 19:00 - 02/10/2023 20:00","BZN|BG","4163.12","4107.00"
"02/10/2023 20:00 - 02/10/2023 21:00","BZN|BG","3839.08","3876.00"
"02/10/2023 21:00 - 02/10/2023 22:00","BZN|BG","3597.83","3556.00"
"02/10/2023 22:00 - 02/10/2023 23:00","BZN|BG","3442.48","3440.00"
"02/10/2023 23:00 - 03/10/2023 00:00","BZN|BG","3175.67","3198.00"
"03/10/2023 00:00 - 03/10/2023 01:00","BZN|BG","2988.02","3061.00"
"03/10/2023 01:00 - 03/10/2023 02:00","BZN|BG","2862.16","3006.00"
"03/10/2023 02:00 - 03/10/2023 03:00","BZN|BG","2853.21","2976.00"
"03/10/2023 03:00 - 03/10/2023 04:00","BZN|BG","2870.65","2997.00"
"03/10/2023 04:00 - 03/10/2023 05:00","BZN|BG","2980.33","3127.00"
"03/10/2023 05:00 - 03/10/2023 06:00","BZN|BG","3358.99","3398.00"
"03/10/2023 06:00 - 03/10/2023 07:00","BZN|BG","3677.80","3769.00"
"03/10/2023 07:00 - 03/10/2023 08:00","BZN|BG","3893.53","4048.00"
"03/10/2023 08:00 - 03/10/2023 09:00","BZN|BG","3907.61","4149.00"
"03/10/2023 09:00 - 03/10/2023 10:00","BZN|BG","3783.80","4044.00"
"03/10/2023 10:00 - 03/10/2023 11:00","BZN|BG","3805.64","4060.00"
"03/10/2023 11:00 - 03/10/2023 12:00","BZN|BG","3698.71","4007.00"
"03/10/2023 12:00 - 03/10/2023 13:00","BZN|BG","3720.21","4019.00"
"03/10/2023 13:00 - 03/10/2023 14:00","BZN|BG","3680.33","3995.00"
"03/10/2023 14:00 - 03/10/2023 15:00","BZN|BG","3701.84","3996.00"
"03/10/2023 15:00 - 03/10/2023 16:00","BZN|BG","3709.40","4001.00"
"03/10/2023 16:00 - 03/10/2023 17:00","BZN|BG","3789.82","4037.00"
"03/10/2023 17:00 - 03/10/2023 18:00","BZN|BG","3975.20","4134.00"
"03/10/2023 18:00 - 03/10/2023 19:00","BZN|BG","4281.66","4369.00"
"03/10/2023 19:00 - 03/10/2023 20:00","BZN|BG","4212.93","4314.00"
"03/10/2023 20:00 - 03/10/2023 21:00","BZN|BG","3923.32","4020.00"
"03/10/2023 21:00 - 03/10/2023 22:00","BZN|BG","3717.61","3721.00"
"03/10/2023 22:00 - 03/10/2023 23:00","BZN|BG","3526.80","3562.00"
"03/10/2023 23:00 - 04/10/2023 00:00","BZN|BG","3204.19","3140.00"
"04/10/2023 00:00 - 04/10/2023 01:00","BZN|BG","3016.12","2950.00"
"04/10/2023 01:00 - 04/10/2023 02:00","BZN|BG","2929.84","2879.00"
"04/10/2023 02:00 - 04/10/2023 03:00","BZN|BG","2938.39","2842.00"
"04/10/2023 03:00 - 04/10/2023 04:00","BZN|BG","2906.27","2868.00"
"04/10/2023 04:00 - 04/10/2023 05:00","BZN|BG","3029.79","3017.00"
"04/10/2023 05:00 - 04/10/2023 06:00","BZN|BG","3356.29","3323.00"
"04/10/2023 06:00 - 04/10/2023 07:00","BZN|BG","3671.36","3721.00"
"04/10/2023 07:00 - 04/10/2023 08:00","BZN|BG","3860.14","3974.00"
"04/10/2023 08:00 - 04/10/2023 09:00","BZN|BG","3836.81","4060.00"
"04/10/2023 09:00 - 04/10/2023 10:00","BZN|BG","3761.64","3891.00"
"04/10/2023 10:00 - 04/10/2023 11:00","BZN|BG","3718.64","3918.00"
"04/10/2023 11:00 - 04/10/2023 12:00","BZN|BG","3644.12","3857.00"
"04/10/2023 12:00 - 04/10/2023 13:00","BZN|BG","3644.78","3876.00"
"04/10/2023 13:00 - 04/10/2023 14:00","BZN|BG","3638.43","3858.00"
"04/10/2023 14:00 - 04/10/2023 15:00","BZN|BG","3645.92","3857.00"
"04/10/2023 15:00 - 04/10/2023 16:00","BZN|BG","3680.85","3859.00"
"04/10/2023 16:00 - 04/10/2023 17:00","BZN|BG","3723.06","3891.00"
"04/10/2023 17:00 - 04/10/2023 18:00","BZN|BG","3935.47","4011.00"
"04/10/2023 18:00 - 04/10/2023 19:00","BZN|BG","4266.49","4331.00"
"04/10/2023 19:00 - 04/10/2023 20:00","BZN|BG","4213.26","4263.00"
"04/10/2023 20:00 - 04/10/2023 21:00","BZN|BG","3958.02","3979.00"
"04/10/2023 21:00 - 04/10/2023 22:00","BZN|BG","3609.85","3666.00"
"04/10/2023 22:00 - 04/10/2023 23:00","BZN|BG","3467.38","3502.00"
"04/10/2023 23:00 - 05/10/2023 00:00","BZN|BG","3204.72","3134.00"
"05/10/2023 00:00 - 05/10/2023 01:00","BZN|BG","3030.97","2929.00"
"05/10/2023 01:00 - 05/10/2023 02:00","BZN|BG","2941.25","2832.00"
"05/10/2023 02:00 - 05/10/2023 03:00","BZN|BG","2904.10","2796.00"
"05/10/2023 03:00 - 05/10/2023 04:00","BZN|BG","2932.38","2827.00"
"05/10/2023 04:00 - 05/10/2023 05:00","BZN|BG","3078.39","2942.00"
"05/10/2023 05:00 - 05/10/2023 06:00","BZN|BG","3421.94","3285.00"
"05/10/2023 06:00 - 05/10/2023 07:00","BZN|BG","3731.91","3621.00"
"05/10/2023 07:00 - 05/10/2023 08:00","BZN|BG","3912.98","3879.00"
"05/10/2023 08:00 - 05/10/2023 09:00","BZN|BG","3932.82","3930.00"
"05/10/2023 09:00 - 05/10/2023 10:00","BZN|BG","3822.32","3780.00"
"05/10/2023 10:00 - 05/10/2023 11:00","BZN|BG","3760.26","3734.00"
"05/10/2023 11:00 - 05/10/2023 12:00","BZN|BG","3651.25","3676.00"
"05/10/2023 12:00 - 05/10/2023 13:00","BZN|BG","3712.17","3713.00"
"05/10/2023 13:00 - 05/10/2023 14:00","BZN|BG","3710.99","3702.00"
"05/10/2023 14:00 - 05/10/2023 15:00","BZN|BG","3712.14","3694.00"
"05/10/2023 15:00 - 05/10/2023 16:00","BZN|BG","3744.06","3715.00"
"05/10/2023 16:00 - 05/10/2023 17:00","BZN|BG","3829.89","3676.00"
"05/10/2023 17:00 - 05/10/2023 18:00","BZN|BG","3994.22","3903.00"
"05/10/2023 18:00 - 05/10/2023 19:00","BZN|BG","4287.37","4225.00"
"05/10/2023 19:00 - 05/10/2023 20:00","BZN|BG","4213.58","4173.00"
"05/10/2023 20:00 - 05/10/2023 21:00","BZN|BG","3936.10","3899.00"
"05/10/2023 21:00 - 05/10/2023 22:00","BZN|BG","3676.34","3647.00"
"05/10/2023 22:00 - 05/10/2023 23:00","BZN|BG","3452.03","3433.00"
"05/10/2023 23:00 - 06/10/2023 00:00","BZN|BG","3174.74","3173.00"
"06/10/2023 00:00 - 06/10/2023 01:00","BZN|BG","2998.47","2992.00"
"06/10/2023 01:00 - 06/10/2023 02:00","BZN|BG","2943.21","2900.00"
"06/10/2023 02:00 - 06/10/2023 03:00","BZN|BG","2925.80","2873.00"
"06/10/2023 03:00 - 06/10/2023 04:00","BZN|BG","2948.30","2898.00"
"06/10/2023 04:00 - 06/10/2023 05:00","BZN|BG","3059.13","2995.00"
"06/10/2023 05:00 - 06/10/2023 06:00","BZN|BG","3430.47","3295.00"
"06/10/2023 06:00 - 06/10/2023 07:00","BZN|BG","3747.87","3581.00"
"06/10/2023 07:00 - 06/10/2023 08:00","BZN|BG","3886.34","3796.00"
"06/10/2023 08:00 - 06/10/2023 09:00","BZN|BG","3936.00","3834.00"
"06/10/2023 09:00 - 06/10/2023 10:00","BZN|BG","3895.48","3692.00"
"06/10/2023 10:00 - 06/10/2023 11:00","BZN|BG","3884.43","3662.00"
"06/10/2023 11:00 - 06/10/2023 12:00","BZN|BG","3773.99","3607.00"
"06/10/2023 12:00 - 06/10/2023 13:00","BZN|BG","3780.40","3626.00"
"06/10/2023 13:00 - 06/10/2023 14:00","BZN|BG","3762.19","3609.00"
"06/10/2023 14:00 - 06/10/2023 15:00","BZN|BG","3805.74","3607.00"
"06/10/2023 15:00 - 06/10/2023 16:00","BZN|BG","3803.54","3624.00"
"06/10/2023 16:00 - 06/10/2023 17:00","BZN|BG","3827.46","3613.00"
"06/10/2023 17:00 - 06/10/2023 18:00","BZN|BG","3984.23","3830.00"
"06/10/2023 18:00 - 06/10/2023 19:00","BZN|BG","4196.23","4147.00"
"06/10/2023 19:00 - 06/10/2023 20:00","BZN|BG","4075.22","4098.00"
"06/10/2023 20:00 - 06/10/2023 21:00","BZN|BG","3796.85","3847.00"
"06/10/2023 21:00 - 06/10/2023 22:00","BZN|BG","3574.60","3626.00"
"06/10/2023 22:00 - 06/10/2023 23:00","BZN|BG","3375.61","3435.00"
"06/10/2023 23:00 - 07/10/2023 00:00","BZN|BG","3178.67","3136.00"
"07/10/2023 00:00 - 07/10/2023 01:00","BZN|BG","2988.42","3008.00"
"07/10/2023 01:00 - 07/10/2023 02:00","BZN|BG","2883.27","2914.00"
"07/10/2023 02:00 - 07/10/2023 03:00","BZN|BG","2854.35","2869.00"
"07/10/2023 03:00 - 07/10/2023 04:00","BZN|BG","2836.17","2831.00"
"07/10/2023 04:00 - 07/10/2023 05:00","BZN|BG","2885.46","2866.00"
"07/10/2023 05:00 - 07/10/2023 06:00","BZN|BG","3035.10","2956.00"
"07/10/2023 06:00 - 07/10/2023 07:00","BZN|BG","3207.53","3089.00"
"07/10/2023 07:00 - 07/10/2023 08:00","BZN|BG","3547.01","3364.00"
"07/10/2023 08:00 - 07/10/2023 09:00","BZN|BG","3688.16","3503.00"
"07/10/2023 09:00 - 07/10/2023 10:00","BZN|BG","3711.40","3499.00"
"07/10/2023 10:00 - 07/10/2023 11:00","BZN|BG","3652.93","3468.00"
"07/10/2023 11:00 - 07/10/2023 12:00","BZN|BG","3602.74","3473.00"
"07/10/2023 12:00 - 07/10/2023 13:00","BZN|BG","3521.78","3379.00"
"07/10/2023 13:00 - 07/10/2023 14:00","BZN|BG","3462.48","3303.00"
"07/10/2023 14:00 - 07/10/2023 15:00","BZN|BG","3427.54","3278.00"
"07/10/2023 15:00 - 07/10/2023 16:00","BZN|BG","3468.89","3320.00"
"07/10/2023 16:00 - 07/10/2023 17:00","BZN|BG","3563.44","3472.00"
"07/10/2023 17:00 - 07/10/2023 18:00","BZN|BG","3737.27","3666.00"
"07/10/2023 18:00 - 07/10/2023 19:00","BZN|BG","3945.99","3948.00"
"07/10/2023 19:00 - 07/10/2023 20:00","BZN|BG","3810.89","3837.00"
"07/10/2023 20:00 - 07/10/2023 21:00","BZN|BG","3606.37","3577.00"
"07/10/2023 21:00 - 07/10/2023 22:00","BZN|BG","3402.07","3486.00"
"07/10/2023 22:00 - 07/10/2023 23:00","BZN|BG","3215.16","3328.00"
"07/10/2023 23:00 - 08/10/2023 00:00","BZN|BG","3140.13","3033.00"
"08/10/2023 00:00 - 08/10/2023 01:00","BZN|BG","2974.54","2861.00"
"08/10/2023 01:00 - 08/10/2023 02:00","BZN|BG","2856.03","2815.00"
"08/10/2023 02:00 - 08/10/2023 03:00","BZN|BG","2805.40","2747.00"
"08/10/2023 03:00 - 08/10/2023 04:00","BZN|BG","2793.77","2751.00"
"08/10/2023 04:00 - 08/10/2023 05:00","BZN|BG","2838.68","2778.00"
"08/10/2023 05:00 - 08/10/2023 06:00","BZN|BG","2945.08","2874.00"
"08/10/2023 06:00 - 08/10/2023 07:00","BZN|BG","3106.15","2999.00"
"08/10/2023 07:00 - 08/10/2023 08:00","BZN|BG","3460.68","3331.00"
"08/10/2023 08:00 - 08/10/2023 09:00","BZN|BG","3693.29","3568.00"
"08/10/2023 09:00 - 08/10/2023 10:00","BZN|BG","3667.58","3642.00"
"08/10/2023 10:00 - 08/10/2023 11:00","BZN|BG","3670.59","3633.00"
"08/10/2023 11:00 - 08/10/2023 12:00","BZN|BG","3614.89","3630.00"
"08/10/2023 12:00 - 08/10/2023 13:00","BZN|BG","3531.33","3597.00"
"08/10/2023 13:00 - 08/10/2023 14:00","BZN|BG","3488.71","3574.00"
"08/10/2023 14:00 - 08/10/2023 15:00","BZN|BG","3487.57","3565.00"
"08/10/2023 15:00 - 08/10/2023 16:00","BZN|BG","3554.42","3648.00"
"08/10/2023 16:00 - 08/10/2023 17:00","BZN|BG","3726.48","3741.00"
"08/10/2023 17:00 - 08/10/2023 18:00","BZN|BG","4016.30","3893.00"
"08/10/2023 18:00 - 08/10/2023 19:00","BZN|BG","4196.90","4149.00"
"08/10/2023 19:00 - 08/10/2023 20:00","BZN|BG","4087.68","4112.00"
"08/10/2023 20:00 - 08/10/2023 21:00","BZN|BG","3798.82","3786.00"
"08/10/2023 21:00 - 08/10/2023 22:00","BZN|BG","3448.45","3535.00"
"08/10/2023 22:00 - 08/10/2023 23:00","BZN|BG","3258.27","3314.00"
"08/10/2023 23:00 - 09/10/2023 00:00","BZN|BG","3053.20","3197.00"
"09/10/2023 00:00 - 09/10/2023 01:00","BZN|BG","2887.38","3034.00"
"09/10/2023 01:00 - 09/10/2023 02:00","BZN|BG","2793.90","2962.00"
"09/10/2023 02:00 - 09/10/2023 03:00","BZN|BG","2833.11","2899.00"
"09/10/2023 03:00 - 09/10/2023 04:00","BZN|BG","2844.66","2939.00"
"09/10/2023 04:00 - 09/10/2023 05:00","BZN|BG","2979.11","3069.00"
"09/10/2023 05:00 - 09/10/2023 06:00","BZN|BG","3367.58","3456.00"
"09/10/2023 06:00 - 09/10/2023 07:00","BZN|BG","3641.70","3728.00"
"09/10/2023 07:00 - 09/10/2023 08:00","BZN|BG","3881.87","3970.00"
"09/10/2023 08:00 - 09/10/2023 09:00","BZN|BG","3915.21","4082.00"
"09/10/2023 09:00 - 09/10/2023 10:00","BZN|BG","3803.16","4019.00"
"09/10/2023 10:00 - 09/10/2023 11:00","BZN|BG","3777.98","3971.00"
"09/10/2023 11:00 - 09/10/2023 12:00","BZN|BG","3695.45","3875.00"
"09/10/2023 12:00 - 09/10/2023 13:00","BZN|BG","3691.33","3917.00"
"09/10/2023 13:00 - 09/10/2023 14:00","BZN|BG","3652.59","3882.00"
"09/10/2023 14:00 - 09/10/2023 15:00","BZN|BG","3654.81","3875.00"
"09/10/2023 15:00 - 09/10/2023 16:00","BZN|BG","3647.44","3882.00"
"09/10/2023 16:00 - 09/10/2023 17:00","BZN|BG","3739.54","3926.00"
"09/10/2023 17:00 - 09/10/2023 18:00","BZN|BG","3984.47","4084.00"
"09/10/2023 18:00 - 09/10/2023 19:00","BZN|BG","4305.75","4352.00"
"09/10/2023 19:00 - 09/10/2023 20:00","BZN|BG","4172.36","4233.00"
"09/10/2023 20:00 - 09/10/2023 21:00","BZN|BG","3874.30","3887.00"
"09/10/2023 21:00 - 09/10/2023 22:00","BZN|BG","3772.46","3629.00"
"09/10/2023 22:00 - 09/10/2023 23:00","BZN|BG","3526.50","3463.00"
"09/10/2023 23:00 - 10/10/2023 00:00","BZN|BG","3126.82","3193.00"
"10/10/2023 00:00 - 10/10/2023 01:00","BZN|BG","2924.32","3015.00"
"10/10/2023 01:00 - 10/10/2023 02:00","BZN|BG","2871.12","2918.00"
"10/10/2023 02:00 - 10/10/2023 03:00","BZN|BG","2793.90","2906.00"
"10/10/2023 03:00 - 10/10/2023 04:00","BZN|BG","2860.09","2923.00"
"10/10/2023 04:00 - 10/10/2023 05:00","BZN|BG","3018.00","3053.00"
"10/10/2023 05:00 - 10/10/2023 06:00","BZN|BG","3418.15","3454.00"
"10/10/2023 06:00 - 10/10/2023 07:00","BZN|BG","3680.70","3777.00"
"10/10/2023 07:00 - 10/10/2023 08:00","BZN|BG","3902.33","4005.00"
"10/10/2023 08:00 - 10/10/2023 09:00","BZN|BG","4037.45","4022.00"
"10/10/2023 09:00 - 10/10/2023 10:00","BZN|BG","3947.63","3934.00"
"10/10/2023 10:00 - 10/10/2023 11:00","BZN|BG","3864.92","3909.00"
"10/10/2023 11:00 - 10/10/2023 12:00","BZN|BG","3774.25","3871.00"
"10/10/2023 12:00 - 10/10/2023 13:00","BZN|BG","3796.73","3883.00"
"10/10/2023 13:00 - 10/10/2023 14:00","BZN|BG","3745.46","3875.00"
"10/10/2023 14:00 - 10/10/2023 15:00","BZN|BG","3725.01","3871.00"
"10/10/2023 15:00 - 10/10/2023 16:00","BZN|BG","3736.78","3879.00"
"10/10/2023 16:00 - 10/10/2023 17:00","BZN|BG","3830.70","3926.00"
"10/10/2023 17:00 - 10/10/2023 18:00","BZN|BG","4077.49","4053.00"
"10/10/2023 18:00 - 10/10/2023 19:00","BZN|BG","4319.82","4336.00"
"10/10/2023 19:00 - 10/10/2023 20:00","BZN|BG","4183.82","4220.00"
"10/10/2023 20:00 - 10/10/2023 21:00","BZN|BG","3892.29","3965.00"
"10/10/2023 21:00 - 10/10/2023 22:00","BZN|BG","3692.59","3718.00"
"10/10/2023 22:00 - 10/10/2023 23:00","BZN|BG","3475.03","3536.00"
"10/10/2023 23:00 - 11/10/2023 00:00","BZN|BG","3175.24","3156.00"
"11/10/2023 00:00 - 11/10/2023 01:00","BZN|BG","2985.34","2947.00"
"11/10/2023 01:00 - 11/10/2023 02:00","BZN|BG","2900.43","2843.00"
"11/10/2023 02:00 - 11/10/2023 03:00","BZN|BG","2885.63","2828.00"
"11/10/2023 03:00 - 11/10/2023 04:00","BZN|BG","2907.07","2838.00"
"11/10/2023 04:00 - 11/10/2023 05:00","BZN|BG","3011.73","2981.00"
"11/10/2023 05:00 - 11/10/2023 06:00","BZN|BG","3442.68","3394.00"
"11/10/2023 06:00 - 11/10/2023 07:00","BZN|BG","3814.74","3761.00"
"11/10/2023 07:00 - 11/10/2023 08:00","BZN|BG","3968.43","3972.00"
"11/10/2023 08:00 - 11/10/2023 09:00","BZN|BG","3970.12","3989.00"
"11/10/2023 09:00 - 11/10/2023 10:00","BZN|BG","3853.97","3849.00"
"11/10/2023 10:00 - 11/10/2023 11:00","BZN|BG","3854.42","3812.00"
"11/10/2023 11:00 - 11/10/2023 12:00","BZN|BG","3709.35","3661.00"
"11/10/2023 12:00 - 11/10/2023 13:00","BZN|BG","3646.27","3687.00"
"11/10/2023 13:00 - 11/10/2023 14:00","BZN|BG","3587.45","3661.00"
"11/10/2023 14:00 - 11/10/2023 15:00","BZN|BG","3596.13","3681.00"
"11/10/2023 15:00 - 11/10/2023 16:00","BZN|BG","3626.85","3700.00"
"11/10/2023 16:00 - 11/10/2023 17:00","BZN|BG","3711.30","3762.00"
"11/10/2023 17:00 - 11/10/2023 18:00","BZN|BG","4035.03","3954.00"
"11/10/2023 18:00 - 11/10/2023 19:00","BZN|BG","4374.35","4258.00"
"11/10/2023 19:00 - 11/10/2023 20:00","BZN|BG","4272.51","4185.00"
"11/10/2023 20:00 - 11/10/2023 21:00","BZN|BG","3983.81","3931.00"
"11/10/2023 21:00 - 11/10/2023 22:00","BZN|BG","3727.33","3691.00"
"11/10/2023 22:00 - 11/10/2023 23:00","BZN|BG","3489.54","3516.00"
"11/10/2023 23:00 - 12/10/2023 00:00","BZN|BG","3201.18","3195.00"
"12/10/2023 00:00 - 12/10/2023 01:00","BZN|BG","3027.64","2977.00"
"12/10/2023 01:00 - 12/10/2023 02:00","BZN|BG","2922.47","2887.00"
"12/10/2023 02:00 - 12/10/2023 03:00","BZN|BG","2898.05","2865.00"
"12/10/2023 03:00 - 12/10/2023 04:00","BZN|BG","2925.43","2891.00"
"12/10/2023 04:00 - 12/10/2023 05:00","BZN|BG","3055.67","3040.00"
"12/10/2023 05:00 - 12/10/2023 06:00","BZN|BG","3452.07","3473.00"
"12/10/2023 06:00 - 12/10/2023 07:00","BZN|BG","3831.38","3844.00"
"12/10/2023 07:00 - 12/10/2023 08:00","BZN|BG","4074.31","4078.00"
"12/10/2023 08:00 - 12/10/2023 09:00","BZN|BG","4057.98","4108.00"
"12/10/2023 09:00 - 12/10/2023 10:00","BZN|BG","3870.59","3982.00"
"12/10/2023 10:00 - 12/10/2023 11:00","BZN|BG","3779.80","3922.00"
"12/10/2023 11:00 - 12/10/2023 12:00","BZN|BG","3718.79","3760.00"
"12/10/2023 12:00 - 12/10/2023 13:00","BZN|BG","3733.59","3765.00"
"12/10/2023 13:00 - 12/10/2023 14:00","BZN|BG","3676.91","3760.00"
"12/10/2023 14:00 - 12/10/2023 15:00","BZN|BG","3672.63","3775.00"
"12/10/2023 15:00 - 12/10/2023 16:00","BZN|BG","3674.75","3781.00"
"12/10/2023 16:00 - 12/10/2023 17:00","BZN|BG","3775.81","3836.00"
"12/10/2023 17:00 - 12/10/2023 18:00","BZN|BG","4047.82","4124.00"
"12/10/2023 18:00 - 12/10/2023 19:00","BZN|BG","4415.50","4478.00"
"12/10/2023 19:00 - 12/10/2023 20:00","BZN|BG","4311.43","4356.00"
"12/10/2023 20:00 - 12/10/2023 21:00","BZN|BG","4028.35","4050.00"
"12/10/2023 21:00 - 12/10/2023 22:00","BZN|BG","3720.65","3769.00"
"12/10/2023 22:00 - 12/10/2023 23:00","BZN|BG","3473.55","3545.00"
"12/10/2023 23:00 - 13/10/2023 00:00","BZN|BG","3257.22","3160.00"
"13/10/2023 00:00 - 13/10/2023 01:00","BZN|BG","3063.84","2914.00"
"13/10/2023 01:00 - 13/10/2023 02:00","BZN|BG","2961.21","2801.00"
"13/10/2023 02:00 - 13/10/2023 03:00","BZN|BG","2924.57","2771.00"
"13/10/2023 03:00 - 13/10/2023 04:00","BZN|BG","2952.58","2798.00"
"13/10/2023 04:00 - 13/10/2023 05:00","BZN|BG","3092.29","2936.00"
"13/10/2023 05:00 - 13/10/2023 06:00","BZN|BG","3469.08","3350.00"
"13/10/2023 06:00 - 13/10/2023 07:00","BZN|BG","3829.91","3707.00"
"13/10/2023 07:00 - 13/10/2023 08:00","BZN|BG","4046.51","3932.00"
"13/10/2023 08:00 - 13/10/2023 09:00","BZN|BG","4017.71","3974.00"
"13/10/2023 09:00 - 13/10/2023 10:00","BZN|BG","3842.61","3883.00"
"13/10/2023 10:00 - 13/10/2023 11:00","BZN|BG","3817.18","3845.00"
"13/10/2023 11:00 - 13/10/2023 12:00","BZN|BG","3714.61","3724.00"
"13/10/2023 12:00 - 13/10/2023 13:00","BZN|BG","3725.79","3768.00"
"13/10/2023 13:00 - 13/10/2023 14:00","BZN|BG","3702.28","3696.00"
"13/10/2023 14:00 - 13/10/2023 15:00","BZN|BG","3730.51","3715.00"
"13/10/2023 15:00 - 13/10/2023 16:00","BZN|BG","3768.77","3731.00"
"13/10/2023 16:00 - 13/10/2023 17:00","BZN|BG","3792.83","3785.00"
"13/10/2023 17:00 - 13/10/2023 18:00","BZN|BG","3999.20","3959.00"
"13/10/2023 18:00 - 13/10/2023 19:00","BZN|BG","4295.80","4201.00"
"13/10/2023 19:00 - 13/10/2023 20:00","BZN|BG","4145.76","4133.00"
"13/10/2023 20:00 - 13/10/2023 21:00","BZN|BG","3853.56","3863.00"
"13/10/2023 21:00 - 13/10/2023 22:00","BZN|BG","3707.35","3614.00"
"13/10/2023 22:00 - 13/10/2023 23:00","BZN|BG","3537.89","3415.00"
"13/10/2023 23:00 - 14/10/2023 00:00","BZN|BG","3238.67","3160.00"
"14/10/2023 00:00 - 14/10/2023 01:00","BZN|BG","3040.66","2961.00"
"14/10/2023 01:00 - 14/10/2023 02:00","BZN|BG","2944.28","2851.00"
"14/10/2023 02:00 - 14/10/2023 03:00","BZN|BG","2888.43","2821.00"
"14/10/2023 03:00 - 14/10/2023 04:00","BZN|BG","2887.26","2802.00"
"14/10/2023 04:00 - 14/10/2023 05:00","BZN|BG","2931.12","2850.00"
"14/10/2023 05:00 - 14/10/2023 06:00","BZN|BG","3104.41","2996.00"
"14/10/2023 06:00 - 14/10/2023 07:00","BZN|BG","3295.57","3164.00"
"14/10/2023 07:00 - 14/10/2023 08:00","BZN|BG","3611.66","3495.00"
"14/10/2023 08:00 - 14/10/2023 09:00","BZN|BG","3753.36","3633.00"
"14/10/2023 09:00 - 14/10/2023 10:00","BZN|BG","3702.67","3656.00"
"14/10/2023 10:00 - 14/10/2023 11:00","BZN|BG","3619.27","3594.00"
"14/10/2023 11:00 - 14/10/2023 12:00","BZN|BG","3546.72","3541.00"
"14/10/2023 12:00 - 14/10/2023 13:00","BZN|BG","3481.01","3456.00"
"14/10/2023 13:00 - 14/10/2023 14:00","BZN|BG","3401.51","3393.00"
"14/10/2023 14:00 - 14/10/2023 15:00","BZN|BG","3386.19","3356.00"
"14/10/2023 15:00 - 14/10/2023 16:00","BZN|BG","3433.11","3410.00"
"14/10/2023 16:00 - 14/10/2023 17:00","BZN|BG","3540.18","3532.00"
"14/10/2023 17:00 - 14/10/2023 18:00","BZN|BG","3759.03","3757.00"
"14/10/2023 18:00 - 14/10/2023 19:00","BZN|BG","4032.39","4026.00"
"14/10/2023 19:00 - 14/10/2023 20:00","BZN|BG","3860.10","3902.00"
"14/10/2023 20:00 - 14/10/2023 21:00","BZN|BG","3638.01","3715.00"
"14/10/2023 21:00 - 14/10/2023 22:00","BZN|BG","3437.14","3528.00"
"14/10/2023 22:00 - 14/10/2023 23:00","BZN|BG","3254.93","3356.00"
"14/10/2023 23:00 - 15/10/2023 00:00","BZN|BG","3109.57","3042.00"
"15/10/2023 00:00 - 15/10/2023 01:00","BZN|BG","2937.36","2882.00"
"15/10/2023 01:00 - 15/10/2023 02:00","BZN|BG","2846.14","2768.00"
"15/10/2023 02:00 - 15/10/2023 03:00","BZN|BG","2762.91","2719.00"
"15/10/2023 03:00 - 15/10/2023 04:00","BZN|BG","2726.06","2708.00"
"15/10/2023 04:00 - 15/10/2023 05:00","BZN|BG","2793.69","2747.00"
"15/10/2023 05:00 - 15/10/2023 06:00","BZN|BG","2928.73","2839.00"
"15/10/2023 06:00 - 15/10/2023 07:00","BZN|BG","3113.44","2978.00"
"15/10/2023 07:00 - 15/10/2023 08:00","BZN|BG","3475.30","3285.00"
"15/10/2023 08:00 - 15/10/2023 09:00","BZN|BG","3677.54","3486.00"
"15/10/2023 09:00 - 15/10/2023 10:00","BZN|BG","3690.70","3450.00"
"15/10/2023 10:00 - 15/10/2023 11:00","BZN|BG","3639.83","3454.00"
"15/10/2023 11:00 - 15/10/2023 12:00","BZN|BG","3571.66","3374.00"
"15/10/2023 12:00 - 15/10/2023 13:00","BZN|BG","3522.39","3254.00"
"15/10/2023 13:00 - 15/10/2023 14:00","BZN|BG","3442.33","3193.00"
"15/10/2023 14:00 - 15/10/2023 15:00","BZN|BG","3462.61","3192.00"
"15/10/2023 15:00 - 15/10/2023 16:00","BZN|BG","3548.32","3280.00"
"15/10/2023 16:00 - 15/10/2023 17:00","BZN|BG","3677.70","3508.00"
"15/10/2023 17:00 - 15/10/2023 18:00","BZN|BG","3901.27","3891.00"
"15/10/2023 18:00 - 15/10/2023 19:00","BZN|BG","4246.84","4130.00"
"15/10/2023 19:00 - 15/10/2023 20:00","BZN|BG","4107.07","4030.00"
"15/10/2023 20:00 - 15/10/2023 21:00","BZN|BG","3792.30","3764.00"
"15/10/2023 21:00 - 15/10/2023 22:00","BZN|BG","3566.02","3442.00"
"15/10/2023 22:00 - 15/10/2023 23:00","BZN|BG","3329.79","3267.00"
"15/10/2023 23:00 - 16/10/2023 00:00","BZN|BG","3145.60","3233.00"
"16/10/2023 00:00 - 16/10/2023 01:00","BZN|BG","3016.09","3049.00"
"16/10/2023 01:00 - 16/10/2023 02:00","BZN|BG","2871.04","2946.00"
"16/10/2023 02:00 - 16/10/2023 03:00","BZN|BG","2842.21","2993.00"
"16/10/2023 03:00 - 16/10/2023 04:00","BZN|BG","2861.22","3007.00"
"16/10/2023 04:00 - 16/10/2023 05:00","BZN|BG","2995.31","3168.00"
"16/10/2023 05:00 - 16/10/2023 06:00","BZN|BG","3434.22","3633.00"
"16/10/2023 06:00 - 16/10/2023 07:00","BZN|BG","3727.75","3961.00"
"16/10/2023 07:00 - 16/10/2023 08:00","BZN|BG","4073.05","4248.00"
"16/10/2023 08:00 - 16/10/2023 09:00","BZN|BG","4171.25","4288.00"
"16/10/2023 09:00 - 16/10/2023 10:00","BZN|BG","4087.88","4093.00"
"16/10/2023 10:00 - 16/10/2023 11:00","BZN|BG","4046.75","4049.00"
"16/10/2023 11:00 - 16/10/2023 12:00","BZN|BG","3974.14","3904.00"
"16/10/2023 12:00 - 16/10/2023 13:00","BZN|BG","3871.12","3897.00"
"16/10/2023 13:00 - 16/10/2023 14:00","BZN|BG","3773.24","3830.00"
"16/10/2023 14:00 - 16/10/2023 15:00","BZN|BG","3702.05","3834.00"
"16/10/2023 15:00 - 16/10/2023 16:00","BZN|BG","3690.96","3821.00"
"16/10/2023 16:00 - 16/10/2023 17:00","BZN|BG","3814.02","3943.00"
"16/10/2023 17:00 - 16/10/2023 18:00","BZN|BG","4206.92","4267.00"
"16/10/2023 18:00 - 16/10/2023 19:00","BZN|BG","4542.85","4693.00"
"16/10/2023 19:00 - 16/10/2023 20:00","BZN|BG","4386.53","4516.00"
"16/10/2023 20:00 - 16/10/2023 21:00","BZN|BG","4113.95","4120.00"
"16/10/2023 21:00 - 16/10/2023 22:00","BZN|BG","3860.54","3985.00"
"16/10/2023 22:00 - 16/10/2023 23:00","BZN|BG","3717.64","3659.00"
"16/10/2023 23:00 - 17/10/2023 00:00","BZN|BG","3321.68","3425.00"
"17/10/2023 00:00 - 17/10/2023 01:00","BZN|BG","3136.06","3193.00"
"17/10/2023 01:00 - 17/10/2023 02:00","BZN|BG","3043.83","3098.00"
"17/10/2023 02:00 - 17/10/2023 03:00","BZN|BG","3010.96","3035.00"
"17/10/2023 03:00 - 17/10/2023 04:00","BZN|BG","3057.35","3091.00"
"17/10/2023 04:00 - 17/10/2023 05:00","BZN|BG","3202.93","3247.00"
"17/10/2023 05:00 - 17/10/2023 06:00","BZN|BG","3655.44","3707.00"
"17/10/2023 06:00 - 17/10/2023 07:00","BZN|BG","4035.89","4203.00"
"17/10/2023 07:00 - 17/10/2023 08:00","BZN|BG","4276.34","4460.00"
"17/10/2023 08:00 - 17/10/2023 09:00","BZN|BG","4241.12","4507.00"
"17/10/2023 09:00 - 17/10/2023 10:00","BZN|BG","4098.60","4257.00"
"17/10/2023 10:00 - 17/10/2023 11:00","BZN|BG","4086.58","4144.00"
"17/10/2023 11:00 - 17/10/2023 12:00","BZN|BG","4013.36","3932.00"
"17/10/2023 12:00 - 17/10/2023 13:00","BZN|BG","4030.07","3876.00"
"17/10/2023 13:00 - 17/10/2023 14:00","BZN|BG","4025.96","3864.00"
"17/10/2023 14:00 - 17/10/2023 15:00","BZN|BG","4054.06","3908.00"
"17/10/2023 15:00 - 17/10/2023 16:00","BZN|BG","4088.86","3882.00"
"17/10/2023 16:00 - 17/10/2023 17:00","BZN|BG","4244.91","4042.00"
"17/10/2023 17:00 - 17/10/2023 18:00","BZN|BG","4603.73","4477.00"
"17/10/2023 18:00 - 17/10/2023 19:00","BZN|BG","4851.03","4941.00"
"17/10/2023 19:00 - 17/10/2023 20:00","BZN|BG","4649.17","4775.00"
"17/10/2023 20:00 - 17/10/2023 21:00","BZN|BG","4344.85","4448.00"
"17/10/2023 21:00 - 17/10/2023 22:00","BZN|BG","4010.26","4146.00"
"17/10/2023 22:00 - 17/10/2023 23:00","BZN|BG","3746.92","3882.00"
"17/10/2023 23:00 - 18/10/2023 00:00","BZN|BG","3424.14","3387.00"
"18/10/2023 00:00 - 18/10/2023 01:00","BZN|BG","3228.96","3160.00"
"18/10/2023 01:00 - 18/10/2023 02:00","BZN|BG","3122.05","3057.00"
"18/10/2023 02:00 - 18/10/2023 03:00","BZN|BG","3070.54","3011.00"
"18/10/2023 03:00 - 18/10/2023 04:00","BZN|BG","3111.79","3055.00"
"18/10/2023 04:00 - 18/10/2023 05:00","BZN|BG","3283.00","3219.00"
"18/10/2023 05:00 - 18/10/2023 06:00","BZN|BG","3737.29","3712.00"
"18/10/2023 06:00 - 18/10/2023 07:00","BZN|BG","4088.67","4134.00"
"18/10/2023 07:00 - 18/10/2023 08:00","BZN|BG","4392.56","4391.00"
"18/10/2023 08:00 - 18/10/2023 09:00","BZN|BG","4475.38","4419.00"
"18/10/2023 09:00 - 18/10/2023 10:00","BZN|BG","4311.48","4194.00"
"18/10/2023 10:00 - 18/10/2023 11:00","BZN|BG","4242.56","4116.00"
"18/10/2023 11:00 - 18/10/2023 12:00","BZN|BG","4109.62","3958.00"
"18/10/2023 12:00 - 18/10/2023 13:00","BZN|BG","4118.02","3952.00"
"18/10/2023 13:00 - 18/10/2023 14:00","BZN|BG","4098.45","3877.00"
"18/10/2023 14:00 - 18/10/2023 15:00","BZN|BG","4100.89","3882.00"
"18/10/2023 15:00 - 18/10/2023 16:00","BZN|BG","4124.36","3916.00"
"18/10/2023 16:00 - 18/10/2023 17:00","BZN|BG","4187.68","4041.00"
"18/10/2023 17:00 - 18/10/2023 18:00","BZN|BG","4566.53","4472.00"
"18/10/2023 18:00 - 18/10/2023 19:00","BZN|BG","4898.64","4984.00"
"18/10/2023 19:00 - 18/10/2023 20:00","BZN|BG","4747.91","4828.00"
"18/10/2023 20:00 - 18/10/2023 21:00","BZN|BG","4450.07","4462.00"
"18/10/2023 21:00 - 18/10/2023 22:00","BZN|BG","4226.73","4173.00"
"18/10/2023 22:00 - 18/10/2023 23:00","BZN|BG","3878.11","3897.00"
"18/10/2023 23:00 - 19/10/2023 00:00","BZN|BG","3503.11","3408.00"
"19/10/2023 00:00 - 19/10/2023 01:00","BZN|BG","3296.35","3191.00"
"19/10/2023 01:00 - 19/10/2023 02:00","BZN|BG","3195.54","3094.00"
"19/10/2023 02:00 - 19/10/2023 03:00","BZN|BG","3151.19","3054.00"
"19/10/2023 03:00 - 19/10/2023 04:00","BZN|BG","3172.23","3096.00"
"19/10/2023 04:00 - 19/10/2023 05:00","BZN|BG","3325.44","3255.00"
"19/10/2023 05:00 - 19/10/2023 06:00","BZN|BG","3789.42","3736.00"
"19/10/2023 06:00 - 19/10/2023 07:00","BZN|BG","4177.65","4181.00"
"19/10/2023 07:00 - 19/10/2023 08:00","BZN|BG","4473.46","4434.00"
"19/10/2023 08:00 - 19/10/2023 09:00","BZN|BG","4511.75","4477.00"
"19/10/2023 09:00 - 19/10/2023 10:00","BZN|BG","4292.17","4292.00"
"19/10/2023 10:00 - 19/10/2023 11:00","BZN|BG","4128.38","4230.00"
"19/10/2023 11:00 - 19/10/2023 12:00","BZN|BG","3976.83","4143.00"
"19/10/2023 12:00 - 19/10/2023 13:00","BZN|BG","3934.23","4147.00"
"19/10/2023 13:00 - 19/10/2023 14:00","BZN|BG","3872.35","4101.00"
"19/10/2023 14:00 - 19/10/2023 15:00","BZN|BG","3844.13","4135.00"
"19/10/2023 15:00 - 19/10/2023 16:00","BZN|BG","3856.45","4143.00"
"19/10/2023 16:00 - 19/10/2023 17:00","BZN|BG","3959.82","4203.00"
"19/10/2023 17:00 - 19/10/2023 18:00","BZN|BG","4359.45","4539.00"
"19/10/2023 18:00 - 19/10/2023 19:00","BZN|BG","4780.99","4915.00"
"19/10/2023 19:00 - 19/10/2023 20:00","BZN|BG","4634.74","4741.00"
"19/10/2023 20:00 - 19/10/2023 21:00","BZN|BG","4367.93","4369.00"
"19/10/2023 21:00 - 19/10/2023 22:00","BZN|BG","3916.13","4102.00"
"19/10/2023 22:00 - 19/10/2023 23:00","BZN|BG","3660.06","3820.00"
"19/10/2023 23:00 - 20/10/2023 00:00","BZN|BG","3467.67","3375.00"
"20/10/2023 00:00 - 20/10/2023 01:00","BZN|BG","3254.24","3174.00"
"20/10/2023 01:00 - 20/10/2023 02:00","BZN|BG","3172.19","3022.00"
"20/10/2023 02:00 - 20/10/2023 03:00","BZN|BG","3115.46","2991.00"
"20/10/2023 03:00 - 20/10/2023 04:00","BZN|BG","3133.93","3024.00"
"20/10/2023 04:00 - 20/10/2023 05:00","BZN|BG","3254.61","3171.00"
"20/10/2023 05:00 - 20/10/2023 06:00","BZN|BG","3678.48","3621.00"
"20/10/2023 06:00 - 20/10/2023 07:00","BZN|BG","4066.21","3964.00"
"20/10/2023 07:00 - 20/10/2023 08:00","BZN|BG","4269.46","4198.00"
"20/10/2023 08:00 - 20/10/2023 09:00","BZN|BG","4249.11","4229.00"
"20/10/2023 09:00 - 20/10/2023 10:00","BZN|BG","4049.84","4119.00"
"20/10/2023 10:00 - 20/10/2023 11:00","BZN|BG","3986.96","4094.00"
"20/10/2023 11:00 - 20/10/2023 12:00","BZN|BG","3873.19","4018.00"
"20/10/2023 12:00 - 20/10/2023 13:00","BZN|BG","3822.22","4008.00"
"20/10/2023 13:00 - 20/10/2023 14:00","BZN|BG","3704.88","3975.00"
"20/10/2023 14:00 - 20/10/2023 15:00","BZN|BG","3783.46","3988.00"
"20/10/2023 15:00 - 20/10/2023 16:00","BZN|BG","3755.17","4009.00"
"20/10/2023 16:00 - 20/10/2023 17:00","BZN|BG","3900.56","4068.00"
"20/10/2023 17:00 - 20/10/2023 18:00","BZN|BG","4121.88","4274.00"
"20/10/2023 18:00 - 20/10/2023 19:00","BZN|BG","4447.94","4540.00"
"20/10/2023 19:00 - 20/10/2023 20:00","BZN|BG","4284.58","4418.00"
"20/10/2023 20:00 - 20/10/2023 21:00","BZN|BG","3982.10","4154.00"
"20/10/2023 21:00 - 20/10/2023 22:00","BZN|BG","3902.85","3924.00"
"20/10/2023 22:00 - 20/10/2023 23:00","BZN|BG","3654.55","3695.00"
"20/10/2023 23:00 - 21/10/2023 00:00","BZN|BG","3333.81","3235.00"
"21/10/2023 00:00 - 21/10/2023 01:00","BZN|BG","3139.85","3037.00"
"21/10/2023 01:00 - 21/10/2023 02:00","BZN|BG","2998.66","2940.00"
"21/10/2023 02:00 - 21/10/2023 03:00","BZN|BG","2934.98","2884.00"
"21/10/2023 03:00 - 21/10/2023 04:00","BZN|BG","2931.45","2883.00"
"21/10/2023 04:00 - 21/10/2023 05:00","BZN|BG","2967.26","2919.00"
"21/10/2023 05:00 - 21/10/2023 06:00","BZN|BG","3118.55","3064.00"
"21/10/2023 06:00 - 21/10/2023 07:00","BZN|BG","3359.42","3224.00"
"21/10/2023 07:00 - 21/10/2023 08:00","BZN|BG","3660.11","3489.00"
"21/10/2023 08:00 - 21/10/2023 09:00","BZN|BG","3717.62","3607.00"
"21/10/2023 09:00 - 21/10/2023 10:00","BZN|BG","3723.83","3571.00"
"21/10/2023 10:00 - 21/10/2023 11:00","BZN|BG","3641.84","3511.00"
"21/10/2023 11:00 - 21/10/2023 12:00","BZN|BG","3558.77","3459.00"
"21/10/2023 12:00 - 21/10/2023 13:00","BZN|BG","3506.22","3411.00"
"21/10/2023 13:00 - 21/10/2023 14:00","BZN|BG","3405.40","3354.00"
"21/10/2023 14:00 - 21/10/2023 15:00","BZN|BG","3353.95","3343.00"
"21/10/2023 15:00 - 21/10/2023 16:00","BZN|BG","3462.73","3389.00"
"21/10/2023 16:00 - 21/10/2023 17:00","BZN|BG","3574.27","3492.00"
"21/10/2023 17:00 - 21/10/2023 18:00","BZN|BG","3781.20","3705.00"
"21/10/2023 18:00 - 21/10/2023 19:00","BZN|BG","4008.50","3969.00"
"21/10/2023 19:00 - 21/10/2023 20:00","BZN|BG","3834.83","3831.00"
"21/10/2023 20:00 - 21/10/2023 21:00","BZN|BG","3618.06","3652.00"
"21/10/2023 21:00 - 21/10/2023 22:00","BZN|BG","3547.61","3490.00"
"21/10/2023 22:00 - 21/10/2023 23:00","BZN|BG","3385.65","3343.00"
"21/10/2023 23:00 - 22/10/2023 00:00","BZN|BG","3114.76","3059.00"
"22/10/2023 00:00 - 22/10/2023 01:00","BZN|BG","2929.10","2903.00"
"22/10/2023 01:00 - 22/10/2023 02:00","BZN|BG","2870.70","2821.00"
"22/10/2023 02:00 - 22/10/2023 03:00","BZN|BG","2819.49","2746.00"
"22/10/2023 03:00 - 22/10/2023 04:00","BZN|BG","2774.25","2713.00"
"22/10/2023 04:00 - 22/10/2023 05:00","BZN|BG","2817.49","2764.00"
"22/10/2023 05:00 - 22/10/2023 06:00","BZN|BG","2966.75","2865.00"
"22/10/2023 06:00 - 22/10/2023 07:00","BZN|BG","3076.13","3004.00"
"22/10/2023 07:00 - 22/10/2023 08:00","BZN|BG","3347.75","3276.00"
"22/10/2023 08:00 - 22/10/2023 09:00","BZN|BG","3638.37","3428.00"
"22/10/2023 09:00 - 22/10/2023 10:00","BZN|BG","3781.27","3438.00"
"22/10/2023 10:00 - 22/10/2023 11:00","BZN|BG","3723.91","3397.00"
"22/10/2023 11:00 - 22/10/2023 12:00","BZN|BG","3625.25","3342.00"
"22/10/2023 12:00 - 22/10/2023 13:00","BZN|BG","3595.24","3303.00"
"22/10/2023 13:00 - 22/10/2023 14:00","BZN|BG","3493.06","3238.00"
"22/10/2023 14:00 - 22/10/2023 15:00","BZN|BG","3459.47","3254.00"
"22/10/2023 15:00 - 22/10/2023 16:00","BZN|BG","3539.76","3323.00"
"22/10/2023 16:00 - 22/10/2023 17:00","BZN|BG","3701.43","3427.00"
"22/10/2023 17:00 - 22/10/2023 18:00","BZN|BG","3940.46","3607.00"
"22/10/2023 18:00 - 22/10/2023 19:00","BZN|BG","4216.69","3884.00"
"22/10/2023 19:00 - 22/10/2023 20:00","BZN|BG","4035.91","3775.00"
"22/10/2023 20:00 - 22/10/2023 21:00","BZN|BG","3758.35","3530.00"
"22/10/2023 21:00 - 22/10/2023 22:00","BZN|BG","3560.86","3353.00"
"22/10/2023 22:00 - 22/10/2023 23:00","BZN|BG","3331.23","3169.00"
"22/10/2023 23:00 - 23/10/2023 00:00","BZN|BG","3060.55","3202.00"
"23/10/2023 00:00 - 23/10/2023 01:00","BZN|BG","2858.71","3050.00"
"23/10/2023 01:00 - 23/10/2023 02:00","BZN|BG","2738.84","2879.00"
"23/10/2023 02:00 - 23/10/2023 03:00","BZN|BG","2700.48","2845.00"
"23/10/2023 03:00 - 23/10/2023 04:00","BZN|BG","2750.57","2864.00"
"23/10/2023 04:00 - 23/10/2023 05:00","BZN|BG","2918.23","2998.00"
"23/10/2023 05:00 - 23/10/2023 06:00","BZN|BG","3382.03","3434.00"
"23/10/2023 06:00 - 23/10/2023 07:00","BZN|BG","3754.27","3726.00"
"23/10/2023 07:00 - 23/10/2023 08:00","BZN|BG","3952.41","4070.00"
"23/10/2023 08:00 - 23/10/2023 09:00","BZN|BG","4021.86","4167.00"
"23/10/2023 09:00 - 23/10/2023 10:00","BZN|BG","3882.77","4088.00"
"23/10/2023 10:00 - 23/10/2023 11:00","BZN|BG","3844.43","4049.00"
"23/10/2023 11:00 - 23/10/2023 12:00","BZN|BG","3713.33","3980.00"
"23/10/2023 12:00 - 23/10/2023 13:00","BZN|BG","3725.40","3883.00"
"23/10/2023 13:00 - 23/10/2023 14:00","BZN|BG","3656.04","3790.00"
"23/10/2023 14:00 - 23/10/2023 15:00","BZN|BG","3675.25","3723.00"
"23/10/2023 15:00 - 23/10/2023 16:00","BZN|BG","3697.49","3712.00"
"23/10/2023 16:00 - 23/10/2023 17:00","BZN|BG","3730.67","3823.00"
"23/10/2023 17:00 - 23/10/2023 18:00","BZN|BG","3999.98","4179.00"
"23/10/2023 18:00 - 23/10/2023 19:00","BZN|BG","4295.39","4483.00"
"23/10/2023 19:00 - 23/10/2023 20:00","BZN|BG","4111.54","4329.00"
"23/10/2023 20:00 - 23/10/2023 21:00","BZN|BG","3844.28","4062.00"
"23/10/2023 21:00 - 23/10/2023 22:00","BZN|BG","3673.27","3813.00"
"23/10/2023 22:00 - 23/10/2023 23:00","BZN|BG","3441.34","3673.00"
"23/10/2023 23:00 - 24/10/2023 00:00","BZN|BG","3107.34","3267.00"
"24/10/2023 00:00 - 24/10/2023 01:00","BZN|BG","2930.60","3014.00"
"24/10/2023 01:00 - 24/10/2023 02:00","BZN|BG","2851.96","2894.00"
"24/10/2023 02:00 - 24/10/2023 03:00","BZN|BG","2817.12","2862.00"
"24/10/2023 03:00 - 24/10/2023 04:00","BZN|BG","2839.57","2890.00"
"24/10/2023 04:00 - 24/10/2023 05:00","BZN|BG","2953.10","3070.00"
"24/10/2023 05:00 - 24/10/2023 06:00","BZN|BG","3352.07","3531.00"
"24/10/2023 06:00 - 24/10/2023 07:00","BZN|BG","3751.34","4021.00"
"24/10/2023 07:00 - 24/10/2023 08:00","BZN|BG","3971.87","4321.00"
"24/10/2023 08:00 - 24/10/2023 09:00","BZN|BG","3958.49","4335.00"
"24/10/2023 09:00 - 24/10/2023 10:00","BZN|BG","3798.55","4134.00"
"24/10/2023 10:00 - 24/10/2023 11:00","BZN|BG","3765.17","4040.00"
"24/10/2023 11:00 - 24/10/2023 12:00","BZN|BG","3642.18","3919.00"
"24/10/2023 12:00 - 24/10/2023 13:00","BZN|BG","3637.27","3902.00"
"24/10/2023 13:00 - 24/10/2023 14:00","BZN|BG","3603.21","3883.00"
"24/10/2023 14:00 - 24/10/2023 15:00","BZN|BG","3639.10","3869.00"
"24/10/2023 15:00 - 24/10/2023 16:00","BZN|BG","3726.63","3944.00"
"24/10/2023 16:00 - 24/10/2023 17:00","BZN|BG","3788.26","4008.00"
"24/10/2023 17:00 - 24/10/2023 18:00","BZN|BG","4065.02","4304.00"
"24/10/2023 18:00 - 24/10/2023 19:00","BZN|BG","4328.30","4704.00"
"24/10/2023 19:00 - 24/10/2023 20:00","BZN|BG","4143.21","4542.00"
"24/10/2023 20:00 - 24/10/2023 21:00","BZN|BG","3867.57","4232.00"
"24/10/2023 21:00 - 24/10/2023 22:00","BZN|BG","3641.11","3933.00"
"24/10/2023 22:00 - 24/10/2023 23:00","BZN|BG","3369.38","3660.00"
"24/10/2023 23:00 - 25/10/2023 00:00","BZN|BG","3169.79","3210.00"
"25/10/2023 00:00 - 25/10/2023 01:00","BZN|BG","2992.91","3013.00"
"25/10/2023 01:00 - 25/10/2023 02:00","BZN|BG","2905.31","2920.00"
"25/10/2023 02:00 - 25/10/2023 03:00","BZN|BG","2849.38","2874.00"
"25/10/2023 03:00 - 25/10/2023 04:00","BZN|BG","2873.77","2906.00"
"25/10/2023 04:00 - 25/10/2023 05:00","BZN|BG","3020.78","3054.00"
"25/10/2023 05:00 - 25/10/2023 06:00","BZN|BG","3432.13","3505.00"
"25/10/2023 06:00 - 25/10/2023 07:00","BZN|BG","3770.16","3884.00"
"25/10/2023 07:00 - 25/10/2023 08:00","BZN|BG","3973.27","4147.00"
"25/10/2023 08:00 - 25/10/2023 09:00","BZN|BG","4069.12","4163.00"
"25/10/2023 09:00 - 25/10/2023 10:00","BZN|BG","4041.16","4023.00"
"25/10/2023 10:00 - 25/10/2023 11:00","BZN|BG","3984.71","3963.00"
"25/10/2023 11:00 - 25/10/2023 12:00","BZN|BG","3837.67","3872.00"
"25/10/2023 12:00 - 25/10/2023 13:00","BZN|BG","3782.85","3858.00"
"25/10/2023 13:00 - 25/10/2023 14:00","BZN|BG","3755.65","3819.00"
"25/10/2023 14:00 - 25/10/2023 15:00","BZN|BG","3754.82","3836.00"
"25/10/2023 15:00 - 25/10/2023 16:00","BZN|BG","3817.42","3845.00"
"25/10/2023 16:00 - 25/10/2023 17:00","BZN|BG","3839.89","3942.00"
"25/10/2023 17:00 - 25/10/2023 18:00","BZN|BG","4170.00","4224.00"
"25/10/2023 18:00 - 25/10/2023 19:00","BZN|BG","4416.50","4500.00"
"25/10/2023 19:00 - 25/10/2023 20:00","BZN|BG","4208.63","4344.00"
"25/10/2023 20:00 - 25/10/2023 21:00","BZN|BG","3917.57","4068.00"
"25/10/2023 21:00 - 25/10/2023 22:00","BZN|BG","3642.59","3811.00"
"25/10/2023 22:00 - 25/10/2023 23:00","BZN|BG","3466.39","3547.00"
"25/10/2023 23:00 - 26/10/2023 00:00","BZN|BG","3196.89","3199.00"
"26/10/2023 00:00 - 26/10/2023 01:00","BZN|BG","3030.20","2983.00"
"26/10/2023 01:00 - 26/10/2023 02:00","BZN|BG","2862.06","2918.00"
"26/10/2023 02:00 - 26/10/2023 03:00","BZN|BG","2843.36","2869.00"
"26/10/2023 03:00 - 26/10/2023 04:00","BZN|BG","2879.34","2889.00"
"26/10/2023 04:00 - 26/10/2023 05:00","BZN|BG","3011.29","3002.00"
"26/10/2023 05:00 - 26/10/2023 06:00","BZN|BG","3406.16","3418.00"
"26/10/2023 06:00 - 26/10/2023 07:00","BZN|BG","3789.66","3793.00"
"26/10/2023 07:00 - 26/10/2023 08:00","BZN|BG","3999.85","4051.00"
"26/10/2023 08:00 - 26/10/2023 09:00","BZN|BG","4063.76","4063.00"
"26/10/2023 09:00 - 26/10/2023 10:00","BZN|BG","4032.96","3903.00"
"26/10/2023 10:00 - 26/10/2023 11:00","BZN|BG","3951.37","3832.00"
"26/10/2023 11:00 - 26/10/2023 12:00","BZN|BG","3830.17","3742.00"
"26/10/2023 12:00 - 26/10/2023 13:00","BZN|BG","3862.84","3719.00"
"26/10/2023 13:00 - 26/10/2023 14:00","BZN|BG","3810.54","3682.00"
"26/10/2023 14:00 - 26/10/2023 15:00","BZN|BG","3808.18","3696.00"
"26/10/2023 15:00 - 26/10/2023 16:00","BZN|BG","3829.06","3727.00"
"26/10/2023 16:00 - 26/10/2023 17:00","BZN|BG","3851.92","3828.00"
"26/10/2023 17:00 - 26/10/2023 18:00","BZN|BG","4193.79","4093.00"
"26/10/2023 18:00 - 26/10/2023 19:00","BZN|BG","4363.86","4394.00"
"26/10/2023 19:00 - 26/10/2023 20:00","BZN|BG","4122.52","4217.00"
"26/10/2023 20:00 - 26/10/2023 21:00","BZN|BG","3917.45","3936.00"
"26/10/2023 21:00 - 26/10/2023 22:00","BZN|BG","3730.70","3703.00"
"26/10/2023 22:00 - 26/10/2023 23:00","BZN|BG","3472.16","3432.00"
"26/10/2023 23:00 - 27/10/2023 00:00","BZN|BG","3080.44","3143.00"
"27/10/2023 00:00 - 27/10/2023 01:00","BZN|BG","2892.16","2996.00"
"27/10/2023 01:00 - 27/10/2023 02:00","BZN|BG","2783.02","2920.00"
"27/10/2023 02:00 - 27/10/2023 03:00","BZN|BG","2727.02","2892.00"
"27/10/2023 03:00 - 27/10/2023 04:00","BZN|BG","2753.76","2914.00"
"27/10/2023 04:00 - 27/10/2023 05:00","BZN|BG","2900.21","3041.00"
"27/10/2023 05:00 - 27/10/2023 06:00","BZN|BG","3273.65","3427.00"
"27/10/2023 06:00 - 27/10/2023 07:00","BZN|BG","3620.15","3765.00"
"27/10/2023 07:00 - 27/10/2023 08:00","BZN|BG","3832.83","3981.00"
"27/10/2023 08:00 - 27/10/2023 09:00","BZN|BG","3764.90","4005.00"
"27/10/2023 09:00 - 27/10/2023 10:00","BZN|BG","3593.77","3878.00"
"27/10/2023 10:00 - 27/10/2023 11:00","BZN|BG","3502.15","3818.00"
"27/10/2023 11:00 - 27/10/2023 12:00","BZN|BG","3371.16","3715.00"
"27/10/2023 12:00 - 27/10/2023 13:00","BZN|BG","3367.18","3718.00"
"27/10/2023 13:00 - 27/10/2023 14:00","BZN|BG","3354.56","3683.00"
"27/10/2023 14:00 - 27/10/2023 15:00","BZN|BG","3455.76","3689.00"
"27/10/2023 15:00 - 27/10/2023 16:00","BZN|BG","3610.87","3726.00"
"27/10/2023 16:00 - 27/10/2023 17:00","BZN|BG","3781.27","3796.00"
"27/10/2023 17:00 - 27/10/2023 18:00","BZN|BG","4059.55","4038.00"
"27/10/2023 18:00 - 27/10/2023 19:00","BZN|BG","4074.77","4270.00"
"27/10/2023 19:00 - 27/10/2023 20:00","BZN|BG","3829.93","4097.00"
"27/10/2023 20:00 - 27/10/2023 21:00","BZN|BG","3593.02","3842.00"
"27/10/2023 21:00 - 27/10/2023 22:00","BZN|BG","3438.16","3607.00"
"27/10/2023 22:00 - 27/10/2023 23:00","BZN|BG","3237.41","3339.00"
"27/10/2023 23:00 - 28/10/2023 00:00","BZN|BG","2978.98","3146.00"
"28/10/2023 00:00 - 28/10/2023 01:00","BZN|BG","2782.49","2968.00"
"28/10/2023 01:00 - 28/10/2023 02:00","BZN|BG","2643.37","2839.00"
"28/10/2023 02:00 - 28/10/2023 03:00","BZN|BG","2600.04","2781.00"
"28/10/2023 03:00 - 28/10/2023 04:00","BZN|BG","2647.72","2778.00"
"28/10/2023 04:00 - 28/10/2023 05:00","BZN|BG","2684.08","2816.00"
"28/10/2023 05:00 - 28/10/2023 06:00","BZN|BG","2806.06","2976.00"
"28/10/2023 06:00 - 28/10/2023 07:00","BZN|BG","3024.38","3231.00"
"28/10/2023 07:00 - 28/10/2023 08:00","BZN|BG","3260.68","3549.00"
"28/10/2023 08:00 - 28/10/2023 09:00","BZN|BG","3240.68","3610.00"
"28/10/2023 09:00 - 28/10/2023 10:00","BZN|BG","3060.20","3617.00"
"28/10/2023 10:00 - 28/10/2023 11:00","BZN|BG","2884.61","3555.00"
"28/10/2023 11:00 - 28/10/2023 12:00","BZN|BG","2779.20","3492.00"
"28/10/2023 12:00 - 28/10/2023 13:00","BZN|BG","2747.10","3452.00"
"28/10/2023 13:00 - 28/10/2023 14:00","BZN|BG","2791.17","3375.00"
"28/10/2023 14:00 - 28/10/2023 15:00","BZN|BG","2958.33","3336.00"
"28/10/2023 15:00 - 28/10/2023 16:00","BZN|BG","3258.76","3446.00"
"28/10/2023 16:00 - 28/10/2023 17:00","BZN|BG","3560.35","3560.00"
"28/10/2023 17:00 - 28/10/2023 18:00","BZN|BG","3863.11","3770.00"
"28/10/2023 18:00 - 28/10/2023 19:00","BZN|BG","4013.58","4001.00"
"28/10/2023 19:00 - 28/10/2023 20:00","BZN|BG","3788.29","3775.00"
"28/10/2023 20:00 - 28/10/2023 21:00","BZN|BG","3592.97","3494.00"
"28/10/2023 21:00 - 28/10/2023 22:00","BZN|BG","3471.42","3402.00"
"28/10/2023 22:00 - 28/10/2023 23:00","BZN|BG","3258.46","3192.00"
"28/10/2023 23:00 - 29/10/2023 00:00","BZN|BG","3038.92","3075.00"
"29/10/2023 00:00 - 29/10/2023 01:00","BZN|BG","2850.79","2891.00"
"29/10/2023 01:00 - 29/10/2023 02:00 (CEST)","BZN|BG","2543.07","2833.00"
"29/10/2023 02:00 (CEST) - 29/10/2023 02:00 (CET)","BZN|BG","2564.27","2782.00"
"29/10/2023 02:00 (CET) - 29/10/2023 03:00","BZN|BG","30.67","2738.00"
"29/10/2023 03:00 - 29/10/2023 04:00","BZN|BG","2618.27","2776.00"
"29/10/2023 04:00 - 29/10/2023 05:00","BZN|BG","84.67","2909.00"
"29/10/2023 05:00 - 29/10/2023 06:00","BZN|BG","2764.67","3007.00"
"29/10/2023 06:00 - 29/10/2023 07:00","BZN|BG","3264.44","3249.00"
"29/10/2023 07:00 - 29/10/2023 08:00","BZN|BG","3362.90","3508.00"
"29/10/2023 08:00 - 29/10/2023 09:00","BZN|BG","3430.38","3636.00"
"29/10/2023 09:00 - 29/10/2023 10:00","BZN|BG","3454.86","3590.00"
"29/10/2023 10:00 - 29/10/2023 11:00","BZN|BG","3436.67","3526.00"
"29/10/2023 11:00 - 29/10/2023 12:00","BZN|BG","3414.88","3456.00"
"29/10/2023 12:00 - 29/10/2023 13:00","BZN|BG","3388.58","3384.00"
"29/10/2023 13:00 - 29/10/2023 14:00","BZN|BG","3381.23","3434.00"
"29/10/2023 14:00 - 29/10/2023 15:00","BZN|BG","3474.48","3557.00"
"29/10/2023 15:00 - 29/10/2023 16:00","BZN|BG","3683.51","3690.00"
"29/10/2023 16:00 - 29/10/2023 17:00","BZN|BG","3922.90","3855.00"
"29/10/2023 17:00 - 29/10/2023 18:00","BZN|BG","4106.88","4261.00"
"29/10/2023 18:00 - 29/10/2023 19:00","BZN|BG","3983.23","4200.00"
"29/10/2023 19:00 - 29/10/2023 20:00","BZN|BG","3770.62","4038.00"
"29/10/2023 20:00 - 29/10/2023 21:00","BZN|BG","3631.70","3831.00"
"29/10/2023 21:00 - 29/10/2023 22:00","BZN|BG","3538.28","3646.00"
"29/10/2023 22:00 - 29/10/2023 23:00","BZN|BG","3323.12","3430.00"
"29/10/2023 23:00 - 30/10/2023 00:00","BZN|BG","3082.79","3149.00"
"30/10/2023 00:00 - 30/10/2023 01:00","BZN|BG","2934.44","2985.00"
"30/10/2023 01:00 - 30/10/2023 02:00","BZN|BG","2857.56","2887.00"
"30/10/2023 02:00 - 30/10/2023 03:00","BZN|BG","2822.16","2856.00"
"30/10/2023 03:00 - 30/10/2023 04:00","BZN|BG","2873.19","2908.00"
"30/10/2023 04:00 - 30/10/2023 05:00","BZN|BG","3014.76","3080.00"
"30/10/2023 05:00 - 30/10/2023 06:00","BZN|BG","3387.64","3557.00"
"30/10/2023 06:00 - 30/10/2023 07:00","BZN|BG","3744.41","3941.00"
"30/10/2023 07:00 - 30/10/2023 08:00","BZN|BG","3913.27","4144.00"
"30/10/2023 08:00 - 30/10/2023 09:00","BZN|BG","3915.24","4216.00"
"30/10/2023 09:00 - 30/10/2023 10:00","BZN|BG","3839.00","4078.00"
"30/10/2023 10:00 - 30/10/2023 11:00","BZN|BG","3816.37","4040.00"
"30/10/2023 11:00 - 30/10/2023 12:00","BZN|BG","3736.05","3909.00"
"30/10/2023 12:00 - 30/10/2023 13:00","BZN|BG","3754.58","3921.00"
"30/10/2023 13:00 - 30/10/2023 14:00","BZN|BG","3735.90","3853.00"
"30/10/2023 14:00 - 30/10/2023 15:00","BZN|BG","3796.98","3875.00"
"30/10/2023 15:00 - 30/10/2023 16:00","BZN|BG","3885.37","3900.00"
"30/10/2023 16:00 - 30/10/2023 17:00","BZN|BG","4103.40","3939.00"
"30/10/2023 17:00 - 30/10/2023 18:00","BZN|BG","4361.77","4249.00"
"30/10/2023 18:00 - 30/10/2023 19:00","BZN|BG","4316.13","4589.00"
"30/10/2023 19:00 - 30/10/2023 20:00","BZN|BG","4091.72","4394.00"
"30/10/2023 20:00 - 30/10/2023 21:00","BZN|BG","3821.97","4110.00"
"30/10/2023 21:00 - 30/10/2023 22:00","BZN|BG","3621.65","3929.00"
"30/10/2023 22:00 - 30/10/2023 23:00","BZN|BG","3388.43","3683.00"
"30/10/2023 23:00 - 31/10/2023 00:00","BZN|BG","3122.79","3262.00"
"31/10/2023 00:00 - 31/10/2023 01:00","BZN|BG","3012.56","3130.00"
"31/10/2023 01:00 - 31/10/2023 02:00","BZN|BG","2952.69","3064.00"
"31/10/2023 02:00 - 31/10/2023 03:00","BZN|BG","2926.80","3013.00"
"31/10/2023 03:00 - 31/10/2023 04:00","BZN|BG","2952.57","3024.00"
"31/10/2023 04:00 - 31/10/2023 05:00","BZN|BG","3099.05","3156.00"
"31/10/2023 05:00 - 31/10/2023 06:00","BZN|BG","3466.69","3560.00"
"31/10/2023 06:00 - 31/10/2023 07:00","BZN|BG","3822.61","3882.00"
"31/10/2023 07:00 - 31/10/2023 08:00","BZN|BG","4009.29","4101.00"
"31/10/2023 08:00 - 31/10/2023 09:00","BZN|BG","3968.50","4129.00"
"31/10/2023 09:00 - 31/10/2023 10:00","BZN|BG","3831.16","3990.00"
"31/10/2023 10:00 - 31/10/2023 11:00","BZN|BG","3845.43","3963.00"
"31/10/2023 11:00 - 31/10/2023 12:00","BZN|BG","3751.51","3837.00"
"31/10/2023 12:00 - 31/10/2023 13:00","BZN|BG","3787.65","3777.00"
"31/10/2023 13:00 - 31/10/2023 14:00","BZN|BG","3767.60","3720.00"
"31/10/2023 14:00 - 31/10/2023 15:00","BZN|BG","3836.27","3767.00"
"31/10/2023 15:00 - 31/10/2023 16:00","BZN|BG","3967.18","3803.00"
"31/10/2023 16:00 - 31/10/2023 17:00","BZN|BG","4229.95","3897.00"
"31/10/2023 17:00 - 31/10/2023 18:00","BZN|BG","4405.58","4255.00"
"31/10/2023 18:00 - 31/10/2023 19:00","BZN|BG","4353.58","4561.00"
"31/10/2023 19:00 - 31/10/2023 20:00","BZN|BG","4077.17","4361.00"
"31/10/2023 20:00 - 31/10/2023 21:00","BZN|BG","3812.04","4123.00"
"31/10/2023 21:00 - 31/10/2023 22:00","BZN|BG","3613.94","3979.00"
"31/10/2023 22:00 - 31/10/2023 23:00","BZN|BG","3367.30","3791.00"
"31/10/2023 23:00 - 01/11/2023 00:00","BZN|BG","3223.30","3119.00"
"01/11/2023 00:00 - 01/11/2023 01:00","BZN|BG","3047.55","3030.00"
"01/11/2023 01:00 - 01/11/2023 02:00","BZN|BG","2938.37","2974.00"
"01/11/2023 02:00 - 01/11/2023 03:00","BZN|BG","2870.37","2952.00"
"01/11/2023 03:00 - 01/11/2023 04:00","BZN|BG","2896.17","2974.00"
"01/11/2023 04:00 - 01/11/2023 05:00","BZN|BG","3100.92","3098.00"
"01/11/2023 05:00 - 01/11/2023 06:00","BZN|BG","3376.52","3457.00"
"01/11/2023 06:00 - 01/11/2023 07:00","BZN|BG","3775.55","3794.00"
"01/11/2023 07:00 - 01/11/2023 08:00","BZN|BG","4006.50","4001.00"
"01/11/2023 08:00 - 01/11/2023 09:00","BZN|BG","3968.91","4048.00"
"01/11/2023 09:00 - 01/11/2023 10:00","BZN|BG","3845.81","3999.00"
"01/11/2023 10:00 - 01/11/2023 11:00","BZN|BG","3819.57","3956.00"
"01/11/2023 11:00 - 01/11/2023 12:00","BZN|BG","3727.20","3856.00"
"01/11/2023 12:00 - 01/11/2023 13:00","BZN|BG","3746.89","3850.00"
"01/11/2023 13:00 - 01/11/2023 14:00","BZN|BG","3705.86","3816.00"
"01/11/2023 14:00 - 01/11/2023 15:00","BZN|BG","3740.54","3815.00"
"01/11/2023 15:00 - 01/11/2023 16:00","BZN|BG","3916.94","3885.00"
"01/11/2023 16:00 - 01/11/2023 17:00","BZN|BG","4271.31","3956.00"
"01/11/2023 17:00 - 01/11/2023 18:00","BZN|BG","4511.14","4360.00"
"01/11/2023 18:00 - 01/11/2023 19:00","BZN|BG","4461.58","4592.00"
"01/11/2023 19:00 - 01/11/2023 20:00","BZN|BG","4245.08","4327.00"
"01/11/2023 20:00 - 01/11/2023 21:00","BZN|BG","3949.44","4026.00"
"01/11/2023 21:00 - 01/11/2023 22:00","BZN|BG","3828.03","3736.00"
"01/11/2023 22:00 - 01/11/2023 23:00","BZN|BG","3569.67","3460.00"
"01/11/2023 23:00 - 02/11/2023 00:00","BZN|BG","3183.90","3245.00"
"02/11/2023 00:00 - 02/11/2023 01:00","BZN|BG","3024.82","3133.00"
"02/11/2023 01:00 - 02/11/2023 02:00","BZN|BG","2918.08","3057.00"
"02/11/2023 02:00 - 02/11/2023 03:00","BZN|BG","2886.37","3026.00"
"02/11/2023 03:00 - 02/11/2023 04:00","BZN|BG","2930.98","3057.00"
"02/11/2023 04:00 - 02/11/2023 05:00","BZN|BG","3091.38","3192.00"
"02/11/2023 05:00 - 02/11/2023 06:00","BZN|BG","3497.08","3576.00"
"02/11/2023 06:00 - 02/11/2023 07:00","BZN|BG","3886.95","3940.00"
"02/11/2023 07:00 - 02/11/2023 08:00","BZN|BG","4105.89","4178.00"
"02/11/2023 08:00 - 02/11/2023 09:00","BZN|BG","4188.09","4206.00"
"02/11/2023 09:00 - 02/11/2023 10:00","BZN|BG","4082.31","4150.00"
"02/11/2023 10:00 - 02/11/2023 11:00","BZN|BG","4041.71","4109.00"
"02/11/2023 11:00 - 02/11/2023 12:00","BZN|BG","3979.47","4043.00"
"02/11/2023 12:00 - 02/11/2023 13:00","BZN|BG","3967.14","4055.00"
"02/11/2023 13:00 - 02/11/2023 14:00","BZN|BG","3924.53","4024.00"
"02/11/2023 14:00 - 02/11/2023 15:00","BZN|BG","3939.78","4048.00"
"02/11/2023 15:00 - 02/11/2023 16:00","BZN|BG","4054.15","4103.00"
"02/11/2023 16:00 - 02/11/2023 17:00","BZN|BG","4340.72","4163.00"
"02/11/2023 17:00 - 02/11/2023 18:00","BZN|BG","4550.69","4537.00"
"02/11/2023 18:00 - 02/11/2023 19:00","BZN|BG","4510.73","4658.00"
"02/11/2023 19:00 - 02/11/2023 20:00","BZN|BG","4308.89","4384.00"
"02/11/2023 20:00 - 02/11/2023 21:00","BZN|BG","4036.20","4083.00"
"02/11/2023 21:00 - 02/11/2023 22:00","BZN|BG","3954.53","3855.00"
"02/11/2023 22:00 - 02/11/2023 23:00","BZN|BG","3648.52","3577.00"
"02/11/2023 23:00 - 03/11/2023 00:00","BZN|BG","3326.81","3301.00"
"03/11/2023 00:00 - 03/11/2023 01:00","BZN|BG","3114.32","3139.00"
"03/11/2023 01:00 - 03/11/2023 02:00","BZN|BG","3054.00","3031.00"
"03/11/2023 02:00 - 03/11/2023 03:00","BZN|BG","2995.53","2990.00"
"03/11/2023 03:00 - 03/11/2023 04:00","BZN|BG","3045.78","3023.00"
"03/11/2023 04:00 - 03/11/2023 05:00","BZN|BG","3217.71","3184.00"
"03/11/2023 05:00 - 03/11/2023 06:00","BZN|BG","3645.65","3589.00"
"03/11/2023 06:00 - 03/11/2023 07:00","BZN|BG","3982.74","3999.00"
"03/11/2023 07:00 - 03/11/2023 08:00","BZN|BG","4150.24","4228.00"
"03/11/2023 08:00 - 03/11/2023 09:00","BZN|BG","4257.88","4263.00"
"03/11/2023 09:00 - 03/11/2023 10:00","BZN|BG","4151.36","4206.00"
"03/11/2023 10:00 - 03/11/2023 11:00","BZN|BG","4061.42","4149.00"
"03/11/2023 11:00 - 03/11/2023 12:00","BZN|BG","3898.58","4045.00"
"03/11/2023 12:00 - 03/11/2023 13:00","BZN|BG","3897.82","4055.00"
"03/11/2023 13:00 - 03/11/2023 14:00","BZN|BG","3895.19","4002.00"
"03/11/2023 14:00 - 03/11/2023 15:00","BZN|BG","3983.40","4035.00"
"03/11/2023 15:00 - 03/11/2023 16:00","BZN|BG","4092.56","4101.00"
"03/11/2023 16:00 - 03/11/2023 17:00","BZN|BG","4357.06","4230.00"
"03/11/2023 17:00 - 03/11/2023 18:00","BZN|BG","4534.43","4574.00"
"03/11/2023 18:00 - 03/11/2023 19:00","BZN|BG","4485.60","4677.00"
"03/11/2023 19:00 - 03/11/2023 20:00","BZN|BG","4260.44","4439.00"
"03/11/2023 20:00 - 03/11/2023 21:00","BZN|BG","3993.99","4171.00"
"03/11/2023 21:00 - 03/11/2023 22:00","BZN|BG","3676.56","3923.00"
"03/11/2023 22:00 - 03/11/2023 23:00","BZN|BG","3434.59","3680.00"
"03/11/2023 23:00 - 04/11/2023 00:00","BZN|BG","3332.42","3191.00"
"04/11/2023 00:00 - 04/11/2023 01:00","BZN|BG","3099.04","2994.00"
"04/11/2023 01:00 - 04/11/2023 02:00","BZN|BG","2916.41","2860.00"
"04/11/2023 02:00 - 04/11/2023 03:00","BZN|BG","2932.78","2805.00"
"04/11/2023 03:00 - 04/11/2023 04:00","BZN|BG","2962.64","2875.00"
"04/11/2023 04:00 - 04/11/2023 05:00","BZN|BG","3006.96","2906.00"
"04/11/2023 05:00 - 04/11/2023 06:00","BZN|BG","3166.52","3049.00"
"04/11/2023 06:00 - 04/11/2023 07:00","BZN|BG","3473.22","3327.00"
"04/11/2023 07:00 - 04/11/2023 08:00","BZN|BG","3761.87","3731.00"
"04/11/2023 08:00 - 04/11/2023 09:00","BZN|BG","4024.74","3904.00"
"04/11/2023 09:00 - 04/11/2023 10:00","BZN|BG","4130.92","3915.00"
"04/11/2023 10:00 - 04/11/2023 11:00","BZN|BG","4028.58","3796.00"
"04/11/2023 11:00 - 04/11/2023 12:00","BZN|BG","3894.85","3684.00"
"04/11/2023 12:00 - 04/11/2023 13:00","BZN|BG","3813.37","3611.00"
"04/11/2023 13:00 - 04/11/2023 14:00","BZN|BG","3747.58","3534.00"
"04/11/2023 14:00 - 04/11/2023 15:00","BZN|BG","3675.46","3526.00"
"04/11/2023 15:00 - 04/11/2023 16:00","BZN|BG","3886.41","3616.00"
"04/11/2023 16:00 - 04/11/2023 17:00","BZN|BG","4182.91","3782.00"
"04/11/2023 17:00 - 04/11/2023 18:00","BZN|BG","4354.37","4087.00"
"04/11/2023 18:00 - 04/11/2023 19:00","BZN|BG","4184.39","4255.00"
"04/11/2023 19:00 - 04/11/2023 20:00","BZN|BG","3945.48","3948.00"
"04/11/2023 20:00 - 04/11/2023 21:00","BZN|BG","3727.05","3679.00"
"04/11/2023 21:00 - 04/11/2023 22:00","BZN|BG","3817.81","3757.00"
"04/11/2023 22:00 - 04/11/2023 23:00","BZN|BG","3566.68","3450.00"
"04/11/2023 23:00 - 05/11/2023 00:00","BZN|BG","3217.11","3262.00"
"05/11/2023 00:00 - 05/11/2023 01:00","BZN|BG","3085.77","3196.00"
"05/11/2023 01:00 - 05/11/2023 02:00","BZN|BG","2969.29","3044.00"
"05/11/2023 02:00 - 05/11/2023 03:00","BZN|BG","2927.71","2965.00"
"05/11/2023 03:00 - 05/11/2023 04:00","BZN|BG","2932.20","3021.00"
"05/11/2023 04:00 - 05/11/2023 05:00","BZN|BG","2987.84","2999.00"
"05/11/2023 05:00 - 05/11/2023 06:00","BZN|BG","3142.15","3075.00"
"05/11/2023 06:00 - 05/11/2023 07:00","BZN|BG","3417.41","3382.00"
"05/11/2023 07:00 - 05/11/2023 08:00","BZN|BG","3706.32","3655.00"
"05/11/2023 08:00 - 05/11/2023 09:00","BZN|BG","3796.42","3787.00"
"05/11/2023 09:00 - 05/11/2023 10:00","BZN|BG","3754.68","3878.00"
"05/11/2023 10:00 - 05/11/2023 11:00","BZN|BG","3688.28","3911.00"
"05/11/2023 11:00 - 05/11/2023 12:00","BZN|BG","3664.08","3856.00"
"05/11/2023 12:00 - 05/11/2023 13:00","BZN|BG","3558.04","3791.00"
"05/11/2023 13:00 - 05/11/2023 14:00","BZN|BG","3484.44","3711.00"
"05/11/2023 14:00 - 05/11/2023 15:00","BZN|BG","3582.39","3689.00"
"05/11/2023 15:00 - 05/11/2023 16:00","BZN|BG","3791.83","3867.00"
"05/11/2023 16:00 - 05/11/2023 17:00","BZN|BG","4237.37","4111.00"
"05/11/2023 17:00 - 05/11/2023 18:00","BZN|BG","4470.02","4580.00"
"05/11/2023 18:00 - 05/11/2023 19:00","BZN|BG","4368.09","4477.00"
"05/11/2023 19:00 - 05/11/2023 20:00","BZN|BG","4183.26","4300.00"
"05/11/2023 20:00 - 05/11/2023 21:00","BZN|BG","3971.14","4054.00"
"05/11/2023 21:00 - 05/11/2023 22:00","BZN|BG","3722.18","3832.00"
"05/11/2023 22:00 - 05/11/2023 23:00","BZN|BG","3472.06","3683.00"
"05/11/2023 23:00 - 06/11/2023 00:00","BZN|BG","3272.68","3244.00"
"06/11/2023 00:00 - 06/11/2023 01:00","BZN|BG","3059.86","3062.00"
"06/11/2023 01:00 - 06/11/2023 02:00","BZN|BG","2955.20","2967.00"
"06/11/2023 02:00 - 06/11/2023 03:00","BZN|BG","2913.97","2924.00"
"06/11/2023 03:00 - 06/11/2023 04:00","BZN|BG","2932.72","2993.00"
"06/11/2023 04:00 - 06/11/2023 05:00","BZN|BG","3073.95","3186.00"
"06/11/2023 05:00 - 06/11/2023 06:00","BZN|BG","3529.01","3695.00"
"06/11/2023 06:00 - 06/11/2023 07:00","BZN|BG","3866.08","4181.00"
"06/11/2023 07:00 - 06/11/2023 08:00","BZN|BG","4022.58","4412.00"
"06/11/2023 08:00 - 06/11/2023 09:00","BZN|BG","3984.49","4414.00"
"06/11/2023 09:00 - 06/11/2023 10:00","BZN|BG","3860.43","4172.00"
"06/11/2023 10:00 - 06/11/2023 11:00","BZN|BG","3857.79","4100.00"
"06/11/2023 11:00 - 06/11/2023 12:00","BZN|BG","3769.92","3844.00"
"06/11/2023 12:00 - 06/11/2023 13:00","BZN|BG","3764.51","3903.00"
"06/11/2023 13:00 - 06/11/2023 14:00","BZN|BG","3733.86","3843.00"
"06/11/2023 14:00 - 06/11/2023 15:00","BZN|BG","3771.12","3916.00"
"06/11/2023 15:00 - 06/11/2023 16:00","BZN|BG","3882.07","4021.00"
"06/11/2023 16:00 - 06/11/2023 17:00","BZN|BG","4213.38","4280.00"
"06/11/2023 17:00 - 06/11/2023 18:00","BZN|BG","4520.18","4588.00"
"06/11/2023 18:00 - 06/11/2023 19:00","BZN|BG","4516.60","4543.00"
"06/11/2023 19:00 - 06/11/2023 20:00","BZN|BG","4328.78","4321.00"
"06/11/2023 20:00 - 06/11/2023 21:00","BZN|BG","4058.49","4055.00"
"06/11/2023 21:00 - 06/11/2023 22:00","BZN|BG","3913.27","3857.00"
"06/11/2023 22:00 - 06/11/2023 23:00","BZN|BG","3570.02","3627.00"
"06/11/2023 23:00 - 07/11/2023 00:00","BZN|BG","3286.73","3359.00"
"07/11/2023 00:00 - 07/11/2023 01:00","BZN|BG","3094.23","3215.00"
"07/11/2023 01:00 - 07/11/2023 02:00","BZN|BG","3030.62","3106.00"
"07/11/2023 02:00 - 07/11/2023 03:00","BZN|BG","2982.76","3056.00"
"07/11/2023 03:00 - 07/11/2023 04:00","BZN|BG","2992.14","3095.00"
"07/11/2023 04:00 - 07/11/2023 05:00","BZN|BG","3165.16","3268.00"
"07/11/2023 05:00 - 07/11/2023 06:00","BZN|BG","3673.21","3653.00"
"07/11/2023 06:00 - 07/11/2023 07:00","BZN|BG","4034.29","4075.00"
"07/11/2023 07:00 - 07/11/2023 08:00","BZN|BG","4134.03","4288.00"
"07/11/2023 08:00 - 07/11/2023 09:00","BZN|BG","4029.66","4313.00"
"07/11/2023 09:00 - 07/11/2023 10:00","BZN|BG","3885.89","4209.00"
"07/11/2023 10:00 - 07/11/2023 11:00","BZN|BG","3771.75","4171.00"
"07/11/2023 11:00 - 07/11/2023 12:00","BZN|BG","3710.05","4012.00"
"07/11/2023 12:00 - 07/11/2023 13:00","BZN|BG","3710.50","4005.00"
"07/11/2023 13:00 - 07/11/2023 14:00","BZN|BG","3710.94","3958.00"
"07/11/2023 14:00 - 07/11/2023 15:00","BZN|BG","3795.46","3964.00"
"07/11/2023 15:00 - 07/11/2023 16:00","BZN|BG","3899.70","4133.00"
"07/11/2023 16:00 - 07/11/2023 17:00","BZN|BG","4253.96","4406.00"
"07/11/2023 17:00 - 07/11/2023 18:00","BZN|BG","4575.20","4707.00"
"07/11/2023 18:00 - 07/11/2023 19:00","BZN|BG","4561.17","4666.00"
"07/11/2023 19:00 - 07/11/2023 20:00","BZN|BG","4376.39","4430.00"
"07/11/2023 20:00 - 07/11/2023 21:00","BZN|BG","4123.19","4184.00"
"07/11/2023 21:00 - 07/11/2023 22:00","BZN|BG","4024.41","4031.00"
"07/11/2023 22:00 - 07/11/2023 23:00","BZN|BG","3739.98","3797.00"
"07/11/2023 23:00 - 08/11/2023 00:00","BZN|BG","3360.26","3302.00"
"08/11/2023 00:00 - 08/11/2023 01:00","BZN|BG","3165.29","3174.00"
"08/11/2023 01:00 - 08/11/2023 02:00","BZN|BG","3056.73","3108.00"
"08/11/2023 02:00 - 08/11/2023 03:00","BZN|BG","3014.07","3073.00"
"08/11/2023 03:00 - 08/11/2023 04:00","BZN|BG","3037.78","3111.00"
"08/11/2023 04:00 - 08/11/2023 05:00","BZN|BG","3213.75","3289.00"
"08/11/2023 05:00 - 08/11/2023 06:00","BZN|BG","3654.86","3673.00"
"08/11/2023 06:00 - 08/11/2023 07:00","BZN|BG","4003.57","4059.00"
"08/11/2023 07:00 - 08/11/2023 08:00","BZN|BG","4204.44","4268.00"
"08/11/2023 08:00 - 08/11/2023 09:00","BZN|BG","4214.84","4297.00"
"08/11/2023 09:00 - 08/11/2023 10:00","BZN|BG","4167.12","4204.00"
"08/11/2023 10:00 - 08/11/2023 11:00","BZN|BG","4163.22","4176.00"
"08/11/2023 11:00 - 08/11/2023 12:00","BZN|BG","4190.01","4096.00"
"08/11/2023 12:00 - 08/11/2023 13:00","BZN|BG","4255.82","4104.00"
"08/11/2023 13:00 - 08/11/2023 14:00","BZN|BG","4287.67","4083.00"
"08/11/2023 14:00 - 08/11/2023 15:00","BZN|BG","4423.66","4135.00"
"08/11/2023 15:00 - 08/11/2023 16:00","BZN|BG","4453.33","4268.00"
"08/11/2023 16:00 - 08/11/2023 17:00","BZN|BG","4745.91","4561.00"
"08/11/2023 17:00 - 08/11/2023 18:00","BZN|BG","4855.97","4763.00"
"08/11/2023 18:00 - 08/11/2023 19:00","BZN|BG","4762.85","4712.00"
"08/11/2023 19:00 - 08/11/2023 20:00","BZN|BG","4509.19","4469.00"
"08/11/2023 20:00 - 08/11/2023 21:00","BZN|BG","4198.66","4178.00"
"08/11/2023 21:00 - 08/11/2023 22:00","BZN|BG","3939.47","3988.00"
"08/11/2023 22:00 - 08/11/2023 23:00","BZN|BG","3690.41","3709.00"
"08/11/2023 23:00 - 09/11/2023 00:00","BZN|BG","3522.12","3568.00"
"09/11/2023 00:00 - 09/11/2023 01:00","BZN|BG","3295.69","3377.00"
"09/11/2023 01:00 - 09/11/2023 02:00","BZN|BG","3175.88","3275.00"
"09/11/2023 02:00 - 09/11/2023 03:00","BZN|BG","3161.10","3242.00"
"09/11/2023 03:00 - 09/11/2023 04:00","BZN|BG","3224.57","3273.00"
"09/11/2023 04:00 - 09/11/2023 05:00","BZN|BG","3355.55","3458.00"
"09/11/2023 05:00 - 09/11/2023 06:00","BZN|BG","3789.71","3911.00"
"09/11/2023 06:00 - 09/11/2023 07:00","BZN|BG","4178.39","4366.00"
"09/11/2023 07:00 - 09/11/2023 08:00","BZN|BG","4340.95","4584.00"
"09/11/2023 08:00 - 09/11/2023 09:00","BZN|BG","4287.36","4601.00"
"09/11/2023 09:00 - 09/11/2023 10:00","BZN|BG","4141.65","4426.00"
"09/11/2023 10:00 - 09/11/2023 11:00","BZN|BG","4026.41","4370.00"
"09/11/2023 11:00 - 09/11/2023 12:00","BZN|BG","3894.96","4209.00"
"09/11/2023 12:00 - 09/11/2023 13:00","BZN|BG","3875.43","4230.00"
"09/11/2023 13:00 - 09/11/2023 14:00","BZN|BG","3896.55","4209.00"
"09/11/2023 14:00 - 09/11/2023 15:00","BZN|BG","4003.04","4267.00"
"09/11/2023 15:00 - 09/11/2023 16:00","BZN|BG","4193.62","4391.00"
"09/11/2023 16:00 - 09/11/2023 17:00","BZN|BG","4639.82","4718.00"
"09/11/2023 17:00 - 09/11/2023 18:00","BZN|BG","4950.94","4955.00"
"09/11/2023 18:00 - 09/11/2023 19:00","BZN|BG","4957.14","4924.00"
"09/11/2023 19:00 - 09/11/2023 20:00","BZN|BG","4761.48","4718.00"
"09/11/2023 20:00 - 09/11/2023 21:00","BZN|BG","4479.44","4453.00"
"09/11/2023 21:00 - 09/11/2023 22:00","BZN|BG","4484.15","4281.00"
"09/11/2023 22:00 - 09/11/2023 23:00","BZN|BG","4177.91","4034.00"
"09/11/2023 23:00 - 10/11/2023 00:00","BZN|BG","3666.05","3652.00"
"10/11/2023 00:00 - 10/11/2023 01:00","BZN|BG","3456.42","3462.00"
"10/11/2023 01:00 - 10/11/2023 02:00","BZN|BG","3359.80","3376.00"
"10/11/2023 02:00 - 10/11/2023 03:00","BZN|BG","3348.81","3331.00"
"10/11/2023 03:00 - 10/11/2023 04:00","BZN|BG","3399.08","3357.00"
"10/11/2023 04:00 - 10/11/2023 05:00","BZN|BG","3551.72","3553.00"
"10/11/2023 05:00 - 10/11/2023 06:00","BZN|BG","4002.88","3994.00"
"10/11/2023 06:00 - 10/11/2023 07:00","BZN|BG","4360.68","4459.00"
"10/11/2023 07:00 - 10/11/2023 08:00","BZN|BG","4516.15","4674.00"
"10/11/2023 08:00 - 10/11/2023 09:00","BZN|BG","4448.82","4709.00"
"10/11/2023 09:00 - 10/11/2023 10:00","BZN|BG","4309.98","4591.00"
"10/11/2023 10:00 - 10/11/2023 11:00","BZN|BG","4265.75","4560.00"
"10/11/2023 11:00 - 10/11/2023 12:00","BZN|BG","4199.01","4468.00"
"10/11/2023 12:00 - 10/11/2023 13:00","BZN|BG","4201.89","4474.00"
"10/11/2023 13:00 - 10/11/2023 14:00","BZN|BG","4201.20","4468.00"
"10/11/2023 14:00 - 10/11/2023 15:00","BZN|BG","4326.74","4519.00"
"10/11/2023 15:00 - 10/11/2023 16:00","BZN|BG","4574.46","4635.00"
"10/11/2023 16:00 - 10/11/2023 17:00","BZN|BG","4839.08","4886.00"
"10/11/2023 17:00 - 10/11/2023 18:00","BZN|BG","4973.59","5101.00"
"10/11/2023 18:00 - 10/11/2023 19:00","BZN|BG","4919.60","5061.00"
"10/11/2023 19:00 - 10/11/2023 20:00","BZN|BG","4737.39","4822.00"
"10/11/2023 20:00 - 10/11/2023 21:00","BZN|BG","4474.32","4552.00"
"10/11/2023 21:00 - 10/11/2023 22:00","BZN|BG","4200.40","4370.00"
"10/11/2023 22:00 - 10/11/2023 23:00","BZN|BG","3893.11","4104.00"
"10/11/2023 23:00 - 11/11/2023 00:00","BZN|BG","3640.47","3633.00"
"11/11/2023 00:00 - 11/11/2023 01:00","BZN|BG","3454.04","3417.00"
"11/11/2023 01:00 - 11/11/2023 02:00","BZN|BG","3312.64","3248.00"
"11/11/2023 02:00 - 11/11/2023 03:00","BZN|BG","3242.04","3262.00"
"11/11/2023 03:00 - 11/11/2023 04:00","BZN|BG","3305.83","3288.00"
"11/11/2023 04:00 - 11/11/2023 05:00","BZN|BG","3333.82","3327.00"
"11/11/2023 05:00 - 11/11/2023 06:00","BZN|BG","3495.27","3467.00"
"11/11/2023 06:00 - 11/11/2023 07:00","BZN|BG","3762.31","3735.00"
"11/11/2023 07:00 - 11/11/2023 08:00","BZN|BG","4142.40","3988.00"
"11/11/2023 08:00 - 11/11/2023 09:00","BZN|BG","4360.54","4218.00"
"11/11/2023 09:00 - 11/11/2023 10:00","BZN|BG","4411.47","4311.00"
"11/11/2023 10:00 - 11/11/2023 11:00","BZN|BG","4387.17","4213.00"
"11/11/2023 11:00 - 11/11/2023 12:00","BZN|BG","4268.10","4086.00"
"11/11/2023 12:00 - 11/11/2023 13:00","BZN|BG","4158.18","4009.00"
"11/11/2023 13:00 - 11/11/2023 14:00","BZN|BG","4052.83","3946.00"
"11/11/2023 14:00 - 11/11/2023 15:00","BZN|BG","4110.68","3878.00"
"11/11/2023 15:00 - 11/11/2023 16:00","BZN|BG","4254.26","4160.00"
"11/11/2023 16:00 - 11/11/2023 17:00","BZN|BG","4595.67","4556.00"
"11/11/2023 17:00 - 11/11/2023 18:00","BZN|BG","4766.32","4786.00"
"11/11/2023 18:00 - 11/11/2023 19:00","BZN|BG","4656.58","4578.00"
"11/11/2023 19:00 - 11/11/2023 20:00","BZN|BG","4504.01","4287.00"
"11/11/2023 20:00 - 11/11/2023 21:00","BZN|BG","4323.42","4021.00"
"11/11/2023 21:00 - 11/11/2023 22:00","BZN|BG","4025.78","4131.00"
"11/11/2023 22:00 - 11/11/2023 23:00","BZN|BG","3796.65","3825.00"
"11/11/2023 23:00 - 12/11/2023 00:00","BZN|BG","3616.06","3642.00"
"12/11/2023 00:00 - 12/11/2023 01:00","BZN|BG","3484.32","3453.00"
"12/11/2023 01:00 - 12/11/2023 02:00","BZN|BG","3400.97","3286.00"
"12/11/2023 02:00 - 12/11/2023 03:00","BZN|BG","3349.69","3226.00"
"12/11/2023 03:00 - 12/11/2023 04:00","BZN|BG","3346.26","3231.00"
"12/11/2023 04:00 - 12/11/2023 05:00","BZN|BG","3404.61","3289.00"
"12/11/2023 05:00 - 12/11/2023 06:00","BZN|BG","3529.97","3448.00"
"12/11/2023 06:00 - 12/11/2023 07:00","BZN|BG","3809.29","3732.00"
"12/11/2023 07:00 - 12/11/2023 08:00","BZN|BG","4218.00","4031.00"
"12/11/2023 08:00 - 12/11/2023 09:00","BZN|BG","4328.77","4124.00"
"12/11/2023 09:00 - 12/11/2023 10:00","BZN|BG","4349.98","4105.00"
"12/11/2023 10:00 - 12/11/2023 11:00","BZN|BG","4281.60","4074.00"
"12/11/2023 11:00 - 12/11/2023 12:00","BZN|BG","4265.53","4063.00"
"12/11/2023 12:00 - 12/11/2023 13:00","BZN|BG","4183.82","4015.00"
"12/11/2023 13:00 - 12/11/2023 14:00","BZN|BG","4195.23","3981.00"
"12/11/2023 14:00 - 12/11/2023 15:00","BZN|BG","4350.95","4080.00"
"12/11/2023 15:00 - 12/11/2023 16:00","BZN|BG","4590.92","4293.00"
"12/11/2023 16:00 - 12/11/2023 17:00","BZN|BG","4941.98","4745.00"
"12/11/2023 17:00 - 12/11/2023 18:00","BZN|BG","5131.50","4981.00"
"12/11/2023 18:00 - 12/11/2023 19:00","BZN|BG","5009.82","4879.00"
"12/11/2023 19:00 - 12/11/2023 20:00","BZN|BG","4796.28","4696.00"
"12/11/2023 20:00 - 12/11/2023 21:00","BZN|BG","4525.21","4485.00"
"12/11/2023 21:00 - 12/11/2023 22:00","BZN|BG","4442.40","4238.00"
"12/11/2023 22:00 - 12/11/2023 23:00","BZN|BG","4095.47","3989.00"
"12/11/2023 23:00 - 13/11/2023 00:00","BZN|BG","3599.33","3678.00"
"13/11/2023 00:00 - 13/11/2023 01:00","BZN|BG","3396.41","3500.00"
"13/11/2023 01:00 - 13/11/2023 02:00","BZN|BG","3286.54","3412.00"
"13/11/2023 02:00 - 13/11/2023 03:00","BZN|BG","3241.55","3377.00"
"13/11/2023 03:00 - 13/11/2023 04:00","BZN|BG","3276.68","3405.00"
"13/11/2023 04:00 - 13/11/2023 05:00","BZN|BG","3470.01","3613.00"
"13/11/2023 05:00 - 13/11/2023 06:00","BZN|BG","3999.64","4282.00"
"13/11/2023 06:00 - 13/11/2023 07:00","BZN|BG","4451.23","4777.00"
"13/11/2023 07:00 - 13/11/2023 08:00","BZN|BG","4748.83","4959.00"
"13/11/2023 08:00 - 13/11/2023 09:00","BZN|BG","4822.57","5008.00"
"13/11/2023 09:00 - 13/11/2023 10:00","BZN|BG","4673.73","4801.00"
"13/11/2023 10:00 - 13/11/2023 11:00","BZN|BG","4503.55","4798.00"
"13/11/2023 11:00 - 13/11/2023 12:00","BZN|BG","4370.15","4686.00"
"13/11/2023 12:00 - 13/11/2023 13:00","BZN|BG","4316.19","4679.00"
"13/11/2023 13:00 - 13/11/2023 14:00","BZN|BG","4238.70","4640.00"
"13/11/2023 14:00 - 13/11/2023 15:00","BZN|BG","4339.21","4672.00"
"13/11/2023 15:00 - 13/11/2023 16:00","BZN|BG","4533.77","4764.00"
"13/11/2023 16:00 - 13/11/2023 17:00","BZN|BG","4922.79","5040.00"
"13/11/2023 17:00 - 13/11/2023 18:00","BZN|BG","5200.12","5296.00"
"13/11/2023 18:00 - 13/11/2023 19:00","BZN|BG","5216.98","5292.00"
"13/11/2023 19:00 - 13/11/2023 20:00","BZN|BG","5035.76","5080.00"
"13/11/2023 20:00 - 13/11/2023 21:00","BZN|BG","4797.69","4773.00"
"13/11/2023 21:00 - 13/11/2023 22:00","BZN|BG","4586.23","4609.00"
"13/11/2023 22:00 - 13/11/2023 23:00","BZN|BG","4216.26","4220.00"
"13/11/2023 23:00 - 14/11/2023 00:00","BZN|BG","3906.07","3794.00"
"14/11/2023 00:00 - 14/11/2023 01:00","BZN|BG","3641.04","3578.00"
"14/11/2023 01:00 - 14/11/2023 02:00","BZN|BG","3509.40","3502.00"
"14/11/2023 02:00 - 14/11/2023 03:00","BZN|BG","3512.98","3463.00"
"14/11/2023 03:00 - 14/11/2023 04:00","BZN|BG","3546.79","3513.00"
"14/11/2023 04:00 - 14/11/2023 05:00","BZN|BG","3735.84","3705.00"
"14/11/2023 05:00 - 14/11/2023 06:00","BZN|BG","4219.30","4285.00"
"14/11/2023 06:00 - 14/11/2023 07:00","BZN|BG","4672.52","4732.00"
"14/11/2023 07:00 - 14/11/2023 08:00","BZN|BG","4810.23","4933.00"
"14/11/2023 08:00 - 14/11/2023 09:00","BZN|BG","4703.07","4916.00"
"14/11/2023 09:00 - 14/11/2023 10:00","BZN|BG","4527.01","4794.00"
"14/11/2023 10:00 - 14/11/2023 11:00","BZN|BG","4393.70","4706.00"
"14/11/2023 11:00 - 14/11/2023 12:00","BZN|BG","4218.88","4643.00"
"14/11/2023 12:00 - 14/11/2023 13:00","BZN|BG","4173.13","4661.00"
"14/11/2023 13:00 - 14/11/2023 14:00","BZN|BG","4175.94","4643.00"
"14/11/2023 14:00 - 14/11/2023 15:00","BZN|BG","4199.59","4759.00"
"14/11/2023 15:00 - 14/11/2023 16:00","BZN|BG","4412.74","4886.00"
"14/11/2023 16:00 - 14/11/2023 17:00","BZN|BG","4841.50","5251.00"
"14/11/2023 17:00 - 14/11/2023 18:00","BZN|BG","5108.55","5461.00"
"14/11/2023 18:00 - 14/11/2023 19:00","BZN|BG","5143.57","5404.00"
"14/11/2023 19:00 - 14/11/2023 20:00","BZN|BG","4926.66","5162.00"
"14/11/2023 20:00 - 14/11/2023 21:00","BZN|BG","4734.01","4829.00"
"14/11/2023 21:00 - 14/11/2023 22:00","BZN|BG","4406.00","4607.00"
"14/11/2023 22:00 - 14/11/2023 23:00","BZN|BG","4052.03","4302.00"
"14/11/2023 23:00 - 15/11/2023 00:00","BZN|BG","3795.91","3775.00"
"15/11/2023 00:00 - 15/11/2023 01:00","BZN|BG","3516.16","3574.00"
"15/11/2023 01:00 - 15/11/2023 02:00","BZN|BG","3444.39","3478.00"
"15/11/2023 02:00 - 15/11/2023 03:00","BZN|BG","3406.93","3450.00"
"15/11/2023 03:00 - 15/11/2023 04:00","BZN|BG","3382.45","3492.00"
"15/11/2023 04:00 - 15/11/2023 05:00","BZN|BG","3599.31","3671.00"
"15/11/2023 05:00 - 15/11/2023 06:00","BZN|BG","4112.82","4190.00"
"15/11/2023 06:00 - 15/11/2023 07:00","BZN|BG","4523.35","4602.00"
"15/11/2023 07:00 - 15/11/2023 08:00","BZN|BG","4631.05","4777.00"
"15/11/2023 08:00 - 15/11/2023 09:00","BZN|BG","4669.58","4676.00"
"15/11/2023 09:00 - 15/11/2023 10:00","BZN|BG","4594.04","4452.00"
"15/11/2023 10:00 - 15/11/2023 11:00","BZN|BG","4588.55","4322.00"
"15/11/2023 11:00 - 15/11/2023 12:00","BZN|BG","4496.47","4260.00"
"15/11/2023 12:00 - 15/11/2023 13:00","BZN|BG","4596.88","4260.00"
"15/11/2023 13:00 - 15/11/2023 14:00","BZN|BG","4623.80","4260.00"
"15/11/2023 14:00 - 15/11/2023 15:00","BZN|BG","4681.34","4387.00"
"15/11/2023 15:00 - 15/11/2023 16:00","BZN|BG","4734.88","4548.00"
"15/11/2023 16:00 - 15/11/2023 17:00","BZN|BG","5018.49","4930.00"
"15/11/2023 17:00 - 15/11/2023 18:00","BZN|BG","5161.73","5176.00"
"15/11/2023 18:00 - 15/11/2023 19:00","BZN|BG","5124.21","5133.00"
"15/11/2023 19:00 - 15/11/2023 20:00","BZN|BG","4924.76","4906.00"
"15/11/2023 20:00 - 15/11/2023 21:00","BZN|BG","4689.73","4597.00"
"15/11/2023 21:00 - 15/11/2023 22:00","BZN|BG","4531.73","4422.00"
"15/11/2023 22:00 - 15/11/2023 23:00","BZN|BG","4147.81","4103.00"
"15/11/2023 23:00 - 16/11/2023 00:00","BZN|BG","3807.62","3904.00"
"16/11/2023 00:00 - 16/11/2023 01:00","BZN|BG","3561.78","3664.00"
"16/11/2023 01:00 - 16/11/2023 02:00","BZN|BG","3420.45","3555.00"
"16/11/2023 02:00 - 16/11/2023 03:00","BZN|BG","3413.95","3518.00"
"16/11/2023 03:00 - 16/11/2023 04:00","BZN|BG","3427.90","3562.00"
"16/11/2023 04:00 - 16/11/2023 05:00","BZN|BG","3636.93","3734.00"
"16/11/2023 05:00 - 16/11/2023 06:00","BZN|BG","4128.89","4212.00"
"16/11/2023 06:00 - 16/11/2023 07:00","BZN|BG","4538.21","4655.00"
"16/11/2023 07:00 - 16/11/2023 08:00","BZN|BG","4650.76","4832.00"
"16/11/2023 08:00 - 16/11/2023 09:00","BZN|BG","4522.45","4704.00"
"16/11/2023 09:00 - 16/11/2023 10:00","BZN|BG","4379.63","4477.00"
"16/11/2023 10:00 - 16/11/2023 11:00","BZN|BG","4351.63","4291.00"
"16/11/2023 11:00 - 16/11/2023 12:00","BZN|BG","4232.28","4205.00"
"16/11/2023 12:00 - 16/11/2023 13:00","BZN|BG","4223.12","4212.00"
"16/11/2023 13:00 - 16/11/2023 14:00","BZN|BG","4199.58","4205.00"
"16/11/2023 14:00 - 16/11/2023 15:00","BZN|BG","4319.67","4299.00"
"16/11/2023 15:00 - 16/11/2023 16:00","BZN|BG","4517.50","4469.00"
"16/11/2023 16:00 - 16/11/2023 17:00","BZN|BG","4867.14","4788.00"
"16/11/2023 17:00 - 16/11/2023 18:00","BZN|BG","5203.06","5037.00"
"16/11/2023 18:00 - 16/11/2023 19:00","BZN|BG","5241.19","5004.00"
"16/11/2023 19:00 - 16/11/2023 20:00","BZN|BG","5035.34","4815.00"
"16/11/2023 20:00 - 16/11/2023 21:00","BZN|BG","4789.88","4532.00"
"16/11/2023 21:00 - 16/11/2023 22:00","BZN|BG","4564.91","4396.00"
"16/11/2023 22:00 - 16/11/2023 23:00","BZN|BG","4306.69","4098.00"
"16/11/2023 23:00 - 17/11/2023 00:00","BZN|BG","3860.89","3894.00"
"17/11/2023 00:00 - 17/11/2023 01:00","BZN|BG","3628.41","3628.00"
"17/11/2023 01:00 - 17/11/2023 02:00","BZN|BG","3501.56","3500.00"
"17/11/2023 02:00 - 17/11/2023 03:00","BZN|BG","3452.52","3468.00"
"17/11/2023 03:00 - 17/11/2023 04:00","BZN|BG","3531.76","3509.00"
"17/11/2023 04:00 - 17/11/2023 05:00","BZN|BG","3699.66","3674.00"
"17/11/2023 05:00 - 17/11/2023 06:00","BZN|BG","4148.19","4202.00"
"17/11/2023 06:00 - 17/11/2023 07:00","BZN|BG","4573.57","4582.00"
"17/11/2023 07:00 - 17/11/2023 08:00","BZN|BG","4843.70","4724.00"
"17/11/2023 08:00 - 17/11/2023 09:00","BZN|BG","4944.53","4713.00"
"17/11/2023 09:00 - 17/11/2023 10:00","BZN|BG","4841.54","4677.00"
"17/11/2023 10:00 - 17/11/2023 11:00","BZN|BG","4734.85","4656.00"
"17/11/2023 11:00 - 17/11/2023 12:00","BZN|BG","4657.00","4643.00"
"17/11/2023 12:00 - 17/11/2023 13:00","BZN|BG","4603.47","4643.00"
"17/11/2023 13:00 - 17/11/2023 14:00","BZN|BG","4555.30","4643.00"
"17/11/2023 14:00 - 17/11/2023 15:00","BZN|BG","4641.22","4712.00"
"17/11/2023 15:00 - 17/11/2023 16:00","BZN|BG","4816.79","4847.00"
"17/11/2023 16:00 - 17/11/2023 17:00","BZN|BG","5084.53","5149.00"
"17/11/2023 17:00 - 17/11/2023 18:00","BZN|BG","5253.04","5326.00"
"17/11/2023 18:00 - 17/11/2023 19:00","BZN|BG","5157.27","5295.00"
"17/11/2023 19:00 - 17/11/2023 20:00","BZN|BG","4899.06","5054.00"
"17/11/2023 20:00 - 17/11/2023 21:00","BZN|BG","4674.39","4785.00"
"17/11/2023 21:00 - 17/11/2023 22:00","BZN|BG","4557.15","4566.00"
"17/11/2023 22:00 - 17/11/2023 23:00","BZN|BG","4238.09","4210.00"
"17/11/2023 23:00 - 18/11/2023 00:00","BZN|BG","3866.35","4126.00"
"18/11/2023 00:00 - 18/11/2023 01:00","BZN|BG","3677.12","3913.00"
"18/11/2023 01:00 - 18/11/2023 02:00","BZN|BG","3573.23","3752.00"
"18/11/2023 02:00 - 18/11/2023 03:00","BZN|BG","3505.80","3671.00"
"18/11/2023 03:00 - 18/11/2023 04:00","BZN|BG","3526.03","3735.00"
"18/11/2023 04:00 - 18/11/2023 05:00","BZN|BG","3618.69","3764.00"
"18/11/2023 05:00 - 18/11/2023 06:00","BZN|BG","3745.52","3927.00"
"18/11/2023 06:00 - 18/11/2023 07:00","BZN|BG","4088.82","4196.00"
"18/11/2023 07:00 - 18/11/2023 08:00","BZN|BG","4615.09","4580.00"
"18/11/2023 08:00 - 18/11/2023 09:00","BZN|BG","4897.20","4800.00"
"18/11/2023 09:00 - 18/11/2023 10:00","BZN|BG","4989.33","4851.00"
"18/11/2023 10:00 - 18/11/2023 11:00","BZN|BG","5068.39","4845.00"
"18/11/2023 11:00 - 18/11/2023 12:00","BZN|BG","5034.19","4814.00"
"18/11/2023 12:00 - 18/11/2023 13:00","BZN|BG","4963.67","4785.00"
"18/11/2023 13:00 - 18/11/2023 14:00","BZN|BG","4881.47","4758.00"
"18/11/2023 14:00 - 18/11/2023 15:00","BZN|BG","4949.92","4800.00"
"18/11/2023 15:00 - 18/11/2023 16:00","BZN|BG","5089.09","4904.00"
"18/11/2023 16:00 - 18/11/2023 17:00","BZN|BG","5272.90","5151.00"
"18/11/2023 17:00 - 18/11/2023 18:00","BZN|BG","5328.30","5274.00"
"18/11/2023 18:00 - 18/11/2023 19:00","BZN|BG","5211.72","5183.00"
"18/11/2023 19:00 - 18/11/2023 20:00","BZN|BG","4903.43","5056.00"
"18/11/2023 20:00 - 18/11/2023 21:00","BZN|BG","4615.59","4905.00"
"18/11/2023 21:00 - 18/11/2023 22:00","BZN|BG","4480.38","4658.00"
"18/11/2023 22:00 - 18/11/2023 23:00","BZN|BG","4240.76","4467.00"
"18/11/2023 23:00 - 19/11/2023 00:00","BZN|BG","3971.97","3931.00"
"19/11/2023 00:00 - 19/11/2023 01:00","BZN|BG","3775.97","3736.00"
"19/11/2023 01:00 - 19/11/2023 02:00","BZN|BG","3651.64","3613.00"
"19/11/2023 02:00 - 19/11/2023 03:00","BZN|BG","3615.85","3538.00"
"19/11/2023 03:00 - 19/11/2023 04:00","BZN|BG","3602.71","3533.00"
"19/11/2023 04:00 - 19/11/2023 05:00","BZN|BG","3637.54","3627.00"
"19/11/2023 05:00 - 19/11/2023 06:00","BZN|BG","3777.72","3829.00"
"19/11/2023 06:00 - 19/11/2023 07:00","BZN|BG","4093.84","4279.00"
"19/11/2023 07:00 - 19/11/2023 08:00","BZN|BG","4549.11","4938.00"
"19/11/2023 08:00 - 19/11/2023 09:00","BZN|BG","4810.97","5116.00"
"19/11/2023 09:00 - 19/11/2023 10:00","BZN|BG","4882.48","5151.00"
"19/11/2023 10:00 - 19/11/2023 11:00","BZN|BG","4838.98","4968.00"
"19/11/2023 11:00 - 19/11/2023 12:00","BZN|BG","4748.21","4926.00"
"19/11/2023 12:00 - 19/11/2023 13:00","BZN|BG","4585.04","4738.00"
"19/11/2023 13:00 - 19/11/2023 14:00","BZN|BG","4468.99","4738.00"
"19/11/2023 14:00 - 19/11/2023 15:00","BZN|BG","4549.19","4900.00"
"19/11/2023 15:00 - 19/11/2023 16:00","BZN|BG","4841.78","5150.00"
"19/11/2023 16:00 - 19/11/2023 17:00","BZN|BG","5335.87","5515.00"
"19/11/2023 17:00 - 19/11/2023 18:00","BZN|BG","5533.48","5712.00"
"19/11/2023 18:00 - 19/11/2023 19:00","BZN|BG","5411.79","5560.00"
"19/11/2023 19:00 - 19/11/2023 20:00","BZN|BG","5218.33","5295.00"
"19/11/2023 20:00 - 19/11/2023 21:00","BZN|BG","5040.39","4958.00"
"19/11/2023 21:00 - 19/11/2023 22:00","BZN|BG","4805.55","4854.00"
"19/11/2023 22:00 - 19/11/2023 23:00","BZN|BG","4452.48","4423.00"
"19/11/2023 23:00 - 20/11/2023 00:00","BZN|BG","4096.06","4045.00"
"20/11/2023 00:00 - 20/11/2023 01:00","BZN|BG","3854.01","3824.00"
"20/11/2023 01:00 - 20/11/2023 02:00","BZN|BG","3717.59","3705.00"
"20/11/2023 02:00 - 20/11/2023 03:00","BZN|BG","3712.83","3656.00"
"20/11/2023 03:00 - 20/11/2023 04:00","BZN|BG","3740.50","3688.00"
"20/11/2023 04:00 - 20/11/2023 05:00","BZN|BG","3947.22","3861.00"
"20/11/2023 05:00 - 20/11/2023 06:00","BZN|BG","4466.06","4334.00"
"20/11/2023 06:00 - 20/11/2023 07:00","BZN|BG","4932.64","4738.00"
"20/11/2023 07:00 - 20/11/2023 08:00","BZN|BG","5183.87","5004.00"
"20/11/2023 08:00 - 20/11/2023 09:00","BZN|BG","5141.02","5070.00"
"20/11/2023 09:00 - 20/11/2023 10:00","BZN|BG","4921.32","5011.00"
"20/11/2023 10:00 - 20/11/2023 11:00","BZN|BG","4778.94","4945.00"
"20/11/2023 11:00 - 20/11/2023 12:00","BZN|BG","4739.35","4892.00"
"20/11/2023 12:00 - 20/11/2023 13:00","BZN|BG","4769.88","4871.00"
"20/11/2023 13:00 - 20/11/2023 14:00","BZN|BG","4808.56","4841.00"
"20/11/2023 14:00 - 20/11/2023 15:00","BZN|BG","4904.89","4915.00"
"20/11/2023 15:00 - 20/11/2023 16:00","BZN|BG","5026.13","5060.00"
"20/11/2023 16:00 - 20/11/2023 17:00","BZN|BG","5298.68","5348.00"
"20/11/2023 17:00 - 20/11/2023 18:00","BZN|BG","5489.67","5554.00"
"20/11/2023 18:00 - 20/11/2023 19:00","BZN|BG","5500.53","5566.00"
"20/11/2023 19:00 - 20/11/2023 20:00","BZN|BG","5292.78","5354.00"
"20/11/2023 20:00 - 20/11/2023 21:00","BZN|BG","5045.84","5076.00"
"20/11/2023 21:00 - 20/11/2023 22:00","BZN|BG","4802.99","4829.00"
"20/11/2023 22:00 - 20/11/2023 23:00","BZN|BG","4451.47","4396.00"
"20/11/2023 23:00 - 21/11/2023 00:00","BZN|BG","4168.10","4084.00"
"21/11/2023 00:00 - 21/11/2023 01:00","BZN|BG","3944.91","3827.00"
"21/11/2023 01:00 - 21/11/2023 02:00","BZN|BG","3828.44","3717.00"
"21/11/2023 02:00 - 21/11/2023 03:00","BZN|BG","3825.39","3702.00"
"21/11/2023 03:00 - 21/11/2023 04:00","BZN|BG","3905.09","3715.00"
"21/11/2023 04:00 - 21/11/2023 05:00","BZN|BG","4007.80","3937.00"
"21/11/2023 05:00 - 21/11/2023 06:00","BZN|BG","4492.93","4494.00"
"21/11/2023 06:00 - 21/11/2023 07:00","BZN|BG","4970.84","5023.00"
"21/11/2023 07:00 - 21/11/2023 08:00","BZN|BG","5204.41","5248.00"
"21/11/2023 08:00 - 21/11/2023 09:00","BZN|BG","5233.05","5196.00"
"21/11/2023 09:00 - 21/11/2023 10:00","BZN|BG","5084.70","5074.00"
"21/11/2023 10:00 - 21/11/2023 11:00","BZN|BG","4942.96","5016.00"
"21/11/2023 11:00 - 21/11/2023 12:00","BZN|BG","4753.59","4939.00"
"21/11/2023 12:00 - 21/11/2023 13:00","BZN|BG","4776.35","4927.00"
"21/11/2023 13:00 - 21/11/2023 14:00","BZN|BG","4857.86","4927.00"
"21/11/2023 14:00 - 21/11/2023 15:00","BZN|BG","4995.33","5004.00"
"21/11/2023 15:00 - 21/11/2023 16:00","BZN|BG","5138.28","5183.00"
"21/11/2023 16:00 - 21/11/2023 17:00","BZN|BG","5374.82","5524.00"
"21/11/2023 17:00 - 21/11/2023 18:00","BZN|BG","5528.20","5716.00"
"21/11/2023 18:00 - 21/11/2023 19:00","BZN|BG","5505.62","5682.00"
"21/11/2023 19:00 - 21/11/2023 20:00","BZN|BG","5328.65","5473.00"
"21/11/2023 20:00 - 21/11/2023 21:00","BZN|BG","4981.47","5203.00"
"21/11/2023 21:00 - 21/11/2023 22:00","BZN|BG","4746.51","4945.00"
"21/11/2023 22:00 - 21/11/2023 23:00","BZN|BG","4421.86","4615.00"
"21/11/2023 23:00 - 22/11/2023 00:00","BZN|BG","4086.78","4082.00"
"22/11/2023 00:00 - 22/11/2023 01:00","BZN|BG","3843.02","3857.00"
"22/11/2023 01:00 - 22/11/2023 02:00","BZN|BG","3730.23","3753.00"
"22/11/2023 02:00 - 22/11/2023 03:00","BZN|BG","3704.11","3733.00"
"22/11/2023 03:00 - 22/11/2023 04:00","BZN|BG","3728.00","3762.00"
"22/11/2023 04:00 - 22/11/2023 05:00","BZN|BG","3804.34","3981.00"
"22/11/2023 05:00 - 22/11/2023 06:00","BZN|BG","4298.53","4524.00"
"22/11/2023 06:00 - 22/11/2023 07:00","BZN|BG","4775.73","4999.00"
"22/11/2023 07:00 - 22/11/2023 08:00","BZN|BG","5129.40","5142.00"
"22/11/2023 08:00 - 22/11/2023 09:00","BZN|BG","5254.43","5175.00"
"22/11/2023 09:00 - 22/11/2023 10:00","BZN|BG","5250.46","4966.00"
"22/11/2023 10:00 - 22/11/2023 11:00","BZN|BG","5194.59","4870.00"
"22/11/2023 11:00 - 22/11/2023 12:00","BZN|BG","5098.66","4707.00"
"22/11/2023 12:00 - 22/11/2023 13:00","BZN|BG","5100.07","4704.00"
"22/11/2023 13:00 - 22/11/2023 14:00","BZN|BG","5079.60","4689.00"
"22/11/2023 14:00 - 22/11/2023 15:00","BZN|BG","5126.96","4763.00"
"22/11/2023 15:00 - 22/11/2023 16:00","BZN|BG","5211.70","4929.00"
"22/11/2023 16:00 - 22/11/2023 17:00","BZN|BG","5384.22","5274.00"
"22/11/2023 17:00 - 22/11/2023 18:00","BZN|BG","5550.56","5510.00"
"22/11/2023 18:00 - 22/11/2023 19:00","BZN|BG","5493.96","5494.00"
"22/11/2023 19:00 - 22/11/2023 20:00","BZN|BG","5266.60","5249.00"
"22/11/2023 20:00 - 22/11/2023 21:00","BZN|BG","5014.90","4999.00"
"22/11/2023 21:00 - 22/11/2023 22:00","BZN|BG","4707.33","4769.00"
"22/11/2023 22:00 - 22/11/2023 23:00","BZN|BG","4367.68","4403.00"
"22/11/2023 23:00 - 23/11/2023 00:00","BZN|BG","4090.96","4126.00"
"23/11/2023 00:00 - 23/11/2023 01:00","BZN|BG","3859.22","3900.00"
"23/11/2023 01:00 - 23/11/2023 02:00","BZN|BG","3760.06","3803.00"
"23/11/2023 02:00 - 23/11/2023 03:00","BZN|BG","3712.99","3775.00"
"23/11/2023 03:00 - 23/11/2023 04:00","BZN|BG","3731.66","3819.00"
"23/11/2023 04:00 - 23/11/2023 05:00","BZN|BG","3911.75","4060.00"
"23/11/2023 05:00 - 23/11/2023 06:00","BZN|BG","4418.45","4659.00"
"23/11/2023 06:00 - 23/11/2023 07:00","BZN|BG","4857.20","5189.00"
"23/11/2023 07:00 - 23/11/2023 08:00","BZN|BG","5232.85","5414.00"
"23/11/2023 08:00 - 23/11/2023 09:00","BZN|BG","5455.62","5395.00"
"23/11/2023 09:00 - 23/11/2023 10:00","BZN|BG","5426.01","5229.00"
"23/11/2023 10:00 - 23/11/2023 11:00","BZN|BG","5399.89","5152.00"
"23/11/2023 11:00 - 23/11/2023 12:00","BZN|BG","5308.02","5007.00"
"23/11/2023 12:00 - 23/11/2023 13:00","BZN|BG","5264.18","4997.00"
"23/11/2023 13:00 - 23/11/2023 14:00","BZN|BG","5195.93","4985.00"
"23/11/2023 14:00 - 23/11/2023 15:00","BZN|BG","5235.30","5049.00"
"23/11/2023 15:00 - 23/11/2023 16:00","BZN|BG","5267.21","5182.00"
"23/11/2023 16:00 - 23/11/2023 17:00","BZN|BG","5433.95","5431.00"
"23/11/2023 17:00 - 23/11/2023 18:00","BZN|BG","5573.31","5584.00"
"23/11/2023 18:00 - 23/11/2023 19:00","BZN|BG","5530.59","5575.00"
"23/11/2023 19:00 - 23/11/2023 20:00","BZN|BG","5291.60","5333.00"
"23/11/2023 20:00 - 23/11/2023 21:00","BZN|BG","5032.25","5085.00"
"23/11/2023 21:00 - 23/11/2023 22:00","BZN|BG","4881.43","4835.00"
"23/11/2023 22:00 - 23/11/2023 23:00","BZN|BG","4499.77","4503.00"
"23/11/2023 23:00 - 24/11/2023 00:00","BZN|BG","4157.46","4127.00"
"24/11/2023 00:00 - 24/11/2023 01:00","BZN|BG","3925.44","3871.00"
"24/11/2023 01:00 - 24/11/2023 02:00","BZN|BG","3812.07","3751.00"
"24/11/2023 02:00 - 24/11/2023 03:00","BZN|BG","3758.75","3727.00"
"24/11/2023 03:00 - 24/11/2023 04:00","BZN|BG","3801.96","3775.00"
"24/11/2023 04:00 - 24/11/2023 05:00","BZN|BG","3952.85","3957.00"
"24/11/2023 05:00 - 24/11/2023 06:00","BZN|BG","4393.65","4496.00"
"24/11/2023 06:00 - 24/11/2023 07:00","BZN|BG","4823.91","5033.00"
"24/11/2023 07:00 - 24/11/2023 08:00","BZN|BG","5102.80","5261.00"
"24/11/2023 08:00 - 24/11/2023 09:00","BZN|BG","5194.73","5278.00"
"24/11/2023 09:00 - 24/11/2023 10:00","BZN|BG","5035.24","5182.00"
"24/11/2023 10:00 - 24/11/2023 11:00","BZN|BG","4991.67","5124.00"
"24/11/2023 11:00 - 24/11/2023 12:00","BZN|BG","4875.77","5006.00"
"24/11/2023 12:00 - 24/11/2023 13:00","BZN|BG","4852.27","5012.00"
"24/11/2023 13:00 - 24/11/2023 14:00","BZN|BG","4848.64","5006.00"
"24/11/2023 14:00 - 24/11/2023 15:00","BZN|BG","4908.01","5068.00"
"24/11/2023 15:00 - 24/11/2023 16:00","BZN|BG","5041.69","5165.00"
"24/11/2023 16:00 - 24/11/2023 17:00","BZN|BG","5254.48","5376.00"
"24/11/2023 17:00 - 24/11/2023 18:00","BZN|BG","5383.10","5509.00"
"24/11/2023 18:00 - 24/11/2023 19:00","BZN|BG","5295.82","5488.00"
"24/11/2023 19:00 - 24/11/2023 20:00","BZN|BG","5082.96","5280.00"
"24/11/2023 20:00 - 24/11/2023 21:00","BZN|BG","4837.72","5002.00"
"24/11/2023 21:00 - 24/11/2023 22:00","BZN|BG","4705.28","4792.00"
"24/11/2023 22:00 - 24/11/2023 23:00","BZN|BG","4409.75","4434.00"
"24/11/2023 23:00 - 25/11/2023 00:00","BZN|BG","4086.46","4258.00"
"25/11/2023 00:00 - 25/11/2023 01:00","BZN|BG","3842.35","4102.00"
"25/11/2023 01:00 - 25/11/2023 02:00","BZN|BG","3712.04","4017.00"
"25/11/2023 02:00 - 25/11/2023 03:00","BZN|BG","3655.19","3961.00"
"25/11/2023 03:00 - 25/11/2023 04:00","BZN|BG","3671.11","3979.00"
"25/11/2023 04:00 - 25/11/2023 05:00","BZN|BG","3754.48","4060.00"
"25/11/2023 05:00 - 25/11/2023 06:00","BZN|BG","3937.39","4171.00"
"25/11/2023 06:00 - 25/11/2023 07:00","BZN|BG","4218.60","4471.00"
"25/11/2023 07:00 - 25/11/2023 08:00","BZN|BG","4719.86","4932.00"
"25/11/2023 08:00 - 25/11/2023 09:00","BZN|BG","5071.45","5179.00"
"25/11/2023 09:00 - 25/11/2023 10:00","BZN|BG","5233.68","5259.00"
"25/11/2023 10:00 - 25/11/2023 11:00","BZN|BG","5305.28","5329.00"
"25/11/2023 11:00 - 25/11/2023 12:00","BZN|BG","5272.09","5287.00"
"25/11/2023 12:00 - 25/11/2023 13:00","BZN|BG","5169.70","5203.00"
"25/11/2023 13:00 - 25/11/2023 14:00","BZN|BG","5136.62","5104.00"
"25/11/2023 14:00 - 25/11/2023 15:00","BZN|BG","5180.46","5175.00"
"25/11/2023 15:00 - 25/11/2023 16:00","BZN|BG","5343.55","5320.00"
"25/11/2023 16:00 - 25/11/2023 17:00","BZN|BG","5539.17","5511.00"
"25/11/2023 17:00 - 25/11/2023 18:00","BZN|BG","5542.48","5569.00"
"25/11/2023 18:00 - 25/11/2023 19:00","BZN|BG","5473.95","5472.00"
"25/11/2023 19:00 - 25/11/2023 20:00","BZN|BG","5246.46","5214.00"
"25/11/2023 20:00 - 25/11/2023 21:00","BZN|BG","5023.99","4973.00"
"25/11/2023 21:00 - 25/11/2023 22:00","BZN|BG","4908.87","4860.00"
"25/11/2023 22:00 - 25/11/2023 23:00","BZN|BG","4654.15","4659.00"
"25/11/2023 23:00 - 26/11/2023 00:00","BZN|BG","4322.26","4150.00"
"26/11/2023 00:00 - 26/11/2023 01:00","BZN|BG","4060.74","3998.00"
"26/11/2023 01:00 - 26/11/2023 02:00","BZN|BG","3865.12","3901.00"
"26/11/2023 02:00 - 26/11/2023 03:00","BZN|BG","3722.76","3874.00"
"26/11/2023 03:00 - 26/11/2023 04:00","BZN|BG","3612.55","3864.00"
"26/11/2023 04:00 - 26/11/2023 05:00","BZN|BG","3594.35","3913.00"
"26/11/2023 05:00 - 26/11/2023 06:00","BZN|BG","3656.88","4115.00"
"26/11/2023 06:00 - 26/11/2023 07:00","BZN|BG","3829.27","4568.00"
"26/11/2023 07:00 - 26/11/2023 08:00","BZN|BG","4276.73","5221.00"
"26/11/2023 08:00 - 26/11/2023 09:00","BZN|BG","4651.87","5597.00"
"26/11/2023 09:00 - 26/11/2023 10:00","BZN|BG","4844.83","5700.00"
"26/11/2023 10:00 - 26/11/2023 11:00","BZN|BG","4932.45","5681.00"
"26/11/2023 11:00 - 26/11/2023 12:00","BZN|BG","4986.78","5644.00"
"26/11/2023 12:00 - 26/11/2023 13:00","BZN|BG","4950.24","5576.00"
"26/11/2023 13:00 - 26/11/2023 14:00","BZN|BG","4918.18","5527.00"
"26/11/2023 14:00 - 26/11/2023 15:00","BZN|BG","4979.14","5573.00"
"26/11/2023 15:00 - 26/11/2023 16:00","BZN|BG","5245.86","5742.00"
"26/11/2023 16:00 - 26/11/2023 17:00","BZN|BG","5622.70","6028.00"
"26/11/2023 17:00 - 26/11/2023 18:00","BZN|BG","5794.48","6142.00"
"26/11/2023 18:00 - 26/11/2023 19:00","BZN|BG","5756.20","5997.00"
"26/11/2023 19:00 - 26/11/2023 20:00","BZN|BG","5553.72","5767.00"
"26/11/2023 20:00 - 26/11/2023 21:00","BZN|BG","5347.30","5555.00"
"26/11/2023 21:00 - 26/11/2023 22:00","BZN|BG","5140.75","5276.00"
"26/11/2023 22:00 - 26/11/2023 23:00","BZN|BG","4771.39","4855.00"
"26/11/2023 23:00 - 27/11/2023 00:00","BZN|BG","4434.21","4543.00"
"27/11/2023 00:00 - 27/11/2023 01:00","BZN|BG","4207.57","4295.00"
"27/11/2023 01:00 - 27/11/2023 02:00","BZN|BG","4096.31","4155.00"
"27/11/2023 02:00 - 27/11/2023 03:00","BZN|BG","4071.44","4150.00"
"27/11/2023 03:00 - 27/11/2023 04:00","BZN|BG","4117.93","4185.00"
"27/11/2023 04:00 - 27/11/2023 05:00","BZN|BG","4284.34","4400.00"
"27/11/2023 05:00 - 27/11/2023 06:00","BZN|BG","4794.28","4880.00"
"27/11/2023 06:00 - 27/11/2023 07:00","BZN|BG","5299.56","5336.00"
"27/11/2023 07:00 - 27/11/2023 08:00","BZN|BG","5661.75","5905.00"
"27/11/2023 08:00 - 27/11/2023 09:00","BZN|BG","5751.71","6025.00"
"27/11/2023 09:00 - 27/11/2023 10:00","BZN|BG","5641.18","5868.00"
"27/11/2023 10:00 - 27/11/2023 11:00","BZN|BG","5593.97","5728.00"
"27/11/2023 11:00 - 27/11/2023 12:00","BZN|BG","5449.38","5728.00"
"27/11/2023 12:00 - 27/11/2023 13:00","BZN|BG","5386.72","5728.00"
"27/11/2023 13:00 - 27/11/2023 14:00","BZN|BG","5347.36","5728.00"
"27/11/2023 14:00 - 27/11/2023 15:00","BZN|BG","5449.38","5807.00"
"27/11/2023 15:00 - 27/11/2023 16:00","BZN|BG","5663.21","5907.00"
"27/11/2023 16:00 - 27/11/2023 17:00","BZN|BG","5988.99","6130.00"
"27/11/2023 17:00 - 27/11/2023 18:00","BZN|BG","6181.94","6296.00"
"27/11/2023 18:00 - 27/11/2023 19:00","BZN|BG","6175.07","6271.00"
"27/11/2023 19:00 - 27/11/2023 20:00","BZN|BG","5936.00","6061.00"
"27/11/2023 20:00 - 27/11/2023 21:00","BZN|BG","5694.19","5781.00"
"27/11/2023 21:00 - 27/11/2023 22:00","BZN|BG","5501.92","5506.00"
"27/11/2023 22:00 - 27/11/2023 23:00","BZN|BG","5134.60","5107.00"
"27/11/2023 23:00 - 28/11/2023 00:00","BZN|BG","4734.01","4791.00"
"28/11/2023 00:00 - 28/11/2023 01:00","BZN|BG","4497.53","4447.00"
"28/11/2023 01:00 - 28/11/2023 02:00","BZN|BG","4380.07","4280.00"
"28/11/2023 02:00 - 28/11/2023 03:00","BZN|BG","4350.33","4227.00"
"28/11/2023 03:00 - 28/11/2023 04:00","BZN|BG","4375.99","4282.00"
"28/11/2023 04:00 - 28/11/2023 05:00","BZN|BG","4528.75","4434.00"
"28/11/2023 05:00 - 28/11/2023 06:00","BZN|BG","5011.25","4968.00"
"28/11/2023 06:00 - 28/11/2023 07:00","BZN|BG","5512.20","5473.00"
"28/11/2023 07:00 - 28/11/2023 08:00","BZN|BG","5822.58","5813.00"
"28/11/2023 08:00 - 28/11/2023 09:00","BZN|BG","5978.26","5941.00"
"28/11/2023 09:00 - 28/11/2023 10:00","BZN|BG","6016.41","5856.00"
"28/11/2023 10:00 - 28/11/2023 11:00","BZN|BG","6044.96","5785.00"
"28/11/2023 11:00 - 28/11/2023 12:00","BZN|BG","5941.05","5676.00"
"28/11/2023 12:00 - 28/11/2023 13:00","BZN|BG","5877.68","5658.00"
"28/11/2023 13:00 - 28/11/2023 14:00","BZN|BG","5803.81","5647.00"
"28/11/2023 14:00 - 28/11/2023 15:00","BZN|BG","5846.92","5727.00"
"28/11/2023 15:00 - 28/11/2023 16:00","BZN|BG","5840.63","5851.00"
"28/11/2023 16:00 - 28/11/2023 17:00","BZN|BG","5973.08","6080.00"
"28/11/2023 17:00 - 28/11/2023 18:00","BZN|BG","6105.75","6245.00"
"28/11/2023 18:00 - 28/11/2023 19:00","BZN|BG","6062.98","6176.00"
"28/11/2023 19:00 - 28/11/2023 20:00","BZN|BG","5854.66","5924.00"
"28/11/2023 20:00 - 28/11/2023 21:00","BZN|BG","5591.02","5625.00"
"28/11/2023 21:00 - 28/11/2023 22:00","BZN|BG","5298.04","5412.00"
"28/11/2023 22:00 - 28/11/2023 23:00","BZN|BG","4889.92","5038.00"
"28/11/2023 23:00 - 29/11/2023 00:00","BZN|BG","4531.77","4692.00"
"29/11/2023 00:00 - 29/11/2023 01:00","BZN|BG","4271.04","4445.00"
"29/11/2023 01:00 - 29/11/2023 02:00","BZN|BG","4153.71","4328.00"
"29/11/2023 02:00 - 29/11/2023 03:00","BZN|BG","4110.71","4293.00"
"29/11/2023 03:00 - 29/11/2023 04:00","BZN|BG","4136.18","4335.00"
"29/11/2023 04:00 - 29/11/2023 05:00","BZN|BG","4321.65","4463.00"
"29/11/2023 05:00 - 29/11/2023 06:00","BZN|BG","4868.12","4948.00"
"29/11/2023 06:00 - 29/11/2023 07:00","BZN|BG","5367.20","5407.00"
"29/11/2023 07:00 - 29/11/2023 08:00","BZN|BG","5615.69","5719.00"
"29/11/2023 08:00 - 29/11/2023 09:00","BZN|BG","5713.94","5837.00"
"29/11/2023 09:00 - 29/11/2023 10:00","BZN|BG","5527.01","5717.00"
"29/11/2023 10:00 - 29/11/2023 11:00","BZN|BG","5389.48","5623.00"
"29/11/2023 11:00 - 29/11/2023 12:00","BZN|BG","5265.40","5449.00"
"29/11/2023 12:00 - 29/11/2023 13:00","BZN|BG","5266.36","5434.00"
"29/11/2023 13:00 - 29/11/2023 14:00","BZN|BG","5300.22","5430.00"
"29/11/2023 14:00 - 29/11/2023 15:00","BZN|BG","5435.95","5533.00"
"29/11/2023 15:00 - 29/11/2023 16:00","BZN|BG","5587.65","5676.00"
"29/11/2023 16:00 - 29/11/2023 17:00","BZN|BG","5836.92","5963.00"
"29/11/2023 17:00 - 29/11/2023 18:00","BZN|BG","6022.37","6177.00"
"29/11/2023 18:00 - 29/11/2023 19:00","BZN|BG","6064.02","6122.00"
"29/11/2023 19:00 - 29/11/2023 20:00","BZN|BG","5841.38","5895.00"
"29/11/2023 20:00 - 29/11/2023 21:00","BZN|BG","5611.30","5602.00"
"29/11/2023 21:00 - 29/11/2023 22:00","BZN|BG","5386.13","5383.00"
"29/11/2023 22:00 - 29/11/2023 23:00","BZN|BG","5007.74","5027.00"
"29/11/2023 23:00 - 30/11/2023 00:00","BZN|BG","4623.26","4535.00"
"30/11/2023 00:00 - 30/11/2023 01:00","BZN|BG","4382.06","4290.00"
"30/11/2023 01:00 - 30/11/2023 02:00","BZN|BG","4278.89","4153.00"
"30/11/2023 02:00 - 30/11/2023 03:00","BZN|BG","4241.41","4116.00"
"30/11/2023 03:00 - 30/11/2023 04:00","BZN|BG","4290.27","4151.00"
"30/11/2023 04:00 - 30/11/2023 05:00","BZN|BG","4501.45","4305.00"
"30/11/2023 05:00 - 30/11/2023 06:00","BZN|BG","5011.80","4837.00"
"30/11/2023 06:00 - 30/11/2023 07:00","BZN|BG","5526.34","5396.00"
"30/11/2023 07:00 - 30/11/2023 08:00","BZN|BG","5786.30","5776.00"
"30/11/2023 08:00 - 30/11/2023 09:00","BZN|BG","5776.86","5909.00"
"30/11/2023 09:00 - 30/11/2023 10:00","BZN|BG","5617.71","5828.00"
"30/11/2023 10:00 - 30/11/2023 11:00","BZN|BG","5504.01","5779.00"
"30/11/2023 11:00 - 30/11/2023 12:00","BZN|BG","5355.59","5634.00"
"30/11/2023 12:00 - 30/11/2023 13:00","BZN|BG","5287.59","5588.00"
"30/11/2023 13:00 - 30/11/2023 14:00","BZN|BG","5223.22","5586.00"
"30/11/2023 14:00 - 30/11/2023 15:00","BZN|BG","5344.91","5644.00"
"30/11/2023 15:00 - 30/11/2023 16:00","BZN|BG","5515.58","5734.00"
"30/11/2023 16:00 - 30/11/2023 17:00","BZN|BG","5813.93","5936.00"
"30/11/2023 17:00 - 30/11/2023 18:00","BZN|BG","5991.92","6075.00"
"30/11/2023 18:00 - 30/11/2023 19:00","BZN|BG","5974.22","6001.00"
"30/11/2023 19:00 - 30/11/2023 20:00","BZN|BG","5814.84","5805.00"
"30/11/2023 20:00 - 30/11/2023 21:00","BZN|BG","5568.79","5508.00"
"30/11/2023 21:00 - 30/11/2023 22:00","BZN|BG","5381.15","5278.00"
"30/11/2023 22:00 - 30/11/2023 23:00","BZN|BG","5010.15","4937.00"
"30/11/2023 23:00 - 01/12/2023 00:00","BZN|BG","4615.52","4455.00"
"01/12/2023 00:00 - 01/12/2023 01:00","BZN|BG","4355.54","4197.00"
"01/12/2023 01:00 - 01/12/2023 02:00","BZN|BG","4231.02","4068.00"
"01/12/2023 02:00 - 01/12/2023 03:00","BZN|BG","4191.61","4048.00"
"01/12/2023 03:00 - 01/12/2023 04:00","BZN|BG","4238.58","4076.00"
"01/12/2023 04:00 - 01/12/2023 05:00","BZN|BG","4399.46","4198.00"
"01/12/2023 05:00 - 01/12/2023 06:00","BZN|BG","4895.47","4664.00"
"01/12/2023 06:00 - 01/12/2023 07:00","BZN|BG","5354.17","5151.00"
"01/12/2023 07:00 - 01/12/2023 08:00","BZN|BG","5648.14","5468.00"
"01/12/2023 08:00 - 01/12/2023 09:00","BZN|BG","5720.99","5589.00"
"01/12/2023 09:00 - 01/12/2023 10:00","BZN|BG","5609.36","5451.00"
"01/12/2023 10:00 - 01/12/2023 11:00","BZN|BG","5460.73","5342.00"
"01/12/2023 11:00 - 01/12/2023 12:00","BZN|BG","5236.99","5103.00"
"01/12/2023 12:00 - 01/12/2023 13:00","BZN|BG","5125.71","5081.00"
"01/12/2023 13:00 - 01/12/2023 14:00","BZN|BG","5055.84","5081.00"
"01/12/2023 14:00 - 01/12/2023 15:00","BZN|BG","5118.23","5190.00"
"01/12/2023 15:00 - 01/12/2023 16:00","BZN|BG","5266.75","5311.00"
"01/12/2023 16:00 - 01/12/2023 17:00","BZN|BG","5508.22","5587.00"
"01/12/2023 17:00 - 01/12/2023 18:00","BZN|BG","5618.85","5818.00"
"01/12/2023 18:00 - 01/12/2023 19:00","BZN|BG","5556.65","5772.00"
"01/12/2023 19:00 - 01/12/2023 20:00","BZN|BG","5301.31","5548.00"
"01/12/2023 20:00 - 01/12/2023 21:00","BZN|BG","5120.45","5255.00"
"01/12/2023 21:00 - 01/12/2023 22:00","BZN|BG","4970.79","5028.00"
"01/12/2023 22:00 - 01/12/2023 23:00","BZN|BG","4692.52","4661.00"
"01/12/2023 23:00 - 02/12/2023 00:00","BZN|BG","4354.84","4338.00"
"02/12/2023 00:00 - 02/12/2023 01:00","BZN|BG","4082.86","4108.00"
"02/12/2023 01:00 - 02/12/2023 02:00","BZN|BG","3951.80","3985.00"
"02/12/2023 02:00 - 02/12/2023 03:00","BZN|BG","3897.39","3931.00"
"02/12/2023 03:00 - 02/12/2023 04:00","BZN|BG","3895.93","3942.00"
"02/12/2023 04:00 - 02/12/2023 05:00","BZN|BG","3961.38","4001.00"
"02/12/2023 05:00 - 02/12/2023 06:00","BZN|BG","4119.71","4131.00"
"02/12/2023 06:00 - 02/12/2023 07:00","BZN|BG","4420.11","4330.00"
"02/12/2023 07:00 - 02/12/2023 08:00","BZN|BG","4842.15","4685.00"
"02/12/2023 08:00 - 02/12/2023 09:00","BZN|BG","5027.70","4934.00"
"02/12/2023 09:00 - 02/12/2023 10:00","BZN|BG","5024.28","5048.00"
"02/12/2023 10:00 - 02/12/2023 11:00","BZN|BG","4987.72","5099.00"
"02/12/2023 11:00 - 02/12/2023 12:00","BZN|BG","4880.30","4971.00"
"02/12/2023 12:00 - 02/12/2023 13:00","BZN|BG","4779.32","4577.00"
"02/12/2023 13:00 - 02/12/2023 14:00","BZN|BG","4654.45","4450.00"
"02/12/2023 14:00 - 02/12/2023 15:00","BZN|BG","4663.38","4555.00"
"02/12/2023 15:00 - 02/12/2023 16:00","BZN|BG","4847.04","4945.00"
"02/12/2023 16:00 - 02/12/2023 17:00","BZN|BG","5174.51","5413.00"
"02/12/2023 17:00 - 02/12/2023 18:00","BZN|BG","5228.75","5421.00"
"02/12/2023 18:00 - 02/12/2023 19:00","BZN|BG","5075.76","5352.00"
"02/12/2023 19:00 - 02/12/2023 20:00","BZN|BG","4893.48","5122.00"
"02/12/2023 20:00 - 02/12/2023 21:00","BZN|BG","4707.33","4897.00"
"02/12/2023 21:00 - 02/12/2023 22:00","BZN|BG","4594.35","4781.00"
"02/12/2023 22:00 - 02/12/2023 23:00","BZN|BG","4328.65","4524.00"
"02/12/2023 23:00 - 03/12/2023 00:00","BZN|BG","4037.62","4536.00"
"03/12/2023 00:00 - 03/12/2023 01:00","BZN|BG","3832.64","4367.00"
"03/12/2023 01:00 - 03/12/2023 02:00","BZN|BG","3699.84","4241.00"
"03/12/2023 02:00 - 03/12/2023 03:00","BZN|BG","3628.53","4149.00"
"03/12/2023 03:00 - 03/12/2023 04:00","BZN|BG","3611.09","4077.00"
"03/12/2023 04:00 - 03/12/2023 05:00","BZN|BG","3660.45","4066.00"
"03/12/2023 05:00 - 03/12/2023 06:00","BZN|BG","3776.57","4126.00"
"03/12/2023 06:00 - 03/12/2023 07:00","BZN|BG","4010.22","4292.00"
"03/12/2023 07:00 - 03/12/2023 08:00","BZN|BG","4433.35","4722.00"
"03/12/2023 08:00 - 03/12/2023 09:00","BZN|BG","4735.53","5083.00"
"03/12/2023 09:00 - 03/12/2023 10:00","BZN|BG","4878.22","5268.00"
"03/12/2023 10:00 - 03/12/2023 11:00","BZN|BG","4925.51","5353.00"
"03/12/2023 11:00 - 03/12/2023 12:00","BZN|BG","4969.35","5405.00"
"03/12/2023 12:00 - 03/12/2023 13:00","BZN|BG","4930.12","5169.00"
"03/12/2023 13:00 - 03/12/2023 14:00","BZN|BG","4930.71","4961.00"
"03/12/2023 14:00 - 03/12/2023 15:00","BZN|BG","5038.26","5008.00"
"03/12/2023 15:00 - 03/12/2023 16:00","BZN|BG","5288.75","5213.00"
"03/12/2023 16:00 - 03/12/2023 17:00","BZN|BG","5552.19","5502.00"
"03/12/2023 17:00 - 03/12/2023 18:00","BZN|BG","5622.84","5634.00"
"03/12/2023 18:00 - 03/12/2023 19:00","BZN|BG","5539.55","5592.00"
"03/12/2023 19:00 - 03/12/2023 20:00","BZN|BG","5329.38","5373.00"
"03/12/2023 20:00 - 03/12/2023 21:00","BZN|BG","5077.87","5149.00"
"03/12/2023 21:00 - 03/12/2023 22:00","BZN|BG","4945.89","4925.00"
"03/12/2023 22:00 - 03/12/2023 23:00","BZN|BG","4630.84","4524.00"
"03/12/2023 23:00 - 04/12/2023 00:00","BZN|BG","4276.42","4208.00"
"04/12/2023 00:00 - 04/12/2023 01:00","BZN|BG","4047.55","4036.00"
"04/12/2023 01:00 - 04/12/2023 02:00","BZN|BG","3953.17","3952.00"
"04/12/2023 02:00 - 04/12/2023 03:00","BZN|BG","3918.07","3933.00"
"04/12/2023 03:00 - 04/12/2023 04:00","BZN|BG","3985.67","3986.00"
"04/12/2023 04:00 - 04/12/2023 05:00","BZN|BG","4206.38","4176.00"
"04/12/2023 05:00 - 04/12/2023 06:00","BZN|BG","4753.97","4759.00"
"04/12/2023 06:00 - 04/12/2023 07:00","BZN|BG","5288.29","5336.00"
"04/12/2023 07:00 - 04/12/2023 08:00","BZN|BG","5735.81","5750.00"
"04/12/2023 08:00 - 04/12/2023 09:00","BZN|BG","5901.80","5852.00"
"04/12/2023 09:00 - 04/12/2023 10:00","BZN|BG","5759.86","5732.00"
"04/12/2023 10:00 - 04/12/2023 11:00","BZN|BG","5635.24","5680.00"
"04/12/2023 11:00 - 04/12/2023 12:00","BZN|BG","5494.05","5522.00"
"04/12/2023 12:00 - 04/12/2023 13:00","BZN|BG","5431.82","5453.00"
"04/12/2023 13:00 - 04/12/2023 14:00","BZN|BG","5418.13","5410.00"
"04/12/2023 14:00 - 04/12/2023 15:00","BZN|BG","5463.94","5501.00"
"04/12/2023 15:00 - 04/12/2023 16:00","BZN|BG","5612.68","5691.00"
"04/12/2023 16:00 - 04/12/2023 17:00","BZN|BG","5859.77","5980.00"
"04/12/2023 17:00 - 04/12/2023 18:00","BZN|BG","6042.36","6151.00"
"04/12/2023 18:00 - 04/12/2023 19:00","BZN|BG","6032.58","6144.00"
"04/12/2023 19:00 - 04/12/2023 20:00","BZN|BG","5847.16","5895.00"
"04/12/2023 20:00 - 04/12/2023 21:00","BZN|BG","5621.23","5644.00"
"04/12/2023 21:00 - 04/12/2023 22:00","BZN|BG","5442.30","5444.00"
"04/12/2023 22:00 - 04/12/2023 23:00","BZN|BG","5057.02","5061.00"
"04/12/2023 23:00 - 05/12/2023 00:00","BZN|BG","4669.42","4750.00"
"05/12/2023 00:00 - 05/12/2023 01:00","BZN|BG","4421.02","4510.00"
"05/12/2023 01:00 - 05/12/2023 02:00","BZN|BG","4310.70","4396.00"
"05/12/2023 02:00 - 05/12/2023 03:00","BZN|BG","4259.39","4360.00"
"05/12/2023 03:00 - 05/12/2023 04:00","BZN|BG","4299.63","4399.00"
"05/12/2023 04:00 - 05/12/2023 05:00","BZN|BG","4467.24","4610.00"
"05/12/2023 05:00 - 05/12/2023 06:00","BZN|BG","4991.31","5219.00"
"05/12/2023 06:00 - 05/12/2023 07:00","BZN|BG","5453.22","5796.00"
"05/12/2023 07:00 - 05/12/2023 08:00","BZN|BG","5792.28","6120.00"
"05/12/2023 08:00 - 05/12/2023 09:00","BZN|BG","5895.97","6206.00"
"05/12/2023 09:00 - 05/12/2023 10:00","BZN|BG","5869.28","6069.00"
"05/12/2023 10:00 - 05/12/2023 11:00","BZN|BG","5774.05","5931.00"
"05/12/2023 11:00 - 05/12/2023 12:00","BZN|BG","5676.85","5767.00"
"05/12/2023 12:00 - 05/12/2023 13:00","BZN|BG","5687.92","5678.00"
"05/12/2023 13:00 - 05/12/2023 14:00","BZN|BG","5662.68","5649.00"
"05/12/2023 14:00 - 05/12/2023 15:00","BZN|BG","5741.93","5795.00"
"05/12/2023 15:00 - 05/12/2023 16:00","BZN|BG","5802.73","5995.00"
"05/12/2023 16:00 - 05/12/2023 17:00","BZN|BG","5915.84","6272.00"
"05/12/2023 17:00 - 05/12/2023 18:00","BZN|BG","6043.46","6501.00"
"05/12/2023 18:00 - 05/12/2023 19:00","BZN|BG","6031.95","6467.00"
"05/12/2023 19:00 - 05/12/2023 20:00","BZN|BG","5833.68","6200.00"
"05/12/2023 20:00 - 05/12/2023 21:00","BZN|BG","5612.74","5935.00"
"05/12/2023 21:00 - 05/12/2023 22:00","BZN|BG","5418.03","5738.00"
"05/12/2023 22:00 - 05/12/2023 23:00","BZN|BG","5015.08","5311.00"
"05/12/2023 23:00 - 06/12/2023 00:00","BZN|BG","4634.31","4647.00"
"06/12/2023 00:00 - 06/12/2023 01:00","BZN|BG","4386.50","4425.00"
"06/12/2023 01:00 - 06/12/2023 02:00","BZN|BG","4252.50","4322.00"
"06/12/2023 02:00 - 06/12/2023 03:00","BZN|BG","4217.55","4289.00"
"06/12/2023 03:00 - 06/12/2023 04:00","BZN|BG","4233.87","4328.00"
"06/12/2023 04:00 - 06/12/2023 05:00","BZN|BG","4438.18","4518.00"
"06/12/2023 05:00 - 06/12/2023 06:00","BZN|BG","4919.38","5064.00"
"06/12/2023 06:00 - 06/12/2023 07:00","BZN|BG","5394.16","5592.00"
"06/12/2023 07:00 - 06/12/2023 08:00","BZN|BG","5743.70","5890.00"
"06/12/2023 08:00 - 06/12/2023 09:00","BZN|BG","5937.94","5975.00"
"06/12/2023 09:00 - 06/12/2023 10:00","BZN|BG","5943.32","5860.00"
"06/12/2023 10:00 - 06/12/2023 11:00","BZN|BG","5949.18","5758.00"
"06/12/2023 11:00 - 06/12/2023 12:00","BZN|BG","5857.28","5594.00"
"06/12/2023 12:00 - 06/12/2023 13:00","BZN|BG","5790.81","5528.00"
"06/12/2023 13:00 - 06/12/2023 14:00","BZN|BG","5791.31","5480.00"
"06/12/2023 14:00 - 06/12/2023 15:00","BZN|BG","5838.68","5589.00"
"06/12/2023 15:00 - 06/12/2023 16:00","BZN|BG","5930.13","5730.00"
"06/12/2023 16:00 - 06/12/2023 17:00","BZN|BG","6096.17","6008.00"
"06/12/2023 17:00 - 06/12/2023 18:00","BZN|BG","6153.30","6192.00"
"06/12/2023 18:00 - 06/12/2023 19:00","BZN|BG","5948.49","6169.00"
"06/12/2023 19:00 - 06/12/2023 20:00","BZN|BG","5635.91","5936.00"
"06/12/2023 20:00 - 06/12/2023 21:00","BZN|BG","5422.59","5682.00"
"06/12/2023 21:00 - 06/12/2023 22:00","BZN|BG","5226.44","5446.00"
"06/12/2023 22:00 - 06/12/2023 23:00","BZN|BG","4899.29","5049.00"
"06/12/2023 23:00 - 07/12/2023 00:00","BZN|BG","4588.75","4694.00"
"07/12/2023 00:00 - 07/12/2023 01:00","BZN|BG","4347.29","4451.00"
"07/12/2023 01:00 - 07/12/2023 02:00","BZN|BG","4222.09","4325.00"
"07/12/2023 02:00 - 07/12/2023 03:00","BZN|BG","4178.73","4283.00"
"07/12/2023 03:00 - 07/12/2023 04:00","BZN|BG","4205.96","4332.00"
"07/12/2023 04:00 - 07/12/2023 05:00","BZN|BG","4372.72","4521.00"
"07/12/2023 05:00 - 07/12/2023 06:00","BZN|BG","4855.47","5028.00"
"07/12/2023 06:00 - 07/12/2023 07:00","BZN|BG","5275.34","5565.00"
"07/12/2023 07:00 - 07/12/2023 08:00","BZN|BG","5653.56","5852.00"
"07/12/2023 08:00 - 07/12/2023 09:00","BZN|BG","5810.35","5957.00"
"07/12/2023 09:00 - 07/12/2023 10:00","BZN|BG","5744.05","5855.00"
"07/12/2023 10:00 - 07/12/2023 11:00","BZN|BG","5753.99","5748.00"
"07/12/2023 11:00 - 07/12/2023 12:00","BZN|BG","5702.34","5574.00"
"07/12/2023 12:00 - 07/12/2023 13:00","BZN|BG","5731.90","5531.00"
"07/12/2023 13:00 - 07/12/2023 14:00","BZN|BG","5739.89","5487.00"
"07/12/2023 14:00 - 07/12/2023 15:00","BZN|BG","5820.05","5600.00"
"07/12/2023 15:00 - 07/12/2023 16:00","BZN|BG","5888.03","5738.00"
"07/12/2023 16:00 - 07/12/2023 17:00","BZN|BG","6043.90","5940.00"
"07/12/2023 17:00 - 07/12/2023 18:00","BZN|BG","6058.30","6092.00"
"07/12/2023 18:00 - 07/12/2023 19:00","BZN|BG","6044.97","6078.00"
"07/12/2023 19:00 - 07/12/2023 20:00","BZN|BG","5849.04","5874.00"
"07/12/2023 20:00 - 07/12/2023 21:00","BZN|BG","5643.16","5652.00"
"07/12/2023 21:00 - 07/12/2023 22:00","BZN|BG","5401.04","5430.00"
"07/12/2023 22:00 - 07/12/2023 23:00","BZN|BG","5013.28","5078.00"
"07/12/2023 23:00 - 08/12/2023 00:00","BZN|BG","4703.49","4731.00"
"08/12/2023 00:00 - 08/12/2023 01:00","BZN|BG","4464.64","4474.00"
"08/12/2023 01:00 - 08/12/2023 02:00","BZN|BG","4346.86","4365.00"
"08/12/2023 02:00 - 08/12/2023 03:00","BZN|BG","4313.81","4319.00"
"08/12/2023 03:00 - 08/12/2023 04:00","BZN|BG","4359.01","4356.00"
"08/12/2023 04:00 - 08/12/2023 05:00","BZN|BG","4531.39","4541.00"
"08/12/2023 05:00 - 08/12/2023 06:00","BZN|BG","5025.27","5097.00"
"08/12/2023 06:00 - 08/12/2023 07:00","BZN|BG","5520.44","5581.00"
"08/12/2023 07:00 - 08/12/2023 08:00","BZN|BG","5914.55","5889.00"
"08/12/2023 08:00 - 08/12/2023 09:00","BZN|BG","6168.54","6008.00"
"08/12/2023 09:00 - 08/12/2023 10:00","BZN|BG","6130.16","5955.00"
"08/12/2023 10:00 - 08/12/2023 11:00","BZN|BG","6097.65","5897.00"
"08/12/2023 11:00 - 08/12/2023 12:00","BZN|BG","6004.05","5814.00"
"08/12/2023 12:00 - 08/12/2023 13:00","BZN|BG","5960.47","5784.00"
"08/12/2023 13:00 - 08/12/2023 14:00","BZN|BG","5984.10","5755.00"
"08/12/2023 14:00 - 08/12/2023 15:00","BZN|BG","6025.13","5845.00"
"08/12/2023 15:00 - 08/12/2023 16:00","BZN|BG","6023.36","5954.00"
"08/12/2023 16:00 - 08/12/2023 17:00","BZN|BG","6170.62","6153.00"
"08/12/2023 17:00 - 08/12/2023 18:00","BZN|BG","6249.62","6283.00"
"08/12/2023 18:00 - 08/12/2023 19:00","BZN|BG","6158.53","6222.00"
"08/12/2023 19:00 - 08/12/2023 20:00","BZN|BG","5964.40","5994.00"
"08/12/2023 20:00 - 08/12/2023 21:00","BZN|BG","5756.37","5751.00"
"08/12/2023 21:00 - 08/12/2023 22:00","BZN|BG","5598.95","5548.00"
"08/12/2023 22:00 - 08/12/2023 23:00","BZN|BG","5277.66","5170.00"
"08/12/2023 23:00 - 09/12/2023 00:00","BZN|BG","4914.77","4673.00"
"09/12/2023 00:00 - 09/12/2023 01:00","BZN|BG","4654.46","4438.00"
"09/12/2023 01:00 - 09/12/2023 02:00","BZN|BG","4523.96","4325.00"
"09/12/2023 02:00 - 09/12/2023 03:00","BZN|BG","4461.84","4278.00"
"09/12/2023 03:00 - 09/12/2023 04:00","BZN|BG","4475.05","4277.00"
"09/12/2023 04:00 - 09/12/2023 05:00","BZN|BG","4560.18","4359.00"
"09/12/2023 05:00 - 09/12/2023 06:00","BZN|BG","4735.87","4559.00"
"09/12/2023 06:00 - 09/12/2023 07:00","BZN|BG","5066.02","4937.00"
"09/12/2023 07:00 - 09/12/2023 08:00","BZN|BG","5534.92","5468.00"
"09/12/2023 08:00 - 09/12/2023 09:00","BZN|BG","5799.37","5701.00"
"09/12/2023 09:00 - 09/12/2023 10:00","BZN|BG","5815.26","5698.00"
"09/12/2023 10:00 - 09/12/2023 11:00","BZN|BG","5721.44","5670.00"
"09/12/2023 11:00 - 09/12/2023 12:00","BZN|BG","5652.38","5585.00"
"09/12/2023 12:00 - 09/12/2023 13:00","BZN|BG","5556.56","5506.00"
"09/12/2023 13:00 - 09/12/2023 14:00","BZN|BG","5471.09","5408.00"
"09/12/2023 14:00 - 09/12/2023 15:00","BZN|BG","5484.73","5416.00"
"09/12/2023 15:00 - 09/12/2023 16:00","BZN|BG","5654.13","5576.00"
"09/12/2023 16:00 - 09/12/2023 17:00","BZN|BG","5956.46","5861.00"
"09/12/2023 17:00 - 09/12/2023 18:00","BZN|BG","6003.59","5908.00"
"09/12/2023 18:00 - 09/12/2023 19:00","BZN|BG","5872.43","5742.00"
"09/12/2023 19:00 - 09/12/2023 20:00","BZN|BG","5684.50","5545.00"
"09/12/2023 20:00 - 09/12/2023 21:00","BZN|BG","5456.15","5344.00"
"09/12/2023 21:00 - 09/12/2023 22:00","BZN|BG","5365.43","5221.00"
"09/12/2023 22:00 - 09/12/2023 23:00","BZN|BG","5126.19","4934.00"
"09/12/2023 23:00 - 10/12/2023 00:00","BZN|BG","4824.29","4800.00"
"10/12/2023 00:00 - 10/12/2023 01:00","BZN|BG","4590.59","4619.00"
"10/12/2023 01:00 - 10/12/2023 02:00","BZN|BG","4436.08","4469.00"
"10/12/2023 02:00 - 10/12/2023 03:00","BZN|BG","4383.51","4388.00"
"10/12/2023 03:00 - 10/12/2023 04:00","BZN|BG","4394.75","4368.00"
"10/12/2023 04:00 - 10/12/2023 05:00","BZN|BG","4452.10","4420.00"
"10/12/2023 05:00 - 10/12/2023 06:00","BZN|BG","4598.57","4542.00"
"10/12/2023 06:00 - 10/12/2023 07:00","BZN|BG","4868.11","4787.00"
"10/12/2023 07:00 - 10/12/2023 08:00","BZN|BG","5334.87","5232.00"
"10/12/2023 08:00 - 10/12/2023 09:00","BZN|BG","5662.69","5549.00"
"10/12/2023 09:00 - 10/12/2023 10:00","BZN|BG","5770.88","5699.00"
"10/12/2023 10:00 - 10/12/2023 11:00","BZN|BG","5740.32","5748.00"
"10/12/2023 11:00 - 10/12/2023 12:00","BZN|BG","5667.68","5794.00"
"10/12/2023 12:00 - 10/12/2023 13:00","BZN|BG","5533.23","5593.00"
"10/12/2023 13:00 - 10/12/2023 14:00","BZN|BG","5466.40","5593.00"
"10/12/2023 14:00 - 10/12/2023 15:00","BZN|BG","5564.90","5704.00"
"10/12/2023 15:00 - 10/12/2023 16:00","BZN|BG","5811.37","5962.00"
"10/12/2023 16:00 - 10/12/2023 17:00","BZN|BG","6157.87","6200.00"
"10/12/2023 17:00 - 10/12/2023 18:00","BZN|BG","6229.12","6266.00"
"10/12/2023 18:00 - 10/12/2023 19:00","BZN|BG","6074.93","6177.00"
"10/12/2023 19:00 - 10/12/2023 20:00","BZN|BG","5866.02","6014.00"
"10/12/2023 20:00 - 10/12/2023 21:00","BZN|BG","5641.25","5764.00"
"10/12/2023 21:00 - 10/12/2023 22:00","BZN|BG","5409.64","5633.00"
"10/12/2023 22:00 - 10/12/2023 23:00","BZN|BG","5063.85","5200.00"
"10/12/2023 23:00 - 11/12/2023 00:00","BZN|BG","4735.72","4831.00"
"11/12/2023 00:00 - 11/12/2023 01:00","BZN|BG","4445.55","4566.00"
"11/12/2023 01:00 - 11/12/2023 02:00","BZN|BG","4317.23","4457.00"
"11/12/2023 02:00 - 11/12/2023 03:00","BZN|BG","4299.18","4417.00"
"11/12/2023 03:00 - 11/12/2023 04:00","BZN|BG","4334.11","4476.00"
"11/12/2023 04:00 - 11/12/2023 05:00","BZN|BG","4530.46","4671.00"
"11/12/2023 05:00 - 11/12/2023 06:00","BZN|BG","5107.40","5155.00"
"11/12/2023 06:00 - 11/12/2023 07:00","BZN|BG","5647.23","5627.00"
"11/12/2023 07:00 - 11/12/2023 08:00","BZN|BG","6000.24","6022.00"
"11/12/2023 08:00 - 11/12/2023 09:00","BZN|BG","6115.59","6108.00"
"11/12/2023 09:00 - 11/12/2023 10:00","BZN|BG","5931.62","6003.00"
"11/12/2023 10:00 - 11/12/2023 11:00","BZN|BG","5757.23","5915.00"
"11/12/2023 11:00 - 11/12/2023 12:00","BZN|BG","5499.60","5868.00"
"11/12/2023 12:00 - 11/12/2023 13:00","BZN|BG","5364.62","5839.00"
"11/12/2023 13:00 - 11/12/2023 14:00","BZN|BG","5333.66","5858.00"
"11/12/2023 14:00 - 11/12/2023 15:00","BZN|BG","5506.99","5898.00"
"11/12/2023 15:00 - 11/12/2023 16:00","BZN|BG","5700.62","5996.00"
"11/12/2023 16:00 - 11/12/2023 17:00","BZN|BG","5934.11","6160.00"
"11/12/2023 17:00 - 11/12/2023 18:00","BZN|BG","6128.77","6281.00"
"11/12/2023 18:00 - 11/12/2023 19:00","BZN|BG","6135.00","6270.00"
"11/12/2023 19:00 - 11/12/2023 20:00","BZN|BG","5945.71","6071.00"
"11/12/2023 20:00 - 11/12/2023 21:00","BZN|BG","5783.87","5828.00"
"11/12/2023 21:00 - 11/12/2023 22:00","BZN|BG","5542.38","5635.00"
"11/12/2023 22:00 - 11/12/2023 23:00","BZN|BG","5159.72","5221.00"
"11/12/2023 23:00 - 12/12/2023 00:00","BZN|BG","4761.18","4810.00"
"12/12/2023 00:00 - 12/12/2023 01:00","BZN|BG","4506.61","4553.00"
"12/12/2023 01:00 - 12/12/2023 02:00","BZN|BG","4397.25","4438.00"
"12/12/2023 02:00 - 12/12/2023 03:00","BZN|BG","4339.35","4399.00"
"12/12/2023 03:00 - 12/12/2023 04:00","BZN|BG","4386.48","4436.00"
"12/12/2023 04:00 - 12/12/2023 05:00","BZN|BG","4556.56","4616.00"
"12/12/2023 05:00 - 12/12/2023 06:00","BZN|BG","5054.02","5144.00"
"12/12/2023 06:00 - 12/12/2023 07:00","BZN|BG","5560.59","5572.00"
"12/12/2023 07:00 - 12/12/2023 08:00","BZN|BG","5891.75","5923.00"
"12/12/2023 08:00 - 12/12/2023 09:00","BZN|BG","5948.81","6084.00"
"12/12/2023 09:00 - 12/12/2023 10:00","BZN|BG","5731.80","6032.00"
"12/12/2023 10:00 - 12/12/2023 11:00","BZN|BG","5537.16","5993.00"
"12/12/2023 11:00 - 12/12/2023 12:00","BZN|BG","5339.41","5852.00"
"12/12/2023 12:00 - 12/12/2023 13:00","BZN|BG","5216.07","5837.00"
"12/12/2023 13:00 - 12/12/2023 14:00","BZN|BG","5143.64","5780.00"
"12/12/2023 14:00 - 12/12/2023 15:00","BZN|BG","5243.33","5867.00"
"12/12/2023 15:00 - 12/12/2023 16:00","BZN|BG","5462.68","5980.00"
"12/12/2023 16:00 - 12/12/2023 17:00","BZN|BG","5804.97","6172.00"
"12/12/2023 17:00 - 12/12/2023 18:00","BZN|BG","6002.15","6252.00"
"12/12/2023 18:00 - 12/12/2023 19:00","BZN|BG","6004.05","6178.00"
"12/12/2023 19:00 - 12/12/2023 20:00","BZN|BG","5816.08","5919.00"
"12/12/2023 20:00 - 12/12/2023 21:00","BZN|BG","5599.75","5705.00"
"12/12/2023 21:00 - 12/12/2023 22:00","BZN|BG","5405.76","5517.00"
"12/12/2023 22:00 - 12/12/2023 23:00","BZN|BG","5046.50","5126.00"
"12/12/2023 23:00 - 13/12/2023 00:00","BZN|BG","4686.98","4758.00"
"13/12/2023 00:00 - 13/12/2023 01:00","BZN|BG","4464.49","4506.00"
"13/12/2023 01:00 - 13/12/2023 02:00","BZN|BG","4353.08","4380.00"
"13/12/2023 02:00 - 13/12/2023 03:00","BZN|BG","4320.14","4338.00"
"13/12/2023 03:00 - 13/12/2023 04:00","BZN|BG","4352.84","4369.00"
"13/12/2023 04:00 - 13/12/2023 05:00","BZN|BG","4552.74","4538.00"
"13/12/2023 05:00 - 13/12/2023 06:00","BZN|BG","5093.46","5008.00"
"13/12/2023 06:00 - 13/12/2023 07:00","BZN|BG","5553.61","5448.00"
"13/12/2023 07:00 - 13/12/2023 08:00","BZN|BG","5851.06","5795.00"
"13/12/2023 08:00 - 13/12/2023 09:00","BZN|BG","5909.25","5963.00"
"13/12/2023 09:00 - 13/12/2023 10:00","BZN|BG","5688.43","5851.00"
"13/12/2023 10:00 - 13/12/2023 11:00","BZN|BG","5587.29","5750.00"
"13/12/2023 11:00 - 13/12/2023 12:00","BZN|BG","5439.77","5451.00"
"13/12/2023 12:00 - 13/12/2023 13:00","BZN|BG","5456.42","5395.00"
"13/12/2023 13:00 - 13/12/2023 14:00","BZN|BG","5408.82","5395.00"
"13/12/2023 14:00 - 13/12/2023 15:00","BZN|BG","5449.25","5527.00"
"13/12/2023 15:00 - 13/12/2023 16:00","BZN|BG","5601.38","5643.00"
"13/12/2023 16:00 - 13/12/2023 17:00","BZN|BG","5825.73","5952.00"
"13/12/2023 17:00 - 13/12/2023 18:00","BZN|BG","5996.33","6100.00"
"13/12/2023 18:00 - 13/12/2023 19:00","BZN|BG","5972.51","6017.00"
"13/12/2023 19:00 - 13/12/2023 20:00","BZN|BG","5765.60","5785.00"
"13/12/2023 20:00 - 13/12/2023 21:00","BZN|BG","5547.64","5567.00"
"13/12/2023 21:00 - 13/12/2023 22:00","BZN|BG","5343.26","5364.00"
"13/12/2023 22:00 - 13/12/2023 23:00","BZN|BG","4951.92","4994.00"
"13/12/2023 23:00 - 14/12/2023 00:00","BZN|BG","4571.15","4618.00"
"14/12/2023 00:00 - 14/12/2023 01:00","BZN|BG","4325.14","4368.00"
"14/12/2023 01:00 - 14/12/2023 02:00","BZN|BG","4214.21","4247.00"
"14/12/2023 02:00 - 14/12/2023 03:00","BZN|BG","4157.71","4205.00"
"14/12/2023 03:00 - 14/12/2023 04:00","BZN|BG","4202.41","4235.00"
"14/12/2023 04:00 - 14/12/2023 05:00","BZN|BG","4390.83","4398.00"
"14/12/2023 05:00 - 14/12/2023 06:00","BZN|BG","4854.61","4828.00"
"14/12/2023 06:00 - 14/12/2023 07:00","BZN|BG","5315.73","5305.00"
"14/12/2023 07:00 - 14/12/2023 08:00","BZN|BG","5596.69","5640.00"
"14/12/2023 08:00 - 14/12/2023 09:00","BZN|BG","5697.17","5781.00"
"14/12/2023 09:00 - 14/12/2023 10:00","BZN|BG","5519.03","5673.00"
"14/12/2023 10:00 - 14/12/2023 11:00","BZN|BG","5365.99","5572.00"
"14/12/2023 11:00 - 14/12/2023 12:00","BZN|BG","5216.65","5441.00"
"14/12/2023 12:00 - 14/12/2023 13:00","BZN|BG","5230.35","5408.00"
"14/12/2023 13:00 - 14/12/2023 14:00","BZN|BG","5236.06","5359.00"
"14/12/2023 14:00 - 14/12/2023 15:00","BZN|BG","5322.74","5406.00"
"14/12/2023 15:00 - 14/12/2023 16:00","BZN|BG","5476.59","5494.00"
"14/12/2023 16:00 - 14/12/2023 17:00","BZN|BG","5707.26","5656.00"
"14/12/2023 17:00 - 14/12/2023 18:00","BZN|BG","5853.76","5751.00"
"14/12/2023 18:00 - 14/12/2023 19:00","BZN|BG","5834.48","5709.00"
"14/12/2023 19:00 - 14/12/2023 20:00","BZN|BG","5633.40","5523.00"
"14/12/2023 20:00 - 14/12/2023 21:00","BZN|BG","5410.36","5329.00"
"14/12/2023 21:00 - 14/12/2023 22:00","BZN|BG","5244.59","5173.00"
"14/12/2023 22:00 - 14/12/2023 23:00","BZN|BG","4865.54","4853.00"
"14/12/2023 23:00 - 15/12/2023 00:00","BZN|BG","4487.71","4764.00"
"15/12/2023 00:00 - 15/12/2023 01:00","BZN|BG","4223.71","4493.00"
"15/12/2023 01:00 - 15/12/2023 02:00","BZN|BG","4086.91","4367.00"
"15/12/2023 02:00 - 15/12/2023 03:00","BZN|BG","4056.19","4319.00"
"15/12/2023 03:00 - 15/12/2023 04:00","BZN|BG","4075.76","4348.00"
"15/12/2023 04:00 - 15/12/2023 05:00","BZN|BG","4252.71","4523.00"
"15/12/2023 05:00 - 15/12/2023 06:00","BZN|BG","4731.49","4996.00"
"15/12/2023 06:00 - 15/12/2023 07:00","BZN|BG","5197.82","5475.00"
"15/12/2023 07:00 - 15/12/2023 08:00","BZN|BG","5575.78","5803.00"
"15/12/2023 08:00 - 15/12/2023 09:00","BZN|BG","5825.10","5949.00"
"15/12/2023 09:00 - 15/12/2023 10:00","BZN|BG","5845.06","5804.00"
"15/12/2023 10:00 - 15/12/2023 11:00","BZN|BG","5903.61","5675.00"
"15/12/2023 11:00 - 15/12/2023 12:00","BZN|BG","5862.80","5499.00"
"15/12/2023 12:00 - 15/12/2023 13:00","BZN|BG","5877.06","5446.00"
"15/12/2023 13:00 - 15/12/2023 14:00","BZN|BG","5857.97","5446.00"
"15/12/2023 14:00 - 15/12/2023 15:00","BZN|BG","5896.64","5510.00"
"15/12/2023 15:00 - 15/12/2023 16:00","BZN|BG","5938.64","5655.00"
"15/12/2023 16:00 - 15/12/2023 17:00","BZN|BG","5982.79","5888.00"
"15/12/2023 17:00 - 15/12/2023 18:00","BZN|BG","6055.46","6028.00"
"15/12/2023 18:00 - 15/12/2023 19:00","BZN|BG","6026.71","5980.00"
"15/12/2023 19:00 - 15/12/2023 20:00","BZN|BG","5786.08","5781.00"
"15/12/2023 20:00 - 15/12/2023 21:00","BZN|BG","5555.48","5579.00"
"15/12/2023 21:00 - 15/12/2023 22:00","BZN|BG","5371.45","5393.00"
"15/12/2023 22:00 - 15/12/2023 23:00","BZN|BG","5079.00","5025.00"
"15/12/2023 23:00 - 16/12/2023 00:00","BZN|BG","4763.67","4750.00"
"16/12/2023 00:00 - 16/12/2023 01:00","BZN|BG","4537.54","4492.00"
"16/12/2023 01:00 - 16/12/2023 02:00","BZN|BG","4420.38","4362.00"
"16/12/2023 02:00 - 16/12/2023 03:00","BZN|BG","4365.17","4300.00"
"16/12/2023 03:00 - 16/12/2023 04:00","BZN|BG","4384.66","4315.00"
"16/12/2023 04:00 - 16/12/2023 05:00","BZN|BG","4446.00","4407.00"
"16/12/2023 05:00 - 16/12/2023 06:00","BZN|BG","4635.16","4599.00"
"16/12/2023 06:00 - 16/12/2023 07:00","BZN|BG","4935.34","4959.00"
"16/12/2023 07:00 - 16/12/2023 08:00","BZN|BG","5413.07","5471.00"
"16/12/2023 08:00 - 16/12/2023 09:00","BZN|BG","5787.98","5759.00"
"16/12/2023 09:00 - 16/12/2023 10:00","BZN|BG","5906.72","5777.00"
"16/12/2023 10:00 - 16/12/2023 11:00","BZN|BG","5892.42","5637.00"
"16/12/2023 11:00 - 16/12/2023 12:00","BZN|BG","5811.16","5534.00"
"16/12/2023 12:00 - 16/12/2023 13:00","BZN|BG","5694.12","5391.00"
"16/12/2023 13:00 - 16/12/2023 14:00","BZN|BG","5623.25","5263.00"
"16/12/2023 14:00 - 16/12/2023 15:00","BZN|BG","5638.96","5281.00"
"16/12/2023 15:00 - 16/12/2023 16:00","BZN|BG","5767.01","5500.00"
"16/12/2023 16:00 - 16/12/2023 17:00","BZN|BG","5982.44","5892.00"
"16/12/2023 17:00 - 16/12/2023 18:00","BZN|BG","5990.92","5953.00"
"16/12/2023 18:00 - 16/12/2023 19:00","BZN|BG","5889.46","5829.00"
"16/12/2023 19:00 - 16/12/2023 20:00","BZN|BG","5672.86","5652.00"
"16/12/2023 20:00 - 16/12/2023 21:00","BZN|BG","5478.82","5437.00"
"16/12/2023 21:00 - 16/12/2023 22:00","BZN|BG","5354.78","5352.00"
"16/12/2023 22:00 - 16/12/2023 23:00","BZN|BG","5124.76","5126.00"
"16/12/2023 23:00 - 17/12/2023 00:00","BZN|BG","4845.92","4856.00"
"17/12/2023 00:00 - 17/12/2023 01:00","BZN|BG","4656.02","4681.00"
"17/12/2023 01:00 - 17/12/2023 02:00","BZN|BG","4515.35","4565.00"
"17/12/2023 02:00 - 17/12/2023 03:00","BZN|BG","4467.27","4525.00"
"17/12/2023 03:00 - 17/12/2023 04:00","BZN|BG","4483.41","4539.00"
"17/12/2023 04:00 - 17/12/2023 05:00","BZN|BG","4547.70","4605.00"
"17/12/2023 05:00 - 17/12/2023 06:00","BZN|BG","4684.18","4776.00"
"17/12/2023 06:00 - 17/12/2023 07:00","BZN|BG","4969.22","5091.00"
"17/12/2023 07:00 - 17/12/2023 08:00","BZN|BG","5408.43","5636.00"
"17/12/2023 08:00 - 17/12/2023 09:00","BZN|BG","5594.69","6019.00"
"17/12/2023 09:00 - 17/12/2023 10:00","BZN|BG","5613.85","6145.00"
"17/12/2023 10:00 - 17/12/2023 11:00","BZN|BG","5522.98","6108.00"
"17/12/2023 11:00 - 17/12/2023 12:00","BZN|BG","5416.00","6021.00"
"17/12/2023 12:00 - 17/12/2023 13:00","BZN|BG","5297.26","5860.00"
"17/12/2023 13:00 - 17/12/2023 14:00","BZN|BG","5253.01","5780.00"
"17/12/2023 14:00 - 17/12/2023 15:00","BZN|BG","5348.40","5855.00"
"17/12/2023 15:00 - 17/12/2023 16:00","BZN|BG","5639.50","6043.00"
"17/12/2023 16:00 - 17/12/2023 17:00","BZN|BG","6052.88","6307.00"
"17/12/2023 17:00 - 17/12/2023 18:00","BZN|BG","6217.19","6361.00"
"17/12/2023 18:00 - 17/12/2023 19:00","BZN|BG","6162.57","6228.00"
"17/12/2023 19:00 - 17/12/2023 20:00","BZN|BG","5980.11","6048.00"
"17/12/2023 20:00 - 17/12/2023 21:00","BZN|BG","5753.45","5854.00"
"17/12/2023 21:00 - 17/12/2023 22:00","BZN|BG","5614.79","5653.00"
"17/12/2023 22:00 - 17/12/2023 23:00","BZN|BG","5277.71","5355.00"
"17/12/2023 23:00 - 18/12/2023 00:00","BZN|BG","4901.39","4889.00"
"18/12/2023 00:00 - 18/12/2023 01:00","BZN|BG","4635.19","4626.00"
"18/12/2023 01:00 - 18/12/2023 02:00","BZN|BG","4498.77","4509.00"
"18/12/2023 02:00 - 18/12/2023 03:00","BZN|BG","4455.52","4493.00"
"18/12/2023 03:00 - 18/12/2023 04:00","BZN|BG","4507.26","4526.00"
"18/12/2023 04:00 - 18/12/2023 05:00","BZN|BG","4668.82","4712.00"
"18/12/2023 05:00 - 18/12/2023 06:00","BZN|BG","5218.28","5260.00"
"18/12/2023 06:00 - 18/12/2023 07:00","BZN|BG","5758.94","5772.00"
"18/12/2023 07:00 - 18/12/2023 08:00","BZN|BG","6102.39","6107.00"
"18/12/2023 08:00 - 18/12/2023 09:00","BZN|BG","6112.34","6217.00"
"18/12/2023 09:00 - 18/12/2023 10:00","BZN|BG","5853.04","6048.00"
"18/12/2023 10:00 - 18/12/2023 11:00","BZN|BG","5655.44","5887.00"
"18/12/2023 11:00 - 18/12/2023 12:00","BZN|BG","5442.01","5650.00"
"18/12/2023 12:00 - 18/12/2023 13:00","BZN|BG","5367.59","5526.00"
"18/12/2023 13:00 - 18/12/2023 14:00","BZN|BG","5309.12","5498.00"
"18/12/2023 14:00 - 18/12/2023 15:00","BZN|BG","5407.76","5697.00"
"18/12/2023 15:00 - 18/12/2023 16:00","BZN|BG","5593.35","5919.00"
"18/12/2023 16:00 - 18/12/2023 17:00","BZN|BG","5934.43","6186.00"
"18/12/2023 17:00 - 18/12/2023 18:00","BZN|BG","6128.47","6409.00"
"18/12/2023 18:00 - 18/12/2023 19:00","BZN|BG","6134.60","6416.00"
"18/12/2023 19:00 - 18/12/2023 20:00","BZN|BG","5960.17","6193.00"
"18/12/2023 20:00 - 18/12/2023 21:00","BZN|BG","5747.71","6002.00"
"18/12/2023 21:00 - 18/12/2023 22:00","BZN|BG","5513.39","5717.00"
"18/12/2023 22:00 - 18/12/2023 23:00","BZN|BG","5116.59","5265.00"
"18/12/2023 23:00 - 19/12/2023 00:00","BZN|BG","4737.17","4983.00"
"19/12/2023 00:00 - 19/12/2023 01:00","BZN|BG","4513.67","4735.00"
"19/12/2023 01:00 - 19/12/2023 02:00","BZN|BG","4414.04","4597.00"
"19/12/2023 02:00 - 19/12/2023 03:00","BZN|BG","4379.14","4553.00"
"19/12/2023 03:00 - 19/12/2023 04:00","BZN|BG","4443.46","4596.00"
"19/12/2023 04:00 - 19/12/2023 05:00","BZN|BG","4622.60","4731.00"
"19/12/2023 05:00 - 19/12/2023 06:00","BZN|BG","5130.84","5154.00"
"19/12/2023 06:00 - 19/12/2023 07:00","BZN|BG","5664.09","5646.00"
"19/12/2023 07:00 - 19/12/2023 08:00","BZN|BG","5998.10","5922.00"
"19/12/2023 08:00 - 19/12/2023 09:00","BZN|BG","5969.57","6060.00"
"19/12/2023 09:00 - 19/12/2023 10:00","BZN|BG","5678.43","5806.00"
"19/12/2023 10:00 - 19/12/2023 11:00","BZN|BG","5483.54","5549.00"
"19/12/2023 11:00 - 19/12/2023 12:00","BZN|BG","5250.09","5451.00"
"19/12/2023 12:00 - 19/12/2023 13:00","BZN|BG","5137.91","5314.00"
"19/12/2023 13:00 - 19/12/2023 14:00","BZN|BG","5096.06","5314.00"
"19/12/2023 14:00 - 19/12/2023 15:00","BZN|BG","5193.84","5437.00"
"19/12/2023 15:00 - 19/12/2023 16:00","BZN|BG","5430.23","5675.00"
"19/12/2023 16:00 - 19/12/2023 17:00","BZN|BG","5802.50","6029.00"
"19/12/2023 17:00 - 19/12/2023 18:00","BZN|BG","6035.59","6243.00"
"19/12/2023 18:00 - 19/12/2023 19:00","BZN|BG","6046.28","6215.00"
"19/12/2023 19:00 - 19/12/2023 20:00","BZN|BG","5881.27","6004.00"
"19/12/2023 20:00 - 19/12/2023 21:00","BZN|BG","5695.94","5793.00"
"19/12/2023 21:00 - 19/12/2023 22:00","BZN|BG","5478.85","5601.00"
"19/12/2023 22:00 - 19/12/2023 23:00","BZN|BG","5111.61","5266.00"
"19/12/2023 23:00 - 20/12/2023 00:00","BZN|BG","4739.96","4745.00"
"20/12/2023 00:00 - 20/12/2023 01:00","BZN|BG","4495.62","4541.00"
"20/12/2023 01:00 - 20/12/2023 02:00","BZN|BG","4383.77","4445.00"
"20/12/2023 02:00 - 20/12/2023 03:00","BZN|BG","4366.75","4408.00"
"20/12/2023 03:00 - 20/12/2023 04:00","BZN|BG","4412.39","4443.00"
"20/12/2023 04:00 - 20/12/2023 05:00","BZN|BG","4600.01","4622.00"
"20/12/2023 05:00 - 20/12/2023 06:00","BZN|BG","5136.62","5105.00"
"20/12/2023 06:00 - 20/12/2023 07:00","BZN|BG","5668.87","5567.00"
"20/12/2023 07:00 - 20/12/2023 08:00","BZN|BG","6016.25","5881.00"
"20/12/2023 08:00 - 20/12/2023 09:00","BZN|BG","6028.11","5994.00"
"20/12/2023 09:00 - 20/12/2023 10:00","BZN|BG","5793.40","5740.00"
"20/12/2023 10:00 - 20/12/2023 11:00","BZN|BG","5626.91","5573.00"
"20/12/2023 11:00 - 20/12/2023 12:00","BZN|BG","5387.58","5344.00"
"20/12/2023 12:00 - 20/12/2023 13:00","BZN|BG","5307.75","5311.00"
"20/12/2023 13:00 - 20/12/2023 14:00","BZN|BG","5273.80","5254.00"
"20/12/2023 14:00 - 20/12/2023 15:00","BZN|BG","5425.57","5340.00"
"20/12/2023 15:00 - 20/12/2023 16:00","BZN|BG","5617.11","5523.00"
"20/12/2023 16:00 - 20/12/2023 17:00","BZN|BG","5901.36","5796.00"
"20/12/2023 17:00 - 20/12/2023 18:00","BZN|BG","6073.43","5986.00"
"20/12/2023 18:00 - 20/12/2023 19:00","BZN|BG","6072.46","5970.00"
"20/12/2023 19:00 - 20/12/2023 20:00","BZN|BG","5915.69","5771.00"
"20/12/2023 20:00 - 20/12/2023 21:00","BZN|BG","5704.28","5560.00"
"20/12/2023 21:00 - 20/12/2023 22:00","BZN|BG","5481.88","5383.00"
"20/12/2023 22:00 - 20/12/2023 23:00","BZN|BG","5115.60","5045.00"
"20/12/2023 23:00 - 21/12/2023 00:00","BZN|BG","4738.62","4848.00"
"21/12/2023 00:00 - 21/12/2023 01:00","BZN|BG","4490.90","4599.00"
"21/12/2023 01:00 - 21/12/2023 02:00","BZN|BG","4369.42","4493.00"
"21/12/2023 02:00 - 21/12/2023 03:00","BZN|BG","4313.17","4452.00"
"21/12/2023 03:00 - 21/12/2023 04:00","BZN|BG","4341.42","4496.00"
"21/12/2023 04:00 - 21/12/2023 05:00","BZN|BG","4514.83","4683.00"
"21/12/2023 05:00 - 21/12/2023 06:00","BZN|BG","4999.10","5187.00"
"21/12/2023 06:00 - 21/12/2023 07:00","BZN|BG","5501.30","5691.00"
"21/12/2023 07:00 - 21/12/2023 08:00","BZN|BG","5836.28","6050.00"
"21/12/2023 08:00 - 21/12/2023 09:00","BZN|BG","5820.01","6149.00"
"21/12/2023 09:00 - 21/12/2023 10:00","BZN|BG","5548.92","5849.00"
"21/12/2023 10:00 - 21/12/2023 11:00","BZN|BG","5330.94","5661.00"
"21/12/2023 11:00 - 21/12/2023 12:00","BZN|BG","5170.68","5426.00"
"21/12/2023 12:00 - 21/12/2023 13:00","BZN|BG","5087.07","5347.00"
"21/12/2023 13:00 - 21/12/2023 14:00","BZN|BG","5043.06","5290.00"
"21/12/2023 14:00 - 21/12/2023 15:00","BZN|BG","5164.32","5377.00"
"21/12/2023 15:00 - 21/12/2023 16:00","BZN|BG","5397.65","5604.00"
"21/12/2023 16:00 - 21/12/2023 17:00","BZN|BG","5756.21","5979.00"
"21/12/2023 17:00 - 21/12/2023 18:00","BZN|BG","5965.78","6165.00"
"21/12/2023 18:00 - 21/12/2023 19:00","BZN|BG","5981.60","6158.00"
"21/12/2023 19:00 - 21/12/2023 20:00","BZN|BG","5816.12","5944.00"
"21/12/2023 20:00 - 21/12/2023 21:00","BZN|BG","5610.91","5738.00"
"21/12/2023 21:00 - 21/12/2023 22:00","BZN|BG","5425.79","5536.00"
"21/12/2023 22:00 - 21/12/2023 23:00","BZN|BG","5081.96","5166.00"
"21/12/2023 23:00 - 22/12/2023 00:00","BZN|BG","4672.19","4806.00"
"22/12/2023 00:00 - 22/12/2023 01:00","BZN|BG","4415.99","4536.00"
"22/12/2023 01:00 - 22/12/2023 02:00","BZN|BG","4280.73","4409.00"
"22/12/2023 02:00 - 22/12/2023 03:00","BZN|BG","4197.03","4366.00"
"22/12/2023 03:00 - 22/12/2023 04:00","BZN|BG","4183.77","4408.00"
"22/12/2023 04:00 - 22/12/2023 05:00","BZN|BG","4349.14","4590.00"
"22/12/2023 05:00 - 22/12/2023 06:00","BZN|BG","4798.44","5090.00"
"22/12/2023 06:00 - 22/12/2023 07:00","BZN|BG","5304.13","5579.00"
"22/12/2023 07:00 - 22/12/2023 08:00","BZN|BG","5672.64","5904.00"
"22/12/2023 08:00 - 22/12/2023 09:00","BZN|BG","5831.93","5978.00"
"22/12/2023 09:00 - 22/12/2023 10:00","BZN|BG","5730.38","5800.00"
"22/12/2023 10:00 - 22/12/2023 11:00","BZN|BG","5625.35","5680.00"
"22/12/2023 11:00 - 22/12/2023 12:00","BZN|BG","5463.00","5519.00"
"22/12/2023 12:00 - 22/12/2023 13:00","BZN|BG","5317.13","5476.00"
"22/12/2023 13:00 - 22/12/2023 14:00","BZN|BG","5225.71","5443.00"
"22/12/2023 14:00 - 22/12/2023 15:00","BZN|BG","5214.94","5505.00"
"22/12/2023 15:00 - 22/12/2023 16:00","BZN|BG","5395.78","5626.00"
"22/12/2023 16:00 - 22/12/2023 17:00","BZN|BG","5572.91","5808.00"
"22/12/2023 17:00 - 22/12/2023 18:00","BZN|BG","5598.96","5928.00"
"22/12/2023 18:00 - 22/12/2023 19:00","BZN|BG","5489.06","5919.00"
"22/12/2023 19:00 - 22/12/2023 20:00","BZN|BG","5259.97","5741.00"
"22/12/2023 20:00 - 22/12/2023 21:00","BZN|BG","5079.45","5543.00"
"22/12/2023 21:00 - 22/12/2023 22:00","BZN|BG","4961.44","5360.00"
"22/12/2023 22:00 - 22/12/2023 23:00","BZN|BG","4701.89","5028.00"
"22/12/2023 23:00 - 23/12/2023 00:00","BZN|BG","4298.55","4511.00"
"23/12/2023 00:00 - 23/12/2023 01:00","BZN|BG","4049.42","4232.00"
"23/12/2023 01:00 - 23/12/2023 02:00","BZN|BG","3897.72","4112.00"
"23/12/2023 02:00 - 23/12/2023 03:00","BZN|BG","3856.62","4029.00"
"23/12/2023 03:00 - 23/12/2023 04:00","BZN|BG","3913.01","3990.00"
"23/12/2023 04:00 - 23/12/2023 05:00","BZN|BG","4001.56","4022.00"
"23/12/2023 05:00 - 23/12/2023 06:00","BZN|BG","4154.35","4132.00"
"23/12/2023 06:00 - 23/12/2023 07:00","BZN|BG","4390.27","4334.00"
"23/12/2023 07:00 - 23/12/2023 08:00","BZN|BG","4796.62","4787.00"
"23/12/2023 08:00 - 23/12/2023 09:00","BZN|BG","4910.10","5165.00"
"23/12/2023 09:00 - 23/12/2023 10:00","BZN|BG","4763.66","5284.00"
"23/12/2023 10:00 - 23/12/2023 11:00","BZN|BG","4657.57","5282.00"
"23/12/2023 11:00 - 23/12/2023 12:00","BZN|BG","4762.45","5247.00"
"23/12/2023 12:00 - 23/12/2023 13:00","BZN|BG","4679.98","5191.00"
"23/12/2023 13:00 - 23/12/2023 14:00","BZN|BG","4524.07","5161.00"
"23/12/2023 14:00 - 23/12/2023 15:00","BZN|BG","4684.08","5183.00"
"23/12/2023 15:00 - 23/12/2023 16:00","BZN|BG","4980.00","5389.00"
"23/12/2023 16:00 - 23/12/2023 17:00","BZN|BG","5326.42","5635.00"
"23/12/2023 17:00 - 23/12/2023 18:00","BZN|BG","5506.32","5523.00"
"23/12/2023 18:00 - 23/12/2023 19:00","BZN|BG","5379.62","5024.00"
"23/12/2023 19:00 - 23/12/2023 20:00","BZN|BG","5137.45","4640.00"
"23/12/2023 20:00 - 23/12/2023 21:00","BZN|BG","5136.20","4463.00"
"23/12/2023 21:00 - 23/12/2023 22:00","BZN|BG","4967.87","4430.00"
"23/12/2023 22:00 - 23/12/2023 23:00","BZN|BG","4673.85","4278.00"
"23/12/2023 23:00 - 24/12/2023 00:00","BZN|BG","4334.00","4110.00"
"24/12/2023 00:00 - 24/12/2023 01:00","BZN|BG","4047.34","3882.00"
"24/12/2023 01:00 - 24/12/2023 02:00","BZN|BG","3878.05","3756.00"
"24/12/2023 02:00 - 24/12/2023 03:00","BZN|BG","3783.16","3704.00"
"24/12/2023 03:00 - 24/12/2023 04:00","BZN|BG","3762.72","3700.00"
"24/12/2023 04:00 - 24/12/2023 05:00","BZN|BG","3814.62","3736.00"
"24/12/2023 05:00 - 24/12/2023 06:00","BZN|BG","3947.16","3861.00"
"24/12/2023 06:00 - 24/12/2023 07:00","BZN|BG","4227.61","4071.00"
"24/12/2023 07:00 - 24/12/2023 08:00","BZN|BG","4678.28","4468.00"
"24/12/2023 08:00 - 24/12/2023 09:00","BZN|BG","4974.69","4734.00"
"24/12/2023 09:00 - 24/12/2023 10:00","BZN|BG","5038.93","4746.00"
"24/12/2023 10:00 - 24/12/2023 11:00","BZN|BG","4939.36","4678.00"
"24/12/2023 11:00 - 24/12/2023 12:00","BZN|BG","4868.97","4583.00"
"24/12/2023 12:00 - 24/12/2023 13:00","BZN|BG","4794.92","4485.00"
"24/12/2023 13:00 - 24/12/2023 14:00","BZN|BG","4772.84","4441.00"
"24/12/2023 14:00 - 24/12/2023 15:00","BZN|BG","4836.89","4476.00"
"24/12/2023 15:00 - 24/12/2023 16:00","BZN|BG","5076.65","4632.00"
"24/12/2023 16:00 - 24/12/2023 17:00","BZN|BG","5480.98","4960.00"
"24/12/2023 17:00 - 24/12/2023 18:00","BZN|BG","5360.39","5047.00"
"24/12/2023 18:00 - 24/12/2023 19:00","BZN|BG","4889.27","4950.00"
"24/12/2023 19:00 - 24/12/2023 20:00","BZN|BG","4531.99","4779.00"
"24/12/2023 20:00 - 24/12/2023 21:00","BZN|BG","4362.44","4572.00"
"24/12/2023 21:00 - 24/12/2023 22:00","BZN|BG","4323.09","4477.00"
"24/12/2023 22:00 - 24/12/2023 23:00","BZN|BG","4190.21","4253.00"
"24/12/2023 23:00 - 25/12/2023 00:00","BZN|BG","3934.40","4128.00"
"25/12/2023 00:00 - 25/12/2023 01:00","BZN|BG","3721.97","3903.00"
"25/12/2023 01:00 - 25/12/2023 02:00","BZN|BG","3588.47","3787.00"
"25/12/2023 02:00 - 25/12/2023 03:00","BZN|BG","3529.84","3750.00"
"25/12/2023 03:00 - 25/12/2023 04:00","BZN|BG","3528.39","3789.00"
"25/12/2023 04:00 - 25/12/2023 05:00","BZN|BG","3586.78","3908.00"
"25/12/2023 05:00 - 25/12/2023 06:00","BZN|BG","3729.54","4315.00"
"25/12/2023 06:00 - 25/12/2023 07:00","BZN|BG","3977.17","4715.00"
"25/12/2023 07:00 - 25/12/2023 08:00","BZN|BG","4395.30","4969.00"
"25/12/2023 08:00 - 25/12/2023 09:00","BZN|BG","4602.27","4977.00"
"25/12/2023 09:00 - 25/12/2023 10:00","BZN|BG","4578.76","4811.00"
"25/12/2023 10:00 - 25/12/2023 11:00","BZN|BG","4429.91","4684.00"
"25/12/2023 11:00 - 25/12/2023 12:00","BZN|BG","4223.87","4547.00"
"25/12/2023 12:00 - 25/12/2023 13:00","BZN|BG","4021.04","4500.00"
"25/12/2023 13:00 - 25/12/2023 14:00","BZN|BG","3909.90","4462.00"
"25/12/2023 14:00 - 25/12/2023 15:00","BZN|BG","3961.71","4444.00"
"25/12/2023 15:00 - 25/12/2023 16:00","BZN|BG","4226.71","4643.00"
"25/12/2023 16:00 - 25/12/2023 17:00","BZN|BG","4705.42","5104.00"
"25/12/2023 17:00 - 25/12/2023 18:00","BZN|BG","4779.81","5267.00"
"25/12/2023 18:00 - 25/12/2023 19:00","BZN|BG","4608.85","5178.00"
"25/12/2023 19:00 - 25/12/2023 20:00","BZN|BG","4393.11","5015.00"
"25/12/2023 20:00 - 25/12/2023 21:00","BZN|BG","4254.95","4851.00"
"25/12/2023 21:00 - 25/12/2023 22:00","BZN|BG","4221.43","4737.00"
"25/12/2023 22:00 - 25/12/2023 23:00","BZN|BG","4068.15","4523.00"
"25/12/2023 23:00 - 26/12/2023 00:00","BZN|BG","3808.11","3971.00"
"26/12/2023 00:00 - 26/12/2023 01:00","BZN|BG","3598.60","3744.00"
"26/12/2023 01:00 - 26/12/2023 02:00","BZN|BG","3483.38","3637.00"
"26/12/2023 02:00 - 26/12/2023 03:00","BZN|BG","3424.45","3588.00"
"26/12/2023 03:00 - 26/12/2023 04:00","BZN|BG","3431.02","3592.00"
"26/12/2023 04:00 - 26/12/2023 05:00","BZN|BG","3500.66","3657.00"
"26/12/2023 05:00 - 26/12/2023 06:00","BZN|BG","3666.42","3826.00"
"26/12/2023 06:00 - 26/12/2023 07:00","BZN|BG","3933.44","4093.00"
"26/12/2023 07:00 - 26/12/2023 08:00","BZN|BG","4308.12","4537.00"
"26/12/2023 08:00 - 26/12/2023 09:00","BZN|BG","4440.11","4779.00"
"26/12/2023 09:00 - 26/12/2023 10:00","BZN|BG","4365.61","4677.00"
"26/12/2023 10:00 - 26/12/2023 11:00","BZN|BG","4211.45","4492.00"
"26/12/2023 11:00 - 26/12/2023 12:00","BZN|BG","4066.61","4330.00"
"26/12/2023 12:00 - 26/12/2023 13:00","BZN|BG","3919.05","4217.00"
"26/12/2023 13:00 - 26/12/2023 14:00","BZN|BG","3849.73","4160.00"
"26/12/2023 14:00 - 26/12/2023 15:00","BZN|BG","3920.62","4233.00"
"26/12/2023 15:00 - 26/12/2023 16:00","BZN|BG","4208.61","4450.00"
"26/12/2023 16:00 - 26/12/2023 17:00","BZN|BG","4697.13","4890.00"
"26/12/2023 17:00 - 26/12/2023 18:00","BZN|BG","4866.12","5031.00"
"26/12/2023 18:00 - 26/12/2023 19:00","BZN|BG","4817.28","4908.00"
"26/12/2023 19:00 - 26/12/2023 20:00","BZN|BG","4646.64","4713.00"
"26/12/2023 20:00 - 26/12/2023 21:00","BZN|BG","4455.91","4496.00"
"26/12/2023 21:00 - 26/12/2023 22:00","BZN|BG","4342.33","4360.00"
"26/12/2023 22:00 - 26/12/2023 23:00","BZN|BG","4112.00","4127.00"
"26/12/2023 23:00 - 27/12/2023 00:00","BZN|BG","3823.84","3852.00"
"27/12/2023 00:00 - 27/12/2023 01:00","BZN|BG","3593.92","3648.00"
"27/12/2023 01:00 - 27/12/2023 02:00","BZN|BG","3476.49","3527.00"
"27/12/2023 02:00 - 27/12/2023 03:00","BZN|BG","3429.30","3477.00"
"27/12/2023 03:00 - 27/12/2023 04:00","BZN|BG","3437.92","3489.00"
"27/12/2023 04:00 - 27/12/2023 05:00","BZN|BG","3496.32","3546.00"
"27/12/2023 05:00 - 27/12/2023 06:00","BZN|BG","3665.25","3693.00"
"27/12/2023 06:00 - 27/12/2023 07:00","BZN|BG","3945.08","3936.00"
"27/12/2023 07:00 - 27/12/2023 08:00","BZN|BG","4366.65","4350.00"
"27/12/2023 08:00 - 27/12/2023 09:00","BZN|BG","4510.35","4639.00"
"27/12/2023 09:00 - 27/12/2023 10:00","BZN|BG","4439.43","4500.00"
"27/12/2023 10:00 - 27/12/2023 11:00","BZN|BG","4281.00","4390.00"
"27/12/2023 11:00 - 27/12/2023 12:00","BZN|BG","4151.58","4119.00"
"27/12/2023 12:00 - 27/12/2023 13:00","BZN|BG","4047.79","4031.00"
"27/12/2023 13:00 - 27/12/2023 14:00","BZN|BG","4007.99","4011.00"
"27/12/2023 14:00 - 27/12/2023 15:00","BZN|BG","4090.40","4178.00"
"27/12/2023 15:00 - 27/12/2023 16:00","BZN|BG","4358.41","4500.00"
"27/12/2023 16:00 - 27/12/2023 17:00","BZN|BG","4822.05","4993.00"
"27/12/2023 17:00 - 27/12/2023 18:00","BZN|BG","4984.71","5100.00"
"27/12/2023 18:00 - 27/12/2023 19:00","BZN|BG","4928.20","5005.00"
"27/12/2023 19:00 - 27/12/2023 20:00","BZN|BG","4756.47","4843.00"
"27/12/2023 20:00 - 27/12/2023 21:00","BZN|BG","4580.81","4629.00"
"27/12/2023 21:00 - 27/12/2023 22:00","BZN|BG","4473.29","4478.00"
"27/12/2023 22:00 - 27/12/2023 23:00","BZN|BG","4240.59","4257.00"
"27/12/2023 23:00 - 28/12/2023 00:00","BZN|BG","3957.99","3901.00"
"28/12/2023 00:00 - 28/12/2023 01:00","BZN|BG","3733.42","3708.00"
"28/12/2023 01:00 - 28/12/2023 02:00","BZN|BG","3635.32","3572.00"
"28/12/2023 02:00 - 28/12/2023 03:00","BZN|BG","3591.35","3511.00"
"28/12/2023 03:00 - 28/12/2023 04:00","BZN|BG","3628.90","3534.00"
"28/12/2023 04:00 - 28/12/2023 05:00","BZN|BG","3758.15","3632.00"
"28/12/2023 05:00 - 28/12/2023 06:00","BZN|BG","4034.62","3911.00"
"28/12/2023 06:00 - 28/12/2023 07:00","BZN|BG","4458.16","4400.00"
"28/12/2023 07:00 - 28/12/2023 08:00","BZN|BG","4904.09","4885.00"
"28/12/2023 08:00 - 28/12/2023 09:00","BZN|BG","4974.94","4925.00"
"28/12/2023 09:00 - 28/12/2023 10:00","BZN|BG","4767.18","4789.00"
"28/12/2023 10:00 - 28/12/2023 11:00","BZN|BG","4583.92","4599.00"
"28/12/2023 11:00 - 28/12/2023 12:00","BZN|BG","4407.26","4417.00"
"28/12/2023 12:00 - 28/12/2023 13:00","BZN|BG","4298.23","4305.00"
"28/12/2023 13:00 - 28/12/2023 14:00","BZN|BG","4233.38","4247.00"
"28/12/2023 14:00 - 28/12/2023 15:00","BZN|BG","4304.55","4309.00"
"28/12/2023 15:00 - 28/12/2023 16:00","BZN|BG","4561.44","4571.00"
"28/12/2023 16:00 - 28/12/2023 17:00","BZN|BG","4989.71","5013.00"
"28/12/2023 17:00 - 28/12/2023 18:00","BZN|BG","5211.44","5200.00"
"28/12/2023 18:00 - 28/12/2023 19:00","BZN|BG","5167.72","5139.00"
"28/12/2023 19:00 - 28/12/2023 20:00","BZN|BG","4971.25","4960.00"
"28/12/2023 20:00 - 28/12/2023 21:00","BZN|BG","4789.34","4766.00"
"28/12/2023 21:00 - 28/12/2023 22:00","BZN|BG","4681.23","4605.00"
"28/12/2023 22:00 - 28/12/2023 23:00","BZN|BG","4415.76","4245.00"
"28/12/2023 23:00 - 29/12/2023 00:00","BZN|BG","4108.14","3994.00"
"29/12/2023 00:00 - 29/12/2023 01:00","BZN|BG","3880.98","3772.00"
"29/12/2023 01:00 - 29/12/2023 02:00","BZN|BG","3770.76","3672.00"
"29/12/2023 02:00 - 29/12/2023 03:00","BZN|BG","3740.13","3630.00"
"29/12/2023 03:00 - 29/12/2023 04:00","BZN|BG","3749.99","3653.00"
"29/12/2023 04:00 - 29/12/2023 05:00","BZN|BG","3860.81","3804.00"
"29/12/2023 05:00 - 29/12/2023 06:00","BZN|BG","4130.77","4169.00"
"29/12/2023 06:00 - 29/12/2023 07:00","BZN|BG","4507.36","4573.00"
"29/12/2023 07:00 - 29/12/2023 08:00","BZN|BG","4906.80","4936.00"
"29/12/2023 08:00 - 29/12/2023 09:00","BZN|BG","4991.05","4974.00"
"29/12/2023 09:00 - 29/12/2023 10:00","BZN|BG","4815.05","4818.00"
"29/12/2023 10:00 - 29/12/2023 11:00","BZN|BG","4621.44","4680.00"
"29/12/2023 11:00 - 29/12/2023 12:00","BZN|BG","4437.10","4520.00"
"29/12/2023 12:00 - 29/12/2023 13:00","BZN|BG","4284.88","4417.00"
"29/12/2023 13:00 - 29/12/2023 14:00","BZN|BG","4217.11","4370.00"
"29/12/2023 14:00 - 29/12/2023 15:00","BZN|BG","4279.03","4508.00"
"29/12/2023 15:00 - 29/12/2023 16:00","BZN|BG","4542.03","4681.00"
"29/12/2023 16:00 - 29/12/2023 17:00","BZN|BG","4998.83","5045.00"
"29/12/2023 17:00 - 29/12/2023 18:00","BZN|BG","5187.36","5268.00"
"29/12/2023 18:00 - 29/12/2023 19:00","BZN|BG","5124.45","5232.00"
"29/12/2023 19:00 - 29/12/2023 20:00","BZN|BG","4924.79","5059.00"
"29/12/2023 20:00 - 29/12/2023 21:00","BZN|BG","4763.69","4813.00"
"29/12/2023 21:00 - 29/12/2023 22:00","BZN|BG","4641.56","4636.00"
"29/12/2023 22:00 - 29/12/2023 23:00","BZN|BG","4381.30","4295.00"
"29/12/2023 23:00 - 30/12/2023 00:00","BZN|BG","4084.57","4062.00"
"30/12/2023 00:00 - 30/12/2023 01:00","BZN|BG","3860.95","3848.00"
"30/12/2023 01:00 - 30/12/2023 02:00","BZN|BG","3725.04","3756.00"
"30/12/2023 02:00 - 30/12/2023 03:00","BZN|BG","3668.80","3692.00"
"30/12/2023 03:00 - 30/12/2023 04:00","BZN|BG","3675.60","3662.00"
"30/12/2023 04:00 - 30/12/2023 05:00","BZN|BG","3745.07","3687.00"
"30/12/2023 05:00 - 30/12/2023 06:00","BZN|BG","3905.25","3771.00"
"30/12/2023 06:00 - 30/12/2023 07:00","BZN|BG","4180.38","3926.00"
"30/12/2023 07:00 - 30/12/2023 08:00","BZN|BG","4586.13","4274.00"
"30/12/2023 08:00 - 30/12/2023 09:00","BZN|BG","4811.36","4564.00"
"30/12/2023 09:00 - 30/12/2023 10:00","BZN|BG","4751.24","4656.00"
"30/12/2023 10:00 - 30/12/2023 11:00","BZN|BG","4638.28","4654.00"
"30/12/2023 11:00 - 30/12/2023 12:00","BZN|BG","4518.23","4627.00"
"30/12/2023 12:00 - 30/12/2023 13:00","BZN|BG","4384.49","4584.00"
"30/12/2023 13:00 - 30/12/2023 14:00","BZN|BG","4295.76","4561.00"
"30/12/2023 14:00 - 30/12/2023 15:00","BZN|BG","4340.56","4578.00"
"30/12/2023 15:00 - 30/12/2023 16:00","BZN|BG","4600.49","4736.00"
"30/12/2023 16:00 - 30/12/2023 17:00","BZN|BG","5017.88","5000.00"
"30/12/2023 17:00 - 30/12/2023 18:00","BZN|BG","5180.56","4839.00"
"30/12/2023 18:00 - 30/12/2023 19:00","BZN|BG","5086.78","4456.00"
"30/12/2023 19:00 - 30/12/2023 20:00","BZN|BG","4906.16","4161.00"
"30/12/2023 20:00 - 30/12/2023 21:00","BZN|BG","4732.76","4025.00"
"30/12/2023 21:00 - 30/12/2023 22:00","BZN|BG","4606.95","3999.00"
"30/12/2023 22:00 - 30/12/2023 23:00","BZN|BG","4369.74","3883.00"
"30/12/2023 23:00 - 31/12/2023 00:00","BZN|BG","4033.38","4325.00"
"31/12/2023 00:00 - 31/12/2023 01:00","BZN|BG","3770.59","3978.00"
"31/12/2023 01:00 - 31/12/2023 02:00","BZN|BG","3620.14","3786.00"
"31/12/2023 02:00 - 31/12/2023 03:00","BZN|BG","3543.15","3706.00"
"31/12/2023 03:00 - 31/12/2023 04:00","BZN|BG","3545.82","3700.00"
"31/12/2023 04:00 - 31/12/2023 05:00","BZN|BG","3613.47","3755.00"
"31/12/2023 05:00 - 31/12/2023 06:00","BZN|BG","3760.62","3945.00"
"31/12/2023 06:00 - 31/12/2023 07:00","BZN|BG","4002.88","4266.00"
"31/12/2023 07:00 - 31/12/2023 08:00","BZN|BG","4431.72","4872.00"
"31/12/2023 08:00 - 31/12/2023 09:00","BZN|BG","4749.59","5277.00"
"31/12/2023 09:00 - 31/12/2023 10:00","BZN|BG","4829.07","5296.00"
"31/12/2023 10:00 - 31/12/2023 11:00","BZN|BG","4807.87","5191.00"
"31/12/2023 11:00 - 31/12/2023 12:00","BZN|BG","4732.55","5047.00"
"31/12/2023 12:00 - 31/12/2023 13:00","BZN|BG","4675.85","4898.00"
"31/12/2023 13:00 - 31/12/2023 14:00","BZN|BG","4693.15","4830.00"
"31/12/2023 14:00 - 31/12/2023 15:00","BZN|BG","4872.52","4883.00"
"31/12/2023 15:00 - 31/12/2023 16:00","BZN|BG","5238.69","5123.00"
"31/12/2023 16:00 - 31/12/2023 17:00","BZN|BG","5748.76","5623.00"
"31/12/2023 17:00 - 31/12/2023 18:00","BZN|BG","5734.37","5755.00"
"31/12/2023 18:00 - 31/12/2023 19:00","BZN|BG","5289.37","5607.00"
"31/12/2023 19:00 - 31/12/2023 20:00","BZN|BG","4694.49","5346.00"
"31/12/2023 20:00 - 31/12/2023 21:00","BZN|BG","4311.87","4930.00"
"31/12/2023 21:00 - 31/12/2023 22:00","BZN|BG","4170.72","4486.00"
"31/12/2023 22:00 - 31/12/2023 23:00","BZN|BG","4107.20","4144.00"
"31/12/2023 23:00 - 01/01/2024 00:00","BZN|BG","3991.70","4092.00"
