"MTU (CET/CEST)","Area","Actual Total Load (MW)","Day-ahead Total Load Forecast (MW)"
"01/01/2020 00:00 - 01/01/2020 01:00","BZN|BG","4243.00","4444.00"
"01/01/2020 01:00 - 01/01/2020 02:00","BZN|BG","4063.00","4234.00"
"01/01/2020 02:00 - 01/01/2020 03:00","BZN|BG","3924.00","4064.00"
"01/01/2020 03:00 - 01/01/2020 04:00","BZN|BG","3838.00","3942.00"
"01/01/2020 04:00 - 01/01/2020 05:00","BZN|BG","3795.00","3882.00"
"01/01/2020 05:00 - 01/01/2020 06:00","BZN|BG","3800.00","3870.00"
"01/01/2020 06:00 - 01/01/2020 07:00","BZN|BG","3886.00","3933.00"
"01/01/2020 07:00 - 01/01/2020 08:00","BZN|BG","4071.00","4125.00"
"01/01/2020 08:00 - 01/01/2020 09:00","BZN|BG","4304.00","4402.00"
"01/01/2020 09:00 - 01/01/2020 10:00","BZN|BG","4443.00","4548.00"
"01/01/2020 10:00 - 01/01/2020 11:00","BZN|BG","4499.00","4578.00"
"01/01/2020 11:00 - 01/01/2020 12:00","BZN|BG","4493.00","4495.00"
"01/01/2020 12:00 - 01/01/2020 13:00","BZN|BG","4400.00","4329.00"
"01/01/2020 13:00 - 01/01/2020 14:00","BZN|BG","4324.00","4231.00"
"01/01/2020 14:00 - 01/01/2020 15:00","BZN|BG","4351.00","4268.00"
"01/01/2020 15:00 - 01/01/2020 16:00","BZN|BG","4548.00","4512.00"
"01/01/2020 16:00 - 01/01/2020 17:00","BZN|BG","4957.00","5151.00"
"01/01/2020 17:00 - 01/01/2020 18:00","BZN|BG","5191.00","5470.00"
"01/01/2020 18:00 - 01/01/2020 19:00","BZN|BG","5127.00","5390.00"
"01/01/2020 19:00 - 01/01/2020 20:00","BZN|BG","4999.00","5222.00"
"01/01/2020 20:00 - 01/01/2020 21:00","BZN|BG","4821.00","5001.00"
"01/01/2020 21:00 - 01/01/2020 22:00","BZN|BG","4722.00","4925.00"
"01/01/2020 22:00 - 01/01/2020 23:00","BZN|BG","4468.00","4626.00"
"01/01/2020 23:00 - 02/01/2020 00:00","BZN|BG","4151.00","4580.00"
"02/01/2020 00:00 - 02/01/2020 01:00","BZN|BG","3938.00","4273.00"
"02/01/2020 01:00 - 02/01/2020 02:00","BZN|BG","3824.00","4148.00"
"02/01/2020 02:00 - 02/01/2020 03:00","BZN|BG","3772.00","4090.00"
"02/01/2020 03:00 - 02/01/2020 04:00","BZN|BG","3811.00","4122.00"
"02/01/2020 04:00 - 02/01/2020 05:00","BZN|BG","3929.00","4293.00"
"02/01/2020 05:00 - 02/01/2020 06:00","BZN|BG","4249.00","4700.00"
"02/01/2020 06:00 - 02/01/2020 07:00","BZN|BG","4714.00","5250.00"
"02/01/2020 07:00 - 02/01/2020 08:00","BZN|BG","5248.00","5808.00"
"02/01/2020 08:00 - 02/01/2020 09:00","BZN|BG","5531.00","6102.00"
"02/01/2020 09:00 - 02/01/2020 10:00","BZN|BG","5546.00","6057.00"
"02/01/2020 10:00 - 02/01/2020 11:00","BZN|BG","5459.00","5933.00"
"02/01/2020 11:00 - 02/01/2020 12:00","BZN|BG","5323.00","5760.00"
"02/01/2020 12:00 - 02/01/2020 13:00","BZN|BG","5203.00","5651.00"
"02/01/2020 13:00 - 02/01/2020 14:00","BZN|BG","5119.00","5568.00"
"02/01/2020 14:00 - 02/01/2020 15:00","BZN|BG","5114.00","5612.00"
"02/01/2020 15:00 - 02/01/2020 16:00","BZN|BG","5279.00","5770.00"
"02/01/2020 16:00 - 02/01/2020 17:00","BZN|BG","5661.00","6121.00"
"02/01/2020 17:00 - 02/01/2020 18:00","BZN|BG","5902.00","6350.00"
"02/01/2020 18:00 - 02/01/2020 19:00","BZN|BG","5859.00","6272.00"
"02/01/2020 19:00 - 02/01/2020 20:00","BZN|BG","5642.00","5988.00"
"02/01/2020 20:00 - 02/01/2020 21:00","BZN|BG","5429.00","5724.00"
"02/01/2020 21:00 - 02/01/2020 22:00","BZN|BG","5290.00","5531.00"
"02/01/2020 22:00 - 02/01/2020 23:00","BZN|BG","4988.00","5171.00"
"02/01/2020 23:00 - 03/01/2020 00:00","BZN|BG","4628.00","4433.00"
"03/01/2020 00:00 - 03/01/2020 01:00","BZN|BG","4381.00","4141.00"
"03/01/2020 01:00 - 03/01/2020 02:00","BZN|BG","4243.00","4004.00"
"03/01/2020 02:00 - 03/01/2020 03:00","BZN|BG","4211.00","3950.00"
"03/01/2020 03:00 - 03/01/2020 04:00","BZN|BG","4211.00","4001.00"
"03/01/2020 04:00 - 03/01/2020 05:00","BZN|BG","4327.00","4197.00"
"03/01/2020 05:00 - 03/01/2020 06:00","BZN|BG","4629.00","4771.00"
"03/01/2020 06:00 - 03/01/2020 07:00","BZN|BG","5091.00","5359.00"
"03/01/2020 07:00 - 03/01/2020 08:00","BZN|BG","5583.00","5748.00"
"03/01/2020 08:00 - 03/01/2020 09:00","BZN|BG","5798.00","5578.00"
"03/01/2020 09:00 - 03/01/2020 10:00","BZN|BG","5746.00","5508.00"
"03/01/2020 10:00 - 03/01/2020 11:00","BZN|BG","5577.00","5423.00"
"03/01/2020 11:00 - 03/01/2020 12:00","BZN|BG","5389.00","5300.00"
"03/01/2020 12:00 - 03/01/2020 13:00","BZN|BG","5278.00","5250.00"
"03/01/2020 13:00 - 03/01/2020 14:00","BZN|BG","5145.00","5160.00"
"03/01/2020 14:00 - 03/01/2020 15:00","BZN|BG","5147.00","5196.00"
"03/01/2020 15:00 - 03/01/2020 16:00","BZN|BG","5306.00","5563.00"
"03/01/2020 16:00 - 03/01/2020 17:00","BZN|BG","5703.00","5964.00"
"03/01/2020 17:00 - 03/01/2020 18:00","BZN|BG","5938.00","6050.00"
"03/01/2020 18:00 - 03/01/2020 19:00","BZN|BG","5865.00","6000.00"
"03/01/2020 19:00 - 03/01/2020 20:00","BZN|BG","5631.00","5679.00"
"03/01/2020 20:00 - 03/01/2020 21:00","BZN|BG","5399.00","5380.00"
"03/01/2020 21:00 - 03/01/2020 22:00","BZN|BG","5257.00","5102.00"
"03/01/2020 22:00 - 03/01/2020 23:00","BZN|BG","4950.00","4735.00"
"03/01/2020 23:00 - 04/01/2020 00:00","BZN|BG","4608.00","4580.00"
"04/01/2020 00:00 - 04/01/2020 01:00","BZN|BG","4364.00","4411.00"
"04/01/2020 01:00 - 04/01/2020 02:00","BZN|BG","4216.00","4235.00"
"04/01/2020 02:00 - 04/01/2020 03:00","BZN|BG","4172.00","4124.00"
"04/01/2020 03:00 - 04/01/2020 04:00","BZN|BG","4166.00","4120.00"
"04/01/2020 04:00 - 04/01/2020 05:00","BZN|BG","4226.00","4246.00"
"04/01/2020 05:00 - 04/01/2020 06:00","BZN|BG","4366.00","4460.00"
"04/01/2020 06:00 - 04/01/2020 07:00","BZN|BG","4624.00","4746.00"
"04/01/2020 07:00 - 04/01/2020 08:00","BZN|BG","5064.00","5149.00"
"04/01/2020 08:00 - 04/01/2020 09:00","BZN|BG","5320.00","5371.00"
"04/01/2020 09:00 - 04/01/2020 10:00","BZN|BG","5307.00","5380.00"
"04/01/2020 10:00 - 04/01/2020 11:00","BZN|BG","5187.00","5220.00"
"04/01/2020 11:00 - 04/01/2020 12:00","BZN|BG","5032.00","5020.00"
"04/01/2020 12:00 - 04/01/2020 13:00","BZN|BG","4857.00","4864.00"
"04/01/2020 13:00 - 04/01/2020 14:00","BZN|BG","4720.00","4752.00"
"04/01/2020 14:00 - 04/01/2020 15:00","BZN|BG","4754.00","4800.00"
"04/01/2020 15:00 - 04/01/2020 16:00","BZN|BG","4988.00","5124.00"
"04/01/2020 16:00 - 04/01/2020 17:00","BZN|BG","5492.00","5600.00"
"04/01/2020 17:00 - 04/01/2020 18:00","BZN|BG","5693.00","5755.00"
"04/01/2020 18:00 - 04/01/2020 19:00","BZN|BG","5561.00","5597.00"
"04/01/2020 19:00 - 04/01/2020 20:00","BZN|BG","5335.00","5381.00"
"04/01/2020 20:00 - 04/01/2020 21:00","BZN|BG","5095.00","5131.00"
"04/01/2020 21:00 - 04/01/2020 22:00","BZN|BG","4969.00","4937.00"
"04/01/2020 22:00 - 04/01/2020 23:00","BZN|BG","4695.00","4764.00"
"04/01/2020 23:00 - 05/01/2020 00:00","BZN|BG","4361.00","4508.00"
"05/01/2020 00:00 - 05/01/2020 01:00","BZN|BG","4130.00","4278.00"
"05/01/2020 01:00 - 05/01/2020 02:00","BZN|BG","3975.00","4143.00"
"05/01/2020 02:00 - 05/01/2020 03:00","BZN|BG","3913.00","4085.00"
"05/01/2020 03:00 - 05/01/2020 04:00","BZN|BG","3890.00","4066.00"
"05/01/2020 04:00 - 05/01/2020 05:00","BZN|BG","3924.00","4114.00"
"05/01/2020 05:00 - 05/01/2020 06:00","BZN|BG","4031.00","4226.00"
"05/01/2020 06:00 - 05/01/2020 07:00","BZN|BG","4230.00","4456.00"
"05/01/2020 07:00 - 05/01/2020 08:00","BZN|BG","4669.00","4815.00"
"05/01/2020 08:00 - 05/01/2020 09:00","BZN|BG","5088.00","5033.00"
"05/01/2020 09:00 - 05/01/2020 10:00","BZN|BG","5360.00","5019.00"
"05/01/2020 10:00 - 05/01/2020 11:00","BZN|BG","5456.00","4969.00"
"05/01/2020 11:00 - 05/01/2020 12:00","BZN|BG","5488.00","4869.00"
"05/01/2020 12:00 - 05/01/2020 13:00","BZN|BG","5456.00","4792.00"
"05/01/2020 13:00 - 05/01/2020 14:00","BZN|BG","5394.00","4731.00"
"05/01/2020 14:00 - 05/01/2020 15:00","BZN|BG","5421.00","4775.00"
"05/01/2020 15:00 - 05/01/2020 16:00","BZN|BG","5639.00","5094.00"
"05/01/2020 16:00 - 05/01/2020 17:00","BZN|BG","6020.00","5721.00"
"05/01/2020 17:00 - 05/01/2020 18:00","BZN|BG","6188.00","5920.00"
"05/01/2020 18:00 - 05/01/2020 19:00","BZN|BG","6045.00","5828.00"
"05/01/2020 19:00 - 05/01/2020 20:00","BZN|BG","5826.00","5629.00"
"05/01/2020 20:00 - 05/01/2020 21:00","BZN|BG","5500.00","5369.00"
"05/01/2020 21:00 - 05/01/2020 22:00","BZN|BG","5292.00","5162.00"
"05/01/2020 22:00 - 05/01/2020 23:00","BZN|BG","4917.00","4833.00"
"05/01/2020 23:00 - 06/01/2020 00:00","BZN|BG","4528.00","4374.00"
"06/01/2020 00:00 - 06/01/2020 01:00","BZN|BG","4303.00","4159.00"
"06/01/2020 01:00 - 06/01/2020 02:00","BZN|BG","4190.00","4058.00"
"06/01/2020 02:00 - 06/01/2020 03:00","BZN|BG","4155.00","3992.00"
"06/01/2020 03:00 - 06/01/2020 04:00","BZN|BG","4214.00","4014.00"
"06/01/2020 04:00 - 06/01/2020 05:00","BZN|BG","4399.00","4152.00"
"06/01/2020 05:00 - 06/01/2020 06:00","BZN|BG","4935.00","4422.00"
"06/01/2020 06:00 - 06/01/2020 07:00","BZN|BG","5517.00","4902.00"
"06/01/2020 07:00 - 06/01/2020 08:00","BZN|BG","5975.00","5466.00"
"06/01/2020 08:00 - 06/01/2020 09:00","BZN|BG","6156.00","5805.00"
"06/01/2020 09:00 - 06/01/2020 10:00","BZN|BG","6066.00","5804.00"
"06/01/2020 10:00 - 06/01/2020 11:00","BZN|BG","6050.00","5717.00"
"06/01/2020 11:00 - 06/01/2020 12:00","BZN|BG","5965.00","5641.00"
"06/01/2020 12:00 - 06/01/2020 13:00","BZN|BG","5940.00","5564.00"
"06/01/2020 13:00 - 06/01/2020 14:00","BZN|BG","5910.00","5500.00"
"06/01/2020 14:00 - 06/01/2020 15:00","BZN|BG","5946.00","5485.00"
"06/01/2020 15:00 - 06/01/2020 16:00","BZN|BG","6038.00","5654.00"
"06/01/2020 16:00 - 06/01/2020 17:00","BZN|BG","6204.00","6082.00"
"06/01/2020 17:00 - 06/01/2020 18:00","BZN|BG","6389.00","6230.00"
"06/01/2020 18:00 - 06/01/2020 19:00","BZN|BG","6318.00","6135.00"
"06/01/2020 19:00 - 06/01/2020 20:00","BZN|BG","6099.00","5925.00"
"06/01/2020 20:00 - 06/01/2020 21:00","BZN|BG","5824.00","5606.00"
"06/01/2020 21:00 - 06/01/2020 22:00","BZN|BG","5623.00","5410.00"
"06/01/2020 22:00 - 06/01/2020 23:00","BZN|BG","5239.00","5034.00"
"06/01/2020 23:00 - 07/01/2020 00:00","BZN|BG","4822.00","4979.00"
"07/01/2020 00:00 - 07/01/2020 01:00","BZN|BG","4583.00","4711.00"
"07/01/2020 01:00 - 07/01/2020 02:00","BZN|BG","4466.00","4548.00"
"07/01/2020 02:00 - 07/01/2020 03:00","BZN|BG","4430.00","4469.00"
"07/01/2020 03:00 - 07/01/2020 04:00","BZN|BG","4473.00","4466.00"
"07/01/2020 04:00 - 07/01/2020 05:00","BZN|BG","4649.00","4581.00"
"07/01/2020 05:00 - 07/01/2020 06:00","BZN|BG","5162.00","4881.00"
"07/01/2020 06:00 - 07/01/2020 07:00","BZN|BG","5740.00","5370.00"
"07/01/2020 07:00 - 07/01/2020 08:00","BZN|BG","6160.00","5973.00"
"07/01/2020 08:00 - 07/01/2020 09:00","BZN|BG","6304.00","6320.00"
"07/01/2020 09:00 - 07/01/2020 10:00","BZN|BG","6155.00","6335.00"
"07/01/2020 10:00 - 07/01/2020 11:00","BZN|BG","5995.00","6290.00"
"07/01/2020 11:00 - 07/01/2020 12:00","BZN|BG","5818.00","6214.00"
"07/01/2020 12:00 - 07/01/2020 13:00","BZN|BG","5723.00","6155.00"
"07/01/2020 13:00 - 07/01/2020 14:00","BZN|BG","5634.00","6108.00"
"07/01/2020 14:00 - 07/01/2020 15:00","BZN|BG","5678.00","6153.00"
"07/01/2020 15:00 - 07/01/2020 16:00","BZN|BG","5813.00","6299.00"
"07/01/2020 16:00 - 07/01/2020 17:00","BZN|BG","6187.00","6592.00"
"07/01/2020 17:00 - 07/01/2020 18:00","BZN|BG","6503.00","6702.00"
"07/01/2020 18:00 - 07/01/2020 19:00","BZN|BG","6407.00","6542.00"
"07/01/2020 19:00 - 07/01/2020 20:00","BZN|BG","6164.00","6242.00"
"07/01/2020 20:00 - 07/01/2020 21:00","BZN|BG","5927.00","5974.00"
"07/01/2020 21:00 - 07/01/2020 22:00","BZN|BG","5761.00","5829.00"
"07/01/2020 22:00 - 07/01/2020 23:00","BZN|BG","5395.00","5587.00"
"07/01/2020 23:00 - 08/01/2020 00:00","BZN|BG","4978.00","4909.00"
"08/01/2020 00:00 - 08/01/2020 01:00","BZN|BG","4736.00","4708.00"
"08/01/2020 01:00 - 08/01/2020 02:00","BZN|BG","4621.00","4584.00"
"08/01/2020 02:00 - 08/01/2020 03:00","BZN|BG","4585.00","4521.00"
"08/01/2020 03:00 - 08/01/2020 04:00","BZN|BG","4610.00","4511.00"
"08/01/2020 04:00 - 08/01/2020 05:00","BZN|BG","4790.00","4623.00"
"08/01/2020 05:00 - 08/01/2020 06:00","BZN|BG","5328.00","4917.00"
"08/01/2020 06:00 - 08/01/2020 07:00","BZN|BG","5930.00","5405.00"
"08/01/2020 07:00 - 08/01/2020 08:00","BZN|BG","6344.00","6009.00"
"08/01/2020 08:00 - 08/01/2020 09:00","BZN|BG","6415.00","6346.00"
"08/01/2020 09:00 - 08/01/2020 10:00","BZN|BG","6240.00","6356.00"
"08/01/2020 10:00 - 08/01/2020 11:00","BZN|BG","6050.00","6270.00"
"08/01/2020 11:00 - 08/01/2020 12:00","BZN|BG","5844.00","6098.00"
"08/01/2020 12:00 - 08/01/2020 13:00","BZN|BG","5745.00","5968.00"
"08/01/2020 13:00 - 08/01/2020 14:00","BZN|BG","5669.00","5861.00"
"08/01/2020 14:00 - 08/01/2020 15:00","BZN|BG","5682.00","5927.00"
"08/01/2020 15:00 - 08/01/2020 16:00","BZN|BG","5815.00","6120.00"
"08/01/2020 16:00 - 08/01/2020 17:00","BZN|BG","6217.00","6508.00"
"08/01/2020 17:00 - 08/01/2020 18:00","BZN|BG","6560.00","6657.00"
"08/01/2020 18:00 - 08/01/2020 19:00","BZN|BG","6547.00","6495.00"
"08/01/2020 19:00 - 08/01/2020 20:00","BZN|BG","6311.00","6178.00"
"08/01/2020 20:00 - 08/01/2020 21:00","BZN|BG","6066.00","5903.00"
"08/01/2020 21:00 - 08/01/2020 22:00","BZN|BG","5812.00","5758.00"
"08/01/2020 22:00 - 08/01/2020 23:00","BZN|BG","5375.00","5516.00"
"08/01/2020 23:00 - 09/01/2020 00:00","BZN|BG","4941.00","4946.00"
"09/01/2020 00:00 - 09/01/2020 01:00","BZN|BG","4677.00","4727.00"
"09/01/2020 01:00 - 09/01/2020 02:00","BZN|BG","4568.00","4601.00"
"09/01/2020 02:00 - 09/01/2020 03:00","BZN|BG","4531.00","4541.00"
"09/01/2020 03:00 - 09/01/2020 04:00","BZN|BG","4588.00","4540.00"
"09/01/2020 04:00 - 09/01/2020 05:00","BZN|BG","4749.00","4730.00"
"09/01/2020 05:00 - 09/01/2020 06:00","BZN|BG","5335.00","5208.00"
"09/01/2020 06:00 - 09/01/2020 07:00","BZN|BG","5938.00","5730.00"
"09/01/2020 07:00 - 09/01/2020 08:00","BZN|BG","6348.00","6203.00"
"09/01/2020 08:00 - 09/01/2020 09:00","BZN|BG","6459.00","6339.00"
"09/01/2020 09:00 - 09/01/2020 10:00","BZN|BG","6250.00","6299.00"
"09/01/2020 10:00 - 09/01/2020 11:00","BZN|BG","6028.00","6171.00"
"09/01/2020 11:00 - 09/01/2020 12:00","BZN|BG","5805.00","5974.00"
"09/01/2020 12:00 - 09/01/2020 13:00","BZN|BG","5696.00","5840.00"
"09/01/2020 13:00 - 09/01/2020 14:00","BZN|BG","5616.00","5736.00"
"09/01/2020 14:00 - 09/01/2020 15:00","BZN|BG","5611.00","5807.00"
"09/01/2020 15:00 - 09/01/2020 16:00","BZN|BG","5765.00","5995.00"
"09/01/2020 16:00 - 09/01/2020 17:00","BZN|BG","6122.00","6398.00"
"09/01/2020 17:00 - 09/01/2020 18:00","BZN|BG","6440.00","6581.00"
"09/01/2020 18:00 - 09/01/2020 19:00","BZN|BG","6393.00","6447.00"
"09/01/2020 19:00 - 09/01/2020 20:00","BZN|BG","6156.00","6158.00"
"09/01/2020 20:00 - 09/01/2020 21:00","BZN|BG","5926.00","5904.00"
"09/01/2020 21:00 - 09/01/2020 22:00","BZN|BG","5691.00","5761.00"
"09/01/2020 22:00 - 09/01/2020 23:00","BZN|BG","5273.00","5506.00"
"09/01/2020 23:00 - 10/01/2020 00:00","BZN|BG","4842.00","4851.00"
"10/01/2020 00:00 - 10/01/2020 01:00","BZN|BG","4581.00","4620.00"
"10/01/2020 01:00 - 10/01/2020 02:00","BZN|BG","4467.00","4492.00"
"10/01/2020 02:00 - 10/01/2020 03:00","BZN|BG","4443.00","4435.00"
"10/01/2020 03:00 - 10/01/2020 04:00","BZN|BG","4480.00","4440.00"
"10/01/2020 04:00 - 10/01/2020 05:00","BZN|BG","4654.00","4689.00"
"10/01/2020 05:00 - 10/01/2020 06:00","BZN|BG","5177.00","5230.00"
"10/01/2020 06:00 - 10/01/2020 07:00","BZN|BG","5768.00","5800.00"
"10/01/2020 07:00 - 10/01/2020 08:00","BZN|BG","6133.00","6190.00"
"10/01/2020 08:00 - 10/01/2020 09:00","BZN|BG","6195.00","6250.00"
"10/01/2020 09:00 - 10/01/2020 10:00","BZN|BG","5966.00","6144.00"
"10/01/2020 10:00 - 10/01/2020 11:00","BZN|BG","5746.00","5978.00"
"10/01/2020 11:00 - 10/01/2020 12:00","BZN|BG","5511.00","5740.00"
"10/01/2020 12:00 - 10/01/2020 13:00","BZN|BG","5412.00","5593.00"
"10/01/2020 13:00 - 10/01/2020 14:00","BZN|BG","5333.00","5487.00"
"10/01/2020 14:00 - 10/01/2020 15:00","BZN|BG","5334.00","5567.00"
"10/01/2020 15:00 - 10/01/2020 16:00","BZN|BG","5440.00","5774.00"
"10/01/2020 16:00 - 10/01/2020 17:00","BZN|BG","5832.00","6225.00"
"10/01/2020 17:00 - 10/01/2020 18:00","BZN|BG","6177.00","6461.00"
"10/01/2020 18:00 - 10/01/2020 19:00","BZN|BG","6125.00","6336.00"
"10/01/2020 19:00 - 10/01/2020 20:00","BZN|BG","5882.00","6009.00"
"10/01/2020 20:00 - 10/01/2020 21:00","BZN|BG","5626.00","5718.00"
"10/01/2020 21:00 - 10/01/2020 22:00","BZN|BG","5385.00","5532.00"
"10/01/2020 22:00 - 10/01/2020 23:00","BZN|BG","5065.00","5206.00"
"10/01/2020 23:00 - 11/01/2020 00:00","BZN|BG","4731.00","4712.00"
"11/01/2020 00:00 - 11/01/2020 01:00","BZN|BG","4479.00","4493.00"
"11/01/2020 01:00 - 11/01/2020 02:00","BZN|BG","4353.00","4369.00"
"11/01/2020 02:00 - 11/01/2020 03:00","BZN|BG","4294.00","4334.00"
"11/01/2020 03:00 - 11/01/2020 04:00","BZN|BG","4310.00","4327.00"
"11/01/2020 04:00 - 11/01/2020 05:00","BZN|BG","4359.00","4412.00"
"11/01/2020 05:00 - 11/01/2020 06:00","BZN|BG","4542.00","4617.00"
"11/01/2020 06:00 - 11/01/2020 07:00","BZN|BG","4827.00","4964.00"
"11/01/2020 07:00 - 11/01/2020 08:00","BZN|BG","5299.00","5500.00"
"11/01/2020 08:00 - 11/01/2020 09:00","BZN|BG","5587.00","5795.00"
"11/01/2020 09:00 - 11/01/2020 10:00","BZN|BG","5515.00","5769.00"
"11/01/2020 10:00 - 11/01/2020 11:00","BZN|BG","5363.00","5594.00"
"11/01/2020 11:00 - 11/01/2020 12:00","BZN|BG","5300.00","5380.00"
"11/01/2020 12:00 - 11/01/2020 13:00","BZN|BG","5177.00","5190.00"
"11/01/2020 13:00 - 11/01/2020 14:00","BZN|BG","5099.00","5085.00"
"11/01/2020 14:00 - 11/01/2020 15:00","BZN|BG","5132.00","5139.00"
"11/01/2020 15:00 - 11/01/2020 16:00","BZN|BG","5350.00","5359.00"
"11/01/2020 16:00 - 11/01/2020 17:00","BZN|BG","5737.00","5788.00"
"11/01/2020 17:00 - 11/01/2020 18:00","BZN|BG","5883.00","5966.00"
"11/01/2020 18:00 - 11/01/2020 19:00","BZN|BG","5718.00","5806.00"
"11/01/2020 19:00 - 11/01/2020 20:00","BZN|BG","5422.00","5537.00"
"11/01/2020 20:00 - 11/01/2020 21:00","BZN|BG","5193.00","5247.00"
"11/01/2020 21:00 - 11/01/2020 22:00","BZN|BG","5033.00","5099.00"
"11/01/2020 22:00 - 11/01/2020 23:00","BZN|BG","4747.00","4772.00"
"11/01/2020 23:00 - 12/01/2020 00:00","BZN|BG","4491.00","4545.00"
"12/01/2020 00:00 - 12/01/2020 01:00","BZN|BG","4264.00","4363.00"
"12/01/2020 01:00 - 12/01/2020 02:00","BZN|BG","4121.00","4252.00"
"12/01/2020 02:00 - 12/01/2020 03:00","BZN|BG","4049.00","4201.00"
"12/01/2020 03:00 - 12/01/2020 04:00","BZN|BG","4024.00","4181.00"
"12/01/2020 04:00 - 12/01/2020 05:00","BZN|BG","4044.00","4213.00"
"12/01/2020 05:00 - 12/01/2020 06:00","BZN|BG","4176.00","4293.00"
"12/01/2020 06:00 - 12/01/2020 07:00","BZN|BG","4406.00","4450.00"
"12/01/2020 07:00 - 12/01/2020 08:00","BZN|BG","4834.00","4769.00"
"12/01/2020 08:00 - 12/01/2020 09:00","BZN|BG","5231.00","5091.00"
"12/01/2020 09:00 - 12/01/2020 10:00","BZN|BG","5456.00","5284.00"
"12/01/2020 10:00 - 12/01/2020 11:00","BZN|BG","5507.00","5366.00"
"12/01/2020 11:00 - 12/01/2020 12:00","BZN|BG","5542.00","5385.00"
"12/01/2020 12:00 - 12/01/2020 13:00","BZN|BG","5416.00","5100.00"
"12/01/2020 13:00 - 12/01/2020 14:00","BZN|BG","5265.00","4865.00"
"12/01/2020 14:00 - 12/01/2020 15:00","BZN|BG","5254.00","4817.00"
"12/01/2020 15:00 - 12/01/2020 16:00","BZN|BG","5431.00","4950.00"
"12/01/2020 16:00 - 12/01/2020 17:00","BZN|BG","5875.00","5500.00"
"12/01/2020 17:00 - 12/01/2020 18:00","BZN|BG","6092.00","5929.00"
"12/01/2020 18:00 - 12/01/2020 19:00","BZN|BG","5991.00","5812.00"
"12/01/2020 19:00 - 12/01/2020 20:00","BZN|BG","5741.00","5621.00"
"12/01/2020 20:00 - 12/01/2020 21:00","BZN|BG","5451.00","5336.00"
"12/01/2020 21:00 - 12/01/2020 22:00","BZN|BG","5177.00","5135.00"
"12/01/2020 22:00 - 12/01/2020 23:00","BZN|BG","4828.00","4799.00"
"12/01/2020 23:00 - 13/01/2020 00:00","BZN|BG","4495.00","4452.00"
"13/01/2020 00:00 - 13/01/2020 01:00","BZN|BG","4271.00","4206.00"
"13/01/2020 01:00 - 13/01/2020 02:00","BZN|BG","4155.00","4142.00"
"13/01/2020 02:00 - 13/01/2020 03:00","BZN|BG","4086.00","4101.00"
"13/01/2020 03:00 - 13/01/2020 04:00","BZN|BG","4135.00","4177.00"
"13/01/2020 04:00 - 13/01/2020 05:00","BZN|BG","4351.00","4364.00"
"13/01/2020 05:00 - 13/01/2020 06:00","BZN|BG","4921.00","4898.00"
"13/01/2020 06:00 - 13/01/2020 07:00","BZN|BG","5537.00","5478.00"
"13/01/2020 07:00 - 13/01/2020 08:00","BZN|BG","5983.00","5917.00"
"13/01/2020 08:00 - 13/01/2020 09:00","BZN|BG","6157.00","6081.00"
"13/01/2020 09:00 - 13/01/2020 10:00","BZN|BG","6000.00","5938.00"
"13/01/2020 10:00 - 13/01/2020 11:00","BZN|BG","5838.00","5925.00"
"13/01/2020 11:00 - 13/01/2020 12:00","BZN|BG","5660.00","5798.00"
"13/01/2020 12:00 - 13/01/2020 13:00","BZN|BG","5618.00","5806.00"
"13/01/2020 13:00 - 13/01/2020 14:00","BZN|BG","5491.00","5804.00"
"13/01/2020 14:00 - 13/01/2020 15:00","BZN|BG","5488.00","5839.00"
"13/01/2020 15:00 - 13/01/2020 16:00","BZN|BG","5588.00","5940.00"
"13/01/2020 16:00 - 13/01/2020 17:00","BZN|BG","5899.00","6097.00"
"13/01/2020 17:00 - 13/01/2020 18:00","BZN|BG","6215.00","6248.00"
"13/01/2020 18:00 - 13/01/2020 19:00","BZN|BG","6174.00","6194.00"
"13/01/2020 19:00 - 13/01/2020 20:00","BZN|BG","5935.00","5945.00"
"13/01/2020 20:00 - 13/01/2020 21:00","BZN|BG","5660.00","5664.00"
"13/01/2020 21:00 - 13/01/2020 22:00","BZN|BG","5391.00","5445.00"
"13/01/2020 22:00 - 13/01/2020 23:00","BZN|BG","5006.00","5020.00"
"13/01/2020 23:00 - 14/01/2020 00:00","BZN|BG","4664.00","4633.00"
"14/01/2020 00:00 - 14/01/2020 01:00","BZN|BG","4458.00","4397.00"
"14/01/2020 01:00 - 14/01/2020 02:00","BZN|BG","4339.00","4298.00"
"14/01/2020 02:00 - 14/01/2020 03:00","BZN|BG","4325.00","4269.00"
"14/01/2020 03:00 - 14/01/2020 04:00","BZN|BG","4386.00","4307.00"
"14/01/2020 04:00 - 14/01/2020 05:00","BZN|BG","4546.00","4494.00"
"14/01/2020 05:00 - 14/01/2020 06:00","BZN|BG","5066.00","5029.00"
"14/01/2020 06:00 - 14/01/2020 07:00","BZN|BG","5667.00","5649.00"
"14/01/2020 07:00 - 14/01/2020 08:00","BZN|BG","6063.00","6070.00"
"14/01/2020 08:00 - 14/01/2020 09:00","BZN|BG","6209.00","6165.00"
"14/01/2020 09:00 - 14/01/2020 10:00","BZN|BG","6041.00","6069.00"
"14/01/2020 10:00 - 14/01/2020 11:00","BZN|BG","5895.00","5977.00"
"14/01/2020 11:00 - 14/01/2020 12:00","BZN|BG","5729.00","5875.00"
"14/01/2020 12:00 - 14/01/2020 13:00","BZN|BG","5602.00","5833.00"
"14/01/2020 13:00 - 14/01/2020 14:00","BZN|BG","5463.00","5806.00"
"14/01/2020 14:00 - 14/01/2020 15:00","BZN|BG","5475.00","5835.00"
"14/01/2020 15:00 - 14/01/2020 16:00","BZN|BG","5584.00","5920.00"
"14/01/2020 16:00 - 14/01/2020 17:00","BZN|BG","5952.00","6127.00"
"14/01/2020 17:00 - 14/01/2020 18:00","BZN|BG","6291.00","6300.00"
"14/01/2020 18:00 - 14/01/2020 19:00","BZN|BG","6262.00","6259.00"
"14/01/2020 19:00 - 14/01/2020 20:00","BZN|BG","6062.00","5977.00"
"14/01/2020 20:00 - 14/01/2020 21:00","BZN|BG","5802.00","5707.00"
"14/01/2020 21:00 - 14/01/2020 22:00","BZN|BG","5613.00","5477.00"
"14/01/2020 22:00 - 14/01/2020 23:00","BZN|BG","5130.00","5066.00"
"14/01/2020 23:00 - 15/01/2020 00:00","BZN|BG","4758.00","4694.00"
"15/01/2020 00:00 - 15/01/2020 01:00","BZN|BG","4547.00","4453.00"
"15/01/2020 01:00 - 15/01/2020 02:00","BZN|BG","4430.00","4357.00"
"15/01/2020 02:00 - 15/01/2020 03:00","BZN|BG","4413.00","4325.00"
"15/01/2020 03:00 - 15/01/2020 04:00","BZN|BG","4480.00","4370.00"
"15/01/2020 04:00 - 15/01/2020 05:00","BZN|BG","4652.00","4576.00"
"15/01/2020 05:00 - 15/01/2020 06:00","BZN|BG","5189.00","5171.00"
"15/01/2020 06:00 - 15/01/2020 07:00","BZN|BG","5768.00","5832.00"
"15/01/2020 07:00 - 15/01/2020 08:00","BZN|BG","6133.00","6241.00"
"15/01/2020 08:00 - 15/01/2020 09:00","BZN|BG","6282.00","6311.00"
"15/01/2020 09:00 - 15/01/2020 10:00","BZN|BG","6120.00","6169.00"
"15/01/2020 10:00 - 15/01/2020 11:00","BZN|BG","5978.00","6038.00"
"15/01/2020 11:00 - 15/01/2020 12:00","BZN|BG","5845.00","5903.00"
"15/01/2020 12:00 - 15/01/2020 13:00","BZN|BG","5755.00","5851.00"
"15/01/2020 13:00 - 15/01/2020 14:00","BZN|BG","5636.00","5826.00"
"15/01/2020 14:00 - 15/01/2020 15:00","BZN|BG","5645.00","5858.00"
"15/01/2020 15:00 - 15/01/2020 16:00","BZN|BG","5723.00","5941.00"
"15/01/2020 16:00 - 15/01/2020 17:00","BZN|BG","6062.00","6145.00"
"15/01/2020 17:00 - 15/01/2020 18:00","BZN|BG","6407.00","6329.00"
"15/01/2020 18:00 - 15/01/2020 19:00","BZN|BG","6424.00","6299.00"
"15/01/2020 19:00 - 15/01/2020 20:00","BZN|BG","6164.00","6016.00"
"15/01/2020 20:00 - 15/01/2020 21:00","BZN|BG","5903.00","5743.00"
"15/01/2020 21:00 - 15/01/2020 22:00","BZN|BG","5600.00","5500.00"
"15/01/2020 22:00 - 15/01/2020 23:00","BZN|BG","5167.00","5081.00"
"15/01/2020 23:00 - 16/01/2020 00:00","BZN|BG","4820.00","4665.00"
"16/01/2020 00:00 - 16/01/2020 01:00","BZN|BG","4589.00","4426.00"
"16/01/2020 01:00 - 16/01/2020 02:00","BZN|BG","4485.00","4331.00"
"16/01/2020 02:00 - 16/01/2020 03:00","BZN|BG","4449.00","4298.00"
"16/01/2020 03:00 - 16/01/2020 04:00","BZN|BG","4511.00","4343.00"
"16/01/2020 04:00 - 16/01/2020 05:00","BZN|BG","4671.00","4549.00"
"16/01/2020 05:00 - 16/01/2020 06:00","BZN|BG","5183.00","5143.00"
"16/01/2020 06:00 - 16/01/2020 07:00","BZN|BG","5782.00","5803.00"
"16/01/2020 07:00 - 16/01/2020 08:00","BZN|BG","6153.00","6212.00"
"16/01/2020 08:00 - 16/01/2020 09:00","BZN|BG","6320.00","6282.00"
"16/01/2020 09:00 - 16/01/2020 10:00","BZN|BG","6220.00","6139.00"
"16/01/2020 10:00 - 16/01/2020 11:00","BZN|BG","6149.00","6009.00"
"16/01/2020 11:00 - 16/01/2020 12:00","BZN|BG","6036.00","5874.00"
"16/01/2020 12:00 - 16/01/2020 13:00","BZN|BG","5979.00","5821.00"
"16/01/2020 13:00 - 16/01/2020 14:00","BZN|BG","5876.00","5796.00"
"16/01/2020 14:00 - 16/01/2020 15:00","BZN|BG","5841.00","5828.00"
"16/01/2020 15:00 - 16/01/2020 16:00","BZN|BG","5887.00","5911.00"
"16/01/2020 16:00 - 16/01/2020 17:00","BZN|BG","6143.00","6114.00"
"16/01/2020 17:00 - 16/01/2020 18:00","BZN|BG","6476.00","6297.00"
"16/01/2020 18:00 - 16/01/2020 19:00","BZN|BG","6470.00","6267.00"
"16/01/2020 19:00 - 16/01/2020 20:00","BZN|BG","6205.00","5983.00"
"16/01/2020 20:00 - 16/01/2020 21:00","BZN|BG","5916.00","5711.00"
"16/01/2020 21:00 - 16/01/2020 22:00","BZN|BG","5623.00","5468.00"
"16/01/2020 22:00 - 16/01/2020 23:00","BZN|BG","5204.00","5049.00"
"16/01/2020 23:00 - 17/01/2020 00:00","BZN|BG","4858.00","4669.00"
"17/01/2020 00:00 - 17/01/2020 01:00","BZN|BG","4616.00","4509.00"
"17/01/2020 01:00 - 17/01/2020 02:00","BZN|BG","4494.00","4439.00"
"17/01/2020 02:00 - 17/01/2020 03:00","BZN|BG","4472.00","4420.00"
"17/01/2020 03:00 - 17/01/2020 04:00","BZN|BG","4517.00","4469.00"
"17/01/2020 04:00 - 17/01/2020 05:00","BZN|BG","4694.00","4652.00"
"17/01/2020 05:00 - 17/01/2020 06:00","BZN|BG","5208.00","5183.00"
"17/01/2020 06:00 - 17/01/2020 07:00","BZN|BG","5759.00","5779.00"
"17/01/2020 07:00 - 17/01/2020 08:00","BZN|BG","6148.00","6140.00"
"17/01/2020 08:00 - 17/01/2020 09:00","BZN|BG","6349.00","6223.00"
"17/01/2020 09:00 - 17/01/2020 10:00","BZN|BG","6252.00","6046.00"
"17/01/2020 10:00 - 17/01/2020 11:00","BZN|BG","6174.00","5882.00"
"17/01/2020 11:00 - 17/01/2020 12:00","BZN|BG","6086.00","5715.00"
"17/01/2020 12:00 - 17/01/2020 13:00","BZN|BG","6007.00","5639.00"
"17/01/2020 13:00 - 17/01/2020 14:00","BZN|BG","5902.00","5592.00"
"17/01/2020 14:00 - 17/01/2020 15:00","BZN|BG","5900.00","5641.00"
"17/01/2020 15:00 - 17/01/2020 16:00","BZN|BG","5955.00","5763.00"
"17/01/2020 16:00 - 17/01/2020 17:00","BZN|BG","6196.00","6084.00"
"17/01/2020 17:00 - 17/01/2020 18:00","BZN|BG","6451.00","6383.00"
"17/01/2020 18:00 - 17/01/2020 19:00","BZN|BG","6355.00","6363.00"
"17/01/2020 19:00 - 17/01/2020 20:00","BZN|BG","6056.00","6087.00"
"17/01/2020 20:00 - 17/01/2020 21:00","BZN|BG","5813.00","5810.00"
"17/01/2020 21:00 - 17/01/2020 22:00","BZN|BG","5613.00","5539.00"
"17/01/2020 22:00 - 17/01/2020 23:00","BZN|BG","5245.00","5110.00"
"17/01/2020 23:00 - 18/01/2020 00:00","BZN|BG","4903.00","4814.00"
"18/01/2020 00:00 - 18/01/2020 01:00","BZN|BG","4648.00","4572.00"
"18/01/2020 01:00 - 18/01/2020 02:00","BZN|BG","4476.00","4445.00"
"18/01/2020 02:00 - 18/01/2020 03:00","BZN|BG","4425.00","4386.00"
"18/01/2020 03:00 - 18/01/2020 04:00","BZN|BG","4428.00","4394.00"
"18/01/2020 04:00 - 18/01/2020 05:00","BZN|BG","4469.00","4483.00"
"18/01/2020 05:00 - 18/01/2020 06:00","BZN|BG","4630.00","4695.00"
"18/01/2020 06:00 - 18/01/2020 07:00","BZN|BG","4940.00","5040.00"
"18/01/2020 07:00 - 18/01/2020 08:00","BZN|BG","5414.00","5576.00"
"18/01/2020 08:00 - 18/01/2020 09:00","BZN|BG","5818.00","5869.00"
"18/01/2020 09:00 - 18/01/2020 10:00","BZN|BG","5901.00","5797.00"
"18/01/2020 10:00 - 18/01/2020 11:00","BZN|BG","5866.00","5637.00"
"18/01/2020 11:00 - 18/01/2020 12:00","BZN|BG","5808.00","5573.00"
"18/01/2020 12:00 - 18/01/2020 13:00","BZN|BG","5660.00","5484.00"
"18/01/2020 13:00 - 18/01/2020 14:00","BZN|BG","5523.00","5451.00"
"18/01/2020 14:00 - 18/01/2020 15:00","BZN|BG","5478.00","5481.00"
"18/01/2020 15:00 - 18/01/2020 16:00","BZN|BG","5630.00","5671.00"
"18/01/2020 16:00 - 18/01/2020 17:00","BZN|BG","5960.00","6012.00"
"18/01/2020 17:00 - 18/01/2020 18:00","BZN|BG","6130.00","6139.00"
"18/01/2020 18:00 - 18/01/2020 19:00","BZN|BG","6015.00","5988.00"
"18/01/2020 19:00 - 18/01/2020 20:00","BZN|BG","5760.00","5718.00"
"18/01/2020 20:00 - 18/01/2020 21:00","BZN|BG","5455.00","5511.00"
"18/01/2020 21:00 - 18/01/2020 22:00","BZN|BG","5285.00","5374.00"
"18/01/2020 22:00 - 18/01/2020 23:00","BZN|BG","4986.00","5124.00"
"18/01/2020 23:00 - 19/01/2020 00:00","BZN|BG","4694.00","4750.00"
"19/01/2020 00:00 - 19/01/2020 01:00","BZN|BG","4481.00","4530.00"
"19/01/2020 01:00 - 19/01/2020 02:00","BZN|BG","4321.00","4404.00"
"19/01/2020 02:00 - 19/01/2020 03:00","BZN|BG","4269.00","4327.00"
"19/01/2020 03:00 - 19/01/2020 04:00","BZN|BG","4238.00","4293.00"
"19/01/2020 04:00 - 19/01/2020 05:00","BZN|BG","4305.00","4317.00"
"19/01/2020 05:00 - 19/01/2020 06:00","BZN|BG","4412.00","4438.00"
"19/01/2020 06:00 - 19/01/2020 07:00","BZN|BG","4613.00","4669.00"
"19/01/2020 07:00 - 19/01/2020 08:00","BZN|BG","5083.00","5074.00"
"19/01/2020 08:00 - 19/01/2020 09:00","BZN|BG","5526.00","5453.00"
"19/01/2020 09:00 - 19/01/2020 10:00","BZN|BG","5694.00","5647.00"
"19/01/2020 10:00 - 19/01/2020 11:00","BZN|BG","5770.00","5687.00"
"19/01/2020 11:00 - 19/01/2020 12:00","BZN|BG","5822.00","5707.00"
"19/01/2020 12:00 - 19/01/2020 13:00","BZN|BG","5728.00","5565.00"
"19/01/2020 13:00 - 19/01/2020 14:00","BZN|BG","5611.00","5391.00"
"19/01/2020 14:00 - 19/01/2020 15:00","BZN|BG","5628.00","5382.00"
"19/01/2020 15:00 - 19/01/2020 16:00","BZN|BG","5802.00","5581.00"
"19/01/2020 16:00 - 19/01/2020 17:00","BZN|BG","6169.00","6040.00"
"19/01/2020 17:00 - 19/01/2020 18:00","BZN|BG","6395.00","6268.00"
"19/01/2020 18:00 - 19/01/2020 19:00","BZN|BG","6267.00","6171.00"
"19/01/2020 19:00 - 19/01/2020 20:00","BZN|BG","6030.00","5931.00"
"19/01/2020 20:00 - 19/01/2020 21:00","BZN|BG","5691.00","5651.00"
"19/01/2020 21:00 - 19/01/2020 22:00","BZN|BG","5394.00","5378.00"
"19/01/2020 22:00 - 19/01/2020 23:00","BZN|BG","5036.00","5029.00"
"19/01/2020 23:00 - 20/01/2020 00:00","BZN|BG","4687.00","4752.00"
"20/01/2020 00:00 - 20/01/2020 01:00","BZN|BG","4456.00","4505.00"
"20/01/2020 01:00 - 20/01/2020 02:00","BZN|BG","4342.00","4396.00"
"20/01/2020 02:00 - 20/01/2020 03:00","BZN|BG","4303.00","4316.00"
"20/01/2020 03:00 - 20/01/2020 04:00","BZN|BG","4363.00","4360.00"
"20/01/2020 04:00 - 20/01/2020 05:00","BZN|BG","4554.00","4560.00"
"20/01/2020 05:00 - 20/01/2020 06:00","BZN|BG","5100.00","5075.00"
"20/01/2020 06:00 - 20/01/2020 07:00","BZN|BG","5689.00","5636.00"
"20/01/2020 07:00 - 20/01/2020 08:00","BZN|BG","6115.00","6037.00"
"20/01/2020 08:00 - 20/01/2020 09:00","BZN|BG","6357.00","6175.00"
"20/01/2020 09:00 - 20/01/2020 10:00","BZN|BG","6269.00","6059.00"
"20/01/2020 10:00 - 20/01/2020 11:00","BZN|BG","6157.00","5949.00"
"20/01/2020 11:00 - 20/01/2020 12:00","BZN|BG","6050.00","5836.00"
"20/01/2020 12:00 - 20/01/2020 13:00","BZN|BG","6023.00","5818.00"
"20/01/2020 13:00 - 20/01/2020 14:00","BZN|BG","5937.00","5774.00"
"20/01/2020 14:00 - 20/01/2020 15:00","BZN|BG","5943.00","5790.00"
"20/01/2020 15:00 - 20/01/2020 16:00","BZN|BG","5988.00","5889.00"
"20/01/2020 16:00 - 20/01/2020 17:00","BZN|BG","6167.00","6160.00"
"20/01/2020 17:00 - 20/01/2020 18:00","BZN|BG","6514.00","6454.00"
"20/01/2020 18:00 - 20/01/2020 19:00","BZN|BG","6507.00","6408.00"
"20/01/2020 19:00 - 20/01/2020 20:00","BZN|BG","6245.00","6134.00"
"20/01/2020 20:00 - 20/01/2020 21:00","BZN|BG","5996.00","5847.00"
"20/01/2020 21:00 - 20/01/2020 22:00","BZN|BG","5746.00","5544.00"
"20/01/2020 22:00 - 20/01/2020 23:00","BZN|BG","5289.00","5134.00"
"20/01/2020 23:00 - 21/01/2020 00:00","BZN|BG","4934.00","4923.00"
"21/01/2020 00:00 - 21/01/2020 01:00","BZN|BG","4700.00","4634.00"
"21/01/2020 01:00 - 21/01/2020 02:00","BZN|BG","4600.00","4505.00"
"21/01/2020 02:00 - 21/01/2020 03:00","BZN|BG","4560.00","4476.00"
"21/01/2020 03:00 - 21/01/2020 04:00","BZN|BG","4618.00","4525.00"
"21/01/2020 04:00 - 21/01/2020 05:00","BZN|BG","4776.00","4693.00"
"21/01/2020 05:00 - 21/01/2020 06:00","BZN|BG","5340.00","5199.00"
"21/01/2020 06:00 - 21/01/2020 07:00","BZN|BG","5929.00","5760.00"
"21/01/2020 07:00 - 21/01/2020 08:00","BZN|BG","6344.00","6095.00"
"21/01/2020 08:00 - 21/01/2020 09:00","BZN|BG","6419.00","6205.00"
"21/01/2020 09:00 - 21/01/2020 10:00","BZN|BG","6257.00","6096.00"
"21/01/2020 10:00 - 21/01/2020 11:00","BZN|BG","6108.00","5998.00"
"21/01/2020 11:00 - 21/01/2020 12:00","BZN|BG","5939.00","5897.00"
"21/01/2020 12:00 - 21/01/2020 13:00","BZN|BG","5829.00","5847.00"
"21/01/2020 13:00 - 21/01/2020 14:00","BZN|BG","5728.00","5806.00"
"21/01/2020 14:00 - 21/01/2020 15:00","BZN|BG","5730.00","5834.00"
"21/01/2020 15:00 - 21/01/2020 16:00","BZN|BG","5810.00","5934.00"
"21/01/2020 16:00 - 21/01/2020 17:00","BZN|BG","6149.00","6208.00"
"21/01/2020 17:00 - 21/01/2020 18:00","BZN|BG","6566.00","6488.00"
"21/01/2020 18:00 - 21/01/2020 19:00","BZN|BG","6545.00","6454.00"
"21/01/2020 19:00 - 21/01/2020 20:00","BZN|BG","6327.00","6163.00"
"21/01/2020 20:00 - 21/01/2020 21:00","BZN|BG","6090.00","5876.00"
"21/01/2020 21:00 - 21/01/2020 22:00","BZN|BG","5800.00","5593.00"
"21/01/2020 22:00 - 21/01/2020 23:00","BZN|BG","5395.00","5168.00"
"21/01/2020 23:00 - 22/01/2020 00:00","BZN|BG","5032.00","4938.00"
"22/01/2020 00:00 - 22/01/2020 01:00","BZN|BG","4779.00","4699.00"
"22/01/2020 01:00 - 22/01/2020 02:00","BZN|BG","4658.00","4577.00"
"22/01/2020 02:00 - 22/01/2020 03:00","BZN|BG","4626.00","4558.00"
"22/01/2020 03:00 - 22/01/2020 04:00","BZN|BG","4683.00","4609.00"
"22/01/2020 04:00 - 22/01/2020 05:00","BZN|BG","4868.00","4778.00"
"22/01/2020 05:00 - 22/01/2020 06:00","BZN|BG","5397.00","5273.00"
"22/01/2020 06:00 - 22/01/2020 07:00","BZN|BG","5992.00","5827.00"
"22/01/2020 07:00 - 22/01/2020 08:00","BZN|BG","6361.00","6164.00"
"22/01/2020 08:00 - 22/01/2020 09:00","BZN|BG","6397.00","6303.00"
"22/01/2020 09:00 - 22/01/2020 10:00","BZN|BG","6164.00","6171.00"
"22/01/2020 10:00 - 22/01/2020 11:00","BZN|BG","5958.00","6056.00"
"22/01/2020 11:00 - 22/01/2020 12:00","BZN|BG","5762.00","5935.00"
"22/01/2020 12:00 - 22/01/2020 13:00","BZN|BG","5623.00","5860.00"
"22/01/2020 13:00 - 22/01/2020 14:00","BZN|BG","5524.00","5780.00"
"22/01/2020 14:00 - 22/01/2020 15:00","BZN|BG","5514.00","5809.00"
"22/01/2020 15:00 - 22/01/2020 16:00","BZN|BG","5606.00","5905.00"
"22/01/2020 16:00 - 22/01/2020 17:00","BZN|BG","5963.00","6214.00"
"22/01/2020 17:00 - 22/01/2020 18:00","BZN|BG","6387.00","6541.00"
"22/01/2020 18:00 - 22/01/2020 19:00","BZN|BG","6425.00","6529.00"
"22/01/2020 19:00 - 22/01/2020 20:00","BZN|BG","6185.00","6225.00"
"22/01/2020 20:00 - 22/01/2020 21:00","BZN|BG","5912.00","5940.00"
"22/01/2020 21:00 - 22/01/2020 22:00","BZN|BG","5627.00","5648.00"
"22/01/2020 22:00 - 22/01/2020 23:00","BZN|BG","5197.00","5219.00"
"22/01/2020 23:00 - 23/01/2020 00:00","BZN|BG","4827.00","4955.00"
"23/01/2020 00:00 - 23/01/2020 01:00","BZN|BG","4591.00","4731.00"
"23/01/2020 01:00 - 23/01/2020 02:00","BZN|BG","4424.00","4625.00"
"23/01/2020 02:00 - 23/01/2020 03:00","BZN|BG","4379.00","4603.00"
"23/01/2020 03:00 - 23/01/2020 04:00","BZN|BG","4435.00","4654.00"
"23/01/2020 04:00 - 23/01/2020 05:00","BZN|BG","4647.00","4824.00"
"23/01/2020 05:00 - 23/01/2020 06:00","BZN|BG","5120.00","5332.00"
"23/01/2020 06:00 - 23/01/2020 07:00","BZN|BG","5689.00","5895.00"
"23/01/2020 07:00 - 23/01/2020 08:00","BZN|BG","6100.00","6240.00"
"23/01/2020 08:00 - 23/01/2020 09:00","BZN|BG","6190.00","6360.00"
"23/01/2020 09:00 - 23/01/2020 10:00","BZN|BG","6050.00","6182.00"
"23/01/2020 10:00 - 23/01/2020 11:00","BZN|BG","5925.00","6022.00"
"23/01/2020 11:00 - 23/01/2020 12:00","BZN|BG","5738.00","5859.00"
"23/01/2020 12:00 - 23/01/2020 13:00","BZN|BG","5628.00","5756.00"
"23/01/2020 13:00 - 23/01/2020 14:00","BZN|BG","5534.00","5658.00"
"23/01/2020 14:00 - 23/01/2020 15:00","BZN|BG","5563.00","5702.00"
"23/01/2020 15:00 - 23/01/2020 16:00","BZN|BG","5644.00","5814.00"
"23/01/2020 16:00 - 23/01/2020 17:00","BZN|BG","5957.00","6188.00"
"23/01/2020 17:00 - 23/01/2020 18:00","BZN|BG","6434.00","6595.00"
"23/01/2020 18:00 - 23/01/2020 19:00","BZN|BG","6451.00","6566.00"
"23/01/2020 19:00 - 23/01/2020 20:00","BZN|BG","6207.00","6305.00"
"23/01/2020 20:00 - 23/01/2020 21:00","BZN|BG","5947.00","6042.00"
"23/01/2020 21:00 - 23/01/2020 22:00","BZN|BG","5693.00","5766.00"
"23/01/2020 22:00 - 23/01/2020 23:00","BZN|BG","5306.00","5364.00"
"23/01/2020 23:00 - 24/01/2020 00:00","BZN|BG","4902.00","4885.00"
"24/01/2020 00:00 - 24/01/2020 01:00","BZN|BG","4674.00","4589.00"
"24/01/2020 01:00 - 24/01/2020 02:00","BZN|BG","4577.00","4450.00"
"24/01/2020 02:00 - 24/01/2020 03:00","BZN|BG","4544.00","4421.00"
"24/01/2020 03:00 - 24/01/2020 04:00","BZN|BG","4611.00","4473.00"
"24/01/2020 04:00 - 24/01/2020 05:00","BZN|BG","4790.00","4648.00"
"24/01/2020 05:00 - 24/01/2020 06:00","BZN|BG","5354.00","5159.00"
"24/01/2020 06:00 - 24/01/2020 07:00","BZN|BG","5944.00","5729.00"
"24/01/2020 07:00 - 24/01/2020 08:00","BZN|BG","6329.00","6074.00"
"24/01/2020 08:00 - 24/01/2020 09:00","BZN|BG","6372.00","6174.00"
"24/01/2020 09:00 - 24/01/2020 10:00","BZN|BG","6139.00","5983.00"
"24/01/2020 10:00 - 24/01/2020 11:00","BZN|BG","5931.00","5819.00"
"24/01/2020 11:00 - 24/01/2020 12:00","BZN|BG","5731.00","5656.00"
"24/01/2020 12:00 - 24/01/2020 13:00","BZN|BG","5605.00","5553.00"
"24/01/2020 13:00 - 24/01/2020 14:00","BZN|BG","5501.00","5462.00"
"24/01/2020 14:00 - 24/01/2020 15:00","BZN|BG","5486.00","5505.00"
"24/01/2020 15:00 - 24/01/2020 16:00","BZN|BG","5586.00","5624.00"
"24/01/2020 16:00 - 24/01/2020 17:00","BZN|BG","5899.00","6004.00"
"24/01/2020 17:00 - 24/01/2020 18:00","BZN|BG","6348.00","6340.00"
"24/01/2020 18:00 - 24/01/2020 19:00","BZN|BG","6333.00","6350.00"
"24/01/2020 19:00 - 24/01/2020 20:00","BZN|BG","6061.00","6155.00"
"24/01/2020 20:00 - 24/01/2020 21:00","BZN|BG","5801.00","5890.00"
"24/01/2020 21:00 - 24/01/2020 22:00","BZN|BG","5581.00","5613.00"
"24/01/2020 22:00 - 24/01/2020 23:00","BZN|BG","5215.00","5210.00"
"24/01/2020 23:00 - 25/01/2020 00:00","BZN|BG","4902.00","4769.00"
"25/01/2020 00:00 - 25/01/2020 01:00","BZN|BG","4698.00","4562.00"
"25/01/2020 01:00 - 25/01/2020 02:00","BZN|BG","4555.00","4428.00"
"25/01/2020 02:00 - 25/01/2020 03:00","BZN|BG","4485.00","4390.00"
"25/01/2020 03:00 - 25/01/2020 04:00","BZN|BG","4490.00","4392.00"
"25/01/2020 04:00 - 25/01/2020 05:00","BZN|BG","4598.00","4430.00"
"25/01/2020 05:00 - 25/01/2020 06:00","BZN|BG","4777.00","4608.00"
"25/01/2020 06:00 - 25/01/2020 07:00","BZN|BG","5098.00","4909.00"
"25/01/2020 07:00 - 25/01/2020 08:00","BZN|BG","5631.00","5390.00"
"25/01/2020 08:00 - 25/01/2020 09:00","BZN|BG","5852.00","5777.00"
"25/01/2020 09:00 - 25/01/2020 10:00","BZN|BG","5716.00","5853.00"
"25/01/2020 10:00 - 25/01/2020 11:00","BZN|BG","5500.00","5767.00"
"25/01/2020 11:00 - 25/01/2020 12:00","BZN|BG","5331.00","5626.00"
"25/01/2020 12:00 - 25/01/2020 13:00","BZN|BG","5116.00","5363.00"
"25/01/2020 13:00 - 25/01/2020 14:00","BZN|BG","4935.00","5113.00"
"25/01/2020 14:00 - 25/01/2020 15:00","BZN|BG","4887.00","5052.00"
"25/01/2020 15:00 - 25/01/2020 16:00","BZN|BG","5029.00","5292.00"
"25/01/2020 16:00 - 25/01/2020 17:00","BZN|BG","5487.00","5762.00"
"25/01/2020 17:00 - 25/01/2020 18:00","BZN|BG","5896.00","5987.00"
"25/01/2020 18:00 - 25/01/2020 19:00","BZN|BG","5797.00","6003.00"
"25/01/2020 19:00 - 25/01/2020 20:00","BZN|BG","5561.00","5639.00"
"25/01/2020 20:00 - 25/01/2020 21:00","BZN|BG","5295.00","5347.00"
"25/01/2020 21:00 - 25/01/2020 22:00","BZN|BG","5113.00","5187.00"
"25/01/2020 22:00 - 25/01/2020 23:00","BZN|BG","4838.00","4906.00"
"25/01/2020 23:00 - 26/01/2020 00:00","BZN|BG","4568.00","4561.00"
"26/01/2020 00:00 - 26/01/2020 01:00","BZN|BG","4321.00","4381.00"
"26/01/2020 01:00 - 26/01/2020 02:00","BZN|BG","4217.00","4259.00"
"26/01/2020 02:00 - 26/01/2020 03:00","BZN|BG","4167.00","4210.00"
"26/01/2020 03:00 - 26/01/2020 04:00","BZN|BG","4168.00","4184.00"
"26/01/2020 04:00 - 26/01/2020 05:00","BZN|BG","4224.00","4250.00"
"26/01/2020 05:00 - 26/01/2020 06:00","BZN|BG","4342.00","4351.00"
"26/01/2020 06:00 - 26/01/2020 07:00","BZN|BG","4585.00","4532.00"
"26/01/2020 07:00 - 26/01/2020 08:00","BZN|BG","5069.00","4951.00"
"26/01/2020 08:00 - 26/01/2020 09:00","BZN|BG","5361.00","5345.00"
"26/01/2020 09:00 - 26/01/2020 10:00","BZN|BG","5353.00","5491.00"
"26/01/2020 10:00 - 26/01/2020 11:00","BZN|BG","5181.00","5561.00"
"26/01/2020 11:00 - 26/01/2020 12:00","BZN|BG","5048.00","5605.00"
"26/01/2020 12:00 - 26/01/2020 13:00","BZN|BG","4880.00","5286.00"
"26/01/2020 13:00 - 26/01/2020 14:00","BZN|BG","4716.00","4875.00"
"26/01/2020 14:00 - 26/01/2020 15:00","BZN|BG","4725.00","4908.00"
"26/01/2020 15:00 - 26/01/2020 16:00","BZN|BG","4928.00","5200.00"
"26/01/2020 16:00 - 26/01/2020 17:00","BZN|BG","5487.00","5766.00"
"26/01/2020 17:00 - 26/01/2020 18:00","BZN|BG","5917.00","6099.00"
"26/01/2020 18:00 - 26/01/2020 19:00","BZN|BG","5826.00","6125.00"
"26/01/2020 19:00 - 26/01/2020 20:00","BZN|BG","5591.00","5752.00"
"26/01/2020 20:00 - 26/01/2020 21:00","BZN|BG","5284.00","5434.00"
"26/01/2020 21:00 - 26/01/2020 22:00","BZN|BG","5039.00","5142.00"
"26/01/2020 22:00 - 26/01/2020 23:00","BZN|BG","4676.00","4792.00"
"26/01/2020 23:00 - 27/01/2020 00:00","BZN|BG","4322.00","4514.00"
"27/01/2020 00:00 - 27/01/2020 01:00","BZN|BG","4093.00","4394.00"
"27/01/2020 01:00 - 27/01/2020 02:00","BZN|BG","4004.00","4343.00"
"27/01/2020 02:00 - 27/01/2020 03:00","BZN|BG","3959.00","4327.00"
"27/01/2020 03:00 - 27/01/2020 04:00","BZN|BG","4021.00","4374.00"
"27/01/2020 04:00 - 27/01/2020 05:00","BZN|BG","4205.00","4532.00"
"27/01/2020 05:00 - 27/01/2020 06:00","BZN|BG","4702.00","4973.00"
"27/01/2020 06:00 - 27/01/2020 07:00","BZN|BG","5256.00","5436.00"
"27/01/2020 07:00 - 27/01/2020 08:00","BZN|BG","5763.00","5776.00"
"27/01/2020 08:00 - 27/01/2020 09:00","BZN|BG","5929.00","5956.00"
"27/01/2020 09:00 - 27/01/2020 10:00","BZN|BG","5824.00","5736.00"
"27/01/2020 10:00 - 27/01/2020 11:00","BZN|BG","5717.00","5486.00"
"27/01/2020 11:00 - 27/01/2020 12:00","BZN|BG","5576.00","5191.00"
"27/01/2020 12:00 - 27/01/2020 13:00","BZN|BG","5542.00","5099.00"
"27/01/2020 13:00 - 27/01/2020 14:00","BZN|BG","5469.00","4968.00"
"27/01/2020 14:00 - 27/01/2020 15:00","BZN|BG","5522.00","5024.00"
"27/01/2020 15:00 - 27/01/2020 16:00","BZN|BG","5572.00","5139.00"
"27/01/2020 16:00 - 27/01/2020 17:00","BZN|BG","5737.00","5388.00"
"27/01/2020 17:00 - 27/01/2020 18:00","BZN|BG","5990.00","5850.00"
"27/01/2020 18:00 - 27/01/2020 19:00","BZN|BG","5918.00","5839.00"
"27/01/2020 19:00 - 27/01/2020 20:00","BZN|BG","5622.00","5589.00"
"27/01/2020 20:00 - 27/01/2020 21:00","BZN|BG","5368.00","5311.00"
"27/01/2020 21:00 - 27/01/2020 22:00","BZN|BG","5141.00","5051.00"
"27/01/2020 22:00 - 27/01/2020 23:00","BZN|BG","4751.00","4602.00"
"27/01/2020 23:00 - 28/01/2020 00:00","BZN|BG","4422.00","4459.00"
"28/01/2020 00:00 - 28/01/2020 01:00","BZN|BG","4195.00","4330.00"
"28/01/2020 01:00 - 28/01/2020 02:00","BZN|BG","4090.00","4270.00"
"28/01/2020 02:00 - 28/01/2020 03:00","BZN|BG","4069.00","4253.00"
"28/01/2020 03:00 - 28/01/2020 04:00","BZN|BG","4107.00","4302.00"
"28/01/2020 04:00 - 28/01/2020 05:00","BZN|BG","4255.00","4463.00"
"28/01/2020 05:00 - 28/01/2020 06:00","BZN|BG","4710.00","4910.00"
"28/01/2020 06:00 - 28/01/2020 07:00","BZN|BG","5236.00","5401.00"
"28/01/2020 07:00 - 28/01/2020 08:00","BZN|BG","5633.00","5713.00"
"28/01/2020 08:00 - 28/01/2020 09:00","BZN|BG","5693.00","5752.00"
"28/01/2020 09:00 - 28/01/2020 10:00","BZN|BG","5526.00","5512.00"
"28/01/2020 10:00 - 28/01/2020 11:00","BZN|BG","5372.00","5327.00"
"28/01/2020 11:00 - 28/01/2020 12:00","BZN|BG","5196.00","5125.00"
"28/01/2020 12:00 - 28/01/2020 13:00","BZN|BG","5112.00","4996.00"
"28/01/2020 13:00 - 28/01/2020 14:00","BZN|BG","4974.00","4911.00"
"28/01/2020 14:00 - 28/01/2020 15:00","BZN|BG","4966.00","4964.00"
"28/01/2020 15:00 - 28/01/2020 16:00","BZN|BG","5040.00","5091.00"
"28/01/2020 16:00 - 28/01/2020 17:00","BZN|BG","5297.00","5460.00"
"28/01/2020 17:00 - 28/01/2020 18:00","BZN|BG","5749.00","5918.00"
"28/01/2020 18:00 - 28/01/2020 19:00","BZN|BG","5746.00","5894.00"
"28/01/2020 19:00 - 28/01/2020 20:00","BZN|BG","5505.00","5628.00"
"28/01/2020 20:00 - 28/01/2020 21:00","BZN|BG","5255.00","5359.00"
"28/01/2020 21:00 - 28/01/2020 22:00","BZN|BG","5036.00","5103.00"
"28/01/2020 22:00 - 28/01/2020 23:00","BZN|BG","4663.00","4705.00"
"28/01/2020 23:00 - 29/01/2020 00:00","BZN|BG","4310.00","4450.00"
"29/01/2020 00:00 - 29/01/2020 01:00","BZN|BG","4089.00","4322.00"
"29/01/2020 01:00 - 29/01/2020 02:00","BZN|BG","3989.00","4262.00"
"29/01/2020 02:00 - 29/01/2020 03:00","BZN|BG","3969.00","4245.00"
"29/01/2020 03:00 - 29/01/2020 04:00","BZN|BG","4013.00","4294.00"
"29/01/2020 04:00 - 29/01/2020 05:00","BZN|BG","4152.00","4455.00"
"29/01/2020 05:00 - 29/01/2020 06:00","BZN|BG","4557.00","4901.00"
"29/01/2020 06:00 - 29/01/2020 07:00","BZN|BG","5014.00","5393.00"
"29/01/2020 07:00 - 29/01/2020 08:00","BZN|BG","5460.00","5705.00"
"29/01/2020 08:00 - 29/01/2020 09:00","BZN|BG","5710.00","5743.00"
"29/01/2020 09:00 - 29/01/2020 10:00","BZN|BG","5670.00","5504.00"
"29/01/2020 10:00 - 29/01/2020 11:00","BZN|BG","5644.00","5318.00"
"29/01/2020 11:00 - 29/01/2020 12:00","BZN|BG","5502.00","5117.00"
"29/01/2020 12:00 - 29/01/2020 13:00","BZN|BG","5409.00","4987.00"
"29/01/2020 13:00 - 29/01/2020 14:00","BZN|BG","5297.00","4902.00"
"29/01/2020 14:00 - 29/01/2020 15:00","BZN|BG","5257.00","4955.00"
"29/01/2020 15:00 - 29/01/2020 16:00","BZN|BG","5340.00","5082.00"
"29/01/2020 16:00 - 29/01/2020 17:00","BZN|BG","5537.00","5451.00"
"29/01/2020 17:00 - 29/01/2020 18:00","BZN|BG","5890.00","5908.00"
"29/01/2020 18:00 - 29/01/2020 19:00","BZN|BG","5848.00","5884.00"
"29/01/2020 19:00 - 29/01/2020 20:00","BZN|BG","5607.00","5619.00"
"29/01/2020 20:00 - 29/01/2020 21:00","BZN|BG","5366.00","5350.00"
"29/01/2020 21:00 - 29/01/2020 22:00","BZN|BG","5210.00","5094.00"
"29/01/2020 22:00 - 29/01/2020 23:00","BZN|BG","4850.00","4695.00"
"29/01/2020 23:00 - 30/01/2020 00:00","BZN|BG","4463.00","4382.00"
"30/01/2020 00:00 - 30/01/2020 01:00","BZN|BG","4228.00","4171.00"
"30/01/2020 01:00 - 30/01/2020 02:00","BZN|BG","4104.00","4075.00"
"30/01/2020 02:00 - 30/01/2020 03:00","BZN|BG","4060.00","4045.00"
"30/01/2020 03:00 - 30/01/2020 04:00","BZN|BG","4060.00","4101.00"
"30/01/2020 04:00 - 30/01/2020 05:00","BZN|BG","4232.00","4283.00"
"30/01/2020 05:00 - 30/01/2020 06:00","BZN|BG","4707.00","4784.00"
"30/01/2020 06:00 - 30/01/2020 07:00","BZN|BG","5169.00","5347.00"
"30/01/2020 07:00 - 30/01/2020 08:00","BZN|BG","5591.00","5702.00"
"30/01/2020 08:00 - 30/01/2020 09:00","BZN|BG","5673.00","5715.00"
"30/01/2020 09:00 - 30/01/2020 10:00","BZN|BG","5595.00","5514.00"
"30/01/2020 10:00 - 30/01/2020 11:00","BZN|BG","5546.00","5356.00"
"30/01/2020 11:00 - 30/01/2020 12:00","BZN|BG","5474.00","5184.00"
"30/01/2020 12:00 - 30/01/2020 13:00","BZN|BG","5411.00","5083.00"
"30/01/2020 13:00 - 30/01/2020 14:00","BZN|BG","5301.00","5017.00"
"30/01/2020 14:00 - 30/01/2020 15:00","BZN|BG","5257.00","5067.00"
"30/01/2020 15:00 - 30/01/2020 16:00","BZN|BG","5304.00","5177.00"
"30/01/2020 16:00 - 30/01/2020 17:00","BZN|BG","5529.00","5485.00"
"30/01/2020 17:00 - 30/01/2020 18:00","BZN|BG","5962.00","5893.00"
"30/01/2020 18:00 - 30/01/2020 19:00","BZN|BG","5941.00","5890.00"
"30/01/2020 19:00 - 30/01/2020 20:00","BZN|BG","5736.00","5656.00"
"30/01/2020 20:00 - 30/01/2020 21:00","BZN|BG","5484.00","5404.00"
"30/01/2020 21:00 - 30/01/2020 22:00","BZN|BG","5283.00","5161.00"
"30/01/2020 22:00 - 30/01/2020 23:00","BZN|BG","4899.00","4789.00"
"30/01/2020 23:00 - 31/01/2020 00:00","BZN|BG","4573.00","4427.00"
"31/01/2020 00:00 - 31/01/2020 01:00","BZN|BG","4356.00","4169.00"
"31/01/2020 01:00 - 31/01/2020 02:00","BZN|BG","4246.00","4053.00"
"31/01/2020 02:00 - 31/01/2020 03:00","BZN|BG","4210.00","4018.00"
"31/01/2020 03:00 - 31/01/2020 04:00","BZN|BG","4265.00","4071.00"
"31/01/2020 04:00 - 31/01/2020 05:00","BZN|BG","4416.00","4246.00"
"31/01/2020 05:00 - 31/01/2020 06:00","BZN|BG","4841.00","4730.00"
"31/01/2020 06:00 - 31/01/2020 07:00","BZN|BG","5333.00","5274.00"
"31/01/2020 07:00 - 31/01/2020 08:00","BZN|BG","5733.00","5637.00"
"31/01/2020 08:00 - 31/01/2020 09:00","BZN|BG","5767.00","5686.00"
"31/01/2020 09:00 - 31/01/2020 10:00","BZN|BG","5596.00","5587.00"
"31/01/2020 10:00 - 31/01/2020 11:00","BZN|BG","5422.00","5513.00"
"31/01/2020 11:00 - 31/01/2020 12:00","BZN|BG","5234.00","5418.00"
"31/01/2020 12:00 - 31/01/2020 13:00","BZN|BG","5163.00","5361.00"
"31/01/2020 13:00 - 31/01/2020 14:00","BZN|BG","5049.00","5319.00"
"31/01/2020 14:00 - 31/01/2020 15:00","BZN|BG","5020.00","5351.00"
"31/01/2020 15:00 - 31/01/2020 16:00","BZN|BG","5068.00","5440.00"
"31/01/2020 16:00 - 31/01/2020 17:00","BZN|BG","5327.00","5669.00"
"31/01/2020 17:00 - 31/01/2020 18:00","BZN|BG","5702.00","5987.00"
"31/01/2020 18:00 - 31/01/2020 19:00","BZN|BG","5686.00","5979.00"
"31/01/2020 19:00 - 31/01/2020 20:00","BZN|BG","5457.00","5753.00"
"31/01/2020 20:00 - 31/01/2020 21:00","BZN|BG","5196.00","5512.00"
"31/01/2020 21:00 - 31/01/2020 22:00","BZN|BG","5038.00","5290.00"
"31/01/2020 22:00 - 31/01/2020 23:00","BZN|BG","4724.00","4937.00"
"31/01/2020 23:00 - 01/02/2020 00:00","BZN|BG","4420.00","4260.00"
"01/02/2020 00:00 - 01/02/2020 01:00","BZN|BG","4168.00","4026.00"
"01/02/2020 01:00 - 01/02/2020 02:00","BZN|BG","4021.00","3882.00"
"01/02/2020 02:00 - 01/02/2020 03:00","BZN|BG","3936.00","3803.00"
"01/02/2020 03:00 - 01/02/2020 04:00","BZN|BG","3919.00","3803.00"
"01/02/2020 04:00 - 01/02/2020 05:00","BZN|BG","3965.00","3920.00"
"01/02/2020 05:00 - 01/02/2020 06:00","BZN|BG","4090.00","4097.00"
"01/02/2020 06:00 - 01/02/2020 07:00","BZN|BG","4360.00","4469.00"
"01/02/2020 07:00 - 01/02/2020 08:00","BZN|BG","4822.00","4973.00"
"01/02/2020 08:00 - 01/02/2020 09:00","BZN|BG","5053.00","5149.00"
"01/02/2020 09:00 - 01/02/2020 10:00","BZN|BG","4944.00","5079.00"
"01/02/2020 10:00 - 01/02/2020 11:00","BZN|BG","4775.00","4986.00"
"01/02/2020 11:00 - 01/02/2020 12:00","BZN|BG","4693.00","4908.00"
"01/02/2020 12:00 - 01/02/2020 13:00","BZN|BG","4492.00","4830.00"
"01/02/2020 13:00 - 01/02/2020 14:00","BZN|BG","4321.00","4770.00"
"01/02/2020 14:00 - 01/02/2020 15:00","BZN|BG","4288.00","4772.00"
"01/02/2020 15:00 - 01/02/2020 16:00","BZN|BG","4390.00","4902.00"
"01/02/2020 16:00 - 01/02/2020 17:00","BZN|BG","4756.00","5232.00"
"01/02/2020 17:00 - 01/02/2020 18:00","BZN|BG","5285.00","5529.00"
"01/02/2020 18:00 - 01/02/2020 19:00","BZN|BG","5242.00","5438.00"
"01/02/2020 19:00 - 01/02/2020 20:00","BZN|BG","4997.00","5228.00"
"01/02/2020 20:00 - 01/02/2020 21:00","BZN|BG","4795.00","4993.00"
"01/02/2020 21:00 - 01/02/2020 22:00","BZN|BG","4651.00","4834.00"
"01/02/2020 22:00 - 01/02/2020 23:00","BZN|BG","4359.00","4581.00"
"01/02/2020 23:00 - 02/02/2020 00:00","BZN|BG","4072.00","4191.00"
"02/02/2020 00:00 - 02/02/2020 01:00","BZN|BG","3860.00","4028.00"
"02/02/2020 01:00 - 02/02/2020 02:00","BZN|BG","3773.00","3964.00"
"02/02/2020 02:00 - 02/02/2020 03:00","BZN|BG","3711.00","3923.00"
"02/02/2020 03:00 - 02/02/2020 04:00","BZN|BG","3722.00","3932.00"
"02/02/2020 04:00 - 02/02/2020 05:00","BZN|BG","3761.00","3995.00"
"02/02/2020 05:00 - 02/02/2020 06:00","BZN|BG","3892.00","4091.00"
"02/02/2020 06:00 - 02/02/2020 07:00","BZN|BG","4109.00","4302.00"
"02/02/2020 07:00 - 02/02/2020 08:00","BZN|BG","4437.00","4704.00"
"02/02/2020 08:00 - 02/02/2020 09:00","BZN|BG","4531.00","4904.00"
"02/02/2020 09:00 - 02/02/2020 10:00","BZN|BG","4392.00","4879.00"
"02/02/2020 10:00 - 02/02/2020 11:00","BZN|BG","4213.00","4639.00"
"02/02/2020 11:00 - 02/02/2020 12:00","BZN|BG","4164.00","4484.00"
"02/02/2020 12:00 - 02/02/2020 13:00","BZN|BG","4075.00","4357.00"
"02/02/2020 13:00 - 02/02/2020 14:00","BZN|BG","4029.00","4201.00"
"02/02/2020 14:00 - 02/02/2020 15:00","BZN|BG","4129.00","4248.00"
"02/02/2020 15:00 - 02/02/2020 16:00","BZN|BG","4394.00","4432.00"
"02/02/2020 16:00 - 02/02/2020 17:00","BZN|BG","4826.00","4875.00"
"02/02/2020 17:00 - 02/02/2020 18:00","BZN|BG","5395.00","5215.00"
"02/02/2020 18:00 - 02/02/2020 19:00","BZN|BG","5340.00","5142.00"
"02/02/2020 19:00 - 02/02/2020 20:00","BZN|BG","5114.00","4967.00"
"02/02/2020 20:00 - 02/02/2020 21:00","BZN|BG","4804.00","4735.00"
"02/02/2020 21:00 - 02/02/2020 22:00","BZN|BG","4581.00","4555.00"
"02/02/2020 22:00 - 02/02/2020 23:00","BZN|BG","4236.00","4277.00"
"02/02/2020 23:00 - 03/02/2020 00:00","BZN|BG","3999.00","4080.00"
"03/02/2020 00:00 - 03/02/2020 01:00","BZN|BG","3785.00","3845.00"
"03/02/2020 01:00 - 03/02/2020 02:00","BZN|BG","3687.00","3766.00"
"03/02/2020 02:00 - 03/02/2020 03:00","BZN|BG","3650.00","3710.00"
"03/02/2020 03:00 - 03/02/2020 04:00","BZN|BG","3696.00","3748.00"
"03/02/2020 04:00 - 03/02/2020 05:00","BZN|BG","3881.00","3888.00"
"03/02/2020 05:00 - 03/02/2020 06:00","BZN|BG","4335.00","4251.00"
"03/02/2020 06:00 - 03/02/2020 07:00","BZN|BG","4866.00","4673.00"
"03/02/2020 07:00 - 03/02/2020 08:00","BZN|BG","5323.00","5039.00"
"03/02/2020 08:00 - 03/02/2020 09:00","BZN|BG","5390.00","5151.00"
"03/02/2020 09:00 - 03/02/2020 10:00","BZN|BG","5240.00","5030.00"
"03/02/2020 10:00 - 03/02/2020 11:00","BZN|BG","5076.00","4776.00"
"03/02/2020 11:00 - 03/02/2020 12:00","BZN|BG","4913.00","4547.00"
"03/02/2020 12:00 - 03/02/2020 13:00","BZN|BG","4855.00","4505.00"
"03/02/2020 13:00 - 03/02/2020 14:00","BZN|BG","4765.00","4417.00"
"03/02/2020 14:00 - 03/02/2020 15:00","BZN|BG","4736.00","4566.00"
"03/02/2020 15:00 - 03/02/2020 16:00","BZN|BG","4825.00","4682.00"
"03/02/2020 16:00 - 03/02/2020 17:00","BZN|BG","5051.00","4941.00"
"03/02/2020 17:00 - 03/02/2020 18:00","BZN|BG","5460.00","5369.00"
"03/02/2020 18:00 - 03/02/2020 19:00","BZN|BG","5429.00","5309.00"
"03/02/2020 19:00 - 03/02/2020 20:00","BZN|BG","5174.00","5077.00"
"03/02/2020 20:00 - 03/02/2020 21:00","BZN|BG","4869.00","4881.00"
"03/02/2020 21:00 - 03/02/2020 22:00","BZN|BG","4652.00","4695.00"
"03/02/2020 22:00 - 03/02/2020 23:00","BZN|BG","4335.00","4404.00"
"03/02/2020 23:00 - 04/02/2020 00:00","BZN|BG","4027.00","4149.00"
"04/02/2020 00:00 - 04/02/2020 01:00","BZN|BG","3824.00","3929.00"
"04/02/2020 01:00 - 04/02/2020 02:00","BZN|BG","3719.00","3833.00"
"04/02/2020 02:00 - 04/02/2020 03:00","BZN|BG","3692.00","3800.00"
"04/02/2020 03:00 - 04/02/2020 04:00","BZN|BG","3732.00","3841.00"
"04/02/2020 04:00 - 04/02/2020 05:00","BZN|BG","3822.00","4003.00"
"04/02/2020 05:00 - 04/02/2020 06:00","BZN|BG","4277.00","4461.00"
"04/02/2020 06:00 - 04/02/2020 07:00","BZN|BG","4731.00","4967.00"
"04/02/2020 07:00 - 04/02/2020 08:00","BZN|BG","5114.00","5335.00"
"04/02/2020 08:00 - 04/02/2020 09:00","BZN|BG","5157.00","5388.00"
"04/02/2020 09:00 - 04/02/2020 10:00","BZN|BG","5032.00","5221.00"
"04/02/2020 10:00 - 04/02/2020 11:00","BZN|BG","4941.00","5113.00"
"04/02/2020 11:00 - 04/02/2020 12:00","BZN|BG","4878.00","4961.00"
"04/02/2020 12:00 - 04/02/2020 13:00","BZN|BG","4852.00","4878.00"
"04/02/2020 13:00 - 04/02/2020 14:00","BZN|BG","4830.00","4787.00"
"04/02/2020 14:00 - 04/02/2020 15:00","BZN|BG","4852.00","4799.00"
"04/02/2020 15:00 - 04/02/2020 16:00","BZN|BG","4921.00","4896.00"
"04/02/2020 16:00 - 04/02/2020 17:00","BZN|BG","5031.00","5128.00"
"04/02/2020 17:00 - 04/02/2020 18:00","BZN|BG","5439.00","5511.00"
"04/02/2020 18:00 - 04/02/2020 19:00","BZN|BG","5470.00","5496.00"
"04/02/2020 19:00 - 04/02/2020 20:00","BZN|BG","5252.00","5249.00"
"04/02/2020 20:00 - 04/02/2020 21:00","BZN|BG","5033.00","4994.00"
"04/02/2020 21:00 - 04/02/2020 22:00","BZN|BG","4862.00","4798.00"
"04/02/2020 22:00 - 04/02/2020 23:00","BZN|BG","4533.00","4435.00"
"04/02/2020 23:00 - 05/02/2020 00:00","BZN|BG","4247.00","4346.00"
"05/02/2020 00:00 - 05/02/2020 01:00","BZN|BG","4049.00","4126.00"
"05/02/2020 01:00 - 05/02/2020 02:00","BZN|BG","3961.00","4030.00"
"05/02/2020 02:00 - 05/02/2020 03:00","BZN|BG","3986.00","3997.00"
"05/02/2020 03:00 - 05/02/2020 04:00","BZN|BG","4029.00","4040.00"
"05/02/2020 04:00 - 05/02/2020 05:00","BZN|BG","4143.00","4206.00"
"05/02/2020 05:00 - 05/02/2020 06:00","BZN|BG","4547.00","4676.00"
"05/02/2020 06:00 - 05/02/2020 07:00","BZN|BG","5059.00","5194.00"
"05/02/2020 07:00 - 05/02/2020 08:00","BZN|BG","5523.00","5572.00"
"05/02/2020 08:00 - 05/02/2020 09:00","BZN|BG","5816.00","5627.00"
"05/02/2020 09:00 - 05/02/2020 10:00","BZN|BG","5809.00","5457.00"
"05/02/2020 10:00 - 05/02/2020 11:00","BZN|BG","5793.00","5346.00"
"05/02/2020 11:00 - 05/02/2020 12:00","BZN|BG","5785.00","5191.00"
"05/02/2020 12:00 - 05/02/2020 13:00","BZN|BG","5816.00","5106.00"
"05/02/2020 13:00 - 05/02/2020 14:00","BZN|BG","5813.00","5014.00"
"05/02/2020 14:00 - 05/02/2020 15:00","BZN|BG","5816.00","5027.00"
"05/02/2020 15:00 - 05/02/2020 16:00","BZN|BG","5812.00","5127.00"
"05/02/2020 16:00 - 05/02/2020 17:00","BZN|BG","5928.00","5366.00"
"05/02/2020 17:00 - 05/02/2020 18:00","BZN|BG","6209.00","5762.00"
"05/02/2020 18:00 - 05/02/2020 19:00","BZN|BG","6122.00","5747.00"
"05/02/2020 19:00 - 05/02/2020 20:00","BZN|BG","5769.00","5495.00"
"05/02/2020 20:00 - 05/02/2020 21:00","BZN|BG","5400.00","5233.00"
"05/02/2020 21:00 - 05/02/2020 22:00","BZN|BG","5128.00","5033.00"
"05/02/2020 22:00 - 05/02/2020 23:00","BZN|BG","4795.00","4661.00"
"05/02/2020 23:00 - 06/02/2020 00:00","BZN|BG","4519.00","4573.00"
"06/02/2020 00:00 - 06/02/2020 01:00","BZN|BG","4310.00","4369.00"
"06/02/2020 01:00 - 06/02/2020 02:00","BZN|BG","4194.00","4278.00"
"06/02/2020 02:00 - 06/02/2020 03:00","BZN|BG","4160.00","4246.00"
"06/02/2020 03:00 - 06/02/2020 04:00","BZN|BG","4199.00","4288.00"
"06/02/2020 04:00 - 06/02/2020 05:00","BZN|BG","4331.00","4456.00"
"06/02/2020 05:00 - 06/02/2020 06:00","BZN|BG","4716.00","4973.00"
"06/02/2020 06:00 - 06/02/2020 07:00","BZN|BG","5180.00","5538.00"
"06/02/2020 07:00 - 06/02/2020 08:00","BZN|BG","5600.00","5973.00"
"06/02/2020 08:00 - 06/02/2020 09:00","BZN|BG","5870.00","6042.00"
"06/02/2020 09:00 - 06/02/2020 10:00","BZN|BG","5900.00","5922.00"
"06/02/2020 10:00 - 06/02/2020 11:00","BZN|BG","5893.00","5846.00"
"06/02/2020 11:00 - 06/02/2020 12:00","BZN|BG","5780.00","5733.00"
"06/02/2020 12:00 - 06/02/2020 13:00","BZN|BG","5722.00","5682.00"
"06/02/2020 13:00 - 06/02/2020 14:00","BZN|BG","5692.00","5620.00"
"06/02/2020 14:00 - 06/02/2020 15:00","BZN|BG","5704.00","5638.00"
"06/02/2020 15:00 - 06/02/2020 16:00","BZN|BG","5778.00","5725.00"
"06/02/2020 16:00 - 06/02/2020 17:00","BZN|BG","5926.00","5932.00"
"06/02/2020 17:00 - 06/02/2020 18:00","BZN|BG","6293.00","6332.00"
"06/02/2020 18:00 - 06/02/2020 19:00","BZN|BG","6285.00","6326.00"
"06/02/2020 19:00 - 06/02/2020 20:00","BZN|BG","6017.00","6066.00"
"06/02/2020 20:00 - 06/02/2020 21:00","BZN|BG","5746.00","5791.00"
"06/02/2020 21:00 - 06/02/2020 22:00","BZN|BG","5531.00","5587.00"
"06/02/2020 22:00 - 06/02/2020 23:00","BZN|BG","5179.00","5193.00"
"06/02/2020 23:00 - 07/02/2020 00:00","BZN|BG","4794.00","4678.00"
"07/02/2020 00:00 - 07/02/2020 01:00","BZN|BG","4553.00","4508.00"
"07/02/2020 01:00 - 07/02/2020 02:00","BZN|BG","4424.00","4431.00"
"07/02/2020 02:00 - 07/02/2020 03:00","BZN|BG","4395.00","4409.00"
"07/02/2020 03:00 - 07/02/2020 04:00","BZN|BG","4448.00","4448.00"
"07/02/2020 04:00 - 07/02/2020 05:00","BZN|BG","4615.00","4609.00"
"07/02/2020 05:00 - 07/02/2020 06:00","BZN|BG","5046.00","5087.00"
"07/02/2020 06:00 - 07/02/2020 07:00","BZN|BG","5553.00","5619.00"
"07/02/2020 07:00 - 07/02/2020 08:00","BZN|BG","6001.00","6048.00"
"07/02/2020 08:00 - 07/02/2020 09:00","BZN|BG","6081.00","6145.00"
"07/02/2020 09:00 - 07/02/2020 10:00","BZN|BG","5991.00","6114.00"
"07/02/2020 10:00 - 07/02/2020 11:00","BZN|BG","5900.00","6093.00"
"07/02/2020 11:00 - 07/02/2020 12:00","BZN|BG","5763.00","6060.00"
"07/02/2020 12:00 - 07/02/2020 13:00","BZN|BG","5762.00","6047.00"
"07/02/2020 13:00 - 07/02/2020 14:00","BZN|BG","5682.00","6031.00"
"07/02/2020 14:00 - 07/02/2020 15:00","BZN|BG","5687.00","6051.00"
"07/02/2020 15:00 - 07/02/2020 16:00","BZN|BG","5756.00","6119.00"
"07/02/2020 16:00 - 07/02/2020 17:00","BZN|BG","5879.00","6274.00"
"07/02/2020 17:00 - 07/02/2020 18:00","BZN|BG","6271.00","6574.00"
"07/02/2020 18:00 - 07/02/2020 19:00","BZN|BG","6212.00","6562.00"
"07/02/2020 19:00 - 07/02/2020 20:00","BZN|BG","5936.00","6292.00"
"07/02/2020 20:00 - 07/02/2020 21:00","BZN|BG","5693.00","6004.00"
"07/02/2020 21:00 - 07/02/2020 22:00","BZN|BG","5495.00","5792.00"
"07/02/2020 22:00 - 07/02/2020 23:00","BZN|BG","5208.00","5420.00"
"07/02/2020 23:00 - 08/02/2020 00:00","BZN|BG","4872.00","4779.00"
"08/02/2020 00:00 - 08/02/2020 01:00","BZN|BG","4667.00","4618.00"
"08/02/2020 01:00 - 08/02/2020 02:00","BZN|BG","4570.00","4526.00"
"08/02/2020 02:00 - 08/02/2020 03:00","BZN|BG","4527.00","4471.00"
"08/02/2020 03:00 - 08/02/2020 04:00","BZN|BG","4532.00","4465.00"
"08/02/2020 04:00 - 08/02/2020 05:00","BZN|BG","4581.00","4546.00"
"08/02/2020 05:00 - 08/02/2020 06:00","BZN|BG","4756.00","4700.00"
"08/02/2020 06:00 - 08/02/2020 07:00","BZN|BG","5071.00","5080.00"
"08/02/2020 07:00 - 08/02/2020 08:00","BZN|BG","5568.00","5677.00"
"08/02/2020 08:00 - 08/02/2020 09:00","BZN|BG","5816.00","5934.00"
"08/02/2020 09:00 - 08/02/2020 10:00","BZN|BG","5733.00","5908.00"
"08/02/2020 10:00 - 08/02/2020 11:00","BZN|BG","5628.00","5868.00"
"08/02/2020 11:00 - 08/02/2020 12:00","BZN|BG","5538.00","5851.00"
"08/02/2020 12:00 - 08/02/2020 13:00","BZN|BG","5381.00","5817.00"
"08/02/2020 13:00 - 08/02/2020 14:00","BZN|BG","5264.00","5791.00"
"08/02/2020 14:00 - 08/02/2020 15:00","BZN|BG","5214.00","5796.00"
"08/02/2020 15:00 - 08/02/2020 16:00","BZN|BG","5384.00","5892.00"
"08/02/2020 16:00 - 08/02/2020 17:00","BZN|BG","5673.00","6122.00"
"08/02/2020 17:00 - 08/02/2020 18:00","BZN|BG","6101.00","6459.00"
"08/02/2020 18:00 - 08/02/2020 19:00","BZN|BG","6060.00","6411.00"
"08/02/2020 19:00 - 08/02/2020 20:00","BZN|BG","5839.00","6121.00"
"08/02/2020 20:00 - 08/02/2020 21:00","BZN|BG","5585.00","5879.00"
"08/02/2020 21:00 - 08/02/2020 22:00","BZN|BG","5421.00","5710.00"
"08/02/2020 22:00 - 08/02/2020 23:00","BZN|BG","5160.00","5373.00"
"08/02/2020 23:00 - 09/02/2020 00:00","BZN|BG","4891.00","4771.00"
"09/02/2020 00:00 - 09/02/2020 01:00","BZN|BG","4662.00","4563.00"
"09/02/2020 01:00 - 09/02/2020 02:00","BZN|BG","4561.00","4471.00"
"09/02/2020 02:00 - 09/02/2020 03:00","BZN|BG","4496.00","4397.00"
"09/02/2020 03:00 - 09/02/2020 04:00","BZN|BG","4494.00","4411.00"
"09/02/2020 04:00 - 09/02/2020 05:00","BZN|BG","4559.00","4466.00"
"09/02/2020 05:00 - 09/02/2020 06:00","BZN|BG","4672.00","4641.00"
"09/02/2020 06:00 - 09/02/2020 07:00","BZN|BG","4944.00","4977.00"
"09/02/2020 07:00 - 09/02/2020 08:00","BZN|BG","5432.00","5455.00"
"09/02/2020 08:00 - 09/02/2020 09:00","BZN|BG","5695.00","5703.00"
"09/02/2020 09:00 - 09/02/2020 10:00","BZN|BG","5710.00","5661.00"
"09/02/2020 10:00 - 09/02/2020 11:00","BZN|BG","5607.00","5544.00"
"09/02/2020 11:00 - 09/02/2020 12:00","BZN|BG","5510.00","5514.00"
"09/02/2020 12:00 - 09/02/2020 13:00","BZN|BG","5285.00","5435.00"
"09/02/2020 13:00 - 09/02/2020 14:00","BZN|BG","5112.00","5369.00"
"09/02/2020 14:00 - 09/02/2020 15:00","BZN|BG","5106.00","5395.00"
"09/02/2020 15:00 - 09/02/2020 16:00","BZN|BG","5301.00","5555.00"
"09/02/2020 16:00 - 09/02/2020 17:00","BZN|BG","5650.00","5881.00"
"09/02/2020 17:00 - 09/02/2020 18:00","BZN|BG","6248.00","6351.00"
"09/02/2020 18:00 - 09/02/2020 19:00","BZN|BG","6268.00","6324.00"
"09/02/2020 19:00 - 09/02/2020 20:00","BZN|BG","6077.00","6090.00"
"09/02/2020 20:00 - 09/02/2020 21:00","BZN|BG","5760.00","5770.00"
"09/02/2020 21:00 - 09/02/2020 22:00","BZN|BG","5528.00","5548.00"
"09/02/2020 22:00 - 09/02/2020 23:00","BZN|BG","5100.00","5215.00"
"09/02/2020 23:00 - 10/02/2020 00:00","BZN|BG","4762.00","4783.00"
"10/02/2020 00:00 - 10/02/2020 01:00","BZN|BG","4586.00","4548.00"
"10/02/2020 01:00 - 10/02/2020 02:00","BZN|BG","4460.00","4464.00"
"10/02/2020 02:00 - 10/02/2020 03:00","BZN|BG","4424.00","4439.00"
"10/02/2020 03:00 - 10/02/2020 04:00","BZN|BG","4495.00","4469.00"
"10/02/2020 04:00 - 10/02/2020 05:00","BZN|BG","4711.00","4634.00"
"10/02/2020 05:00 - 10/02/2020 06:00","BZN|BG","5306.00","5061.00"
"10/02/2020 06:00 - 10/02/2020 07:00","BZN|BG","5836.00","5562.00"
"10/02/2020 07:00 - 10/02/2020 08:00","BZN|BG","6172.00","5997.00"
"10/02/2020 08:00 - 10/02/2020 09:00","BZN|BG","6183.00","6051.00"
"10/02/2020 09:00 - 10/02/2020 10:00","BZN|BG","6037.00","5905.00"
"10/02/2020 10:00 - 10/02/2020 11:00","BZN|BG","5843.00","5724.00"
"10/02/2020 11:00 - 10/02/2020 12:00","BZN|BG","5614.00","5574.00"
"10/02/2020 12:00 - 10/02/2020 13:00","BZN|BG","5547.00","5530.00"
"10/02/2020 13:00 - 10/02/2020 14:00","BZN|BG","5520.00","5492.00"
"10/02/2020 14:00 - 10/02/2020 15:00","BZN|BG","5562.00","5477.00"
"10/02/2020 15:00 - 10/02/2020 16:00","BZN|BG","5536.00","5619.00"
"10/02/2020 16:00 - 10/02/2020 17:00","BZN|BG","5696.00","5857.00"
"10/02/2020 17:00 - 10/02/2020 18:00","BZN|BG","6144.00","6304.00"
"10/02/2020 18:00 - 10/02/2020 19:00","BZN|BG","6186.00","6277.00"
"10/02/2020 19:00 - 10/02/2020 20:00","BZN|BG","5944.00","6050.00"
"10/02/2020 20:00 - 10/02/2020 21:00","BZN|BG","5659.00","5766.00"
"10/02/2020 21:00 - 10/02/2020 22:00","BZN|BG","5434.00","5567.00"
"10/02/2020 22:00 - 10/02/2020 23:00","BZN|BG","5030.00","5269.00"
"10/02/2020 23:00 - 11/02/2020 00:00","BZN|BG","4584.00","4708.00"
"11/02/2020 00:00 - 11/02/2020 01:00","BZN|BG","4382.00","4455.00"
"11/02/2020 01:00 - 11/02/2020 02:00","BZN|BG","4278.00","4338.00"
"11/02/2020 02:00 - 11/02/2020 03:00","BZN|BG","4243.00","4303.00"
"11/02/2020 03:00 - 11/02/2020 04:00","BZN|BG","4275.00","4353.00"
"11/02/2020 04:00 - 11/02/2020 05:00","BZN|BG","4449.00","4493.00"
"11/02/2020 05:00 - 11/02/2020 06:00","BZN|BG","4960.00","4926.00"
"11/02/2020 06:00 - 11/02/2020 07:00","BZN|BG","5476.00","5425.00"
"11/02/2020 07:00 - 11/02/2020 08:00","BZN|BG","5833.00","5828.00"
"11/02/2020 08:00 - 11/02/2020 09:00","BZN|BG","5919.00","5960.00"
"11/02/2020 09:00 - 11/02/2020 10:00","BZN|BG","5709.00","5793.00"
"11/02/2020 10:00 - 11/02/2020 11:00","BZN|BG","5515.00","5648.00"
"11/02/2020 11:00 - 11/02/2020 12:00","BZN|BG","5301.00","5422.00"
"11/02/2020 12:00 - 11/02/2020 13:00","BZN|BG","5269.00","5386.00"
"11/02/2020 13:00 - 11/02/2020 14:00","BZN|BG","5252.00","5317.00"
"11/02/2020 14:00 - 11/02/2020 15:00","BZN|BG","5331.00","5350.00"
"11/02/2020 15:00 - 11/02/2020 16:00","BZN|BG","5419.00","5448.00"
"11/02/2020 16:00 - 11/02/2020 17:00","BZN|BG","5656.00","5638.00"
"11/02/2020 17:00 - 11/02/2020 18:00","BZN|BG","6032.00","6092.00"
"11/02/2020 18:00 - 11/02/2020 19:00","BZN|BG","6067.00","6070.00"
"11/02/2020 19:00 - 11/02/2020 20:00","BZN|BG","5793.00","5770.00"
"11/02/2020 20:00 - 11/02/2020 21:00","BZN|BG","5554.00","5469.00"
"11/02/2020 21:00 - 11/02/2020 22:00","BZN|BG","5336.00","5244.00"
"11/02/2020 22:00 - 11/02/2020 23:00","BZN|BG","4950.00","4886.00"
"11/02/2020 23:00 - 12/02/2020 00:00","BZN|BG","4550.00","4537.00"
"12/02/2020 00:00 - 12/02/2020 01:00","BZN|BG","4375.00","4347.00"
"12/02/2020 01:00 - 12/02/2020 02:00","BZN|BG","4270.00","4259.00"
"12/02/2020 02:00 - 12/02/2020 03:00","BZN|BG","4219.00","4232.00"
"12/02/2020 03:00 - 12/02/2020 04:00","BZN|BG","4245.00","4281.00"
"12/02/2020 04:00 - 12/02/2020 05:00","BZN|BG","4415.00","4421.00"
"12/02/2020 05:00 - 12/02/2020 06:00","BZN|BG","4898.00","4850.00"
"12/02/2020 06:00 - 12/02/2020 07:00","BZN|BG","5421.00","5344.00"
"12/02/2020 07:00 - 12/02/2020 08:00","BZN|BG","5757.00","5744.00"
"12/02/2020 08:00 - 12/02/2020 09:00","BZN|BG","5806.00","5875.00"
"12/02/2020 09:00 - 12/02/2020 10:00","BZN|BG","5623.00","5709.00"
"12/02/2020 10:00 - 12/02/2020 11:00","BZN|BG","5505.00","5565.00"
"12/02/2020 11:00 - 12/02/2020 12:00","BZN|BG","5352.00","5340.00"
"12/02/2020 12:00 - 12/02/2020 13:00","BZN|BG","5236.00","5304.00"
"12/02/2020 13:00 - 12/02/2020 14:00","BZN|BG","5136.00","5235.00"
"12/02/2020 14:00 - 12/02/2020 15:00","BZN|BG","5131.00","5268.00"
"12/02/2020 15:00 - 12/02/2020 16:00","BZN|BG","5206.00","5365.00"
"12/02/2020 16:00 - 12/02/2020 17:00","BZN|BG","5420.00","5553.00"
"12/02/2020 17:00 - 12/02/2020 18:00","BZN|BG","5950.00","6002.00"
"12/02/2020 18:00 - 12/02/2020 19:00","BZN|BG","6038.00","5980.00"
"12/02/2020 19:00 - 12/02/2020 20:00","BZN|BG","5794.00","5682.00"
"12/02/2020 20:00 - 12/02/2020 21:00","BZN|BG","5552.00","5384.00"
"12/02/2020 21:00 - 12/02/2020 22:00","BZN|BG","5311.00","5160.00"
"12/02/2020 22:00 - 12/02/2020 23:00","BZN|BG","4888.00","4806.00"
"12/02/2020 23:00 - 13/02/2020 00:00","BZN|BG","4522.00","4525.00"
"13/02/2020 00:00 - 13/02/2020 01:00","BZN|BG","4261.00","4335.00"
"13/02/2020 01:00 - 13/02/2020 02:00","BZN|BG","4158.00","4245.00"
"13/02/2020 02:00 - 13/02/2020 03:00","BZN|BG","4111.00","4220.00"
"13/02/2020 03:00 - 13/02/2020 04:00","BZN|BG","4171.00","4260.00"
"13/02/2020 04:00 - 13/02/2020 05:00","BZN|BG","4358.00","4398.00"
"13/02/2020 05:00 - 13/02/2020 06:00","BZN|BG","4903.00","4828.00"
"13/02/2020 06:00 - 13/02/2020 07:00","BZN|BG","5435.00","5307.00"
"13/02/2020 07:00 - 13/02/2020 08:00","BZN|BG","5713.00","5688.00"
"13/02/2020 08:00 - 13/02/2020 09:00","BZN|BG","5669.00","5816.00"
"13/02/2020 09:00 - 13/02/2020 10:00","BZN|BG","5436.00","5661.00"
"13/02/2020 10:00 - 13/02/2020 11:00","BZN|BG","5265.00","5522.00"
"13/02/2020 11:00 - 13/02/2020 12:00","BZN|BG","5096.00","5270.00"
"13/02/2020 12:00 - 13/02/2020 13:00","BZN|BG","5033.00","5252.00"
"13/02/2020 13:00 - 13/02/2020 14:00","BZN|BG","4967.00","5231.00"
"13/02/2020 14:00 - 13/02/2020 15:00","BZN|BG","4965.00","5286.00"
"13/02/2020 15:00 - 13/02/2020 16:00","BZN|BG","4997.00","5402.00"
"13/02/2020 16:00 - 13/02/2020 17:00","BZN|BG","5227.00","5602.00"
"13/02/2020 17:00 - 13/02/2020 18:00","BZN|BG","5860.00","6061.00"
"13/02/2020 18:00 - 13/02/2020 19:00","BZN|BG","5996.00","6050.00"
"13/02/2020 19:00 - 13/02/2020 20:00","BZN|BG","5795.00","5769.00"
"13/02/2020 20:00 - 13/02/2020 21:00","BZN|BG","5557.00","5493.00"
"13/02/2020 21:00 - 13/02/2020 22:00","BZN|BG","5376.00","5279.00"
"13/02/2020 22:00 - 13/02/2020 23:00","BZN|BG","4939.00","4945.00"
"13/02/2020 23:00 - 14/02/2020 00:00","BZN|BG","4600.00","4474.00"
"14/02/2020 00:00 - 14/02/2020 01:00","BZN|BG","4369.00","4264.00"
"14/02/2020 01:00 - 14/02/2020 02:00","BZN|BG","4290.00","4163.00"
"14/02/2020 02:00 - 14/02/2020 03:00","BZN|BG","4281.00","4134.00"
"14/02/2020 03:00 - 14/02/2020 04:00","BZN|BG","4348.00","4172.00"
"14/02/2020 04:00 - 14/02/2020 05:00","BZN|BG","4517.00","4316.00"
"14/02/2020 05:00 - 14/02/2020 06:00","BZN|BG","5064.00","4758.00"
"14/02/2020 06:00 - 14/02/2020 07:00","BZN|BG","5634.00","5242.00"
"14/02/2020 07:00 - 14/02/2020 08:00","BZN|BG","5966.00","5609.00"
"14/02/2020 08:00 - 14/02/2020 09:00","BZN|BG","6020.00","5724.00"
"14/02/2020 09:00 - 14/02/2020 10:00","BZN|BG","5829.00","5580.00"
"14/02/2020 10:00 - 14/02/2020 11:00","BZN|BG","5712.00","5467.00"
"14/02/2020 11:00 - 14/02/2020 12:00","BZN|BG","5571.00","5262.00"
"14/02/2020 12:00 - 14/02/2020 13:00","BZN|BG","5553.00","5226.00"
"14/02/2020 13:00 - 14/02/2020 14:00","BZN|BG","5501.00","5197.00"
"14/02/2020 14:00 - 14/02/2020 15:00","BZN|BG","5478.00","5245.00"
"14/02/2020 15:00 - 14/02/2020 16:00","BZN|BG","5525.00","5349.00"
"14/02/2020 16:00 - 14/02/2020 17:00","BZN|BG","5674.00","5537.00"
"14/02/2020 17:00 - 14/02/2020 18:00","BZN|BG","6047.00","5964.00"
"14/02/2020 18:00 - 14/02/2020 19:00","BZN|BG","5988.00","5966.00"
"14/02/2020 19:00 - 14/02/2020 20:00","BZN|BG","5633.00","5699.00"
"14/02/2020 20:00 - 14/02/2020 21:00","BZN|BG","5315.00","5434.00"
"14/02/2020 21:00 - 14/02/2020 22:00","BZN|BG","5167.00","5220.00"
"14/02/2020 22:00 - 14/02/2020 23:00","BZN|BG","4871.00","4878.00"
"14/02/2020 23:00 - 15/02/2020 00:00","BZN|BG","4521.00","4427.00"
"15/02/2020 00:00 - 15/02/2020 01:00","BZN|BG","4286.00","4195.00"
"15/02/2020 01:00 - 15/02/2020 02:00","BZN|BG","4154.00","4079.00"
"15/02/2020 02:00 - 15/02/2020 03:00","BZN|BG","4084.00","4040.00"
"15/02/2020 03:00 - 15/02/2020 04:00","BZN|BG","4072.00","4059.00"
"15/02/2020 04:00 - 15/02/2020 05:00","BZN|BG","4109.00","4106.00"
"15/02/2020 05:00 - 15/02/2020 06:00","BZN|BG","4233.00","4290.00"
"15/02/2020 06:00 - 15/02/2020 07:00","BZN|BG","4547.00","4625.00"
"15/02/2020 07:00 - 15/02/2020 08:00","BZN|BG","5058.00","5125.00"
"15/02/2020 08:00 - 15/02/2020 09:00","BZN|BG","5339.00","5334.00"
"15/02/2020 09:00 - 15/02/2020 10:00","BZN|BG","5393.00","5217.00"
"15/02/2020 10:00 - 15/02/2020 11:00","BZN|BG","5347.00","5095.00"
"15/02/2020 11:00 - 15/02/2020 12:00","BZN|BG","5270.00","4983.00"
"15/02/2020 12:00 - 15/02/2020 13:00","BZN|BG","5140.00","4854.00"
"15/02/2020 13:00 - 15/02/2020 14:00","BZN|BG","5000.00","4798.00"
"15/02/2020 14:00 - 15/02/2020 15:00","BZN|BG","4957.00","4787.00"
"15/02/2020 15:00 - 15/02/2020 16:00","BZN|BG","5041.00","4990.00"
"15/02/2020 16:00 - 15/02/2020 17:00","BZN|BG","5265.00","5278.00"
"15/02/2020 17:00 - 15/02/2020 18:00","BZN|BG","5587.00","5662.00"
"15/02/2020 18:00 - 15/02/2020 19:00","BZN|BG","5566.00","5622.00"
"15/02/2020 19:00 - 15/02/2020 20:00","BZN|BG","5329.00","5390.00"
"15/02/2020 20:00 - 15/02/2020 21:00","BZN|BG","5062.00","5117.00"
"15/02/2020 21:00 - 15/02/2020 22:00","BZN|BG","4955.00","4944.00"
"15/02/2020 22:00 - 15/02/2020 23:00","BZN|BG","4638.00","4662.00"
"15/02/2020 23:00 - 16/02/2020 00:00","BZN|BG","4380.00","4426.00"
"16/02/2020 00:00 - 16/02/2020 01:00","BZN|BG","4202.00","4158.00"
"16/02/2020 01:00 - 16/02/2020 02:00","BZN|BG","4090.00","4051.00"
"16/02/2020 02:00 - 16/02/2020 03:00","BZN|BG","4043.00","3974.00"
"16/02/2020 03:00 - 16/02/2020 04:00","BZN|BG","4040.00","3964.00"
"16/02/2020 04:00 - 16/02/2020 05:00","BZN|BG","4065.00","4041.00"
"16/02/2020 05:00 - 16/02/2020 06:00","BZN|BG","4229.00","4177.00"
"16/02/2020 06:00 - 16/02/2020 07:00","BZN|BG","4540.00","4473.00"
"16/02/2020 07:00 - 16/02/2020 08:00","BZN|BG","4975.00","4974.00"
"16/02/2020 08:00 - 16/02/2020 09:00","BZN|BG","5147.00","5210.00"
"16/02/2020 09:00 - 16/02/2020 10:00","BZN|BG","5099.00","5201.00"
"16/02/2020 10:00 - 16/02/2020 11:00","BZN|BG","4965.00","5114.00"
"16/02/2020 11:00 - 16/02/2020 12:00","BZN|BG","4880.00","5055.00"
"16/02/2020 12:00 - 16/02/2020 13:00","BZN|BG","4730.00","4920.00"
"16/02/2020 13:00 - 16/02/2020 14:00","BZN|BG","4617.00","4837.00"
"16/02/2020 14:00 - 16/02/2020 15:00","BZN|BG","4622.00","4861.00"
"16/02/2020 15:00 - 16/02/2020 16:00","BZN|BG","4754.00","5024.00"
"16/02/2020 16:00 - 16/02/2020 17:00","BZN|BG","5154.00","5362.00"
"16/02/2020 17:00 - 16/02/2020 18:00","BZN|BG","5744.00","5736.00"
"16/02/2020 18:00 - 16/02/2020 19:00","BZN|BG","5860.00","5746.00"
"16/02/2020 19:00 - 16/02/2020 20:00","BZN|BG","5649.00","5587.00"
"16/02/2020 20:00 - 16/02/2020 21:00","BZN|BG","5360.00","5331.00"
"16/02/2020 21:00 - 16/02/2020 22:00","BZN|BG","5120.00","5131.00"
"16/02/2020 22:00 - 16/02/2020 23:00","BZN|BG","4719.00","4768.00"
"16/02/2020 23:00 - 17/02/2020 00:00","BZN|BG","4377.00","4375.00"
"17/02/2020 00:00 - 17/02/2020 01:00","BZN|BG","4150.00","4164.00"
"17/02/2020 01:00 - 17/02/2020 02:00","BZN|BG","4068.00","4029.00"
"17/02/2020 02:00 - 17/02/2020 03:00","BZN|BG","4046.00","3978.00"
"17/02/2020 03:00 - 17/02/2020 04:00","BZN|BG","4097.00","4058.00"
"17/02/2020 04:00 - 17/02/2020 05:00","BZN|BG","4305.00","4293.00"
"17/02/2020 05:00 - 17/02/2020 06:00","BZN|BG","4882.00","4885.00"
"17/02/2020 06:00 - 17/02/2020 07:00","BZN|BG","5432.00","5437.00"
"17/02/2020 07:00 - 17/02/2020 08:00","BZN|BG","5798.00","5725.00"
"17/02/2020 08:00 - 17/02/2020 09:00","BZN|BG","5780.00","5722.00"
"17/02/2020 09:00 - 17/02/2020 10:00","BZN|BG","5483.00","5586.00"
"17/02/2020 10:00 - 17/02/2020 11:00","BZN|BG","5259.00","5458.00"
"17/02/2020 11:00 - 17/02/2020 12:00","BZN|BG","5055.00","5321.00"
"17/02/2020 12:00 - 17/02/2020 13:00","BZN|BG","4980.00","5300.00"
"17/02/2020 13:00 - 17/02/2020 14:00","BZN|BG","4897.00","5328.00"
"17/02/2020 14:00 - 17/02/2020 15:00","BZN|BG","4870.00","5383.00"
"17/02/2020 15:00 - 17/02/2020 16:00","BZN|BG","4884.00","5382.00"
"17/02/2020 16:00 - 17/02/2020 17:00","BZN|BG","5077.00","5530.00"
"17/02/2020 17:00 - 17/02/2020 18:00","BZN|BG","5653.00","5909.00"
"17/02/2020 18:00 - 17/02/2020 19:00","BZN|BG","5851.00","5935.00"
"17/02/2020 19:00 - 17/02/2020 20:00","BZN|BG","5630.00","5737.00"
"17/02/2020 20:00 - 17/02/2020 21:00","BZN|BG","5388.00","5476.00"
"17/02/2020 21:00 - 17/02/2020 22:00","BZN|BG","5181.00","5277.00"
"17/02/2020 22:00 - 17/02/2020 23:00","BZN|BG","4735.00","4929.00"
"17/02/2020 23:00 - 18/02/2020 00:00","BZN|BG","4401.00","4443.00"
"18/02/2020 00:00 - 18/02/2020 01:00","BZN|BG","4237.00","4238.00"
"18/02/2020 01:00 - 18/02/2020 02:00","BZN|BG","4133.00","4151.00"
"18/02/2020 02:00 - 18/02/2020 03:00","BZN|BG","4101.00","4120.00"
"18/02/2020 03:00 - 18/02/2020 04:00","BZN|BG","4167.00","4165.00"
"18/02/2020 04:00 - 18/02/2020 05:00","BZN|BG","4321.00","4339.00"
"18/02/2020 05:00 - 18/02/2020 06:00","BZN|BG","4870.00","4846.00"
"18/02/2020 06:00 - 18/02/2020 07:00","BZN|BG","5393.00","5364.00"
"18/02/2020 07:00 - 18/02/2020 08:00","BZN|BG","5670.00","5676.00"
"18/02/2020 08:00 - 18/02/2020 09:00","BZN|BG","5606.00","5708.00"
"18/02/2020 09:00 - 18/02/2020 10:00","BZN|BG","5288.00","5483.00"
"18/02/2020 10:00 - 18/02/2020 11:00","BZN|BG","5061.00","5316.00"
"18/02/2020 11:00 - 18/02/2020 12:00","BZN|BG","4854.00","5091.00"
"18/02/2020 12:00 - 18/02/2020 13:00","BZN|BG","4801.00","5057.00"
"18/02/2020 13:00 - 18/02/2020 14:00","BZN|BG","4720.00","5005.00"
"18/02/2020 14:00 - 18/02/2020 15:00","BZN|BG","4717.00","5031.00"
"18/02/2020 15:00 - 18/02/2020 16:00","BZN|BG","4733.00","5145.00"
"18/02/2020 16:00 - 18/02/2020 17:00","BZN|BG","4956.00","5365.00"
"18/02/2020 17:00 - 18/02/2020 18:00","BZN|BG","5599.00","5834.00"
"18/02/2020 18:00 - 18/02/2020 19:00","BZN|BG","5781.00","5857.00"
"18/02/2020 19:00 - 18/02/2020 20:00","BZN|BG","5564.00","5584.00"
"18/02/2020 20:00 - 18/02/2020 21:00","BZN|BG","5288.00","5317.00"
"18/02/2020 21:00 - 18/02/2020 22:00","BZN|BG","5014.00","5117.00"
"18/02/2020 22:00 - 18/02/2020 23:00","BZN|BG","4626.00","4740.00"
"18/02/2020 23:00 - 19/02/2020 00:00","BZN|BG","4268.00","4394.00"
"19/02/2020 00:00 - 19/02/2020 01:00","BZN|BG","4056.00","4189.00"
"19/02/2020 01:00 - 19/02/2020 02:00","BZN|BG","3957.00","4102.00"
"19/02/2020 02:00 - 19/02/2020 03:00","BZN|BG","3919.00","4071.00"
"19/02/2020 03:00 - 19/02/2020 04:00","BZN|BG","3957.00","4116.00"
"19/02/2020 04:00 - 19/02/2020 05:00","BZN|BG","4137.00","4289.00"
"19/02/2020 05:00 - 19/02/2020 06:00","BZN|BG","4648.00","4793.00"
"19/02/2020 06:00 - 19/02/2020 07:00","BZN|BG","5139.00","5307.00"
"19/02/2020 07:00 - 19/02/2020 08:00","BZN|BG","5506.00","5617.00"
"19/02/2020 08:00 - 19/02/2020 09:00","BZN|BG","5531.00","5649.00"
"19/02/2020 09:00 - 19/02/2020 10:00","BZN|BG","5379.00","5425.00"
"19/02/2020 10:00 - 19/02/2020 11:00","BZN|BG","5259.00","5258.00"
"19/02/2020 11:00 - 19/02/2020 12:00","BZN|BG","5164.00","5035.00"
"19/02/2020 12:00 - 19/02/2020 13:00","BZN|BG","5113.00","5000.00"
"19/02/2020 13:00 - 19/02/2020 14:00","BZN|BG","5090.00","4948.00"
"19/02/2020 14:00 - 19/02/2020 15:00","BZN|BG","5153.00","4975.00"
"19/02/2020 15:00 - 19/02/2020 16:00","BZN|BG","5203.00","5088.00"
"19/02/2020 16:00 - 19/02/2020 17:00","BZN|BG","5381.00","5306.00"
"19/02/2020 17:00 - 19/02/2020 18:00","BZN|BG","5786.00","5772.00"
"19/02/2020 18:00 - 19/02/2020 19:00","BZN|BG","5831.00","5795.00"
"19/02/2020 19:00 - 19/02/2020 20:00","BZN|BG","5587.00","5524.00"
"19/02/2020 20:00 - 19/02/2020 21:00","BZN|BG","5311.00","5258.00"
"19/02/2020 21:00 - 19/02/2020 22:00","BZN|BG","5057.00","5059.00"
"19/02/2020 22:00 - 19/02/2020 23:00","BZN|BG","4676.00","4684.00"
"19/02/2020 23:00 - 20/02/2020 00:00","BZN|BG","4303.00","4275.00"
"20/02/2020 00:00 - 20/02/2020 01:00","BZN|BG","4065.00","4072.00"
"20/02/2020 01:00 - 20/02/2020 02:00","BZN|BG","3964.00","3986.00"
"20/02/2020 02:00 - 20/02/2020 03:00","BZN|BG","3930.00","3956.00"
"20/02/2020 03:00 - 20/02/2020 04:00","BZN|BG","3966.00","4006.00"
"20/02/2020 04:00 - 20/02/2020 05:00","BZN|BG","4133.00","4191.00"
"20/02/2020 05:00 - 20/02/2020 06:00","BZN|BG","4643.00","4757.00"
"20/02/2020 06:00 - 20/02/2020 07:00","BZN|BG","5147.00","5254.00"
"20/02/2020 07:00 - 20/02/2020 08:00","BZN|BG","5572.00","5500.00"
"20/02/2020 08:00 - 20/02/2020 09:00","BZN|BG","5707.00","5608.00"
"20/02/2020 09:00 - 20/02/2020 10:00","BZN|BG","5648.00","5467.00"
"20/02/2020 10:00 - 20/02/2020 11:00","BZN|BG","5615.00","5372.00"
"20/02/2020 11:00 - 20/02/2020 12:00","BZN|BG","5529.00","5258.00"
"20/02/2020 12:00 - 20/02/2020 13:00","BZN|BG","5519.00","5239.00"
"20/02/2020 13:00 - 20/02/2020 14:00","BZN|BG","5462.00","5218.00"
"20/02/2020 14:00 - 20/02/2020 15:00","BZN|BG","5478.00","5235.00"
"20/02/2020 15:00 - 20/02/2020 16:00","BZN|BG","5505.00","5301.00"
"20/02/2020 16:00 - 20/02/2020 17:00","BZN|BG","5625.00","5453.00"
"20/02/2020 17:00 - 20/02/2020 18:00","BZN|BG","5949.00","5775.00"
"20/02/2020 18:00 - 20/02/2020 19:00","BZN|BG","5973.00","5819.00"
"20/02/2020 19:00 - 20/02/2020 20:00","BZN|BG","5730.00","5566.00"
"20/02/2020 20:00 - 20/02/2020 21:00","BZN|BG","5491.00","5293.00"
"20/02/2020 21:00 - 20/02/2020 22:00","BZN|BG","5275.00","5083.00"
"20/02/2020 22:00 - 20/02/2020 23:00","BZN|BG","4818.00","4695.00"
"20/02/2020 23:00 - 21/02/2020 00:00","BZN|BG","4467.00","4397.00"
"21/02/2020 00:00 - 21/02/2020 01:00","BZN|BG","4244.00","4120.00"
"21/02/2020 01:00 - 21/02/2020 02:00","BZN|BG","4136.00","4005.00"
"21/02/2020 02:00 - 21/02/2020 03:00","BZN|BG","4089.00","3963.00"
"21/02/2020 03:00 - 21/02/2020 04:00","BZN|BG","4101.00","4016.00"
"21/02/2020 04:00 - 21/02/2020 05:00","BZN|BG","4234.00","4212.00"
"21/02/2020 05:00 - 21/02/2020 06:00","BZN|BG","4736.00","4806.00"
"21/02/2020 06:00 - 21/02/2020 07:00","BZN|BG","5247.00","5381.00"
"21/02/2020 07:00 - 21/02/2020 08:00","BZN|BG","5597.00","5711.00"
"21/02/2020 08:00 - 21/02/2020 09:00","BZN|BG","5646.00","5703.00"
"21/02/2020 09:00 - 21/02/2020 10:00","BZN|BG","5479.00","5535.00"
"21/02/2020 10:00 - 21/02/2020 11:00","BZN|BG","5340.00","5415.00"
"21/02/2020 11:00 - 21/02/2020 12:00","BZN|BG","5176.00","5274.00"
"21/02/2020 12:00 - 21/02/2020 13:00","BZN|BG","5139.00","5245.00"
"21/02/2020 13:00 - 21/02/2020 14:00","BZN|BG","5076.00","5224.00"
"21/02/2020 14:00 - 21/02/2020 15:00","BZN|BG","5129.00","5252.00"
"21/02/2020 15:00 - 21/02/2020 16:00","BZN|BG","5144.00","5323.00"
"21/02/2020 16:00 - 21/02/2020 17:00","BZN|BG","5245.00","5492.00"
"21/02/2020 17:00 - 21/02/2020 18:00","BZN|BG","5681.00","5850.00"
"21/02/2020 18:00 - 21/02/2020 19:00","BZN|BG","5842.00","5898.00"
"21/02/2020 19:00 - 21/02/2020 20:00","BZN|BG","5600.00","5654.00"
"21/02/2020 20:00 - 21/02/2020 21:00","BZN|BG","5347.00","5389.00"
"21/02/2020 21:00 - 21/02/2020 22:00","BZN|BG","5180.00","5178.00"
"21/02/2020 22:00 - 21/02/2020 23:00","BZN|BG","4851.00","4801.00"
"21/02/2020 23:00 - 22/02/2020 00:00","BZN|BG","4463.00","4405.00"
"22/02/2020 00:00 - 22/02/2020 01:00","BZN|BG","4204.00","4191.00"
"22/02/2020 01:00 - 22/02/2020 02:00","BZN|BG","4078.00","4081.00"
"22/02/2020 02:00 - 22/02/2020 03:00","BZN|BG","4025.00","4012.00"
"22/02/2020 03:00 - 22/02/2020 04:00","BZN|BG","4022.00","4002.00"
"22/02/2020 04:00 - 22/02/2020 05:00","BZN|BG","4090.00","4013.00"
"22/02/2020 05:00 - 22/02/2020 06:00","BZN|BG","4221.00","4152.00"
"22/02/2020 06:00 - 22/02/2020 07:00","BZN|BG","4522.00","4483.00"
"22/02/2020 07:00 - 22/02/2020 08:00","BZN|BG","4985.00","5003.00"
"22/02/2020 08:00 - 22/02/2020 09:00","BZN|BG","5105.00","5290.00"
"22/02/2020 09:00 - 22/02/2020 10:00","BZN|BG","5054.00","5341.00"
"22/02/2020 10:00 - 22/02/2020 11:00","BZN|BG","4957.00","5222.00"
"22/02/2020 11:00 - 22/02/2020 12:00","BZN|BG","4901.00","5101.00"
"22/02/2020 12:00 - 22/02/2020 13:00","BZN|BG","4806.00","4947.00"
"22/02/2020 13:00 - 22/02/2020 14:00","BZN|BG","4761.00","4798.00"
"22/02/2020 14:00 - 22/02/2020 15:00","BZN|BG","4783.00","4738.00"
"22/02/2020 15:00 - 22/02/2020 16:00","BZN|BG","4896.00","4878.00"
"22/02/2020 16:00 - 22/02/2020 17:00","BZN|BG","5124.00","5186.00"
"22/02/2020 17:00 - 22/02/2020 18:00","BZN|BG","5478.00","5590.00"
"22/02/2020 18:00 - 22/02/2020 19:00","BZN|BG","5508.00","5566.00"
"22/02/2020 19:00 - 22/02/2020 20:00","BZN|BG","5259.00","5345.00"
"22/02/2020 20:00 - 22/02/2020 21:00","BZN|BG","5022.00","5093.00"
"22/02/2020 21:00 - 22/02/2020 22:00","BZN|BG","4865.00","4995.00"
"22/02/2020 22:00 - 22/02/2020 23:00","BZN|BG","4590.00","4692.00"
"22/02/2020 23:00 - 23/02/2020 00:00","BZN|BG","4343.00","4370.00"
"23/02/2020 00:00 - 23/02/2020 01:00","BZN|BG","4132.00","4170.00"
"23/02/2020 01:00 - 23/02/2020 02:00","BZN|BG","4013.00","4070.00"
"23/02/2020 02:00 - 23/02/2020 03:00","BZN|BG","3963.00","4024.00"
"23/02/2020 03:00 - 23/02/2020 04:00","BZN|BG","4002.00","4029.00"
"23/02/2020 04:00 - 23/02/2020 05:00","BZN|BG","4065.00","4106.00"
"23/02/2020 05:00 - 23/02/2020 06:00","BZN|BG","4170.00","4240.00"
"23/02/2020 06:00 - 23/02/2020 07:00","BZN|BG","4462.00","4502.00"
"23/02/2020 07:00 - 23/02/2020 08:00","BZN|BG","4906.00","4960.00"
"23/02/2020 08:00 - 23/02/2020 09:00","BZN|BG","5129.00","5114.00"
"23/02/2020 09:00 - 23/02/2020 10:00","BZN|BG","5082.00","5045.00"
"23/02/2020 10:00 - 23/02/2020 11:00","BZN|BG","4970.00","4926.00"
"23/02/2020 11:00 - 23/02/2020 12:00","BZN|BG","4892.00","4852.00"
"23/02/2020 12:00 - 23/02/2020 13:00","BZN|BG","4748.00","4738.00"
"23/02/2020 13:00 - 23/02/2020 14:00","BZN|BG","4611.00","4659.00"
"23/02/2020 14:00 - 23/02/2020 15:00","BZN|BG","4603.00","4684.00"
"23/02/2020 15:00 - 23/02/2020 16:00","BZN|BG","4685.00","4826.00"
"23/02/2020 16:00 - 23/02/2020 17:00","BZN|BG","5012.00","5170.00"
"23/02/2020 17:00 - 23/02/2020 18:00","BZN|BG","5562.00","5651.00"
"23/02/2020 18:00 - 23/02/2020 19:00","BZN|BG","5726.00","5734.00"
"23/02/2020 19:00 - 23/02/2020 20:00","BZN|BG","5496.00","5546.00"
"23/02/2020 20:00 - 23/02/2020 21:00","BZN|BG","5171.00","5292.00"
"23/02/2020 21:00 - 23/02/2020 22:00","BZN|BG","4988.00","5083.00"
"23/02/2020 22:00 - 23/02/2020 23:00","BZN|BG","4470.00","4720.00"
"23/02/2020 23:00 - 24/02/2020 00:00","BZN|BG","4201.00","4236.00"
"24/02/2020 00:00 - 24/02/2020 01:00","BZN|BG","3998.00","3994.00"
"24/02/2020 01:00 - 24/02/2020 02:00","BZN|BG","3878.00","3914.00"
"24/02/2020 02:00 - 24/02/2020 03:00","BZN|BG","3836.00","3892.00"
"24/02/2020 03:00 - 24/02/2020 04:00","BZN|BG","3884.00","3936.00"
"24/02/2020 04:00 - 24/02/2020 05:00","BZN|BG","4044.00","4113.00"
"24/02/2020 05:00 - 24/02/2020 06:00","BZN|BG","4566.00","4602.00"
"24/02/2020 06:00 - 24/02/2020 07:00","BZN|BG","5126.00","5049.00"
"24/02/2020 07:00 - 24/02/2020 08:00","BZN|BG","5533.00","5309.00"
"24/02/2020 08:00 - 24/02/2020 09:00","BZN|BG","5637.00","5277.00"
"24/02/2020 09:00 - 24/02/2020 10:00","BZN|BG","5398.00","5075.00"
"24/02/2020 10:00 - 24/02/2020 11:00","BZN|BG","5196.00","4933.00"
"24/02/2020 11:00 - 24/02/2020 12:00","BZN|BG","5046.00","4800.00"
"24/02/2020 12:00 - 24/02/2020 13:00","BZN|BG","5006.00","4763.00"
"24/02/2020 13:00 - 24/02/2020 14:00","BZN|BG","4911.00","4730.00"
"24/02/2020 14:00 - 24/02/2020 15:00","BZN|BG","4885.00","4732.00"
"24/02/2020 15:00 - 24/02/2020 16:00","BZN|BG","4902.00","4797.00"
"24/02/2020 16:00 - 24/02/2020 17:00","BZN|BG","4997.00","4992.00"
"24/02/2020 17:00 - 24/02/2020 18:00","BZN|BG","5550.00","5508.00"
"24/02/2020 18:00 - 24/02/2020 19:00","BZN|BG","5737.00","5672.00"
"24/02/2020 19:00 - 24/02/2020 20:00","BZN|BG","5502.00","5465.00"
"24/02/2020 20:00 - 24/02/2020 21:00","BZN|BG","5248.00","5227.00"
"24/02/2020 21:00 - 24/02/2020 22:00","BZN|BG","5018.00","5036.00"
"24/02/2020 22:00 - 24/02/2020 23:00","BZN|BG","4670.00","4619.00"
"24/02/2020 23:00 - 25/02/2020 00:00","BZN|BG","4312.00","4299.00"
"25/02/2020 00:00 - 25/02/2020 01:00","BZN|BG","4109.00","4094.00"
"25/02/2020 01:00 - 25/02/2020 02:00","BZN|BG","4023.00","4012.00"
"25/02/2020 02:00 - 25/02/2020 03:00","BZN|BG","3988.00","3976.00"
"25/02/2020 03:00 - 25/02/2020 04:00","BZN|BG","4034.00","4021.00"
"25/02/2020 04:00 - 25/02/2020 05:00","BZN|BG","4239.00","4196.00"
"25/02/2020 05:00 - 25/02/2020 06:00","BZN|BG","4743.00","4743.00"
"25/02/2020 06:00 - 25/02/2020 07:00","BZN|BG","5270.00","5263.00"
"25/02/2020 07:00 - 25/02/2020 08:00","BZN|BG","5524.00","5500.00"
"25/02/2020 08:00 - 25/02/2020 09:00","BZN|BG","5448.00","5622.00"
"25/02/2020 09:00 - 25/02/2020 10:00","BZN|BG","5164.00","5337.00"
"25/02/2020 10:00 - 25/02/2020 11:00","BZN|BG","5000.00","5097.00"
"25/02/2020 11:00 - 25/02/2020 12:00","BZN|BG","4844.00","4881.00"
"25/02/2020 12:00 - 25/02/2020 13:00","BZN|BG","4798.00","4835.00"
"25/02/2020 13:00 - 25/02/2020 14:00","BZN|BG","4735.00","4782.00"
"25/02/2020 14:00 - 25/02/2020 15:00","BZN|BG","4704.00","4821.00"
"25/02/2020 15:00 - 25/02/2020 16:00","BZN|BG","4728.00","4906.00"
"25/02/2020 16:00 - 25/02/2020 17:00","BZN|BG","4910.00","5141.00"
"25/02/2020 17:00 - 25/02/2020 18:00","BZN|BG","5475.00","5700.00"
"25/02/2020 18:00 - 25/02/2020 19:00","BZN|BG","5678.00","5793.00"
"25/02/2020 19:00 - 25/02/2020 20:00","BZN|BG","5478.00","5539.00"
"25/02/2020 20:00 - 25/02/2020 21:00","BZN|BG","5202.00","5267.00"
"25/02/2020 21:00 - 25/02/2020 22:00","BZN|BG","4981.00","5056.00"
"25/02/2020 22:00 - 25/02/2020 23:00","BZN|BG","4552.00","4690.00"
"25/02/2020 23:00 - 26/02/2020 00:00","BZN|BG","4220.00","4177.00"
"26/02/2020 00:00 - 26/02/2020 01:00","BZN|BG","4006.00","3972.00"
"26/02/2020 01:00 - 26/02/2020 02:00","BZN|BG","3890.00","3886.00"
"26/02/2020 02:00 - 26/02/2020 03:00","BZN|BG","3870.00","3845.00"
"26/02/2020 03:00 - 26/02/2020 04:00","BZN|BG","3902.00","3881.00"
"26/02/2020 04:00 - 26/02/2020 05:00","BZN|BG","4067.00","4035.00"
"26/02/2020 05:00 - 26/02/2020 06:00","BZN|BG","4550.00","4525.00"
"26/02/2020 06:00 - 26/02/2020 07:00","BZN|BG","5048.00","4994.00"
"26/02/2020 07:00 - 26/02/2020 08:00","BZN|BG","5296.00","5220.00"
"26/02/2020 08:00 - 26/02/2020 09:00","BZN|BG","5247.00","5314.00"
"26/02/2020 09:00 - 26/02/2020 10:00","BZN|BG","5033.00","5089.00"
"26/02/2020 10:00 - 26/02/2020 11:00","BZN|BG","4867.00","4906.00"
"26/02/2020 11:00 - 26/02/2020 12:00","BZN|BG","4730.00","4740.00"
"26/02/2020 12:00 - 26/02/2020 13:00","BZN|BG","4656.00","4703.00"
"26/02/2020 13:00 - 26/02/2020 14:00","BZN|BG","4609.00","4660.00"
"26/02/2020 14:00 - 26/02/2020 15:00","BZN|BG","4593.00","4706.00"
"26/02/2020 15:00 - 26/02/2020 16:00","BZN|BG","4621.00","4766.00"
"26/02/2020 16:00 - 26/02/2020 17:00","BZN|BG","4780.00","4950.00"
"26/02/2020 17:00 - 26/02/2020 18:00","BZN|BG","5323.00","5407.00"
"26/02/2020 18:00 - 26/02/2020 19:00","BZN|BG","5537.00","5511.00"
"26/02/2020 19:00 - 26/02/2020 20:00","BZN|BG","5309.00","5280.00"
"26/02/2020 20:00 - 26/02/2020 21:00","BZN|BG","5049.00","5022.00"
"26/02/2020 21:00 - 26/02/2020 22:00","BZN|BG","4808.00","4800.00"
"26/02/2020 22:00 - 26/02/2020 23:00","BZN|BG","4508.00","4425.00"
"26/02/2020 23:00 - 27/02/2020 00:00","BZN|BG","4092.00","4204.00"
"27/02/2020 00:00 - 27/02/2020 01:00","BZN|BG","3853.00","3972.00"
"27/02/2020 01:00 - 27/02/2020 02:00","BZN|BG","3759.00","3881.00"
"27/02/2020 02:00 - 27/02/2020 03:00","BZN|BG","3722.00","3834.00"
"27/02/2020 03:00 - 27/02/2020 04:00","BZN|BG","3757.00","3873.00"
"27/02/2020 04:00 - 27/02/2020 05:00","BZN|BG","3925.00","4033.00"
"27/02/2020 05:00 - 27/02/2020 06:00","BZN|BG","4386.00","4514.00"
"27/02/2020 06:00 - 27/02/2020 07:00","BZN|BG","4842.00","4978.00"
"27/02/2020 07:00 - 27/02/2020 08:00","BZN|BG","5090.00","5220.00"
"27/02/2020 08:00 - 27/02/2020 09:00","BZN|BG","5111.00","5244.00"
"27/02/2020 09:00 - 27/02/2020 10:00","BZN|BG","5040.00","5093.00"
"27/02/2020 10:00 - 27/02/2020 11:00","BZN|BG","5039.00","4982.00"
"27/02/2020 11:00 - 27/02/2020 12:00","BZN|BG","5058.00","4881.00"
"27/02/2020 12:00 - 27/02/2020 13:00","BZN|BG","5119.00","4857.00"
"27/02/2020 13:00 - 27/02/2020 14:00","BZN|BG","5090.00","4836.00"
"27/02/2020 14:00 - 27/02/2020 15:00","BZN|BG","5130.00","4875.00"
"27/02/2020 15:00 - 27/02/2020 16:00","BZN|BG","5187.00","4935.00"
"27/02/2020 16:00 - 27/02/2020 17:00","BZN|BG","5281.00","5109.00"
"27/02/2020 17:00 - 27/02/2020 18:00","BZN|BG","5692.00","5551.00"
"27/02/2020 18:00 - 27/02/2020 19:00","BZN|BG","5827.00","5665.00"
"27/02/2020 19:00 - 27/02/2020 20:00","BZN|BG","5566.00","5445.00"
"27/02/2020 20:00 - 27/02/2020 21:00","BZN|BG","5321.00","5188.00"
"27/02/2020 21:00 - 27/02/2020 22:00","BZN|BG","5071.00","4974.00"
"27/02/2020 22:00 - 27/02/2020 23:00","BZN|BG","4687.00","4600.00"
"27/02/2020 23:00 - 28/02/2020 00:00","BZN|BG","4357.00","4176.00"
"28/02/2020 00:00 - 28/02/2020 01:00","BZN|BG","4140.00","3962.00"
"28/02/2020 01:00 - 28/02/2020 02:00","BZN|BG","4042.00","3874.00"
"28/02/2020 02:00 - 28/02/2020 03:00","BZN|BG","4014.00","3834.00"
"28/02/2020 03:00 - 28/02/2020 04:00","BZN|BG","4045.00","3870.00"
"28/02/2020 04:00 - 28/02/2020 05:00","BZN|BG","4228.00","4021.00"
"28/02/2020 05:00 - 28/02/2020 06:00","BZN|BG","4693.00","4474.00"
"28/02/2020 06:00 - 28/02/2020 07:00","BZN|BG","5214.00","4910.00"
"28/02/2020 07:00 - 28/02/2020 08:00","BZN|BG","5511.00","5220.00"
"28/02/2020 08:00 - 28/02/2020 09:00","BZN|BG","5560.00","5149.00"
"28/02/2020 09:00 - 28/02/2020 10:00","BZN|BG","5329.00","5027.00"
"28/02/2020 10:00 - 28/02/2020 11:00","BZN|BG","5191.00","4936.00"
"28/02/2020 11:00 - 28/02/2020 12:00","BZN|BG","5018.00","4852.00"
"28/02/2020 12:00 - 28/02/2020 13:00","BZN|BG","4965.00","4828.00"
"28/02/2020 13:00 - 28/02/2020 14:00","BZN|BG","5013.00","4810.00"
"28/02/2020 14:00 - 28/02/2020 15:00","BZN|BG","5068.00","4850.00"
"28/02/2020 15:00 - 28/02/2020 16:00","BZN|BG","5163.00","4915.00"
"28/02/2020 16:00 - 28/02/2020 17:00","BZN|BG","5340.00","5107.00"
"28/02/2020 17:00 - 28/02/2020 18:00","BZN|BG","5732.00","5609.00"
"28/02/2020 18:00 - 28/02/2020 19:00","BZN|BG","5797.00","5743.00"
"28/02/2020 19:00 - 28/02/2020 20:00","BZN|BG","5507.00","5512.00"
"28/02/2020 20:00 - 28/02/2020 21:00","BZN|BG","5180.00","5245.00"
"28/02/2020 21:00 - 28/02/2020 22:00","BZN|BG","5021.00","5019.00"
"28/02/2020 22:00 - 28/02/2020 23:00","BZN|BG","4705.00","4628.00"
"28/02/2020 23:00 - 29/02/2020 00:00","BZN|BG","4388.00","4315.00"
"29/02/2020 00:00 - 29/02/2020 01:00","BZN|BG","4162.00","4037.00"
"29/02/2020 01:00 - 29/02/2020 02:00","BZN|BG","4024.00","3901.00"
"29/02/2020 02:00 - 29/02/2020 03:00","BZN|BG","3999.00","3839.00"
"29/02/2020 03:00 - 29/02/2020 04:00","BZN|BG","3994.00","3844.00"
"29/02/2020 04:00 - 29/02/2020 05:00","BZN|BG","4046.00","3918.00"
"29/02/2020 05:00 - 29/02/2020 06:00","BZN|BG","4236.00","4075.00"
"29/02/2020 06:00 - 29/02/2020 07:00","BZN|BG","4586.00","4407.00"
"29/02/2020 07:00 - 29/02/2020 08:00","BZN|BG","5080.00","4932.00"
"29/02/2020 08:00 - 29/02/2020 09:00","BZN|BG","5254.00","5089.00"
"29/02/2020 09:00 - 29/02/2020 10:00","BZN|BG","5228.00","5058.00"
"29/02/2020 10:00 - 29/02/2020 11:00","BZN|BG","5139.00","4952.00"
"29/02/2020 11:00 - 29/02/2020 12:00","BZN|BG","5053.00","4922.00"
"29/02/2020 12:00 - 29/02/2020 13:00","BZN|BG","4923.00","4816.00"
"29/02/2020 13:00 - 29/02/2020 14:00","BZN|BG","4771.00","4775.00"
"29/02/2020 14:00 - 29/02/2020 15:00","BZN|BG","4695.00","4801.00"
"29/02/2020 15:00 - 29/02/2020 16:00","BZN|BG","4743.00","4891.00"
"29/02/2020 16:00 - 29/02/2020 17:00","BZN|BG","4900.00","5093.00"
"29/02/2020 17:00 - 29/02/2020 18:00","BZN|BG","5364.00","5406.00"
"29/02/2020 18:00 - 29/02/2020 19:00","BZN|BG","5542.00","5429.00"
"29/02/2020 19:00 - 29/02/2020 20:00","BZN|BG","5288.00","5190.00"
"29/02/2020 20:00 - 29/02/2020 21:00","BZN|BG","5000.00","4975.00"
"29/02/2020 21:00 - 29/02/2020 22:00","BZN|BG","4840.00","4827.00"
"29/02/2020 22:00 - 29/02/2020 23:00","BZN|BG","4582.00","4575.00"
"29/02/2020 23:00 - 01/03/2020 00:00","BZN|BG","4316.00","4293.00"
"01/03/2020 00:00 - 01/03/2020 01:00","BZN|BG","4105.00","4086.00"
"01/03/2020 01:00 - 01/03/2020 02:00","BZN|BG","3991.00","3967.00"
"01/03/2020 02:00 - 01/03/2020 03:00","BZN|BG","3920.00","3926.00"
"01/03/2020 03:00 - 01/03/2020 04:00","BZN|BG","3919.00","3959.00"
"01/03/2020 04:00 - 01/03/2020 05:00","BZN|BG","3964.00","4024.00"
"01/03/2020 05:00 - 01/03/2020 06:00","BZN|BG","4096.00","4139.00"
"01/03/2020 06:00 - 01/03/2020 07:00","BZN|BG","4398.00","4428.00"
"01/03/2020 07:00 - 01/03/2020 08:00","BZN|BG","4796.00","5220.00"
"01/03/2020 08:00 - 01/03/2020 09:00","BZN|BG","4880.00","5044.00"
"01/03/2020 09:00 - 01/03/2020 10:00","BZN|BG","4842.00","5009.00"
"01/03/2020 10:00 - 01/03/2020 11:00","BZN|BG","4781.00","4893.00"
"01/03/2020 11:00 - 01/03/2020 12:00","BZN|BG","4698.00","4797.00"
"01/03/2020 12:00 - 01/03/2020 13:00","BZN|BG","4534.00","4725.00"
"01/03/2020 13:00 - 01/03/2020 14:00","BZN|BG","4421.00","4653.00"
"01/03/2020 14:00 - 01/03/2020 15:00","BZN|BG","4412.00","4660.00"
"01/03/2020 15:00 - 01/03/2020 16:00","BZN|BG","4555.00","4734.00"
"01/03/2020 16:00 - 01/03/2020 17:00","BZN|BG","4855.00","5062.00"
"01/03/2020 17:00 - 01/03/2020 18:00","BZN|BG","5344.00","5548.00"
"01/03/2020 18:00 - 01/03/2020 19:00","BZN|BG","5449.00","5689.00"
"01/03/2020 19:00 - 01/03/2020 20:00","BZN|BG","5231.00","5458.00"
"01/03/2020 20:00 - 01/03/2020 21:00","BZN|BG","4999.00","5154.00"
"01/03/2020 21:00 - 01/03/2020 22:00","BZN|BG","4837.00","4984.00"
"01/03/2020 22:00 - 01/03/2020 23:00","BZN|BG","4405.00","4610.00"
"01/03/2020 23:00 - 02/03/2020 00:00","BZN|BG","4103.00","4117.00"
"02/03/2020 00:00 - 02/03/2020 01:00","BZN|BG","3885.00","3906.00"
"02/03/2020 01:00 - 02/03/2020 02:00","BZN|BG","3783.00","3793.00"
"02/03/2020 02:00 - 02/03/2020 03:00","BZN|BG","3729.00","3752.00"
"02/03/2020 03:00 - 02/03/2020 04:00","BZN|BG","3763.00","3768.00"
"02/03/2020 04:00 - 02/03/2020 05:00","BZN|BG","3933.00","3918.00"
"02/03/2020 05:00 - 02/03/2020 06:00","BZN|BG","4349.00","4334.00"
"02/03/2020 06:00 - 02/03/2020 07:00","BZN|BG","4833.00","4783.00"
"02/03/2020 07:00 - 02/03/2020 08:00","BZN|BG","5079.00","5090.00"
"02/03/2020 08:00 - 02/03/2020 09:00","BZN|BG","5134.00","5154.00"
"02/03/2020 09:00 - 02/03/2020 10:00","BZN|BG","4981.00","4972.00"
"02/03/2020 10:00 - 02/03/2020 11:00","BZN|BG","4843.00","4835.00"
"02/03/2020 11:00 - 02/03/2020 12:00","BZN|BG","4683.00","4753.00"
"02/03/2020 12:00 - 02/03/2020 13:00","BZN|BG","4549.00","4746.00"
"02/03/2020 13:00 - 02/03/2020 14:00","BZN|BG","4401.00","4694.00"
"02/03/2020 14:00 - 02/03/2020 15:00","BZN|BG","4362.00","4722.00"
"02/03/2020 15:00 - 02/03/2020 16:00","BZN|BG","4382.00","4733.00"
"02/03/2020 16:00 - 02/03/2020 17:00","BZN|BG","4472.00","4819.00"
"02/03/2020 17:00 - 02/03/2020 18:00","BZN|BG","4999.00","5255.00"
"02/03/2020 18:00 - 02/03/2020 19:00","BZN|BG","5196.00","5407.00"
"02/03/2020 19:00 - 02/03/2020 20:00","BZN|BG","4949.00","5195.00"
"02/03/2020 20:00 - 02/03/2020 21:00","BZN|BG","4688.00","4958.00"
"02/03/2020 21:00 - 02/03/2020 22:00","BZN|BG","4476.00","4753.00"
"02/03/2020 22:00 - 02/03/2020 23:00","BZN|BG","4179.00","4438.00"
"02/03/2020 23:00 - 03/03/2020 00:00","BZN|BG","3782.00","3980.00"
"03/03/2020 00:00 - 03/03/2020 01:00","BZN|BG","3568.00","3753.00"
"03/03/2020 01:00 - 03/03/2020 02:00","BZN|BG","3499.00","3669.00"
"03/03/2020 02:00 - 03/03/2020 03:00","BZN|BG","3459.00","3630.00"
"03/03/2020 03:00 - 03/03/2020 04:00","BZN|BG","3464.00","3655.00"
"03/03/2020 04:00 - 03/03/2020 05:00","BZN|BG","3543.00","3780.00"
"03/03/2020 05:00 - 03/03/2020 06:00","BZN|BG","3693.00","4131.00"
"03/03/2020 06:00 - 03/03/2020 07:00","BZN|BG","4012.00","4478.00"
"03/03/2020 07:00 - 03/03/2020 08:00","BZN|BG","4436.00","4645.00"
"03/03/2020 08:00 - 03/03/2020 09:00","BZN|BG","4640.00","4620.00"
"03/03/2020 09:00 - 03/03/2020 10:00","BZN|BG","4568.00","4355.00"
"03/03/2020 10:00 - 03/03/2020 11:00","BZN|BG","4458.00","4181.00"
"03/03/2020 11:00 - 03/03/2020 12:00","BZN|BG","4365.00","4023.00"
"03/03/2020 12:00 - 03/03/2020 13:00","BZN|BG","4202.00","4001.00"
"03/03/2020 13:00 - 03/03/2020 14:00","BZN|BG","4051.00","4001.00"
"03/03/2020 14:00 - 03/03/2020 15:00","BZN|BG","4014.00","4044.00"
"03/03/2020 15:00 - 03/03/2020 16:00","BZN|BG","4071.00","4109.00"
"03/03/2020 16:00 - 03/03/2020 17:00","BZN|BG","4295.00","4246.00"
"03/03/2020 17:00 - 03/03/2020 18:00","BZN|BG","4779.00","4632.00"
"03/03/2020 18:00 - 03/03/2020 19:00","BZN|BG","4976.00","4758.00"
"03/03/2020 19:00 - 03/03/2020 20:00","BZN|BG","4777.00","4595.00"
"03/03/2020 20:00 - 03/03/2020 21:00","BZN|BG","4521.00","4409.00"
"03/03/2020 21:00 - 03/03/2020 22:00","BZN|BG","4327.00","4274.00"
"03/03/2020 22:00 - 03/03/2020 23:00","BZN|BG","3987.00","4034.00"
"03/03/2020 23:00 - 04/03/2020 00:00","BZN|BG","3626.00","3729.00"
"04/03/2020 00:00 - 04/03/2020 01:00","BZN|BG","3420.00","3522.00"
"04/03/2020 01:00 - 04/03/2020 02:00","BZN|BG","3304.00","3440.00"
"04/03/2020 02:00 - 04/03/2020 03:00","BZN|BG","3270.00","3410.00"
"04/03/2020 03:00 - 04/03/2020 04:00","BZN|BG","3324.00","3452.00"
"04/03/2020 04:00 - 04/03/2020 05:00","BZN|BG","3492.00","3627.00"
"04/03/2020 05:00 - 04/03/2020 06:00","BZN|BG","3948.00","4101.00"
"04/03/2020 06:00 - 04/03/2020 07:00","BZN|BG","4435.00","4565.00"
"04/03/2020 07:00 - 04/03/2020 08:00","BZN|BG","4735.00","4774.00"
"04/03/2020 08:00 - 04/03/2020 09:00","BZN|BG","4783.00","4749.00"
"04/03/2020 09:00 - 04/03/2020 10:00","BZN|BG","4662.00","4551.00"
"04/03/2020 10:00 - 04/03/2020 11:00","BZN|BG","4527.00","4434.00"
"04/03/2020 11:00 - 04/03/2020 12:00","BZN|BG","4370.00","4327.00"
"04/03/2020 12:00 - 04/03/2020 13:00","BZN|BG","4408.00","4312.00"
"04/03/2020 13:00 - 04/03/2020 14:00","BZN|BG","4397.00","4323.00"
"04/03/2020 14:00 - 04/03/2020 15:00","BZN|BG","4478.00","4370.00"
"04/03/2020 15:00 - 04/03/2020 16:00","BZN|BG","4635.00","4450.00"
"04/03/2020 16:00 - 04/03/2020 17:00","BZN|BG","4825.00","4612.00"
"04/03/2020 17:00 - 04/03/2020 18:00","BZN|BG","5206.00","5062.00"
"04/03/2020 18:00 - 04/03/2020 19:00","BZN|BG","5340.00","5203.00"
"04/03/2020 19:00 - 04/03/2020 20:00","BZN|BG","5095.00","4977.00"
"04/03/2020 20:00 - 04/03/2020 21:00","BZN|BG","4803.00","4714.00"
"04/03/2020 21:00 - 04/03/2020 22:00","BZN|BG","4571.00","4519.00"
"04/03/2020 22:00 - 04/03/2020 23:00","BZN|BG","4216.00","4176.00"
"04/03/2020 23:00 - 05/03/2020 00:00","BZN|BG","3931.00","3801.00"
"05/03/2020 00:00 - 05/03/2020 01:00","BZN|BG","3735.00","3544.00"
"05/03/2020 01:00 - 05/03/2020 02:00","BZN|BG","3658.00","3454.00"
"05/03/2020 02:00 - 05/03/2020 03:00","BZN|BG","3605.00","3414.00"
"05/03/2020 03:00 - 05/03/2020 04:00","BZN|BG","3643.00","3462.00"
"05/03/2020 04:00 - 05/03/2020 05:00","BZN|BG","3797.00","3668.00"
"05/03/2020 05:00 - 05/03/2020 06:00","BZN|BG","4260.00","4206.00"
"05/03/2020 06:00 - 05/03/2020 07:00","BZN|BG","4795.00","4773.00"
"05/03/2020 07:00 - 05/03/2020 08:00","BZN|BG","5189.00","5095.00"
"05/03/2020 08:00 - 05/03/2020 09:00","BZN|BG","5307.00","5114.00"
"05/03/2020 09:00 - 05/03/2020 10:00","BZN|BG","5235.00","4984.00"
"05/03/2020 10:00 - 05/03/2020 11:00","BZN|BG","5182.00","4897.00"
"05/03/2020 11:00 - 05/03/2020 12:00","BZN|BG","5095.00","4813.00"
"05/03/2020 12:00 - 05/03/2020 13:00","BZN|BG","5067.00","4780.00"
"05/03/2020 13:00 - 05/03/2020 14:00","BZN|BG","4989.00","4765.00"
"05/03/2020 14:00 - 05/03/2020 15:00","BZN|BG","4957.00","4794.00"
"05/03/2020 15:00 - 05/03/2020 16:00","BZN|BG","4942.00","4871.00"
"05/03/2020 16:00 - 05/03/2020 17:00","BZN|BG","5001.00","5026.00"
"05/03/2020 17:00 - 05/03/2020 18:00","BZN|BG","5388.00","5428.00"
"05/03/2020 18:00 - 05/03/2020 19:00","BZN|BG","5584.00","5557.00"
"05/03/2020 19:00 - 05/03/2020 20:00","BZN|BG","5353.00","5300.00"
"05/03/2020 20:00 - 05/03/2020 21:00","BZN|BG","5075.00","5001.00"
"05/03/2020 21:00 - 05/03/2020 22:00","BZN|BG","4889.00","4778.00"
"05/03/2020 22:00 - 05/03/2020 23:00","BZN|BG","4511.00","4381.00"
"05/03/2020 23:00 - 06/03/2020 00:00","BZN|BG","4169.00","4046.00"
"06/03/2020 00:00 - 06/03/2020 01:00","BZN|BG","3968.00","3830.00"
"06/03/2020 01:00 - 06/03/2020 02:00","BZN|BG","3868.00","3745.00"
"06/03/2020 02:00 - 06/03/2020 03:00","BZN|BG","3836.00","3709.00"
"06/03/2020 03:00 - 06/03/2020 04:00","BZN|BG","3870.00","3759.00"
"06/03/2020 04:00 - 06/03/2020 05:00","BZN|BG","4025.00","3964.00"
"06/03/2020 05:00 - 06/03/2020 06:00","BZN|BG","4439.00","4496.00"
"06/03/2020 06:00 - 06/03/2020 07:00","BZN|BG","4900.00","5057.00"
"06/03/2020 07:00 - 06/03/2020 08:00","BZN|BG","5182.00","5383.00"
"06/03/2020 08:00 - 06/03/2020 09:00","BZN|BG","5205.00","5419.00"
"06/03/2020 09:00 - 06/03/2020 10:00","BZN|BG","5018.00","5313.00"
"06/03/2020 10:00 - 06/03/2020 11:00","BZN|BG","4884.00","5233.00"
"06/03/2020 11:00 - 06/03/2020 12:00","BZN|BG","4784.00","5156.00"
"06/03/2020 12:00 - 06/03/2020 13:00","BZN|BG","4744.00","5136.00"
"06/03/2020 13:00 - 06/03/2020 14:00","BZN|BG","4657.00","5120.00"
"06/03/2020 14:00 - 06/03/2020 15:00","BZN|BG","4665.00","5142.00"
"06/03/2020 15:00 - 06/03/2020 16:00","BZN|BG","4684.00","5194.00"
"06/03/2020 16:00 - 06/03/2020 17:00","BZN|BG","4789.00","5293.00"
"06/03/2020 17:00 - 06/03/2020 18:00","BZN|BG","5215.00","5549.00"
"06/03/2020 18:00 - 06/03/2020 19:00","BZN|BG","5366.00","5632.00"
"06/03/2020 19:00 - 06/03/2020 20:00","BZN|BG","5110.00","5404.00"
"06/03/2020 20:00 - 06/03/2020 21:00","BZN|BG","4843.00","5138.00"
"06/03/2020 21:00 - 06/03/2020 22:00","BZN|BG","4637.00","4937.00"
"06/03/2020 22:00 - 06/03/2020 23:00","BZN|BG","4345.00","4588.00"
"06/03/2020 23:00 - 07/03/2020 00:00","BZN|BG","4044.00","4024.00"
"07/03/2020 00:00 - 07/03/2020 01:00","BZN|BG","3830.00","3816.00"
"07/03/2020 01:00 - 07/03/2020 02:00","BZN|BG","3691.00","3717.00"
"07/03/2020 02:00 - 07/03/2020 03:00","BZN|BG","3651.00","3696.00"
"07/03/2020 03:00 - 07/03/2020 04:00","BZN|BG","3651.00","3682.00"
"07/03/2020 04:00 - 07/03/2020 05:00","BZN|BG","3728.00","3729.00"
"07/03/2020 05:00 - 07/03/2020 06:00","BZN|BG","3868.00","3900.00"
"07/03/2020 06:00 - 07/03/2020 07:00","BZN|BG","4159.00","4221.00"
"07/03/2020 07:00 - 07/03/2020 08:00","BZN|BG","4528.00","4645.00"
"07/03/2020 08:00 - 07/03/2020 09:00","BZN|BG","4674.00","4777.00"
"07/03/2020 09:00 - 07/03/2020 10:00","BZN|BG","4535.00","4741.00"
"07/03/2020 10:00 - 07/03/2020 11:00","BZN|BG","4427.00","4619.00"
"07/03/2020 11:00 - 07/03/2020 12:00","BZN|BG","4396.00","4531.00"
"07/03/2020 12:00 - 07/03/2020 13:00","BZN|BG","4333.00","4407.00"
"07/03/2020 13:00 - 07/03/2020 14:00","BZN|BG","4256.00","4219.00"
"07/03/2020 14:00 - 07/03/2020 15:00","BZN|BG","4239.00","4181.00"
"07/03/2020 15:00 - 07/03/2020 16:00","BZN|BG","4390.00","4271.00"
"07/03/2020 16:00 - 07/03/2020 17:00","BZN|BG","4582.00","4463.00"
"07/03/2020 17:00 - 07/03/2020 18:00","BZN|BG","4938.00","4928.00"
"07/03/2020 18:00 - 07/03/2020 19:00","BZN|BG","5025.00","5083.00"
"07/03/2020 19:00 - 07/03/2020 20:00","BZN|BG","4754.00","4796.00"
"07/03/2020 20:00 - 07/03/2020 21:00","BZN|BG","4482.00","4512.00"
"07/03/2020 21:00 - 07/03/2020 22:00","BZN|BG","4323.00","4343.00"
"07/03/2020 22:00 - 07/03/2020 23:00","BZN|BG","4065.00","4058.00"
"07/03/2020 23:00 - 08/03/2020 00:00","BZN|BG","3867.00","3922.00"
"08/03/2020 00:00 - 08/03/2020 01:00","BZN|BG","3666.00","3657.00"
"08/03/2020 01:00 - 08/03/2020 02:00","BZN|BG","3545.00","3516.00"
"08/03/2020 02:00 - 08/03/2020 03:00","BZN|BG","3463.00","3443.00"
"08/03/2020 03:00 - 08/03/2020 04:00","BZN|BG","3436.00","3433.00"
"08/03/2020 04:00 - 08/03/2020 05:00","BZN|BG","3498.00","3500.00"
"08/03/2020 05:00 - 08/03/2020 06:00","BZN|BG","3592.00","3660.00"
"08/03/2020 06:00 - 08/03/2020 07:00","BZN|BG","3853.00","3978.00"
"08/03/2020 07:00 - 08/03/2020 08:00","BZN|BG","4236.00","4397.00"
"08/03/2020 08:00 - 08/03/2020 09:00","BZN|BG","4493.00","4452.00"
"08/03/2020 09:00 - 08/03/2020 10:00","BZN|BG","4527.00","4431.00"
"08/03/2020 10:00 - 08/03/2020 11:00","BZN|BG","4576.00","4402.00"
"08/03/2020 11:00 - 08/03/2020 12:00","BZN|BG","4575.00","4382.00"
"08/03/2020 12:00 - 08/03/2020 13:00","BZN|BG","4454.00","4317.00"
"08/03/2020 13:00 - 08/03/2020 14:00","BZN|BG","4410.00","4274.00"
"08/03/2020 14:00 - 08/03/2020 15:00","BZN|BG","4415.00","4305.00"
"08/03/2020 15:00 - 08/03/2020 16:00","BZN|BG","4552.00","4422.00"
"08/03/2020 16:00 - 08/03/2020 17:00","BZN|BG","4809.00","4634.00"
"08/03/2020 17:00 - 08/03/2020 18:00","BZN|BG","5125.00","4944.00"
"08/03/2020 18:00 - 08/03/2020 19:00","BZN|BG","5155.00","5008.00"
"08/03/2020 19:00 - 08/03/2020 20:00","BZN|BG","4918.00","4862.00"
"08/03/2020 20:00 - 08/03/2020 21:00","BZN|BG","4662.00","4698.00"
"08/03/2020 21:00 - 08/03/2020 22:00","BZN|BG","4448.00","4583.00"
"08/03/2020 22:00 - 08/03/2020 23:00","BZN|BG","4135.00","4277.00"
"08/03/2020 23:00 - 09/03/2020 00:00","BZN|BG","3877.00","3795.00"
"09/03/2020 00:00 - 09/03/2020 01:00","BZN|BG","3714.00","3627.00"
"09/03/2020 01:00 - 09/03/2020 02:00","BZN|BG","3603.00","3545.00"
"09/03/2020 02:00 - 09/03/2020 03:00","BZN|BG","3581.00","3504.00"
"09/03/2020 03:00 - 09/03/2020 04:00","BZN|BG","3628.00","3536.00"
"09/03/2020 04:00 - 09/03/2020 05:00","BZN|BG","3751.00","3706.00"
"09/03/2020 05:00 - 09/03/2020 06:00","BZN|BG","4168.00","4182.00"
"09/03/2020 06:00 - 09/03/2020 07:00","BZN|BG","4676.00","4639.00"
"09/03/2020 07:00 - 09/03/2020 08:00","BZN|BG","5127.00","4872.00"
"09/03/2020 08:00 - 09/03/2020 09:00","BZN|BG","5355.00","4912.00"
"09/03/2020 09:00 - 09/03/2020 10:00","BZN|BG","5319.00","4841.00"
"09/03/2020 10:00 - 09/03/2020 11:00","BZN|BG","5280.00","4793.00"
"09/03/2020 11:00 - 09/03/2020 12:00","BZN|BG","5193.00","4734.00"
"09/03/2020 12:00 - 09/03/2020 13:00","BZN|BG","5181.00","4686.00"
"09/03/2020 13:00 - 09/03/2020 14:00","BZN|BG","5070.00","4640.00"
"09/03/2020 14:00 - 09/03/2020 15:00","BZN|BG","4997.00","4646.00"
"09/03/2020 15:00 - 09/03/2020 16:00","BZN|BG","5037.00","4700.00"
"09/03/2020 16:00 - 09/03/2020 17:00","BZN|BG","5090.00","4810.00"
"09/03/2020 17:00 - 09/03/2020 18:00","BZN|BG","5445.00","5281.00"
"09/03/2020 18:00 - 09/03/2020 19:00","BZN|BG","5589.00","5445.00"
"09/03/2020 19:00 - 09/03/2020 20:00","BZN|BG","5336.00","5172.00"
"09/03/2020 20:00 - 09/03/2020 21:00","BZN|BG","4981.00","4869.00"
"09/03/2020 21:00 - 09/03/2020 22:00","BZN|BG","4809.00","4656.00"
"09/03/2020 22:00 - 09/03/2020 23:00","BZN|BG","4528.00","4312.00"
"09/03/2020 23:00 - 10/03/2020 00:00","BZN|BG","4145.00","4036.00"
"10/03/2020 00:00 - 10/03/2020 01:00","BZN|BG","3913.00","3834.00"
"10/03/2020 01:00 - 10/03/2020 02:00","BZN|BG","3819.00","3752.00"
"10/03/2020 02:00 - 10/03/2020 03:00","BZN|BG","3778.00","3721.00"
"10/03/2020 03:00 - 10/03/2020 04:00","BZN|BG","3762.00","3764.00"
"10/03/2020 04:00 - 10/03/2020 05:00","BZN|BG","3948.00","3945.00"
"10/03/2020 05:00 - 10/03/2020 06:00","BZN|BG","4311.00","4408.00"
"10/03/2020 06:00 - 10/03/2020 07:00","BZN|BG","4794.00","4942.00"
"10/03/2020 07:00 - 10/03/2020 08:00","BZN|BG","5266.00","5323.00"
"10/03/2020 08:00 - 10/03/2020 09:00","BZN|BG","5394.00","5431.00"
"10/03/2020 09:00 - 10/03/2020 10:00","BZN|BG","5372.00","5351.00"
"10/03/2020 10:00 - 10/03/2020 11:00","BZN|BG","5347.00","5277.00"
"10/03/2020 11:00 - 10/03/2020 12:00","BZN|BG","5252.00","5204.00"
"10/03/2020 12:00 - 10/03/2020 13:00","BZN|BG","5269.00","5175.00"
"10/03/2020 13:00 - 10/03/2020 14:00","BZN|BG","5214.00","5148.00"
"10/03/2020 14:00 - 10/03/2020 15:00","BZN|BG","5236.00","5172.00"
"10/03/2020 15:00 - 10/03/2020 16:00","BZN|BG","5258.00","5230.00"
"10/03/2020 16:00 - 10/03/2020 17:00","BZN|BG","5277.00","5343.00"
"10/03/2020 17:00 - 10/03/2020 18:00","BZN|BG","5599.00","5642.00"
"10/03/2020 18:00 - 10/03/2020 19:00","BZN|BG","5695.00","5736.00"
"10/03/2020 19:00 - 10/03/2020 20:00","BZN|BG","5412.00","5461.00"
"10/03/2020 20:00 - 10/03/2020 21:00","BZN|BG","4961.00","5147.00"
"10/03/2020 21:00 - 10/03/2020 22:00","BZN|BG","4737.00","4926.00"
"10/03/2020 22:00 - 10/03/2020 23:00","BZN|BG","4365.00","4548.00"
"10/03/2020 23:00 - 11/03/2020 00:00","BZN|BG","4088.00","4045.00"
"11/03/2020 00:00 - 11/03/2020 01:00","BZN|BG","3898.00","3851.00"
"11/03/2020 01:00 - 11/03/2020 02:00","BZN|BG","3810.00","3767.00"
"11/03/2020 02:00 - 11/03/2020 03:00","BZN|BG","3755.00","3733.00"
"11/03/2020 03:00 - 11/03/2020 04:00","BZN|BG","3805.00","3773.00"
"11/03/2020 04:00 - 11/03/2020 05:00","BZN|BG","3955.00","3937.00"
"11/03/2020 05:00 - 11/03/2020 06:00","BZN|BG","4352.00","4354.00"
"11/03/2020 06:00 - 11/03/2020 07:00","BZN|BG","4814.00","4844.00"
"11/03/2020 07:00 - 11/03/2020 08:00","BZN|BG","5232.00","5219.00"
"11/03/2020 08:00 - 11/03/2020 09:00","BZN|BG","5296.00","5335.00"
"11/03/2020 09:00 - 11/03/2020 10:00","BZN|BG","5161.00","5273.00"
"11/03/2020 10:00 - 11/03/2020 11:00","BZN|BG","5035.00","5197.00"
"11/03/2020 11:00 - 11/03/2020 12:00","BZN|BG","4826.00","5119.00"
"11/03/2020 12:00 - 11/03/2020 13:00","BZN|BG","4813.00","5087.00"
"11/03/2020 13:00 - 11/03/2020 14:00","BZN|BG","4678.00","5035.00"
"11/03/2020 14:00 - 11/03/2020 15:00","BZN|BG","4636.00","5049.00"
"11/03/2020 15:00 - 11/03/2020 16:00","BZN|BG","4646.00","5096.00"
"11/03/2020 16:00 - 11/03/2020 17:00","BZN|BG","4744.00","5200.00"
"11/03/2020 17:00 - 11/03/2020 18:00","BZN|BG","5227.00","5495.00"
"11/03/2020 18:00 - 11/03/2020 19:00","BZN|BG","5555.00","5599.00"
"11/03/2020 19:00 - 11/03/2020 20:00","BZN|BG","5295.00","5346.00"
"11/03/2020 20:00 - 11/03/2020 21:00","BZN|BG","5013.00","5060.00"
"11/03/2020 21:00 - 11/03/2020 22:00","BZN|BG","4609.00","4840.00"
"11/03/2020 22:00 - 11/03/2020 23:00","BZN|BG","4335.00","4469.00"
"11/03/2020 23:00 - 12/03/2020 00:00","BZN|BG","4005.00","3970.00"
"12/03/2020 00:00 - 12/03/2020 01:00","BZN|BG","3793.00","3743.00"
"12/03/2020 01:00 - 12/03/2020 02:00","BZN|BG","3663.00","3648.00"
"12/03/2020 02:00 - 12/03/2020 03:00","BZN|BG","3609.00","3609.00"
"12/03/2020 03:00 - 12/03/2020 04:00","BZN|BG","3654.00","3637.00"
"12/03/2020 04:00 - 12/03/2020 05:00","BZN|BG","3806.00","3798.00"
"12/03/2020 05:00 - 12/03/2020 06:00","BZN|BG","4185.00","4188.00"
"12/03/2020 06:00 - 12/03/2020 07:00","BZN|BG","4606.00","4658.00"
"12/03/2020 07:00 - 12/03/2020 08:00","BZN|BG","4874.00","5036.00"
"12/03/2020 08:00 - 12/03/2020 09:00","BZN|BG","4853.00","5151.00"
"12/03/2020 09:00 - 12/03/2020 10:00","BZN|BG","4641.00","5057.00"
"12/03/2020 10:00 - 12/03/2020 11:00","BZN|BG","4521.00","4944.00"
"12/03/2020 11:00 - 12/03/2020 12:00","BZN|BG","4373.00","4813.00"
"12/03/2020 12:00 - 12/03/2020 13:00","BZN|BG","4377.00","4772.00"
"12/03/2020 13:00 - 12/03/2020 14:00","BZN|BG","4311.00","4688.00"
"12/03/2020 14:00 - 12/03/2020 15:00","BZN|BG","4277.00","4711.00"
"12/03/2020 15:00 - 12/03/2020 16:00","BZN|BG","4266.00","4766.00"
"12/03/2020 16:00 - 12/03/2020 17:00","BZN|BG","4330.00","4881.00"
"12/03/2020 17:00 - 12/03/2020 18:00","BZN|BG","4818.00","5260.00"
"12/03/2020 18:00 - 12/03/2020 19:00","BZN|BG","5243.00","5388.00"
"12/03/2020 19:00 - 12/03/2020 20:00","BZN|BG","5039.00","5138.00"
"12/03/2020 20:00 - 12/03/2020 21:00","BZN|BG","4779.00","4859.00"
"12/03/2020 21:00 - 12/03/2020 22:00","BZN|BG","4541.00","4646.00"
"12/03/2020 22:00 - 12/03/2020 23:00","BZN|BG","4187.00","4289.00"
"12/03/2020 23:00 - 13/03/2020 00:00","BZN|BG","3858.00","3755.00"
"13/03/2020 00:00 - 13/03/2020 01:00","BZN|BG","3667.00","3593.00"
"13/03/2020 01:00 - 13/03/2020 02:00","BZN|BG","3518.00","3525.00"
"13/03/2020 02:00 - 13/03/2020 03:00","BZN|BG","3492.00","3496.00"
"13/03/2020 03:00 - 13/03/2020 04:00","BZN|BG","3524.00","3520.00"
"13/03/2020 04:00 - 13/03/2020 05:00","BZN|BG","3691.00","3642.00"
"13/03/2020 05:00 - 13/03/2020 06:00","BZN|BG","4089.00","3942.00"
"13/03/2020 06:00 - 13/03/2020 07:00","BZN|BG","4520.00","4303.00"
"13/03/2020 07:00 - 13/03/2020 08:00","BZN|BG","4760.00","4595.00"
"13/03/2020 08:00 - 13/03/2020 09:00","BZN|BG","4721.00","4673.00"
"13/03/2020 09:00 - 13/03/2020 10:00","BZN|BG","4546.00","4510.00"
"13/03/2020 10:00 - 13/03/2020 11:00","BZN|BG","4446.00","4329.00"
"13/03/2020 11:00 - 13/03/2020 12:00","BZN|BG","4316.00","4118.00"
"13/03/2020 12:00 - 13/03/2020 13:00","BZN|BG","4328.00","4059.00"
"13/03/2020 13:00 - 13/03/2020 14:00","BZN|BG","4236.00","3924.00"
"13/03/2020 14:00 - 13/03/2020 15:00","BZN|BG","4151.00","3946.00"
"13/03/2020 15:00 - 13/03/2020 16:00","BZN|BG","4143.00","4028.00"
"13/03/2020 16:00 - 13/03/2020 17:00","BZN|BG","4175.00","4203.00"
"13/03/2020 17:00 - 13/03/2020 18:00","BZN|BG","4573.00","4779.00"
"13/03/2020 18:00 - 13/03/2020 19:00","BZN|BG","4883.00","5010.00"
"13/03/2020 19:00 - 13/03/2020 20:00","BZN|BG","4723.00","4780.00"
"13/03/2020 20:00 - 13/03/2020 21:00","BZN|BG","4438.00","4516.00"
"13/03/2020 21:00 - 13/03/2020 22:00","BZN|BG","4301.00","4301.00"
"13/03/2020 22:00 - 13/03/2020 23:00","BZN|BG","4024.00","3967.00"
"13/03/2020 23:00 - 14/03/2020 00:00","BZN|BG","3737.00","3772.00"
"14/03/2020 00:00 - 14/03/2020 01:00","BZN|BG","3490.00","3601.00"
"14/03/2020 01:00 - 14/03/2020 02:00","BZN|BG","3387.00","3512.00"
"14/03/2020 02:00 - 14/03/2020 03:00","BZN|BG","3335.00","3469.00"
"14/03/2020 03:00 - 14/03/2020 04:00","BZN|BG","3324.00","3476.00"
"14/03/2020 04:00 - 14/03/2020 05:00","BZN|BG","3355.00","3547.00"
"14/03/2020 05:00 - 14/03/2020 06:00","BZN|BG","3411.00","3685.00"
"14/03/2020 06:00 - 14/03/2020 07:00","BZN|BG","3721.00","3918.00"
"14/03/2020 07:00 - 14/03/2020 08:00","BZN|BG","3995.00","4210.00"
"14/03/2020 08:00 - 14/03/2020 09:00","BZN|BG","4095.00","4332.00"
"14/03/2020 09:00 - 14/03/2020 10:00","BZN|BG","4077.00","4153.00"
"14/03/2020 10:00 - 14/03/2020 11:00","BZN|BG","3977.00","4053.00"
"14/03/2020 11:00 - 14/03/2020 12:00","BZN|BG","4038.00","4031.00"
"14/03/2020 12:00 - 14/03/2020 13:00","BZN|BG","4011.00","4000.00"
"14/03/2020 13:00 - 14/03/2020 14:00","BZN|BG","3965.00","3984.00"
"14/03/2020 14:00 - 14/03/2020 15:00","BZN|BG","3983.00","3984.00"
"14/03/2020 15:00 - 14/03/2020 16:00","BZN|BG","4110.00","4169.00"
"14/03/2020 16:00 - 14/03/2020 17:00","BZN|BG","4330.00","4427.00"
"14/03/2020 17:00 - 14/03/2020 18:00","BZN|BG","4650.00","4817.00"
"14/03/2020 18:00 - 14/03/2020 19:00","BZN|BG","4751.00","4905.00"
"14/03/2020 19:00 - 14/03/2020 20:00","BZN|BG","4538.00","4682.00"
"14/03/2020 20:00 - 14/03/2020 21:00","BZN|BG","4290.00","4447.00"
"14/03/2020 21:00 - 14/03/2020 22:00","BZN|BG","4134.00","4318.00"
"14/03/2020 22:00 - 14/03/2020 23:00","BZN|BG","3897.00","4077.00"
"14/03/2020 23:00 - 15/03/2020 00:00","BZN|BG","3657.00","3749.00"
"15/03/2020 00:00 - 15/03/2020 01:00","BZN|BG","3488.00","3595.00"
"15/03/2020 01:00 - 15/03/2020 02:00","BZN|BG","3361.00","3513.00"
"15/03/2020 02:00 - 15/03/2020 03:00","BZN|BG","3291.00","3463.00"
"15/03/2020 03:00 - 15/03/2020 04:00","BZN|BG","3273.00","3466.00"
"15/03/2020 04:00 - 15/03/2020 05:00","BZN|BG","3310.00","3510.00"
"15/03/2020 05:00 - 15/03/2020 06:00","BZN|BG","3416.00","3609.00"
"15/03/2020 06:00 - 15/03/2020 07:00","BZN|BG","3720.00","3830.00"
"15/03/2020 07:00 - 15/03/2020 08:00","BZN|BG","4163.00","4185.00"
"15/03/2020 08:00 - 15/03/2020 09:00","BZN|BG","4512.00","4431.00"
"15/03/2020 09:00 - 15/03/2020 10:00","BZN|BG","4654.00","4467.00"
"15/03/2020 10:00 - 15/03/2020 11:00","BZN|BG","4768.00","4517.00"
"15/03/2020 11:00 - 15/03/2020 12:00","BZN|BG","4766.00","4505.00"
"15/03/2020 12:00 - 15/03/2020 13:00","BZN|BG","4749.00","4380.00"
"15/03/2020 13:00 - 15/03/2020 14:00","BZN|BG","4638.00","4317.00"
"15/03/2020 14:00 - 15/03/2020 15:00","BZN|BG","4629.00","4340.00"
"15/03/2020 15:00 - 15/03/2020 16:00","BZN|BG","4713.00","4533.00"
"15/03/2020 16:00 - 15/03/2020 17:00","BZN|BG","4905.00","4879.00"
"15/03/2020 17:00 - 15/03/2020 18:00","BZN|BG","5187.00","5275.00"
"15/03/2020 18:00 - 15/03/2020 19:00","BZN|BG","5274.00","5316.00"
"15/03/2020 19:00 - 15/03/2020 20:00","BZN|BG","5063.00","5086.00"
"15/03/2020 20:00 - 15/03/2020 21:00","BZN|BG","4773.00","4831.00"
"15/03/2020 21:00 - 15/03/2020 22:00","BZN|BG","4592.00","4616.00"
"15/03/2020 22:00 - 15/03/2020 23:00","BZN|BG","4233.00","4323.00"
"15/03/2020 23:00 - 16/03/2020 00:00","BZN|BG","3970.00","3758.00"
"16/03/2020 00:00 - 16/03/2020 01:00","BZN|BG","3785.00","3533.00"
"16/03/2020 01:00 - 16/03/2020 02:00","BZN|BG","3689.00","3394.00"
"16/03/2020 02:00 - 16/03/2020 03:00","BZN|BG","3656.00","3373.00"
"16/03/2020 03:00 - 16/03/2020 04:00","BZN|BG","3691.00","3414.00"
"16/03/2020 04:00 - 16/03/2020 05:00","BZN|BG","3858.00","3554.00"
"16/03/2020 05:00 - 16/03/2020 06:00","BZN|BG","4238.00","4115.00"
"16/03/2020 06:00 - 16/03/2020 07:00","BZN|BG","4744.00","4646.00"
"16/03/2020 07:00 - 16/03/2020 08:00","BZN|BG","5145.00","5076.00"
"16/03/2020 08:00 - 16/03/2020 09:00","BZN|BG","5238.00","5263.00"
"16/03/2020 09:00 - 16/03/2020 10:00","BZN|BG","5123.00","5246.00"
"16/03/2020 10:00 - 16/03/2020 11:00","BZN|BG","5057.00","5229.00"
"16/03/2020 11:00 - 16/03/2020 12:00","BZN|BG","4942.00","5200.00"
"16/03/2020 12:00 - 16/03/2020 13:00","BZN|BG","4874.00","5189.00"
"16/03/2020 13:00 - 16/03/2020 14:00","BZN|BG","4797.00","5159.00"
"16/03/2020 14:00 - 16/03/2020 15:00","BZN|BG","4707.00","5148.00"
"16/03/2020 15:00 - 16/03/2020 16:00","BZN|BG","4687.00","5226.00"
"16/03/2020 16:00 - 16/03/2020 17:00","BZN|BG","4764.00","5289.00"
"16/03/2020 17:00 - 16/03/2020 18:00","BZN|BG","5171.00","5658.00"
"16/03/2020 18:00 - 16/03/2020 19:00","BZN|BG","5548.00","5763.00"
"16/03/2020 19:00 - 16/03/2020 20:00","BZN|BG","5333.00","5406.00"
"16/03/2020 20:00 - 16/03/2020 21:00","BZN|BG","5022.00","4971.00"
"16/03/2020 21:00 - 16/03/2020 22:00","BZN|BG","4786.00","4738.00"
"16/03/2020 22:00 - 16/03/2020 23:00","BZN|BG","4482.00","4379.00"
"16/03/2020 23:00 - 17/03/2020 00:00","BZN|BG","4155.00","4166.00"
"17/03/2020 00:00 - 17/03/2020 01:00","BZN|BG","3915.00","3980.00"
"17/03/2020 01:00 - 17/03/2020 02:00","BZN|BG","3810.00","3886.00"
"17/03/2020 02:00 - 17/03/2020 03:00","BZN|BG","3766.00","3856.00"
"17/03/2020 03:00 - 17/03/2020 04:00","BZN|BG","3800.00","3890.00"
"17/03/2020 04:00 - 17/03/2020 05:00","BZN|BG","3946.00","4062.00"
"17/03/2020 05:00 - 17/03/2020 06:00","BZN|BG","4245.00","4475.00"
"17/03/2020 06:00 - 17/03/2020 07:00","BZN|BG","4718.00","4920.00"
"17/03/2020 07:00 - 17/03/2020 08:00","BZN|BG","5112.00","5122.00"
"17/03/2020 08:00 - 17/03/2020 09:00","BZN|BG","5183.00","5200.00"
"17/03/2020 09:00 - 17/03/2020 10:00","BZN|BG","5049.00","5028.00"
"17/03/2020 10:00 - 17/03/2020 11:00","BZN|BG","4956.00","4888.00"
"17/03/2020 11:00 - 17/03/2020 12:00","BZN|BG","4854.00","4701.00"
"17/03/2020 12:00 - 17/03/2020 13:00","BZN|BG","4718.00","4704.00"
"17/03/2020 13:00 - 17/03/2020 14:00","BZN|BG","4561.00","4620.00"
"17/03/2020 14:00 - 17/03/2020 15:00","BZN|BG","4500.00","4625.00"
"17/03/2020 15:00 - 17/03/2020 16:00","BZN|BG","4475.00","4679.00"
"17/03/2020 16:00 - 17/03/2020 17:00","BZN|BG","4559.00","4805.00"
"17/03/2020 17:00 - 17/03/2020 18:00","BZN|BG","5013.00","5381.00"
"17/03/2020 18:00 - 17/03/2020 19:00","BZN|BG","5373.00","5743.00"
"17/03/2020 19:00 - 17/03/2020 20:00","BZN|BG","5135.00","5491.00"
"17/03/2020 20:00 - 17/03/2020 21:00","BZN|BG","4834.00","5191.00"
"17/03/2020 21:00 - 17/03/2020 22:00","BZN|BG","4637.00","4954.00"
"17/03/2020 22:00 - 17/03/2020 23:00","BZN|BG","4354.00","4611.00"
"17/03/2020 23:00 - 18/03/2020 00:00","BZN|BG","3969.00","4065.00"
"18/03/2020 00:00 - 18/03/2020 01:00","BZN|BG","3726.00","3883.00"
"18/03/2020 01:00 - 18/03/2020 02:00","BZN|BG","3624.00","3789.00"
"18/03/2020 02:00 - 18/03/2020 03:00","BZN|BG","3596.00","3755.00"
"18/03/2020 03:00 - 18/03/2020 04:00","BZN|BG","3639.00","3782.00"
"18/03/2020 04:00 - 18/03/2020 05:00","BZN|BG","3746.00","3922.00"
"18/03/2020 05:00 - 18/03/2020 06:00","BZN|BG","4049.00","4256.00"
"18/03/2020 06:00 - 18/03/2020 07:00","BZN|BG","4513.00","4620.00"
"18/03/2020 07:00 - 18/03/2020 08:00","BZN|BG","4892.00","4898.00"
"18/03/2020 08:00 - 18/03/2020 09:00","BZN|BG","5013.00","4910.00"
"18/03/2020 09:00 - 18/03/2020 10:00","BZN|BG","4958.00","4755.00"
"18/03/2020 10:00 - 18/03/2020 11:00","BZN|BG","4888.00","4662.00"
"18/03/2020 11:00 - 18/03/2020 12:00","BZN|BG","4754.00","4522.00"
"18/03/2020 12:00 - 18/03/2020 13:00","BZN|BG","4716.00","4528.00"
"18/03/2020 13:00 - 18/03/2020 14:00","BZN|BG","4589.00","4457.00"
"18/03/2020 14:00 - 18/03/2020 15:00","BZN|BG","4596.00","4451.00"
"18/03/2020 15:00 - 18/03/2020 16:00","BZN|BG","4630.00","4499.00"
"18/03/2020 16:00 - 18/03/2020 17:00","BZN|BG","4738.00","4597.00"
"18/03/2020 17:00 - 18/03/2020 18:00","BZN|BG","5151.00","5076.00"
"18/03/2020 18:00 - 18/03/2020 19:00","BZN|BG","5141.00","5412.00"
"18/03/2020 19:00 - 18/03/2020 20:00","BZN|BG","4956.00","5181.00"
"18/03/2020 20:00 - 18/03/2020 21:00","BZN|BG","4610.00","4897.00"
"18/03/2020 21:00 - 18/03/2020 22:00","BZN|BG","4435.00","4669.00"
"18/03/2020 22:00 - 18/03/2020 23:00","BZN|BG","4352.00","4341.00"
"18/03/2020 23:00 - 19/03/2020 00:00","BZN|BG","3998.00","3935.00"
"19/03/2020 00:00 - 19/03/2020 01:00","BZN|BG","3774.00","3706.00"
"19/03/2020 01:00 - 19/03/2020 02:00","BZN|BG","3675.00","3596.00"
"19/03/2020 02:00 - 19/03/2020 03:00","BZN|BG","3632.00","3552.00"
"19/03/2020 03:00 - 19/03/2020 04:00","BZN|BG","3685.00","3583.00"
"19/03/2020 04:00 - 19/03/2020 05:00","BZN|BG","3831.00","3730.00"
"19/03/2020 05:00 - 19/03/2020 06:00","BZN|BG","4136.00","4066.00"
"19/03/2020 06:00 - 19/03/2020 07:00","BZN|BG","4568.00","4451.00"
"19/03/2020 07:00 - 19/03/2020 08:00","BZN|BG","4950.00","4747.00"
"19/03/2020 08:00 - 19/03/2020 09:00","BZN|BG","4992.00","4763.00"
"19/03/2020 09:00 - 19/03/2020 10:00","BZN|BG","4868.00","4587.00"
"19/03/2020 10:00 - 19/03/2020 11:00","BZN|BG","4761.00","4478.00"
"19/03/2020 11:00 - 19/03/2020 12:00","BZN|BG","4615.00","4328.00"
"19/03/2020 12:00 - 19/03/2020 13:00","BZN|BG","4582.00","4305.00"
"19/03/2020 13:00 - 19/03/2020 14:00","BZN|BG","4451.00","4202.00"
"19/03/2020 14:00 - 19/03/2020 15:00","BZN|BG","4384.00","4191.00"
"19/03/2020 15:00 - 19/03/2020 16:00","BZN|BG","4379.00","4229.00"
"19/03/2020 16:00 - 19/03/2020 17:00","BZN|BG","4496.00","4333.00"
"19/03/2020 17:00 - 19/03/2020 18:00","BZN|BG","4975.00","4792.00"
"19/03/2020 18:00 - 19/03/2020 19:00","BZN|BG","5336.00","5120.00"
"19/03/2020 19:00 - 19/03/2020 20:00","BZN|BG","5159.00","4917.00"
"19/03/2020 20:00 - 19/03/2020 21:00","BZN|BG","4842.00","4665.00"
"19/03/2020 21:00 - 19/03/2020 22:00","BZN|BG","4603.00","4470.00"
"19/03/2020 22:00 - 19/03/2020 23:00","BZN|BG","4294.00","4188.00"
"19/03/2020 23:00 - 20/03/2020 00:00","BZN|BG","3945.00","3786.00"
"20/03/2020 00:00 - 20/03/2020 01:00","BZN|BG","3712.00","3564.00"
"20/03/2020 01:00 - 20/03/2020 02:00","BZN|BG","3607.00","3464.00"
"20/03/2020 02:00 - 20/03/2020 03:00","BZN|BG","3558.00","3426.00"
"20/03/2020 03:00 - 20/03/2020 04:00","BZN|BG","3594.00","3458.00"
"20/03/2020 04:00 - 20/03/2020 05:00","BZN|BG","3727.00","3603.00"
"20/03/2020 05:00 - 20/03/2020 06:00","BZN|BG","4003.00","3940.00"
"20/03/2020 06:00 - 20/03/2020 07:00","BZN|BG","4439.00","4336.00"
"20/03/2020 07:00 - 20/03/2020 08:00","BZN|BG","4847.00","4647.00"
"20/03/2020 08:00 - 20/03/2020 09:00","BZN|BG","4962.00","4679.00"
"20/03/2020 09:00 - 20/03/2020 10:00","BZN|BG","4847.00","4518.00"
"20/03/2020 10:00 - 20/03/2020 11:00","BZN|BG","4711.00","4420.00"
"20/03/2020 11:00 - 20/03/2020 12:00","BZN|BG","4535.00","4276.00"
"20/03/2020 12:00 - 20/03/2020 13:00","BZN|BG","4470.00","4258.00"
"20/03/2020 13:00 - 20/03/2020 14:00","BZN|BG","4329.00","4160.00"
"20/03/2020 14:00 - 20/03/2020 15:00","BZN|BG","4222.00","4158.00"
"20/03/2020 15:00 - 20/03/2020 16:00","BZN|BG","4232.00","4197.00"
"20/03/2020 16:00 - 20/03/2020 17:00","BZN|BG","4299.00","4307.00"
"20/03/2020 17:00 - 20/03/2020 18:00","BZN|BG","4696.00","4758.00"
"20/03/2020 18:00 - 20/03/2020 19:00","BZN|BG","5070.00","5083.00"
"20/03/2020 19:00 - 20/03/2020 20:00","BZN|BG","4835.00","4869.00"
"20/03/2020 20:00 - 20/03/2020 21:00","BZN|BG","4551.00","4603.00"
"20/03/2020 21:00 - 20/03/2020 22:00","BZN|BG","4372.00","4403.00"
"20/03/2020 22:00 - 20/03/2020 23:00","BZN|BG","4093.00","4109.00"
"20/03/2020 23:00 - 21/03/2020 00:00","BZN|BG","3782.00","3771.00"
"21/03/2020 00:00 - 21/03/2020 01:00","BZN|BG","3556.00","3574.00"
"21/03/2020 01:00 - 21/03/2020 02:00","BZN|BG","3445.00","3486.00"
"21/03/2020 02:00 - 21/03/2020 03:00","BZN|BG","3379.00","3436.00"
"21/03/2020 03:00 - 21/03/2020 04:00","BZN|BG","3371.00","3439.00"
"21/03/2020 04:00 - 21/03/2020 05:00","BZN|BG","3433.00","3481.00"
"21/03/2020 05:00 - 21/03/2020 06:00","BZN|BG","3538.00","3620.00"
"21/03/2020 06:00 - 21/03/2020 07:00","BZN|BG","3836.00","3953.00"
"21/03/2020 07:00 - 21/03/2020 08:00","BZN|BG","4073.00","4333.00"
"21/03/2020 08:00 - 21/03/2020 09:00","BZN|BG","4209.00","4452.00"
"21/03/2020 09:00 - 21/03/2020 10:00","BZN|BG","4212.00","4144.00"
"21/03/2020 10:00 - 21/03/2020 11:00","BZN|BG","4174.00","3998.00"
"21/03/2020 11:00 - 21/03/2020 12:00","BZN|BG","4153.00","4164.00"
"21/03/2020 12:00 - 21/03/2020 13:00","BZN|BG","4038.00","4169.00"
"21/03/2020 13:00 - 21/03/2020 14:00","BZN|BG","3884.00","3800.00"
"21/03/2020 14:00 - 21/03/2020 15:00","BZN|BG","3797.00","3788.00"
"21/03/2020 15:00 - 21/03/2020 16:00","BZN|BG","3825.00","3943.00"
"21/03/2020 16:00 - 21/03/2020 17:00","BZN|BG","3965.00","4183.00"
"21/03/2020 17:00 - 21/03/2020 18:00","BZN|BG","4379.00","4533.00"
"21/03/2020 18:00 - 21/03/2020 19:00","BZN|BG","4797.00","4646.00"
"21/03/2020 19:00 - 21/03/2020 20:00","BZN|BG","4583.00","4434.00"
"21/03/2020 20:00 - 21/03/2020 21:00","BZN|BG","4280.00","4181.00"
"21/03/2020 21:00 - 21/03/2020 22:00","BZN|BG","4106.00","4012.00"
"21/03/2020 22:00 - 21/03/2020 23:00","BZN|BG","3816.00","3794.00"
"21/03/2020 23:00 - 22/03/2020 00:00","BZN|BG","3559.00","3689.00"
"22/03/2020 00:00 - 22/03/2020 01:00","BZN|BG","3358.00","3497.00"
"22/03/2020 01:00 - 22/03/2020 02:00","BZN|BG","3241.00","3392.00"
"22/03/2020 02:00 - 22/03/2020 03:00","BZN|BG","3200.00","3324.00"
"22/03/2020 03:00 - 22/03/2020 04:00","BZN|BG","3177.00","3298.00"
"22/03/2020 04:00 - 22/03/2020 05:00","BZN|BG","3284.00","3309.00"
"22/03/2020 05:00 - 22/03/2020 06:00","BZN|BG","3357.00","3346.00"
"22/03/2020 06:00 - 22/03/2020 07:00","BZN|BG","3580.00","3491.00"
"22/03/2020 07:00 - 22/03/2020 08:00","BZN|BG","3888.00","3714.00"
"22/03/2020 08:00 - 22/03/2020 09:00","BZN|BG","4130.00","3882.00"
"22/03/2020 09:00 - 22/03/2020 10:00","BZN|BG","4246.00","3947.00"
"22/03/2020 10:00 - 22/03/2020 11:00","BZN|BG","4263.00","4001.00"
"22/03/2020 11:00 - 22/03/2020 12:00","BZN|BG","4278.00","3909.00"
"22/03/2020 12:00 - 22/03/2020 13:00","BZN|BG","4178.00","3760.00"
"22/03/2020 13:00 - 22/03/2020 14:00","BZN|BG","4097.00","3582.00"
"22/03/2020 14:00 - 22/03/2020 15:00","BZN|BG","4138.00","3508.00"
"22/03/2020 15:00 - 22/03/2020 16:00","BZN|BG","4382.00","3659.00"
"22/03/2020 16:00 - 22/03/2020 17:00","BZN|BG","4662.00","4071.00"
"22/03/2020 17:00 - 22/03/2020 18:00","BZN|BG","4920.00","4541.00"
"22/03/2020 18:00 - 22/03/2020 19:00","BZN|BG","5033.00","4734.00"
"22/03/2020 19:00 - 22/03/2020 20:00","BZN|BG","4760.00","4603.00"
"22/03/2020 20:00 - 22/03/2020 21:00","BZN|BG","4465.00","4411.00"
"22/03/2020 21:00 - 22/03/2020 22:00","BZN|BG","4296.00","4286.00"
"22/03/2020 22:00 - 22/03/2020 23:00","BZN|BG","4024.00","4043.00"
"22/03/2020 23:00 - 23/03/2020 00:00","BZN|BG","3788.00","3850.00"
"23/03/2020 00:00 - 23/03/2020 01:00","BZN|BG","3609.00","3634.00"
"23/03/2020 01:00 - 23/03/2020 02:00","BZN|BG","3513.00","3560.00"
"23/03/2020 02:00 - 23/03/2020 03:00","BZN|BG","3485.00","3515.00"
"23/03/2020 03:00 - 23/03/2020 04:00","BZN|BG","3541.00","3539.00"
"23/03/2020 04:00 - 23/03/2020 05:00","BZN|BG","3666.00","3696.00"
"23/03/2020 05:00 - 23/03/2020 06:00","BZN|BG","3984.00","4072.00"
"23/03/2020 06:00 - 23/03/2020 07:00","BZN|BG","4525.00","4542.00"
"23/03/2020 07:00 - 23/03/2020 08:00","BZN|BG","5043.00","4898.00"
"23/03/2020 08:00 - 23/03/2020 09:00","BZN|BG","5355.00","4967.00"
"23/03/2020 09:00 - 23/03/2020 10:00","BZN|BG","5433.00","4886.00"
"23/03/2020 10:00 - 23/03/2020 11:00","BZN|BG","5500.00","4834.00"
"23/03/2020 11:00 - 23/03/2020 12:00","BZN|BG","5446.00","4779.00"
"23/03/2020 12:00 - 23/03/2020 13:00","BZN|BG","5382.00","4743.00"
"23/03/2020 13:00 - 23/03/2020 14:00","BZN|BG","5294.00","4713.00"
"23/03/2020 14:00 - 23/03/2020 15:00","BZN|BG","5251.00","4686.00"
"23/03/2020 15:00 - 23/03/2020 16:00","BZN|BG","5329.00","4736.00"
"23/03/2020 16:00 - 23/03/2020 17:00","BZN|BG","5585.00","4837.00"
"23/03/2020 17:00 - 23/03/2020 18:00","BZN|BG","5582.00","5248.00"
"23/03/2020 18:00 - 23/03/2020 19:00","BZN|BG","5695.00","5620.00"
"23/03/2020 19:00 - 23/03/2020 20:00","BZN|BG","5400.00","5377.00"
"23/03/2020 20:00 - 23/03/2020 21:00","BZN|BG","5105.00","5087.00"
"23/03/2020 21:00 - 23/03/2020 22:00","BZN|BG","4914.00","4845.00"
"23/03/2020 22:00 - 23/03/2020 23:00","BZN|BG","4689.00","4547.00"
"23/03/2020 23:00 - 24/03/2020 00:00","BZN|BG","4325.00","4152.00"
"24/03/2020 00:00 - 24/03/2020 01:00","BZN|BG","4093.00","3945.00"
"24/03/2020 01:00 - 24/03/2020 02:00","BZN|BG","3986.00","3847.00"
"24/03/2020 02:00 - 24/03/2020 03:00","BZN|BG","3923.00","3810.00"
"24/03/2020 03:00 - 24/03/2020 04:00","BZN|BG","3952.00","3855.00"
"24/03/2020 04:00 - 24/03/2020 05:00","BZN|BG","4061.00","4017.00"
"24/03/2020 05:00 - 24/03/2020 06:00","BZN|BG","4349.00","4378.00"
"24/03/2020 06:00 - 24/03/2020 07:00","BZN|BG","4828.00","4812.00"
"24/03/2020 07:00 - 24/03/2020 08:00","BZN|BG","5304.00","5160.00"
"24/03/2020 08:00 - 24/03/2020 09:00","BZN|BG","5624.00","5186.00"
"24/03/2020 09:00 - 24/03/2020 10:00","BZN|BG","5697.00","5116.00"
"24/03/2020 10:00 - 24/03/2020 11:00","BZN|BG","5743.00","5072.00"
"24/03/2020 11:00 - 24/03/2020 12:00","BZN|BG","5683.00","5016.00"
"24/03/2020 12:00 - 24/03/2020 13:00","BZN|BG","5599.00","5004.00"
"24/03/2020 13:00 - 24/03/2020 14:00","BZN|BG","5459.00","4963.00"
"24/03/2020 14:00 - 24/03/2020 15:00","BZN|BG","5441.00","4952.00"
"24/03/2020 15:00 - 24/03/2020 16:00","BZN|BG","5508.00","4992.00"
"24/03/2020 16:00 - 24/03/2020 17:00","BZN|BG","5575.00","5114.00"
"24/03/2020 17:00 - 24/03/2020 18:00","BZN|BG","5775.00","5557.00"
"24/03/2020 18:00 - 24/03/2020 19:00","BZN|BG","5869.00","5921.00"
"24/03/2020 19:00 - 24/03/2020 20:00","BZN|BG","5557.00","5665.00"
"24/03/2020 20:00 - 24/03/2020 21:00","BZN|BG","5260.00","5320.00"
"24/03/2020 21:00 - 24/03/2020 22:00","BZN|BG","5072.00","5089.00"
"24/03/2020 22:00 - 24/03/2020 23:00","BZN|BG","4754.00","4738.00"
"24/03/2020 23:00 - 25/03/2020 00:00","BZN|BG","4393.00","4200.00"
"25/03/2020 00:00 - 25/03/2020 01:00","BZN|BG","4152.00","3994.00"
"25/03/2020 01:00 - 25/03/2020 02:00","BZN|BG","4030.00","3897.00"
"25/03/2020 02:00 - 25/03/2020 03:00","BZN|BG","3978.00","3860.00"
"25/03/2020 03:00 - 25/03/2020 04:00","BZN|BG","3996.00","3904.00"
"25/03/2020 04:00 - 25/03/2020 05:00","BZN|BG","4098.00","4069.00"
"25/03/2020 05:00 - 25/03/2020 06:00","BZN|BG","4348.00","4434.00"
"25/03/2020 06:00 - 25/03/2020 07:00","BZN|BG","4867.00","4874.00"
"25/03/2020 07:00 - 25/03/2020 08:00","BZN|BG","5416.00","5226.00"
"25/03/2020 08:00 - 25/03/2020 09:00","BZN|BG","5681.00","5253.00"
"25/03/2020 09:00 - 25/03/2020 10:00","BZN|BG","5728.00","5187.00"
"25/03/2020 10:00 - 25/03/2020 11:00","BZN|BG","5769.00","5145.00"
"25/03/2020 11:00 - 25/03/2020 12:00","BZN|BG","5709.00","5092.00"
"25/03/2020 12:00 - 25/03/2020 13:00","BZN|BG","5602.00","5081.00"
"25/03/2020 13:00 - 25/03/2020 14:00","BZN|BG","5464.00","5042.00"
"25/03/2020 14:00 - 25/03/2020 15:00","BZN|BG","5437.00","5033.00"
"25/03/2020 15:00 - 25/03/2020 16:00","BZN|BG","5516.00","5073.00"
"25/03/2020 16:00 - 25/03/2020 17:00","BZN|BG","5552.00","5197.00"
"25/03/2020 17:00 - 25/03/2020 18:00","BZN|BG","5765.00","5644.00"
"25/03/2020 18:00 - 25/03/2020 19:00","BZN|BG","5851.00","6012.00"
"25/03/2020 19:00 - 25/03/2020 20:00","BZN|BG","5535.00","5748.00"
"25/03/2020 20:00 - 25/03/2020 21:00","BZN|BG","5217.00","5394.00"
"25/03/2020 21:00 - 25/03/2020 22:00","BZN|BG","5003.00","5156.00"
"25/03/2020 22:00 - 25/03/2020 23:00","BZN|BG","4688.00","4795.00"
"25/03/2020 23:00 - 26/03/2020 00:00","BZN|BG","4331.00","4382.00"
"26/03/2020 00:00 - 26/03/2020 01:00","BZN|BG","4097.00","4122.00"
"26/03/2020 01:00 - 26/03/2020 02:00","BZN|BG","3965.00","4020.00"
"26/03/2020 02:00 - 26/03/2020 03:00","BZN|BG","3915.00","3970.00"
"26/03/2020 03:00 - 26/03/2020 04:00","BZN|BG","3933.00","4014.00"
"26/03/2020 04:00 - 26/03/2020 05:00","BZN|BG","4038.00","4100.00"
"26/03/2020 05:00 - 26/03/2020 06:00","BZN|BG","4324.00","4320.00"
"26/03/2020 06:00 - 26/03/2020 07:00","BZN|BG","4818.00","4815.00"
"26/03/2020 07:00 - 26/03/2020 08:00","BZN|BG","5327.00","5350.00"
"26/03/2020 08:00 - 26/03/2020 09:00","BZN|BG","5627.00","5512.00"
"26/03/2020 09:00 - 26/03/2020 10:00","BZN|BG","5685.00","5588.00"
"26/03/2020 10:00 - 26/03/2020 11:00","BZN|BG","5678.00","5601.00"
"26/03/2020 11:00 - 26/03/2020 12:00","BZN|BG","5573.00","5495.00"
"26/03/2020 12:00 - 26/03/2020 13:00","BZN|BG","5464.00","5352.00"
"26/03/2020 13:00 - 26/03/2020 14:00","BZN|BG","5306.00","5265.00"
"26/03/2020 14:00 - 26/03/2020 15:00","BZN|BG","5236.00","5248.00"
"26/03/2020 15:00 - 26/03/2020 16:00","BZN|BG","5265.00","5278.00"
"26/03/2020 16:00 - 26/03/2020 17:00","BZN|BG","5284.00","5358.00"
"26/03/2020 17:00 - 26/03/2020 18:00","BZN|BG","5532.00","5611.00"
"26/03/2020 18:00 - 26/03/2020 19:00","BZN|BG","5708.00","5804.00"
"26/03/2020 19:00 - 26/03/2020 20:00","BZN|BG","5401.00","5554.00"
"26/03/2020 20:00 - 26/03/2020 21:00","BZN|BG","5099.00","5239.00"
"26/03/2020 21:00 - 26/03/2020 22:00","BZN|BG","4935.00","5032.00"
"26/03/2020 22:00 - 26/03/2020 23:00","BZN|BG","4621.00","4715.00"
"26/03/2020 23:00 - 27/03/2020 00:00","BZN|BG","4239.00","4255.00"
"27/03/2020 00:00 - 27/03/2020 01:00","BZN|BG","3989.00","3994.00"
"27/03/2020 01:00 - 27/03/2020 02:00","BZN|BG","3874.00","3891.00"
"27/03/2020 02:00 - 27/03/2020 03:00","BZN|BG","3811.00","3841.00"
"27/03/2020 03:00 - 27/03/2020 04:00","BZN|BG","3832.00","3884.00"
"27/03/2020 04:00 - 27/03/2020 05:00","BZN|BG","3959.00","4041.00"
"27/03/2020 05:00 - 27/03/2020 06:00","BZN|BG","4233.00","4377.00"
"27/03/2020 06:00 - 27/03/2020 07:00","BZN|BG","4670.00","4857.00"
"27/03/2020 07:00 - 27/03/2020 08:00","BZN|BG","5080.00","5298.00"
"27/03/2020 08:00 - 27/03/2020 09:00","BZN|BG","5221.00","5428.00"
"27/03/2020 09:00 - 27/03/2020 10:00","BZN|BG","5149.00","5352.00"
"27/03/2020 10:00 - 27/03/2020 11:00","BZN|BG","5091.00","5287.00"
"27/03/2020 11:00 - 27/03/2020 12:00","BZN|BG","4928.00","5197.00"
"27/03/2020 12:00 - 27/03/2020 13:00","BZN|BG","4812.00","5153.00"
"27/03/2020 13:00 - 27/03/2020 14:00","BZN|BG","4656.00","5057.00"
"27/03/2020 14:00 - 27/03/2020 15:00","BZN|BG","4588.00","5038.00"
"27/03/2020 15:00 - 27/03/2020 16:00","BZN|BG","4673.00","5067.00"
"27/03/2020 16:00 - 27/03/2020 17:00","BZN|BG","4798.00","5143.00"
"27/03/2020 17:00 - 27/03/2020 18:00","BZN|BG","5122.00","5383.00"
"27/03/2020 18:00 - 27/03/2020 19:00","BZN|BG","5384.00","5567.00"
"27/03/2020 19:00 - 27/03/2020 20:00","BZN|BG","5091.00","5337.00"
"27/03/2020 20:00 - 27/03/2020 21:00","BZN|BG","4830.00","5047.00"
"27/03/2020 21:00 - 27/03/2020 22:00","BZN|BG","4662.00","4857.00"
"27/03/2020 22:00 - 27/03/2020 23:00","BZN|BG","4395.00","4564.00"
"27/03/2020 23:00 - 28/03/2020 00:00","BZN|BG","4018.00","4126.00"
"28/03/2020 00:00 - 28/03/2020 01:00","BZN|BG","3784.00","3845.00"
"28/03/2020 01:00 - 28/03/2020 02:00","BZN|BG","3660.00","3724.00"
"28/03/2020 02:00 - 28/03/2020 03:00","BZN|BG","3595.00","3649.00"
"28/03/2020 03:00 - 28/03/2020 04:00","BZN|BG","3597.00","3641.00"
"28/03/2020 04:00 - 28/03/2020 05:00","BZN|BG","3625.00","3715.00"
"28/03/2020 05:00 - 28/03/2020 06:00","BZN|BG","3748.00","3854.00"
"28/03/2020 06:00 - 28/03/2020 07:00","BZN|BG","4044.00","4188.00"
"28/03/2020 07:00 - 28/03/2020 08:00","BZN|BG","4351.00","4440.00"
"28/03/2020 08:00 - 28/03/2020 09:00","BZN|BG","4539.00","4559.00"
"28/03/2020 09:00 - 28/03/2020 10:00","BZN|BG","4600.00","4553.00"
"28/03/2020 10:00 - 28/03/2020 11:00","BZN|BG","4548.00","4510.00"
"28/03/2020 11:00 - 28/03/2020 12:00","BZN|BG","4528.00","4487.00"
"28/03/2020 12:00 - 28/03/2020 13:00","BZN|BG","4359.00","4348.00"
"28/03/2020 13:00 - 28/03/2020 14:00","BZN|BG","4183.00","4178.00"
"28/03/2020 14:00 - 28/03/2020 15:00","BZN|BG","4130.00","4122.00"
"28/03/2020 15:00 - 28/03/2020 16:00","BZN|BG","4174.00","4168.00"
"28/03/2020 16:00 - 28/03/2020 17:00","BZN|BG","4379.00","4284.00"
"28/03/2020 17:00 - 28/03/2020 18:00","BZN|BG","4751.00","4556.00"
"28/03/2020 18:00 - 28/03/2020 19:00","BZN|BG","5055.00","4819.00"
"28/03/2020 19:00 - 28/03/2020 20:00","BZN|BG","4807.00","4696.00"
"28/03/2020 20:00 - 28/03/2020 21:00","BZN|BG","4400.00","4520.00"
"28/03/2020 21:00 - 28/03/2020 22:00","BZN|BG","4256.00","4396.00"
"28/03/2020 22:00 - 28/03/2020 23:00","BZN|BG","3978.00","4211.00"
"28/03/2020 23:00 - 29/03/2020 00:00","BZN|BG","3802.00","3829.00"
"29/03/2020 00:00 - 29/03/2020 01:00 (CET)","BZN|BG","3583.00","3669.00"
"29/03/2020 01:00 (CET) - 29/03/2020 03:00 (CEST)","BZN|BG","3450.00","N/A"
"29/03/2020 03:00 (CEST) - 29/03/2020 04:00","BZN|BG","3405.00","N/A"
"29/03/2020 04:00 - 29/03/2020 05:00","BZN|BG","3424.00","N/A"
"29/03/2020 05:00 - 29/03/2020 06:00","BZN|BG","3474.00","N/A"
"29/03/2020 06:00 - 29/03/2020 07:00","BZN|BG","3609.00","N/A"
"29/03/2020 07:00 - 29/03/2020 08:00","BZN|BG","3973.00","N/A"
"29/03/2020 08:00 - 29/03/2020 09:00","BZN|BG","4275.00","N/A"
"29/03/2020 09:00 - 29/03/2020 10:00","BZN|BG","4405.00","N/A"
"29/03/2020 10:00 - 29/03/2020 11:00","BZN|BG","4439.00","N/A"
"29/03/2020 11:00 - 29/03/2020 12:00","BZN|BG","4385.00","N/A"
"29/03/2020 12:00 - 29/03/2020 13:00","BZN|BG","4244.00","N/A"
"29/03/2020 13:00 - 29/03/2020 14:00","BZN|BG","4116.00","N/A"
"29/03/2020 14:00 - 29/03/2020 15:00","BZN|BG","4019.00","N/A"
"29/03/2020 15:00 - 29/03/2020 16:00","BZN|BG","4050.00","N/A"
"29/03/2020 16:00 - 29/03/2020 17:00","BZN|BG","4129.00","N/A"
"29/03/2020 17:00 - 29/03/2020 18:00","BZN|BG","4357.00","N/A"
"29/03/2020 18:00 - 29/03/2020 19:00","BZN|BG","4702.00","N/A"
"29/03/2020 19:00 - 29/03/2020 20:00","BZN|BG","4903.00","N/A"
"29/03/2020 20:00 - 29/03/2020 21:00","BZN|BG","4682.00","N/A"
"29/03/2020 21:00 - 29/03/2020 22:00","BZN|BG","4416.00","N/A"
"29/03/2020 22:00 - 29/03/2020 23:00","BZN|BG","4140.00","N/A"
"29/03/2020 23:00 - 30/03/2020 00:00","BZN|BG","3816.00","4009.00"
"30/03/2020 00:00 - 30/03/2020 01:00","BZN|BG","3555.00","3732.00"
"30/03/2020 01:00 - 30/03/2020 02:00","BZN|BG","3400.00","3525.00"
"30/03/2020 02:00 - 30/03/2020 03:00","BZN|BG","3323.00","3440.00"
"30/03/2020 03:00 - 30/03/2020 04:00","BZN|BG","3345.00","3415.00"
"30/03/2020 04:00 - 30/03/2020 05:00","BZN|BG","3460.00","3446.00"
"30/03/2020 05:00 - 30/03/2020 06:00","BZN|BG","3715.00","3515.00"
"30/03/2020 06:00 - 30/03/2020 07:00","BZN|BG","4059.00","3709.00"
"30/03/2020 07:00 - 30/03/2020 08:00","BZN|BG","4536.00","4011.00"
"30/03/2020 08:00 - 30/03/2020 09:00","BZN|BG","4694.00","4324.00"
"30/03/2020 09:00 - 30/03/2020 10:00","BZN|BG","4629.00","4477.00"
"30/03/2020 10:00 - 30/03/2020 11:00","BZN|BG","4546.00","4536.00"
"30/03/2020 11:00 - 30/03/2020 12:00","BZN|BG","4424.00","4555.00"
"30/03/2020 12:00 - 30/03/2020 13:00","BZN|BG","4357.00","4425.00"
"30/03/2020 13:00 - 30/03/2020 14:00","BZN|BG","4225.00","4257.00"
"30/03/2020 14:00 - 30/03/2020 15:00","BZN|BG","4136.00","4035.00"
"30/03/2020 15:00 - 30/03/2020 16:00","BZN|BG","4099.00","3949.00"
"30/03/2020 16:00 - 30/03/2020 17:00","BZN|BG","4137.00","4083.00"
"30/03/2020 17:00 - 30/03/2020 18:00","BZN|BG","4313.00","4250.00"
"30/03/2020 18:00 - 30/03/2020 19:00","BZN|BG","4626.00","4589.00"
"30/03/2020 19:00 - 30/03/2020 20:00","BZN|BG","4798.00","4789.00"
"30/03/2020 20:00 - 30/03/2020 21:00","BZN|BG","4564.00","4605.00"
"30/03/2020 21:00 - 30/03/2020 22:00","BZN|BG","4328.00","4424.00"
"30/03/2020 22:00 - 30/03/2020 23:00","BZN|BG","4128.00","4304.00"
"30/03/2020 23:00 - 31/03/2020 00:00","BZN|BG","3757.00","3948.00"
"31/03/2020 00:00 - 31/03/2020 01:00","BZN|BG","3513.00","3766.00"
"31/03/2020 01:00 - 31/03/2020 02:00","BZN|BG","3388.00","3685.00"
"31/03/2020 02:00 - 31/03/2020 03:00","BZN|BG","3338.00","3644.00"
"31/03/2020 03:00 - 31/03/2020 04:00","BZN|BG","3379.00","3661.00"
"31/03/2020 04:00 - 31/03/2020 05:00","BZN|BG","3486.00","3755.00"
"31/03/2020 05:00 - 31/03/2020 06:00","BZN|BG","3724.00","3971.00"
"31/03/2020 06:00 - 31/03/2020 07:00","BZN|BG","4085.00","4330.00"
"31/03/2020 07:00 - 31/03/2020 08:00","BZN|BG","4629.00","4687.00"
"31/03/2020 08:00 - 31/03/2020 09:00","BZN|BG","4941.00","4854.00"
"31/03/2020 09:00 - 31/03/2020 10:00","BZN|BG","5032.00","4840.00"
"31/03/2020 10:00 - 31/03/2020 11:00","BZN|BG","5041.00","4806.00"
"31/03/2020 11:00 - 31/03/2020 12:00","BZN|BG","4930.00","4718.00"
"31/03/2020 12:00 - 31/03/2020 13:00","BZN|BG","4855.00","4654.00"
"31/03/2020 13:00 - 31/03/2020 14:00","BZN|BG","4737.00","4551.00"
"31/03/2020 14:00 - 31/03/2020 15:00","BZN|BG","4692.00","4524.00"
"31/03/2020 15:00 - 31/03/2020 16:00","BZN|BG","4709.00","4607.00"
"31/03/2020 16:00 - 31/03/2020 17:00","BZN|BG","4826.00","4689.00"
"31/03/2020 17:00 - 31/03/2020 18:00","BZN|BG","5017.00","4983.00"
"31/03/2020 18:00 - 31/03/2020 19:00","BZN|BG","5193.00","5189.00"
"31/03/2020 19:00 - 31/03/2020 20:00","BZN|BG","5129.00","4950.00"
"31/03/2020 20:00 - 31/03/2020 21:00","BZN|BG","4923.00","4733.00"
"31/03/2020 21:00 - 31/03/2020 22:00","BZN|BG","4708.00","4588.00"
"31/03/2020 22:00 - 31/03/2020 23:00","BZN|BG","4506.00","4354.00"
"31/03/2020 23:00 - 01/04/2020 00:00","BZN|BG","4123.00","4148.00"
"01/04/2020 00:00 - 01/04/2020 01:00","BZN|BG","3863.00","3899.00"
"01/04/2020 01:00 - 01/04/2020 02:00","BZN|BG","3741.00","3782.00"
"01/04/2020 02:00 - 01/04/2020 03:00","BZN|BG","3688.00","3723.00"
"01/04/2020 03:00 - 01/04/2020 04:00","BZN|BG","3713.00","3744.00"
"01/04/2020 04:00 - 01/04/2020 05:00","BZN|BG","3813.00","3865.00"
"01/04/2020 05:00 - 01/04/2020 06:00","BZN|BG","4088.00","4161.00"
"01/04/2020 06:00 - 01/04/2020 07:00","BZN|BG","4482.00","4664.00"
"01/04/2020 07:00 - 01/04/2020 08:00","BZN|BG","5081.00","5166.00"
"01/04/2020 08:00 - 01/04/2020 09:00","BZN|BG","5451.00","5427.00"
"01/04/2020 09:00 - 01/04/2020 10:00","BZN|BG","5542.00","5449.00"
"01/04/2020 10:00 - 01/04/2020 11:00","BZN|BG","5613.00","5446.00"
"01/04/2020 11:00 - 01/04/2020 12:00","BZN|BG","5565.00","5413.00"
"01/04/2020 12:00 - 01/04/2020 13:00","BZN|BG","5499.00","5385.00"
"01/04/2020 13:00 - 01/04/2020 14:00","BZN|BG","5379.00","5340.00"
"01/04/2020 14:00 - 01/04/2020 15:00","BZN|BG","5317.00","5332.00"
"01/04/2020 15:00 - 01/04/2020 16:00","BZN|BG","5299.00","5401.00"
"01/04/2020 16:00 - 01/04/2020 17:00","BZN|BG","5285.00","5459.00"
"01/04/2020 17:00 - 01/04/2020 18:00","BZN|BG","5412.00","5500.00"
"01/04/2020 18:00 - 01/04/2020 19:00","BZN|BG","5499.00","5612.00"
"01/04/2020 19:00 - 01/04/2020 20:00","BZN|BG","5409.00","5778.00"
"01/04/2020 20:00 - 01/04/2020 21:00","BZN|BG","5148.00","5560.00"
"01/04/2020 21:00 - 01/04/2020 22:00","BZN|BG","4894.00","5264.00"
"01/04/2020 22:00 - 01/04/2020 23:00","BZN|BG","4639.00","4354.00"
"01/04/2020 23:00 - 02/04/2020 00:00","BZN|BG","4278.00","4299.00"
"02/04/2020 00:00 - 02/04/2020 01:00","BZN|BG","4015.00","4009.00"
"02/04/2020 01:00 - 02/04/2020 02:00","BZN|BG","3874.00","3875.00"
"02/04/2020 02:00 - 02/04/2020 03:00","BZN|BG","3823.00","3813.00"
"02/04/2020 03:00 - 02/04/2020 04:00","BZN|BG","3822.00","3839.00"
"02/04/2020 04:00 - 02/04/2020 05:00","BZN|BG","3917.00","3965.00"
"02/04/2020 05:00 - 02/04/2020 06:00","BZN|BG","4205.00","4269.00"
"02/04/2020 06:00 - 02/04/2020 07:00","BZN|BG","4604.00","4777.00"
"02/04/2020 07:00 - 02/04/2020 08:00","BZN|BG","5166.00","5323.00"
"02/04/2020 08:00 - 02/04/2020 09:00","BZN|BG","5489.00","5611.00"
"02/04/2020 09:00 - 02/04/2020 10:00","BZN|BG","5543.00","5647.00"
"02/04/2020 10:00 - 02/04/2020 11:00","BZN|BG","5584.00","5642.00"
"02/04/2020 11:00 - 02/04/2020 12:00","BZN|BG","5474.00","5559.00"
"02/04/2020 12:00 - 02/04/2020 13:00","BZN|BG","5365.00","5493.00"
"02/04/2020 13:00 - 02/04/2020 14:00","BZN|BG","5196.00","5386.00"
"02/04/2020 14:00 - 02/04/2020 15:00","BZN|BG","5072.00","5361.00"
"02/04/2020 15:00 - 02/04/2020 16:00","BZN|BG","4988.00","5380.00"
"02/04/2020 16:00 - 02/04/2020 17:00","BZN|BG","4992.00","5400.00"
"02/04/2020 17:00 - 02/04/2020 18:00","BZN|BG","5099.00","5578.00"
"02/04/2020 18:00 - 02/04/2020 19:00","BZN|BG","5223.00","5750.00"
"02/04/2020 19:00 - 02/04/2020 20:00","BZN|BG","5321.00","5809.00"
"02/04/2020 20:00 - 02/04/2020 21:00","BZN|BG","5073.00","5329.00"
"02/04/2020 21:00 - 02/04/2020 22:00","BZN|BG","4883.00","5155.00"
"02/04/2020 22:00 - 02/04/2020 23:00","BZN|BG","4614.00","4895.00"
"02/04/2020 23:00 - 03/04/2020 00:00","BZN|BG","4228.00","4261.00"
"03/04/2020 00:00 - 03/04/2020 01:00","BZN|BG","3947.00","3986.00"
"03/04/2020 01:00 - 03/04/2020 02:00","BZN|BG","3831.00","3858.00"
"03/04/2020 02:00 - 03/04/2020 03:00","BZN|BG","3781.00","3801.00"
"03/04/2020 03:00 - 03/04/2020 04:00","BZN|BG","3806.00","3825.00"
"03/04/2020 04:00 - 03/04/2020 05:00","BZN|BG","3916.00","3934.00"
"03/04/2020 05:00 - 03/04/2020 06:00","BZN|BG","4212.00","4206.00"
"03/04/2020 06:00 - 03/04/2020 07:00","BZN|BG","4637.00","4652.00"
"03/04/2020 07:00 - 03/04/2020 08:00","BZN|BG","5102.00","5156.00"
"03/04/2020 08:00 - 03/04/2020 09:00","BZN|BG","5263.00","5431.00"
"03/04/2020 09:00 - 03/04/2020 10:00","BZN|BG","5189.00","5474.00"
"03/04/2020 10:00 - 03/04/2020 11:00","BZN|BG","5072.00","5478.00"
"03/04/2020 11:00 - 03/04/2020 12:00","BZN|BG","4895.00","5373.00"
"03/04/2020 12:00 - 03/04/2020 13:00","BZN|BG","4769.00","5293.00"
"03/04/2020 13:00 - 03/04/2020 14:00","BZN|BG","4613.00","5154.00"
"03/04/2020 14:00 - 03/04/2020 15:00","BZN|BG","4477.00","5117.00"
"03/04/2020 15:00 - 03/04/2020 16:00","BZN|BG","4399.00","5170.00"
"03/04/2020 16:00 - 03/04/2020 17:00","BZN|BG","4396.00","5231.00"
"03/04/2020 17:00 - 03/04/2020 18:00","BZN|BG","4596.00","5422.00"
"03/04/2020 18:00 - 03/04/2020 19:00","BZN|BG","4892.00","5548.00"
"03/04/2020 19:00 - 03/04/2020 20:00","BZN|BG","5006.00","5480.00"
"03/04/2020 20:00 - 03/04/2020 21:00","BZN|BG","4815.00","5170.00"
"03/04/2020 21:00 - 03/04/2020 22:00","BZN|BG","4610.00","4846.00"
"03/04/2020 22:00 - 03/04/2020 23:00","BZN|BG","4359.00","4561.00"
"03/04/2020 23:00 - 04/04/2020 00:00","BZN|BG","4010.00","4086.00"
"04/04/2020 00:00 - 04/04/2020 01:00","BZN|BG","3727.00","3834.00"
"04/04/2020 01:00 - 04/04/2020 02:00","BZN|BG","3577.00","3712.00"
"04/04/2020 02:00 - 04/04/2020 03:00","BZN|BG","3509.00","3645.00"
"04/04/2020 03:00 - 04/04/2020 04:00","BZN|BG","3493.00","3634.00"
"04/04/2020 04:00 - 04/04/2020 05:00","BZN|BG","3507.00","3675.00"
"04/04/2020 05:00 - 04/04/2020 06:00","BZN|BG","3570.00","3828.00"
"04/04/2020 06:00 - 04/04/2020 07:00","BZN|BG","3786.00","4168.00"
"04/04/2020 07:00 - 04/04/2020 08:00","BZN|BG","4252.00","4500.00"
"04/04/2020 08:00 - 04/04/2020 09:00","BZN|BG","4632.00","4729.00"
"04/04/2020 09:00 - 04/04/2020 10:00","BZN|BG","4837.00","4778.00"
"04/04/2020 10:00 - 04/04/2020 11:00","BZN|BG","4918.00","4703.00"
"04/04/2020 11:00 - 04/04/2020 12:00","BZN|BG","4908.00","4630.00"
"04/04/2020 12:00 - 04/04/2020 13:00","BZN|BG","4774.00","4452.00"
"04/04/2020 13:00 - 04/04/2020 14:00","BZN|BG","4609.00","4270.00"
"04/04/2020 14:00 - 04/04/2020 15:00","BZN|BG","4564.00","4236.00"
"04/04/2020 15:00 - 04/04/2020 16:00","BZN|BG","4562.00","4286.00"
"04/04/2020 16:00 - 04/04/2020 17:00","BZN|BG","4677.00","4422.00"
"04/04/2020 17:00 - 04/04/2020 18:00","BZN|BG","4834.00","4612.00"
"04/04/2020 18:00 - 04/04/2020 19:00","BZN|BG","4965.00","4750.00"
"04/04/2020 19:00 - 04/04/2020 20:00","BZN|BG","4903.00","4835.00"
"04/04/2020 20:00 - 04/04/2020 21:00","BZN|BG","4635.00","4600.00"
"04/04/2020 21:00 - 04/04/2020 22:00","BZN|BG","4479.00","4428.00"
"04/04/2020 22:00 - 04/04/2020 23:00","BZN|BG","4252.00","4264.00"
"04/04/2020 23:00 - 05/04/2020 00:00","BZN|BG","3941.00","3848.00"
"05/04/2020 00:00 - 05/04/2020 01:00","BZN|BG","3667.00","3584.00"
"05/04/2020 01:00 - 05/04/2020 02:00","BZN|BG","3518.00","3510.00"
"05/04/2020 02:00 - 05/04/2020 03:00","BZN|BG","3444.00","3436.00"
"05/04/2020 03:00 - 05/04/2020 04:00","BZN|BG","3427.00","3377.00"
"05/04/2020 04:00 - 05/04/2020 05:00","BZN|BG","3461.00","3387.00"
"05/04/2020 05:00 - 05/04/2020 06:00","BZN|BG","3484.00","3428.00"
"05/04/2020 06:00 - 05/04/2020 07:00","BZN|BG","3673.00","3544.00"
"05/04/2020 07:00 - 05/04/2020 08:00","BZN|BG","4151.00","3883.00"
"05/04/2020 08:00 - 05/04/2020 09:00","BZN|BG","4556.00","4143.00"
"05/04/2020 09:00 - 05/04/2020 10:00","BZN|BG","4807.00","4246.00"
"05/04/2020 10:00 - 05/04/2020 11:00","BZN|BG","4920.00","4297.00"
"05/04/2020 11:00 - 05/04/2020 12:00","BZN|BG","4920.00","4230.00"
"05/04/2020 12:00 - 05/04/2020 13:00","BZN|BG","4775.00","4120.00"
"05/04/2020 13:00 - 05/04/2020 14:00","BZN|BG","4581.00","3906.00"
"05/04/2020 14:00 - 05/04/2020 15:00","BZN|BG","4526.00","3805.00"
"05/04/2020 15:00 - 05/04/2020 16:00","BZN|BG","4608.00","3868.00"
"05/04/2020 16:00 - 05/04/2020 17:00","BZN|BG","4731.00","3978.00"
"05/04/2020 17:00 - 05/04/2020 18:00","BZN|BG","4876.00","4190.00"
"05/04/2020 18:00 - 05/04/2020 19:00","BZN|BG","5009.00","4486.00"
"05/04/2020 19:00 - 05/04/2020 20:00","BZN|BG","5021.00","4695.00"
"05/04/2020 20:00 - 05/04/2020 21:00","BZN|BG","4768.00","4459.00"
"05/04/2020 21:00 - 05/04/2020 22:00","BZN|BG","4562.00","4212.00"
"05/04/2020 22:00 - 05/04/2020 23:00","BZN|BG","4275.00","3954.00"
"05/04/2020 23:00 - 06/04/2020 00:00","BZN|BG","3923.00","3727.00"
"06/04/2020 00:00 - 06/04/2020 01:00","BZN|BG","3659.00","3464.00"
"06/04/2020 01:00 - 06/04/2020 02:00","BZN|BG","3524.00","3320.00"
"06/04/2020 02:00 - 06/04/2020 03:00","BZN|BG","3463.00","3238.00"
"06/04/2020 03:00 - 06/04/2020 04:00","BZN|BG","3481.00","3275.00"
"06/04/2020 04:00 - 06/04/2020 05:00","BZN|BG","3600.00","3423.00"
"06/04/2020 05:00 - 06/04/2020 06:00","BZN|BG","3915.00","3768.00"
"06/04/2020 06:00 - 06/04/2020 07:00","BZN|BG","4341.00","4240.00"
"06/04/2020 07:00 - 06/04/2020 08:00","BZN|BG","4846.00","4854.00"
"06/04/2020 08:00 - 06/04/2020 09:00","BZN|BG","5035.00","5012.00"
"06/04/2020 09:00 - 06/04/2020 10:00","BZN|BG","5057.00","4963.00"
"06/04/2020 10:00 - 06/04/2020 11:00","BZN|BG","5005.00","4923.00"
"06/04/2020 11:00 - 06/04/2020 12:00","BZN|BG","4889.00","4860.00"
"06/04/2020 12:00 - 06/04/2020 13:00","BZN|BG","4799.00","4832.00"
"06/04/2020 13:00 - 06/04/2020 14:00","BZN|BG","4651.00","4777.00"
"06/04/2020 14:00 - 06/04/2020 15:00","BZN|BG","4571.00","4745.00"
"06/04/2020 15:00 - 06/04/2020 16:00","BZN|BG","4539.00","4738.00"
"06/04/2020 16:00 - 06/04/2020 17:00","BZN|BG","4560.00","4771.00"
"06/04/2020 17:00 - 06/04/2020 18:00","BZN|BG","4721.00","4854.00"
"06/04/2020 18:00 - 06/04/2020 19:00","BZN|BG","4942.00","5039.00"
"06/04/2020 19:00 - 06/04/2020 20:00","BZN|BG","5056.00","4977.00"
"06/04/2020 20:00 - 06/04/2020 21:00","BZN|BG","4811.00","4744.00"
"06/04/2020 21:00 - 06/04/2020 22:00","BZN|BG","4595.00","4478.00"
"06/04/2020 22:00 - 06/04/2020 23:00","BZN|BG","4417.00","4210.00"
"06/04/2020 23:00 - 07/04/2020 00:00","BZN|BG","4008.00","3955.00"
"07/04/2020 00:00 - 07/04/2020 01:00","BZN|BG","3705.00","3686.00"
"07/04/2020 01:00 - 07/04/2020 02:00","BZN|BG","3544.00","3569.00"
"07/04/2020 02:00 - 07/04/2020 03:00","BZN|BG","3498.00","3518.00"
"07/04/2020 03:00 - 07/04/2020 04:00","BZN|BG","3518.00","3538.00"
"07/04/2020 04:00 - 07/04/2020 05:00","BZN|BG","3639.00","3639.00"
"07/04/2020 05:00 - 07/04/2020 06:00","BZN|BG","3922.00","3899.00"
"07/04/2020 06:00 - 07/04/2020 07:00","BZN|BG","4334.00","4284.00"
"07/04/2020 07:00 - 07/04/2020 08:00","BZN|BG","4792.00","4754.00"
"07/04/2020 08:00 - 07/04/2020 09:00","BZN|BG","4901.00","4985.00"
"07/04/2020 09:00 - 07/04/2020 10:00","BZN|BG","4804.00","4991.00"
"07/04/2020 10:00 - 07/04/2020 11:00","BZN|BG","4743.00","4967.00"
"07/04/2020 11:00 - 07/04/2020 12:00","BZN|BG","4633.00","4849.00"
"07/04/2020 12:00 - 07/04/2020 13:00","BZN|BG","4531.00","4775.00"
"07/04/2020 13:00 - 07/04/2020 14:00","BZN|BG","4379.00","4651.00"
"07/04/2020 14:00 - 07/04/2020 15:00","BZN|BG","4280.00","4581.00"
"07/04/2020 15:00 - 07/04/2020 16:00","BZN|BG","4236.00","4590.00"
"07/04/2020 16:00 - 07/04/2020 17:00","BZN|BG","4254.00","4658.00"
"07/04/2020 17:00 - 07/04/2020 18:00","BZN|BG","4443.00","4812.00"
"07/04/2020 18:00 - 07/04/2020 19:00","BZN|BG","4716.00","5020.00"
"07/04/2020 19:00 - 07/04/2020 20:00","BZN|BG","4928.00","5056.00"
"07/04/2020 20:00 - 07/04/2020 21:00","BZN|BG","4771.00","4818.00"
"07/04/2020 21:00 - 07/04/2020 22:00","BZN|BG","4521.00","4635.00"
"07/04/2020 22:00 - 07/04/2020 23:00","BZN|BG","4276.00","4419.00"
"07/04/2020 23:00 - 08/04/2020 00:00","BZN|BG","3856.00","3846.00"
"08/04/2020 00:00 - 08/04/2020 01:00","BZN|BG","3600.00","3601.00"
"08/04/2020 01:00 - 08/04/2020 02:00","BZN|BG","3464.00","3494.00"
"08/04/2020 02:00 - 08/04/2020 03:00","BZN|BG","3416.00","3451.00"
"08/04/2020 03:00 - 08/04/2020 04:00","BZN|BG","3452.00","3469.00"
"08/04/2020 04:00 - 08/04/2020 05:00","BZN|BG","3566.00","3550.00"
"08/04/2020 05:00 - 08/04/2020 06:00","BZN|BG","3855.00","3761.00"
"08/04/2020 06:00 - 08/04/2020 07:00","BZN|BG","4275.00","4073.00"
"08/04/2020 07:00 - 08/04/2020 08:00","BZN|BG","4701.00","4481.00"
"08/04/2020 08:00 - 08/04/2020 09:00","BZN|BG","4813.00","4715.00"
"08/04/2020 09:00 - 08/04/2020 10:00","BZN|BG","4699.00","4690.00"
"08/04/2020 10:00 - 08/04/2020 11:00","BZN|BG","4610.00","4576.00"
"08/04/2020 11:00 - 08/04/2020 12:00","BZN|BG","4493.00","4493.00"
"08/04/2020 12:00 - 08/04/2020 13:00","BZN|BG","4415.00","4361.00"
"08/04/2020 13:00 - 08/04/2020 14:00","BZN|BG","4263.00","4274.00"
"08/04/2020 14:00 - 08/04/2020 15:00","BZN|BG","4185.00","4225.00"
"08/04/2020 15:00 - 08/04/2020 16:00","BZN|BG","4117.00","4269.00"
"08/04/2020 16:00 - 08/04/2020 17:00","BZN|BG","4116.00","4317.00"
"08/04/2020 17:00 - 08/04/2020 18:00","BZN|BG","4310.00","4565.00"
"08/04/2020 18:00 - 08/04/2020 19:00","BZN|BG","4584.00","4729.00"
"08/04/2020 19:00 - 08/04/2020 20:00","BZN|BG","4852.00","4838.00"
"08/04/2020 20:00 - 08/04/2020 21:00","BZN|BG","4681.00","4612.00"
"08/04/2020 21:00 - 08/04/2020 22:00","BZN|BG","4418.00","4472.00"
"08/04/2020 22:00 - 08/04/2020 23:00","BZN|BG","4139.00","4271.00"
"08/04/2020 23:00 - 09/04/2020 00:00","BZN|BG","3745.00","3816.00"
"09/04/2020 00:00 - 09/04/2020 01:00","BZN|BG","3482.00","3552.00"
"09/04/2020 01:00 - 09/04/2020 02:00","BZN|BG","3371.00","3434.00"
"09/04/2020 02:00 - 09/04/2020 03:00","BZN|BG","3330.00","3391.00"
"09/04/2020 03:00 - 09/04/2020 04:00","BZN|BG","3352.00","3409.00"
"09/04/2020 04:00 - 09/04/2020 05:00","BZN|BG","3469.00","3493.00"
"09/04/2020 05:00 - 09/04/2020 06:00","BZN|BG","3743.00","3788.00"
"09/04/2020 06:00 - 09/04/2020 07:00","BZN|BG","4150.00","4109.00"
"09/04/2020 07:00 - 09/04/2020 08:00","BZN|BG","4567.00","4522.00"
"09/04/2020 08:00 - 09/04/2020 09:00","BZN|BG","4680.00","4608.00"
"09/04/2020 09:00 - 09/04/2020 10:00","BZN|BG","4569.00","4602.00"
"09/04/2020 10:00 - 09/04/2020 11:00","BZN|BG","4446.00","4563.00"
"09/04/2020 11:00 - 09/04/2020 12:00","BZN|BG","4323.00","4404.00"
"09/04/2020 12:00 - 09/04/2020 13:00","BZN|BG","4245.00","4295.00"
"09/04/2020 13:00 - 09/04/2020 14:00","BZN|BG","4121.00","4122.00"
"09/04/2020 14:00 - 09/04/2020 15:00","BZN|BG","4031.00","4019.00"
"09/04/2020 15:00 - 09/04/2020 16:00","BZN|BG","3981.00","3998.00"
"09/04/2020 16:00 - 09/04/2020 17:00","BZN|BG","3977.00","4075.00"
"09/04/2020 17:00 - 09/04/2020 18:00","BZN|BG","4133.00","4368.00"
"09/04/2020 18:00 - 09/04/2020 19:00","BZN|BG","4406.00","4555.00"
"09/04/2020 19:00 - 09/04/2020 20:00","BZN|BG","4669.00","4762.00"
"09/04/2020 20:00 - 09/04/2020 21:00","BZN|BG","4531.00","4680.00"
"09/04/2020 21:00 - 09/04/2020 22:00","BZN|BG","4305.00","4387.00"
"09/04/2020 22:00 - 09/04/2020 23:00","BZN|BG","4009.00","4177.00"
"09/04/2020 23:00 - 10/04/2020 00:00","BZN|BG","3628.00","3605.00"
"10/04/2020 00:00 - 10/04/2020 01:00","BZN|BG","3383.00","3404.00"
"10/04/2020 01:00 - 10/04/2020 02:00","BZN|BG","3260.00","3315.00"
"10/04/2020 02:00 - 10/04/2020 03:00","BZN|BG","3220.00","3282.00"
"10/04/2020 03:00 - 10/04/2020 04:00","BZN|BG","3244.00","3300.00"
"10/04/2020 04:00 - 10/04/2020 05:00","BZN|BG","3350.00","3375.00"
"10/04/2020 05:00 - 10/04/2020 06:00","BZN|BG","3635.00","3569.00"
"10/04/2020 06:00 - 10/04/2020 07:00","BZN|BG","4023.00","3847.00"
"10/04/2020 07:00 - 10/04/2020 08:00","BZN|BG","4393.00","4186.00"
"10/04/2020 08:00 - 10/04/2020 09:00","BZN|BG","4481.00","4330.00"
"10/04/2020 09:00 - 10/04/2020 10:00","BZN|BG","4383.00","4292.00"
"10/04/2020 10:00 - 10/04/2020 11:00","BZN|BG","4290.00","4238.00"
"10/04/2020 11:00 - 10/04/2020 12:00","BZN|BG","4215.00","4081.00"
"10/04/2020 12:00 - 10/04/2020 13:00","BZN|BG","4145.00","3979.00"
"10/04/2020 13:00 - 10/04/2020 14:00","BZN|BG","4024.00","3812.00"
"10/04/2020 14:00 - 10/04/2020 15:00","BZN|BG","3949.00","3716.00"
"10/04/2020 15:00 - 10/04/2020 16:00","BZN|BG","3893.00","3696.00"
"10/04/2020 16:00 - 10/04/2020 17:00","BZN|BG","3896.00","3773.00"
"10/04/2020 17:00 - 10/04/2020 18:00","BZN|BG","4035.00","4083.00"
"10/04/2020 18:00 - 10/04/2020 19:00","BZN|BG","4254.00","4407.00"
"10/04/2020 19:00 - 10/04/2020 20:00","BZN|BG","4437.00","4548.00"
"10/04/2020 20:00 - 10/04/2020 21:00","BZN|BG","4319.00","4383.00"
"10/04/2020 21:00 - 10/04/2020 22:00","BZN|BG","4119.00","4197.00"
"10/04/2020 22:00 - 10/04/2020 23:00","BZN|BG","3896.00","3992.00"
"10/04/2020 23:00 - 11/04/2020 00:00","BZN|BG","3569.00","3589.00"
"11/04/2020 00:00 - 11/04/2020 01:00","BZN|BG","3333.00","3350.00"
"11/04/2020 01:00 - 11/04/2020 02:00","BZN|BG","3205.00","3226.00"
"11/04/2020 02:00 - 11/04/2020 03:00","BZN|BG","3128.00","3172.00"
"11/04/2020 03:00 - 11/04/2020 04:00","BZN|BG","3107.00","3156.00"
"11/04/2020 04:00 - 11/04/2020 05:00","BZN|BG","3149.00","3164.00"
"11/04/2020 05:00 - 11/04/2020 06:00","BZN|BG","3245.00","3202.00"
"11/04/2020 06:00 - 11/04/2020 07:00","BZN|BG","3489.00","3323.00"
"11/04/2020 07:00 - 11/04/2020 08:00","BZN|BG","3758.00","3588.00"
"11/04/2020 08:00 - 11/04/2020 09:00","BZN|BG","3937.00","3806.00"
"11/04/2020 09:00 - 11/04/2020 10:00","BZN|BG","4002.00","3923.00"
"11/04/2020 10:00 - 11/04/2020 11:00","BZN|BG","3986.00","3971.00"
"11/04/2020 11:00 - 11/04/2020 12:00","BZN|BG","3926.00","3984.00"
"11/04/2020 12:00 - 11/04/2020 13:00","BZN|BG","3832.00","3698.00"
"11/04/2020 13:00 - 11/04/2020 14:00","BZN|BG","3676.00","3347.00"
"11/04/2020 14:00 - 11/04/2020 15:00","BZN|BG","3570.00","3260.00"
"11/04/2020 15:00 - 11/04/2020 16:00","BZN|BG","3619.00","3275.00"
"11/04/2020 16:00 - 11/04/2020 17:00","BZN|BG","3686.00","3525.00"
"11/04/2020 17:00 - 11/04/2020 18:00","BZN|BG","3820.00","3959.00"
"11/04/2020 18:00 - 11/04/2020 19:00","BZN|BG","4089.00","4229.00"
"11/04/2020 19:00 - 11/04/2020 20:00","BZN|BG","4365.00","4193.00"
"11/04/2020 20:00 - 11/04/2020 21:00","BZN|BG","4183.00","3984.00"
"11/04/2020 21:00 - 11/04/2020 22:00","BZN|BG","3985.00","3856.00"
"11/04/2020 22:00 - 11/04/2020 23:00","BZN|BG","3754.00","3684.00"
"11/04/2020 23:00 - 12/04/2020 00:00","BZN|BG","3435.00","3468.00"
"12/04/2020 00:00 - 12/04/2020 01:00","BZN|BG","3199.00","3248.00"
"12/04/2020 01:00 - 12/04/2020 02:00","BZN|BG","3048.00","3115.00"
"12/04/2020 02:00 - 12/04/2020 03:00","BZN|BG","2992.00","3047.00"
"12/04/2020 03:00 - 12/04/2020 04:00","BZN|BG","3000.00","3024.00"
"12/04/2020 04:00 - 12/04/2020 05:00","BZN|BG","3045.00","3040.00"
"12/04/2020 05:00 - 12/04/2020 06:00","BZN|BG","3130.00","3048.00"
"12/04/2020 06:00 - 12/04/2020 07:00","BZN|BG","3370.00","3166.00"
"12/04/2020 07:00 - 12/04/2020 08:00","BZN|BG","3652.00","3465.00"
"12/04/2020 08:00 - 12/04/2020 09:00","BZN|BG","3870.00","3719.00"
"12/04/2020 09:00 - 12/04/2020 10:00","BZN|BG","3979.00","3873.00"
"12/04/2020 10:00 - 12/04/2020 11:00","BZN|BG","3958.00","3945.00"
"12/04/2020 11:00 - 12/04/2020 12:00","BZN|BG","3925.00","3926.00"
"12/04/2020 12:00 - 12/04/2020 13:00","BZN|BG","3795.00","3770.00"
"12/04/2020 13:00 - 12/04/2020 14:00","BZN|BG","3638.00","3539.00"
"12/04/2020 14:00 - 12/04/2020 15:00","BZN|BG","3569.00","3482.00"
"12/04/2020 15:00 - 12/04/2020 16:00","BZN|BG","3625.00","3602.00"
"12/04/2020 16:00 - 12/04/2020 17:00","BZN|BG","3756.00","3840.00"
"12/04/2020 17:00 - 12/04/2020 18:00","BZN|BG","3903.00","4131.00"
"12/04/2020 18:00 - 12/04/2020 19:00","BZN|BG","4118.00","4324.00"
"12/04/2020 19:00 - 12/04/2020 20:00","BZN|BG","4388.00","4352.00"
"12/04/2020 20:00 - 12/04/2020 21:00","BZN|BG","4245.00","4139.00"
"12/04/2020 21:00 - 12/04/2020 22:00","BZN|BG","4040.00","3970.00"
"12/04/2020 22:00 - 12/04/2020 23:00","BZN|BG","3738.00","3718.00"
"12/04/2020 23:00 - 13/04/2020 00:00","BZN|BG","3386.00","3405.00"
"13/04/2020 00:00 - 13/04/2020 01:00","BZN|BG","3148.00","3183.00"
"13/04/2020 01:00 - 13/04/2020 02:00","BZN|BG","3026.00","3078.00"
"13/04/2020 02:00 - 13/04/2020 03:00","BZN|BG","2989.00","3023.00"
"13/04/2020 03:00 - 13/04/2020 04:00","BZN|BG","3011.00","3041.00"
"13/04/2020 04:00 - 13/04/2020 05:00","BZN|BG","3149.00","3155.00"
"13/04/2020 05:00 - 13/04/2020 06:00","BZN|BG","3436.00","3416.00"
"13/04/2020 06:00 - 13/04/2020 07:00","BZN|BG","3832.00","3788.00"
"13/04/2020 07:00 - 13/04/2020 08:00","BZN|BG","4227.00","4248.00"
"13/04/2020 08:00 - 13/04/2020 09:00","BZN|BG","4358.00","4390.00"
"13/04/2020 09:00 - 13/04/2020 10:00","BZN|BG","4243.00","4399.00"
"13/04/2020 10:00 - 13/04/2020 11:00","BZN|BG","4170.00","4326.00"
"13/04/2020 11:00 - 13/04/2020 12:00","BZN|BG","4100.00","4195.00"
"13/04/2020 12:00 - 13/04/2020 13:00","BZN|BG","4046.00","4091.00"
"13/04/2020 13:00 - 13/04/2020 14:00","BZN|BG","3932.00","3941.00"
"13/04/2020 14:00 - 13/04/2020 15:00","BZN|BG","3859.00","3881.00"
"13/04/2020 15:00 - 13/04/2020 16:00","BZN|BG","3828.00","3884.00"
"13/04/2020 16:00 - 13/04/2020 17:00","BZN|BG","3820.00","3957.00"
"13/04/2020 17:00 - 13/04/2020 18:00","BZN|BG","4024.00","4162.00"
"13/04/2020 18:00 - 13/04/2020 19:00","BZN|BG","4252.00","4383.00"
"13/04/2020 19:00 - 13/04/2020 20:00","BZN|BG","4466.00","4486.00"
"13/04/2020 20:00 - 13/04/2020 21:00","BZN|BG","4263.00","4257.00"
"13/04/2020 21:00 - 13/04/2020 22:00","BZN|BG","3990.00","4055.00"
"13/04/2020 22:00 - 13/04/2020 23:00","BZN|BG","3701.00","3881.00"
"13/04/2020 23:00 - 14/04/2020 00:00","BZN|BG","3393.00","3466.00"
"14/04/2020 00:00 - 14/04/2020 01:00","BZN|BG","3162.00","3203.00"
"14/04/2020 01:00 - 14/04/2020 02:00","BZN|BG","3060.00","3093.00"
"14/04/2020 02:00 - 14/04/2020 03:00","BZN|BG","3022.00","3056.00"
"14/04/2020 03:00 - 14/04/2020 04:00","BZN|BG","3022.00","3074.00"
"14/04/2020 04:00 - 14/04/2020 05:00","BZN|BG","3129.00","3179.00"
"14/04/2020 05:00 - 14/04/2020 06:00","BZN|BG","3382.00","3440.00"
"14/04/2020 06:00 - 14/04/2020 07:00","BZN|BG","3745.00","3798.00"
"14/04/2020 07:00 - 14/04/2020 08:00","BZN|BG","4091.00","4153.00"
"14/04/2020 08:00 - 14/04/2020 09:00","BZN|BG","4267.00","4214.00"
"14/04/2020 09:00 - 14/04/2020 10:00","BZN|BG","4219.00","4168.00"
"14/04/2020 10:00 - 14/04/2020 11:00","BZN|BG","4166.00","4129.00"
"14/04/2020 11:00 - 14/04/2020 12:00","BZN|BG","4071.00","4082.00"
"14/04/2020 12:00 - 14/04/2020 13:00","BZN|BG","4054.00","4052.00"
"14/04/2020 13:00 - 14/04/2020 14:00","BZN|BG","3955.00","4007.00"
"14/04/2020 14:00 - 14/04/2020 15:00","BZN|BG","3907.00","3982.00"
"14/04/2020 15:00 - 14/04/2020 16:00","BZN|BG","3951.00","3989.00"
"14/04/2020 16:00 - 14/04/2020 17:00","BZN|BG","4029.00","4033.00"
"14/04/2020 17:00 - 14/04/2020 18:00","BZN|BG","4288.00","4169.00"
"14/04/2020 18:00 - 14/04/2020 19:00","BZN|BG","4465.00","4362.00"
"14/04/2020 19:00 - 14/04/2020 20:00","BZN|BG","4403.00","4512.00"
"14/04/2020 20:00 - 14/04/2020 21:00","BZN|BG","4250.00","4366.00"
"14/04/2020 21:00 - 14/04/2020 22:00","BZN|BG","4065.00","4164.00"
"14/04/2020 22:00 - 14/04/2020 23:00","BZN|BG","3851.00","3929.00"
"14/04/2020 23:00 - 15/04/2020 00:00","BZN|BG","3531.00","3403.00"
"15/04/2020 00:00 - 15/04/2020 01:00","BZN|BG","3289.00","3182.00"
"15/04/2020 01:00 - 15/04/2020 02:00","BZN|BG","3132.00","3087.00"
"15/04/2020 02:00 - 15/04/2020 03:00","BZN|BG","3099.00","3057.00"
"15/04/2020 03:00 - 15/04/2020 04:00","BZN|BG","3117.00","3079.00"
"15/04/2020 04:00 - 15/04/2020 05:00","BZN|BG","3233.00","3214.00"
"15/04/2020 05:00 - 15/04/2020 06:00","BZN|BG","3492.00","3547.00"
"15/04/2020 06:00 - 15/04/2020 07:00","BZN|BG","3925.00","4005.00"
"15/04/2020 07:00 - 15/04/2020 08:00","BZN|BG","4455.00","4452.00"
"15/04/2020 08:00 - 15/04/2020 09:00","BZN|BG","4732.00","4515.00"
"15/04/2020 09:00 - 15/04/2020 10:00","BZN|BG","4770.00","4452.00"
"15/04/2020 10:00 - 15/04/2020 11:00","BZN|BG","4777.00","4404.00"
"15/04/2020 11:00 - 15/04/2020 12:00","BZN|BG","4677.00","4348.00"
"15/04/2020 12:00 - 15/04/2020 13:00","BZN|BG","4598.00","4312.00"
"15/04/2020 13:00 - 15/04/2020 14:00","BZN|BG","4408.00","4255.00"
"15/04/2020 14:00 - 15/04/2020 15:00","BZN|BG","4349.00","4226.00"
"15/04/2020 15:00 - 15/04/2020 16:00","BZN|BG","4290.00","4238.00"
"15/04/2020 16:00 - 15/04/2020 17:00","BZN|BG","4245.00","4274.00"
"15/04/2020 17:00 - 15/04/2020 18:00","BZN|BG","4367.00","4366.00"
"15/04/2020 18:00 - 15/04/2020 19:00","BZN|BG","4520.00","4508.00"
"15/04/2020 19:00 - 15/04/2020 20:00","BZN|BG","4640.00","4631.00"
"15/04/2020 20:00 - 15/04/2020 21:00","BZN|BG","4509.00","4480.00"
"15/04/2020 21:00 - 15/04/2020 22:00","BZN|BG","4262.00","4250.00"
"15/04/2020 22:00 - 15/04/2020 23:00","BZN|BG","3985.00","3975.00"
"15/04/2020 23:00 - 16/04/2020 00:00","BZN|BG","3382.00","3601.00"
"16/04/2020 00:00 - 16/04/2020 01:00","BZN|BG","3107.00","3345.00"
"16/04/2020 01:00 - 16/04/2020 02:00","BZN|BG","3008.00","3228.00"
"16/04/2020 02:00 - 16/04/2020 03:00","BZN|BG","2959.00","3188.00"
"16/04/2020 03:00 - 16/04/2020 04:00","BZN|BG","2966.00","3203.00"
"16/04/2020 04:00 - 16/04/2020 05:00","BZN|BG","3085.00","3337.00"
"16/04/2020 05:00 - 16/04/2020 06:00","BZN|BG","3381.00","3646.00"
"16/04/2020 06:00 - 16/04/2020 07:00","BZN|BG","3740.00","4075.00"
"16/04/2020 07:00 - 16/04/2020 08:00","BZN|BG","4050.00","4491.00"
"16/04/2020 08:00 - 16/04/2020 09:00","BZN|BG","4066.00","4568.00"
"16/04/2020 09:00 - 16/04/2020 10:00","BZN|BG","3879.00","4447.00"
"16/04/2020 10:00 - 16/04/2020 11:00","BZN|BG","3739.00","4354.00"
"16/04/2020 11:00 - 16/04/2020 12:00","BZN|BG","3585.00","4246.00"
"16/04/2020 12:00 - 16/04/2020 13:00","BZN|BG","3490.00","4180.00"
"16/04/2020 13:00 - 16/04/2020 14:00","BZN|BG","3348.00","4062.00"
"16/04/2020 14:00 - 16/04/2020 15:00","BZN|BG","3282.00","4008.00"
"16/04/2020 15:00 - 16/04/2020 16:00","BZN|BG","3272.00","4038.00"
"16/04/2020 16:00 - 16/04/2020 17:00","BZN|BG","3353.00","4102.00"
"16/04/2020 17:00 - 16/04/2020 18:00","BZN|BG","3595.00","4262.00"
"16/04/2020 18:00 - 16/04/2020 19:00","BZN|BG","3842.00","4472.00"
"16/04/2020 19:00 - 16/04/2020 20:00","BZN|BG","4101.00","4618.00"
"16/04/2020 20:00 - 16/04/2020 21:00","BZN|BG","4017.00","4453.00"
"16/04/2020 21:00 - 16/04/2020 22:00","BZN|BG","3788.00","4220.00"
"16/04/2020 22:00 - 16/04/2020 23:00","BZN|BG","3505.00","3948.00"
"16/04/2020 23:00 - 17/04/2020 00:00","BZN|BG","3174.00","3493.00"
"17/04/2020 00:00 - 17/04/2020 01:00","BZN|BG","2925.00","3199.00"
"17/04/2020 01:00 - 17/04/2020 02:00","BZN|BG","2776.00","3066.00"
"17/04/2020 02:00 - 17/04/2020 03:00","BZN|BG","2720.00","3014.00"
"17/04/2020 03:00 - 17/04/2020 04:00","BZN|BG","2726.00","3008.00"
"17/04/2020 04:00 - 17/04/2020 05:00","BZN|BG","2776.00","3028.00"
"17/04/2020 05:00 - 17/04/2020 06:00","BZN|BG","2890.00","3113.00"
"17/04/2020 06:00 - 17/04/2020 07:00","BZN|BG","3067.00","3329.00"
"17/04/2020 07:00 - 17/04/2020 08:00","BZN|BG","3211.00","3753.00"
"17/04/2020 08:00 - 17/04/2020 09:00","BZN|BG","3267.00","3902.00"
"17/04/2020 09:00 - 17/04/2020 10:00","BZN|BG","3186.00","3730.00"
"17/04/2020 10:00 - 17/04/2020 11:00","BZN|BG","3081.00","3577.00"
"17/04/2020 11:00 - 17/04/2020 12:00","BZN|BG","3013.00","3517.00"
"17/04/2020 12:00 - 17/04/2020 13:00","BZN|BG","2936.00","3461.00"
"17/04/2020 13:00 - 17/04/2020 14:00","BZN|BG","2828.00","3462.00"
"17/04/2020 14:00 - 17/04/2020 15:00","BZN|BG","2810.00","3430.00"
"17/04/2020 15:00 - 17/04/2020 16:00","BZN|BG","2841.00","3413.00"
"17/04/2020 16:00 - 17/04/2020 17:00","BZN|BG","2992.00","3508.00"
"17/04/2020 17:00 - 17/04/2020 18:00","BZN|BG","3214.00","3605.00"
"17/04/2020 18:00 - 17/04/2020 19:00","BZN|BG","3474.00","3811.00"
"17/04/2020 19:00 - 17/04/2020 20:00","BZN|BG","3742.00","4050.00"
"17/04/2020 20:00 - 17/04/2020 21:00","BZN|BG","3711.00","4018.00"
"17/04/2020 21:00 - 17/04/2020 22:00","BZN|BG","3545.00","3834.00"
"17/04/2020 22:00 - 17/04/2020 23:00","BZN|BG","3360.00","3650.00"
"17/04/2020 23:00 - 18/04/2020 00:00","BZN|BG","3114.00","3160.00"
"18/04/2020 00:00 - 18/04/2020 01:00","BZN|BG","2872.00","2909.00"
"18/04/2020 01:00 - 18/04/2020 02:00","BZN|BG","2744.00","2806.00"
"18/04/2020 02:00 - 18/04/2020 03:00","BZN|BG","2691.00","2759.00"
"18/04/2020 03:00 - 18/04/2020 04:00","BZN|BG","2685.00","2748.00"
"18/04/2020 04:00 - 18/04/2020 05:00","BZN|BG","2740.00","2788.00"
"18/04/2020 05:00 - 18/04/2020 06:00","BZN|BG","2816.00","2875.00"
"18/04/2020 06:00 - 18/04/2020 07:00","BZN|BG","3078.00","3178.00"
"18/04/2020 07:00 - 18/04/2020 08:00","BZN|BG","3467.00","3522.00"
"18/04/2020 08:00 - 18/04/2020 09:00","BZN|BG","3677.00","3698.00"
"18/04/2020 09:00 - 18/04/2020 10:00","BZN|BG","3771.00","3659.00"
"18/04/2020 10:00 - 18/04/2020 11:00","BZN|BG","3792.00","3585.00"
"18/04/2020 11:00 - 18/04/2020 12:00","BZN|BG","3751.00","3534.00"
"18/04/2020 12:00 - 18/04/2020 13:00","BZN|BG","3625.00","3455.00"
"18/04/2020 13:00 - 18/04/2020 14:00","BZN|BG","3506.00","3351.00"
"18/04/2020 14:00 - 18/04/2020 15:00","BZN|BG","3430.00","3321.00"
"18/04/2020 15:00 - 18/04/2020 16:00","BZN|BG","3434.00","3329.00"
"18/04/2020 16:00 - 18/04/2020 17:00","BZN|BG","3463.00","3375.00"
"18/04/2020 17:00 - 18/04/2020 18:00","BZN|BG","3542.00","3444.00"
"18/04/2020 18:00 - 18/04/2020 19:00","BZN|BG","3678.00","3573.00"
"18/04/2020 19:00 - 18/04/2020 20:00","BZN|BG","3900.00","3829.00"
"18/04/2020 20:00 - 18/04/2020 21:00","BZN|BG","3777.00","3728.00"
"18/04/2020 21:00 - 18/04/2020 22:00","BZN|BG","3566.00","3493.00"
"18/04/2020 22:00 - 18/04/2020 23:00","BZN|BG","3312.00","3285.00"
"18/04/2020 23:00 - 19/04/2020 00:00","BZN|BG","2985.00","3051.00"
"19/04/2020 00:00 - 19/04/2020 01:00","BZN|BG","2733.00","2828.00"
"19/04/2020 01:00 - 19/04/2020 02:00","BZN|BG","2597.00","2681.00"
"19/04/2020 02:00 - 19/04/2020 03:00","BZN|BG","2523.00","2614.00"
"19/04/2020 03:00 - 19/04/2020 04:00","BZN|BG","2509.00","2598.00"
"19/04/2020 04:00 - 19/04/2020 05:00","BZN|BG","2552.00","2638.00"
"19/04/2020 05:00 - 19/04/2020 06:00","BZN|BG","2617.00","2715.00"
"19/04/2020 06:00 - 19/04/2020 07:00","BZN|BG","2892.00","2938.00"
"19/04/2020 07:00 - 19/04/2020 08:00","BZN|BG","3296.00","3300.00"
"19/04/2020 08:00 - 19/04/2020 09:00","BZN|BG","3648.00","3576.00"
"19/04/2020 09:00 - 19/04/2020 10:00","BZN|BG","3858.00","3679.00"
"19/04/2020 10:00 - 19/04/2020 11:00","BZN|BG","3902.00","3647.00"
"19/04/2020 11:00 - 19/04/2020 12:00","BZN|BG","3706.00","3460.00"
"19/04/2020 12:00 - 19/04/2020 13:00","BZN|BG","3341.00","3184.00"
"19/04/2020 13:00 - 19/04/2020 14:00","BZN|BG","3084.00","3024.00"
"19/04/2020 14:00 - 19/04/2020 15:00","BZN|BG","2985.00","2974.00"
"19/04/2020 15:00 - 19/04/2020 16:00","BZN|BG","2966.00","2988.00"
"19/04/2020 16:00 - 19/04/2020 17:00","BZN|BG","3010.00","3057.00"
"19/04/2020 17:00 - 19/04/2020 18:00","BZN|BG","3067.00","3177.00"
"19/04/2020 18:00 - 19/04/2020 19:00","BZN|BG","3175.00","3369.00"
"19/04/2020 19:00 - 19/04/2020 20:00","BZN|BG","3396.00","3546.00"
"19/04/2020 20:00 - 19/04/2020 21:00","BZN|BG","3324.00","3464.00"
"19/04/2020 21:00 - 19/04/2020 22:00","BZN|BG","3194.00","3353.00"
"19/04/2020 22:00 - 19/04/2020 23:00","BZN|BG","3042.00","3174.00"
"19/04/2020 23:00 - 20/04/2020 00:00","BZN|BG","2777.00","2854.00"
"20/04/2020 00:00 - 20/04/2020 01:00","BZN|BG","2579.00","2677.00"
"20/04/2020 01:00 - 20/04/2020 02:00","BZN|BG","2469.00","2585.00"
"20/04/2020 02:00 - 20/04/2020 03:00","BZN|BG","2432.00","2556.00"
"20/04/2020 03:00 - 20/04/2020 04:00","BZN|BG","2437.00","2548.00"
"20/04/2020 04:00 - 20/04/2020 05:00","BZN|BG","2459.00","2586.00"
"20/04/2020 05:00 - 20/04/2020 06:00","BZN|BG","2525.00","2707.00"
"20/04/2020 06:00 - 20/04/2020 07:00","BZN|BG","2745.00","2914.00"
"20/04/2020 07:00 - 20/04/2020 08:00","BZN|BG","3079.00","3205.00"
"20/04/2020 08:00 - 20/04/2020 09:00","BZN|BG","3331.00","3468.00"
"20/04/2020 09:00 - 20/04/2020 10:00","BZN|BG","3445.00","3582.00"
"20/04/2020 10:00 - 20/04/2020 11:00","BZN|BG","3520.00","3618.00"
"20/04/2020 11:00 - 20/04/2020 12:00","BZN|BG","3534.00","3621.00"
"20/04/2020 12:00 - 20/04/2020 13:00","BZN|BG","3434.00","3565.00"
"20/04/2020 13:00 - 20/04/2020 14:00","BZN|BG","3324.00","3534.00"
"20/04/2020 14:00 - 20/04/2020 15:00","BZN|BG","3312.00","3537.00"
"20/04/2020 15:00 - 20/04/2020 16:00","BZN|BG","3362.00","3601.00"
"20/04/2020 16:00 - 20/04/2020 17:00","BZN|BG","3487.00","3701.00"
"20/04/2020 17:00 - 20/04/2020 18:00","BZN|BG","3696.00","3845.00"
"20/04/2020 18:00 - 20/04/2020 19:00","BZN|BG","3844.00","4021.00"
"20/04/2020 19:00 - 20/04/2020 20:00","BZN|BG","3862.00","4079.00"
"20/04/2020 20:00 - 20/04/2020 21:00","BZN|BG","3710.00","3949.00"
"20/04/2020 21:00 - 20/04/2020 22:00","BZN|BG","3509.00","3744.00"
"20/04/2020 22:00 - 20/04/2020 23:00","BZN|BG","3345.00","3540.00"
"20/04/2020 23:00 - 21/04/2020 00:00","BZN|BG","3015.00","3135.00"
"21/04/2020 00:00 - 21/04/2020 01:00","BZN|BG","2781.00","2908.00"
"21/04/2020 01:00 - 21/04/2020 02:00","BZN|BG","2665.00","2795.00"
"21/04/2020 02:00 - 21/04/2020 03:00","BZN|BG","2633.00","2751.00"
"21/04/2020 03:00 - 21/04/2020 04:00","BZN|BG","2659.00","2758.00"
"21/04/2020 04:00 - 21/04/2020 05:00","BZN|BG","2802.00","2899.00"
"21/04/2020 05:00 - 21/04/2020 06:00","BZN|BG","3073.00","3213.00"
"21/04/2020 06:00 - 21/04/2020 07:00","BZN|BG","3497.00","3671.00"
"21/04/2020 07:00 - 21/04/2020 08:00","BZN|BG","4008.00","4125.00"
"21/04/2020 08:00 - 21/04/2020 09:00","BZN|BG","4303.00","4290.00"
"21/04/2020 09:00 - 21/04/2020 10:00","BZN|BG","4373.00","4222.00"
"21/04/2020 10:00 - 21/04/2020 11:00","BZN|BG","4413.00","4149.00"
"21/04/2020 11:00 - 21/04/2020 12:00","BZN|BG","4364.00","4063.00"
"21/04/2020 12:00 - 21/04/2020 13:00","BZN|BG","4338.00","3989.00"
"21/04/2020 13:00 - 21/04/2020 14:00","BZN|BG","4243.00","3861.00"
"21/04/2020 14:00 - 21/04/2020 15:00","BZN|BG","4231.00","3798.00"
"21/04/2020 15:00 - 21/04/2020 16:00","BZN|BG","4238.00","3813.00"
"21/04/2020 16:00 - 21/04/2020 17:00","BZN|BG","4266.00","3878.00"
"21/04/2020 17:00 - 21/04/2020 18:00","BZN|BG","4452.00","4072.00"
"21/04/2020 18:00 - 21/04/2020 19:00","BZN|BG","4547.00","4278.00"
"21/04/2020 19:00 - 21/04/2020 20:00","BZN|BG","4501.00","4451.00"
"21/04/2020 20:00 - 21/04/2020 21:00","BZN|BG","4316.00","4300.00"
"21/04/2020 21:00 - 21/04/2020 22:00","BZN|BG","4070.00","4050.00"
"21/04/2020 22:00 - 21/04/2020 23:00","BZN|BG","3848.00","3742.00"
"21/04/2020 23:00 - 22/04/2020 00:00","BZN|BG","3493.00","3241.00"
"22/04/2020 00:00 - 22/04/2020 01:00","BZN|BG","3256.00","3008.00"
"22/04/2020 01:00 - 22/04/2020 02:00","BZN|BG","3119.00","2893.00"
"22/04/2020 02:00 - 22/04/2020 03:00","BZN|BG","3095.00","2848.00"
"22/04/2020 03:00 - 22/04/2020 04:00","BZN|BG","3094.00","2856.00"
"22/04/2020 04:00 - 22/04/2020 05:00","BZN|BG","3204.00","3004.00"
"22/04/2020 05:00 - 22/04/2020 06:00","BZN|BG","3468.00","3335.00"
"22/04/2020 06:00 - 22/04/2020 07:00","BZN|BG","3858.00","3817.00"
"22/04/2020 07:00 - 22/04/2020 08:00","BZN|BG","4276.00","4296.00"
"22/04/2020 08:00 - 22/04/2020 09:00","BZN|BG","4424.00","4470.00"
"22/04/2020 09:00 - 22/04/2020 10:00","BZN|BG","4380.00","4399.00"
"22/04/2020 10:00 - 22/04/2020 11:00","BZN|BG","4317.00","4323.00"
"22/04/2020 11:00 - 22/04/2020 12:00","BZN|BG","4219.00","4235.00"
"22/04/2020 12:00 - 22/04/2020 13:00","BZN|BG","4184.00","4157.00"
"22/04/2020 13:00 - 22/04/2020 14:00","BZN|BG","4056.00","4025.00"
"22/04/2020 14:00 - 22/04/2020 15:00","BZN|BG","3961.00","3960.00"
"22/04/2020 15:00 - 22/04/2020 16:00","BZN|BG","3914.00","3974.00"
"22/04/2020 16:00 - 22/04/2020 17:00","BZN|BG","3898.00","4038.00"
"22/04/2020 17:00 - 22/04/2020 18:00","BZN|BG","4038.00","4227.00"
"22/04/2020 18:00 - 22/04/2020 19:00","BZN|BG","4258.00","4429.00"
"22/04/2020 19:00 - 22/04/2020 20:00","BZN|BG","4425.00","4597.00"
"22/04/2020 20:00 - 22/04/2020 21:00","BZN|BG","4397.00","4443.00"
"22/04/2020 21:00 - 22/04/2020 22:00","BZN|BG","4156.00","4187.00"
"22/04/2020 22:00 - 22/04/2020 23:00","BZN|BG","3871.00","3873.00"
"22/04/2020 23:00 - 23/04/2020 00:00","BZN|BG","3492.00","3455.00"
"23/04/2020 00:00 - 23/04/2020 01:00","BZN|BG","3246.00","3246.00"
"23/04/2020 01:00 - 23/04/2020 02:00","BZN|BG","3103.00","3143.00"
"23/04/2020 02:00 - 23/04/2020 03:00","BZN|BG","3054.00","3101.00"
"23/04/2020 03:00 - 23/04/2020 04:00","BZN|BG","3092.00","3112.00"
"23/04/2020 04:00 - 23/04/2020 05:00","BZN|BG","3203.00","3228.00"
"23/04/2020 05:00 - 23/04/2020 06:00","BZN|BG","3472.00","3474.00"
"23/04/2020 06:00 - 23/04/2020 07:00","BZN|BG","3831.00","3839.00"
"23/04/2020 07:00 - 23/04/2020 08:00","BZN|BG","4212.00","4228.00"
"23/04/2020 08:00 - 23/04/2020 09:00","BZN|BG","4318.00","4414.00"
"23/04/2020 09:00 - 23/04/2020 10:00","BZN|BG","4216.00","4370.00"
"23/04/2020 10:00 - 23/04/2020 11:00","BZN|BG","4148.00","4311.00"
"23/04/2020 11:00 - 23/04/2020 12:00","BZN|BG","4071.00","4208.00"
"23/04/2020 12:00 - 23/04/2020 13:00","BZN|BG","4031.00","4122.00"
"23/04/2020 13:00 - 23/04/2020 14:00","BZN|BG","3929.00","3967.00"
"23/04/2020 14:00 - 23/04/2020 15:00","BZN|BG","3855.00","3903.00"
"23/04/2020 15:00 - 23/04/2020 16:00","BZN|BG","3821.00","3927.00"
"23/04/2020 16:00 - 23/04/2020 17:00","BZN|BG","3797.00","3997.00"
"23/04/2020 17:00 - 23/04/2020 18:00","BZN|BG","3963.00","4227.00"
"23/04/2020 18:00 - 23/04/2020 19:00","BZN|BG","4185.00","4433.00"
"23/04/2020 19:00 - 23/04/2020 20:00","BZN|BG","4426.00","4558.00"
"23/04/2020 20:00 - 23/04/2020 21:00","BZN|BG","4367.00","4391.00"
"23/04/2020 21:00 - 23/04/2020 22:00","BZN|BG","4134.00","4134.00"
"23/04/2020 22:00 - 23/04/2020 23:00","BZN|BG","3866.00","3832.00"
"23/04/2020 23:00 - 24/04/2020 00:00","BZN|BG","3462.00","3456.00"
"24/04/2020 00:00 - 24/04/2020 01:00","BZN|BG","3229.00","3229.00"
"24/04/2020 01:00 - 24/04/2020 02:00","BZN|BG","3107.00","3113.00"
"24/04/2020 02:00 - 24/04/2020 03:00","BZN|BG","3069.00","3070.00"
"24/04/2020 03:00 - 24/04/2020 04:00","BZN|BG","3113.00","3079.00"
"24/04/2020 04:00 - 24/04/2020 05:00","BZN|BG","3225.00","3177.00"
"24/04/2020 05:00 - 24/04/2020 06:00","BZN|BG","3459.00","3385.00"
"24/04/2020 06:00 - 24/04/2020 07:00","BZN|BG","3826.00","3694.00"
"24/04/2020 07:00 - 24/04/2020 08:00","BZN|BG","4184.00","4021.00"
"24/04/2020 08:00 - 24/04/2020 09:00","BZN|BG","4255.00","4167.00"
"24/04/2020 09:00 - 24/04/2020 10:00","BZN|BG","4193.00","4121.00"
"24/04/2020 10:00 - 24/04/2020 11:00","BZN|BG","4135.00","4065.00"
"24/04/2020 11:00 - 24/04/2020 12:00","BZN|BG","4043.00","3971.00"
"24/04/2020 12:00 - 24/04/2020 13:00","BZN|BG","3992.00","3909.00"
"24/04/2020 13:00 - 24/04/2020 14:00","BZN|BG","3884.00","3775.00"
"24/04/2020 14:00 - 24/04/2020 15:00","BZN|BG","3819.00","3716.00"
"24/04/2020 15:00 - 24/04/2020 16:00","BZN|BG","3772.00","3733.00"
"24/04/2020 16:00 - 24/04/2020 17:00","BZN|BG","3761.00","3799.00"
"24/04/2020 17:00 - 24/04/2020 18:00","BZN|BG","3898.00","4042.00"
"24/04/2020 18:00 - 24/04/2020 19:00","BZN|BG","4095.00","4267.00"
"24/04/2020 19:00 - 24/04/2020 20:00","BZN|BG","4272.00","4416.00"
"24/04/2020 20:00 - 24/04/2020 21:00","BZN|BG","4204.00","4300.00"
"24/04/2020 21:00 - 24/04/2020 22:00","BZN|BG","4063.00","4107.00"
"24/04/2020 22:00 - 24/04/2020 23:00","BZN|BG","3819.00","3872.00"
"24/04/2020 23:00 - 25/04/2020 00:00","BZN|BG","3474.00","3349.00"
"25/04/2020 00:00 - 25/04/2020 01:00","BZN|BG","3230.00","3101.00"
"25/04/2020 01:00 - 25/04/2020 02:00","BZN|BG","3084.00","2977.00"
"25/04/2020 02:00 - 25/04/2020 03:00","BZN|BG","3036.00","2929.00"
"25/04/2020 03:00 - 25/04/2020 04:00","BZN|BG","3007.00","2925.00"
"25/04/2020 04:00 - 25/04/2020 05:00","BZN|BG","3052.00","2972.00"
"25/04/2020 05:00 - 25/04/2020 06:00","BZN|BG","3139.00","3048.00"
"25/04/2020 06:00 - 25/04/2020 07:00","BZN|BG","3406.00","3259.00"
"25/04/2020 07:00 - 25/04/2020 08:00","BZN|BG","3651.00","3529.00"
"25/04/2020 08:00 - 25/04/2020 09:00","BZN|BG","3818.00","3677.00"
"25/04/2020 09:00 - 25/04/2020 10:00","BZN|BG","3831.00","3736.00"
"25/04/2020 10:00 - 25/04/2020 11:00","BZN|BG","3810.00","3735.00"
"25/04/2020 11:00 - 25/04/2020 12:00","BZN|BG","3745.00","3664.00"
"25/04/2020 12:00 - 25/04/2020 13:00","BZN|BG","3656.00","3498.00"
"25/04/2020 13:00 - 25/04/2020 14:00","BZN|BG","3530.00","3346.00"
"25/04/2020 14:00 - 25/04/2020 15:00","BZN|BG","3463.00","3305.00"
"25/04/2020 15:00 - 25/04/2020 16:00","BZN|BG","3449.00","3356.00"
"25/04/2020 16:00 - 25/04/2020 17:00","BZN|BG","3510.00","3434.00"
"25/04/2020 17:00 - 25/04/2020 18:00","BZN|BG","3648.00","3554.00"
"25/04/2020 18:00 - 25/04/2020 19:00","BZN|BG","3826.00","3702.00"
"25/04/2020 19:00 - 25/04/2020 20:00","BZN|BG","4047.00","3954.00"
"25/04/2020 20:00 - 25/04/2020 21:00","BZN|BG","3991.00","3849.00"
"25/04/2020 21:00 - 25/04/2020 22:00","BZN|BG","3849.00","3690.00"
"25/04/2020 22:00 - 25/04/2020 23:00","BZN|BG","3622.00","3512.00"
"25/04/2020 23:00 - 26/04/2020 00:00","BZN|BG","3284.00","3112.00"
"26/04/2020 00:00 - 26/04/2020 01:00","BZN|BG","3017.00","2882.00"
"26/04/2020 01:00 - 26/04/2020 02:00","BZN|BG","2900.00","2769.00"
"26/04/2020 02:00 - 26/04/2020 03:00","BZN|BG","2852.00","2706.00"
"26/04/2020 03:00 - 26/04/2020 04:00","BZN|BG","2860.00","2694.00"
"26/04/2020 04:00 - 26/04/2020 05:00","BZN|BG","2879.00","2713.00"
"26/04/2020 05:00 - 26/04/2020 06:00","BZN|BG","2889.00","2752.00"
"26/04/2020 06:00 - 26/04/2020 07:00","BZN|BG","3145.00","2886.00"
"26/04/2020 07:00 - 26/04/2020 08:00","BZN|BG","3436.00","3072.00"
"26/04/2020 08:00 - 26/04/2020 09:00","BZN|BG","3692.00","3233.00"
"26/04/2020 09:00 - 26/04/2020 10:00","BZN|BG","3832.00","3326.00"
"26/04/2020 10:00 - 26/04/2020 11:00","BZN|BG","3868.00","3342.00"
"26/04/2020 11:00 - 26/04/2020 12:00","BZN|BG","3849.00","3258.00"
"26/04/2020 12:00 - 26/04/2020 13:00","BZN|BG","3716.00","3122.00"
"26/04/2020 13:00 - 26/04/2020 14:00","BZN|BG","3592.00","3029.00"
"26/04/2020 14:00 - 26/04/2020 15:00","BZN|BG","3537.00","3006.00"
"26/04/2020 15:00 - 26/04/2020 16:00","BZN|BG","3603.00","3053.00"
"26/04/2020 16:00 - 26/04/2020 17:00","BZN|BG","3736.00","3234.00"
"26/04/2020 17:00 - 26/04/2020 18:00","BZN|BG","3897.00","3374.00"
"26/04/2020 18:00 - 26/04/2020 19:00","BZN|BG","4062.00","3512.00"
"26/04/2020 19:00 - 26/04/2020 20:00","BZN|BG","4156.00","3850.00"
"26/04/2020 20:00 - 26/04/2020 21:00","BZN|BG","4011.00","3792.00"
"26/04/2020 21:00 - 26/04/2020 22:00","BZN|BG","3865.00","3594.00"
"26/04/2020 22:00 - 26/04/2020 23:00","BZN|BG","3551.00","3395.00"
"26/04/2020 23:00 - 27/04/2020 00:00","BZN|BG","3209.00","3294.00"
"27/04/2020 00:00 - 27/04/2020 01:00","BZN|BG","2976.00","3099.00"
"27/04/2020 01:00 - 27/04/2020 02:00","BZN|BG","2865.00","2970.00"
"27/04/2020 02:00 - 27/04/2020 03:00","BZN|BG","2832.00","2915.00"
"27/04/2020 03:00 - 27/04/2020 04:00","BZN|BG","2850.00","2928.00"
"27/04/2020 04:00 - 27/04/2020 05:00","BZN|BG","2969.00","2948.00"
"27/04/2020 05:00 - 27/04/2020 06:00","BZN|BG","3225.00","3034.00"
"27/04/2020 06:00 - 27/04/2020 07:00","BZN|BG","3586.00","3261.00"
"27/04/2020 07:00 - 27/04/2020 08:00","BZN|BG","3923.00","3603.00"
"27/04/2020 08:00 - 27/04/2020 09:00","BZN|BG","4051.00","3883.00"
"27/04/2020 09:00 - 27/04/2020 10:00","BZN|BG","4018.00","3989.00"
"27/04/2020 10:00 - 27/04/2020 11:00","BZN|BG","4050.00","4082.00"
"27/04/2020 11:00 - 27/04/2020 12:00","BZN|BG","3951.00","4099.00"
"27/04/2020 12:00 - 27/04/2020 13:00","BZN|BG","3888.00","3988.00"
"27/04/2020 13:00 - 27/04/2020 14:00","BZN|BG","3799.00","3845.00"
"27/04/2020 14:00 - 27/04/2020 15:00","BZN|BG","3745.00","3817.00"
"27/04/2020 15:00 - 27/04/2020 16:00","BZN|BG","3726.00","3885.00"
"27/04/2020 16:00 - 27/04/2020 17:00","BZN|BG","3707.00","4018.00"
"27/04/2020 17:00 - 27/04/2020 18:00","BZN|BG","3821.00","4204.00"
"27/04/2020 18:00 - 27/04/2020 19:00","BZN|BG","3999.00","4350.00"
"27/04/2020 19:00 - 27/04/2020 20:00","BZN|BG","4120.00","4361.00"
"27/04/2020 20:00 - 27/04/2020 21:00","BZN|BG","4056.00","4174.00"
"27/04/2020 21:00 - 27/04/2020 22:00","BZN|BG","3865.00","3941.00"
"27/04/2020 22:00 - 27/04/2020 23:00","BZN|BG","3648.00","3744.00"
"27/04/2020 23:00 - 28/04/2020 00:00","BZN|BG","3262.00","3317.00"
"28/04/2020 00:00 - 28/04/2020 01:00","BZN|BG","3008.00","3120.00"
"28/04/2020 01:00 - 28/04/2020 02:00","BZN|BG","2853.00","3022.00"
"28/04/2020 02:00 - 28/04/2020 03:00","BZN|BG","2805.00","2989.00"
"28/04/2020 03:00 - 28/04/2020 04:00","BZN|BG","2848.00","3013.00"
"28/04/2020 04:00 - 28/04/2020 05:00","BZN|BG","2983.00","3126.00"
"28/04/2020 05:00 - 28/04/2020 06:00","BZN|BG","3233.00","3376.00"
"28/04/2020 06:00 - 28/04/2020 07:00","BZN|BG","3602.00","3740.00"
"28/04/2020 07:00 - 28/04/2020 08:00","BZN|BG","3908.00","4115.00"
"28/04/2020 08:00 - 28/04/2020 09:00","BZN|BG","4037.00","4256.00"
"28/04/2020 09:00 - 28/04/2020 10:00","BZN|BG","3968.00","4183.00"
"28/04/2020 10:00 - 28/04/2020 11:00","BZN|BG","3980.00","4110.00"
"28/04/2020 11:00 - 28/04/2020 12:00","BZN|BG","3877.00","3993.00"
"28/04/2020 12:00 - 28/04/2020 13:00","BZN|BG","3846.00","3940.00"
"28/04/2020 13:00 - 28/04/2020 14:00","BZN|BG","3763.00","3790.00"
"28/04/2020 14:00 - 28/04/2020 15:00","BZN|BG","3728.00","3736.00"
"28/04/2020 15:00 - 28/04/2020 16:00","BZN|BG","3720.00","3736.00"
"28/04/2020 16:00 - 28/04/2020 17:00","BZN|BG","3723.00","3784.00"
"28/04/2020 17:00 - 28/04/2020 18:00","BZN|BG","3883.00","3961.00"
"28/04/2020 18:00 - 28/04/2020 19:00","BZN|BG","3984.00","4124.00"
"28/04/2020 19:00 - 28/04/2020 20:00","BZN|BG","4121.00","4270.00"
"28/04/2020 20:00 - 28/04/2020 21:00","BZN|BG","4089.00","4167.00"
"28/04/2020 21:00 - 28/04/2020 22:00","BZN|BG","3837.00","3938.00"
"28/04/2020 22:00 - 28/04/2020 23:00","BZN|BG","3579.00","3659.00"
"28/04/2020 23:00 - 29/04/2020 00:00","BZN|BG","3228.00","3303.00"
"29/04/2020 00:00 - 29/04/2020 01:00","BZN|BG","2993.00","3074.00"
"29/04/2020 01:00 - 29/04/2020 02:00","BZN|BG","2824.00","2964.00"
"29/04/2020 02:00 - 29/04/2020 03:00","BZN|BG","2807.00","2934.00"
"29/04/2020 03:00 - 29/04/2020 04:00","BZN|BG","2810.00","2958.00"
"29/04/2020 04:00 - 29/04/2020 05:00","BZN|BG","2910.00","3049.00"
"29/04/2020 05:00 - 29/04/2020 06:00","BZN|BG","3141.00","3248.00"
"29/04/2020 06:00 - 29/04/2020 07:00","BZN|BG","3487.00","3528.00"
"29/04/2020 07:00 - 29/04/2020 08:00","BZN|BG","3829.00","3813.00"
"29/04/2020 08:00 - 29/04/2020 09:00","BZN|BG","3947.00","3911.00"
"29/04/2020 09:00 - 29/04/2020 10:00","BZN|BG","3884.00","3860.00"
"29/04/2020 10:00 - 29/04/2020 11:00","BZN|BG","3853.00","3814.00"
"29/04/2020 11:00 - 29/04/2020 12:00","BZN|BG","3785.00","3734.00"
"29/04/2020 12:00 - 29/04/2020 13:00","BZN|BG","3803.00","3711.00"
"29/04/2020 13:00 - 29/04/2020 14:00","BZN|BG","3717.00","3626.00"
"29/04/2020 14:00 - 29/04/2020 15:00","BZN|BG","3674.00","3596.00"
"29/04/2020 15:00 - 29/04/2020 16:00","BZN|BG","3670.00","3593.00"
"29/04/2020 16:00 - 29/04/2020 17:00","BZN|BG","3686.00","3626.00"
"29/04/2020 17:00 - 29/04/2020 18:00","BZN|BG","3827.00","3793.00"
"29/04/2020 18:00 - 29/04/2020 19:00","BZN|BG","3960.00","3939.00"
"29/04/2020 19:00 - 29/04/2020 20:00","BZN|BG","3986.00","4053.00"
"29/04/2020 20:00 - 29/04/2020 21:00","BZN|BG","3904.00","3974.00"
"29/04/2020 21:00 - 29/04/2020 22:00","BZN|BG","3689.00","3811.00"
"29/04/2020 22:00 - 29/04/2020 23:00","BZN|BG","3441.00","3613.00"
"29/04/2020 23:00 - 30/04/2020 00:00","BZN|BG","3016.00","3213.00"
"30/04/2020 00:00 - 30/04/2020 01:00","BZN|BG","2794.00","2973.00"
"30/04/2020 01:00 - 30/04/2020 02:00","BZN|BG","2681.00","2853.00"
"30/04/2020 02:00 - 30/04/2020 03:00","BZN|BG","2650.00","2817.00"
"30/04/2020 03:00 - 30/04/2020 04:00","BZN|BG","2670.00","2843.00"
"30/04/2020 04:00 - 30/04/2020 05:00","BZN|BG","2767.00","2949.00"
"30/04/2020 05:00 - 30/04/2020 06:00","BZN|BG","2983.00","3166.00"
"30/04/2020 06:00 - 30/04/2020 07:00","BZN|BG","3307.00","3473.00"
"30/04/2020 07:00 - 30/04/2020 08:00","BZN|BG","3599.00","3771.00"
"30/04/2020 08:00 - 30/04/2020 09:00","BZN|BG","3671.00","3873.00"
"30/04/2020 09:00 - 30/04/2020 10:00","BZN|BG","3580.00","3817.00"
"30/04/2020 10:00 - 30/04/2020 11:00","BZN|BG","3515.00","3786.00"
"30/04/2020 11:00 - 30/04/2020 12:00","BZN|BG","3442.00","3704.00"
"30/04/2020 12:00 - 30/04/2020 13:00","BZN|BG","3382.00","3682.00"
"30/04/2020 13:00 - 30/04/2020 14:00","BZN|BG","3324.00","3610.00"
"30/04/2020 14:00 - 30/04/2020 15:00","BZN|BG","3351.00","3585.00"
"30/04/2020 15:00 - 30/04/2020 16:00","BZN|BG","3350.00","3585.00"
"30/04/2020 16:00 - 30/04/2020 17:00","BZN|BG","3385.00","3621.00"
"30/04/2020 17:00 - 30/04/2020 18:00","BZN|BG","3546.00","3804.00"
"30/04/2020 18:00 - 30/04/2020 19:00","BZN|BG","3699.00","3958.00"
"30/04/2020 19:00 - 30/04/2020 20:00","BZN|BG","3776.00","4089.00"
"30/04/2020 20:00 - 30/04/2020 21:00","BZN|BG","3705.00","3990.00"
"30/04/2020 21:00 - 30/04/2020 22:00","BZN|BG","3473.00","3764.00"
"30/04/2020 22:00 - 30/04/2020 23:00","BZN|BG","3233.00","3494.00"
"30/04/2020 23:00 - 01/05/2020 00:00","BZN|BG","2988.00","3038.00"
"01/05/2020 00:00 - 01/05/2020 01:00","BZN|BG","2755.00","2783.00"
"01/05/2020 01:00 - 01/05/2020 02:00","BZN|BG","2643.00","2651.00"
"01/05/2020 02:00 - 01/05/2020 03:00","BZN|BG","2595.00","2616.00"
"01/05/2020 03:00 - 01/05/2020 04:00","BZN|BG","2585.00","2635.00"
"01/05/2020 04:00 - 01/05/2020 05:00","BZN|BG","2615.00","2721.00"
"01/05/2020 05:00 - 01/05/2020 06:00","BZN|BG","2693.00","2903.00"
"01/05/2020 06:00 - 01/05/2020 07:00","BZN|BG","2949.00","3162.00"
"01/05/2020 07:00 - 01/05/2020 08:00","BZN|BG","3263.00","3412.00"
"01/05/2020 08:00 - 01/05/2020 09:00","BZN|BG","3450.00","3495.00"
"01/05/2020 09:00 - 01/05/2020 10:00","BZN|BG","3491.00","3481.00"
"01/05/2020 10:00 - 01/05/2020 11:00","BZN|BG","3500.00","3473.00"
"01/05/2020 11:00 - 01/05/2020 12:00","BZN|BG","3500.00","3454.00"
"01/05/2020 12:00 - 01/05/2020 13:00","BZN|BG","3409.00","3450.00"
"01/05/2020 13:00 - 01/05/2020 14:00","BZN|BG","3300.00","3433.00"
"01/05/2020 14:00 - 01/05/2020 15:00","BZN|BG","3265.00","3430.00"
"01/05/2020 15:00 - 01/05/2020 16:00","BZN|BG","3288.00","3432.00"
"01/05/2020 16:00 - 01/05/2020 17:00","BZN|BG","3349.00","3449.00"
"01/05/2020 17:00 - 01/05/2020 18:00","BZN|BG","3465.00","3548.00"
"01/05/2020 18:00 - 01/05/2020 19:00","BZN|BG","3604.00","3629.00"
"01/05/2020 19:00 - 01/05/2020 20:00","BZN|BG","3638.00","3691.00"
"01/05/2020 20:00 - 01/05/2020 21:00","BZN|BG","3573.00","3627.00"
"01/05/2020 21:00 - 01/05/2020 22:00","BZN|BG","3432.00","3486.00"
"01/05/2020 22:00 - 01/05/2020 23:00","BZN|BG","3249.00","3315.00"
"01/05/2020 23:00 - 02/05/2020 00:00","BZN|BG","2951.00","2904.00"
"02/05/2020 00:00 - 02/05/2020 01:00","BZN|BG","2713.00","2681.00"
"02/05/2020 01:00 - 02/05/2020 02:00","BZN|BG","2589.00","2555.00"
"02/05/2020 02:00 - 02/05/2020 03:00","BZN|BG","2539.00","2517.00"
"02/05/2020 03:00 - 02/05/2020 04:00","BZN|BG","2538.00","2505.00"
"02/05/2020 04:00 - 02/05/2020 05:00","BZN|BG","2560.00","2526.00"
"02/05/2020 05:00 - 02/05/2020 06:00","BZN|BG","2558.00","2587.00"
"02/05/2020 06:00 - 02/05/2020 07:00","BZN|BG","2821.00","2762.00"
"02/05/2020 07:00 - 02/05/2020 08:00","BZN|BG","3150.00","2904.00"
"02/05/2020 08:00 - 02/05/2020 09:00","BZN|BG","3375.00","3003.00"
"02/05/2020 09:00 - 02/05/2020 10:00","BZN|BG","3382.00","2999.00"
"02/05/2020 10:00 - 02/05/2020 11:00","BZN|BG","3530.00","2988.00"
"02/05/2020 11:00 - 02/05/2020 12:00","BZN|BG","3422.00","2969.00"
"02/05/2020 12:00 - 02/05/2020 13:00","BZN|BG","3370.00","2945.00"
"02/05/2020 13:00 - 02/05/2020 14:00","BZN|BG","3285.00","2913.00"
"02/05/2020 14:00 - 02/05/2020 15:00","BZN|BG","3265.00","2901.00"
"02/05/2020 15:00 - 02/05/2020 16:00","BZN|BG","3317.00","2940.00"
"02/05/2020 16:00 - 02/05/2020 17:00","BZN|BG","3414.00","3013.00"
"02/05/2020 17:00 - 02/05/2020 18:00","BZN|BG","3543.00","3162.00"
"02/05/2020 18:00 - 02/05/2020 19:00","BZN|BG","3665.00","3294.00"
"02/05/2020 19:00 - 02/05/2020 20:00","BZN|BG","3675.00","3481.00"
"02/05/2020 20:00 - 02/05/2020 21:00","BZN|BG","3541.00","3408.00"
"02/05/2020 21:00 - 02/05/2020 22:00","BZN|BG","3433.00","3254.00"
"02/05/2020 22:00 - 02/05/2020 23:00","BZN|BG","3243.00","3000.00"
"02/05/2020 23:00 - 03/05/2020 00:00","BZN|BG","2971.00","2862.00"
"03/05/2020 00:00 - 03/05/2020 01:00","BZN|BG","2755.00","2616.00"
"03/05/2020 01:00 - 03/05/2020 02:00","BZN|BG","2631.00","2521.00"
"03/05/2020 02:00 - 03/05/2020 03:00","BZN|BG","2594.00","2473.00"
"03/05/2020 03:00 - 03/05/2020 04:00","BZN|BG","2584.00","2488.00"
"03/05/2020 04:00 - 03/05/2020 05:00","BZN|BG","2588.00","2498.00"
"03/05/2020 05:00 - 03/05/2020 06:00","BZN|BG","2600.00","2505.00"
"03/05/2020 06:00 - 03/05/2020 07:00","BZN|BG","2797.00","2733.00"
"03/05/2020 07:00 - 03/05/2020 08:00","BZN|BG","3152.00","2961.00"
"03/05/2020 08:00 - 03/05/2020 09:00","BZN|BG","3461.00","3151.00"
"03/05/2020 09:00 - 03/05/2020 10:00","BZN|BG","3613.00","3246.00"
"03/05/2020 10:00 - 03/05/2020 11:00","BZN|BG","3679.00","3242.00"
"03/05/2020 11:00 - 03/05/2020 12:00","BZN|BG","3700.00","3250.00"
"03/05/2020 12:00 - 03/05/2020 13:00","BZN|BG","3618.00","3207.00"
"03/05/2020 13:00 - 03/05/2020 14:00","BZN|BG","3547.00","3181.00"
"03/05/2020 14:00 - 03/05/2020 15:00","BZN|BG","3528.00","3157.00"
"03/05/2020 15:00 - 03/05/2020 16:00","BZN|BG","3599.00","3222.00"
"03/05/2020 16:00 - 03/05/2020 17:00","BZN|BG","3745.00","3358.00"
"03/05/2020 17:00 - 03/05/2020 18:00","BZN|BG","3864.00","3519.00"
"03/05/2020 18:00 - 03/05/2020 19:00","BZN|BG","3960.00","3677.00"
"03/05/2020 19:00 - 03/05/2020 20:00","BZN|BG","3904.00","3783.00"
"03/05/2020 20:00 - 03/05/2020 21:00","BZN|BG","3753.00","3641.00"
"03/05/2020 21:00 - 03/05/2020 22:00","BZN|BG","3619.00","3483.00"
"03/05/2020 22:00 - 03/05/2020 23:00","BZN|BG","3367.00","3215.00"
"03/05/2020 23:00 - 04/05/2020 00:00","BZN|BG","3043.00","2771.00"
"04/05/2020 00:00 - 04/05/2020 01:00","BZN|BG","2824.00","2595.00"
"04/05/2020 01:00 - 04/05/2020 02:00","BZN|BG","2706.00","2514.00"
"04/05/2020 02:00 - 04/05/2020 03:00","BZN|BG","2666.00","2488.00"
"04/05/2020 03:00 - 04/05/2020 04:00","BZN|BG","2695.00","2532.00"
"04/05/2020 04:00 - 04/05/2020 05:00","BZN|BG","2791.00","2684.00"
"04/05/2020 05:00 - 04/05/2020 06:00","BZN|BG","3055.00","3032.00"
"04/05/2020 06:00 - 04/05/2020 07:00","BZN|BG","3453.00","3496.00"
"04/05/2020 07:00 - 04/05/2020 08:00","BZN|BG","3909.00","3897.00"
"04/05/2020 08:00 - 04/05/2020 09:00","BZN|BG","4132.00","4038.00"
"04/05/2020 09:00 - 04/05/2020 10:00","BZN|BG","4096.00","4026.00"
"04/05/2020 10:00 - 04/05/2020 11:00","BZN|BG","4079.00","4017.00"
"04/05/2020 11:00 - 04/05/2020 12:00","BZN|BG","4056.00","3999.00"
"04/05/2020 12:00 - 04/05/2020 13:00","BZN|BG","4034.00","3983.00"
"04/05/2020 13:00 - 04/05/2020 14:00","BZN|BG","3959.00","3955.00"
"04/05/2020 14:00 - 04/05/2020 15:00","BZN|BG","3952.00","3952.00"
"04/05/2020 15:00 - 04/05/2020 16:00","BZN|BG","3931.00","3949.00"
"04/05/2020 16:00 - 04/05/2020 17:00","BZN|BG","3977.00","3947.00"
"04/05/2020 17:00 - 04/05/2020 18:00","BZN|BG","4102.00","4050.00"
"04/05/2020 18:00 - 04/05/2020 19:00","BZN|BG","4213.00","4158.00"
"04/05/2020 19:00 - 04/05/2020 20:00","BZN|BG","4159.00","4226.00"
"04/05/2020 20:00 - 04/05/2020 21:00","BZN|BG","3890.00","4153.00"
"04/05/2020 21:00 - 04/05/2020 22:00","BZN|BG","3648.00","3889.00"
"04/05/2020 22:00 - 04/05/2020 23:00","BZN|BG","3467.00","3558.00"
"04/05/2020 23:00 - 05/05/2020 00:00","BZN|BG","3244.00","2909.00"
"05/05/2020 00:00 - 05/05/2020 01:00","BZN|BG","2993.00","2735.00"
"05/05/2020 01:00 - 05/05/2020 02:00","BZN|BG","2835.00","2644.00"
"05/05/2020 02:00 - 05/05/2020 03:00","BZN|BG","2788.00","2620.00"
"05/05/2020 03:00 - 05/05/2020 04:00","BZN|BG","2809.00","2646.00"
"05/05/2020 04:00 - 05/05/2020 05:00","BZN|BG","2898.00","2781.00"
"05/05/2020 05:00 - 05/05/2020 06:00","BZN|BG","3124.00","3069.00"
"05/05/2020 06:00 - 05/05/2020 07:00","BZN|BG","3492.00","3505.00"
"05/05/2020 07:00 - 05/05/2020 08:00","BZN|BG","3830.00","3915.00"
"05/05/2020 08:00 - 05/05/2020 09:00","BZN|BG","3937.00","4039.00"
"05/05/2020 09:00 - 05/05/2020 10:00","BZN|BG","3871.00","4018.00"
"05/05/2020 10:00 - 05/05/2020 11:00","BZN|BG","3846.00","4010.00"
"05/05/2020 11:00 - 05/05/2020 12:00","BZN|BG","3759.00","3987.00"
"05/05/2020 12:00 - 05/05/2020 13:00","BZN|BG","3717.00","3980.00"
"05/05/2020 13:00 - 05/05/2020 14:00","BZN|BG","3610.00","3959.00"
"05/05/2020 14:00 - 05/05/2020 15:00","BZN|BG","3553.00","3957.00"
"05/05/2020 15:00 - 05/05/2020 16:00","BZN|BG","3506.00","3962.00"
"05/05/2020 16:00 - 05/05/2020 17:00","BZN|BG","3497.00","3986.00"
"05/05/2020 17:00 - 05/05/2020 18:00","BZN|BG","3572.00","4078.00"
"05/05/2020 18:00 - 05/05/2020 19:00","BZN|BG","3725.00","4160.00"
"05/05/2020 19:00 - 05/05/2020 20:00","BZN|BG","3879.00","4224.00"
"05/05/2020 20:00 - 05/05/2020 21:00","BZN|BG","3877.00","4133.00"
"05/05/2020 21:00 - 05/05/2020 22:00","BZN|BG","3643.00","3867.00"
"05/05/2020 22:00 - 05/05/2020 23:00","BZN|BG","3430.00","3557.00"
"05/05/2020 23:00 - 06/05/2020 00:00","BZN|BG","3086.00","3088.00"
"06/05/2020 00:00 - 06/05/2020 01:00","BZN|BG","2812.00","2855.00"
"06/05/2020 01:00 - 06/05/2020 02:00","BZN|BG","2673.00","2724.00"
"06/05/2020 02:00 - 06/05/2020 03:00","BZN|BG","2611.00","2690.00"
"06/05/2020 03:00 - 06/05/2020 04:00","BZN|BG","2608.00","2698.00"
"06/05/2020 04:00 - 06/05/2020 05:00","BZN|BG","2633.00","2790.00"
"06/05/2020 05:00 - 06/05/2020 06:00","BZN|BG","2743.00","2986.00"
"06/05/2020 06:00 - 06/05/2020 07:00","BZN|BG","3051.00","3301.00"
"06/05/2020 07:00 - 06/05/2020 08:00","BZN|BG","3453.00","3604.00"
"06/05/2020 08:00 - 06/05/2020 09:00","BZN|BG","3777.00","3715.00"
"06/05/2020 09:00 - 06/05/2020 10:00","BZN|BG","4000.00","3620.00"
"06/05/2020 10:00 - 06/05/2020 11:00","BZN|BG","4105.00","3619.00"
"06/05/2020 11:00 - 06/05/2020 12:00","BZN|BG","3980.00","3514.00"
"06/05/2020 12:00 - 06/05/2020 13:00","BZN|BG","3759.00","3478.00"
"06/05/2020 13:00 - 06/05/2020 14:00","BZN|BG","3617.00","3385.00"
"06/05/2020 14:00 - 06/05/2020 15:00","BZN|BG","3555.00","3394.00"
"06/05/2020 15:00 - 06/05/2020 16:00","BZN|BG","3640.00","3417.00"
"06/05/2020 16:00 - 06/05/2020 17:00","BZN|BG","3730.00","3471.00"
"06/05/2020 17:00 - 06/05/2020 18:00","BZN|BG","3811.00","3653.00"
"06/05/2020 18:00 - 06/05/2020 19:00","BZN|BG","3817.00","3811.00"
"06/05/2020 19:00 - 06/05/2020 20:00","BZN|BG","3807.00","3888.00"
"06/05/2020 20:00 - 06/05/2020 21:00","BZN|BG","3760.00","3836.00"
"06/05/2020 21:00 - 06/05/2020 22:00","BZN|BG","3609.00","3690.00"
"06/05/2020 22:00 - 06/05/2020 23:00","BZN|BG","3415.00","3521.00"
"06/05/2020 23:00 - 07/05/2020 00:00","BZN|BG","3088.00","3157.00"
"07/05/2020 00:00 - 07/05/2020 01:00","BZN|BG","2830.00","2875.00"
"07/05/2020 01:00 - 07/05/2020 02:00","BZN|BG","2726.00","2711.00"
"07/05/2020 02:00 - 07/05/2020 03:00","BZN|BG","2684.00","2668.00"
"07/05/2020 03:00 - 07/05/2020 04:00","BZN|BG","2713.00","2678.00"
"07/05/2020 04:00 - 07/05/2020 05:00","BZN|BG","2834.00","2799.00"
"07/05/2020 05:00 - 07/05/2020 06:00","BZN|BG","3106.00","3062.00"
"07/05/2020 06:00 - 07/05/2020 07:00","BZN|BG","3488.00","3483.00"
"07/05/2020 07:00 - 07/05/2020 08:00","BZN|BG","3888.00","3881.00"
"07/05/2020 08:00 - 07/05/2020 09:00","BZN|BG","4019.00","4023.00"
"07/05/2020 09:00 - 07/05/2020 10:00","BZN|BG","4034.00","3951.00"
"07/05/2020 10:00 - 07/05/2020 11:00","BZN|BG","3999.00","3943.00"
"07/05/2020 11:00 - 07/05/2020 12:00","BZN|BG","3948.00","3870.00"
"07/05/2020 12:00 - 07/05/2020 13:00","BZN|BG","3922.00","3845.00"
"07/05/2020 13:00 - 07/05/2020 14:00","BZN|BG","3813.00","3781.00"
"07/05/2020 14:00 - 07/05/2020 15:00","BZN|BG","3745.00","3784.00"
"07/05/2020 15:00 - 07/05/2020 16:00","BZN|BG","3714.00","3793.00"
"07/05/2020 16:00 - 07/05/2020 17:00","BZN|BG","3693.00","3823.00"
"07/05/2020 17:00 - 07/05/2020 18:00","BZN|BG","3826.00","3932.00"
"07/05/2020 18:00 - 07/05/2020 19:00","BZN|BG","3976.00","4036.00"
"07/05/2020 19:00 - 07/05/2020 20:00","BZN|BG","4079.00","4097.00"
"07/05/2020 20:00 - 07/05/2020 21:00","BZN|BG","4039.00","4036.00"
"07/05/2020 21:00 - 07/05/2020 22:00","BZN|BG","3845.00","3819.00"
"07/05/2020 22:00 - 07/05/2020 23:00","BZN|BG","3567.00","3580.00"
"07/05/2020 23:00 - 08/05/2020 00:00","BZN|BG","3194.00","3069.00"
"08/05/2020 00:00 - 08/05/2020 01:00","BZN|BG","2962.00","2840.00"
"08/05/2020 01:00 - 08/05/2020 02:00","BZN|BG","2839.00","2711.00"
"08/05/2020 02:00 - 08/05/2020 03:00","BZN|BG","2795.00","2670.00"
"08/05/2020 03:00 - 08/05/2020 04:00","BZN|BG","2830.00","2679.00"
"08/05/2020 04:00 - 08/05/2020 05:00","BZN|BG","2933.00","2770.00"
"08/05/2020 05:00 - 08/05/2020 06:00","BZN|BG","3177.00","2977.00"
"08/05/2020 06:00 - 08/05/2020 07:00","BZN|BG","3527.00","3334.00"
"08/05/2020 07:00 - 08/05/2020 08:00","BZN|BG","3853.00","3691.00"
"08/05/2020 08:00 - 08/05/2020 09:00","BZN|BG","3957.00","3852.00"
"08/05/2020 09:00 - 08/05/2020 10:00","BZN|BG","3914.00","3806.00"
"08/05/2020 10:00 - 08/05/2020 11:00","BZN|BG","3872.00","3819.00"
"08/05/2020 11:00 - 08/05/2020 12:00","BZN|BG","3834.00","3701.00"
"08/05/2020 12:00 - 08/05/2020 13:00","BZN|BG","3805.00","3617.00"
"08/05/2020 13:00 - 08/05/2020 14:00","BZN|BG","3714.00","3501.00"
"08/05/2020 14:00 - 08/05/2020 15:00","BZN|BG","3644.00","3494.00"
"08/05/2020 15:00 - 08/05/2020 16:00","BZN|BG","3599.00","3519.00"
"08/05/2020 16:00 - 08/05/2020 17:00","BZN|BG","3551.00","3574.00"
"08/05/2020 17:00 - 08/05/2020 18:00","BZN|BG","3648.00","3714.00"
"08/05/2020 18:00 - 08/05/2020 19:00","BZN|BG","3824.00","3836.00"
"08/05/2020 19:00 - 08/05/2020 20:00","BZN|BG","3963.00","3909.00"
"08/05/2020 20:00 - 08/05/2020 21:00","BZN|BG","4075.00","3858.00"
"08/05/2020 21:00 - 08/05/2020 22:00","BZN|BG","3852.00","3690.00"
"08/05/2020 22:00 - 08/05/2020 23:00","BZN|BG","3597.00","3497.00"
"08/05/2020 23:00 - 09/05/2020 00:00","BZN|BG","3262.00","3063.00"
"09/05/2020 00:00 - 09/05/2020 01:00","BZN|BG","2981.00","2816.00"
"09/05/2020 01:00 - 09/05/2020 02:00","BZN|BG","2846.00","2675.00"
"09/05/2020 02:00 - 09/05/2020 03:00","BZN|BG","2812.00","2621.00"
"09/05/2020 03:00 - 09/05/2020 04:00","BZN|BG","2797.00","2620.00"
"09/05/2020 04:00 - 09/05/2020 05:00","BZN|BG","2826.00","2648.00"
"09/05/2020 05:00 - 09/05/2020 06:00","BZN|BG","2923.00","2649.00"
"09/05/2020 06:00 - 09/05/2020 07:00","BZN|BG","3212.00","2908.00"
"09/05/2020 07:00 - 09/05/2020 08:00","BZN|BG","3465.00","3219.00"
"09/05/2020 08:00 - 09/05/2020 09:00","BZN|BG","3590.00","3426.00"
"09/05/2020 09:00 - 09/05/2020 10:00","BZN|BG","3650.00","3467.00"
"09/05/2020 10:00 - 09/05/2020 11:00","BZN|BG","3667.00","3515.00"
"09/05/2020 11:00 - 09/05/2020 12:00","BZN|BG","3576.00","3449.00"
"09/05/2020 12:00 - 09/05/2020 13:00","BZN|BG","3503.00","3309.00"
"09/05/2020 13:00 - 09/05/2020 14:00","BZN|BG","3389.00","3204.00"
"09/05/2020 14:00 - 09/05/2020 15:00","BZN|BG","3322.00","3155.00"
"09/05/2020 15:00 - 09/05/2020 16:00","BZN|BG","3312.00","3233.00"
"09/05/2020 16:00 - 09/05/2020 17:00","BZN|BG","3342.00","3352.00"
"09/05/2020 17:00 - 09/05/2020 18:00","BZN|BG","3435.00","3507.00"
"09/05/2020 18:00 - 09/05/2020 19:00","BZN|BG","3576.00","3656.00"
"09/05/2020 19:00 - 09/05/2020 20:00","BZN|BG","3715.00","3660.00"
"09/05/2020 20:00 - 09/05/2020 21:00","BZN|BG","3776.00","3560.00"
"09/05/2020 21:00 - 09/05/2020 22:00","BZN|BG","3656.00","3481.00"
"09/05/2020 22:00 - 09/05/2020 23:00","BZN|BG","3417.00","3331.00"
"09/05/2020 23:00 - 10/05/2020 00:00","BZN|BG","3093.00","3104.00"
"10/05/2020 00:00 - 10/05/2020 01:00","BZN|BG","2830.00","2830.00"
"10/05/2020 01:00 - 10/05/2020 02:00","BZN|BG","2726.00","2689.00"
"10/05/2020 02:00 - 10/05/2020 03:00","BZN|BG","2689.00","2621.00"
"10/05/2020 03:00 - 10/05/2020 04:00","BZN|BG","2676.00","2619.00"
"10/05/2020 04:00 - 10/05/2020 05:00","BZN|BG","2698.00","2624.00"
"10/05/2020 05:00 - 10/05/2020 06:00","BZN|BG","2748.00","2634.00"
"10/05/2020 06:00 - 10/05/2020 07:00","BZN|BG","2997.00","2765.00"
"10/05/2020 07:00 - 10/05/2020 08:00","BZN|BG","3279.00","3013.00"
"10/05/2020 08:00 - 10/05/2020 09:00","BZN|BG","3458.00","3226.00"
"10/05/2020 09:00 - 10/05/2020 10:00","BZN|BG","3546.00","3334.00"
"10/05/2020 10:00 - 10/05/2020 11:00","BZN|BG","3555.00","3386.00"
"10/05/2020 11:00 - 10/05/2020 12:00","BZN|BG","3534.00","3394.00"
"10/05/2020 12:00 - 10/05/2020 13:00","BZN|BG","3443.00","3282.00"
"10/05/2020 13:00 - 10/05/2020 14:00","BZN|BG","3353.00","3181.00"
"10/05/2020 14:00 - 10/05/2020 15:00","BZN|BG","3303.00","3140.00"
"10/05/2020 15:00 - 10/05/2020 16:00","BZN|BG","3348.00","3263.00"
"10/05/2020 16:00 - 10/05/2020 17:00","BZN|BG","3431.00","3516.00"
"10/05/2020 17:00 - 10/05/2020 18:00","BZN|BG","3562.00","3742.00"
"10/05/2020 18:00 - 10/05/2020 19:00","BZN|BG","3707.00","3907.00"
"10/05/2020 19:00 - 10/05/2020 20:00","BZN|BG","3801.00","3860.00"
"10/05/2020 20:00 - 10/05/2020 21:00","BZN|BG","3789.00","3742.00"
"10/05/2020 21:00 - 10/05/2020 22:00","BZN|BG","3656.00","3636.00"
"10/05/2020 22:00 - 10/05/2020 23:00","BZN|BG","3373.00","3426.00"
"10/05/2020 23:00 - 11/05/2020 00:00","BZN|BG","3026.00","2992.00"
"11/05/2020 00:00 - 11/05/2020 01:00","BZN|BG","2796.00","2803.00"
"11/05/2020 01:00 - 11/05/2020 02:00","BZN|BG","2662.00","2696.00"
"11/05/2020 02:00 - 11/05/2020 03:00","BZN|BG","2631.00","2663.00"
"11/05/2020 03:00 - 11/05/2020 04:00","BZN|BG","2643.00","2686.00"
"11/05/2020 04:00 - 11/05/2020 05:00","BZN|BG","2773.00","2758.00"
"11/05/2020 05:00 - 11/05/2020 06:00","BZN|BG","3036.00","2968.00"
"11/05/2020 06:00 - 11/05/2020 07:00","BZN|BG","3423.00","3284.00"
"11/05/2020 07:00 - 11/05/2020 08:00","BZN|BG","3724.00","3643.00"
"11/05/2020 08:00 - 11/05/2020 09:00","BZN|BG","3826.00","3820.00"
"11/05/2020 09:00 - 11/05/2020 10:00","BZN|BG","3846.00","3735.00"
"11/05/2020 10:00 - 11/05/2020 11:00","BZN|BG","3865.00","3741.00"
"11/05/2020 11:00 - 11/05/2020 12:00","BZN|BG","3851.00","3715.00"
"11/05/2020 12:00 - 11/05/2020 13:00","BZN|BG","3857.00","3669.00"
"11/05/2020 13:00 - 11/05/2020 14:00","BZN|BG","3787.00","3610.00"
"11/05/2020 14:00 - 11/05/2020 15:00","BZN|BG","3760.00","3604.00"
"11/05/2020 15:00 - 11/05/2020 16:00","BZN|BG","3718.00","3617.00"
"11/05/2020 16:00 - 11/05/2020 17:00","BZN|BG","3693.00","3685.00"
"11/05/2020 17:00 - 11/05/2020 18:00","BZN|BG","3747.00","3829.00"
"11/05/2020 18:00 - 11/05/2020 19:00","BZN|BG","3812.00","3920.00"
"11/05/2020 19:00 - 11/05/2020 20:00","BZN|BG","3880.00","3879.00"
"11/05/2020 20:00 - 11/05/2020 21:00","BZN|BG","3850.00","3773.00"
"11/05/2020 21:00 - 11/05/2020 22:00","BZN|BG","3674.00","3612.00"
"11/05/2020 22:00 - 11/05/2020 23:00","BZN|BG","3468.00","3486.00"
"11/05/2020 23:00 - 12/05/2020 00:00","BZN|BG","3127.00","3120.00"
"12/05/2020 00:00 - 12/05/2020 01:00","BZN|BG","2885.00","2895.00"
"12/05/2020 01:00 - 12/05/2020 02:00","BZN|BG","2771.00","2780.00"
"12/05/2020 02:00 - 12/05/2020 03:00","BZN|BG","2717.00","2737.00"
"12/05/2020 03:00 - 12/05/2020 04:00","BZN|BG","2744.00","2749.00"
"12/05/2020 04:00 - 12/05/2020 05:00","BZN|BG","2825.00","2833.00"
"12/05/2020 05:00 - 12/05/2020 06:00","BZN|BG","3038.00","3036.00"
"12/05/2020 06:00 - 12/05/2020 07:00","BZN|BG","3396.00","3391.00"
"12/05/2020 07:00 - 12/05/2020 08:00","BZN|BG","3710.00","3747.00"
"12/05/2020 08:00 - 12/05/2020 09:00","BZN|BG","3811.00","3929.00"
"12/05/2020 09:00 - 12/05/2020 10:00","BZN|BG","3855.00","3919.00"
"12/05/2020 10:00 - 12/05/2020 11:00","BZN|BG","3898.00","3923.00"
"12/05/2020 11:00 - 12/05/2020 12:00","BZN|BG","3826.00","3862.00"
"12/05/2020 12:00 - 12/05/2020 13:00","BZN|BG","3818.00","3784.00"
"12/05/2020 13:00 - 12/05/2020 14:00","BZN|BG","3765.00","3681.00"
"12/05/2020 14:00 - 12/05/2020 15:00","BZN|BG","3763.00","3644.00"
"12/05/2020 15:00 - 12/05/2020 16:00","BZN|BG","3747.00","3653.00"
"12/05/2020 16:00 - 12/05/2020 17:00","BZN|BG","3703.00","3677.00"
"12/05/2020 17:00 - 12/05/2020 18:00","BZN|BG","3747.00","3734.00"
"12/05/2020 18:00 - 12/05/2020 19:00","BZN|BG","3849.00","3794.00"
"12/05/2020 19:00 - 12/05/2020 20:00","BZN|BG","3911.00","3827.00"
"12/05/2020 20:00 - 12/05/2020 21:00","BZN|BG","3907.00","3821.00"
"12/05/2020 21:00 - 12/05/2020 22:00","BZN|BG","3666.00","3681.00"
"12/05/2020 22:00 - 12/05/2020 23:00","BZN|BG","3426.00","3501.00"
"12/05/2020 23:00 - 13/05/2020 00:00","BZN|BG","3070.00","3067.00"
"13/05/2020 00:00 - 13/05/2020 01:00","BZN|BG","2837.00","2811.00"
"13/05/2020 01:00 - 13/05/2020 02:00","BZN|BG","2686.00","2677.00"
"13/05/2020 02:00 - 13/05/2020 03:00","BZN|BG","2635.00","2626.00"
"13/05/2020 03:00 - 13/05/2020 04:00","BZN|BG","2647.00","2641.00"
"13/05/2020 04:00 - 13/05/2020 05:00","BZN|BG","2733.00","2717.00"
"13/05/2020 05:00 - 13/05/2020 06:00","BZN|BG","2958.00","2898.00"
"13/05/2020 06:00 - 13/05/2020 07:00","BZN|BG","3326.00","3195.00"
"13/05/2020 07:00 - 13/05/2020 08:00","BZN|BG","3649.00","3485.00"
"13/05/2020 08:00 - 13/05/2020 09:00","BZN|BG","3747.00","3623.00"
"13/05/2020 09:00 - 13/05/2020 10:00","BZN|BG","3749.00","3617.00"
"13/05/2020 10:00 - 13/05/2020 11:00","BZN|BG","3782.00","3617.00"
"13/05/2020 11:00 - 13/05/2020 12:00","BZN|BG","3760.00","3584.00"
"13/05/2020 12:00 - 13/05/2020 13:00","BZN|BG","3756.00","3552.00"
"13/05/2020 13:00 - 13/05/2020 14:00","BZN|BG","3677.00","3507.00"
"13/05/2020 14:00 - 13/05/2020 15:00","BZN|BG","3668.00","3489.00"
"13/05/2020 15:00 - 13/05/2020 16:00","BZN|BG","3628.00","3498.00"
"13/05/2020 16:00 - 13/05/2020 17:00","BZN|BG","3609.00","3524.00"
"13/05/2020 17:00 - 13/05/2020 18:00","BZN|BG","3698.00","3616.00"
"13/05/2020 18:00 - 13/05/2020 19:00","BZN|BG","3777.00","3714.00"
"13/05/2020 19:00 - 13/05/2020 20:00","BZN|BG","3810.00","3781.00"
"13/05/2020 20:00 - 13/05/2020 21:00","BZN|BG","3855.00","3783.00"
"13/05/2020 21:00 - 13/05/2020 22:00","BZN|BG","3654.00","3606.00"
"13/05/2020 22:00 - 13/05/2020 23:00","BZN|BG","3427.00","3381.00"
"13/05/2020 23:00 - 14/05/2020 00:00","BZN|BG","3068.00","3044.00"
"14/05/2020 00:00 - 14/05/2020 01:00","BZN|BG","2835.00","2793.00"
"14/05/2020 01:00 - 14/05/2020 02:00","BZN|BG","2750.00","2667.00"
"14/05/2020 02:00 - 14/05/2020 03:00","BZN|BG","2709.00","2614.00"
"14/05/2020 03:00 - 14/05/2020 04:00","BZN|BG","2725.00","2634.00"
"14/05/2020 04:00 - 14/05/2020 05:00","BZN|BG","2810.00","2717.00"
"14/05/2020 05:00 - 14/05/2020 06:00","BZN|BG","3043.00","2911.00"
"14/05/2020 06:00 - 14/05/2020 07:00","BZN|BG","3388.00","3230.00"
"14/05/2020 07:00 - 14/05/2020 08:00","BZN|BG","3699.00","3534.00"
"14/05/2020 08:00 - 14/05/2020 09:00","BZN|BG","3828.00","3668.00"
"14/05/2020 09:00 - 14/05/2020 10:00","BZN|BG","3825.00","3662.00"
"14/05/2020 10:00 - 14/05/2020 11:00","BZN|BG","3819.00","3665.00"
"14/05/2020 11:00 - 14/05/2020 12:00","BZN|BG","3777.00","3626.00"
"14/05/2020 12:00 - 14/05/2020 13:00","BZN|BG","3793.00","3589.00"
"14/05/2020 13:00 - 14/05/2020 14:00","BZN|BG","3738.00","3533.00"
"14/05/2020 14:00 - 14/05/2020 15:00","BZN|BG","3705.00","3517.00"
"14/05/2020 15:00 - 14/05/2020 16:00","BZN|BG","3680.00","3532.00"
"14/05/2020 16:00 - 14/05/2020 17:00","BZN|BG","3661.00","3561.00"
"14/05/2020 17:00 - 14/05/2020 18:00","BZN|BG","3727.00","3669.00"
"14/05/2020 18:00 - 14/05/2020 19:00","BZN|BG","3794.00","3791.00"
"14/05/2020 19:00 - 14/05/2020 20:00","BZN|BG","3836.00","3870.00"
"14/05/2020 20:00 - 14/05/2020 21:00","BZN|BG","3869.00","3878.00"
"14/05/2020 21:00 - 14/05/2020 22:00","BZN|BG","3654.00","3669.00"
"14/05/2020 22:00 - 14/05/2020 23:00","BZN|BG","3395.00","3416.00"
"14/05/2020 23:00 - 15/05/2020 00:00","BZN|BG","3076.00","3035.00"
"15/05/2020 00:00 - 15/05/2020 01:00","BZN|BG","2823.00","2835.00"
"15/05/2020 01:00 - 15/05/2020 02:00","BZN|BG","2696.00","2736.00"
"15/05/2020 02:00 - 15/05/2020 03:00","BZN|BG","2654.00","2693.00"
"15/05/2020 03:00 - 15/05/2020 04:00","BZN|BG","2714.00","2712.00"
"15/05/2020 04:00 - 15/05/2020 05:00","BZN|BG","2790.00","2791.00"
"15/05/2020 05:00 - 15/05/2020 06:00","BZN|BG","2992.00","2985.00"
"15/05/2020 06:00 - 15/05/2020 07:00","BZN|BG","3261.00","3298.00"
"15/05/2020 07:00 - 15/05/2020 08:00","BZN|BG","3588.00","3583.00"
"15/05/2020 08:00 - 15/05/2020 09:00","BZN|BG","3741.00","3701.00"
"15/05/2020 09:00 - 15/05/2020 10:00","BZN|BG","3815.00","3695.00"
"15/05/2020 10:00 - 15/05/2020 11:00","BZN|BG","3894.00","3697.00"
"15/05/2020 11:00 - 15/05/2020 12:00","BZN|BG","3910.00","3659.00"
"15/05/2020 12:00 - 15/05/2020 13:00","BZN|BG","3934.00","3626.00"
"15/05/2020 13:00 - 15/05/2020 14:00","BZN|BG","3887.00","3568.00"
"15/05/2020 14:00 - 15/05/2020 15:00","BZN|BG","3881.00","3555.00"
"15/05/2020 15:00 - 15/05/2020 16:00","BZN|BG","3911.00","3565.00"
"15/05/2020 16:00 - 15/05/2020 17:00","BZN|BG","3855.00","3589.00"
"15/05/2020 17:00 - 15/05/2020 18:00","BZN|BG","3865.00","3682.00"
"15/05/2020 18:00 - 15/05/2020 19:00","BZN|BG","3901.00","3778.00"
"15/05/2020 19:00 - 15/05/2020 20:00","BZN|BG","3869.00","3839.00"
"15/05/2020 20:00 - 15/05/2020 21:00","BZN|BG","3877.00","3849.00"
"15/05/2020 21:00 - 15/05/2020 22:00","BZN|BG","3696.00","3654.00"
"15/05/2020 22:00 - 15/05/2020 23:00","BZN|BG","3377.00","3422.00"
"15/05/2020 23:00 - 16/05/2020 00:00","BZN|BG","3022.00","3035.00"
"16/05/2020 00:00 - 16/05/2020 01:00","BZN|BG","2803.00","2777.00"
"16/05/2020 01:00 - 16/05/2020 02:00","BZN|BG","2643.00","2657.00"
"16/05/2020 02:00 - 16/05/2020 03:00","BZN|BG","2593.00","2619.00"
"16/05/2020 03:00 - 16/05/2020 04:00","BZN|BG","2552.00","2609.00"
"16/05/2020 04:00 - 16/05/2020 05:00","BZN|BG","2565.00","2653.00"
"16/05/2020 05:00 - 16/05/2020 06:00","BZN|BG","2617.00","2761.00"
"16/05/2020 06:00 - 16/05/2020 07:00","BZN|BG","2900.00","3074.00"
"16/05/2020 07:00 - 16/05/2020 08:00","BZN|BG","3201.00","3318.00"
"16/05/2020 08:00 - 16/05/2020 09:00","BZN|BG","3446.00","3431.00"
"16/05/2020 09:00 - 16/05/2020 10:00","BZN|BG","3533.00","3472.00"
"16/05/2020 10:00 - 16/05/2020 11:00","BZN|BG","3600.00","3480.00"
"16/05/2020 11:00 - 16/05/2020 12:00","BZN|BG","3647.00","3432.00"
"16/05/2020 12:00 - 16/05/2020 13:00","BZN|BG","3514.00","3369.00"
"16/05/2020 13:00 - 16/05/2020 14:00","BZN|BG","3387.00","3302.00"
"16/05/2020 14:00 - 16/05/2020 15:00","BZN|BG","3397.00","3283.00"
"16/05/2020 15:00 - 16/05/2020 16:00","BZN|BG","3457.00","3295.00"
"16/05/2020 16:00 - 16/05/2020 17:00","BZN|BG","3486.00","3351.00"
"16/05/2020 17:00 - 16/05/2020 18:00","BZN|BG","3524.00","3419.00"
"16/05/2020 18:00 - 16/05/2020 19:00","BZN|BG","3601.00","3529.00"
"16/05/2020 19:00 - 16/05/2020 20:00","BZN|BG","3656.00","3590.00"
"16/05/2020 20:00 - 16/05/2020 21:00","BZN|BG","3663.00","3623.00"
"16/05/2020 21:00 - 16/05/2020 22:00","BZN|BG","3572.00","3467.00"
"16/05/2020 22:00 - 16/05/2020 23:00","BZN|BG","3332.00","3215.00"
"16/05/2020 23:00 - 17/05/2020 00:00","BZN|BG","2989.00","2954.00"
"17/05/2020 00:00 - 17/05/2020 01:00","BZN|BG","2776.00","2710.00"
"17/05/2020 01:00 - 17/05/2020 02:00","BZN|BG","2660.00","2601.00"
"17/05/2020 02:00 - 17/05/2020 03:00","BZN|BG","2620.00","2569.00"
"17/05/2020 03:00 - 17/05/2020 04:00","BZN|BG","2600.00","2560.00"
"17/05/2020 04:00 - 17/05/2020 05:00","BZN|BG","2602.00","2581.00"
"17/05/2020 05:00 - 17/05/2020 06:00","BZN|BG","2659.00","2624.00"
"17/05/2020 06:00 - 17/05/2020 07:00","BZN|BG","2874.00","2861.00"
"17/05/2020 07:00 - 17/05/2020 08:00","BZN|BG","3113.00","3104.00"
"17/05/2020 08:00 - 17/05/2020 09:00","BZN|BG","3376.00","3262.00"
"17/05/2020 09:00 - 17/05/2020 10:00","BZN|BG","3491.00","3311.00"
"17/05/2020 10:00 - 17/05/2020 11:00","BZN|BG","3568.00","3325.00"
"17/05/2020 11:00 - 17/05/2020 12:00","BZN|BG","3566.00","3320.00"
"17/05/2020 12:00 - 17/05/2020 13:00","BZN|BG","3481.00","3300.00"
"17/05/2020 13:00 - 17/05/2020 14:00","BZN|BG","3404.00","3283.00"
"17/05/2020 14:00 - 17/05/2020 15:00","BZN|BG","3360.00","3277.00"
"17/05/2020 15:00 - 17/05/2020 16:00","BZN|BG","3411.00","3334.00"
"17/05/2020 16:00 - 17/05/2020 17:00","BZN|BG","3476.00","3441.00"
"17/05/2020 17:00 - 17/05/2020 18:00","BZN|BG","3547.00","3550.00"
"17/05/2020 18:00 - 17/05/2020 19:00","BZN|BG","3628.00","3662.00"
"17/05/2020 19:00 - 17/05/2020 20:00","BZN|BG","3688.00","3713.00"
"17/05/2020 20:00 - 17/05/2020 21:00","BZN|BG","3761.00","3719.00"
"17/05/2020 21:00 - 17/05/2020 22:00","BZN|BG","3612.00","3580.00"
"17/05/2020 22:00 - 17/05/2020 23:00","BZN|BG","3335.00","3298.00"
"17/05/2020 23:00 - 18/05/2020 00:00","BZN|BG","3006.00","2922.00"
"18/05/2020 00:00 - 18/05/2020 01:00","BZN|BG","2791.00","2741.00"
"18/05/2020 01:00 - 18/05/2020 02:00","BZN|BG","2672.00","2648.00"
"18/05/2020 02:00 - 18/05/2020 03:00","BZN|BG","2637.00","2616.00"
"18/05/2020 03:00 - 18/05/2020 04:00","BZN|BG","2667.00","2615.00"
"18/05/2020 04:00 - 18/05/2020 05:00","BZN|BG","2768.00","2758.00"
"18/05/2020 05:00 - 18/05/2020 06:00","BZN|BG","3020.00","3029.00"
"18/05/2020 06:00 - 18/05/2020 07:00","BZN|BG","3375.00","3415.00"
"18/05/2020 07:00 - 18/05/2020 08:00","BZN|BG","3722.00","3692.00"
"18/05/2020 08:00 - 18/05/2020 09:00","BZN|BG","3849.00","3770.00"
"18/05/2020 09:00 - 18/05/2020 10:00","BZN|BG","3906.00","3758.00"
"18/05/2020 10:00 - 18/05/2020 11:00","BZN|BG","3931.00","3705.00"
"18/05/2020 11:00 - 18/05/2020 12:00","BZN|BG","3902.00","3653.00"
"18/05/2020 12:00 - 18/05/2020 13:00","BZN|BG","3932.00","3641.00"
"18/05/2020 13:00 - 18/05/2020 14:00","BZN|BG","3881.00","3609.00"
"18/05/2020 14:00 - 18/05/2020 15:00","BZN|BG","3850.00","3585.00"
"18/05/2020 15:00 - 18/05/2020 16:00","BZN|BG","3813.00","3615.00"
"18/05/2020 16:00 - 18/05/2020 17:00","BZN|BG","3767.00","3622.00"
"18/05/2020 17:00 - 18/05/2020 18:00","BZN|BG","3822.00","3734.00"
"18/05/2020 18:00 - 18/05/2020 19:00","BZN|BG","3916.00","3800.00"
"18/05/2020 19:00 - 18/05/2020 20:00","BZN|BG","3923.00","3841.00"
"18/05/2020 20:00 - 18/05/2020 21:00","BZN|BG","3872.00","3843.00"
"18/05/2020 21:00 - 18/05/2020 22:00","BZN|BG","3640.00","3686.00"
"18/05/2020 22:00 - 18/05/2020 23:00","BZN|BG","3446.00","3415.00"
"18/05/2020 23:00 - 19/05/2020 00:00","BZN|BG","3108.00","3043.00"
"19/05/2020 00:00 - 19/05/2020 01:00","BZN|BG","2811.00","2848.00"
"19/05/2020 01:00 - 19/05/2020 02:00","BZN|BG","2713.00","2763.00"
"19/05/2020 02:00 - 19/05/2020 03:00","BZN|BG","2670.00","2725.00"
"19/05/2020 03:00 - 19/05/2020 04:00","BZN|BG","2691.00","2754.00"
"19/05/2020 04:00 - 19/05/2020 05:00","BZN|BG","2761.00","2850.00"
"19/05/2020 05:00 - 19/05/2020 06:00","BZN|BG","3003.00","3099.00"
"19/05/2020 06:00 - 19/05/2020 07:00","BZN|BG","3337.00","3477.00"
"19/05/2020 07:00 - 19/05/2020 08:00","BZN|BG","3672.00","3811.00"
"19/05/2020 08:00 - 19/05/2020 09:00","BZN|BG","3806.00","3901.00"
"19/05/2020 09:00 - 19/05/2020 10:00","BZN|BG","3799.00","3879.00"
"19/05/2020 10:00 - 19/05/2020 11:00","BZN|BG","3810.00","3872.00"
"19/05/2020 11:00 - 19/05/2020 12:00","BZN|BG","3775.00","3792.00"
"19/05/2020 12:00 - 19/05/2020 13:00","BZN|BG","3801.00","3783.00"
"19/05/2020 13:00 - 19/05/2020 14:00","BZN|BG","3737.00","3633.00"
"19/05/2020 14:00 - 19/05/2020 15:00","BZN|BG","3730.00","3621.00"
"19/05/2020 15:00 - 19/05/2020 16:00","BZN|BG","3711.00","3630.00"
"19/05/2020 16:00 - 19/05/2020 17:00","BZN|BG","3690.00","3634.00"
"19/05/2020 17:00 - 19/05/2020 18:00","BZN|BG","3766.00","3719.00"
"19/05/2020 18:00 - 19/05/2020 19:00","BZN|BG","3829.00","3803.00"
"19/05/2020 19:00 - 19/05/2020 20:00","BZN|BG","3842.00","3850.00"
"19/05/2020 20:00 - 19/05/2020 21:00","BZN|BG","3860.00","3878.00"
"19/05/2020 21:00 - 19/05/2020 22:00","BZN|BG","3665.00","3693.00"
"19/05/2020 22:00 - 19/05/2020 23:00","BZN|BG","3433.00","3476.00"
"19/05/2020 23:00 - 20/05/2020 00:00","BZN|BG","3082.00","3101.00"
"20/05/2020 00:00 - 20/05/2020 01:00","BZN|BG","2872.00","2852.00"
"20/05/2020 01:00 - 20/05/2020 02:00","BZN|BG","2760.00","2747.00"
"20/05/2020 02:00 - 20/05/2020 03:00","BZN|BG","2734.00","2695.00"
"20/05/2020 03:00 - 20/05/2020 04:00","BZN|BG","2743.00","2721.00"
"20/05/2020 04:00 - 20/05/2020 05:00","BZN|BG","2805.00","2800.00"
"20/05/2020 05:00 - 20/05/2020 06:00","BZN|BG","3024.00","3017.00"
"20/05/2020 06:00 - 20/05/2020 07:00","BZN|BG","3380.00","3347.00"
"20/05/2020 07:00 - 20/05/2020 08:00","BZN|BG","3717.00","3645.00"
"20/05/2020 08:00 - 20/05/2020 09:00","BZN|BG","3859.00","3720.00"
"20/05/2020 09:00 - 20/05/2020 10:00","BZN|BG","3871.00","3728.00"
"20/05/2020 10:00 - 20/05/2020 11:00","BZN|BG","3901.00","3736.00"
"20/05/2020 11:00 - 20/05/2020 12:00","BZN|BG","3865.00","3724.00"
"20/05/2020 12:00 - 20/05/2020 13:00","BZN|BG","3898.00","3726.00"
"20/05/2020 13:00 - 20/05/2020 14:00","BZN|BG","3843.00","3703.00"
"20/05/2020 14:00 - 20/05/2020 15:00","BZN|BG","3790.00","3707.00"
"20/05/2020 15:00 - 20/05/2020 16:00","BZN|BG","3782.00","3721.00"
"20/05/2020 16:00 - 20/05/2020 17:00","BZN|BG","3760.00","3726.00"
"20/05/2020 17:00 - 20/05/2020 18:00","BZN|BG","3832.00","3799.00"
"20/05/2020 18:00 - 20/05/2020 19:00","BZN|BG","3917.00","3866.00"
"20/05/2020 19:00 - 20/05/2020 20:00","BZN|BG","3910.00","3895.00"
"20/05/2020 20:00 - 20/05/2020 21:00","BZN|BG","3887.00","3910.00"
"20/05/2020 21:00 - 20/05/2020 22:00","BZN|BG","3662.00","3691.00"
"20/05/2020 22:00 - 20/05/2020 23:00","BZN|BG","3407.00","3438.00"
"20/05/2020 23:00 - 21/05/2020 00:00","BZN|BG","3073.00","3103.00"
"21/05/2020 00:00 - 21/05/2020 01:00","BZN|BG","2873.00","2854.00"
"21/05/2020 01:00 - 21/05/2020 02:00","BZN|BG","2776.00","2754.00"
"21/05/2020 02:00 - 21/05/2020 03:00","BZN|BG","2734.00","2705.00"
"21/05/2020 03:00 - 21/05/2020 04:00","BZN|BG","2752.00","2727.00"
"21/05/2020 04:00 - 21/05/2020 05:00","BZN|BG","2821.00","2805.00"
"21/05/2020 05:00 - 21/05/2020 06:00","BZN|BG","3051.00","3025.00"
"21/05/2020 06:00 - 21/05/2020 07:00","BZN|BG","3385.00","3357.00"
"21/05/2020 07:00 - 21/05/2020 08:00","BZN|BG","3740.00","3656.00"
"21/05/2020 08:00 - 21/05/2020 09:00","BZN|BG","3917.00","3745.00"
"21/05/2020 09:00 - 21/05/2020 10:00","BZN|BG","3961.00","3750.00"
"21/05/2020 10:00 - 21/05/2020 11:00","BZN|BG","4019.00","3757.00"
"21/05/2020 11:00 - 21/05/2020 12:00","BZN|BG","3974.00","3669.00"
"21/05/2020 12:00 - 21/05/2020 13:00","BZN|BG","3947.00","3699.00"
"21/05/2020 13:00 - 21/05/2020 14:00","BZN|BG","3899.00","3583.00"
"21/05/2020 14:00 - 21/05/2020 15:00","BZN|BG","3885.00","3588.00"
"21/05/2020 15:00 - 21/05/2020 16:00","BZN|BG","3881.00","3606.00"
"21/05/2020 16:00 - 21/05/2020 17:00","BZN|BG","3880.00","3608.00"
"21/05/2020 17:00 - 21/05/2020 18:00","BZN|BG","3998.00","3699.00"
"21/05/2020 18:00 - 21/05/2020 19:00","BZN|BG","4043.00","3783.00"
"21/05/2020 19:00 - 21/05/2020 20:00","BZN|BG","3893.00","3813.00"
"21/05/2020 20:00 - 21/05/2020 21:00","BZN|BG","3785.00","3831.00"
"21/05/2020 21:00 - 21/05/2020 22:00","BZN|BG","3614.00","3645.00"
"21/05/2020 22:00 - 21/05/2020 23:00","BZN|BG","3386.00","3429.00"
"21/05/2020 23:00 - 22/05/2020 00:00","BZN|BG","2989.00","3086.00"
"22/05/2020 00:00 - 22/05/2020 01:00","BZN|BG","2800.00","2859.00"
"22/05/2020 01:00 - 22/05/2020 02:00","BZN|BG","2709.00","2764.00"
"22/05/2020 02:00 - 22/05/2020 03:00","BZN|BG","2660.00","2721.00"
"22/05/2020 03:00 - 22/05/2020 04:00","BZN|BG","2660.00","2745.00"
"22/05/2020 04:00 - 22/05/2020 05:00","BZN|BG","2675.00","2824.00"
"22/05/2020 05:00 - 22/05/2020 06:00","BZN|BG","2886.00","3055.00"
"22/05/2020 06:00 - 22/05/2020 07:00","BZN|BG","3213.00","3405.00"
"22/05/2020 07:00 - 22/05/2020 08:00","BZN|BG","3561.00","3724.00"
"22/05/2020 08:00 - 22/05/2020 09:00","BZN|BG","3642.00","3819.00"
"22/05/2020 09:00 - 22/05/2020 10:00","BZN|BG","3504.00","3827.00"
"22/05/2020 10:00 - 22/05/2020 11:00","BZN|BG","3393.00","3836.00"
"22/05/2020 11:00 - 22/05/2020 12:00","BZN|BG","3304.00","3717.00"
"22/05/2020 12:00 - 22/05/2020 13:00","BZN|BG","3316.00","3783.00"
"22/05/2020 13:00 - 22/05/2020 14:00","BZN|BG","3306.00","3615.00"
"22/05/2020 14:00 - 22/05/2020 15:00","BZN|BG","3304.00","3607.00"
"22/05/2020 15:00 - 22/05/2020 16:00","BZN|BG","3349.00","3624.00"
"22/05/2020 16:00 - 22/05/2020 17:00","BZN|BG","3397.00","3628.00"
"22/05/2020 17:00 - 22/05/2020 18:00","BZN|BG","3555.00","3742.00"
"22/05/2020 18:00 - 22/05/2020 19:00","BZN|BG","3724.00","3852.00"
"22/05/2020 19:00 - 22/05/2020 20:00","BZN|BG","3719.00","3881.00"
"22/05/2020 20:00 - 22/05/2020 21:00","BZN|BG","3766.00","3896.00"
"22/05/2020 21:00 - 22/05/2020 22:00","BZN|BG","3624.00","3672.00"
"22/05/2020 22:00 - 22/05/2020 23:00","BZN|BG","3388.00","3421.00"
"22/05/2020 23:00 - 23/05/2020 00:00","BZN|BG","3171.00","3021.00"
"23/05/2020 00:00 - 23/05/2020 01:00","BZN|BG","2919.00","2831.00"
"23/05/2020 01:00 - 23/05/2020 02:00","BZN|BG","2800.00","2750.00"
"23/05/2020 02:00 - 23/05/2020 03:00","BZN|BG","2728.00","2688.00"
"23/05/2020 03:00 - 23/05/2020 04:00","BZN|BG","2717.00","2672.00"
"23/05/2020 04:00 - 23/05/2020 05:00","BZN|BG","2724.00","2696.00"
"23/05/2020 05:00 - 23/05/2020 06:00","BZN|BG","2809.00","2763.00"
"23/05/2020 06:00 - 23/05/2020 07:00","BZN|BG","3042.00","3074.00"
"23/05/2020 07:00 - 23/05/2020 08:00","BZN|BG","3353.00","3396.00"
"23/05/2020 08:00 - 23/05/2020 09:00","BZN|BG","3529.00","3608.00"
"23/05/2020 09:00 - 23/05/2020 10:00","BZN|BG","3597.00","3638.00"
"23/05/2020 10:00 - 23/05/2020 11:00","BZN|BG","3578.00","3625.00"
"23/05/2020 11:00 - 23/05/2020 12:00","BZN|BG","3558.00","3599.00"
"23/05/2020 12:00 - 23/05/2020 13:00","BZN|BG","3488.00","3522.00"
"23/05/2020 13:00 - 23/05/2020 14:00","BZN|BG","3355.00","3424.00"
"23/05/2020 14:00 - 23/05/2020 15:00","BZN|BG","3310.00","3427.00"
"23/05/2020 15:00 - 23/05/2020 16:00","BZN|BG","3321.00","3469.00"
"23/05/2020 16:00 - 23/05/2020 17:00","BZN|BG","3365.00","3506.00"
"23/05/2020 17:00 - 23/05/2020 18:00","BZN|BG","3419.00","3573.00"
"23/05/2020 18:00 - 23/05/2020 19:00","BZN|BG","3500.00","3647.00"
"23/05/2020 19:00 - 23/05/2020 20:00","BZN|BG","3551.00","3691.00"
"23/05/2020 20:00 - 23/05/2020 21:00","BZN|BG","3626.00","3695.00"
"23/05/2020 21:00 - 23/05/2020 22:00","BZN|BG","3505.00","3546.00"
"23/05/2020 22:00 - 23/05/2020 23:00","BZN|BG","3275.00","3276.00"
"23/05/2020 23:00 - 24/05/2020 00:00","BZN|BG","2966.00","3001.00"
"24/05/2020 00:00 - 24/05/2020 01:00","BZN|BG","2719.00","2783.00"
"24/05/2020 01:00 - 24/05/2020 02:00","BZN|BG","2584.00","2669.00"
"24/05/2020 02:00 - 24/05/2020 03:00","BZN|BG","2538.00","2618.00"
"24/05/2020 03:00 - 24/05/2020 04:00","BZN|BG","2533.00","2606.00"
"24/05/2020 04:00 - 24/05/2020 05:00","BZN|BG","2511.00","2608.00"
"24/05/2020 05:00 - 24/05/2020 06:00","BZN|BG","2618.00","2620.00"
"24/05/2020 06:00 - 24/05/2020 07:00","BZN|BG","2930.00","2795.00"
"24/05/2020 07:00 - 24/05/2020 08:00","BZN|BG","3141.00","2999.00"
"24/05/2020 08:00 - 24/05/2020 09:00","BZN|BG","3364.00","3202.00"
"24/05/2020 09:00 - 24/05/2020 10:00","BZN|BG","3425.00","3281.00"
"24/05/2020 10:00 - 24/05/2020 11:00","BZN|BG","3405.00","3355.00"
"24/05/2020 11:00 - 24/05/2020 12:00","BZN|BG","3378.00","3303.00"
"24/05/2020 12:00 - 24/05/2020 13:00","BZN|BG","3276.00","3219.00"
"24/05/2020 13:00 - 24/05/2020 14:00","BZN|BG","3200.00","3158.00"
"24/05/2020 14:00 - 24/05/2020 15:00","BZN|BG","3182.00","3118.00"
"24/05/2020 15:00 - 24/05/2020 16:00","BZN|BG","3234.00","3178.00"
"24/05/2020 16:00 - 24/05/2020 17:00","BZN|BG","3371.00","3247.00"
"24/05/2020 17:00 - 24/05/2020 18:00","BZN|BG","3524.00","3356.00"
"24/05/2020 18:00 - 24/05/2020 19:00","BZN|BG","3666.00","3415.00"
"24/05/2020 19:00 - 24/05/2020 20:00","BZN|BG","3607.00","3469.00"
"24/05/2020 20:00 - 24/05/2020 21:00","BZN|BG","3511.00","3533.00"
"24/05/2020 21:00 - 24/05/2020 22:00","BZN|BG","3377.00","3488.00"
"24/05/2020 22:00 - 24/05/2020 23:00","BZN|BG","3160.00","3401.00"
"24/05/2020 23:00 - 25/05/2020 00:00","BZN|BG","2870.00","2953.00"
"25/05/2020 00:00 - 25/05/2020 01:00","BZN|BG","2661.00","2717.00"
"25/05/2020 01:00 - 25/05/2020 02:00","BZN|BG","2559.00","2603.00"
"25/05/2020 02:00 - 25/05/2020 03:00","BZN|BG","2509.00","2575.00"
"25/05/2020 03:00 - 25/05/2020 04:00","BZN|BG","2502.00","2597.00"
"25/05/2020 04:00 - 25/05/2020 05:00","BZN|BG","2540.00","2676.00"
"25/05/2020 05:00 - 25/05/2020 06:00","BZN|BG","2658.00","2872.00"
"25/05/2020 06:00 - 25/05/2020 07:00","BZN|BG","2942.00","3137.00"
"25/05/2020 07:00 - 25/05/2020 08:00","BZN|BG","3242.00","3393.00"
"25/05/2020 08:00 - 25/05/2020 09:00","BZN|BG","3423.00","3470.00"
"25/05/2020 09:00 - 25/05/2020 10:00","BZN|BG","3576.00","3470.00"
"25/05/2020 10:00 - 25/05/2020 11:00","BZN|BG","3592.00","3487.00"
"25/05/2020 11:00 - 25/05/2020 12:00","BZN|BG","3576.00","3454.00"
"25/05/2020 12:00 - 25/05/2020 13:00","BZN|BG","3532.00","3489.00"
"25/05/2020 13:00 - 25/05/2020 14:00","BZN|BG","3479.00","3303.00"
"25/05/2020 14:00 - 25/05/2020 15:00","BZN|BG","3441.00","3256.00"
"25/05/2020 15:00 - 25/05/2020 16:00","BZN|BG","3498.00","3317.00"
"25/05/2020 16:00 - 25/05/2020 17:00","BZN|BG","3549.00","3205.00"
"25/05/2020 17:00 - 25/05/2020 18:00","BZN|BG","3622.00","3541.00"
"25/05/2020 18:00 - 25/05/2020 19:00","BZN|BG","3758.00","3784.00"
"25/05/2020 19:00 - 25/05/2020 20:00","BZN|BG","3749.00","3783.00"
"25/05/2020 20:00 - 25/05/2020 21:00","BZN|BG","3710.00","3761.00"
"25/05/2020 21:00 - 25/05/2020 22:00","BZN|BG","3599.00","3607.00"
"25/05/2020 22:00 - 25/05/2020 23:00","BZN|BG","3342.00","3483.00"
"25/05/2020 23:00 - 26/05/2020 00:00","BZN|BG","3021.00","3064.00"
"26/05/2020 00:00 - 26/05/2020 01:00","BZN|BG","2782.00","2826.00"
"26/05/2020 01:00 - 26/05/2020 02:00","BZN|BG","2680.00","2722.00"
"26/05/2020 02:00 - 26/05/2020 03:00","BZN|BG","2641.00","2674.00"
"26/05/2020 03:00 - 26/05/2020 04:00","BZN|BG","2679.00","2685.00"
"26/05/2020 04:00 - 26/05/2020 05:00","BZN|BG","2773.00","2725.00"
"26/05/2020 05:00 - 26/05/2020 06:00","BZN|BG","3078.00","2855.00"
"26/05/2020 06:00 - 26/05/2020 07:00","BZN|BG","3482.00","3045.00"
"26/05/2020 07:00 - 26/05/2020 08:00","BZN|BG","3856.00","3238.00"
"26/05/2020 08:00 - 26/05/2020 09:00","BZN|BG","3987.00","3307.00"
"26/05/2020 09:00 - 26/05/2020 10:00","BZN|BG","4014.00","3313.00"
"26/05/2020 10:00 - 26/05/2020 11:00","BZN|BG","3974.00","3327.00"
"26/05/2020 11:00 - 26/05/2020 12:00","BZN|BG","3949.00","3197.00"
"26/05/2020 12:00 - 26/05/2020 13:00","BZN|BG","3941.00","3249.00"
"26/05/2020 13:00 - 26/05/2020 14:00","BZN|BG","3902.00","3126.00"
"26/05/2020 14:00 - 26/05/2020 15:00","BZN|BG","3855.00","3071.00"
"26/05/2020 15:00 - 26/05/2020 16:00","BZN|BG","3809.00","3113.00"
"26/05/2020 16:00 - 26/05/2020 17:00","BZN|BG","3799.00","3095.00"
"26/05/2020 17:00 - 26/05/2020 18:00","BZN|BG","3923.00","3418.00"
"26/05/2020 18:00 - 26/05/2020 19:00","BZN|BG","4074.00","3711.00"
"26/05/2020 19:00 - 26/05/2020 20:00","BZN|BG","4062.00","3674.00"
"26/05/2020 20:00 - 26/05/2020 21:00","BZN|BG","4001.00","3656.00"
"26/05/2020 21:00 - 26/05/2020 22:00","BZN|BG","3752.00","3490.00"
"26/05/2020 22:00 - 26/05/2020 23:00","BZN|BG","3484.00","3267.00"
"26/05/2020 23:00 - 27/05/2020 00:00","BZN|BG","3130.00","3312.00"
"27/05/2020 00:00 - 27/05/2020 01:00","BZN|BG","2899.00","3077.00"
"27/05/2020 01:00 - 27/05/2020 02:00","BZN|BG","2766.00","2976.00"
"27/05/2020 02:00 - 27/05/2020 03:00","BZN|BG","2724.00","2927.00"
"27/05/2020 03:00 - 27/05/2020 04:00","BZN|BG","2754.00","2943.00"
"27/05/2020 04:00 - 27/05/2020 05:00","BZN|BG","2815.00","3011.00"
"27/05/2020 05:00 - 27/05/2020 06:00","BZN|BG","3099.00","3230.00"
"27/05/2020 06:00 - 27/05/2020 07:00","BZN|BG","3478.00","3545.00"
"27/05/2020 07:00 - 27/05/2020 08:00","BZN|BG","3863.00","3859.00"
"27/05/2020 08:00 - 27/05/2020 09:00","BZN|BG","3984.00","3985.00"
"27/05/2020 09:00 - 27/05/2020 10:00","BZN|BG","3965.00","3989.00"
"27/05/2020 10:00 - 27/05/2020 11:00","BZN|BG","3942.00","4005.00"
"27/05/2020 11:00 - 27/05/2020 12:00","BZN|BG","3892.00","3911.00"
"27/05/2020 12:00 - 27/05/2020 13:00","BZN|BG","3850.00","3942.00"
"27/05/2020 13:00 - 27/05/2020 14:00","BZN|BG","3785.00","3860.00"
"27/05/2020 14:00 - 27/05/2020 15:00","BZN|BG","3774.00","3824.00"
"27/05/2020 15:00 - 27/05/2020 16:00","BZN|BG","3767.00","3846.00"
"27/05/2020 16:00 - 27/05/2020 17:00","BZN|BG","3763.00","3840.00"
"27/05/2020 17:00 - 27/05/2020 18:00","BZN|BG","3947.00","4059.00"
"27/05/2020 18:00 - 27/05/2020 19:00","BZN|BG","4095.00","4251.00"
"27/05/2020 19:00 - 27/05/2020 20:00","BZN|BG","4036.00","4200.00"
"27/05/2020 20:00 - 27/05/2020 21:00","BZN|BG","4008.00","4177.00"
"27/05/2020 21:00 - 27/05/2020 22:00","BZN|BG","3791.00","3977.00"
"27/05/2020 22:00 - 27/05/2020 23:00","BZN|BG","3502.00","3703.00"
"27/05/2020 23:00 - 28/05/2020 00:00","BZN|BG","3143.00","3112.00"
"28/05/2020 00:00 - 28/05/2020 01:00","BZN|BG","2926.00","2863.00"
"28/05/2020 01:00 - 28/05/2020 02:00","BZN|BG","2834.00","2756.00"
"28/05/2020 02:00 - 28/05/2020 03:00","BZN|BG","2779.00","2703.00"
"28/05/2020 03:00 - 28/05/2020 04:00","BZN|BG","2785.00","2726.00"
"28/05/2020 04:00 - 28/05/2020 05:00","BZN|BG","2868.00","2809.00"
"28/05/2020 05:00 - 28/05/2020 06:00","BZN|BG","3156.00","3071.00"
"28/05/2020 06:00 - 28/05/2020 07:00","BZN|BG","3546.00","3445.00"
"28/05/2020 07:00 - 28/05/2020 08:00","BZN|BG","3913.00","3809.00"
"28/05/2020 08:00 - 28/05/2020 09:00","BZN|BG","4032.00","3946.00"
"28/05/2020 09:00 - 28/05/2020 10:00","BZN|BG","4015.00","3951.00"
"28/05/2020 10:00 - 28/05/2020 11:00","BZN|BG","3977.00","3961.00"
"28/05/2020 11:00 - 28/05/2020 12:00","BZN|BG","3909.00","3888.00"
"28/05/2020 12:00 - 28/05/2020 13:00","BZN|BG","3922.00","3910.00"
"28/05/2020 13:00 - 28/05/2020 14:00","BZN|BG","3877.00","3836.00"
"28/05/2020 14:00 - 28/05/2020 15:00","BZN|BG","3877.00","3804.00"
"28/05/2020 15:00 - 28/05/2020 16:00","BZN|BG","3852.00","3803.00"
"28/05/2020 16:00 - 28/05/2020 17:00","BZN|BG","3846.00","3803.00"
"28/05/2020 17:00 - 28/05/2020 18:00","BZN|BG","4003.00","3954.00"
"28/05/2020 18:00 - 28/05/2020 19:00","BZN|BG","4105.00","4091.00"
"28/05/2020 19:00 - 28/05/2020 20:00","BZN|BG","4051.00","4048.00"
"28/05/2020 20:00 - 28/05/2020 21:00","BZN|BG","4035.00","4013.00"
"28/05/2020 21:00 - 28/05/2020 22:00","BZN|BG","3866.00","3800.00"
"28/05/2020 22:00 - 28/05/2020 23:00","BZN|BG","3544.00","3516.00"
"28/05/2020 23:00 - 29/05/2020 00:00","BZN|BG","3180.00","3166.00"
"29/05/2020 00:00 - 29/05/2020 01:00","BZN|BG","2952.00","2934.00"
"29/05/2020 01:00 - 29/05/2020 02:00","BZN|BG","2854.00","2828.00"
"29/05/2020 02:00 - 29/05/2020 03:00","BZN|BG","2798.00","2778.00"
"29/05/2020 03:00 - 29/05/2020 04:00","BZN|BG","2837.00","2800.00"
"29/05/2020 04:00 - 29/05/2020 05:00","BZN|BG","2910.00","2879.00"
"29/05/2020 05:00 - 29/05/2020 06:00","BZN|BG","3184.00","3134.00"
"29/05/2020 06:00 - 29/05/2020 07:00","BZN|BG","3576.00","3491.00"
"29/05/2020 07:00 - 29/05/2020 08:00","BZN|BG","3950.00","3836.00"
"29/05/2020 08:00 - 29/05/2020 09:00","BZN|BG","4051.00","3964.00"
"29/05/2020 09:00 - 29/05/2020 10:00","BZN|BG","4026.00","3950.00"
"29/05/2020 10:00 - 29/05/2020 11:00","BZN|BG","4022.00","3956.00"
"29/05/2020 11:00 - 29/05/2020 12:00","BZN|BG","3954.00","3855.00"
"29/05/2020 12:00 - 29/05/2020 13:00","BZN|BG","3945.00","3875.00"
"29/05/2020 13:00 - 29/05/2020 14:00","BZN|BG","3875.00","3764.00"
"29/05/2020 14:00 - 29/05/2020 15:00","BZN|BG","3838.00","3732.00"
"29/05/2020 15:00 - 29/05/2020 16:00","BZN|BG","3806.00","3746.00"
"29/05/2020 16:00 - 29/05/2020 17:00","BZN|BG","3816.00","3755.00"
"29/05/2020 17:00 - 29/05/2020 18:00","BZN|BG","3882.00","3954.00"
"29/05/2020 18:00 - 29/05/2020 19:00","BZN|BG","3971.00","4128.00"
"29/05/2020 19:00 - 29/05/2020 20:00","BZN|BG","3903.00","4083.00"
"29/05/2020 20:00 - 29/05/2020 21:00","BZN|BG","3940.00","4052.00"
"29/05/2020 21:00 - 29/05/2020 22:00","BZN|BG","3816.00","3839.00"
"29/05/2020 22:00 - 29/05/2020 23:00","BZN|BG","3591.00","3555.00"
"29/05/2020 23:00 - 30/05/2020 00:00","BZN|BG","3231.00","3046.00"
"30/05/2020 00:00 - 30/05/2020 01:00","BZN|BG","2957.00","2827.00"
"30/05/2020 01:00 - 30/05/2020 02:00","BZN|BG","2847.00","2727.00"
"30/05/2020 02:00 - 30/05/2020 03:00","BZN|BG","2795.00","2675.00"
"30/05/2020 03:00 - 30/05/2020 04:00","BZN|BG","2793.00","2680.00"
"30/05/2020 04:00 - 30/05/2020 05:00","BZN|BG","2813.00","2689.00"
"30/05/2020 05:00 - 30/05/2020 06:00","BZN|BG","2904.00","2788.00"
"30/05/2020 06:00 - 30/05/2020 07:00","BZN|BG","3174.00","3036.00"
"30/05/2020 07:00 - 30/05/2020 08:00","BZN|BG","3492.00","3412.00"
"30/05/2020 08:00 - 30/05/2020 09:00","BZN|BG","3667.00","3544.00"
"30/05/2020 09:00 - 30/05/2020 10:00","BZN|BG","3736.00","3596.00"
"30/05/2020 10:00 - 30/05/2020 11:00","BZN|BG","3718.00","3578.00"
"30/05/2020 11:00 - 30/05/2020 12:00","BZN|BG","3626.00","3569.00"
"30/05/2020 12:00 - 30/05/2020 13:00","BZN|BG","3544.00","3533.00"
"30/05/2020 13:00 - 30/05/2020 14:00","BZN|BG","3478.00","3441.00"
"30/05/2020 14:00 - 30/05/2020 15:00","BZN|BG","3432.00","3406.00"
"30/05/2020 15:00 - 30/05/2020 16:00","BZN|BG","3449.00","3436.00"
"30/05/2020 16:00 - 30/05/2020 17:00","BZN|BG","3491.00","3497.00"
"30/05/2020 17:00 - 30/05/2020 18:00","BZN|BG","3594.00","3566.00"
"30/05/2020 18:00 - 30/05/2020 19:00","BZN|BG","3693.00","3646.00"
"30/05/2020 19:00 - 30/05/2020 20:00","BZN|BG","3716.00","3675.00"
"30/05/2020 20:00 - 30/05/2020 21:00","BZN|BG","3693.00","3727.00"
"30/05/2020 21:00 - 30/05/2020 22:00","BZN|BG","3618.00","3587.00"
"30/05/2020 22:00 - 30/05/2020 23:00","BZN|BG","3417.00","3316.00"
"30/05/2020 23:00 - 31/05/2020 00:00","BZN|BG","3104.00","2955.00"
"31/05/2020 00:00 - 31/05/2020 01:00","BZN|BG","2876.00","2721.00"
"31/05/2020 01:00 - 31/05/2020 02:00","BZN|BG","2746.00","2581.00"
"31/05/2020 02:00 - 31/05/2020 03:00","BZN|BG","2680.00","2543.00"
"31/05/2020 03:00 - 31/05/2020 04:00","BZN|BG","2687.00","2541.00"
"31/05/2020 04:00 - 31/05/2020 05:00","BZN|BG","2667.00","2554.00"
"31/05/2020 05:00 - 31/05/2020 06:00","BZN|BG","2725.00","2654.00"
"31/05/2020 06:00 - 31/05/2020 07:00","BZN|BG","2956.00","2938.00"
"31/05/2020 07:00 - 31/05/2020 08:00","BZN|BG","3249.00","3198.00"
"31/05/2020 08:00 - 31/05/2020 09:00","BZN|BG","3507.00","3437.00"
"31/05/2020 09:00 - 31/05/2020 10:00","BZN|BG","3612.00","3470.00"
"31/05/2020 10:00 - 31/05/2020 11:00","BZN|BG","3651.00","3427.00"
"31/05/2020 11:00 - 31/05/2020 12:00","BZN|BG","3651.00","3388.00"
"31/05/2020 12:00 - 31/05/2020 13:00","BZN|BG","3541.00","3333.00"
"31/05/2020 13:00 - 31/05/2020 14:00","BZN|BG","3451.00","3296.00"
"31/05/2020 14:00 - 31/05/2020 15:00","BZN|BG","3390.00","3289.00"
"31/05/2020 15:00 - 31/05/2020 16:00","BZN|BG","3474.00","3359.00"
"31/05/2020 16:00 - 31/05/2020 17:00","BZN|BG","3622.00","3459.00"
"31/05/2020 17:00 - 31/05/2020 18:00","BZN|BG","3774.00","3593.00"
"31/05/2020 18:00 - 31/05/2020 19:00","BZN|BG","3901.00","3693.00"
"31/05/2020 19:00 - 31/05/2020 20:00","BZN|BG","3840.00","3626.00"
"31/05/2020 20:00 - 31/05/2020 21:00","BZN|BG","3816.00","3555.00"
"31/05/2020 21:00 - 31/05/2020 22:00","BZN|BG","3713.00","3472.00"
"31/05/2020 22:00 - 31/05/2020 23:00","BZN|BG","2901.00","3331.00"
"31/05/2020 23:00 - 01/06/2020 00:00","BZN|BG","3080.00","3031.00"
"01/06/2020 00:00 - 01/06/2020 01:00","BZN|BG","2847.00","2846.00"
"01/06/2020 01:00 - 01/06/2020 02:00","BZN|BG","2743.00","2753.00"
"01/06/2020 02:00 - 01/06/2020 03:00","BZN|BG","2721.00","2692.00"
"01/06/2020 03:00 - 01/06/2020 04:00","BZN|BG","2723.00","2696.00"
"01/06/2020 04:00 - 01/06/2020 05:00","BZN|BG","2846.00","2734.00"
"01/06/2020 05:00 - 01/06/2020 06:00","BZN|BG","3135.00","2866.00"
"01/06/2020 06:00 - 01/06/2020 07:00","BZN|BG","3561.00","3168.00"
"01/06/2020 07:00 - 01/06/2020 08:00","BZN|BG","3845.00","3476.00"
"01/06/2020 08:00 - 01/06/2020 09:00","BZN|BG","3969.00","3655.00"
"01/06/2020 09:00 - 01/06/2020 10:00","BZN|BG","3981.00","3814.00"
"01/06/2020 10:00 - 01/06/2020 11:00","BZN|BG","4000.00","3837.00"
"01/06/2020 11:00 - 01/06/2020 12:00","BZN|BG","3917.00","3854.00"
"01/06/2020 12:00 - 01/06/2020 13:00","BZN|BG","3896.00","3718.00"
"01/06/2020 13:00 - 01/06/2020 14:00","BZN|BG","3825.00","3589.00"
"01/06/2020 14:00 - 01/06/2020 15:00","BZN|BG","3798.00","3596.00"
"01/06/2020 15:00 - 01/06/2020 16:00","BZN|BG","3775.00","3664.00"
"01/06/2020 16:00 - 01/06/2020 17:00","BZN|BG","3729.00","3758.00"
"01/06/2020 17:00 - 01/06/2020 18:00","BZN|BG","3816.00","3829.00"
"01/06/2020 18:00 - 01/06/2020 19:00","BZN|BG","3935.00","3900.00"
"01/06/2020 19:00 - 01/06/2020 20:00","BZN|BG","3992.00","3921.00"
"01/06/2020 20:00 - 01/06/2020 21:00","BZN|BG","4011.00","3933.00"
"01/06/2020 21:00 - 01/06/2020 22:00","BZN|BG","3838.00","3789.00"
"01/06/2020 22:00 - 01/06/2020 23:00","BZN|BG","3559.00","3547.00"
"01/06/2020 23:00 - 02/06/2020 00:00","BZN|BG","3184.00","3195.00"
"02/06/2020 00:00 - 02/06/2020 01:00","BZN|BG","2946.00","2970.00"
"02/06/2020 01:00 - 02/06/2020 02:00","BZN|BG","2790.00","2862.00"
"02/06/2020 02:00 - 02/06/2020 03:00","BZN|BG","2736.00","2805.00"
"02/06/2020 03:00 - 02/06/2020 04:00","BZN|BG","2769.00","2827.00"
"02/06/2020 04:00 - 02/06/2020 05:00","BZN|BG","2845.00","2903.00"
"02/06/2020 05:00 - 02/06/2020 06:00","BZN|BG","3137.00","3148.00"
"02/06/2020 06:00 - 02/06/2020 07:00","BZN|BG","3527.00","3482.00"
"02/06/2020 07:00 - 02/06/2020 08:00","BZN|BG","3864.00","3811.00"
"02/06/2020 08:00 - 02/06/2020 09:00","BZN|BG","3965.00","3899.00"
"02/06/2020 09:00 - 02/06/2020 10:00","BZN|BG","3968.00","3842.00"
"02/06/2020 10:00 - 02/06/2020 11:00","BZN|BG","3978.00","3806.00"
"02/06/2020 11:00 - 02/06/2020 12:00","BZN|BG","3915.00","3724.00"
"02/06/2020 12:00 - 02/06/2020 13:00","BZN|BG","3882.00","3727.00"
"02/06/2020 13:00 - 02/06/2020 14:00","BZN|BG","3807.00","3652.00"
"02/06/2020 14:00 - 02/06/2020 15:00","BZN|BG","3776.00","3627.00"
"02/06/2020 15:00 - 02/06/2020 16:00","BZN|BG","3789.00","3629.00"
"02/06/2020 16:00 - 02/06/2020 17:00","BZN|BG","3818.00","3653.00"
"02/06/2020 17:00 - 02/06/2020 18:00","BZN|BG","3955.00","3824.00"
"02/06/2020 18:00 - 02/06/2020 19:00","BZN|BG","4056.00","3974.00"
"02/06/2020 19:00 - 02/06/2020 20:00","BZN|BG","3984.00","3943.00"
"02/06/2020 20:00 - 02/06/2020 21:00","BZN|BG","4007.00","3935.00"
"02/06/2020 21:00 - 02/06/2020 22:00","BZN|BG","3843.00","3795.00"
"02/06/2020 22:00 - 02/06/2020 23:00","BZN|BG","3562.00","3574.00"
"02/06/2020 23:00 - 03/06/2020 00:00","BZN|BG","3154.00","3165.00"
"03/06/2020 00:00 - 03/06/2020 01:00","BZN|BG","2944.00","2937.00"
"03/06/2020 01:00 - 03/06/2020 02:00","BZN|BG","2846.00","2828.00"
"03/06/2020 02:00 - 03/06/2020 03:00","BZN|BG","2802.00","2772.00"
"03/06/2020 03:00 - 03/06/2020 04:00","BZN|BG","2828.00","2796.00"
"03/06/2020 04:00 - 03/06/2020 05:00","BZN|BG","2914.00","2872.00"
"03/06/2020 05:00 - 03/06/2020 06:00","BZN|BG","3234.00","3125.00"
"03/06/2020 06:00 - 03/06/2020 07:00","BZN|BG","3623.00","3473.00"
"03/06/2020 07:00 - 03/06/2020 08:00","BZN|BG","3922.00","3802.00"
"03/06/2020 08:00 - 03/06/2020 09:00","BZN|BG","4019.00","3882.00"
"03/06/2020 09:00 - 03/06/2020 10:00","BZN|BG","3963.00","3839.00"
"03/06/2020 10:00 - 03/06/2020 11:00","BZN|BG","3957.00","3804.00"
"03/06/2020 11:00 - 03/06/2020 12:00","BZN|BG","3887.00","3735.00"
"03/06/2020 12:00 - 03/06/2020 13:00","BZN|BG","3895.00","3742.00"
"03/06/2020 13:00 - 03/06/2020 14:00","BZN|BG","3788.00","3678.00"
"03/06/2020 14:00 - 03/06/2020 15:00","BZN|BG","3777.00","3661.00"
"03/06/2020 15:00 - 03/06/2020 16:00","BZN|BG","3766.00","3653.00"
"03/06/2020 16:00 - 03/06/2020 17:00","BZN|BG","3760.00","3682.00"
"03/06/2020 17:00 - 03/06/2020 18:00","BZN|BG","3844.00","3853.00"
"03/06/2020 18:00 - 03/06/2020 19:00","BZN|BG","3920.00","4002.00"
"03/06/2020 19:00 - 03/06/2020 20:00","BZN|BG","3908.00","3969.00"
"03/06/2020 20:00 - 03/06/2020 21:00","BZN|BG","3998.00","3951.00"
"03/06/2020 21:00 - 03/06/2020 22:00","BZN|BG","3815.00","3791.00"
"03/06/2020 22:00 - 03/06/2020 23:00","BZN|BG","3527.00","3560.00"
"03/06/2020 23:00 - 04/06/2020 00:00","BZN|BG","3137.00","3181.00"
"04/06/2020 00:00 - 04/06/2020 01:00","BZN|BG","2907.00","2966.00"
"04/06/2020 01:00 - 04/06/2020 02:00","BZN|BG","2795.00","2857.00"
"04/06/2020 02:00 - 04/06/2020 03:00","BZN|BG","2742.00","2806.00"
"04/06/2020 03:00 - 04/06/2020 04:00","BZN|BG","2752.00","2831.00"
"04/06/2020 04:00 - 04/06/2020 05:00","BZN|BG","2826.00","2907.00"
"04/06/2020 05:00 - 04/06/2020 06:00","BZN|BG","3128.00","3162.00"
"04/06/2020 06:00 - 04/06/2020 07:00","BZN|BG","3504.00","3509.00"
"04/06/2020 07:00 - 04/06/2020 08:00","BZN|BG","3784.00","3825.00"
"04/06/2020 08:00 - 04/06/2020 09:00","BZN|BG","3898.00","3906.00"
"04/06/2020 09:00 - 04/06/2020 10:00","BZN|BG","3867.00","3860.00"
"04/06/2020 10:00 - 04/06/2020 11:00","BZN|BG","3861.00","3839.00"
"04/06/2020 11:00 - 04/06/2020 12:00","BZN|BG","3815.00","3771.00"
"04/06/2020 12:00 - 04/06/2020 13:00","BZN|BG","3806.00","3758.00"
"04/06/2020 13:00 - 04/06/2020 14:00","BZN|BG","3749.00","3665.00"
"04/06/2020 14:00 - 04/06/2020 15:00","BZN|BG","3727.00","3644.00"
"04/06/2020 15:00 - 04/06/2020 16:00","BZN|BG","3725.00","3650.00"
"04/06/2020 16:00 - 04/06/2020 17:00","BZN|BG","3693.00","3698.00"
"04/06/2020 17:00 - 04/06/2020 18:00","BZN|BG","3771.00","3909.00"
"04/06/2020 18:00 - 04/06/2020 19:00","BZN|BG","3854.00","4086.00"
"04/06/2020 19:00 - 04/06/2020 20:00","BZN|BG","3839.00","4040.00"
"04/06/2020 20:00 - 04/06/2020 21:00","BZN|BG","3939.00","4030.00"
"04/06/2020 21:00 - 04/06/2020 22:00","BZN|BG","3825.00","3848.00"
"04/06/2020 22:00 - 04/06/2020 23:00","BZN|BG","3530.00","3582.00"
"04/06/2020 23:00 - 05/06/2020 00:00","BZN|BG","3157.00","3081.00"
"05/06/2020 00:00 - 05/06/2020 01:00","BZN|BG","2920.00","2847.00"
"05/06/2020 01:00 - 05/06/2020 02:00","BZN|BG","2817.00","2729.00"
"05/06/2020 02:00 - 05/06/2020 03:00","BZN|BG","2764.00","2676.00"
"05/06/2020 03:00 - 05/06/2020 04:00","BZN|BG","2783.00","2700.00"
"05/06/2020 04:00 - 05/06/2020 05:00","BZN|BG","2847.00","2774.00"
"05/06/2020 05:00 - 05/06/2020 06:00","BZN|BG","3135.00","3024.00"
"05/06/2020 06:00 - 05/06/2020 07:00","BZN|BG","3510.00","3355.00"
"05/06/2020 07:00 - 05/06/2020 08:00","BZN|BG","3817.00","3647.00"
"05/06/2020 08:00 - 05/06/2020 09:00","BZN|BG","3934.00","3719.00"
"05/06/2020 09:00 - 05/06/2020 10:00","BZN|BG","3910.00","3666.00"
"05/06/2020 10:00 - 05/06/2020 11:00","BZN|BG","3913.00","3650.00"
"05/06/2020 11:00 - 05/06/2020 12:00","BZN|BG","3861.00","3590.00"
"05/06/2020 12:00 - 05/06/2020 13:00","BZN|BG","3867.00","3587.00"
"05/06/2020 13:00 - 05/06/2020 14:00","BZN|BG","3826.00","3495.00"
"05/06/2020 14:00 - 05/06/2020 15:00","BZN|BG","3788.00","3483.00"
"05/06/2020 15:00 - 05/06/2020 16:00","BZN|BG","3797.00","3487.00"
"05/06/2020 16:00 - 05/06/2020 17:00","BZN|BG","3761.00","3521.00"
"05/06/2020 17:00 - 05/06/2020 18:00","BZN|BG","3823.00","3673.00"
"05/06/2020 18:00 - 05/06/2020 19:00","BZN|BG","3876.00","3782.00"
"05/06/2020 19:00 - 05/06/2020 20:00","BZN|BG","3859.00","3776.00"
"05/06/2020 20:00 - 05/06/2020 21:00","BZN|BG","3888.00","3802.00"
"05/06/2020 21:00 - 05/06/2020 22:00","BZN|BG","3745.00","3664.00"
"05/06/2020 22:00 - 05/06/2020 23:00","BZN|BG","3513.00","3493.00"
"05/06/2020 23:00 - 06/06/2020 00:00","BZN|BG","3166.00","3093.00"
"06/06/2020 00:00 - 06/06/2020 01:00","BZN|BG","2906.00","2820.00"
"06/06/2020 01:00 - 06/06/2020 02:00","BZN|BG","2762.00","2722.00"
"06/06/2020 02:00 - 06/06/2020 03:00","BZN|BG","2698.00","2670.00"
"06/06/2020 03:00 - 06/06/2020 04:00","BZN|BG","2684.00","2672.00"
"06/06/2020 04:00 - 06/06/2020 05:00","BZN|BG","2682.00","2692.00"
"06/06/2020 05:00 - 06/06/2020 06:00","BZN|BG","2784.00","2767.00"
"06/06/2020 06:00 - 06/06/2020 07:00","BZN|BG","3032.00","2977.00"
"06/06/2020 07:00 - 06/06/2020 08:00","BZN|BG","3336.00","3216.00"
"06/06/2020 08:00 - 06/06/2020 09:00","BZN|BG","3452.00","3333.00"
"06/06/2020 09:00 - 06/06/2020 10:00","BZN|BG","3514.00","3369.00"
"06/06/2020 10:00 - 06/06/2020 11:00","BZN|BG","3536.00","3363.00"
"06/06/2020 11:00 - 06/06/2020 12:00","BZN|BG","3508.00","3307.00"
"06/06/2020 12:00 - 06/06/2020 13:00","BZN|BG","3455.00","3235.00"
"06/06/2020 13:00 - 06/06/2020 14:00","BZN|BG","3388.00","3179.00"
"06/06/2020 14:00 - 06/06/2020 15:00","BZN|BG","3429.00","3168.00"
"06/06/2020 15:00 - 06/06/2020 16:00","BZN|BG","3431.00","3245.00"
"06/06/2020 16:00 - 06/06/2020 17:00","BZN|BG","3319.00","3302.00"
"06/06/2020 17:00 - 06/06/2020 18:00","BZN|BG","3361.00","3439.00"
"06/06/2020 18:00 - 06/06/2020 19:00","BZN|BG","3551.00","3572.00"
"06/06/2020 19:00 - 06/06/2020 20:00","BZN|BG","3561.00","3610.00"
"06/06/2020 20:00 - 06/06/2020 21:00","BZN|BG","3592.00","3575.00"
"06/06/2020 21:00 - 06/06/2020 22:00","BZN|BG","3495.00","3502.00"
"06/06/2020 22:00 - 06/06/2020 23:00","BZN|BG","3303.00","3306.00"
"06/06/2020 23:00 - 07/06/2020 00:00","BZN|BG","3007.00","2980.00"
"07/06/2020 00:00 - 07/06/2020 01:00","BZN|BG","2782.00","2749.00"
"07/06/2020 01:00 - 07/06/2020 02:00","BZN|BG","2655.00","2630.00"
"07/06/2020 02:00 - 07/06/2020 03:00","BZN|BG","2602.00","2565.00"
"07/06/2020 03:00 - 07/06/2020 04:00","BZN|BG","2588.00","2569.00"
"07/06/2020 04:00 - 07/06/2020 05:00","BZN|BG","2594.00","2545.00"
"07/06/2020 05:00 - 07/06/2020 06:00","BZN|BG","2669.00","2606.00"
"07/06/2020 06:00 - 07/06/2020 07:00","BZN|BG","2903.00","2788.00"
"07/06/2020 07:00 - 07/06/2020 08:00","BZN|BG","3251.00","3006.00"
"07/06/2020 08:00 - 07/06/2020 09:00","BZN|BG","3445.00","3201.00"
"07/06/2020 09:00 - 07/06/2020 10:00","BZN|BG","3555.00","3262.00"
"07/06/2020 10:00 - 07/06/2020 11:00","BZN|BG","3598.00","3289.00"
"07/06/2020 11:00 - 07/06/2020 12:00","BZN|BG","3590.00","3285.00"
"07/06/2020 12:00 - 07/06/2020 13:00","BZN|BG","3516.00","3231.00"
"07/06/2020 13:00 - 07/06/2020 14:00","BZN|BG","3414.00","3167.00"
"07/06/2020 14:00 - 07/06/2020 15:00","BZN|BG","3410.00","3160.00"
"07/06/2020 15:00 - 07/06/2020 16:00","BZN|BG","3466.00","3264.00"
"07/06/2020 16:00 - 07/06/2020 17:00","BZN|BG","3536.00","3431.00"
"07/06/2020 17:00 - 07/06/2020 18:00","BZN|BG","3594.00","3598.00"
"07/06/2020 18:00 - 07/06/2020 19:00","BZN|BG","3664.00","3714.00"
"07/06/2020 19:00 - 07/06/2020 20:00","BZN|BG","3698.00","3665.00"
"07/06/2020 20:00 - 07/06/2020 21:00","BZN|BG","3742.00","3646.00"
"07/06/2020 21:00 - 07/06/2020 22:00","BZN|BG","3662.00","3549.00"
"07/06/2020 22:00 - 07/06/2020 23:00","BZN|BG","3359.00","3292.00"
"07/06/2020 23:00 - 08/06/2020 00:00","BZN|BG","2999.00","2928.00"
"08/06/2020 00:00 - 08/06/2020 01:00","BZN|BG","2774.00","2741.00"
"08/06/2020 01:00 - 08/06/2020 02:00","BZN|BG","2664.00","2642.00"
"08/06/2020 02:00 - 08/06/2020 03:00","BZN|BG","2611.00","2615.00"
"08/06/2020 03:00 - 08/06/2020 04:00","BZN|BG","2639.00","2638.00"
"08/06/2020 04:00 - 08/06/2020 05:00","BZN|BG","2746.00","2777.00"
"08/06/2020 05:00 - 08/06/2020 06:00","BZN|BG","3056.00","3068.00"
"08/06/2020 06:00 - 08/06/2020 07:00","BZN|BG","3436.00","3477.00"
"08/06/2020 07:00 - 08/06/2020 08:00","BZN|BG","3743.00","3769.00"
"08/06/2020 08:00 - 08/06/2020 09:00","BZN|BG","3879.00","3825.00"
"08/06/2020 09:00 - 08/06/2020 10:00","BZN|BG","3879.00","3765.00"
"08/06/2020 10:00 - 08/06/2020 11:00","BZN|BG","3918.00","3758.00"
"08/06/2020 11:00 - 08/06/2020 12:00","BZN|BG","3883.00","3683.00"
"08/06/2020 12:00 - 08/06/2020 13:00","BZN|BG","3926.00","3666.00"
"08/06/2020 13:00 - 08/06/2020 14:00","BZN|BG","3872.00","3601.00"
"08/06/2020 14:00 - 08/06/2020 15:00","BZN|BG","3877.00","3547.00"
"08/06/2020 15:00 - 08/06/2020 16:00","BZN|BG","3867.00","3564.00"
"08/06/2020 16:00 - 08/06/2020 17:00","BZN|BG","3812.00","3573.00"
"08/06/2020 17:00 - 08/06/2020 18:00","BZN|BG","3860.00","3691.00"
"08/06/2020 18:00 - 08/06/2020 19:00","BZN|BG","3930.00","3832.00"
"08/06/2020 19:00 - 08/06/2020 20:00","BZN|BG","3888.00","3928.00"
"08/06/2020 20:00 - 08/06/2020 21:00","BZN|BG","3893.00","3928.00"
"08/06/2020 21:00 - 08/06/2020 22:00","BZN|BG","3764.00","3752.00"
"08/06/2020 22:00 - 08/06/2020 23:00","BZN|BG","3491.00","3489.00"
"08/06/2020 23:00 - 09/06/2020 00:00","BZN|BG","3139.00","3076.00"
"09/06/2020 00:00 - 09/06/2020 01:00","BZN|BG","2912.00","2853.00"
"09/06/2020 01:00 - 09/06/2020 02:00","BZN|BG","2798.00","2743.00"
"09/06/2020 02:00 - 09/06/2020 03:00","BZN|BG","2769.00","2694.00"
"09/06/2020 03:00 - 09/06/2020 04:00","BZN|BG","2792.00","2721.00"
"09/06/2020 04:00 - 09/06/2020 05:00","BZN|BG","2870.00","2800.00"
"09/06/2020 05:00 - 09/06/2020 06:00","BZN|BG","3146.00","3089.00"
"09/06/2020 06:00 - 09/06/2020 07:00","BZN|BG","3498.00","3459.00"
"09/06/2020 07:00 - 09/06/2020 08:00","BZN|BG","3842.00","3751.00"
"09/06/2020 08:00 - 09/06/2020 09:00","BZN|BG","3964.00","3811.00"
"09/06/2020 09:00 - 09/06/2020 10:00","BZN|BG","3969.00","3759.00"
"09/06/2020 10:00 - 09/06/2020 11:00","BZN|BG","3990.00","3751.00"
"09/06/2020 11:00 - 09/06/2020 12:00","BZN|BG","3940.00","3706.00"
"09/06/2020 12:00 - 09/06/2020 13:00","BZN|BG","3985.00","3688.00"
"09/06/2020 13:00 - 09/06/2020 14:00","BZN|BG","3942.00","3623.00"
"09/06/2020 14:00 - 09/06/2020 15:00","BZN|BG","3929.00","3611.00"
"09/06/2020 15:00 - 09/06/2020 16:00","BZN|BG","3921.00","3639.00"
"09/06/2020 16:00 - 09/06/2020 17:00","BZN|BG","3865.00","3665.00"
"09/06/2020 17:00 - 09/06/2020 18:00","BZN|BG","3937.00","3780.00"
"09/06/2020 18:00 - 09/06/2020 19:00","BZN|BG","3988.00","3877.00"
"09/06/2020 19:00 - 09/06/2020 20:00","BZN|BG","3931.00","3851.00"
"09/06/2020 20:00 - 09/06/2020 21:00","BZN|BG","3886.00","3904.00"
"09/06/2020 21:00 - 09/06/2020 22:00","BZN|BG","3735.00","3740.00"
"09/06/2020 22:00 - 09/06/2020 23:00","BZN|BG","3482.00","3453.00"
"09/06/2020 23:00 - 10/06/2020 00:00","BZN|BG","3140.00","3158.00"
"10/06/2020 00:00 - 10/06/2020 01:00","BZN|BG","2928.00","2938.00"
"10/06/2020 01:00 - 10/06/2020 02:00","BZN|BG","2826.00","2831.00"
"10/06/2020 02:00 - 10/06/2020 03:00","BZN|BG","2784.00","2783.00"
"10/06/2020 03:00 - 10/06/2020 04:00","BZN|BG","2815.00","2808.00"
"10/06/2020 04:00 - 10/06/2020 05:00","BZN|BG","2895.00","2886.00"
"10/06/2020 05:00 - 10/06/2020 06:00","BZN|BG","3174.00","3180.00"
"10/06/2020 06:00 - 10/06/2020 07:00","BZN|BG","3559.00","3542.00"
"10/06/2020 07:00 - 10/06/2020 08:00","BZN|BG","3880.00","3808.00"
"10/06/2020 08:00 - 10/06/2020 09:00","BZN|BG","4013.00","3868.00"
"10/06/2020 09:00 - 10/06/2020 10:00","BZN|BG","4017.00","3842.00"
"10/06/2020 10:00 - 10/06/2020 11:00","BZN|BG","4026.00","3840.00"
"10/06/2020 11:00 - 10/06/2020 12:00","BZN|BG","3979.00","3817.00"
"10/06/2020 12:00 - 10/06/2020 13:00","BZN|BG","4007.00","3810.00"
"10/06/2020 13:00 - 10/06/2020 14:00","BZN|BG","3945.00","3775.00"
"10/06/2020 14:00 - 10/06/2020 15:00","BZN|BG","3916.00","3769.00"
"10/06/2020 15:00 - 10/06/2020 16:00","BZN|BG","3923.00","3795.00"
"10/06/2020 16:00 - 10/06/2020 17:00","BZN|BG","3864.00","3813.00"
"10/06/2020 17:00 - 10/06/2020 18:00","BZN|BG","3930.00","3898.00"
"10/06/2020 18:00 - 10/06/2020 19:00","BZN|BG","3968.00","3964.00"
"10/06/2020 19:00 - 10/06/2020 20:00","BZN|BG","3890.00","3954.00"
"10/06/2020 20:00 - 10/06/2020 21:00","BZN|BG","3879.00","3994.00"
"10/06/2020 21:00 - 10/06/2020 22:00","BZN|BG","3750.00","3830.00"
"10/06/2020 22:00 - 10/06/2020 23:00","BZN|BG","3497.00","3546.00"
"10/06/2020 23:00 - 11/06/2020 00:00","BZN|BG","3154.00","3145.00"
"11/06/2020 00:00 - 11/06/2020 01:00","BZN|BG","2917.00","2923.00"
"11/06/2020 01:00 - 11/06/2020 02:00","BZN|BG","2791.00","2815.00"
"11/06/2020 02:00 - 11/06/2020 03:00","BZN|BG","2758.00","2771.00"
"11/06/2020 03:00 - 11/06/2020 04:00","BZN|BG","2793.00","2796.00"
"11/06/2020 04:00 - 11/06/2020 05:00","BZN|BG","2872.00","2874.00"
"11/06/2020 05:00 - 11/06/2020 06:00","BZN|BG","3166.00","3161.00"
"11/06/2020 06:00 - 11/06/2020 07:00","BZN|BG","3499.00","3518.00"
"11/06/2020 07:00 - 11/06/2020 08:00","BZN|BG","3859.00","3792.00"
"11/06/2020 08:00 - 11/06/2020 09:00","BZN|BG","3983.00","3857.00"
"11/06/2020 09:00 - 11/06/2020 10:00","BZN|BG","3980.00","3813.00"
"11/06/2020 10:00 - 11/06/2020 11:00","BZN|BG","4008.00","3810.00"
"11/06/2020 11:00 - 11/06/2020 12:00","BZN|BG","3943.00","3770.00"
"11/06/2020 12:00 - 11/06/2020 13:00","BZN|BG","3954.00","3773.00"
"11/06/2020 13:00 - 11/06/2020 14:00","BZN|BG","3909.00","3721.00"
"11/06/2020 14:00 - 11/06/2020 15:00","BZN|BG","3901.00","3721.00"
"11/06/2020 15:00 - 11/06/2020 16:00","BZN|BG","3909.00","3744.00"
"11/06/2020 16:00 - 11/06/2020 17:00","BZN|BG","3920.00","3757.00"
"11/06/2020 17:00 - 11/06/2020 18:00","BZN|BG","3999.00","3870.00"
"11/06/2020 18:00 - 11/06/2020 19:00","BZN|BG","4023.00","3971.00"
"11/06/2020 19:00 - 11/06/2020 20:00","BZN|BG","3915.00","3935.00"
"11/06/2020 20:00 - 11/06/2020 21:00","BZN|BG","3874.00","3957.00"
"11/06/2020 21:00 - 11/06/2020 22:00","BZN|BG","3723.00","3785.00"
"11/06/2020 22:00 - 11/06/2020 23:00","BZN|BG","3531.00","3465.00"
"11/06/2020 23:00 - 12/06/2020 00:00","BZN|BG","3126.00","3134.00"
"12/06/2020 00:00 - 12/06/2020 01:00","BZN|BG","2915.00","2912.00"
"12/06/2020 01:00 - 12/06/2020 02:00","BZN|BG","2799.00","2804.00"
"12/06/2020 02:00 - 12/06/2020 03:00","BZN|BG","2749.00","2761.00"
"12/06/2020 03:00 - 12/06/2020 04:00","BZN|BG","2783.00","2787.00"
"12/06/2020 04:00 - 12/06/2020 05:00","BZN|BG","2851.00","2868.00"
"12/06/2020 05:00 - 12/06/2020 06:00","BZN|BG","3121.00","3157.00"
"12/06/2020 06:00 - 12/06/2020 07:00","BZN|BG","3494.00","3520.00"
"12/06/2020 07:00 - 12/06/2020 08:00","BZN|BG","3816.00","3800.00"
"12/06/2020 08:00 - 12/06/2020 09:00","BZN|BG","3968.00","3871.00"
"12/06/2020 09:00 - 12/06/2020 10:00","BZN|BG","3985.00","3822.00"
"12/06/2020 10:00 - 12/06/2020 11:00","BZN|BG","3995.00","3784.00"
"12/06/2020 11:00 - 12/06/2020 12:00","BZN|BG","3936.00","3790.00"
"12/06/2020 12:00 - 12/06/2020 13:00","BZN|BG","3934.00","3833.00"
"12/06/2020 13:00 - 12/06/2020 14:00","BZN|BG","3858.00","3732.00"
"12/06/2020 14:00 - 12/06/2020 15:00","BZN|BG","3809.00","3728.00"
"12/06/2020 15:00 - 12/06/2020 16:00","BZN|BG","3804.00","3759.00"
"12/06/2020 16:00 - 12/06/2020 17:00","BZN|BG","3792.00","3768.00"
"12/06/2020 17:00 - 12/06/2020 18:00","BZN|BG","3846.00","3879.00"
"12/06/2020 18:00 - 12/06/2020 19:00","BZN|BG","3982.00","3961.00"
"12/06/2020 19:00 - 12/06/2020 20:00","BZN|BG","3825.00","3920.00"
"12/06/2020 20:00 - 12/06/2020 21:00","BZN|BG","3802.00","3959.00"
"12/06/2020 21:00 - 12/06/2020 22:00","BZN|BG","3677.00","3773.00"
"12/06/2020 22:00 - 12/06/2020 23:00","BZN|BG","3455.00","3453.00"
"12/06/2020 23:00 - 13/06/2020 00:00","BZN|BG","3138.00","3098.00"
"13/06/2020 00:00 - 13/06/2020 01:00","BZN|BG","2929.00","2856.00"
"13/06/2020 01:00 - 13/06/2020 02:00","BZN|BG","2801.00","2727.00"
"13/06/2020 02:00 - 13/06/2020 03:00","BZN|BG","2741.00","2675.00"
"13/06/2020 03:00 - 13/06/2020 04:00","BZN|BG","2748.00","2675.00"
"13/06/2020 04:00 - 13/06/2020 05:00","BZN|BG","2735.00","2670.00"
"13/06/2020 05:00 - 13/06/2020 06:00","BZN|BG","2841.00","2784.00"
"13/06/2020 06:00 - 13/06/2020 07:00","BZN|BG","3097.00","3038.00"
"13/06/2020 07:00 - 13/06/2020 08:00","BZN|BG","3409.00","3367.00"
"13/06/2020 08:00 - 13/06/2020 09:00","BZN|BG","3586.00","3482.00"
"13/06/2020 09:00 - 13/06/2020 10:00","BZN|BG","3666.00","3541.00"
"13/06/2020 10:00 - 13/06/2020 11:00","BZN|BG","3679.00","3550.00"
"13/06/2020 11:00 - 13/06/2020 12:00","BZN|BG","3654.00","3536.00"
"13/06/2020 12:00 - 13/06/2020 13:00","BZN|BG","3581.00","3503.00"
"13/06/2020 13:00 - 13/06/2020 14:00","BZN|BG","3518.00","3474.00"
"13/06/2020 14:00 - 13/06/2020 15:00","BZN|BG","3468.00","3465.00"
"13/06/2020 15:00 - 13/06/2020 16:00","BZN|BG","3523.00","3507.00"
"13/06/2020 16:00 - 13/06/2020 17:00","BZN|BG","3553.00","3542.00"
"13/06/2020 17:00 - 13/06/2020 18:00","BZN|BG","3648.00","3578.00"
"13/06/2020 18:00 - 13/06/2020 19:00","BZN|BG","3715.00","3639.00"
"13/06/2020 19:00 - 13/06/2020 20:00","BZN|BG","3663.00","3639.00"
"13/06/2020 20:00 - 13/06/2020 21:00","BZN|BG","3655.00","3657.00"
"13/06/2020 21:00 - 13/06/2020 22:00","BZN|BG","3570.00","3507.00"
"13/06/2020 22:00 - 13/06/2020 23:00","BZN|BG","3376.00","3228.00"
"13/06/2020 23:00 - 14/06/2020 00:00","BZN|BG","3072.00","2949.00"
"14/06/2020 00:00 - 14/06/2020 01:00","BZN|BG","2880.00","2728.00"
"14/06/2020 01:00 - 14/06/2020 02:00","BZN|BG","2759.00","2604.00"
"14/06/2020 02:00 - 14/06/2020 03:00","BZN|BG","2698.00","2533.00"
"14/06/2020 03:00 - 14/06/2020 04:00","BZN|BG","2686.00","2522.00"
"14/06/2020 04:00 - 14/06/2020 05:00","BZN|BG","2675.00","2528.00"
"14/06/2020 05:00 - 14/06/2020 06:00","BZN|BG","2742.00","2593.00"
"14/06/2020 06:00 - 14/06/2020 07:00","BZN|BG","2957.00","2828.00"
"14/06/2020 07:00 - 14/06/2020 08:00","BZN|BG","3284.00","3138.00"
"14/06/2020 08:00 - 14/06/2020 09:00","BZN|BG","3507.00","3329.00"
"14/06/2020 09:00 - 14/06/2020 10:00","BZN|BG","3613.00","3420.00"
"14/06/2020 10:00 - 14/06/2020 11:00","BZN|BG","3668.00","3433.00"
"14/06/2020 11:00 - 14/06/2020 12:00","BZN|BG","3663.00","3431.00"
"14/06/2020 12:00 - 14/06/2020 13:00","BZN|BG","3583.00","3416.00"
"14/06/2020 13:00 - 14/06/2020 14:00","BZN|BG","3514.00","3400.00"
"14/06/2020 14:00 - 14/06/2020 15:00","BZN|BG","3492.00","3415.00"
"14/06/2020 15:00 - 14/06/2020 16:00","BZN|BG","3526.00","3462.00"
"14/06/2020 16:00 - 14/06/2020 17:00","BZN|BG","3614.00","3535.00"
"14/06/2020 17:00 - 14/06/2020 18:00","BZN|BG","3680.00","3608.00"
"14/06/2020 18:00 - 14/06/2020 19:00","BZN|BG","3751.00","3655.00"
"14/06/2020 19:00 - 14/06/2020 20:00","BZN|BG","3723.00","3681.00"
"14/06/2020 20:00 - 14/06/2020 21:00","BZN|BG","3748.00","3711.00"
"14/06/2020 21:00 - 14/06/2020 22:00","BZN|BG","3697.00","3610.00"
"14/06/2020 22:00 - 14/06/2020 23:00","BZN|BG","3428.00","3258.00"
"14/06/2020 23:00 - 15/06/2020 00:00","BZN|BG","3087.00","2957.00"
"15/06/2020 00:00 - 15/06/2020 01:00","BZN|BG","2848.00","2747.00"
"15/06/2020 01:00 - 15/06/2020 02:00","BZN|BG","2736.00","2647.00"
"15/06/2020 02:00 - 15/06/2020 03:00","BZN|BG","2685.00","2603.00"
"15/06/2020 03:00 - 15/06/2020 04:00","BZN|BG","2714.00","2631.00"
"15/06/2020 04:00 - 15/06/2020 05:00","BZN|BG","2822.00","2751.00"
"15/06/2020 05:00 - 15/06/2020 06:00","BZN|BG","3129.00","3069.00"
"15/06/2020 06:00 - 15/06/2020 07:00","BZN|BG","3494.00","3446.00"
"15/06/2020 07:00 - 15/06/2020 08:00","BZN|BG","3817.00","3733.00"
"15/06/2020 08:00 - 15/06/2020 09:00","BZN|BG","3961.00","3833.00"
"15/06/2020 09:00 - 15/06/2020 10:00","BZN|BG","3939.00","3800.00"
"15/06/2020 10:00 - 15/06/2020 11:00","BZN|BG","3970.00","3822.00"
"15/06/2020 11:00 - 15/06/2020 12:00","BZN|BG","3921.00","3809.00"
"15/06/2020 12:00 - 15/06/2020 13:00","BZN|BG","3951.00","3854.00"
"15/06/2020 13:00 - 15/06/2020 14:00","BZN|BG","3913.00","3699.00"
"15/06/2020 14:00 - 15/06/2020 15:00","BZN|BG","3889.00","3732.00"
"15/06/2020 15:00 - 15/06/2020 16:00","BZN|BG","3864.00","3741.00"
"15/06/2020 16:00 - 15/06/2020 17:00","BZN|BG","3806.00","3719.00"
"15/06/2020 17:00 - 15/06/2020 18:00","BZN|BG","3887.00","3834.00"
"15/06/2020 18:00 - 15/06/2020 19:00","BZN|BG","3955.00","3939.00"
"15/06/2020 19:00 - 15/06/2020 20:00","BZN|BG","3882.00","3918.00"
"15/06/2020 20:00 - 15/06/2020 21:00","BZN|BG","3852.00","3939.00"
"15/06/2020 21:00 - 15/06/2020 22:00","BZN|BG","3716.00","3800.00"
"15/06/2020 22:00 - 15/06/2020 23:00","BZN|BG","3470.00","3510.00"
"15/06/2020 23:00 - 16/06/2020 00:00","BZN|BG","3144.00","3133.00"
"16/06/2020 00:00 - 16/06/2020 01:00","BZN|BG","2883.00","2923.00"
"16/06/2020 01:00 - 16/06/2020 02:00","BZN|BG","2790.00","2821.00"
"16/06/2020 02:00 - 16/06/2020 03:00","BZN|BG","2758.00","2781.00"
"16/06/2020 03:00 - 16/06/2020 04:00","BZN|BG","2782.00","2810.00"
"16/06/2020 04:00 - 16/06/2020 05:00","BZN|BG","2866.00","2883.00"
"16/06/2020 05:00 - 16/06/2020 06:00","BZN|BG","3135.00","3152.00"
"16/06/2020 06:00 - 16/06/2020 07:00","BZN|BG","3502.00","3496.00"
"16/06/2020 07:00 - 16/06/2020 08:00","BZN|BG","3837.00","3788.00"
"16/06/2020 08:00 - 16/06/2020 09:00","BZN|BG","3958.00","3877.00"
"16/06/2020 09:00 - 16/06/2020 10:00","BZN|BG","3967.00","3852.00"
"16/06/2020 10:00 - 16/06/2020 11:00","BZN|BG","3959.00","3848.00"
"16/06/2020 11:00 - 16/06/2020 12:00","BZN|BG","3915.00","3819.00"
"16/06/2020 12:00 - 16/06/2020 13:00","BZN|BG","3935.00","3855.00"
"16/06/2020 13:00 - 16/06/2020 14:00","BZN|BG","3884.00","3817.00"
"16/06/2020 14:00 - 16/06/2020 15:00","BZN|BG","3876.00","3801.00"
"16/06/2020 15:00 - 16/06/2020 16:00","BZN|BG","3852.00","3815.00"
"16/06/2020 16:00 - 16/06/2020 17:00","BZN|BG","3844.00","3813.00"
"16/06/2020 17:00 - 16/06/2020 18:00","BZN|BG","3946.00","3864.00"
"16/06/2020 18:00 - 16/06/2020 19:00","BZN|BG","4019.00","3891.00"
"16/06/2020 19:00 - 16/06/2020 20:00","BZN|BG","3897.00","3846.00"
"16/06/2020 20:00 - 16/06/2020 21:00","BZN|BG","3891.00","3834.00"
"16/06/2020 21:00 - 16/06/2020 22:00","BZN|BG","3754.00","3730.00"
"16/06/2020 22:00 - 16/06/2020 23:00","BZN|BG","3495.00","3569.00"
"16/06/2020 23:00 - 17/06/2020 00:00","BZN|BG","3146.00","3158.00"
"17/06/2020 00:00 - 17/06/2020 01:00","BZN|BG","2964.00","2917.00"
"17/06/2020 01:00 - 17/06/2020 02:00","BZN|BG","2850.00","2796.00"
"17/06/2020 02:00 - 17/06/2020 03:00","BZN|BG","2811.00","2753.00"
"17/06/2020 03:00 - 17/06/2020 04:00","BZN|BG","2830.00","2785.00"
"17/06/2020 04:00 - 17/06/2020 05:00","BZN|BG","2908.00","2861.00"
"17/06/2020 05:00 - 17/06/2020 06:00","BZN|BG","3177.00","3129.00"
"17/06/2020 06:00 - 17/06/2020 07:00","BZN|BG","3527.00","3472.00"
"17/06/2020 07:00 - 17/06/2020 08:00","BZN|BG","3828.00","3776.00"
"17/06/2020 08:00 - 17/06/2020 09:00","BZN|BG","3987.00","3874.00"
"17/06/2020 09:00 - 17/06/2020 10:00","BZN|BG","3976.00","3807.00"
"17/06/2020 10:00 - 17/06/2020 11:00","BZN|BG","3955.00","3805.00"
"17/06/2020 11:00 - 17/06/2020 12:00","BZN|BG","3917.00","3742.00"
"17/06/2020 12:00 - 17/06/2020 13:00","BZN|BG","3956.00","3847.00"
"17/06/2020 13:00 - 17/06/2020 14:00","BZN|BG","3900.00","3742.00"
"17/06/2020 14:00 - 17/06/2020 15:00","BZN|BG","3876.00","3707.00"
"17/06/2020 15:00 - 17/06/2020 16:00","BZN|BG","3853.00","3733.00"
"17/06/2020 16:00 - 17/06/2020 17:00","BZN|BG","3835.00","3724.00"
"17/06/2020 17:00 - 17/06/2020 18:00","BZN|BG","3929.00","3861.00"
"17/06/2020 18:00 - 17/06/2020 19:00","BZN|BG","4024.00","3930.00"
"17/06/2020 19:00 - 17/06/2020 20:00","BZN|BG","3908.00","3851.00"
"17/06/2020 20:00 - 17/06/2020 21:00","BZN|BG","3917.00","3822.00"
"17/06/2020 21:00 - 17/06/2020 22:00","BZN|BG","3787.00","3677.00"
"17/06/2020 22:00 - 17/06/2020 23:00","BZN|BG","3482.00","3450.00"
"17/06/2020 23:00 - 18/06/2020 00:00","BZN|BG","3185.00","3107.00"
"18/06/2020 00:00 - 18/06/2020 01:00","BZN|BG","2981.00","2895.00"
"18/06/2020 01:00 - 18/06/2020 02:00","BZN|BG","2875.00","2795.00"
"18/06/2020 02:00 - 18/06/2020 03:00","BZN|BG","2825.00","2760.00"
"18/06/2020 03:00 - 18/06/2020 04:00","BZN|BG","2863.00","2790.00"
"18/06/2020 04:00 - 18/06/2020 05:00","BZN|BG","2911.00","2870.00"
"18/06/2020 05:00 - 18/06/2020 06:00","BZN|BG","3199.00","3142.00"
"18/06/2020 06:00 - 18/06/2020 07:00","BZN|BG","3569.00","3496.00"
"18/06/2020 07:00 - 18/06/2020 08:00","BZN|BG","3869.00","3806.00"
"18/06/2020 08:00 - 18/06/2020 09:00","BZN|BG","3996.00","3908.00"
"18/06/2020 09:00 - 18/06/2020 10:00","BZN|BG","3990.00","3857.00"
"18/06/2020 10:00 - 18/06/2020 11:00","BZN|BG","3992.00","3849.00"
"18/06/2020 11:00 - 18/06/2020 12:00","BZN|BG","3938.00","3792.00"
"18/06/2020 12:00 - 18/06/2020 13:00","BZN|BG","3943.00","3869.00"
"18/06/2020 13:00 - 18/06/2020 14:00","BZN|BG","3866.00","3787.00"
"18/06/2020 14:00 - 18/06/2020 15:00","BZN|BG","3862.00","3772.00"
"18/06/2020 15:00 - 18/06/2020 16:00","BZN|BG","3859.00","3787.00"
"18/06/2020 16:00 - 18/06/2020 17:00","BZN|BG","3829.00","3780.00"
"18/06/2020 17:00 - 18/06/2020 18:00","BZN|BG","3923.00","3928.00"
"18/06/2020 18:00 - 18/06/2020 19:00","BZN|BG","3961.00","4009.00"
"18/06/2020 19:00 - 18/06/2020 20:00","BZN|BG","3899.00","3917.00"
"18/06/2020 20:00 - 18/06/2020 21:00","BZN|BG","3932.00","3892.00"
"18/06/2020 21:00 - 18/06/2020 22:00","BZN|BG","3823.00","3736.00"
"18/06/2020 22:00 - 18/06/2020 23:00","BZN|BG","3572.00","3485.00"
"18/06/2020 23:00 - 19/06/2020 00:00","BZN|BG","3205.00","3126.00"
"19/06/2020 00:00 - 19/06/2020 01:00","BZN|BG","2999.00","2934.00"
"19/06/2020 01:00 - 19/06/2020 02:00","BZN|BG","2874.00","2840.00"
"19/06/2020 02:00 - 19/06/2020 03:00","BZN|BG","2821.00","2807.00"
"19/06/2020 03:00 - 19/06/2020 04:00","BZN|BG","2845.00","2835.00"
"19/06/2020 04:00 - 19/06/2020 05:00","BZN|BG","2909.00","2914.00"
"19/06/2020 05:00 - 19/06/2020 06:00","BZN|BG","3180.00","3182.00"
"19/06/2020 06:00 - 19/06/2020 07:00","BZN|BG","3556.00","3525.00"
"19/06/2020 07:00 - 19/06/2020 08:00","BZN|BG","3934.00","3824.00"
"19/06/2020 08:00 - 19/06/2020 09:00","BZN|BG","4069.00","3929.00"
"19/06/2020 09:00 - 19/06/2020 10:00","BZN|BG","4044.00","3893.00"
"19/06/2020 10:00 - 19/06/2020 11:00","BZN|BG","4051.00","3892.00"
"19/06/2020 11:00 - 19/06/2020 12:00","BZN|BG","3988.00","3857.00"
"19/06/2020 12:00 - 19/06/2020 13:00","BZN|BG","4020.00","3899.00"
"19/06/2020 13:00 - 19/06/2020 14:00","BZN|BG","3988.00","3861.00"
"19/06/2020 14:00 - 19/06/2020 15:00","BZN|BG","3967.00","3857.00"
"19/06/2020 15:00 - 19/06/2020 16:00","BZN|BG","3945.00","3861.00"
"19/06/2020 16:00 - 19/06/2020 17:00","BZN|BG","3870.00","3857.00"
"19/06/2020 17:00 - 19/06/2020 18:00","BZN|BG","3900.00","3950.00"
"19/06/2020 18:00 - 19/06/2020 19:00","BZN|BG","3940.00","4003.00"
"19/06/2020 19:00 - 19/06/2020 20:00","BZN|BG","3813.00","3923.00"
"19/06/2020 20:00 - 19/06/2020 21:00","BZN|BG","3822.00","3907.00"
"19/06/2020 21:00 - 19/06/2020 22:00","BZN|BG","3781.00","3763.00"
"19/06/2020 22:00 - 19/06/2020 23:00","BZN|BG","3562.00","3522.00"
"19/06/2020 23:00 - 20/06/2020 00:00","BZN|BG","3246.00","3162.00"
"20/06/2020 00:00 - 20/06/2020 01:00","BZN|BG","3010.00","2958.00"
"20/06/2020 01:00 - 20/06/2020 02:00","BZN|BG","2881.00","2821.00"
"20/06/2020 02:00 - 20/06/2020 03:00","BZN|BG","2806.00","2759.00"
"20/06/2020 03:00 - 20/06/2020 04:00","BZN|BG","2802.00","2767.00"
"20/06/2020 04:00 - 20/06/2020 05:00","BZN|BG","2791.00","2753.00"
"20/06/2020 05:00 - 20/06/2020 06:00","BZN|BG","2912.00","2837.00"
"20/06/2020 06:00 - 20/06/2020 07:00","BZN|BG","3166.00","3075.00"
"20/06/2020 07:00 - 20/06/2020 08:00","BZN|BG","3450.00","3353.00"
"20/06/2020 08:00 - 20/06/2020 09:00","BZN|BG","3674.00","3536.00"
"20/06/2020 09:00 - 20/06/2020 10:00","BZN|BG","3737.00","3566.00"
"20/06/2020 10:00 - 20/06/2020 11:00","BZN|BG","3756.00","3554.00"
"20/06/2020 11:00 - 20/06/2020 12:00","BZN|BG","3727.00","3551.00"
"20/06/2020 12:00 - 20/06/2020 13:00","BZN|BG","3696.00","3506.00"
"20/06/2020 13:00 - 20/06/2020 14:00","BZN|BG","3617.00","3429.00"
"20/06/2020 14:00 - 20/06/2020 15:00","BZN|BG","3578.00","3412.00"
"20/06/2020 15:00 - 20/06/2020 16:00","BZN|BG","3620.00","3475.00"
"20/06/2020 16:00 - 20/06/2020 17:00","BZN|BG","3649.00","3536.00"
"20/06/2020 17:00 - 20/06/2020 18:00","BZN|BG","3694.00","3631.00"
"20/06/2020 18:00 - 20/06/2020 19:00","BZN|BG","3719.00","3701.00"
"20/06/2020 19:00 - 20/06/2020 20:00","BZN|BG","3637.00","3664.00"
"20/06/2020 20:00 - 20/06/2020 21:00","BZN|BG","3625.00","3657.00"
"20/06/2020 21:00 - 20/06/2020 22:00","BZN|BG","3618.00","3579.00"
"20/06/2020 22:00 - 20/06/2020 23:00","BZN|BG","3401.00","3388.00"
"20/06/2020 23:00 - 21/06/2020 00:00","BZN|BG","3114.00","3032.00"
"21/06/2020 00:00 - 21/06/2020 01:00","BZN|BG","2906.00","2824.00"
"21/06/2020 01:00 - 21/06/2020 02:00","BZN|BG","2786.00","2683.00"
"21/06/2020 02:00 - 21/06/2020 03:00","BZN|BG","2694.00","2602.00"
"21/06/2020 03:00 - 21/06/2020 04:00","BZN|BG","2676.00","2600.00"
"21/06/2020 04:00 - 21/06/2020 05:00","BZN|BG","2672.00","2600.00"
"21/06/2020 05:00 - 21/06/2020 06:00","BZN|BG","2788.00","2637.00"
"21/06/2020 06:00 - 21/06/2020 07:00","BZN|BG","2994.00","2831.00"
"21/06/2020 07:00 - 21/06/2020 08:00","BZN|BG","3302.00","3108.00"
"21/06/2020 08:00 - 21/06/2020 09:00","BZN|BG","3498.00","3299.00"
"21/06/2020 09:00 - 21/06/2020 10:00","BZN|BG","3625.00","3380.00"
"21/06/2020 10:00 - 21/06/2020 11:00","BZN|BG","3649.00","3400.00"
"21/06/2020 11:00 - 21/06/2020 12:00","BZN|BG","3659.00","3392.00"
"21/06/2020 12:00 - 21/06/2020 13:00","BZN|BG","3604.00","3327.00"
"21/06/2020 13:00 - 21/06/2020 14:00","BZN|BG","3520.00","3300.00"
"21/06/2020 14:00 - 21/06/2020 15:00","BZN|BG","3488.00","3297.00"
"21/06/2020 15:00 - 21/06/2020 16:00","BZN|BG","3558.00","3431.00"
"21/06/2020 16:00 - 21/06/2020 17:00","BZN|BG","3626.00","3574.00"
"21/06/2020 17:00 - 21/06/2020 18:00","BZN|BG","3700.00","3676.00"
"21/06/2020 18:00 - 21/06/2020 19:00","BZN|BG","3734.00","3761.00"
"21/06/2020 19:00 - 21/06/2020 20:00","BZN|BG","3692.00","3718.00"
"21/06/2020 20:00 - 21/06/2020 21:00","BZN|BG","3737.00","3759.00"
"21/06/2020 21:00 - 21/06/2020 22:00","BZN|BG","3698.00","3701.00"
"21/06/2020 22:00 - 21/06/2020 23:00","BZN|BG","3410.00","3359.00"
"21/06/2020 23:00 - 22/06/2020 00:00","BZN|BG","3089.00","3015.00"
"22/06/2020 00:00 - 22/06/2020 01:00","BZN|BG","2858.00","2789.00"
"22/06/2020 01:00 - 22/06/2020 02:00","BZN|BG","2769.00","2688.00"
"22/06/2020 02:00 - 22/06/2020 03:00","BZN|BG","2715.00","2645.00"
"22/06/2020 03:00 - 22/06/2020 04:00","BZN|BG","2752.00","2683.00"
"22/06/2020 04:00 - 22/06/2020 05:00","BZN|BG","2852.00","2787.00"
"22/06/2020 05:00 - 22/06/2020 06:00","BZN|BG","3155.00","3117.00"
"22/06/2020 06:00 - 22/06/2020 07:00","BZN|BG","3508.00","3495.00"
"22/06/2020 07:00 - 22/06/2020 08:00","BZN|BG","3797.00","3819.00"
"22/06/2020 08:00 - 22/06/2020 09:00","BZN|BG","3928.00","3945.00"
"22/06/2020 09:00 - 22/06/2020 10:00","BZN|BG","3953.00","3888.00"
"22/06/2020 10:00 - 22/06/2020 11:00","BZN|BG","4004.00","3863.00"
"22/06/2020 11:00 - 22/06/2020 12:00","BZN|BG","3958.00","3767.00"
"22/06/2020 12:00 - 22/06/2020 13:00","BZN|BG","3963.00","3837.00"
"22/06/2020 13:00 - 22/06/2020 14:00","BZN|BG","3887.00","3769.00"
"22/06/2020 14:00 - 22/06/2020 15:00","BZN|BG","3912.00","3814.00"
"22/06/2020 15:00 - 22/06/2020 16:00","BZN|BG","3877.00","3801.00"
"22/06/2020 16:00 - 22/06/2020 17:00","BZN|BG","3825.00","3743.00"
"22/06/2020 17:00 - 22/06/2020 18:00","BZN|BG","3871.00","3914.00"
"22/06/2020 18:00 - 22/06/2020 19:00","BZN|BG","3926.00","3965.00"
"22/06/2020 19:00 - 22/06/2020 20:00","BZN|BG","3857.00","3911.00"
"22/06/2020 20:00 - 22/06/2020 21:00","BZN|BG","3889.00","3894.00"
"22/06/2020 21:00 - 22/06/2020 22:00","BZN|BG","3798.00","3756.00"
"22/06/2020 22:00 - 22/06/2020 23:00","BZN|BG","3531.00","3529.00"
"22/06/2020 23:00 - 23/06/2020 00:00","BZN|BG","3189.00","3164.00"
"23/06/2020 00:00 - 23/06/2020 01:00","BZN|BG","2938.00","2958.00"
"23/06/2020 01:00 - 23/06/2020 02:00","BZN|BG","2828.00","2851.00"
"23/06/2020 02:00 - 23/06/2020 03:00","BZN|BG","2786.00","2805.00"
"23/06/2020 03:00 - 23/06/2020 04:00","BZN|BG","2797.00","2835.00"
"23/06/2020 04:00 - 23/06/2020 05:00","BZN|BG","2859.00","2902.00"
"23/06/2020 05:00 - 23/06/2020 06:00","BZN|BG","3116.00","3154.00"
"23/06/2020 06:00 - 23/06/2020 07:00","BZN|BG","3441.00","3488.00"
"23/06/2020 07:00 - 23/06/2020 08:00","BZN|BG","3703.00","3771.00"
"23/06/2020 08:00 - 23/06/2020 09:00","BZN|BG","3841.00","3882.00"
"23/06/2020 09:00 - 23/06/2020 10:00","BZN|BG","3732.00","3844.00"
"23/06/2020 10:00 - 23/06/2020 11:00","BZN|BG","3763.00","3835.00"
"23/06/2020 11:00 - 23/06/2020 12:00","BZN|BG","3721.00","3791.00"
"23/06/2020 12:00 - 23/06/2020 13:00","BZN|BG","3757.00","3825.00"
"23/06/2020 13:00 - 23/06/2020 14:00","BZN|BG","3726.00","3787.00"
"23/06/2020 14:00 - 23/06/2020 15:00","BZN|BG","3762.00","3776.00"
"23/06/2020 15:00 - 23/06/2020 16:00","BZN|BG","3790.00","3771.00"
"23/06/2020 16:00 - 23/06/2020 17:00","BZN|BG","3794.00","3757.00"
"23/06/2020 17:00 - 23/06/2020 18:00","BZN|BG","3898.00","3850.00"
"23/06/2020 18:00 - 23/06/2020 19:00","BZN|BG","3949.00","3907.00"
"23/06/2020 19:00 - 23/06/2020 20:00","BZN|BG","3845.00","3827.00"
"23/06/2020 20:00 - 23/06/2020 21:00","BZN|BG","3826.00","3839.00"
"23/06/2020 21:00 - 23/06/2020 22:00","BZN|BG","3662.00","3734.00"
"23/06/2020 22:00 - 23/06/2020 23:00","BZN|BG","3422.00","3512.00"
"23/06/2020 23:00 - 24/06/2020 00:00","BZN|BG","3136.00","3200.00"
"24/06/2020 00:00 - 24/06/2020 01:00","BZN|BG","2939.00","2984.00"
"24/06/2020 01:00 - 24/06/2020 02:00","BZN|BG","2832.00","2874.00"
"24/06/2020 02:00 - 24/06/2020 03:00","BZN|BG","2786.00","2829.00"
"24/06/2020 03:00 - 24/06/2020 04:00","BZN|BG","2794.00","2856.00"
"24/06/2020 04:00 - 24/06/2020 05:00","BZN|BG","2871.00","2925.00"
"24/06/2020 05:00 - 24/06/2020 06:00","BZN|BG","3128.00","3178.00"
"24/06/2020 06:00 - 24/06/2020 07:00","BZN|BG","3488.00","3513.00"
"24/06/2020 07:00 - 24/06/2020 08:00","BZN|BG","3791.00","3795.00"
"24/06/2020 08:00 - 24/06/2020 09:00","BZN|BG","3946.00","3904.00"
"24/06/2020 09:00 - 24/06/2020 10:00","BZN|BG","3936.00","3849.00"
"24/06/2020 10:00 - 24/06/2020 11:00","BZN|BG","3943.00","3844.00"
"24/06/2020 11:00 - 24/06/2020 12:00","BZN|BG","3926.00","3781.00"
"24/06/2020 12:00 - 24/06/2020 13:00","BZN|BG","3959.00","3822.00"
"24/06/2020 13:00 - 24/06/2020 14:00","BZN|BG","3917.00","3783.00"
"24/06/2020 14:00 - 24/06/2020 15:00","BZN|BG","3920.00","3787.00"
"24/06/2020 15:00 - 24/06/2020 16:00","BZN|BG","3894.00","3780.00"
"24/06/2020 16:00 - 24/06/2020 17:00","BZN|BG","3856.00","3762.00"
"24/06/2020 17:00 - 24/06/2020 18:00","BZN|BG","3919.00","3895.00"
"24/06/2020 18:00 - 24/06/2020 19:00","BZN|BG","3945.00","3974.00"
"24/06/2020 19:00 - 24/06/2020 20:00","BZN|BG","3882.00","3872.00"
"24/06/2020 20:00 - 24/06/2020 21:00","BZN|BG","3933.00","3895.00"
"24/06/2020 21:00 - 24/06/2020 22:00","BZN|BG","3829.00","3775.00"
"24/06/2020 22:00 - 24/06/2020 23:00","BZN|BG","3576.00","3497.00"
"24/06/2020 23:00 - 25/06/2020 00:00","BZN|BG","3195.00","3176.00"
"25/06/2020 00:00 - 25/06/2020 01:00","BZN|BG","2964.00","2967.00"
"25/06/2020 01:00 - 25/06/2020 02:00","BZN|BG","2849.00","2862.00"
"25/06/2020 02:00 - 25/06/2020 03:00","BZN|BG","2808.00","2818.00"
"25/06/2020 03:00 - 25/06/2020 04:00","BZN|BG","2821.00","2844.00"
"25/06/2020 04:00 - 25/06/2020 05:00","BZN|BG","2896.00","2919.00"
"25/06/2020 05:00 - 25/06/2020 06:00","BZN|BG","3180.00","3195.00"
"25/06/2020 06:00 - 25/06/2020 07:00","BZN|BG","3539.00","3563.00"
"25/06/2020 07:00 - 25/06/2020 08:00","BZN|BG","3907.00","3867.00"
"25/06/2020 08:00 - 25/06/2020 09:00","BZN|BG","4053.00","3995.00"
"25/06/2020 09:00 - 25/06/2020 10:00","BZN|BG","4060.00","3933.00"
"25/06/2020 10:00 - 25/06/2020 11:00","BZN|BG","4099.00","3936.00"
"25/06/2020 11:00 - 25/06/2020 12:00","BZN|BG","4073.00","3885.00"
"25/06/2020 12:00 - 25/06/2020 13:00","BZN|BG","4121.00","3922.00"
"25/06/2020 13:00 - 25/06/2020 14:00","BZN|BG","4077.00","3882.00"
"25/06/2020 14:00 - 25/06/2020 15:00","BZN|BG","4055.00","3885.00"
"25/06/2020 15:00 - 25/06/2020 16:00","BZN|BG","4049.00","3883.00"
"25/06/2020 16:00 - 25/06/2020 17:00","BZN|BG","3992.00","3869.00"
"25/06/2020 17:00 - 25/06/2020 18:00","BZN|BG","4043.00","3991.00"
"25/06/2020 18:00 - 25/06/2020 19:00","BZN|BG","4086.00","4058.00"
"25/06/2020 19:00 - 25/06/2020 20:00","BZN|BG","3963.00","3934.00"
"25/06/2020 20:00 - 25/06/2020 21:00","BZN|BG","4004.00","3951.00"
"25/06/2020 21:00 - 25/06/2020 22:00","BZN|BG","3924.00","3788.00"
"25/06/2020 22:00 - 25/06/2020 23:00","BZN|BG","3674.00","3450.00"
"25/06/2020 23:00 - 26/06/2020 00:00","BZN|BG","3334.00","3120.00"
"26/06/2020 00:00 - 26/06/2020 01:00","BZN|BG","3090.00","2916.00"
"26/06/2020 01:00 - 26/06/2020 02:00","BZN|BG","2973.00","2812.00"
"26/06/2020 02:00 - 26/06/2020 03:00","BZN|BG","2908.00","2769.00"
"26/06/2020 03:00 - 26/06/2020 04:00","BZN|BG","2908.00","2789.00"
"26/06/2020 04:00 - 26/06/2020 05:00","BZN|BG","2989.00","2858.00"
"26/06/2020 05:00 - 26/06/2020 06:00","BZN|BG","3247.00","3107.00"
"26/06/2020 06:00 - 26/06/2020 07:00","BZN|BG","3624.00","3441.00"
"26/06/2020 07:00 - 26/06/2020 08:00","BZN|BG","3917.00","3721.00"
"26/06/2020 08:00 - 26/06/2020 09:00","BZN|BG","4042.00","3835.00"
"26/06/2020 09:00 - 26/06/2020 10:00","BZN|BG","4067.00","3801.00"
"26/06/2020 10:00 - 26/06/2020 11:00","BZN|BG","4080.00","3800.00"
"26/06/2020 11:00 - 26/06/2020 12:00","BZN|BG","4067.00","3771.00"
"26/06/2020 12:00 - 26/06/2020 13:00","BZN|BG","4074.00","3794.00"
"26/06/2020 13:00 - 26/06/2020 14:00","BZN|BG","4040.00","3769.00"
"26/06/2020 14:00 - 26/06/2020 15:00","BZN|BG","4009.00","3772.00"
"26/06/2020 15:00 - 26/06/2020 16:00","BZN|BG","4000.00","3771.00"
"26/06/2020 16:00 - 26/06/2020 17:00","BZN|BG","3947.00","3763.00"
"26/06/2020 17:00 - 26/06/2020 18:00","BZN|BG","3976.00","3870.00"
"26/06/2020 18:00 - 26/06/2020 19:00","BZN|BG","3980.00","3922.00"
"26/06/2020 19:00 - 26/06/2020 20:00","BZN|BG","3857.00","3853.00"
"26/06/2020 20:00 - 26/06/2020 21:00","BZN|BG","3886.00","3869.00"
"26/06/2020 21:00 - 26/06/2020 22:00","BZN|BG","3843.00","3771.00"
"26/06/2020 22:00 - 26/06/2020 23:00","BZN|BG","3646.00","3564.00"
"26/06/2020 23:00 - 27/06/2020 00:00","BZN|BG","3292.00","3223.00"
"27/06/2020 00:00 - 27/06/2020 01:00","BZN|BG","3038.00","2971.00"
"27/06/2020 01:00 - 27/06/2020 02:00","BZN|BG","2907.00","2841.00"
"27/06/2020 02:00 - 27/06/2020 03:00","BZN|BG","2813.00","2771.00"
"27/06/2020 03:00 - 27/06/2020 04:00","BZN|BG","2818.00","2768.00"
"27/06/2020 04:00 - 27/06/2020 05:00","BZN|BG","2786.00","2755.00"
"27/06/2020 05:00 - 27/06/2020 06:00","BZN|BG","2851.00","2865.00"
"27/06/2020 06:00 - 27/06/2020 07:00","BZN|BG","3147.00","3134.00"
"27/06/2020 07:00 - 27/06/2020 08:00","BZN|BG","3445.00","3381.00"
"27/06/2020 08:00 - 27/06/2020 09:00","BZN|BG","3648.00","3579.00"
"27/06/2020 09:00 - 27/06/2020 10:00","BZN|BG","3749.00","3621.00"
"27/06/2020 10:00 - 27/06/2020 11:00","BZN|BG","3753.00","3645.00"
"27/06/2020 11:00 - 27/06/2020 12:00","BZN|BG","3763.00","3636.00"
"27/06/2020 12:00 - 27/06/2020 13:00","BZN|BG","3754.00","3607.00"
"27/06/2020 13:00 - 27/06/2020 14:00","BZN|BG","3650.00","3571.00"
"27/06/2020 14:00 - 27/06/2020 15:00","BZN|BG","3611.00","3562.00"
"27/06/2020 15:00 - 27/06/2020 16:00","BZN|BG","3658.00","3617.00"
"27/06/2020 16:00 - 27/06/2020 17:00","BZN|BG","3722.00","3685.00"
"27/06/2020 17:00 - 27/06/2020 18:00","BZN|BG","3776.00","3756.00"
"27/06/2020 18:00 - 27/06/2020 19:00","BZN|BG","3784.00","3788.00"
"27/06/2020 19:00 - 27/06/2020 20:00","BZN|BG","3728.00","3708.00"
"27/06/2020 20:00 - 27/06/2020 21:00","BZN|BG","3775.00","3704.00"
"27/06/2020 21:00 - 27/06/2020 22:00","BZN|BG","3707.00","3643.00"
"27/06/2020 22:00 - 27/06/2020 23:00","BZN|BG","3519.00","3424.00"
"27/06/2020 23:00 - 28/06/2020 00:00","BZN|BG","3192.00","3234.00"
"28/06/2020 00:00 - 28/06/2020 01:00","BZN|BG","2966.00","3017.00"
"28/06/2020 01:00 - 28/06/2020 02:00","BZN|BG","2850.00","2883.00"
"28/06/2020 02:00 - 28/06/2020 03:00","BZN|BG","2767.00","2773.00"
"28/06/2020 03:00 - 28/06/2020 04:00","BZN|BG","2749.00","2743.00"
"28/06/2020 04:00 - 28/06/2020 05:00","BZN|BG","2751.00","2729.00"
"28/06/2020 05:00 - 28/06/2020 06:00","BZN|BG","2818.00","2849.00"
"28/06/2020 06:00 - 28/06/2020 07:00","BZN|BG","3027.00","3111.00"
"28/06/2020 07:00 - 28/06/2020 08:00","BZN|BG","3315.00","3453.00"
"28/06/2020 08:00 - 28/06/2020 09:00","BZN|BG","3556.00","3648.00"
"28/06/2020 09:00 - 28/06/2020 10:00","BZN|BG","3689.00","3747.00"
"28/06/2020 10:00 - 28/06/2020 11:00","BZN|BG","3758.00","3782.00"
"28/06/2020 11:00 - 28/06/2020 12:00","BZN|BG","3780.00","3778.00"
"28/06/2020 12:00 - 28/06/2020 13:00","BZN|BG","3726.00","3717.00"
"28/06/2020 13:00 - 28/06/2020 14:00","BZN|BG","3682.00","3601.00"
"28/06/2020 14:00 - 28/06/2020 15:00","BZN|BG","3653.00","3584.00"
"28/06/2020 15:00 - 28/06/2020 16:00","BZN|BG","3691.00","3667.00"
"28/06/2020 16:00 - 28/06/2020 17:00","BZN|BG","3782.00","3734.00"
"28/06/2020 17:00 - 28/06/2020 18:00","BZN|BG","3820.00","3838.00"
"28/06/2020 18:00 - 28/06/2020 19:00","BZN|BG","3875.00","3880.00"
"28/06/2020 19:00 - 28/06/2020 20:00","BZN|BG","3824.00","3849.00"
"28/06/2020 20:00 - 28/06/2020 21:00","BZN|BG","3880.00","3896.00"
"28/06/2020 21:00 - 28/06/2020 22:00","BZN|BG","3876.00","3843.00"
"28/06/2020 22:00 - 28/06/2020 23:00","BZN|BG","3579.00","3457.00"
"28/06/2020 23:00 - 29/06/2020 00:00","BZN|BG","3213.00","3099.00"
"29/06/2020 00:00 - 29/06/2020 01:00","BZN|BG","2976.00","2874.00"
"29/06/2020 01:00 - 29/06/2020 02:00","BZN|BG","2859.00","2792.00"
"29/06/2020 02:00 - 29/06/2020 03:00","BZN|BG","2802.00","2739.00"
"29/06/2020 03:00 - 29/06/2020 04:00","BZN|BG","2828.00","2780.00"
"29/06/2020 04:00 - 29/06/2020 05:00","BZN|BG","2904.00","2893.00"
"29/06/2020 05:00 - 29/06/2020 06:00","BZN|BG","3187.00","3198.00"
"29/06/2020 06:00 - 29/06/2020 07:00","BZN|BG","3586.00","3563.00"
"29/06/2020 07:00 - 29/06/2020 08:00","BZN|BG","3918.00","3832.00"
"29/06/2020 08:00 - 29/06/2020 09:00","BZN|BG","4081.00","3911.00"
"29/06/2020 09:00 - 29/06/2020 10:00","BZN|BG","4076.00","3912.00"
"29/06/2020 10:00 - 29/06/2020 11:00","BZN|BG","4176.00","3977.00"
"29/06/2020 11:00 - 29/06/2020 12:00","BZN|BG","4179.00","3940.00"
"29/06/2020 12:00 - 29/06/2020 13:00","BZN|BG","4244.00","3915.00"
"29/06/2020 13:00 - 29/06/2020 14:00","BZN|BG","4231.00","3856.00"
"29/06/2020 14:00 - 29/06/2020 15:00","BZN|BG","4211.00","3880.00"
"29/06/2020 15:00 - 29/06/2020 16:00","BZN|BG","4203.00","3918.00"
"29/06/2020 16:00 - 29/06/2020 17:00","BZN|BG","4145.00","3888.00"
"29/06/2020 17:00 - 29/06/2020 18:00","BZN|BG","4176.00","3945.00"
"29/06/2020 18:00 - 29/06/2020 19:00","BZN|BG","4159.00","4010.00"
"29/06/2020 19:00 - 29/06/2020 20:00","BZN|BG","4075.00","3950.00"
"29/06/2020 20:00 - 29/06/2020 21:00","BZN|BG","4073.00","3979.00"
"29/06/2020 21:00 - 29/06/2020 22:00","BZN|BG","3987.00","3892.00"
"29/06/2020 22:00 - 29/06/2020 23:00","BZN|BG","3705.00","3661.00"
"29/06/2020 23:00 - 30/06/2020 00:00","BZN|BG","3333.00","3351.00"
"30/06/2020 00:00 - 30/06/2020 01:00","BZN|BG","3076.00","3109.00"
"30/06/2020 01:00 - 30/06/2020 02:00","BZN|BG","2955.00","2982.00"
"30/06/2020 02:00 - 30/06/2020 03:00","BZN|BG","2897.00","2930.00"
"30/06/2020 03:00 - 30/06/2020 04:00","BZN|BG","2904.00","2941.00"
"30/06/2020 04:00 - 30/06/2020 05:00","BZN|BG","2983.00","3017.00"
"30/06/2020 05:00 - 30/06/2020 06:00","BZN|BG","3241.00","3286.00"
"30/06/2020 06:00 - 30/06/2020 07:00","BZN|BG","3608.00","3656.00"
"30/06/2020 07:00 - 30/06/2020 08:00","BZN|BG","3966.00","3969.00"
"30/06/2020 08:00 - 30/06/2020 09:00","BZN|BG","4167.00","4089.00"
"30/06/2020 09:00 - 30/06/2020 10:00","BZN|BG","4200.00","4038.00"
"30/06/2020 10:00 - 30/06/2020 11:00","BZN|BG","4298.00","4046.00"
"30/06/2020 11:00 - 30/06/2020 12:00","BZN|BG","4311.00","3999.00"
"30/06/2020 12:00 - 30/06/2020 13:00","BZN|BG","4330.00","4060.00"
"30/06/2020 13:00 - 30/06/2020 14:00","BZN|BG","4307.00","4017.00"
"30/06/2020 14:00 - 30/06/2020 15:00","BZN|BG","4306.00","4002.00"
"30/06/2020 15:00 - 30/06/2020 16:00","BZN|BG","4283.00","4023.00"
"30/06/2020 16:00 - 30/06/2020 17:00","BZN|BG","4213.00","3999.00"
"30/06/2020 17:00 - 30/06/2020 18:00","BZN|BG","4240.00","4090.00"
"30/06/2020 18:00 - 30/06/2020 19:00","BZN|BG","4244.00","4122.00"
"30/06/2020 19:00 - 30/06/2020 20:00","BZN|BG","4154.00","4027.00"
"30/06/2020 20:00 - 30/06/2020 21:00","BZN|BG","4153.00","4052.00"
"30/06/2020 21:00 - 30/06/2020 22:00","BZN|BG","4049.00","3967.00"
"30/06/2020 22:00 - 30/06/2020 23:00","BZN|BG","3750.00","3748.00"
"30/06/2020 23:00 - 01/07/2020 00:00","BZN|BG","3353.00","3354.00"
"01/07/2020 00:00 - 01/07/2020 01:00","BZN|BG","3094.00","3111.00"
"01/07/2020 01:00 - 01/07/2020 02:00","BZN|BG","2966.00","2985.00"
"01/07/2020 02:00 - 01/07/2020 03:00","BZN|BG","2909.00","2933.00"
"01/07/2020 03:00 - 01/07/2020 04:00","BZN|BG","2922.00","2944.00"
"01/07/2020 04:00 - 01/07/2020 05:00","BZN|BG","2984.00","3020.00"
"01/07/2020 05:00 - 01/07/2020 06:00","BZN|BG","3247.00","3288.00"
"01/07/2020 06:00 - 01/07/2020 07:00","BZN|BG","3628.00","3659.00"
"01/07/2020 07:00 - 01/07/2020 08:00","BZN|BG","4020.00","3973.00"
"01/07/2020 08:00 - 01/07/2020 09:00","BZN|BG","4201.00","4092.00"
"01/07/2020 09:00 - 01/07/2020 10:00","BZN|BG","4273.00","4042.00"
"01/07/2020 10:00 - 01/07/2020 11:00","BZN|BG","4351.00","4050.00"
"01/07/2020 11:00 - 01/07/2020 12:00","BZN|BG","4353.00","4004.00"
"01/07/2020 12:00 - 01/07/2020 13:00","BZN|BG","4413.00","4064.00"
"01/07/2020 13:00 - 01/07/2020 14:00","BZN|BG","4399.00","4021.00"
"01/07/2020 14:00 - 01/07/2020 15:00","BZN|BG","4402.00","4007.00"
"01/07/2020 15:00 - 01/07/2020 16:00","BZN|BG","4411.00","4028.00"
"01/07/2020 16:00 - 01/07/2020 17:00","BZN|BG","4328.00","4004.00"
"01/07/2020 17:00 - 01/07/2020 18:00","BZN|BG","4354.00","4094.00"
"01/07/2020 18:00 - 01/07/2020 19:00","BZN|BG","4311.00","4127.00"
"01/07/2020 19:00 - 01/07/2020 20:00","BZN|BG","4184.00","4031.00"
"01/07/2020 20:00 - 01/07/2020 21:00","BZN|BG","4204.00","4056.00"
"01/07/2020 21:00 - 01/07/2020 22:00","BZN|BG","4138.00","3971.00"
"01/07/2020 22:00 - 01/07/2020 23:00","BZN|BG","3886.00","3752.00"
"01/07/2020 23:00 - 02/07/2020 00:00","BZN|BG","3479.00","3334.00"
"02/07/2020 00:00 - 02/07/2020 01:00","BZN|BG","3207.00","3074.00"
"02/07/2020 01:00 - 02/07/2020 02:00","BZN|BG","3075.00","2949.00"
"02/07/2020 02:00 - 02/07/2020 03:00","BZN|BG","3005.00","2896.00"
"02/07/2020 03:00 - 02/07/2020 04:00","BZN|BG","3019.00","2903.00"
"02/07/2020 04:00 - 02/07/2020 05:00","BZN|BG","3086.00","2983.00"
"02/07/2020 05:00 - 02/07/2020 06:00","BZN|BG","3344.00","3264.00"
"02/07/2020 06:00 - 02/07/2020 07:00","BZN|BG","3674.00","3646.00"
"02/07/2020 07:00 - 02/07/2020 08:00","BZN|BG","4008.00","3974.00"
"02/07/2020 08:00 - 02/07/2020 09:00","BZN|BG","4257.00","4116.00"
"02/07/2020 09:00 - 02/07/2020 10:00","BZN|BG","4347.00","4082.00"
"02/07/2020 10:00 - 02/07/2020 11:00","BZN|BG","4463.00","4107.00"
"02/07/2020 11:00 - 02/07/2020 12:00","BZN|BG","4475.00","4082.00"
"02/07/2020 12:00 - 02/07/2020 13:00","BZN|BG","4527.00","4130.00"
"02/07/2020 13:00 - 02/07/2020 14:00","BZN|BG","4504.00","4087.00"
"02/07/2020 14:00 - 02/07/2020 15:00","BZN|BG","4490.00","4088.00"
"02/07/2020 15:00 - 02/07/2020 16:00","BZN|BG","4475.00","4109.00"
"02/07/2020 16:00 - 02/07/2020 17:00","BZN|BG","4404.00","4078.00"
"02/07/2020 17:00 - 02/07/2020 18:00","BZN|BG","4423.00","4204.00"
"02/07/2020 18:00 - 02/07/2020 19:00","BZN|BG","4403.00","4244.00"
"02/07/2020 19:00 - 02/07/2020 20:00","BZN|BG","4243.00","4136.00"
"02/07/2020 20:00 - 02/07/2020 21:00","BZN|BG","4274.00","4165.00"
"02/07/2020 21:00 - 02/07/2020 22:00","BZN|BG","4199.00","4041.00"
"02/07/2020 22:00 - 02/07/2020 23:00","BZN|BG","3905.00","3740.00"
"02/07/2020 23:00 - 03/07/2020 00:00","BZN|BG","3527.00","3367.00"
"03/07/2020 00:00 - 03/07/2020 01:00","BZN|BG","3247.00","3113.00"
"03/07/2020 01:00 - 03/07/2020 02:00","BZN|BG","3132.00","2993.00"
"03/07/2020 02:00 - 03/07/2020 03:00","BZN|BG","3060.00","2944.00"
"03/07/2020 03:00 - 03/07/2020 04:00","BZN|BG","3076.00","2951.00"
"03/07/2020 04:00 - 03/07/2020 05:00","BZN|BG","3134.00","3029.00"
"03/07/2020 05:00 - 03/07/2020 06:00","BZN|BG","3395.00","3310.00"
"03/07/2020 06:00 - 03/07/2020 07:00","BZN|BG","3733.00","3695.00"
"03/07/2020 07:00 - 03/07/2020 08:00","BZN|BG","4085.00","4033.00"
"03/07/2020 08:00 - 03/07/2020 09:00","BZN|BG","4261.00","4180.00"
"03/07/2020 09:00 - 03/07/2020 10:00","BZN|BG","4346.00","4156.00"
"03/07/2020 10:00 - 03/07/2020 11:00","BZN|BG","4440.00","4194.00"
"03/07/2020 11:00 - 03/07/2020 12:00","BZN|BG","4414.00","4168.00"
"03/07/2020 12:00 - 03/07/2020 13:00","BZN|BG","4466.00","4221.00"
"03/07/2020 13:00 - 03/07/2020 14:00","BZN|BG","4491.00","4252.00"
"03/07/2020 14:00 - 03/07/2020 15:00","BZN|BG","4497.00","4249.00"
"03/07/2020 15:00 - 03/07/2020 16:00","BZN|BG","4462.00","4222.00"
"03/07/2020 16:00 - 03/07/2020 17:00","BZN|BG","4464.00","4257.00"
"03/07/2020 17:00 - 03/07/2020 18:00","BZN|BG","4366.00","4327.00"
"03/07/2020 18:00 - 03/07/2020 19:00","BZN|BG","4353.00","4343.00"
"03/07/2020 19:00 - 03/07/2020 20:00","BZN|BG","4256.00","4235.00"
"03/07/2020 20:00 - 03/07/2020 21:00","BZN|BG","4190.00","4262.00"
"03/07/2020 21:00 - 03/07/2020 22:00","BZN|BG","4099.00","4158.00"
"03/07/2020 22:00 - 03/07/2020 23:00","BZN|BG","3756.00","3871.00"
"03/07/2020 23:00 - 04/07/2020 00:00","BZN|BG","3484.00","3436.00"
"04/07/2020 00:00 - 04/07/2020 01:00","BZN|BG","3236.00","3185.00"
"04/07/2020 01:00 - 04/07/2020 02:00","BZN|BG","3101.00","3060.00"
"04/07/2020 02:00 - 04/07/2020 03:00","BZN|BG","3027.00","2986.00"
"04/07/2020 03:00 - 04/07/2020 04:00","BZN|BG","3014.00","2989.00"
"04/07/2020 04:00 - 04/07/2020 05:00","BZN|BG","2997.00","2973.00"
"04/07/2020 05:00 - 04/07/2020 06:00","BZN|BG","3073.00","3072.00"
"04/07/2020 06:00 - 04/07/2020 07:00","BZN|BG","3278.00","3346.00"
"04/07/2020 07:00 - 04/07/2020 08:00","BZN|BG","3560.00","3618.00"
"04/07/2020 08:00 - 04/07/2020 09:00","BZN|BG","3812.00","3849.00"
"04/07/2020 09:00 - 04/07/2020 10:00","BZN|BG","3946.00","3888.00"
"04/07/2020 10:00 - 04/07/2020 11:00","BZN|BG","4063.00","3878.00"
"04/07/2020 11:00 - 04/07/2020 12:00","BZN|BG","4108.00","3877.00"
"04/07/2020 12:00 - 04/07/2020 13:00","BZN|BG","4072.00","3864.00"
"04/07/2020 13:00 - 04/07/2020 14:00","BZN|BG","3967.00","3812.00"
"04/07/2020 14:00 - 04/07/2020 15:00","BZN|BG","3922.00","3796.00"
"04/07/2020 15:00 - 04/07/2020 16:00","BZN|BG","3939.00","3854.00"
"04/07/2020 16:00 - 04/07/2020 17:00","BZN|BG","3978.00","3926.00"
"04/07/2020 17:00 - 04/07/2020 18:00","BZN|BG","4000.00","4005.00"
"04/07/2020 18:00 - 04/07/2020 19:00","BZN|BG","3998.00","4029.00"
"04/07/2020 19:00 - 04/07/2020 20:00","BZN|BG","3884.00","3998.00"
"04/07/2020 20:00 - 04/07/2020 21:00","BZN|BG","3913.00","4031.00"
"04/07/2020 21:00 - 04/07/2020 22:00","BZN|BG","3879.00","3918.00"
"04/07/2020 22:00 - 04/07/2020 23:00","BZN|BG","3665.00","3568.00"
"04/07/2020 23:00 - 05/07/2020 00:00","BZN|BG","3362.00","3295.00"
"05/07/2020 00:00 - 05/07/2020 01:00","BZN|BG","3109.00","3050.00"
"05/07/2020 01:00 - 05/07/2020 02:00","BZN|BG","2959.00","2917.00"
"05/07/2020 02:00 - 05/07/2020 03:00","BZN|BG","2893.00","2820.00"
"05/07/2020 03:00 - 05/07/2020 04:00","BZN|BG","2882.00","2802.00"
"05/07/2020 04:00 - 05/07/2020 05:00","BZN|BG","2871.00","2809.00"
"05/07/2020 05:00 - 05/07/2020 06:00","BZN|BG","2909.00","2869.00"
"05/07/2020 06:00 - 05/07/2020 07:00","BZN|BG","3102.00","3067.00"
"05/07/2020 07:00 - 05/07/2020 08:00","BZN|BG","3404.00","3330.00"
"05/07/2020 08:00 - 05/07/2020 09:00","BZN|BG","3653.00","3546.00"
"05/07/2020 09:00 - 05/07/2020 10:00","BZN|BG","3732.00","3658.00"
"05/07/2020 10:00 - 05/07/2020 11:00","BZN|BG","3824.00","3723.00"
"05/07/2020 11:00 - 05/07/2020 12:00","BZN|BG","3882.00","3721.00"
"05/07/2020 12:00 - 05/07/2020 13:00","BZN|BG","3855.00","3695.00"
"05/07/2020 13:00 - 05/07/2020 14:00","BZN|BG","3801.00","3662.00"
"05/07/2020 14:00 - 05/07/2020 15:00","BZN|BG","3789.00","3662.00"
"05/07/2020 15:00 - 05/07/2020 16:00","BZN|BG","3846.00","3736.00"
"05/07/2020 16:00 - 05/07/2020 17:00","BZN|BG","3895.00","3876.00"
"05/07/2020 17:00 - 05/07/2020 18:00","BZN|BG","3938.00","3998.00"
"05/07/2020 18:00 - 05/07/2020 19:00","BZN|BG","3928.00","4055.00"
"05/07/2020 19:00 - 05/07/2020 20:00","BZN|BG","3894.00","4018.00"
"05/07/2020 20:00 - 05/07/2020 21:00","BZN|BG","3943.00","4077.00"
"05/07/2020 21:00 - 05/07/2020 22:00","BZN|BG","3878.00","4064.00"
"05/07/2020 22:00 - 05/07/2020 23:00","BZN|BG","3606.00","3566.00"
"05/07/2020 23:00 - 06/07/2020 00:00","BZN|BG","3258.00","3268.00"
"06/07/2020 00:00 - 06/07/2020 01:00","BZN|BG","3019.00","3036.00"
"06/07/2020 01:00 - 06/07/2020 02:00","BZN|BG","2891.00","2923.00"
"06/07/2020 02:00 - 06/07/2020 03:00","BZN|BG","2839.00","2877.00"
"06/07/2020 03:00 - 06/07/2020 04:00","BZN|BG","2854.00","2901.00"
"06/07/2020 04:00 - 06/07/2020 05:00","BZN|BG","2958.00","2976.00"
"06/07/2020 05:00 - 06/07/2020 06:00","BZN|BG","3223.00","3245.00"
"06/07/2020 06:00 - 06/07/2020 07:00","BZN|BG","3596.00","3614.00"
"06/07/2020 07:00 - 06/07/2020 08:00","BZN|BG","4001.00","3915.00"
"06/07/2020 08:00 - 06/07/2020 09:00","BZN|BG","4235.00","4027.00"
"06/07/2020 09:00 - 06/07/2020 10:00","BZN|BG","4302.00","4026.00"
"06/07/2020 10:00 - 06/07/2020 11:00","BZN|BG","4411.00","4097.00"
"06/07/2020 11:00 - 06/07/2020 12:00","BZN|BG","4432.00","4096.00"
"06/07/2020 12:00 - 06/07/2020 13:00","BZN|BG","4496.00","4178.00"
"06/07/2020 13:00 - 06/07/2020 14:00","BZN|BG","4483.00","4027.00"
"06/07/2020 14:00 - 06/07/2020 15:00","BZN|BG","4458.00","3988.00"
"06/07/2020 15:00 - 06/07/2020 16:00","BZN|BG","4455.00","4077.00"
"06/07/2020 16:00 - 06/07/2020 17:00","BZN|BG","4363.00","4013.00"
"06/07/2020 17:00 - 06/07/2020 18:00","BZN|BG","4382.00","4238.00"
"06/07/2020 18:00 - 06/07/2020 19:00","BZN|BG","4371.00","4244.00"
"06/07/2020 19:00 - 06/07/2020 20:00","BZN|BG","4304.00","4160.00"
"06/07/2020 20:00 - 06/07/2020 21:00","BZN|BG","4301.00","4166.00"
"06/07/2020 21:00 - 06/07/2020 22:00","BZN|BG","4112.00","4079.00"
"06/07/2020 22:00 - 06/07/2020 23:00","BZN|BG","3808.00","3824.00"
"06/07/2020 23:00 - 07/07/2020 00:00","BZN|BG","3435.00","3323.00"
"07/07/2020 00:00 - 07/07/2020 01:00","BZN|BG","3192.00","3079.00"
"07/07/2020 01:00 - 07/07/2020 02:00","BZN|BG","3063.00","2971.00"
"07/07/2020 02:00 - 07/07/2020 03:00","BZN|BG","3010.00","2915.00"
"07/07/2020 03:00 - 07/07/2020 04:00","BZN|BG","3000.00","2925.00"
"07/07/2020 04:00 - 07/07/2020 05:00","BZN|BG","3066.00","2987.00"
"07/07/2020 05:00 - 07/07/2020 06:00","BZN|BG","3313.00","3215.00"
"07/07/2020 06:00 - 07/07/2020 07:00","BZN|BG","3728.00","3524.00"
"07/07/2020 07:00 - 07/07/2020 08:00","BZN|BG","4108.00","3807.00"
"07/07/2020 08:00 - 07/07/2020 09:00","BZN|BG","4102.00","3945.00"
"07/07/2020 09:00 - 07/07/2020 10:00","BZN|BG","4227.00","3967.00"
"07/07/2020 10:00 - 07/07/2020 11:00","BZN|BG","4331.00","4023.00"
"07/07/2020 11:00 - 07/07/2020 12:00","BZN|BG","4358.00","4004.00"
"07/07/2020 12:00 - 07/07/2020 13:00","BZN|BG","4423.00","4049.00"
"07/07/2020 13:00 - 07/07/2020 14:00","BZN|BG","4348.00","4020.00"
"07/07/2020 14:00 - 07/07/2020 15:00","BZN|BG","4262.00","4036.00"
"07/07/2020 15:00 - 07/07/2020 16:00","BZN|BG","4197.00","4043.00"
"07/07/2020 16:00 - 07/07/2020 17:00","BZN|BG","4136.00","3968.00"
"07/07/2020 17:00 - 07/07/2020 18:00","BZN|BG","4173.00","4238.00"
"07/07/2020 18:00 - 07/07/2020 19:00","BZN|BG","4153.00","4244.00"
"07/07/2020 19:00 - 07/07/2020 20:00","BZN|BG","4052.00","3970.00"
"07/07/2020 20:00 - 07/07/2020 21:00","BZN|BG","4033.00","3978.00"
"07/07/2020 21:00 - 07/07/2020 22:00","BZN|BG","3874.00","3906.00"
"07/07/2020 22:00 - 07/07/2020 23:00","BZN|BG","3607.00","3645.00"
"07/07/2020 23:00 - 08/07/2020 00:00","BZN|BG","3305.00","3353.00"
"08/07/2020 00:00 - 08/07/2020 01:00","BZN|BG","3091.00","3103.00"
"08/07/2020 01:00 - 08/07/2020 02:00","BZN|BG","3004.00","2995.00"
"08/07/2020 02:00 - 08/07/2020 03:00","BZN|BG","2943.00","2938.00"
"08/07/2020 03:00 - 08/07/2020 04:00","BZN|BG","2954.00","2949.00"
"08/07/2020 04:00 - 08/07/2020 05:00","BZN|BG","2998.00","3003.00"
"08/07/2020 05:00 - 08/07/2020 06:00","BZN|BG","3240.00","3210.00"
"08/07/2020 06:00 - 08/07/2020 07:00","BZN|BG","3563.00","3486.00"
"08/07/2020 07:00 - 08/07/2020 08:00","BZN|BG","3924.00","3752.00"
"08/07/2020 08:00 - 08/07/2020 09:00","BZN|BG","4048.00","3890.00"
"08/07/2020 09:00 - 08/07/2020 10:00","BZN|BG","4078.00","3916.00"
"08/07/2020 10:00 - 08/07/2020 11:00","BZN|BG","4117.00","3980.00"
"08/07/2020 11:00 - 08/07/2020 12:00","BZN|BG","4067.00","3967.00"
"08/07/2020 12:00 - 08/07/2020 13:00","BZN|BG","4104.00","4014.00"
"08/07/2020 13:00 - 08/07/2020 14:00","BZN|BG","4089.00","4003.00"
"08/07/2020 14:00 - 08/07/2020 15:00","BZN|BG","4078.00","4031.00"
"08/07/2020 15:00 - 08/07/2020 16:00","BZN|BG","4098.00","4065.00"
"08/07/2020 16:00 - 08/07/2020 17:00","BZN|BG","4051.00","3982.00"
"08/07/2020 17:00 - 08/07/2020 18:00","BZN|BG","4064.00","4238.00"
"08/07/2020 18:00 - 08/07/2020 19:00","BZN|BG","4115.00","4244.00"
"08/07/2020 19:00 - 08/07/2020 20:00","BZN|BG","4013.00","4186.00"
"08/07/2020 20:00 - 08/07/2020 21:00","BZN|BG","4055.00","3970.00"
"08/07/2020 21:00 - 08/07/2020 22:00","BZN|BG","3986.00","3884.00"
"08/07/2020 22:00 - 08/07/2020 23:00","BZN|BG","3751.00","3580.00"
"08/07/2020 23:00 - 09/07/2020 00:00","BZN|BG","3375.00","3215.00"
"09/07/2020 00:00 - 09/07/2020 01:00","BZN|BG","3101.00","2991.00"
"09/07/2020 01:00 - 09/07/2020 02:00","BZN|BG","2982.00","2892.00"
"09/07/2020 02:00 - 09/07/2020 03:00","BZN|BG","2930.00","2840.00"
"09/07/2020 03:00 - 09/07/2020 04:00","BZN|BG","2967.00","2848.00"
"09/07/2020 04:00 - 09/07/2020 05:00","BZN|BG","3028.00","2910.00"
"09/07/2020 05:00 - 09/07/2020 06:00","BZN|BG","3251.00","3143.00"
"09/07/2020 06:00 - 09/07/2020 07:00","BZN|BG","3639.00","3452.00"
"09/07/2020 07:00 - 09/07/2020 08:00","BZN|BG","3956.00","3760.00"
"09/07/2020 08:00 - 09/07/2020 09:00","BZN|BG","4177.00","3919.00"
"09/07/2020 09:00 - 09/07/2020 10:00","BZN|BG","4201.00","3953.00"
"09/07/2020 10:00 - 09/07/2020 11:00","BZN|BG","4261.00","4014.00"
"09/07/2020 11:00 - 09/07/2020 12:00","BZN|BG","4238.00","4010.00"
"09/07/2020 12:00 - 09/07/2020 13:00","BZN|BG","4282.00","4068.00"
"09/07/2020 13:00 - 09/07/2020 14:00","BZN|BG","4245.00","4065.00"
"09/07/2020 14:00 - 09/07/2020 15:00","BZN|BG","4224.00","4068.00"
"09/07/2020 15:00 - 09/07/2020 16:00","BZN|BG","4236.00","4084.00"
"09/07/2020 16:00 - 09/07/2020 17:00","BZN|BG","4169.00","3831.00"
"09/07/2020 17:00 - 09/07/2020 18:00","BZN|BG","4186.00","4238.00"
"09/07/2020 18:00 - 09/07/2020 19:00","BZN|BG","4215.00","4244.00"
"09/07/2020 19:00 - 09/07/2020 20:00","BZN|BG","4076.00","3803.00"
"09/07/2020 20:00 - 09/07/2020 21:00","BZN|BG","4123.00","3801.00"
"09/07/2020 21:00 - 09/07/2020 22:00","BZN|BG","4059.00","3691.00"
"09/07/2020 22:00 - 09/07/2020 23:00","BZN|BG","3795.00","3358.00"
"09/07/2020 23:00 - 10/07/2020 00:00","BZN|BG","3451.00","3364.00"
"10/07/2020 00:00 - 10/07/2020 01:00","BZN|BG","3217.00","3120.00"
"10/07/2020 01:00 - 10/07/2020 02:00","BZN|BG","3103.00","3015.00"
"10/07/2020 02:00 - 10/07/2020 03:00","BZN|BG","3036.00","2957.00"
"10/07/2020 03:00 - 10/07/2020 04:00","BZN|BG","3041.00","2967.00"
"10/07/2020 04:00 - 10/07/2020 05:00","BZN|BG","3089.00","3036.00"
"10/07/2020 05:00 - 10/07/2020 06:00","BZN|BG","3331.00","3299.00"
"10/07/2020 06:00 - 10/07/2020 07:00","BZN|BG","3679.00","3648.00"
"10/07/2020 07:00 - 10/07/2020 08:00","BZN|BG","3967.00","4000.00"
"10/07/2020 08:00 - 10/07/2020 09:00","BZN|BG","4158.00","4165.00"
"10/07/2020 09:00 - 10/07/2020 10:00","BZN|BG","4165.00","4198.00"
"10/07/2020 10:00 - 10/07/2020 11:00","BZN|BG","4228.00","4257.00"
"10/07/2020 11:00 - 10/07/2020 12:00","BZN|BG","4244.00","4244.00"
"10/07/2020 12:00 - 10/07/2020 13:00","BZN|BG","4282.00","4313.00"
"10/07/2020 13:00 - 10/07/2020 14:00","BZN|BG","4236.00","4307.00"
"10/07/2020 14:00 - 10/07/2020 15:00","BZN|BG","4237.00","4270.00"
"10/07/2020 15:00 - 10/07/2020 16:00","BZN|BG","4231.00","4245.00"
"10/07/2020 16:00 - 10/07/2020 17:00","BZN|BG","4184.00","4200.00"
"10/07/2020 17:00 - 10/07/2020 18:00","BZN|BG","4189.00","4210.00"
"10/07/2020 18:00 - 10/07/2020 19:00","BZN|BG","4174.00","4088.00"
"10/07/2020 19:00 - 10/07/2020 20:00","BZN|BG","4026.00","4128.00"
"10/07/2020 20:00 - 10/07/2020 21:00","BZN|BG","4049.00","4136.00"
"10/07/2020 21:00 - 10/07/2020 22:00","BZN|BG","3996.00","4049.00"
"10/07/2020 22:00 - 10/07/2020 23:00","BZN|BG","3779.00","3785.00"
"10/07/2020 23:00 - 11/07/2020 00:00","BZN|BG","3431.00","3375.00"
"11/07/2020 00:00 - 11/07/2020 01:00","BZN|BG","3192.00","3169.00"
"11/07/2020 01:00 - 11/07/2020 02:00","BZN|BG","3051.00","3064.00"
"11/07/2020 02:00 - 11/07/2020 03:00","BZN|BG","2989.00","3011.00"
"11/07/2020 03:00 - 11/07/2020 04:00","BZN|BG","2970.00","2993.00"
"11/07/2020 04:00 - 11/07/2020 05:00","BZN|BG","2980.00","2980.00"
"11/07/2020 05:00 - 11/07/2020 06:00","BZN|BG","3065.00","3041.00"
"11/07/2020 06:00 - 11/07/2020 07:00","BZN|BG","3312.00","3186.00"
"11/07/2020 07:00 - 11/07/2020 08:00","BZN|BG","3583.00","3389.00"
"11/07/2020 08:00 - 11/07/2020 09:00","BZN|BG","3824.00","3568.00"
"11/07/2020 09:00 - 11/07/2020 10:00","BZN|BG","3907.00","3666.00"
"11/07/2020 10:00 - 11/07/2020 11:00","BZN|BG","3979.00","3737.00"
"11/07/2020 11:00 - 11/07/2020 12:00","BZN|BG","4032.00","3779.00"
"11/07/2020 12:00 - 11/07/2020 13:00","BZN|BG","4006.00","3773.00"
"11/07/2020 13:00 - 11/07/2020 14:00","BZN|BG","3895.00","3737.00"
"11/07/2020 14:00 - 11/07/2020 15:00","BZN|BG","3862.00","3716.00"
"11/07/2020 15:00 - 11/07/2020 16:00","BZN|BG","3843.00","3804.00"
"11/07/2020 16:00 - 11/07/2020 17:00","BZN|BG","3893.00","3941.00"
"11/07/2020 17:00 - 11/07/2020 18:00","BZN|BG","3929.00","3985.00"
"11/07/2020 18:00 - 11/07/2020 19:00","BZN|BG","3932.00","3987.00"
"11/07/2020 19:00 - 11/07/2020 20:00","BZN|BG","3874.00","3875.00"
"11/07/2020 20:00 - 11/07/2020 21:00","BZN|BG","3915.00","3921.00"
"11/07/2020 21:00 - 11/07/2020 22:00","BZN|BG","3856.00","3880.00"
"11/07/2020 22:00 - 11/07/2020 23:00","BZN|BG","3645.00","3663.00"
"11/07/2020 23:00 - 12/07/2020 00:00","BZN|BG","3346.00","3275.00"
"12/07/2020 00:00 - 12/07/2020 01:00","BZN|BG","3092.00","3072.00"
"12/07/2020 01:00 - 12/07/2020 02:00","BZN|BG","2948.00","2960.00"
"12/07/2020 02:00 - 12/07/2020 03:00","BZN|BG","2886.00","2904.00"
"12/07/2020 03:00 - 12/07/2020 04:00","BZN|BG","2845.00","2890.00"
"12/07/2020 04:00 - 12/07/2020 05:00","BZN|BG","2855.00","2874.00"
"12/07/2020 05:00 - 12/07/2020 06:00","BZN|BG","2923.00","2901.00"
"12/07/2020 06:00 - 12/07/2020 07:00","BZN|BG","3118.00","3062.00"
"12/07/2020 07:00 - 12/07/2020 08:00","BZN|BG","3439.00","3310.00"
"12/07/2020 08:00 - 12/07/2020 09:00","BZN|BG","3698.00","3485.00"
"12/07/2020 09:00 - 12/07/2020 10:00","BZN|BG","3789.00","3530.00"
"12/07/2020 10:00 - 12/07/2020 11:00","BZN|BG","3861.00","3604.00"
"12/07/2020 11:00 - 12/07/2020 12:00","BZN|BG","3894.00","3657.00"
"12/07/2020 12:00 - 12/07/2020 13:00","BZN|BG","3833.00","3658.00"
"12/07/2020 13:00 - 12/07/2020 14:00","BZN|BG","3757.00","3666.00"
"12/07/2020 14:00 - 12/07/2020 15:00","BZN|BG","3755.00","3687.00"
"12/07/2020 15:00 - 12/07/2020 16:00","BZN|BG","3822.00","3828.00"
"12/07/2020 16:00 - 12/07/2020 17:00","BZN|BG","3869.00","3984.00"
"12/07/2020 17:00 - 12/07/2020 18:00","BZN|BG","3930.00","4083.00"
"12/07/2020 18:00 - 12/07/2020 19:00","BZN|BG","3954.00","4076.00"
"12/07/2020 19:00 - 12/07/2020 20:00","BZN|BG","3927.00","4030.00"
"12/07/2020 20:00 - 12/07/2020 21:00","BZN|BG","3990.00","4118.00"
"12/07/2020 21:00 - 12/07/2020 22:00","BZN|BG","3871.00","4030.00"
"12/07/2020 22:00 - 12/07/2020 23:00","BZN|BG","3607.00","3673.00"
"12/07/2020 23:00 - 13/07/2020 00:00","BZN|BG","3260.00","3281.00"
"13/07/2020 00:00 - 13/07/2020 01:00","BZN|BG","3020.00","3023.00"
"13/07/2020 01:00 - 13/07/2020 02:00","BZN|BG","2921.00","2901.00"
"13/07/2020 02:00 - 13/07/2020 03:00","BZN|BG","2869.00","2844.00"
"13/07/2020 03:00 - 13/07/2020 04:00","BZN|BG","2880.00","2863.00"
"13/07/2020 04:00 - 13/07/2020 05:00","BZN|BG","2981.00","2949.00"
"13/07/2020 05:00 - 13/07/2020 06:00","BZN|BG","3250.00","3206.00"
"13/07/2020 06:00 - 13/07/2020 07:00","BZN|BG","3597.00","3490.00"
"13/07/2020 07:00 - 13/07/2020 08:00","BZN|BG","3913.00","3796.00"
"13/07/2020 08:00 - 13/07/2020 09:00","BZN|BG","4066.00","3973.00"
"13/07/2020 09:00 - 13/07/2020 10:00","BZN|BG","4078.00","4024.00"
"13/07/2020 10:00 - 13/07/2020 11:00","BZN|BG","4093.00","4104.00"
"13/07/2020 11:00 - 13/07/2020 12:00","BZN|BG","4062.00","4078.00"
"13/07/2020 12:00 - 13/07/2020 13:00","BZN|BG","4118.00","4099.00"
"13/07/2020 13:00 - 13/07/2020 14:00","BZN|BG","4076.00","4107.00"
"13/07/2020 14:00 - 13/07/2020 15:00","BZN|BG","4059.00","4069.00"
"13/07/2020 15:00 - 13/07/2020 16:00","BZN|BG","4021.00","4066.00"
"13/07/2020 16:00 - 13/07/2020 17:00","BZN|BG","3987.00","4029.00"
"13/07/2020 17:00 - 13/07/2020 18:00","BZN|BG","4021.00","4109.00"
"13/07/2020 18:00 - 13/07/2020 19:00","BZN|BG","4025.00","4249.00"
"13/07/2020 19:00 - 13/07/2020 20:00","BZN|BG","3958.00","4105.00"
"13/07/2020 20:00 - 13/07/2020 21:00","BZN|BG","4010.00","4077.00"
"13/07/2020 21:00 - 13/07/2020 22:00","BZN|BG","3874.00","3979.00"
"13/07/2020 22:00 - 13/07/2020 23:00","BZN|BG","3604.00","3793.00"
"13/07/2020 23:00 - 14/07/2020 00:00","BZN|BG","3275.00","3358.00"
"14/07/2020 00:00 - 14/07/2020 01:00","BZN|BG","3055.00","3099.00"
"14/07/2020 01:00 - 14/07/2020 02:00","BZN|BG","2955.00","2990.00"
"14/07/2020 02:00 - 14/07/2020 03:00","BZN|BG","2904.00","2924.00"
"14/07/2020 03:00 - 14/07/2020 04:00","BZN|BG","2917.00","2936.00"
"14/07/2020 04:00 - 14/07/2020 05:00","BZN|BG","2996.00","2994.00"
"14/07/2020 05:00 - 14/07/2020 06:00","BZN|BG","3237.00","3220.00"
"14/07/2020 06:00 - 14/07/2020 07:00","BZN|BG","3602.00","3532.00"
"14/07/2020 07:00 - 14/07/2020 08:00","BZN|BG","3959.00","3818.00"
"14/07/2020 08:00 - 14/07/2020 09:00","BZN|BG","4136.00","3968.00"
"14/07/2020 09:00 - 14/07/2020 10:00","BZN|BG","4131.00","3990.00"
"14/07/2020 10:00 - 14/07/2020 11:00","BZN|BG","4146.00","4028.00"
"14/07/2020 11:00 - 14/07/2020 12:00","BZN|BG","4105.00","4019.00"
"14/07/2020 12:00 - 14/07/2020 13:00","BZN|BG","4143.00","4070.00"
"14/07/2020 13:00 - 14/07/2020 14:00","BZN|BG","4125.00","3992.00"
"14/07/2020 14:00 - 14/07/2020 15:00","BZN|BG","4113.00","4033.00"
"14/07/2020 15:00 - 14/07/2020 16:00","BZN|BG","4112.00","4112.00"
"14/07/2020 16:00 - 14/07/2020 17:00","BZN|BG","4058.00","3925.00"
"14/07/2020 17:00 - 14/07/2020 18:00","BZN|BG","4088.00","4028.00"
"14/07/2020 18:00 - 14/07/2020 19:00","BZN|BG","4123.00","4155.00"
"14/07/2020 19:00 - 14/07/2020 20:00","BZN|BG","4028.00","3961.00"
"14/07/2020 20:00 - 14/07/2020 21:00","BZN|BG","4071.00","3972.00"
"14/07/2020 21:00 - 14/07/2020 22:00","BZN|BG","3975.00","3907.00"
"14/07/2020 22:00 - 14/07/2020 23:00","BZN|BG","3711.00","3715.00"
"14/07/2020 23:00 - 15/07/2020 00:00","BZN|BG","3350.00","3255.00"
"15/07/2020 00:00 - 15/07/2020 01:00","BZN|BG","3108.00","3042.00"
"15/07/2020 01:00 - 15/07/2020 02:00","BZN|BG","2983.00","2980.00"
"15/07/2020 02:00 - 15/07/2020 03:00","BZN|BG","2944.00","2909.00"
"15/07/2020 03:00 - 15/07/2020 04:00","BZN|BG","2960.00","2957.00"
"15/07/2020 04:00 - 15/07/2020 05:00","BZN|BG","3024.00","3028.00"
"15/07/2020 05:00 - 15/07/2020 06:00","BZN|BG","3268.00","3224.00"
"15/07/2020 06:00 - 15/07/2020 07:00","BZN|BG","3621.00","3507.00"
"15/07/2020 07:00 - 15/07/2020 08:00","BZN|BG","3953.00","3822.00"
"15/07/2020 08:00 - 15/07/2020 09:00","BZN|BG","4162.00","3956.00"
"15/07/2020 09:00 - 15/07/2020 10:00","BZN|BG","4173.00","3998.00"
"15/07/2020 10:00 - 15/07/2020 11:00","BZN|BG","4192.00","3920.00"
"15/07/2020 11:00 - 15/07/2020 12:00","BZN|BG","4117.00","3913.00"
"15/07/2020 12:00 - 15/07/2020 13:00","BZN|BG","4179.00","3958.00"
"15/07/2020 13:00 - 15/07/2020 14:00","BZN|BG","4154.00","3882.00"
"15/07/2020 14:00 - 15/07/2020 15:00","BZN|BG","4152.00","3878.00"
"15/07/2020 15:00 - 15/07/2020 16:00","BZN|BG","4138.00","3895.00"
"15/07/2020 16:00 - 15/07/2020 17:00","BZN|BG","4133.00","3852.00"
"15/07/2020 17:00 - 15/07/2020 18:00","BZN|BG","4144.00","3943.00"
"15/07/2020 18:00 - 15/07/2020 19:00","BZN|BG","4192.00","3999.00"
"15/07/2020 19:00 - 15/07/2020 20:00","BZN|BG","4093.00","3862.00"
"15/07/2020 20:00 - 15/07/2020 21:00","BZN|BG","4130.00","3892.00"
"15/07/2020 21:00 - 15/07/2020 22:00","BZN|BG","4021.00","3808.00"
"15/07/2020 22:00 - 15/07/2020 23:00","BZN|BG","3757.00","3561.00"
"15/07/2020 23:00 - 16/07/2020 00:00","BZN|BG","3403.00","3279.00"
"16/07/2020 00:00 - 16/07/2020 01:00","BZN|BG","3165.00","3103.00"
"16/07/2020 01:00 - 16/07/2020 02:00","BZN|BG","3049.00","3030.00"
"16/07/2020 02:00 - 16/07/2020 03:00","BZN|BG","2997.00","2988.00"
"16/07/2020 03:00 - 16/07/2020 04:00","BZN|BG","3011.00","2997.00"
"16/07/2020 04:00 - 16/07/2020 05:00","BZN|BG","3099.00","3048.00"
"16/07/2020 05:00 - 16/07/2020 06:00","BZN|BG","3342.00","3250.00"
"16/07/2020 06:00 - 16/07/2020 07:00","BZN|BG","3662.00","3540.00"
"16/07/2020 07:00 - 16/07/2020 08:00","BZN|BG","3972.00","3800.00"
"16/07/2020 08:00 - 16/07/2020 09:00","BZN|BG","4220.00","3933.00"
"16/07/2020 09:00 - 16/07/2020 10:00","BZN|BG","4266.00","3940.00"
"16/07/2020 10:00 - 16/07/2020 11:00","BZN|BG","4285.00","3963.00"
"16/07/2020 11:00 - 16/07/2020 12:00","BZN|BG","4274.00","3956.00"
"16/07/2020 12:00 - 16/07/2020 13:00","BZN|BG","4345.00","4001.00"
"16/07/2020 13:00 - 16/07/2020 14:00","BZN|BG","4286.00","3922.00"
"16/07/2020 14:00 - 16/07/2020 15:00","BZN|BG","4216.00","3918.00"
"16/07/2020 15:00 - 16/07/2020 16:00","BZN|BG","4158.00","3936.00"
"16/07/2020 16:00 - 16/07/2020 17:00","BZN|BG","4097.00","3891.00"
"16/07/2020 17:00 - 16/07/2020 18:00","BZN|BG","4144.00","3980.00"
"16/07/2020 18:00 - 16/07/2020 19:00","BZN|BG","4189.00","4015.00"
"16/07/2020 19:00 - 16/07/2020 20:00","BZN|BG","4081.00","3896.00"
"16/07/2020 20:00 - 16/07/2020 21:00","BZN|BG","4090.00","3926.00"
"16/07/2020 21:00 - 16/07/2020 22:00","BZN|BG","3985.00","3841.00"
"16/07/2020 22:00 - 16/07/2020 23:00","BZN|BG","3748.00","3591.00"
"16/07/2020 23:00 - 17/07/2020 00:00","BZN|BG","3369.00","3354.00"
"17/07/2020 00:00 - 17/07/2020 01:00","BZN|BG","3161.00","3117.00"
"17/07/2020 01:00 - 17/07/2020 02:00","BZN|BG","3039.00","3015.00"
"17/07/2020 02:00 - 17/07/2020 03:00","BZN|BG","2999.00","2962.00"
"17/07/2020 03:00 - 17/07/2020 04:00","BZN|BG","3018.00","2975.00"
"17/07/2020 04:00 - 17/07/2020 05:00","BZN|BG","3086.00","3036.00"
"17/07/2020 05:00 - 17/07/2020 06:00","BZN|BG","3318.00","3264.00"
"17/07/2020 06:00 - 17/07/2020 07:00","BZN|BG","3671.00","3589.00"
"17/07/2020 07:00 - 17/07/2020 08:00","BZN|BG","4067.00","3884.00"
"17/07/2020 08:00 - 17/07/2020 09:00","BZN|BG","4230.00","4029.00"
"17/07/2020 09:00 - 17/07/2020 10:00","BZN|BG","4195.00","4032.00"
"17/07/2020 10:00 - 17/07/2020 11:00","BZN|BG","4206.00","4044.00"
"17/07/2020 11:00 - 17/07/2020 12:00","BZN|BG","4219.00","4019.00"
"17/07/2020 12:00 - 17/07/2020 13:00","BZN|BG","4260.00","4072.00"
"17/07/2020 13:00 - 17/07/2020 14:00","BZN|BG","4195.00","4011.00"
"17/07/2020 14:00 - 17/07/2020 15:00","BZN|BG","4164.00","4020.00"
"17/07/2020 15:00 - 17/07/2020 16:00","BZN|BG","4116.00","4037.00"
"17/07/2020 16:00 - 17/07/2020 17:00","BZN|BG","4079.00","4019.00"
"17/07/2020 17:00 - 17/07/2020 18:00","BZN|BG","4098.00","4127.00"
"17/07/2020 18:00 - 17/07/2020 19:00","BZN|BG","4101.00","4182.00"
"17/07/2020 19:00 - 17/07/2020 20:00","BZN|BG","4016.00","4075.00"
"17/07/2020 20:00 - 17/07/2020 21:00","BZN|BG","4033.00","4106.00"
"17/07/2020 21:00 - 17/07/2020 22:00","BZN|BG","3884.00","4019.00"
"17/07/2020 22:00 - 17/07/2020 23:00","BZN|BG","3656.00","3768.00"
"17/07/2020 23:00 - 18/07/2020 00:00","BZN|BG","3309.00","3351.00"
"18/07/2020 00:00 - 18/07/2020 01:00","BZN|BG","3088.00","3123.00"
"18/07/2020 01:00 - 18/07/2020 02:00","BZN|BG","2966.00","2995.00"
"18/07/2020 02:00 - 18/07/2020 03:00","BZN|BG","2917.00","2932.00"
"18/07/2020 03:00 - 18/07/2020 04:00","BZN|BG","2895.00","2913.00"
"18/07/2020 04:00 - 18/07/2020 05:00","BZN|BG","2887.00","2925.00"
"18/07/2020 05:00 - 18/07/2020 06:00","BZN|BG","2961.00","3001.00"
"18/07/2020 06:00 - 18/07/2020 07:00","BZN|BG","3178.00","3217.00"
"18/07/2020 07:00 - 18/07/2020 08:00","BZN|BG","3509.00","3423.00"
"18/07/2020 08:00 - 18/07/2020 09:00","BZN|BG","3734.00","3616.00"
"18/07/2020 09:00 - 18/07/2020 10:00","BZN|BG","3825.00","3668.00"
"18/07/2020 10:00 - 18/07/2020 11:00","BZN|BG","3900.00","3718.00"
"18/07/2020 11:00 - 18/07/2020 12:00","BZN|BG","3912.00","3735.00"
"18/07/2020 12:00 - 18/07/2020 13:00","BZN|BG","3840.00","3702.00"
"18/07/2020 13:00 - 18/07/2020 14:00","BZN|BG","3759.00","3651.00"
"18/07/2020 14:00 - 18/07/2020 15:00","BZN|BG","3704.00","3658.00"
"18/07/2020 15:00 - 18/07/2020 16:00","BZN|BG","3727.00","3713.00"
"18/07/2020 16:00 - 18/07/2020 17:00","BZN|BG","3783.00","3821.00"
"18/07/2020 17:00 - 18/07/2020 18:00","BZN|BG","3840.00","3906.00"
"18/07/2020 18:00 - 18/07/2020 19:00","BZN|BG","3854.00","3935.00"
"18/07/2020 19:00 - 18/07/2020 20:00","BZN|BG","3796.00","3852.00"
"18/07/2020 20:00 - 18/07/2020 21:00","BZN|BG","3778.00","3911.00"
"18/07/2020 21:00 - 18/07/2020 22:00","BZN|BG","3651.00","3838.00"
"18/07/2020 22:00 - 18/07/2020 23:00","BZN|BG","3466.00","3602.00"
"18/07/2020 23:00 - 19/07/2020 00:00","BZN|BG","3195.00","3214.00"
"19/07/2020 00:00 - 19/07/2020 01:00","BZN|BG","3008.00","3007.00"
"19/07/2020 01:00 - 19/07/2020 02:00","BZN|BG","2881.00","2905.00"
"19/07/2020 02:00 - 19/07/2020 03:00","BZN|BG","2820.00","2850.00"
"19/07/2020 03:00 - 19/07/2020 04:00","BZN|BG","2778.00","2813.00"
"19/07/2020 04:00 - 19/07/2020 05:00","BZN|BG","2790.00","2828.00"
"19/07/2020 05:00 - 19/07/2020 06:00","BZN|BG","2851.00","2882.00"
"19/07/2020 06:00 - 19/07/2020 07:00","BZN|BG","3101.00","3047.00"
"19/07/2020 07:00 - 19/07/2020 08:00","BZN|BG","3423.00","3295.00"
"19/07/2020 08:00 - 19/07/2020 09:00","BZN|BG","3640.00","3496.00"
"19/07/2020 09:00 - 19/07/2020 10:00","BZN|BG","3798.00","3551.00"
"19/07/2020 10:00 - 19/07/2020 11:00","BZN|BG","3864.00","3589.00"
"19/07/2020 11:00 - 19/07/2020 12:00","BZN|BG","3906.00","3610.00"
"19/07/2020 12:00 - 19/07/2020 13:00","BZN|BG","3829.00","3567.00"
"19/07/2020 13:00 - 19/07/2020 14:00","BZN|BG","3738.00","3517.00"
"19/07/2020 14:00 - 19/07/2020 15:00","BZN|BG","3749.00","3550.00"
"19/07/2020 15:00 - 19/07/2020 16:00","BZN|BG","3796.00","3664.00"
"19/07/2020 16:00 - 19/07/2020 17:00","BZN|BG","3858.00","3772.00"
"19/07/2020 17:00 - 19/07/2020 18:00","BZN|BG","3941.00","3895.00"
"19/07/2020 18:00 - 19/07/2020 19:00","BZN|BG","3972.00","3947.00"
"19/07/2020 19:00 - 19/07/2020 20:00","BZN|BG","3901.00","3931.00"
"19/07/2020 20:00 - 19/07/2020 21:00","BZN|BG","3917.00","4014.00"
"19/07/2020 21:00 - 19/07/2020 22:00","BZN|BG","3830.00","3862.00"
"19/07/2020 22:00 - 19/07/2020 23:00","BZN|BG","3561.00","3476.00"
"19/07/2020 23:00 - 20/07/2020 00:00","BZN|BG","3238.00","3130.00"
"20/07/2020 00:00 - 20/07/2020 01:00","BZN|BG","3020.00","2913.00"
"20/07/2020 01:00 - 20/07/2020 02:00","BZN|BG","2909.00","2831.00"
"20/07/2020 02:00 - 20/07/2020 03:00","BZN|BG","2839.00","2777.00"
"20/07/2020 03:00 - 20/07/2020 04:00","BZN|BG","2875.00","2782.00"
"20/07/2020 04:00 - 20/07/2020 05:00","BZN|BG","2980.00","2903.00"
"20/07/2020 05:00 - 20/07/2020 06:00","BZN|BG","3237.00","3222.00"
"20/07/2020 06:00 - 20/07/2020 07:00","BZN|BG","3584.00","3597.00"
"20/07/2020 07:00 - 20/07/2020 08:00","BZN|BG","3899.00","3941.00"
"20/07/2020 08:00 - 20/07/2020 09:00","BZN|BG","4079.00","4070.00"
"20/07/2020 09:00 - 20/07/2020 10:00","BZN|BG","4143.00","4027.00"
"20/07/2020 10:00 - 20/07/2020 11:00","BZN|BG","4141.00","3993.00"
"20/07/2020 11:00 - 20/07/2020 12:00","BZN|BG","4188.00","3909.00"
"20/07/2020 12:00 - 20/07/2020 13:00","BZN|BG","4231.00","3990.00"
"20/07/2020 13:00 - 20/07/2020 14:00","BZN|BG","4180.00","3893.00"
"20/07/2020 14:00 - 20/07/2020 15:00","BZN|BG","4155.00","3944.00"
"20/07/2020 15:00 - 20/07/2020 16:00","BZN|BG","4135.00","3898.00"
"20/07/2020 16:00 - 20/07/2020 17:00","BZN|BG","4092.00","3946.00"
"20/07/2020 17:00 - 20/07/2020 18:00","BZN|BG","4135.00","4078.00"
"20/07/2020 18:00 - 20/07/2020 19:00","BZN|BG","4141.00","4109.00"
"20/07/2020 19:00 - 20/07/2020 20:00","BZN|BG","4066.00","4041.00"
"20/07/2020 20:00 - 20/07/2020 21:00","BZN|BG","4108.00","4102.00"
"20/07/2020 21:00 - 20/07/2020 22:00","BZN|BG","4013.00","3939.00"
"20/07/2020 22:00 - 20/07/2020 23:00","BZN|BG","3723.00","3595.00"
"20/07/2020 23:00 - 21/07/2020 00:00","BZN|BG","3439.00","3314.00"
"21/07/2020 00:00 - 21/07/2020 01:00","BZN|BG","3152.00","3112.00"
"21/07/2020 01:00 - 21/07/2020 02:00","BZN|BG","3007.00","3020.00"
"21/07/2020 02:00 - 21/07/2020 03:00","BZN|BG","2993.00","2978.00"
"21/07/2020 03:00 - 21/07/2020 04:00","BZN|BG","2999.00","2992.00"
"21/07/2020 04:00 - 21/07/2020 05:00","BZN|BG","3082.00","3056.00"
"21/07/2020 05:00 - 21/07/2020 06:00","BZN|BG","3298.00","3277.00"
"21/07/2020 06:00 - 21/07/2020 07:00","BZN|BG","3652.00","3584.00"
"21/07/2020 07:00 - 21/07/2020 08:00","BZN|BG","3982.00","3860.00"
"21/07/2020 08:00 - 21/07/2020 09:00","BZN|BG","4167.00","4005.00"
"21/07/2020 09:00 - 21/07/2020 10:00","BZN|BG","4209.00","3907.00"
"21/07/2020 10:00 - 21/07/2020 11:00","BZN|BG","4249.00","3925.00"
"21/07/2020 11:00 - 21/07/2020 12:00","BZN|BG","4268.00","3797.00"
"21/07/2020 12:00 - 21/07/2020 13:00","BZN|BG","4294.00","3995.00"
"21/07/2020 13:00 - 21/07/2020 14:00","BZN|BG","4268.00","3917.00"
"21/07/2020 14:00 - 21/07/2020 15:00","BZN|BG","4267.00","3931.00"
"21/07/2020 15:00 - 21/07/2020 16:00","BZN|BG","4270.00","3949.00"
"21/07/2020 16:00 - 21/07/2020 17:00","BZN|BG","4166.00","3941.00"
"21/07/2020 17:00 - 21/07/2020 18:00","BZN|BG","4245.00","4029.00"
"21/07/2020 18:00 - 21/07/2020 19:00","BZN|BG","4245.00","4082.00"
"21/07/2020 19:00 - 21/07/2020 20:00","BZN|BG","4122.00","3998.00"
"21/07/2020 20:00 - 21/07/2020 21:00","BZN|BG","4136.00","4019.00"
"21/07/2020 21:00 - 21/07/2020 22:00","BZN|BG","4033.00","3933.00"
"21/07/2020 22:00 - 21/07/2020 23:00","BZN|BG","3758.00","3729.00"
"21/07/2020 23:00 - 22/07/2020 00:00","BZN|BG","3396.00","3369.00"
"22/07/2020 00:00 - 22/07/2020 01:00","BZN|BG","3155.00","3132.00"
"22/07/2020 01:00 - 22/07/2020 02:00","BZN|BG","3032.00","3021.00"
"22/07/2020 02:00 - 22/07/2020 03:00","BZN|BG","2988.00","2974.00"
"22/07/2020 03:00 - 22/07/2020 04:00","BZN|BG","2992.00","2992.00"
"22/07/2020 04:00 - 22/07/2020 05:00","BZN|BG","3051.00","3066.00"
"22/07/2020 05:00 - 22/07/2020 06:00","BZN|BG","3298.00","3297.00"
"22/07/2020 06:00 - 22/07/2020 07:00","BZN|BG","3629.00","3621.00"
"22/07/2020 07:00 - 22/07/2020 08:00","BZN|BG","3956.00","3925.00"
"22/07/2020 08:00 - 22/07/2020 09:00","BZN|BG","4151.00","4000.00"
"22/07/2020 09:00 - 22/07/2020 10:00","BZN|BG","4258.00","4038.00"
"22/07/2020 10:00 - 22/07/2020 11:00","BZN|BG","4352.00","4025.00"
"22/07/2020 11:00 - 22/07/2020 12:00","BZN|BG","4346.00","4044.00"
"22/07/2020 12:00 - 22/07/2020 13:00","BZN|BG","4419.00","4079.00"
"22/07/2020 13:00 - 22/07/2020 14:00","BZN|BG","4389.00","4021.00"
"22/07/2020 14:00 - 22/07/2020 15:00","BZN|BG","4393.00","4025.00"
"22/07/2020 15:00 - 22/07/2020 16:00","BZN|BG","4363.00","4040.00"
"22/07/2020 16:00 - 22/07/2020 17:00","BZN|BG","4313.00","4030.00"
"22/07/2020 17:00 - 22/07/2020 18:00","BZN|BG","4342.00","4133.00"
"22/07/2020 18:00 - 22/07/2020 19:00","BZN|BG","4336.00","4221.00"
"22/07/2020 19:00 - 22/07/2020 20:00","BZN|BG","4240.00","4125.00"
"22/07/2020 20:00 - 22/07/2020 21:00","BZN|BG","4241.00","4154.00"
"22/07/2020 21:00 - 22/07/2020 22:00","BZN|BG","4118.00","4032.00"
"22/07/2020 22:00 - 22/07/2020 23:00","BZN|BG","3837.00","3763.00"
"22/07/2020 23:00 - 23/07/2020 00:00","BZN|BG","3463.00","3410.00"
"23/07/2020 00:00 - 23/07/2020 01:00","BZN|BG","3225.00","3162.00"
"23/07/2020 01:00 - 23/07/2020 02:00","BZN|BG","3111.00","3038.00"
"23/07/2020 02:00 - 23/07/2020 03:00","BZN|BG","3050.00","2995.00"
"23/07/2020 03:00 - 23/07/2020 04:00","BZN|BG","3039.00","3012.00"
"23/07/2020 04:00 - 23/07/2020 05:00","BZN|BG","3130.00","3095.00"
"23/07/2020 05:00 - 23/07/2020 06:00","BZN|BG","3347.00","3345.00"
"23/07/2020 06:00 - 23/07/2020 07:00","BZN|BG","3704.00","3705.00"
"23/07/2020 07:00 - 23/07/2020 08:00","BZN|BG","4098.00","4035.00"
"23/07/2020 08:00 - 23/07/2020 09:00","BZN|BG","4274.00","4198.00"
"23/07/2020 09:00 - 23/07/2020 10:00","BZN|BG","4314.00","4180.00"
"23/07/2020 10:00 - 23/07/2020 11:00","BZN|BG","4364.00","4179.00"
"23/07/2020 11:00 - 23/07/2020 12:00","BZN|BG","4366.00","4146.00"
"23/07/2020 12:00 - 23/07/2020 13:00","BZN|BG","4461.00","4200.00"
"23/07/2020 13:00 - 23/07/2020 14:00","BZN|BG","4413.00","4130.00"
"23/07/2020 14:00 - 23/07/2020 15:00","BZN|BG","4397.00","4142.00"
"23/07/2020 15:00 - 23/07/2020 16:00","BZN|BG","4371.00","4165.00"
"23/07/2020 16:00 - 23/07/2020 17:00","BZN|BG","4299.00","4135.00"
"23/07/2020 17:00 - 23/07/2020 18:00","BZN|BG","4328.00","4257.00"
"23/07/2020 18:00 - 23/07/2020 19:00","BZN|BG","4321.00","4322.00"
"23/07/2020 19:00 - 23/07/2020 20:00","BZN|BG","4199.00","4212.00"
"23/07/2020 20:00 - 23/07/2020 21:00","BZN|BG","4236.00","4244.00"
"23/07/2020 21:00 - 23/07/2020 22:00","BZN|BG","4051.00","4115.00"
"23/07/2020 22:00 - 23/07/2020 23:00","BZN|BG","3771.00","3824.00"
"23/07/2020 23:00 - 24/07/2020 00:00","BZN|BG","3413.00","3450.00"
"24/07/2020 00:00 - 24/07/2020 01:00","BZN|BG","3176.00","3209.00"
"24/07/2020 01:00 - 24/07/2020 02:00","BZN|BG","3066.00","3090.00"
"24/07/2020 02:00 - 24/07/2020 03:00","BZN|BG","3008.00","3045.00"
"24/07/2020 03:00 - 24/07/2020 04:00","BZN|BG","3000.00","3059.00"
"24/07/2020 04:00 - 24/07/2020 05:00","BZN|BG","3081.00","3138.00"
"24/07/2020 05:00 - 24/07/2020 06:00","BZN|BG","3305.00","3380.00"
"24/07/2020 06:00 - 24/07/2020 07:00","BZN|BG","3640.00","3721.00"
"24/07/2020 07:00 - 24/07/2020 08:00","BZN|BG","3982.00","4035.00"
"24/07/2020 08:00 - 24/07/2020 09:00","BZN|BG","4178.00","4168.00"
"24/07/2020 09:00 - 24/07/2020 10:00","BZN|BG","4211.00","4170.00"
"24/07/2020 10:00 - 24/07/2020 11:00","BZN|BG","4234.00","4191.00"
"24/07/2020 11:00 - 24/07/2020 12:00","BZN|BG","4229.00","4171.00"
"24/07/2020 12:00 - 24/07/2020 13:00","BZN|BG","4271.00","4204.00"
"24/07/2020 13:00 - 24/07/2020 14:00","BZN|BG","4244.00","4172.00"
"24/07/2020 14:00 - 24/07/2020 15:00","BZN|BG","4251.00","4184.00"
"24/07/2020 15:00 - 24/07/2020 16:00","BZN|BG","4227.00","4212.00"
"24/07/2020 16:00 - 24/07/2020 17:00","BZN|BG","4157.00","4182.00"
"24/07/2020 17:00 - 24/07/2020 18:00","BZN|BG","4209.00","4304.00"
"24/07/2020 18:00 - 24/07/2020 19:00","BZN|BG","4207.00","4277.00"
"24/07/2020 19:00 - 24/07/2020 20:00","BZN|BG","4082.00","4245.00"
"24/07/2020 20:00 - 24/07/2020 21:00","BZN|BG","4089.00","4275.00"
"24/07/2020 21:00 - 24/07/2020 22:00","BZN|BG","3913.00","4142.00"
"24/07/2020 22:00 - 24/07/2020 23:00","BZN|BG","3671.00","3846.00"
"24/07/2020 23:00 - 25/07/2020 00:00","BZN|BG","3340.00","3320.00"
"25/07/2020 00:00 - 25/07/2020 01:00","BZN|BG","3108.00","3136.00"
"25/07/2020 01:00 - 25/07/2020 02:00","BZN|BG","2971.00","3038.00"
"25/07/2020 02:00 - 25/07/2020 03:00","BZN|BG","2899.00","2990.00"
"25/07/2020 03:00 - 25/07/2020 04:00","BZN|BG","2881.00","2967.00"
"25/07/2020 04:00 - 25/07/2020 05:00","BZN|BG","2898.00","2974.00"
"25/07/2020 05:00 - 25/07/2020 06:00","BZN|BG","2975.00","3039.00"
"25/07/2020 06:00 - 25/07/2020 07:00","BZN|BG","3265.00","3224.00"
"25/07/2020 07:00 - 25/07/2020 08:00","BZN|BG","3594.00","3501.00"
"25/07/2020 08:00 - 25/07/2020 09:00","BZN|BG","3808.00","3680.00"
"25/07/2020 09:00 - 25/07/2020 10:00","BZN|BG","3906.00","3741.00"
"25/07/2020 10:00 - 25/07/2020 11:00","BZN|BG","3964.00","3805.00"
"25/07/2020 11:00 - 25/07/2020 12:00","BZN|BG","4001.00","3800.00"
"25/07/2020 12:00 - 25/07/2020 13:00","BZN|BG","3967.00","3760.00"
"25/07/2020 13:00 - 25/07/2020 14:00","BZN|BG","3882.00","3725.00"
"25/07/2020 14:00 - 25/07/2020 15:00","BZN|BG","3843.00","3712.00"
"25/07/2020 15:00 - 25/07/2020 16:00","BZN|BG","3858.00","3777.00"
"25/07/2020 16:00 - 25/07/2020 17:00","BZN|BG","3918.00","3871.00"
"25/07/2020 17:00 - 25/07/2020 18:00","BZN|BG","3958.00","3965.00"
"25/07/2020 18:00 - 25/07/2020 19:00","BZN|BG","4003.00","4006.00"
"25/07/2020 19:00 - 25/07/2020 20:00","BZN|BG","3931.00","3938.00"
"25/07/2020 20:00 - 25/07/2020 21:00","BZN|BG","3871.00","3922.00"
"25/07/2020 21:00 - 25/07/2020 22:00","BZN|BG","3734.00","3760.00"
"25/07/2020 22:00 - 25/07/2020 23:00","BZN|BG","3538.00","3518.00"
"25/07/2020 23:00 - 26/07/2020 00:00","BZN|BG","3245.00","3186.00"
"26/07/2020 00:00 - 26/07/2020 01:00","BZN|BG","3056.00","3007.00"
"26/07/2020 01:00 - 26/07/2020 02:00","BZN|BG","2907.00","2892.00"
"26/07/2020 02:00 - 26/07/2020 03:00","BZN|BG","2809.00","2836.00"
"26/07/2020 03:00 - 26/07/2020 04:00","BZN|BG","2787.00","2788.00"
"26/07/2020 04:00 - 26/07/2020 05:00","BZN|BG","2797.00","2801.00"
"26/07/2020 05:00 - 26/07/2020 06:00","BZN|BG","2881.00","2851.00"
"26/07/2020 06:00 - 26/07/2020 07:00","BZN|BG","3077.00","3036.00"
"26/07/2020 07:00 - 26/07/2020 08:00","BZN|BG","3390.00","3256.00"
"26/07/2020 08:00 - 26/07/2020 09:00","BZN|BG","3620.00","3402.00"
"26/07/2020 09:00 - 26/07/2020 10:00","BZN|BG","3768.00","3500.00"
"26/07/2020 10:00 - 26/07/2020 11:00","BZN|BG","3865.00","3540.00"
"26/07/2020 11:00 - 26/07/2020 12:00","BZN|BG","3887.00","3555.00"
"26/07/2020 12:00 - 26/07/2020 13:00","BZN|BG","3829.00","3490.00"
"26/07/2020 13:00 - 26/07/2020 14:00","BZN|BG","3761.00","3418.00"
"26/07/2020 14:00 - 26/07/2020 15:00","BZN|BG","3752.00","3478.00"
"26/07/2020 15:00 - 26/07/2020 16:00","BZN|BG","3789.00","3564.00"
"26/07/2020 16:00 - 26/07/2020 17:00","BZN|BG","3875.00","3694.00"
"26/07/2020 17:00 - 26/07/2020 18:00","BZN|BG","3921.00","3849.00"
"26/07/2020 18:00 - 26/07/2020 19:00","BZN|BG","3938.00","3905.00"
"26/07/2020 19:00 - 26/07/2020 20:00","BZN|BG","3896.00","3846.00"
"26/07/2020 20:00 - 26/07/2020 21:00","BZN|BG","3946.00","3860.00"
"26/07/2020 21:00 - 26/07/2020 22:00","BZN|BG","3834.00","3741.00"
"26/07/2020 22:00 - 26/07/2020 23:00","BZN|BG","3580.00","3383.00"
"26/07/2020 23:00 - 27/07/2020 00:00","BZN|BG","3256.00","3203.00"
"27/07/2020 00:00 - 27/07/2020 01:00","BZN|BG","3036.00","2984.00"
"27/07/2020 01:00 - 27/07/2020 02:00","BZN|BG","2930.00","2881.00"
"27/07/2020 02:00 - 27/07/2020 03:00","BZN|BG","2878.00","2822.00"
"27/07/2020 03:00 - 27/07/2020 04:00","BZN|BG","2905.00","2855.00"
"27/07/2020 04:00 - 27/07/2020 05:00","BZN|BG","2995.00","2955.00"
"27/07/2020 05:00 - 27/07/2020 06:00","BZN|BG","3249.00","3202.00"
"27/07/2020 06:00 - 27/07/2020 07:00","BZN|BG","3616.00","3513.00"
"27/07/2020 07:00 - 27/07/2020 08:00","BZN|BG","3971.00","3774.00"
"27/07/2020 08:00 - 27/07/2020 09:00","BZN|BG","4158.00","3907.00"
"27/07/2020 09:00 - 27/07/2020 10:00","BZN|BG","4213.00","3940.00"
"27/07/2020 10:00 - 27/07/2020 11:00","BZN|BG","4301.00","3967.00"
"27/07/2020 11:00 - 27/07/2020 12:00","BZN|BG","4313.00","3960.00"
"27/07/2020 12:00 - 27/07/2020 13:00","BZN|BG","4399.00","4021.00"
"27/07/2020 13:00 - 27/07/2020 14:00","BZN|BG","4360.00","4001.00"
"27/07/2020 14:00 - 27/07/2020 15:00","BZN|BG","4336.00","4001.00"
"27/07/2020 15:00 - 27/07/2020 16:00","BZN|BG","4286.00","3992.00"
"27/07/2020 16:00 - 27/07/2020 17:00","BZN|BG","4208.00","3990.00"
"27/07/2020 17:00 - 27/07/2020 18:00","BZN|BG","4246.00","4096.00"
"27/07/2020 18:00 - 27/07/2020 19:00","BZN|BG","4194.00","4123.00"
"27/07/2020 19:00 - 27/07/2020 20:00","BZN|BG","4077.00","4038.00"
"27/07/2020 20:00 - 27/07/2020 21:00","BZN|BG","4101.00","4089.00"
"27/07/2020 21:00 - 27/07/2020 22:00","BZN|BG","3966.00","3986.00"
"27/07/2020 22:00 - 27/07/2020 23:00","BZN|BG","3673.00","3704.00"
"27/07/2020 23:00 - 28/07/2020 00:00","BZN|BG","3352.00","3408.00"
"28/07/2020 00:00 - 28/07/2020 01:00","BZN|BG","3149.00","3165.00"
"28/07/2020 01:00 - 28/07/2020 02:00","BZN|BG","3041.00","3044.00"
"28/07/2020 02:00 - 28/07/2020 03:00","BZN|BG","2982.00","2994.00"
"28/07/2020 03:00 - 28/07/2020 04:00","BZN|BG","2970.00","2994.00"
"28/07/2020 04:00 - 28/07/2020 05:00","BZN|BG","3063.00","3073.00"
"28/07/2020 05:00 - 28/07/2020 06:00","BZN|BG","3272.00","3293.00"
"28/07/2020 06:00 - 28/07/2020 07:00","BZN|BG","3624.00","3614.00"
"28/07/2020 07:00 - 28/07/2020 08:00","BZN|BG","3992.00","3929.00"
"28/07/2020 08:00 - 28/07/2020 09:00","BZN|BG","4213.00","4063.00"
"28/07/2020 09:00 - 28/07/2020 10:00","BZN|BG","4231.00","4067.00"
"28/07/2020 10:00 - 28/07/2020 11:00","BZN|BG","4281.00","4096.00"
"28/07/2020 11:00 - 28/07/2020 12:00","BZN|BG","4277.00","4083.00"
"28/07/2020 12:00 - 28/07/2020 13:00","BZN|BG","4396.00","4146.00"
"28/07/2020 13:00 - 28/07/2020 14:00","BZN|BG","4380.00","4077.00"
"28/07/2020 14:00 - 28/07/2020 15:00","BZN|BG","4397.00","4097.00"
"28/07/2020 15:00 - 28/07/2020 16:00","BZN|BG","4385.00","4100.00"
"28/07/2020 16:00 - 28/07/2020 17:00","BZN|BG","4318.00","4060.00"
"28/07/2020 17:00 - 28/07/2020 18:00","BZN|BG","4364.00","4192.00"
"28/07/2020 18:00 - 28/07/2020 19:00","BZN|BG","4344.00","4198.00"
"28/07/2020 19:00 - 28/07/2020 20:00","BZN|BG","4270.00","4117.00"
"28/07/2020 20:00 - 28/07/2020 21:00","BZN|BG","4267.00","4134.00"
"28/07/2020 21:00 - 28/07/2020 22:00","BZN|BG","4122.00","4007.00"
"28/07/2020 22:00 - 28/07/2020 23:00","BZN|BG","3808.00","3808.00"
"28/07/2020 23:00 - 29/07/2020 00:00","BZN|BG","3426.00","3447.00"
"29/07/2020 00:00 - 29/07/2020 01:00","BZN|BG","3216.00","3203.00"
"29/07/2020 01:00 - 29/07/2020 02:00","BZN|BG","3087.00","3084.00"
"29/07/2020 02:00 - 29/07/2020 03:00","BZN|BG","3042.00","3034.00"
"29/07/2020 03:00 - 29/07/2020 04:00","BZN|BG","3041.00","3029.00"
"29/07/2020 04:00 - 29/07/2020 05:00","BZN|BG","3128.00","3119.00"
"29/07/2020 05:00 - 29/07/2020 06:00","BZN|BG","3372.00","3375.00"
"29/07/2020 06:00 - 29/07/2020 07:00","BZN|BG","3725.00","3743.00"
"29/07/2020 07:00 - 29/07/2020 08:00","BZN|BG","4112.00","4000.00"
"29/07/2020 08:00 - 29/07/2020 09:00","BZN|BG","4313.00","4150.00"
"29/07/2020 09:00 - 29/07/2020 10:00","BZN|BG","4339.00","4200.00"
"29/07/2020 10:00 - 29/07/2020 11:00","BZN|BG","4471.00","4264.00"
"29/07/2020 11:00 - 29/07/2020 12:00","BZN|BG","4515.00","4302.00"
"29/07/2020 12:00 - 29/07/2020 13:00","BZN|BG","4587.00","4376.00"
"29/07/2020 13:00 - 29/07/2020 14:00","BZN|BG","4560.00","4383.00"
"29/07/2020 14:00 - 29/07/2020 15:00","BZN|BG","4565.00","4330.00"
"29/07/2020 15:00 - 29/07/2020 16:00","BZN|BG","4553.00","4263.00"
"29/07/2020 16:00 - 29/07/2020 17:00","BZN|BG","4477.00","4240.00"
"29/07/2020 17:00 - 29/07/2020 18:00","BZN|BG","4498.00","4330.00"
"29/07/2020 18:00 - 29/07/2020 19:00","BZN|BG","4524.00","4323.00"
"29/07/2020 19:00 - 29/07/2020 20:00","BZN|BG","4389.00","4220.00"
"29/07/2020 20:00 - 29/07/2020 21:00","BZN|BG","4450.00","4244.00"
"29/07/2020 21:00 - 29/07/2020 22:00","BZN|BG","4221.00","4076.00"
"29/07/2020 22:00 - 29/07/2020 23:00","BZN|BG","3897.00","3807.00"
"29/07/2020 23:00 - 30/07/2020 00:00","BZN|BG","3504.00","3495.00"
"30/07/2020 00:00 - 30/07/2020 01:00","BZN|BG","3257.00","3270.00"
"30/07/2020 01:00 - 30/07/2020 02:00","BZN|BG","3136.00","3160.00"
"30/07/2020 02:00 - 30/07/2020 03:00","BZN|BG","3059.00","3111.00"
"30/07/2020 03:00 - 30/07/2020 04:00","BZN|BG","3063.00","3106.00"
"30/07/2020 04:00 - 30/07/2020 05:00","BZN|BG","3121.00","3194.00"
"30/07/2020 05:00 - 30/07/2020 06:00","BZN|BG","3341.00","3436.00"
"30/07/2020 06:00 - 30/07/2020 07:00","BZN|BG","3690.00","3788.00"
"30/07/2020 07:00 - 30/07/2020 08:00","BZN|BG","4061.00","4128.00"
"30/07/2020 08:00 - 30/07/2020 09:00","BZN|BG","4311.00","4292.00"
"30/07/2020 09:00 - 30/07/2020 10:00","BZN|BG","4440.00","4306.00"
"30/07/2020 10:00 - 30/07/2020 11:00","BZN|BG","4573.00","4347.00"
"30/07/2020 11:00 - 30/07/2020 12:00","BZN|BG","4615.00","4327.00"
"30/07/2020 12:00 - 30/07/2020 13:00","BZN|BG","4670.00","4407.00"
"30/07/2020 13:00 - 30/07/2020 14:00","BZN|BG","4634.00","4407.00"
"30/07/2020 14:00 - 30/07/2020 15:00","BZN|BG","4623.00","4404.00"
"30/07/2020 15:00 - 30/07/2020 16:00","BZN|BG","4610.00","4412.00"
"30/07/2020 16:00 - 30/07/2020 17:00","BZN|BG","4572.00","4380.00"
"30/07/2020 17:00 - 30/07/2020 18:00","BZN|BG","4624.00","4488.00"
"30/07/2020 18:00 - 30/07/2020 19:00","BZN|BG","4583.00","4480.00"
"30/07/2020 19:00 - 30/07/2020 20:00","BZN|BG","4467.00","4380.00"
"30/07/2020 20:00 - 30/07/2020 21:00","BZN|BG","4510.00","4400.00"
"30/07/2020 21:00 - 30/07/2020 22:00","BZN|BG","4298.00","4231.00"
"30/07/2020 22:00 - 30/07/2020 23:00","BZN|BG","3951.00","3939.00"
"30/07/2020 23:00 - 31/07/2020 00:00","BZN|BG","3566.00","3536.00"
"31/07/2020 00:00 - 31/07/2020 01:00","BZN|BG","3285.00","3290.00"
"31/07/2020 01:00 - 31/07/2020 02:00","BZN|BG","3148.00","3168.00"
"31/07/2020 02:00 - 31/07/2020 03:00","BZN|BG","3067.00","3113.00"
"31/07/2020 03:00 - 31/07/2020 04:00","BZN|BG","3063.00","3108.00"
"31/07/2020 04:00 - 31/07/2020 05:00","BZN|BG","3133.00","3194.00"
"31/07/2020 05:00 - 31/07/2020 06:00","BZN|BG","3346.00","3435.00"
"31/07/2020 06:00 - 31/07/2020 07:00","BZN|BG","3708.00","3780.00"
"31/07/2020 07:00 - 31/07/2020 08:00","BZN|BG","4099.00","4055.00"
"31/07/2020 08:00 - 31/07/2020 09:00","BZN|BG","4335.00","4215.00"
"31/07/2020 09:00 - 31/07/2020 10:00","BZN|BG","4479.00","4270.00"
"31/07/2020 10:00 - 31/07/2020 11:00","BZN|BG","4588.00","4337.00"
"31/07/2020 11:00 - 31/07/2020 12:00","BZN|BG","4625.00","4327.00"
"31/07/2020 12:00 - 31/07/2020 13:00","BZN|BG","4675.00","4408.00"
"31/07/2020 13:00 - 31/07/2020 14:00","BZN|BG","4611.00","4404.00"
"31/07/2020 14:00 - 31/07/2020 15:00","BZN|BG","4583.00","4404.00"
"31/07/2020 15:00 - 31/07/2020 16:00","BZN|BG","4571.00","4414.00"
"31/07/2020 16:00 - 31/07/2020 17:00","BZN|BG","4538.00","4377.00"
"31/07/2020 17:00 - 31/07/2020 18:00","BZN|BG","4573.00","4492.00"
"31/07/2020 18:00 - 31/07/2020 19:00","BZN|BG","4506.00","4500.00"
"31/07/2020 19:00 - 31/07/2020 20:00","BZN|BG","4387.00","4381.00"
"31/07/2020 20:00 - 31/07/2020 21:00","BZN|BG","4395.00","4409.00"
"31/07/2020 21:00 - 31/07/2020 22:00","BZN|BG","4177.00","4211.00"
"31/07/2020 22:00 - 31/07/2020 23:00","BZN|BG","3922.00","3878.00"
"31/07/2020 23:00 - 01/08/2020 00:00","BZN|BG","3552.00","3439.00"
"01/08/2020 00:00 - 01/08/2020 01:00","BZN|BG","3271.00","3203.00"
"01/08/2020 01:00 - 01/08/2020 02:00","BZN|BG","3146.00","3073.00"
"01/08/2020 02:00 - 01/08/2020 03:00","BZN|BG","3058.00","2997.00"
"01/08/2020 03:00 - 01/08/2020 04:00","BZN|BG","3035.00","2983.00"
"01/08/2020 04:00 - 01/08/2020 05:00","BZN|BG","3031.00","2997.00"
"01/08/2020 05:00 - 01/08/2020 06:00","BZN|BG","3089.00","3082.00"
"01/08/2020 06:00 - 01/08/2020 07:00","BZN|BG","3362.00","3379.00"
"01/08/2020 07:00 - 01/08/2020 08:00","BZN|BG","3728.00","3706.00"
"01/08/2020 08:00 - 01/08/2020 09:00","BZN|BG","3975.00","3908.00"
"01/08/2020 09:00 - 01/08/2020 10:00","BZN|BG","4126.00","3964.00"
"01/08/2020 10:00 - 01/08/2020 11:00","BZN|BG","4213.00","4025.00"
"01/08/2020 11:00 - 01/08/2020 12:00","BZN|BG","4244.00","4069.00"
"01/08/2020 12:00 - 01/08/2020 13:00","BZN|BG","4178.00","4050.00"
"01/08/2020 13:00 - 01/08/2020 14:00","BZN|BG","4095.00","4013.00"
"01/08/2020 14:00 - 01/08/2020 15:00","BZN|BG","4039.00","3996.00"
"01/08/2020 15:00 - 01/08/2020 16:00","BZN|BG","4089.00","4042.00"
"01/08/2020 16:00 - 01/08/2020 17:00","BZN|BG","4141.00","4133.00"
"01/08/2020 17:00 - 01/08/2020 18:00","BZN|BG","4145.00","4198.00"
"01/08/2020 18:00 - 01/08/2020 19:00","BZN|BG","4113.00","4231.00"
"01/08/2020 19:00 - 01/08/2020 20:00","BZN|BG","4033.00","4178.00"
"01/08/2020 20:00 - 01/08/2020 21:00","BZN|BG","4034.00","4088.00"
"01/08/2020 21:00 - 01/08/2020 22:00","BZN|BG","3893.00","3935.00"
"01/08/2020 22:00 - 01/08/2020 23:00","BZN|BG","3681.00","3681.00"
"01/08/2020 23:00 - 02/08/2020 00:00","BZN|BG","3386.00","3353.00"
"02/08/2020 00:00 - 02/08/2020 01:00","BZN|BG","3151.00","3147.00"
"02/08/2020 01:00 - 02/08/2020 02:00","BZN|BG","3033.00","2988.00"
"02/08/2020 02:00 - 02/08/2020 03:00","BZN|BG","2965.00","2877.00"
"02/08/2020 03:00 - 02/08/2020 04:00","BZN|BG","2940.00","2862.00"
"02/08/2020 04:00 - 02/08/2020 05:00","BZN|BG","2939.00","2875.00"
"02/08/2020 05:00 - 02/08/2020 06:00","BZN|BG","2974.00","2952.00"
"02/08/2020 06:00 - 02/08/2020 07:00","BZN|BG","3153.00","3138.00"
"02/08/2020 07:00 - 02/08/2020 08:00","BZN|BG","3434.00","3444.00"
"02/08/2020 08:00 - 02/08/2020 09:00","BZN|BG","3706.00","3642.00"
"02/08/2020 09:00 - 02/08/2020 10:00","BZN|BG","3841.00","3757.00"
"02/08/2020 10:00 - 02/08/2020 11:00","BZN|BG","3912.00","3856.00"
"02/08/2020 11:00 - 02/08/2020 12:00","BZN|BG","3945.00","3870.00"
"02/08/2020 12:00 - 02/08/2020 13:00","BZN|BG","3924.00","3827.00"
"02/08/2020 13:00 - 02/08/2020 14:00","BZN|BG","3874.00","3795.00"
"02/08/2020 14:00 - 02/08/2020 15:00","BZN|BG","3881.00","3815.00"
"02/08/2020 15:00 - 02/08/2020 16:00","BZN|BG","3946.00","3947.00"
"02/08/2020 16:00 - 02/08/2020 17:00","BZN|BG","4007.00","4119.00"
"02/08/2020 17:00 - 02/08/2020 18:00","BZN|BG","4051.00","4220.00"
"02/08/2020 18:00 - 02/08/2020 19:00","BZN|BG","4074.00","4245.00"
"02/08/2020 19:00 - 02/08/2020 20:00","BZN|BG","4010.00","4211.00"
"02/08/2020 20:00 - 02/08/2020 21:00","BZN|BG","4058.00","4275.00"
"02/08/2020 21:00 - 02/08/2020 22:00","BZN|BG","3925.00","4090.00"
"02/08/2020 22:00 - 02/08/2020 23:00","BZN|BG","3651.00","3683.00"
"02/08/2020 23:00 - 03/08/2020 00:00","BZN|BG","3311.00","3260.00"
"03/08/2020 00:00 - 03/08/2020 01:00","BZN|BG","3096.00","3041.00"
"03/08/2020 01:00 - 03/08/2020 02:00","BZN|BG","2982.00","2921.00"
"03/08/2020 02:00 - 03/08/2020 03:00","BZN|BG","2932.00","2871.00"
"03/08/2020 03:00 - 03/08/2020 04:00","BZN|BG","2947.00","2905.00"
"03/08/2020 04:00 - 03/08/2020 05:00","BZN|BG","3021.00","2991.00"
"03/08/2020 05:00 - 03/08/2020 06:00","BZN|BG","3222.00","3206.00"
"03/08/2020 06:00 - 03/08/2020 07:00","BZN|BG","3568.00","3527.00"
"03/08/2020 07:00 - 03/08/2020 08:00","BZN|BG","3883.00","3819.00"
"03/08/2020 08:00 - 03/08/2020 09:00","BZN|BG","4132.00","3956.00"
"03/08/2020 09:00 - 03/08/2020 10:00","BZN|BG","4192.00","3968.00"
"03/08/2020 10:00 - 03/08/2020 11:00","BZN|BG","4253.00","4040.00"
"03/08/2020 11:00 - 03/08/2020 12:00","BZN|BG","4263.00","4041.00"
"03/08/2020 12:00 - 03/08/2020 13:00","BZN|BG","4316.00","4136.00"
"03/08/2020 13:00 - 03/08/2020 14:00","BZN|BG","4304.00","4158.00"
"03/08/2020 14:00 - 03/08/2020 15:00","BZN|BG","4305.00","4130.00"
"03/08/2020 15:00 - 03/08/2020 16:00","BZN|BG","4303.00","4077.00"
"03/08/2020 16:00 - 03/08/2020 17:00","BZN|BG","4245.00","3967.00"
"03/08/2020 17:00 - 03/08/2020 18:00","BZN|BG","4274.00","4292.00"
"03/08/2020 18:00 - 03/08/2020 19:00","BZN|BG","4253.00","4235.00"
"03/08/2020 19:00 - 03/08/2020 20:00","BZN|BG","4137.00","4119.00"
"03/08/2020 20:00 - 03/08/2020 21:00","BZN|BG","4162.00","4134.00"
"03/08/2020 21:00 - 03/08/2020 22:00","BZN|BG","3973.00","4003.00"
"03/08/2020 22:00 - 03/08/2020 23:00","BZN|BG","3712.00","3720.00"
"03/08/2020 23:00 - 04/08/2020 00:00","BZN|BG","3353.00","3413.00"
"04/08/2020 00:00 - 04/08/2020 01:00","BZN|BG","3117.00","3202.00"
"04/08/2020 01:00 - 04/08/2020 02:00","BZN|BG","2997.00","3103.00"
"04/08/2020 02:00 - 04/08/2020 03:00","BZN|BG","2931.00","3044.00"
"04/08/2020 03:00 - 04/08/2020 04:00","BZN|BG","2948.00","3041.00"
"04/08/2020 04:00 - 04/08/2020 05:00","BZN|BG","3023.00","3110.00"
"04/08/2020 05:00 - 04/08/2020 06:00","BZN|BG","3202.00","3318.00"
"04/08/2020 06:00 - 04/08/2020 07:00","BZN|BG","3542.00","3622.00"
"04/08/2020 07:00 - 04/08/2020 08:00","BZN|BG","3875.00","3933.00"
"04/08/2020 08:00 - 04/08/2020 09:00","BZN|BG","4112.00","4095.00"
"04/08/2020 09:00 - 04/08/2020 10:00","BZN|BG","4180.00","4124.00"
"04/08/2020 10:00 - 04/08/2020 11:00","BZN|BG","4255.00","4190.00"
"04/08/2020 11:00 - 04/08/2020 12:00","BZN|BG","4274.00","4197.00"
"04/08/2020 12:00 - 04/08/2020 13:00","BZN|BG","4328.00","4265.00"
"04/08/2020 13:00 - 04/08/2020 14:00","BZN|BG","4336.00","4209.00"
"04/08/2020 14:00 - 04/08/2020 15:00","BZN|BG","4358.00","4223.00"
"04/08/2020 15:00 - 04/08/2020 16:00","BZN|BG","4387.00","4236.00"
"04/08/2020 16:00 - 04/08/2020 17:00","BZN|BG","4329.00","4227.00"
"04/08/2020 17:00 - 04/08/2020 18:00","BZN|BG","4351.00","4292.00"
"04/08/2020 18:00 - 04/08/2020 19:00","BZN|BG","4323.00","4301.00"
"04/08/2020 19:00 - 04/08/2020 20:00","BZN|BG","4196.00","4211.00"
"04/08/2020 20:00 - 04/08/2020 21:00","BZN|BG","4222.00","4229.00"
"04/08/2020 21:00 - 04/08/2020 22:00","BZN|BG","4024.00","4060.00"
"04/08/2020 22:00 - 04/08/2020 23:00","BZN|BG","3723.00","3815.00"
"04/08/2020 23:00 - 05/08/2020 00:00","BZN|BG","3393.00","3360.00"
"05/08/2020 00:00 - 05/08/2020 01:00","BZN|BG","3161.00","3138.00"
"05/08/2020 01:00 - 05/08/2020 02:00","BZN|BG","3032.00","3031.00"
"05/08/2020 02:00 - 05/08/2020 03:00","BZN|BG","2959.00","2967.00"
"05/08/2020 03:00 - 05/08/2020 04:00","BZN|BG","2961.00","2966.00"
"05/08/2020 04:00 - 05/08/2020 05:00","BZN|BG","3041.00","3030.00"
"05/08/2020 05:00 - 05/08/2020 06:00","BZN|BG","3250.00","3225.00"
"05/08/2020 06:00 - 05/08/2020 07:00","BZN|BG","3592.00","3512.00"
"05/08/2020 07:00 - 05/08/2020 08:00","BZN|BG","3983.00","3807.00"
"05/08/2020 08:00 - 05/08/2020 09:00","BZN|BG","4168.00","3962.00"
"05/08/2020 09:00 - 05/08/2020 10:00","BZN|BG","4160.00","4000.00"
"05/08/2020 10:00 - 05/08/2020 11:00","BZN|BG","4232.00","4074.00"
"05/08/2020 11:00 - 05/08/2020 12:00","BZN|BG","4253.00","4093.00"
"05/08/2020 12:00 - 05/08/2020 13:00","BZN|BG","4338.00","4160.00"
"05/08/2020 13:00 - 05/08/2020 14:00","BZN|BG","4255.00","4141.00"
"05/08/2020 14:00 - 05/08/2020 15:00","BZN|BG","4213.00","4163.00"
"05/08/2020 15:00 - 05/08/2020 16:00","BZN|BG","4205.00","4184.00"
"05/08/2020 16:00 - 05/08/2020 17:00","BZN|BG","4167.00","4176.00"
"05/08/2020 17:00 - 05/08/2020 18:00","BZN|BG","4195.00","4273.00"
"05/08/2020 18:00 - 05/08/2020 19:00","BZN|BG","4146.00","4262.00"
"05/08/2020 19:00 - 05/08/2020 20:00","BZN|BG","4092.00","4173.00"
"05/08/2020 20:00 - 05/08/2020 21:00","BZN|BG","4093.00","4195.00"
"05/08/2020 21:00 - 05/08/2020 22:00","BZN|BG","3862.00","4018.00"
"05/08/2020 22:00 - 05/08/2020 23:00","BZN|BG","3575.00","3740.00"
"05/08/2020 23:00 - 06/08/2020 00:00","BZN|BG","3244.00","3367.00"
"06/08/2020 00:00 - 06/08/2020 01:00","BZN|BG","2995.00","3137.00"
"06/08/2020 01:00 - 06/08/2020 02:00","BZN|BG","2895.00","3024.00"
"06/08/2020 02:00 - 06/08/2020 03:00","BZN|BG","2848.00","2958.00"
"06/08/2020 03:00 - 06/08/2020 04:00","BZN|BG","2864.00","2961.00"
"06/08/2020 04:00 - 06/08/2020 05:00","BZN|BG","2924.00","3031.00"
"06/08/2020 05:00 - 06/08/2020 06:00","BZN|BG","3139.00","3229.00"
"06/08/2020 06:00 - 06/08/2020 07:00","BZN|BG","3458.00","3531.00"
"06/08/2020 07:00 - 06/08/2020 08:00","BZN|BG","3833.00","3910.00"
"06/08/2020 08:00 - 06/08/2020 09:00","BZN|BG","4021.00","4043.00"
"06/08/2020 09:00 - 06/08/2020 10:00","BZN|BG","4096.00","4116.00"
"06/08/2020 10:00 - 06/08/2020 11:00","BZN|BG","4164.00","4131.00"
"06/08/2020 11:00 - 06/08/2020 12:00","BZN|BG","4150.00","4170.00"
"06/08/2020 12:00 - 06/08/2020 13:00","BZN|BG","4195.00","4199.00"
"06/08/2020 13:00 - 06/08/2020 14:00","BZN|BG","4203.00","4180.00"
"06/08/2020 14:00 - 06/08/2020 15:00","BZN|BG","4184.00","4190.00"
"06/08/2020 15:00 - 06/08/2020 16:00","BZN|BG","4177.00","4207.00"
"06/08/2020 16:00 - 06/08/2020 17:00","BZN|BG","4123.00","4198.00"
"06/08/2020 17:00 - 06/08/2020 18:00","BZN|BG","4152.00","4292.00"
"06/08/2020 18:00 - 06/08/2020 19:00","BZN|BG","4135.00","4278.00"
"06/08/2020 19:00 - 06/08/2020 20:00","BZN|BG","4122.00","4172.00"
"06/08/2020 20:00 - 06/08/2020 21:00","BZN|BG","4137.00","4198.00"
"06/08/2020 21:00 - 06/08/2020 22:00","BZN|BG","3916.00","3994.00"
"06/08/2020 22:00 - 06/08/2020 23:00","BZN|BG","3656.00","3681.00"
"06/08/2020 23:00 - 07/08/2020 00:00","BZN|BG","3329.00","3234.00"
"07/08/2020 00:00 - 07/08/2020 01:00","BZN|BG","3107.00","3016.00"
"07/08/2020 01:00 - 07/08/2020 02:00","BZN|BG","2979.00","2906.00"
"07/08/2020 02:00 - 07/08/2020 03:00","BZN|BG","2927.00","2844.00"
"07/08/2020 03:00 - 07/08/2020 04:00","BZN|BG","2910.00","2847.00"
"07/08/2020 04:00 - 07/08/2020 05:00","BZN|BG","2998.00","2912.00"
"07/08/2020 05:00 - 07/08/2020 06:00","BZN|BG","3212.00","3099.00"
"07/08/2020 06:00 - 07/08/2020 07:00","BZN|BG","3542.00","3405.00"
"07/08/2020 07:00 - 07/08/2020 08:00","BZN|BG","3879.00","3702.00"
"07/08/2020 08:00 - 07/08/2020 09:00","BZN|BG","4045.00","3889.00"
"07/08/2020 09:00 - 07/08/2020 10:00","BZN|BG","4055.00","3905.00"
"07/08/2020 10:00 - 07/08/2020 11:00","BZN|BG","4080.00","3977.00"
"07/08/2020 11:00 - 07/08/2020 12:00","BZN|BG","4106.00","4001.00"
"07/08/2020 12:00 - 07/08/2020 13:00","BZN|BG","4214.00","4028.00"
"07/08/2020 13:00 - 07/08/2020 14:00","BZN|BG","4193.00","3975.00"
"07/08/2020 14:00 - 07/08/2020 15:00","BZN|BG","4189.00","3964.00"
"07/08/2020 15:00 - 07/08/2020 16:00","BZN|BG","4168.00","3993.00"
"07/08/2020 16:00 - 07/08/2020 17:00","BZN|BG","4131.00","3989.00"
"07/08/2020 17:00 - 07/08/2020 18:00","BZN|BG","4190.00","4059.00"
"07/08/2020 18:00 - 07/08/2020 19:00","BZN|BG","4201.00","4029.00"
"07/08/2020 19:00 - 07/08/2020 20:00","BZN|BG","4159.00","3947.00"
"07/08/2020 20:00 - 07/08/2020 21:00","BZN|BG","4092.00","3963.00"
"07/08/2020 21:00 - 07/08/2020 22:00","BZN|BG","3880.00","3791.00"
"07/08/2020 22:00 - 07/08/2020 23:00","BZN|BG","3631.00","3535.00"
"07/08/2020 23:00 - 08/08/2020 00:00","BZN|BG","3249.00","3293.00"
"08/08/2020 00:00 - 08/08/2020 01:00","BZN|BG","3051.00","3064.00"
"08/08/2020 01:00 - 08/08/2020 02:00","BZN|BG","2926.00","2964.00"
"08/08/2020 02:00 - 08/08/2020 03:00","BZN|BG","2863.00","2895.00"
"08/08/2020 03:00 - 08/08/2020 04:00","BZN|BG","2843.00","2874.00"
"08/08/2020 04:00 - 08/08/2020 05:00","BZN|BG","2830.00","2880.00"
"08/08/2020 05:00 - 08/08/2020 06:00","BZN|BG","2884.00","2922.00"
"08/08/2020 06:00 - 08/08/2020 07:00","BZN|BG","3166.00","3123.00"
"08/08/2020 07:00 - 08/08/2020 08:00","BZN|BG","3496.00","3385.00"
"08/08/2020 08:00 - 08/08/2020 09:00","BZN|BG","3620.00","3546.00"
"08/08/2020 09:00 - 08/08/2020 10:00","BZN|BG","3710.00","3647.00"
"08/08/2020 10:00 - 08/08/2020 11:00","BZN|BG","3805.00","3705.00"
"08/08/2020 11:00 - 08/08/2020 12:00","BZN|BG","3851.00","3714.00"
"08/08/2020 12:00 - 08/08/2020 13:00","BZN|BG","3844.00","3688.00"
"08/08/2020 13:00 - 08/08/2020 14:00","BZN|BG","3789.00","3659.00"
"08/08/2020 14:00 - 08/08/2020 15:00","BZN|BG","3736.00","3644.00"
"08/08/2020 15:00 - 08/08/2020 16:00","BZN|BG","3723.00","3743.00"
"08/08/2020 16:00 - 08/08/2020 17:00","BZN|BG","3796.00","3815.00"
"08/08/2020 17:00 - 08/08/2020 18:00","BZN|BG","3842.00","3827.00"
"08/08/2020 18:00 - 08/08/2020 19:00","BZN|BG","3867.00","3813.00"
"08/08/2020 19:00 - 08/08/2020 20:00","BZN|BG","3835.00","3729.00"
"08/08/2020 20:00 - 08/08/2020 21:00","BZN|BG","3745.00","3744.00"
"08/08/2020 21:00 - 08/08/2020 22:00","BZN|BG","3563.00","3617.00"
"08/08/2020 22:00 - 08/08/2020 23:00","BZN|BG","3404.00","3420.00"
"08/08/2020 23:00 - 09/08/2020 00:00","BZN|BG","3264.00","3166.00"
"09/08/2020 00:00 - 09/08/2020 01:00","BZN|BG","3064.00","2965.00"
"09/08/2020 01:00 - 09/08/2020 02:00","BZN|BG","2951.00","2862.00"
"09/08/2020 02:00 - 09/08/2020 03:00","BZN|BG","2881.00","2810.00"
"09/08/2020 03:00 - 09/08/2020 04:00","BZN|BG","2857.00","2774.00"
"09/08/2020 04:00 - 09/08/2020 05:00","BZN|BG","2878.00","2784.00"
"09/08/2020 05:00 - 09/08/2020 06:00","BZN|BG","2910.00","2806.00"
"09/08/2020 06:00 - 09/08/2020 07:00","BZN|BG","3126.00","2970.00"
"09/08/2020 07:00 - 09/08/2020 08:00","BZN|BG","3430.00","3250.00"
"09/08/2020 08:00 - 09/08/2020 09:00","BZN|BG","3701.00","3508.00"
"09/08/2020 09:00 - 09/08/2020 10:00","BZN|BG","3875.00","3618.00"
"09/08/2020 10:00 - 09/08/2020 11:00","BZN|BG","3942.00","3708.00"
"09/08/2020 11:00 - 09/08/2020 12:00","BZN|BG","3978.00","3703.00"
"09/08/2020 12:00 - 09/08/2020 13:00","BZN|BG","3936.00","3694.00"
"09/08/2020 13:00 - 09/08/2020 14:00","BZN|BG","3884.00","3684.00"
"09/08/2020 14:00 - 09/08/2020 15:00","BZN|BG","3863.00","3724.00"
"09/08/2020 15:00 - 09/08/2020 16:00","BZN|BG","3909.00","3814.00"
"09/08/2020 16:00 - 09/08/2020 17:00","BZN|BG","3970.00","3915.00"
"09/08/2020 17:00 - 09/08/2020 18:00","BZN|BG","4021.00","4004.00"
"09/08/2020 18:00 - 09/08/2020 19:00","BZN|BG","4018.00","4052.00"
"09/08/2020 19:00 - 09/08/2020 20:00","BZN|BG","3992.00","4036.00"
"09/08/2020 20:00 - 09/08/2020 21:00","BZN|BG","4044.00","3980.00"
"09/08/2020 21:00 - 09/08/2020 22:00","BZN|BG","3868.00","3899.00"
"09/08/2020 22:00 - 09/08/2020 23:00","BZN|BG","3577.00","3523.00"
"09/08/2020 23:00 - 10/08/2020 00:00","BZN|BG","3244.00","3303.00"
"10/08/2020 00:00 - 10/08/2020 01:00","BZN|BG","3031.00","3090.00"
"10/08/2020 01:00 - 10/08/2020 02:00","BZN|BG","2898.00","2981.00"
"10/08/2020 02:00 - 10/08/2020 03:00","BZN|BG","2830.00","2932.00"
"10/08/2020 03:00 - 10/08/2020 04:00","BZN|BG","2856.00","2946.00"
"10/08/2020 04:00 - 10/08/2020 05:00","BZN|BG","2952.00","3021.00"
"10/08/2020 05:00 - 10/08/2020 06:00","BZN|BG","3187.00","3211.00"
"10/08/2020 06:00 - 10/08/2020 07:00","BZN|BG","3500.00","3514.00"
"10/08/2020 07:00 - 10/08/2020 08:00","BZN|BG","3832.00","3769.00"
"10/08/2020 08:00 - 10/08/2020 09:00","BZN|BG","4062.00","3969.00"
"10/08/2020 09:00 - 10/08/2020 10:00","BZN|BG","4182.00","3982.00"
"10/08/2020 10:00 - 10/08/2020 11:00","BZN|BG","4235.00","4016.00"
"10/08/2020 11:00 - 10/08/2020 12:00","BZN|BG","4272.00","4016.00"
"10/08/2020 12:00 - 10/08/2020 13:00","BZN|BG","4338.00","4068.00"
"10/08/2020 13:00 - 10/08/2020 14:00","BZN|BG","4326.00","4111.00"
"10/08/2020 14:00 - 10/08/2020 15:00","BZN|BG","4325.00","4132.00"
"10/08/2020 15:00 - 10/08/2020 16:00","BZN|BG","4313.00","4189.00"
"10/08/2020 16:00 - 10/08/2020 17:00","BZN|BG","4247.00","4189.00"
"10/08/2020 17:00 - 10/08/2020 18:00","BZN|BG","4275.00","4248.00"
"10/08/2020 18:00 - 10/08/2020 19:00","BZN|BG","4230.00","4242.00"
"10/08/2020 19:00 - 10/08/2020 20:00","BZN|BG","4184.00","4127.00"
"10/08/2020 20:00 - 10/08/2020 21:00","BZN|BG","4206.00","4150.00"
"10/08/2020 21:00 - 10/08/2020 22:00","BZN|BG","3984.00","3971.00"
"10/08/2020 22:00 - 10/08/2020 23:00","BZN|BG","3690.00","3716.00"
"10/08/2020 23:00 - 11/08/2020 00:00","BZN|BG","3356.00","3287.00"
"11/08/2020 00:00 - 11/08/2020 01:00","BZN|BG","3113.00","3106.00"
"11/08/2020 01:00 - 11/08/2020 02:00","BZN|BG","2988.00","3018.00"
"11/08/2020 02:00 - 11/08/2020 03:00","BZN|BG","2933.00","2972.00"
"11/08/2020 03:00 - 11/08/2020 04:00","BZN|BG","2920.00","2977.00"
"11/08/2020 04:00 - 11/08/2020 05:00","BZN|BG","2973.00","3046.00"
"11/08/2020 05:00 - 11/08/2020 06:00","BZN|BG","3198.00","3234.00"
"11/08/2020 06:00 - 11/08/2020 07:00","BZN|BG","3517.00","3524.00"
"11/08/2020 07:00 - 11/08/2020 08:00","BZN|BG","3871.00","3830.00"
"11/08/2020 08:00 - 11/08/2020 09:00","BZN|BG","4114.00","3984.00"
"11/08/2020 09:00 - 11/08/2020 10:00","BZN|BG","4183.00","4014.00"
"11/08/2020 10:00 - 11/08/2020 11:00","BZN|BG","4260.00","4066.00"
"11/08/2020 11:00 - 11/08/2020 12:00","BZN|BG","4281.00","4077.00"
"11/08/2020 12:00 - 11/08/2020 13:00","BZN|BG","4349.00","4133.00"
"11/08/2020 13:00 - 11/08/2020 14:00","BZN|BG","4325.00","3988.00"
"11/08/2020 14:00 - 11/08/2020 15:00","BZN|BG","4325.00","4004.00"
"11/08/2020 15:00 - 11/08/2020 16:00","BZN|BG","4310.00","4047.00"
"11/08/2020 16:00 - 11/08/2020 17:00","BZN|BG","4256.00","4025.00"
"11/08/2020 17:00 - 11/08/2020 18:00","BZN|BG","4290.00","4146.00"
"11/08/2020 18:00 - 11/08/2020 19:00","BZN|BG","4227.00","4148.00"
"11/08/2020 19:00 - 11/08/2020 20:00","BZN|BG","4216.00","4083.00"
"11/08/2020 20:00 - 11/08/2020 21:00","BZN|BG","4224.00","4087.00"
"11/08/2020 21:00 - 11/08/2020 22:00","BZN|BG","4005.00","3916.00"
"11/08/2020 22:00 - 11/08/2020 23:00","BZN|BG","3717.00","3702.00"
"11/08/2020 23:00 - 12/08/2020 00:00","BZN|BG","3340.00","3328.00"
"12/08/2020 00:00 - 12/08/2020 01:00","BZN|BG","3130.00","3091.00"
"12/08/2020 01:00 - 12/08/2020 02:00","BZN|BG","3008.00","2975.00"
"12/08/2020 02:00 - 12/08/2020 03:00","BZN|BG","2950.00","2918.00"
"12/08/2020 03:00 - 12/08/2020 04:00","BZN|BG","2955.00","2924.00"
"12/08/2020 04:00 - 12/08/2020 05:00","BZN|BG","3023.00","3004.00"
"12/08/2020 05:00 - 12/08/2020 06:00","BZN|BG","3229.00","3213.00"
"12/08/2020 06:00 - 12/08/2020 07:00","BZN|BG","3556.00","3536.00"
"12/08/2020 07:00 - 12/08/2020 08:00","BZN|BG","3966.00","3874.00"
"12/08/2020 08:00 - 12/08/2020 09:00","BZN|BG","4148.00","4040.00"
"12/08/2020 09:00 - 12/08/2020 10:00","BZN|BG","4201.00","4053.00"
"12/08/2020 10:00 - 12/08/2020 11:00","BZN|BG","4295.00","4103.00"
"12/08/2020 11:00 - 12/08/2020 12:00","BZN|BG","4357.00","4110.00"
"12/08/2020 12:00 - 12/08/2020 13:00","BZN|BG","4373.00","4171.00"
"12/08/2020 13:00 - 12/08/2020 14:00","BZN|BG","4279.00","4160.00"
"12/08/2020 14:00 - 12/08/2020 15:00","BZN|BG","4256.00","4167.00"
"12/08/2020 15:00 - 12/08/2020 16:00","BZN|BG","4254.00","4188.00"
"12/08/2020 16:00 - 12/08/2020 17:00","BZN|BG","4214.00","4172.00"
"12/08/2020 17:00 - 12/08/2020 18:00","BZN|BG","4230.00","4247.00"
"12/08/2020 18:00 - 12/08/2020 19:00","BZN|BG","4255.00","4256.00"
"12/08/2020 19:00 - 12/08/2020 20:00","BZN|BG","4255.00","4179.00"
"12/08/2020 20:00 - 12/08/2020 21:00","BZN|BG","4201.00","4182.00"
"12/08/2020 21:00 - 12/08/2020 22:00","BZN|BG","3922.00","3948.00"
"12/08/2020 22:00 - 12/08/2020 23:00","BZN|BG","3627.00","3650.00"
"12/08/2020 23:00 - 13/08/2020 00:00","BZN|BG","3297.00","3322.00"
"13/08/2020 00:00 - 13/08/2020 01:00","BZN|BG","3089.00","3101.00"
"13/08/2020 01:00 - 13/08/2020 02:00","BZN|BG","2963.00","2992.00"
"13/08/2020 02:00 - 13/08/2020 03:00","BZN|BG","2918.00","2938.00"
"13/08/2020 03:00 - 13/08/2020 04:00","BZN|BG","2922.00","2941.00"
"13/08/2020 04:00 - 13/08/2020 05:00","BZN|BG","3016.00","3016.00"
"13/08/2020 05:00 - 13/08/2020 06:00","BZN|BG","3214.00","3227.00"
"13/08/2020 06:00 - 13/08/2020 07:00","BZN|BG","3540.00","3544.00"
"13/08/2020 07:00 - 13/08/2020 08:00","BZN|BG","3886.00","3876.00"
"13/08/2020 08:00 - 13/08/2020 09:00","BZN|BG","4113.00","4047.00"
"13/08/2020 09:00 - 13/08/2020 10:00","BZN|BG","4173.00","4064.00"
"13/08/2020 10:00 - 13/08/2020 11:00","BZN|BG","4269.00","4114.00"
"13/08/2020 11:00 - 13/08/2020 12:00","BZN|BG","4298.00","4126.00"
"13/08/2020 12:00 - 13/08/2020 13:00","BZN|BG","4354.00","4195.00"
"13/08/2020 13:00 - 13/08/2020 14:00","BZN|BG","4320.00","4186.00"
"13/08/2020 14:00 - 13/08/2020 15:00","BZN|BG","4279.00","4176.00"
"13/08/2020 15:00 - 13/08/2020 16:00","BZN|BG","4294.00","4175.00"
"13/08/2020 16:00 - 13/08/2020 17:00","BZN|BG","4223.00","4146.00"
"13/08/2020 17:00 - 13/08/2020 18:00","BZN|BG","4222.00","4256.00"
"13/08/2020 18:00 - 13/08/2020 19:00","BZN|BG","4218.00","4240.00"
"13/08/2020 19:00 - 13/08/2020 20:00","BZN|BG","4197.00","4192.00"
"13/08/2020 20:00 - 13/08/2020 21:00","BZN|BG","4212.00","4193.00"
"13/08/2020 21:00 - 13/08/2020 22:00","BZN|BG","3956.00","3989.00"
"13/08/2020 22:00 - 13/08/2020 23:00","BZN|BG","3642.00","3714.00"
"13/08/2020 23:00 - 14/08/2020 00:00","BZN|BG","3321.00","3304.00"
"14/08/2020 00:00 - 14/08/2020 01:00","BZN|BG","3097.00","3086.00"
"14/08/2020 01:00 - 14/08/2020 02:00","BZN|BG","2977.00","2981.00"
"14/08/2020 02:00 - 14/08/2020 03:00","BZN|BG","2921.00","2928.00"
"14/08/2020 03:00 - 14/08/2020 04:00","BZN|BG","2933.00","2933.00"
"14/08/2020 04:00 - 14/08/2020 05:00","BZN|BG","3021.00","3003.00"
"14/08/2020 05:00 - 14/08/2020 06:00","BZN|BG","3205.00","3212.00"
"14/08/2020 06:00 - 14/08/2020 07:00","BZN|BG","3534.00","3525.00"
"14/08/2020 07:00 - 14/08/2020 08:00","BZN|BG","3897.00","3862.00"
"14/08/2020 08:00 - 14/08/2020 09:00","BZN|BG","4100.00","4024.00"
"14/08/2020 09:00 - 14/08/2020 10:00","BZN|BG","4172.00","4042.00"
"14/08/2020 10:00 - 14/08/2020 11:00","BZN|BG","4251.00","4095.00"
"14/08/2020 11:00 - 14/08/2020 12:00","BZN|BG","4251.00","4119.00"
"14/08/2020 12:00 - 14/08/2020 13:00","BZN|BG","4315.00","4184.00"
"14/08/2020 13:00 - 14/08/2020 14:00","BZN|BG","4273.00","4127.00"
"14/08/2020 14:00 - 14/08/2020 15:00","BZN|BG","4274.00","4143.00"
"14/08/2020 15:00 - 14/08/2020 16:00","BZN|BG","4267.00","4165.00"
"14/08/2020 16:00 - 14/08/2020 17:00","BZN|BG","4210.00","4143.00"
"14/08/2020 17:00 - 14/08/2020 18:00","BZN|BG","4206.00","4216.00"
"14/08/2020 18:00 - 14/08/2020 19:00","BZN|BG","4171.00","4212.00"
"14/08/2020 19:00 - 14/08/2020 20:00","BZN|BG","4153.00","4158.00"
"14/08/2020 20:00 - 14/08/2020 21:00","BZN|BG","4123.00","4154.00"
"14/08/2020 21:00 - 14/08/2020 22:00","BZN|BG","3878.00","3928.00"
"14/08/2020 22:00 - 14/08/2020 23:00","BZN|BG","3631.00","3633.00"
"14/08/2020 23:00 - 15/08/2020 00:00","BZN|BG","3329.00","3275.00"
"15/08/2020 00:00 - 15/08/2020 01:00","BZN|BG","3111.00","3070.00"
"15/08/2020 01:00 - 15/08/2020 02:00","BZN|BG","2966.00","2966.00"
"15/08/2020 02:00 - 15/08/2020 03:00","BZN|BG","2896.00","2908.00"
"15/08/2020 03:00 - 15/08/2020 04:00","BZN|BG","2890.00","2885.00"
"15/08/2020 04:00 - 15/08/2020 05:00","BZN|BG","2880.00","2889.00"
"15/08/2020 05:00 - 15/08/2020 06:00","BZN|BG","2943.00","2956.00"
"15/08/2020 06:00 - 15/08/2020 07:00","BZN|BG","3141.00","3191.00"
"15/08/2020 07:00 - 15/08/2020 08:00","BZN|BG","3456.00","3447.00"
"15/08/2020 08:00 - 15/08/2020 09:00","BZN|BG","3656.00","3565.00"
"15/08/2020 09:00 - 15/08/2020 10:00","BZN|BG","3743.00","3666.00"
"15/08/2020 10:00 - 15/08/2020 11:00","BZN|BG","3820.00","3760.00"
"15/08/2020 11:00 - 15/08/2020 12:00","BZN|BG","3818.00","3827.00"
"15/08/2020 12:00 - 15/08/2020 13:00","BZN|BG","3762.00","3827.00"
"15/08/2020 13:00 - 15/08/2020 14:00","BZN|BG","3684.00","3797.00"
"15/08/2020 14:00 - 15/08/2020 15:00","BZN|BG","3660.00","3766.00"
"15/08/2020 15:00 - 15/08/2020 16:00","BZN|BG","3689.00","3806.00"
"15/08/2020 16:00 - 15/08/2020 17:00","BZN|BG","3767.00","3927.00"
"15/08/2020 17:00 - 15/08/2020 18:00","BZN|BG","3792.00","3995.00"
"15/08/2020 18:00 - 15/08/2020 19:00","BZN|BG","3782.00","3988.00"
"15/08/2020 19:00 - 15/08/2020 20:00","BZN|BG","3799.00","3945.00"
"15/08/2020 20:00 - 15/08/2020 21:00","BZN|BG","3742.00","3866.00"
"15/08/2020 21:00 - 15/08/2020 22:00","BZN|BG","3559.00","3706.00"
"15/08/2020 22:00 - 15/08/2020 23:00","BZN|BG","3366.00","3567.00"
"15/08/2020 23:00 - 16/08/2020 00:00","BZN|BG","3105.00","3166.00"
"16/08/2020 00:00 - 16/08/2020 01:00","BZN|BG","2909.00","2968.00"
"16/08/2020 01:00 - 16/08/2020 02:00","BZN|BG","2805.00","2846.00"
"16/08/2020 02:00 - 16/08/2020 03:00","BZN|BG","2749.00","2772.00"
"16/08/2020 03:00 - 16/08/2020 04:00","BZN|BG","2735.00","2740.00"
"16/08/2020 04:00 - 16/08/2020 05:00","BZN|BG","2755.00","2754.00"
"16/08/2020 05:00 - 16/08/2020 06:00","BZN|BG","2795.00","2773.00"
"16/08/2020 06:00 - 16/08/2020 07:00","BZN|BG","2969.00","2958.00"
"16/08/2020 07:00 - 16/08/2020 08:00","BZN|BG","3268.00","3203.00"
"16/08/2020 08:00 - 16/08/2020 09:00","BZN|BG","3516.00","3410.00"
"16/08/2020 09:00 - 16/08/2020 10:00","BZN|BG","3650.00","3518.00"
"16/08/2020 10:00 - 16/08/2020 11:00","BZN|BG","3701.00","3560.00"
"16/08/2020 11:00 - 16/08/2020 12:00","BZN|BG","3693.00","3582.00"
"16/08/2020 12:00 - 16/08/2020 13:00","BZN|BG","3635.00","3596.00"
"16/08/2020 13:00 - 16/08/2020 14:00","BZN|BG","3569.00","3618.00"
"16/08/2020 14:00 - 16/08/2020 15:00","BZN|BG","3567.00","3621.00"
"16/08/2020 15:00 - 16/08/2020 16:00","BZN|BG","3598.00","3713.00"
"16/08/2020 16:00 - 16/08/2020 17:00","BZN|BG","3679.00","3818.00"
"16/08/2020 17:00 - 16/08/2020 18:00","BZN|BG","3742.00","3990.00"
"16/08/2020 18:00 - 16/08/2020 19:00","BZN|BG","3769.00","3949.00"
"16/08/2020 19:00 - 16/08/2020 20:00","BZN|BG","3851.00","3928.00"
"16/08/2020 20:00 - 16/08/2020 21:00","BZN|BG","3833.00","3927.00"
"16/08/2020 21:00 - 16/08/2020 22:00","BZN|BG","3621.00","3778.00"
"16/08/2020 22:00 - 16/08/2020 23:00","BZN|BG","3363.00","3408.00"
"16/08/2020 23:00 - 17/08/2020 00:00","BZN|BG","3059.00","3123.00"
"17/08/2020 00:00 - 17/08/2020 01:00","BZN|BG","2843.00","2938.00"
"17/08/2020 01:00 - 17/08/2020 02:00","BZN|BG","2723.00","2823.00"
"17/08/2020 02:00 - 17/08/2020 03:00","BZN|BG","2673.00","2764.00"
"17/08/2020 03:00 - 17/08/2020 04:00","BZN|BG","2683.00","2786.00"
"17/08/2020 04:00 - 17/08/2020 05:00","BZN|BG","2796.00","2873.00"
"17/08/2020 05:00 - 17/08/2020 06:00","BZN|BG","3048.00","3092.00"
"17/08/2020 06:00 - 17/08/2020 07:00","BZN|BG","3376.00","3370.00"
"17/08/2020 07:00 - 17/08/2020 08:00","BZN|BG","3679.00","3626.00"
"17/08/2020 08:00 - 17/08/2020 09:00","BZN|BG","3816.00","3797.00"
"17/08/2020 09:00 - 17/08/2020 10:00","BZN|BG","3804.00","3895.00"
"17/08/2020 10:00 - 17/08/2020 11:00","BZN|BG","3823.00","3947.00"
"17/08/2020 11:00 - 17/08/2020 12:00","BZN|BG","3774.00","3963.00"
"17/08/2020 12:00 - 17/08/2020 13:00","BZN|BG","3838.00","4019.00"
"17/08/2020 13:00 - 17/08/2020 14:00","BZN|BG","3811.00","4035.00"
"17/08/2020 14:00 - 17/08/2020 15:00","BZN|BG","3839.00","4068.00"
"17/08/2020 15:00 - 17/08/2020 16:00","BZN|BG","3872.00","4068.00"
"17/08/2020 16:00 - 17/08/2020 17:00","BZN|BG","3885.00","4008.00"
"17/08/2020 17:00 - 17/08/2020 18:00","BZN|BG","3985.00","4129.00"
"17/08/2020 18:00 - 17/08/2020 19:00","BZN|BG","4037.00","4100.00"
"17/08/2020 19:00 - 17/08/2020 20:00","BZN|BG","4121.00","4056.00"
"17/08/2020 20:00 - 17/08/2020 21:00","BZN|BG","4064.00","4092.00"
"17/08/2020 21:00 - 17/08/2020 22:00","BZN|BG","3806.00","3907.00"
"17/08/2020 22:00 - 17/08/2020 23:00","BZN|BG","3509.00","3666.00"
"17/08/2020 23:00 - 18/08/2020 00:00","BZN|BG","3234.00","3327.00"
"18/08/2020 00:00 - 18/08/2020 01:00","BZN|BG","3018.00","3076.00"
"18/08/2020 01:00 - 18/08/2020 02:00","BZN|BG","2894.00","2955.00"
"18/08/2020 02:00 - 18/08/2020 03:00","BZN|BG","2859.00","2897.00"
"18/08/2020 03:00 - 18/08/2020 04:00","BZN|BG","2881.00","2899.00"
"18/08/2020 04:00 - 18/08/2020 05:00","BZN|BG","2970.00","2968.00"
"18/08/2020 05:00 - 18/08/2020 06:00","BZN|BG","3189.00","3161.00"
"18/08/2020 06:00 - 18/08/2020 07:00","BZN|BG","3505.00","3444.00"
"18/08/2020 07:00 - 18/08/2020 08:00","BZN|BG","3843.00","3748.00"
"18/08/2020 08:00 - 18/08/2020 09:00","BZN|BG","4005.00","3895.00"
"18/08/2020 09:00 - 18/08/2020 10:00","BZN|BG","4057.00","3922.00"
"18/08/2020 10:00 - 18/08/2020 11:00","BZN|BG","4092.00","3982.00"
"18/08/2020 11:00 - 18/08/2020 12:00","BZN|BG","4100.00","4005.00"
"18/08/2020 12:00 - 18/08/2020 13:00","BZN|BG","4169.00","4068.00"
"18/08/2020 13:00 - 18/08/2020 14:00","BZN|BG","4150.00","4009.00"
"18/08/2020 14:00 - 18/08/2020 15:00","BZN|BG","4153.00","4031.00"
"18/08/2020 15:00 - 18/08/2020 16:00","BZN|BG","4162.00","4083.00"
"18/08/2020 16:00 - 18/08/2020 17:00","BZN|BG","4107.00","3992.00"
"18/08/2020 17:00 - 18/08/2020 18:00","BZN|BG","4150.00","4118.00"
"18/08/2020 18:00 - 18/08/2020 19:00","BZN|BG","4149.00","4131.00"
"18/08/2020 19:00 - 18/08/2020 20:00","BZN|BG","4176.00","4108.00"
"18/08/2020 20:00 - 18/08/2020 21:00","BZN|BG","4142.00","4101.00"
"18/08/2020 21:00 - 18/08/2020 22:00","BZN|BG","3857.00","3902.00"
"18/08/2020 22:00 - 18/08/2020 23:00","BZN|BG","3582.00","3668.00"
"18/08/2020 23:00 - 19/08/2020 00:00","BZN|BG","3249.00","3213.00"
"19/08/2020 00:00 - 19/08/2020 01:00","BZN|BG","3035.00","3018.00"
"19/08/2020 01:00 - 19/08/2020 02:00","BZN|BG","2899.00","2918.00"
"19/08/2020 02:00 - 19/08/2020 03:00","BZN|BG","2862.00","2869.00"
"19/08/2020 03:00 - 19/08/2020 04:00","BZN|BG","2863.00","2873.00"
"19/08/2020 04:00 - 19/08/2020 05:00","BZN|BG","2955.00","2936.00"
"19/08/2020 05:00 - 19/08/2020 06:00","BZN|BG","3196.00","3121.00"
"19/08/2020 06:00 - 19/08/2020 07:00","BZN|BG","3488.00","3393.00"
"19/08/2020 07:00 - 19/08/2020 08:00","BZN|BG","3855.00","3687.00"
"19/08/2020 08:00 - 19/08/2020 09:00","BZN|BG","4029.00","3832.00"
"19/08/2020 09:00 - 19/08/2020 10:00","BZN|BG","4054.00","3857.00"
"19/08/2020 10:00 - 19/08/2020 11:00","BZN|BG","4152.00","3918.00"
"19/08/2020 11:00 - 19/08/2020 12:00","BZN|BG","4112.00","3950.00"
"19/08/2020 12:00 - 19/08/2020 13:00","BZN|BG","4136.00","4022.00"
"19/08/2020 13:00 - 19/08/2020 14:00","BZN|BG","4094.00","4015.00"
"19/08/2020 14:00 - 19/08/2020 15:00","BZN|BG","4090.00","4016.00"
"19/08/2020 15:00 - 19/08/2020 16:00","BZN|BG","4077.00","4020.00"
"19/08/2020 16:00 - 19/08/2020 17:00","BZN|BG","4023.00","4013.00"
"19/08/2020 17:00 - 19/08/2020 18:00","BZN|BG","4081.00","4143.00"
"19/08/2020 18:00 - 19/08/2020 19:00","BZN|BG","4103.00","4137.00"
"19/08/2020 19:00 - 19/08/2020 20:00","BZN|BG","4123.00","4120.00"
"19/08/2020 20:00 - 19/08/2020 21:00","BZN|BG","4026.00","4109.00"
"19/08/2020 21:00 - 19/08/2020 22:00","BZN|BG","3753.00","3859.00"
"19/08/2020 22:00 - 19/08/2020 23:00","BZN|BG","3503.00","3569.00"
"19/08/2020 23:00 - 20/08/2020 00:00","BZN|BG","3188.00","3236.00"
"20/08/2020 00:00 - 20/08/2020 01:00","BZN|BG","2982.00","3037.00"
"20/08/2020 01:00 - 20/08/2020 02:00","BZN|BG","2867.00","2934.00"
"20/08/2020 02:00 - 20/08/2020 03:00","BZN|BG","2835.00","2887.00"
"20/08/2020 03:00 - 20/08/2020 04:00","BZN|BG","2845.00","2895.00"
"20/08/2020 04:00 - 20/08/2020 05:00","BZN|BG","2932.00","2965.00"
"20/08/2020 05:00 - 20/08/2020 06:00","BZN|BG","3167.00","3160.00"
"20/08/2020 06:00 - 20/08/2020 07:00","BZN|BG","3467.00","3443.00"
"20/08/2020 07:00 - 20/08/2020 08:00","BZN|BG","3832.00","3743.00"
"20/08/2020 08:00 - 20/08/2020 09:00","BZN|BG","4010.00","3888.00"
"20/08/2020 09:00 - 20/08/2020 10:00","BZN|BG","4058.00","3908.00"
"20/08/2020 10:00 - 20/08/2020 11:00","BZN|BG","4125.00","3965.00"
"20/08/2020 11:00 - 20/08/2020 12:00","BZN|BG","4095.00","3989.00"
"20/08/2020 12:00 - 20/08/2020 13:00","BZN|BG","4113.00","4065.00"
"20/08/2020 13:00 - 20/08/2020 14:00","BZN|BG","4066.00","4026.00"
"20/08/2020 14:00 - 20/08/2020 15:00","BZN|BG","4046.00","4045.00"
"20/08/2020 15:00 - 20/08/2020 16:00","BZN|BG","4027.00","4102.00"
"20/08/2020 16:00 - 20/08/2020 17:00","BZN|BG","4003.00","4036.00"
"20/08/2020 17:00 - 20/08/2020 18:00","BZN|BG","4053.00","4171.00"
"20/08/2020 18:00 - 20/08/2020 19:00","BZN|BG","4106.00","4165.00"
"20/08/2020 19:00 - 20/08/2020 20:00","BZN|BG","4133.00","4164.00"
"20/08/2020 20:00 - 20/08/2020 21:00","BZN|BG","4074.00","4143.00"
"20/08/2020 21:00 - 20/08/2020 22:00","BZN|BG","3794.00","3874.00"
"20/08/2020 22:00 - 20/08/2020 23:00","BZN|BG","3524.00","3568.00"
"20/08/2020 23:00 - 21/08/2020 00:00","BZN|BG","3217.00","3209.00"
"21/08/2020 00:00 - 21/08/2020 01:00","BZN|BG","3029.00","2990.00"
"21/08/2020 01:00 - 21/08/2020 02:00","BZN|BG","2934.00","2875.00"
"21/08/2020 02:00 - 21/08/2020 03:00","BZN|BG","2895.00","2825.00"
"21/08/2020 03:00 - 21/08/2020 04:00","BZN|BG","2896.00","2832.00"
"21/08/2020 04:00 - 21/08/2020 05:00","BZN|BG","2992.00","2907.00"
"21/08/2020 05:00 - 21/08/2020 06:00","BZN|BG","3211.00","3120.00"
"21/08/2020 06:00 - 21/08/2020 07:00","BZN|BG","3532.00","3418.00"
"21/08/2020 07:00 - 21/08/2020 08:00","BZN|BG","3871.00","3732.00"
"21/08/2020 08:00 - 21/08/2020 09:00","BZN|BG","4056.00","3886.00"
"21/08/2020 09:00 - 21/08/2020 10:00","BZN|BG","4101.00","3911.00"
"21/08/2020 10:00 - 21/08/2020 11:00","BZN|BG","4154.00","3969.00"
"21/08/2020 11:00 - 21/08/2020 12:00","BZN|BG","4153.00","3980.00"
"21/08/2020 12:00 - 21/08/2020 13:00","BZN|BG","4214.00","4052.00"
"21/08/2020 13:00 - 21/08/2020 14:00","BZN|BG","4200.00","3951.00"
"21/08/2020 14:00 - 21/08/2020 15:00","BZN|BG","4170.00","3968.00"
"21/08/2020 15:00 - 21/08/2020 16:00","BZN|BG","4149.00","4030.00"
"21/08/2020 16:00 - 21/08/2020 17:00","BZN|BG","4103.00","3968.00"
"21/08/2020 17:00 - 21/08/2020 18:00","BZN|BG","4119.00","4089.00"
"21/08/2020 18:00 - 21/08/2020 19:00","BZN|BG","4119.00","4090.00"
"21/08/2020 19:00 - 21/08/2020 20:00","BZN|BG","4155.00","4102.00"
"21/08/2020 20:00 - 21/08/2020 21:00","BZN|BG","4091.00","4069.00"
"21/08/2020 21:00 - 21/08/2020 22:00","BZN|BG","3827.00","3799.00"
"21/08/2020 22:00 - 21/08/2020 23:00","BZN|BG","3577.00","3505.00"
"21/08/2020 23:00 - 22/08/2020 00:00","BZN|BG","3230.00","3202.00"
"22/08/2020 00:00 - 22/08/2020 01:00","BZN|BG","2964.00","3026.00"
"22/08/2020 01:00 - 22/08/2020 02:00","BZN|BG","2844.00","2916.00"
"22/08/2020 02:00 - 22/08/2020 03:00","BZN|BG","2791.00","2858.00"
"22/08/2020 03:00 - 22/08/2020 04:00","BZN|BG","2776.00","2847.00"
"22/08/2020 04:00 - 22/08/2020 05:00","BZN|BG","2806.00","2842.00"
"22/08/2020 05:00 - 22/08/2020 06:00","BZN|BG","2896.00","2919.00"
"22/08/2020 06:00 - 22/08/2020 07:00","BZN|BG","3119.00","3121.00"
"22/08/2020 07:00 - 22/08/2020 08:00","BZN|BG","3472.00","3445.00"
"22/08/2020 08:00 - 22/08/2020 09:00","BZN|BG","3707.00","3634.00"
"22/08/2020 09:00 - 22/08/2020 10:00","BZN|BG","3809.00","3675.00"
"22/08/2020 10:00 - 22/08/2020 11:00","BZN|BG","3901.00","3761.00"
"22/08/2020 11:00 - 22/08/2020 12:00","BZN|BG","3919.00","3789.00"
"22/08/2020 12:00 - 22/08/2020 13:00","BZN|BG","3919.00","3753.00"
"22/08/2020 13:00 - 22/08/2020 14:00","BZN|BG","3888.00","3688.00"
"22/08/2020 14:00 - 22/08/2020 15:00","BZN|BG","3894.00","3674.00"
"22/08/2020 15:00 - 22/08/2020 16:00","BZN|BG","3902.00","3719.00"
"22/08/2020 16:00 - 22/08/2020 17:00","BZN|BG","3952.00","3811.00"
"22/08/2020 17:00 - 22/08/2020 18:00","BZN|BG","4008.00","3856.00"
"22/08/2020 18:00 - 22/08/2020 19:00","BZN|BG","3987.00","3845.00"
"22/08/2020 19:00 - 22/08/2020 20:00","BZN|BG","4044.00","3862.00"
"22/08/2020 20:00 - 22/08/2020 21:00","BZN|BG","3969.00","3799.00"
"22/08/2020 21:00 - 22/08/2020 22:00","BZN|BG","3717.00","3603.00"
"22/08/2020 22:00 - 22/08/2020 23:00","BZN|BG","3454.00","3376.00"
"22/08/2020 23:00 - 23/08/2020 00:00","BZN|BG","3204.00","3129.00"
"23/08/2020 00:00 - 23/08/2020 01:00","BZN|BG","2987.00","2915.00"
"23/08/2020 01:00 - 23/08/2020 02:00","BZN|BG","2856.00","2802.00"
"23/08/2020 02:00 - 23/08/2020 03:00","BZN|BG","2775.00","2755.00"
"23/08/2020 03:00 - 23/08/2020 04:00","BZN|BG","2761.00","2734.00"
"23/08/2020 04:00 - 23/08/2020 05:00","BZN|BG","2788.00","2747.00"
"23/08/2020 05:00 - 23/08/2020 06:00","BZN|BG","2834.00","2791.00"
"23/08/2020 06:00 - 23/08/2020 07:00","BZN|BG","3022.00","2957.00"
"23/08/2020 07:00 - 23/08/2020 08:00","BZN|BG","3336.00","3246.00"
"23/08/2020 08:00 - 23/08/2020 09:00","BZN|BG","3613.00","3472.00"
"23/08/2020 09:00 - 23/08/2020 10:00","BZN|BG","3755.00","3576.00"
"23/08/2020 10:00 - 23/08/2020 11:00","BZN|BG","3863.00","3648.00"
"23/08/2020 11:00 - 23/08/2020 12:00","BZN|BG","3921.00","3642.00"
"23/08/2020 12:00 - 23/08/2020 13:00","BZN|BG","3894.00","3636.00"
"23/08/2020 13:00 - 23/08/2020 14:00","BZN|BG","3828.00","3627.00"
"23/08/2020 14:00 - 23/08/2020 15:00","BZN|BG","3822.00","3641.00"
"23/08/2020 15:00 - 23/08/2020 16:00","BZN|BG","3880.00","3707.00"
"23/08/2020 16:00 - 23/08/2020 17:00","BZN|BG","3947.00","3839.00"
"23/08/2020 17:00 - 23/08/2020 18:00","BZN|BG","3986.00","3948.00"
"23/08/2020 18:00 - 23/08/2020 19:00","BZN|BG","3992.00","4001.00"
"23/08/2020 19:00 - 23/08/2020 20:00","BZN|BG","4115.00","4097.00"
"23/08/2020 20:00 - 23/08/2020 21:00","BZN|BG","4061.00","4068.00"
"23/08/2020 21:00 - 23/08/2020 22:00","BZN|BG","3817.00","3798.00"
"23/08/2020 22:00 - 23/08/2020 23:00","BZN|BG","3516.00","3448.00"
"23/08/2020 23:00 - 24/08/2020 00:00","BZN|BG","3216.00","3138.00"
"24/08/2020 00:00 - 24/08/2020 01:00","BZN|BG","2995.00","2944.00"
"24/08/2020 01:00 - 24/08/2020 02:00","BZN|BG","2897.00","2822.00"
"24/08/2020 02:00 - 24/08/2020 03:00","BZN|BG","2854.00","2770.00"
"24/08/2020 03:00 - 24/08/2020 04:00","BZN|BG","2858.00","2791.00"
"24/08/2020 04:00 - 24/08/2020 05:00","BZN|BG","2944.00","2919.00"
"24/08/2020 05:00 - 24/08/2020 06:00","BZN|BG","3196.00","3192.00"
"24/08/2020 06:00 - 24/08/2020 07:00","BZN|BG","3532.00","3546.00"
"24/08/2020 07:00 - 24/08/2020 08:00","BZN|BG","3934.00","3891.00"
"24/08/2020 08:00 - 24/08/2020 09:00","BZN|BG","4154.00","4065.00"
"24/08/2020 09:00 - 24/08/2020 10:00","BZN|BG","4240.00","4064.00"
"24/08/2020 10:00 - 24/08/2020 11:00","BZN|BG","4328.00","4102.00"
"24/08/2020 11:00 - 24/08/2020 12:00","BZN|BG","4348.00","4060.00"
"24/08/2020 12:00 - 24/08/2020 13:00","BZN|BG","4425.00","4125.00"
"24/08/2020 13:00 - 24/08/2020 14:00","BZN|BG","4412.00","4096.00"
"24/08/2020 14:00 - 24/08/2020 15:00","BZN|BG","4410.00","4105.00"
"24/08/2020 15:00 - 24/08/2020 16:00","BZN|BG","4376.00","4118.00"
"24/08/2020 16:00 - 24/08/2020 17:00","BZN|BG","4284.00","4123.00"
"24/08/2020 17:00 - 24/08/2020 18:00","BZN|BG","4292.00","4191.00"
"24/08/2020 18:00 - 24/08/2020 19:00","BZN|BG","4283.00","4217.00"
"24/08/2020 19:00 - 24/08/2020 20:00","BZN|BG","4338.00","4306.00"
"24/08/2020 20:00 - 24/08/2020 21:00","BZN|BG","4216.00","4238.00"
"24/08/2020 21:00 - 24/08/2020 22:00","BZN|BG","3927.00","3947.00"
"24/08/2020 22:00 - 24/08/2020 23:00","BZN|BG","3630.00","3662.00"
"24/08/2020 23:00 - 25/08/2020 00:00","BZN|BG","3290.00","3301.00"
"25/08/2020 00:00 - 25/08/2020 01:00","BZN|BG","3097.00","3088.00"
"25/08/2020 01:00 - 25/08/2020 02:00","BZN|BG","2989.00","2970.00"
"25/08/2020 02:00 - 25/08/2020 03:00","BZN|BG","2928.00","2930.00"
"25/08/2020 03:00 - 25/08/2020 04:00","BZN|BG","2943.00","2943.00"
"25/08/2020 04:00 - 25/08/2020 05:00","BZN|BG","3040.00","3029.00"
"25/08/2020 05:00 - 25/08/2020 06:00","BZN|BG","3256.00","3243.00"
"25/08/2020 06:00 - 25/08/2020 07:00","BZN|BG","3567.00","3525.00"
"25/08/2020 07:00 - 25/08/2020 08:00","BZN|BG","3964.00","3820.00"
"25/08/2020 08:00 - 25/08/2020 09:00","BZN|BG","4155.00","3953.00"
"25/08/2020 09:00 - 25/08/2020 10:00","BZN|BG","4215.00","3968.00"
"25/08/2020 10:00 - 25/08/2020 11:00","BZN|BG","4295.00","4015.00"
"25/08/2020 11:00 - 25/08/2020 12:00","BZN|BG","4278.00","4006.00"
"25/08/2020 12:00 - 25/08/2020 13:00","BZN|BG","4284.00","4058.00"
"25/08/2020 13:00 - 25/08/2020 14:00","BZN|BG","4242.00","4042.00"
"25/08/2020 14:00 - 25/08/2020 15:00","BZN|BG","4200.00","4027.00"
"25/08/2020 15:00 - 25/08/2020 16:00","BZN|BG","4168.00","4061.00"
"25/08/2020 16:00 - 25/08/2020 17:00","BZN|BG","4099.00","4019.00"
"25/08/2020 17:00 - 25/08/2020 18:00","BZN|BG","4122.00","4145.00"
"25/08/2020 18:00 - 25/08/2020 19:00","BZN|BG","4158.00","4160.00"
"25/08/2020 19:00 - 25/08/2020 20:00","BZN|BG","4187.00","4221.00"
"25/08/2020 20:00 - 25/08/2020 21:00","BZN|BG","4047.00","4161.00"
"25/08/2020 21:00 - 25/08/2020 22:00","BZN|BG","3787.00","3881.00"
"25/08/2020 22:00 - 25/08/2020 23:00","BZN|BG","3523.00","3601.00"
"25/08/2020 23:00 - 26/08/2020 00:00","BZN|BG","3219.00","3274.00"
"26/08/2020 00:00 - 26/08/2020 01:00","BZN|BG","3013.00","3074.00"
"26/08/2020 01:00 - 26/08/2020 02:00","BZN|BG","2902.00","2962.00"
"26/08/2020 02:00 - 26/08/2020 03:00","BZN|BG","2858.00","2925.00"
"26/08/2020 03:00 - 26/08/2020 04:00","BZN|BG","2877.00","2940.00"
"26/08/2020 04:00 - 26/08/2020 05:00","BZN|BG","2978.00","3038.00"
"26/08/2020 05:00 - 26/08/2020 06:00","BZN|BG","3227.00","3287.00"
"26/08/2020 06:00 - 26/08/2020 07:00","BZN|BG","3530.00","3600.00"
"26/08/2020 07:00 - 26/08/2020 08:00","BZN|BG","3888.00","3923.00"
"26/08/2020 08:00 - 26/08/2020 09:00","BZN|BG","4060.00","4069.00"
"26/08/2020 09:00 - 26/08/2020 10:00","BZN|BG","4100.00","4082.00"
"26/08/2020 10:00 - 26/08/2020 11:00","BZN|BG","4159.00","4129.00"
"26/08/2020 11:00 - 26/08/2020 12:00","BZN|BG","4160.00","4117.00"
"26/08/2020 12:00 - 26/08/2020 13:00","BZN|BG","4234.00","4169.00"
"26/08/2020 13:00 - 26/08/2020 14:00","BZN|BG","4196.00","4148.00"
"26/08/2020 14:00 - 26/08/2020 15:00","BZN|BG","4184.00","4159.00"
"26/08/2020 15:00 - 26/08/2020 16:00","BZN|BG","4216.00","4185.00"
"26/08/2020 16:00 - 26/08/2020 17:00","BZN|BG","4159.00","4161.00"
"26/08/2020 17:00 - 26/08/2020 18:00","BZN|BG","4190.00","4243.00"
"26/08/2020 18:00 - 26/08/2020 19:00","BZN|BG","4220.00","4255.00"
"26/08/2020 19:00 - 26/08/2020 20:00","BZN|BG","4301.00","4302.00"
"26/08/2020 20:00 - 26/08/2020 21:00","BZN|BG","4219.00","4222.00"
"26/08/2020 21:00 - 26/08/2020 22:00","BZN|BG","3910.00","3895.00"
"26/08/2020 22:00 - 26/08/2020 23:00","BZN|BG","3613.00","3561.00"
"26/08/2020 23:00 - 27/08/2020 00:00","BZN|BG","3281.00","3206.00"
"27/08/2020 00:00 - 27/08/2020 01:00","BZN|BG","3062.00","3004.00"
"27/08/2020 01:00 - 27/08/2020 02:00","BZN|BG","2947.00","2891.00"
"27/08/2020 02:00 - 27/08/2020 03:00","BZN|BG","2902.00","2849.00"
"27/08/2020 03:00 - 27/08/2020 04:00","BZN|BG","2902.00","2866.00"
"27/08/2020 04:00 - 27/08/2020 05:00","BZN|BG","2997.00","2970.00"
"27/08/2020 05:00 - 27/08/2020 06:00","BZN|BG","3235.00","3227.00"
"27/08/2020 06:00 - 27/08/2020 07:00","BZN|BG","3521.00","3566.00"
"27/08/2020 07:00 - 27/08/2020 08:00","BZN|BG","3899.00","3920.00"
"27/08/2020 08:00 - 27/08/2020 09:00","BZN|BG","4102.00","4071.00"
"27/08/2020 09:00 - 27/08/2020 10:00","BZN|BG","4116.00","4092.00"
"27/08/2020 10:00 - 27/08/2020 11:00","BZN|BG","4177.00","4140.00"
"27/08/2020 11:00 - 27/08/2020 12:00","BZN|BG","4178.00","4119.00"
"27/08/2020 12:00 - 27/08/2020 13:00","BZN|BG","4260.00","4162.00"
"27/08/2020 13:00 - 27/08/2020 14:00","BZN|BG","4248.00","4146.00"
"27/08/2020 14:00 - 27/08/2020 15:00","BZN|BG","4244.00","4151.00"
"27/08/2020 15:00 - 27/08/2020 16:00","BZN|BG","4257.00","4167.00"
"27/08/2020 16:00 - 27/08/2020 17:00","BZN|BG","4206.00","4141.00"
"27/08/2020 17:00 - 27/08/2020 18:00","BZN|BG","4238.00","4215.00"
"27/08/2020 18:00 - 27/08/2020 19:00","BZN|BG","4228.00","4231.00"
"27/08/2020 19:00 - 27/08/2020 20:00","BZN|BG","4349.00","4266.00"
"27/08/2020 20:00 - 27/08/2020 21:00","BZN|BG","4190.00","4167.00"
"27/08/2020 21:00 - 27/08/2020 22:00","BZN|BG","3950.00","3863.00"
"27/08/2020 22:00 - 27/08/2020 23:00","BZN|BG","3636.00","3555.00"
"27/08/2020 23:00 - 28/08/2020 00:00","BZN|BG","3283.00","3221.00"
"28/08/2020 00:00 - 28/08/2020 01:00","BZN|BG","3067.00","3029.00"
"28/08/2020 01:00 - 28/08/2020 02:00","BZN|BG","2967.00","2925.00"
"28/08/2020 02:00 - 28/08/2020 03:00","BZN|BG","2932.00","2885.00"
"28/08/2020 03:00 - 28/08/2020 04:00","BZN|BG","2924.00","2900.00"
"28/08/2020 04:00 - 28/08/2020 05:00","BZN|BG","3025.00","2992.00"
"28/08/2020 05:00 - 28/08/2020 06:00","BZN|BG","3264.00","3223.00"
"28/08/2020 06:00 - 28/08/2020 07:00","BZN|BG","3582.00","3523.00"
"28/08/2020 07:00 - 28/08/2020 08:00","BZN|BG","3950.00","3837.00"
"28/08/2020 08:00 - 28/08/2020 09:00","BZN|BG","4120.00","3973.00"
"28/08/2020 09:00 - 28/08/2020 10:00","BZN|BG","4197.00","3987.00"
"28/08/2020 10:00 - 28/08/2020 11:00","BZN|BG","4246.00","4030.00"
"28/08/2020 11:00 - 28/08/2020 12:00","BZN|BG","4259.00","4013.00"
"28/08/2020 12:00 - 28/08/2020 13:00","BZN|BG","4360.00","4057.00"
"28/08/2020 13:00 - 28/08/2020 14:00","BZN|BG","4321.00","4044.00"
"28/08/2020 14:00 - 28/08/2020 15:00","BZN|BG","4332.00","4064.00"
"28/08/2020 15:00 - 28/08/2020 16:00","BZN|BG","4311.00","4115.00"
"28/08/2020 16:00 - 28/08/2020 17:00","BZN|BG","4244.00","4075.00"
"28/08/2020 17:00 - 28/08/2020 18:00","BZN|BG","4255.00","4193.00"
"28/08/2020 18:00 - 28/08/2020 19:00","BZN|BG","4242.00","4219.00"
"28/08/2020 19:00 - 28/08/2020 20:00","BZN|BG","4304.00","4285.00"
"28/08/2020 20:00 - 28/08/2020 21:00","BZN|BG","4149.00","4191.00"
"28/08/2020 21:00 - 28/08/2020 22:00","BZN|BG","3888.00","3916.00"
"28/08/2020 22:00 - 28/08/2020 23:00","BZN|BG","3652.00","3634.00"
"28/08/2020 23:00 - 29/08/2020 00:00","BZN|BG","3340.00","3335.00"
"29/08/2020 00:00 - 29/08/2020 01:00","BZN|BG","3116.00","3100.00"
"29/08/2020 01:00 - 29/08/2020 02:00","BZN|BG","2981.00","2968.00"
"29/08/2020 02:00 - 29/08/2020 03:00","BZN|BG","2918.00","2908.00"
"29/08/2020 03:00 - 29/08/2020 04:00","BZN|BG","2905.00","2890.00"
"29/08/2020 04:00 - 29/08/2020 05:00","BZN|BG","2946.00","2926.00"
"29/08/2020 05:00 - 29/08/2020 06:00","BZN|BG","3040.00","3006.00"
"29/08/2020 06:00 - 29/08/2020 07:00","BZN|BG","3238.00","3198.00"
"29/08/2020 07:00 - 29/08/2020 08:00","BZN|BG","3570.00","3479.00"
"29/08/2020 08:00 - 29/08/2020 09:00","BZN|BG","3818.00","3658.00"
"29/08/2020 09:00 - 29/08/2020 10:00","BZN|BG","3953.00","3738.00"
"29/08/2020 10:00 - 29/08/2020 11:00","BZN|BG","4044.00","3807.00"
"29/08/2020 11:00 - 29/08/2020 12:00","BZN|BG","4096.00","3826.00"
"29/08/2020 12:00 - 29/08/2020 13:00","BZN|BG","4085.00","3820.00"
"29/08/2020 13:00 - 29/08/2020 14:00","BZN|BG","4032.00","3810.00"
"29/08/2020 14:00 - 29/08/2020 15:00","BZN|BG","4024.00","3841.00"
"29/08/2020 15:00 - 29/08/2020 16:00","BZN|BG","4048.00","3863.00"
"29/08/2020 16:00 - 29/08/2020 17:00","BZN|BG","4092.00","3930.00"
"29/08/2020 17:00 - 29/08/2020 18:00","BZN|BG","4113.00","4022.00"
"29/08/2020 18:00 - 29/08/2020 19:00","BZN|BG","4106.00","4039.00"
"29/08/2020 19:00 - 29/08/2020 20:00","BZN|BG","4145.00","4071.00"
"29/08/2020 20:00 - 29/08/2020 21:00","BZN|BG","3986.00","4018.00"
"29/08/2020 21:00 - 29/08/2020 22:00","BZN|BG","3775.00","3763.00"
"29/08/2020 22:00 - 29/08/2020 23:00","BZN|BG","3552.00","3512.00"
"29/08/2020 23:00 - 30/08/2020 00:00","BZN|BG","3278.00","3204.00"
"30/08/2020 00:00 - 30/08/2020 01:00","BZN|BG","3071.00","3002.00"
"30/08/2020 01:00 - 30/08/2020 02:00","BZN|BG","2955.00","2874.00"
"30/08/2020 02:00 - 30/08/2020 03:00","BZN|BG","2908.00","2800.00"
"30/08/2020 03:00 - 30/08/2020 04:00","BZN|BG","2887.00","2787.00"
"30/08/2020 04:00 - 30/08/2020 05:00","BZN|BG","2926.00","2816.00"
"30/08/2020 05:00 - 30/08/2020 06:00","BZN|BG","2975.00","2862.00"
"30/08/2020 06:00 - 30/08/2020 07:00","BZN|BG","3154.00","3020.00"
"30/08/2020 07:00 - 30/08/2020 08:00","BZN|BG","3434.00","3287.00"
"30/08/2020 08:00 - 30/08/2020 09:00","BZN|BG","3721.00","3506.00"
"30/08/2020 09:00 - 30/08/2020 10:00","BZN|BG","3874.00","3606.00"
"30/08/2020 10:00 - 30/08/2020 11:00","BZN|BG","3956.00","3694.00"
"30/08/2020 11:00 - 30/08/2020 12:00","BZN|BG","4019.00","3758.00"
"30/08/2020 12:00 - 30/08/2020 13:00","BZN|BG","3996.00","3762.00"
"30/08/2020 13:00 - 30/08/2020 14:00","BZN|BG","3971.00","3766.00"
"30/08/2020 14:00 - 30/08/2020 15:00","BZN|BG","3972.00","3775.00"
"30/08/2020 15:00 - 30/08/2020 16:00","BZN|BG","4046.00","3871.00"
"30/08/2020 16:00 - 30/08/2020 17:00","BZN|BG","4104.00","3958.00"
"30/08/2020 17:00 - 30/08/2020 18:00","BZN|BG","4155.00","4037.00"
"30/08/2020 18:00 - 30/08/2020 19:00","BZN|BG","4140.00","4060.00"
"30/08/2020 19:00 - 30/08/2020 20:00","BZN|BG","4256.00","4176.00"
"30/08/2020 20:00 - 30/08/2020 21:00","BZN|BG","4118.00","4106.00"
"30/08/2020 21:00 - 30/08/2020 22:00","BZN|BG","3898.00","3846.00"
"30/08/2020 22:00 - 30/08/2020 23:00","BZN|BG","3638.00","3522.00"
"30/08/2020 23:00 - 31/08/2020 00:00","BZN|BG","3307.00","3232.00"
"31/08/2020 00:00 - 31/08/2020 01:00","BZN|BG","3104.00","3038.00"
"31/08/2020 01:00 - 31/08/2020 02:00","BZN|BG","2985.00","2931.00"
"31/08/2020 02:00 - 31/08/2020 03:00","BZN|BG","2944.00","2890.00"
"31/08/2020 03:00 - 31/08/2020 04:00","BZN|BG","2961.00","2898.00"
"31/08/2020 04:00 - 31/08/2020 05:00","BZN|BG","3077.00","3003.00"
"31/08/2020 05:00 - 31/08/2020 06:00","BZN|BG","3338.00","3252.00"
"31/08/2020 06:00 - 31/08/2020 07:00","BZN|BG","3662.00","3550.00"
"31/08/2020 07:00 - 31/08/2020 08:00","BZN|BG","4007.00","3889.00"
"31/08/2020 08:00 - 31/08/2020 09:00","BZN|BG","4276.00","4054.00"
"31/08/2020 09:00 - 31/08/2020 10:00","BZN|BG","4370.00","4109.00"
"31/08/2020 10:00 - 31/08/2020 11:00","BZN|BG","4484.00","4164.00"
"31/08/2020 11:00 - 31/08/2020 12:00","BZN|BG","4504.00","4184.00"
"31/08/2020 12:00 - 31/08/2020 13:00","BZN|BG","4625.00","4262.00"
"31/08/2020 13:00 - 31/08/2020 14:00","BZN|BG","4635.00","4281.00"
"31/08/2020 14:00 - 31/08/2020 15:00","BZN|BG","4632.00","4288.00"
"31/08/2020 15:00 - 31/08/2020 16:00","BZN|BG","4614.00","4314.00"
"31/08/2020 16:00 - 31/08/2020 17:00","BZN|BG","4540.00","4226.00"
"31/08/2020 17:00 - 31/08/2020 18:00","BZN|BG","4532.00","4355.00"
"31/08/2020 18:00 - 31/08/2020 19:00","BZN|BG","4512.00","4331.00"
"31/08/2020 19:00 - 31/08/2020 20:00","BZN|BG","4597.00","4428.00"
"31/08/2020 20:00 - 31/08/2020 21:00","BZN|BG","4361.00","4323.00"
"31/08/2020 21:00 - 31/08/2020 22:00","BZN|BG","4109.00","4055.00"
"31/08/2020 22:00 - 31/08/2020 23:00","BZN|BG","3781.00","3774.00"
"31/08/2020 23:00 - 01/09/2020 00:00","BZN|BG","3437.00","3418.00"
"01/09/2020 00:00 - 01/09/2020 01:00","BZN|BG","3205.00","3212.00"
"01/09/2020 01:00 - 01/09/2020 02:00","BZN|BG","3082.00","3106.00"
"01/09/2020 02:00 - 01/09/2020 03:00","BZN|BG","3053.00","3058.00"
"01/09/2020 03:00 - 01/09/2020 04:00","BZN|BG","3055.00","3068.00"
"01/09/2020 04:00 - 01/09/2020 05:00","BZN|BG","3160.00","3162.00"
"01/09/2020 05:00 - 01/09/2020 06:00","BZN|BG","3401.00","3399.00"
"01/09/2020 06:00 - 01/09/2020 07:00","BZN|BG","3677.00","3703.00"
"01/09/2020 07:00 - 01/09/2020 08:00","BZN|BG","4011.00","4026.00"
"01/09/2020 08:00 - 01/09/2020 09:00","BZN|BG","4235.00","4166.00"
"01/09/2020 09:00 - 01/09/2020 10:00","BZN|BG","4323.00","4172.00"
"01/09/2020 10:00 - 01/09/2020 11:00","BZN|BG","4416.00","4205.00"
"01/09/2020 11:00 - 01/09/2020 12:00","BZN|BG","4453.00","4195.00"
"01/09/2020 12:00 - 01/09/2020 13:00","BZN|BG","4559.00","4267.00"
"01/09/2020 13:00 - 01/09/2020 14:00","BZN|BG","4571.00","4266.00"
"01/09/2020 14:00 - 01/09/2020 15:00","BZN|BG","4566.00","4268.00"
"01/09/2020 15:00 - 01/09/2020 16:00","BZN|BG","4595.00","4269.00"
"01/09/2020 16:00 - 01/09/2020 17:00","BZN|BG","4531.00","4253.00"
"01/09/2020 17:00 - 01/09/2020 18:00","BZN|BG","4549.00","4325.00"
"01/09/2020 18:00 - 01/09/2020 19:00","BZN|BG","4506.00","4339.00"
"01/09/2020 19:00 - 01/09/2020 20:00","BZN|BG","4571.00","4388.00"
"01/09/2020 20:00 - 01/09/2020 21:00","BZN|BG","4385.00","4277.00"
"01/09/2020 21:00 - 01/09/2020 22:00","BZN|BG","4122.00","4055.00"
"01/09/2020 22:00 - 01/09/2020 23:00","BZN|BG","3819.00","3820.00"
"01/09/2020 23:00 - 02/09/2020 00:00","BZN|BG","3462.00","3409.00"
"02/09/2020 00:00 - 02/09/2020 01:00","BZN|BG","3259.00","3204.00"
"02/09/2020 01:00 - 02/09/2020 02:00","BZN|BG","3144.00","3100.00"
"02/09/2020 02:00 - 02/09/2020 03:00","BZN|BG","3073.00","3051.00"
"02/09/2020 03:00 - 02/09/2020 04:00","BZN|BG","3072.00","3057.00"
"02/09/2020 04:00 - 02/09/2020 05:00","BZN|BG","3169.00","3152.00"
"02/09/2020 05:00 - 02/09/2020 06:00","BZN|BG","3427.00","3394.00"
"02/09/2020 06:00 - 02/09/2020 07:00","BZN|BG","3713.00","3701.00"
"02/09/2020 07:00 - 02/09/2020 08:00","BZN|BG","4120.00","4036.00"
"02/09/2020 08:00 - 02/09/2020 09:00","BZN|BG","4304.00","4179.00"
"02/09/2020 09:00 - 02/09/2020 10:00","BZN|BG","4316.00","4186.00"
"02/09/2020 10:00 - 02/09/2020 11:00","BZN|BG","4401.00","4222.00"
"02/09/2020 11:00 - 02/09/2020 12:00","BZN|BG","4384.00","4212.00"
"02/09/2020 12:00 - 02/09/2020 13:00","BZN|BG","4460.00","4282.00"
"02/09/2020 13:00 - 02/09/2020 14:00","BZN|BG","4449.00","4279.00"
"02/09/2020 14:00 - 02/09/2020 15:00","BZN|BG","4452.00","4286.00"
"02/09/2020 15:00 - 02/09/2020 16:00","BZN|BG","4460.00","4290.00"
"02/09/2020 16:00 - 02/09/2020 17:00","BZN|BG","4365.00","4274.00"
"02/09/2020 17:00 - 02/09/2020 18:00","BZN|BG","4397.00","4342.00"
"02/09/2020 18:00 - 02/09/2020 19:00","BZN|BG","4427.00","4360.00"
"02/09/2020 19:00 - 02/09/2020 20:00","BZN|BG","4519.00","4408.00"
"02/09/2020 20:00 - 02/09/2020 21:00","BZN|BG","4320.00","4260.00"
"02/09/2020 21:00 - 02/09/2020 22:00","BZN|BG","4006.00","4006.00"
"02/09/2020 22:00 - 02/09/2020 23:00","BZN|BG","3709.00","3737.00"
"02/09/2020 23:00 - 03/09/2020 00:00","BZN|BG","3392.00","3442.00"
"03/09/2020 00:00 - 03/09/2020 01:00","BZN|BG","3160.00","3227.00"
"03/09/2020 01:00 - 03/09/2020 02:00","BZN|BG","3045.00","3118.00"
"03/09/2020 02:00 - 03/09/2020 03:00","BZN|BG","3005.00","3073.00"
"03/09/2020 03:00 - 03/09/2020 04:00","BZN|BG","3008.00","3079.00"
"03/09/2020 04:00 - 03/09/2020 05:00","BZN|BG","3117.00","3171.00"
"03/09/2020 05:00 - 03/09/2020 06:00","BZN|BG","3369.00","3402.00"
"03/09/2020 06:00 - 03/09/2020 07:00","BZN|BG","3665.00","3687.00"
"03/09/2020 07:00 - 03/09/2020 08:00","BZN|BG","4048.00","3995.00"
"03/09/2020 08:00 - 03/09/2020 09:00","BZN|BG","4226.00","4134.00"
"03/09/2020 09:00 - 03/09/2020 10:00","BZN|BG","4259.00","4146.00"
"03/09/2020 10:00 - 03/09/2020 11:00","BZN|BG","4311.00","4188.00"
"03/09/2020 11:00 - 03/09/2020 12:00","BZN|BG","4296.00","4183.00"
"03/09/2020 12:00 - 03/09/2020 13:00","BZN|BG","4381.00","4257.00"
"03/09/2020 13:00 - 03/09/2020 14:00","BZN|BG","4372.00","4239.00"
"03/09/2020 14:00 - 03/09/2020 15:00","BZN|BG","4373.00","4267.00"
"03/09/2020 15:00 - 03/09/2020 16:00","BZN|BG","4389.00","4293.00"
"03/09/2020 16:00 - 03/09/2020 17:00","BZN|BG","4295.00","4273.00"
"03/09/2020 17:00 - 03/09/2020 18:00","BZN|BG","4324.00","4369.00"
"03/09/2020 18:00 - 03/09/2020 19:00","BZN|BG","4420.00","4384.00"
"03/09/2020 19:00 - 03/09/2020 20:00","BZN|BG","4491.00","4453.00"
"03/09/2020 20:00 - 03/09/2020 21:00","BZN|BG","4249.00","4298.00"
"03/09/2020 21:00 - 03/09/2020 22:00","BZN|BG","3989.00","4043.00"
"03/09/2020 22:00 - 03/09/2020 23:00","BZN|BG","3692.00","3768.00"
"03/09/2020 23:00 - 04/09/2020 00:00","BZN|BG","3364.00","3380.00"
"04/09/2020 00:00 - 04/09/2020 01:00","BZN|BG","3125.00","3174.00"
"04/09/2020 01:00 - 04/09/2020 02:00","BZN|BG","2993.00","3069.00"
"04/09/2020 02:00 - 04/09/2020 03:00","BZN|BG","2904.00","3021.00"
"04/09/2020 03:00 - 04/09/2020 04:00","BZN|BG","2916.00","3025.00"
"04/09/2020 04:00 - 04/09/2020 05:00","BZN|BG","2960.00","3115.00"
"04/09/2020 05:00 - 04/09/2020 06:00","BZN|BG","3195.00","3340.00"
"04/09/2020 06:00 - 04/09/2020 07:00","BZN|BG","3453.00","3610.00"
"04/09/2020 07:00 - 04/09/2020 08:00","BZN|BG","3762.00","3911.00"
"04/09/2020 08:00 - 04/09/2020 09:00","BZN|BG","3897.00","4045.00"
"04/09/2020 09:00 - 04/09/2020 10:00","BZN|BG","3852.00","4049.00"
"04/09/2020 10:00 - 04/09/2020 11:00","BZN|BG","3835.00","4091.00"
"04/09/2020 11:00 - 04/09/2020 12:00","BZN|BG","3684.00","4086.00"
"04/09/2020 12:00 - 04/09/2020 13:00","BZN|BG","3682.00","4157.00"
"04/09/2020 13:00 - 04/09/2020 14:00","BZN|BG","3703.00","4162.00"
"04/09/2020 14:00 - 04/09/2020 15:00","BZN|BG","3719.00","4196.00"
"04/09/2020 15:00 - 04/09/2020 16:00","BZN|BG","3742.00","4273.00"
"04/09/2020 16:00 - 04/09/2020 17:00","BZN|BG","3743.00","4239.00"
"04/09/2020 17:00 - 04/09/2020 18:00","BZN|BG","3858.00","4361.00"
"04/09/2020 18:00 - 04/09/2020 19:00","BZN|BG","3916.00","4394.00"
"04/09/2020 19:00 - 04/09/2020 20:00","BZN|BG","3991.00","4492.00"
"04/09/2020 20:00 - 04/09/2020 21:00","BZN|BG","3767.00","4295.00"
"04/09/2020 21:00 - 04/09/2020 22:00","BZN|BG","3558.00","3975.00"
"04/09/2020 22:00 - 04/09/2020 23:00","BZN|BG","3351.00","3635.00"
"04/09/2020 23:00 - 05/09/2020 00:00","BZN|BG","3173.00","3383.00"
"05/09/2020 00:00 - 05/09/2020 01:00","BZN|BG","3009.00","3163.00"
"05/09/2020 01:00 - 05/09/2020 02:00","BZN|BG","2829.00","3031.00"
"05/09/2020 02:00 - 05/09/2020 03:00","BZN|BG","2738.00","2970.00"
"05/09/2020 03:00 - 05/09/2020 04:00","BZN|BG","2707.00","2957.00"
"05/09/2020 04:00 - 05/09/2020 05:00","BZN|BG","2727.00","2988.00"
"05/09/2020 05:00 - 05/09/2020 06:00","BZN|BG","2813.00","3061.00"
"05/09/2020 06:00 - 05/09/2020 07:00","BZN|BG","3010.00","3215.00"
"05/09/2020 07:00 - 05/09/2020 08:00","BZN|BG","3268.00","3472.00"
"05/09/2020 08:00 - 05/09/2020 09:00","BZN|BG","3486.00","3664.00"
"05/09/2020 09:00 - 05/09/2020 10:00","BZN|BG","3554.00","3768.00"
"05/09/2020 10:00 - 05/09/2020 11:00","BZN|BG","3560.00","3839.00"
"05/09/2020 11:00 - 05/09/2020 12:00","BZN|BG","3570.00","3879.00"
"05/09/2020 12:00 - 05/09/2020 13:00","BZN|BG","3547.00","3861.00"
"05/09/2020 13:00 - 05/09/2020 14:00","BZN|BG","3493.00","3776.00"
"05/09/2020 14:00 - 05/09/2020 15:00","BZN|BG","3481.00","3763.00"
"05/09/2020 15:00 - 05/09/2020 16:00","BZN|BG","3515.00","3839.00"
"05/09/2020 16:00 - 05/09/2020 17:00","BZN|BG","3578.00","3978.00"
"05/09/2020 17:00 - 05/09/2020 18:00","BZN|BG","3678.00","4042.00"
"05/09/2020 18:00 - 05/09/2020 19:00","BZN|BG","3775.00","4020.00"
"05/09/2020 19:00 - 05/09/2020 20:00","BZN|BG","3851.00","4142.00"
"05/09/2020 20:00 - 05/09/2020 21:00","BZN|BG","3634.00","3955.00"
"05/09/2020 21:00 - 05/09/2020 22:00","BZN|BG","3448.00","3707.00"
"05/09/2020 22:00 - 05/09/2020 23:00","BZN|BG","3233.00","3444.00"
"05/09/2020 23:00 - 06/09/2020 00:00","BZN|BG","2962.00","3183.00"
"06/09/2020 00:00 - 06/09/2020 01:00","BZN|BG","2765.00","2970.00"
"06/09/2020 01:00 - 06/09/2020 02:00","BZN|BG","2665.00","2851.00"
"06/09/2020 02:00 - 06/09/2020 03:00","BZN|BG","2621.00","2803.00"
"06/09/2020 03:00 - 06/09/2020 04:00","BZN|BG","2607.00","2780.00"
"06/09/2020 04:00 - 06/09/2020 05:00","BZN|BG","2654.00","2811.00"
"06/09/2020 05:00 - 06/09/2020 06:00","BZN|BG","2726.00","2849.00"
"06/09/2020 06:00 - 06/09/2020 07:00","BZN|BG","2918.00","2987.00"
"06/09/2020 07:00 - 06/09/2020 08:00","BZN|BG","3247.00","3202.00"
"06/09/2020 08:00 - 06/09/2020 09:00","BZN|BG","3514.00","3423.00"
"06/09/2020 09:00 - 06/09/2020 10:00","BZN|BG","3604.00","3540.00"
"06/09/2020 10:00 - 06/09/2020 11:00","BZN|BG","3674.00","3604.00"
"06/09/2020 11:00 - 06/09/2020 12:00","BZN|BG","3679.00","3653.00"
"06/09/2020 12:00 - 06/09/2020 13:00","BZN|BG","3624.00","3567.00"
"06/09/2020 13:00 - 06/09/2020 14:00","BZN|BG","3596.00","3476.00"
"06/09/2020 14:00 - 06/09/2020 15:00","BZN|BG","3587.00","3478.00"
"06/09/2020 15:00 - 06/09/2020 16:00","BZN|BG","3645.00","3613.00"
"06/09/2020 16:00 - 06/09/2020 17:00","BZN|BG","3719.00","3719.00"
"06/09/2020 17:00 - 06/09/2020 18:00","BZN|BG","3806.00","3812.00"
"06/09/2020 18:00 - 06/09/2020 19:00","BZN|BG","3885.00","3785.00"
"06/09/2020 19:00 - 06/09/2020 20:00","BZN|BG","3687.00","3996.00"
"06/09/2020 20:00 - 06/09/2020 21:00","BZN|BG","3794.00","3839.00"
"06/09/2020 21:00 - 06/09/2020 22:00","BZN|BG","3616.00","3589.00"
"06/09/2020 22:00 - 06/09/2020 23:00","BZN|BG","3383.00","3291.00"
"06/09/2020 23:00 - 07/09/2020 00:00","BZN|BG","3079.00","3069.00"
"07/09/2020 00:00 - 07/09/2020 01:00","BZN|BG","2870.00","2916.00"
"07/09/2020 01:00 - 07/09/2020 02:00","BZN|BG","2771.00","2826.00"
"07/09/2020 02:00 - 07/09/2020 03:00","BZN|BG","2726.00","2795.00"
"07/09/2020 03:00 - 07/09/2020 04:00","BZN|BG","2724.00","2807.00"
"07/09/2020 04:00 - 07/09/2020 05:00","BZN|BG","2775.00","2889.00"
"07/09/2020 05:00 - 07/09/2020 06:00","BZN|BG","2911.00","3072.00"
"07/09/2020 06:00 - 07/09/2020 07:00","BZN|BG","3149.00","3299.00"
"07/09/2020 07:00 - 07/09/2020 08:00","BZN|BG","3495.00","3541.00"
"07/09/2020 08:00 - 07/09/2020 09:00","BZN|BG","3777.00","3730.00"
"07/09/2020 09:00 - 07/09/2020 10:00","BZN|BG","3880.00","3796.00"
"07/09/2020 10:00 - 07/09/2020 11:00","BZN|BG","3933.00","3876.00"
"07/09/2020 11:00 - 07/09/2020 12:00","BZN|BG","3935.00","3891.00"
"07/09/2020 12:00 - 07/09/2020 13:00","BZN|BG","3958.00","3975.00"
"07/09/2020 13:00 - 07/09/2020 14:00","BZN|BG","3944.00","3982.00"
"07/09/2020 14:00 - 07/09/2020 15:00","BZN|BG","3933.00","3979.00"
"07/09/2020 15:00 - 07/09/2020 16:00","BZN|BG","3974.00","3960.00"
"07/09/2020 16:00 - 07/09/2020 17:00","BZN|BG","4026.00","3884.00"
"07/09/2020 17:00 - 07/09/2020 18:00","BZN|BG","4068.00","3851.00"
"07/09/2020 18:00 - 07/09/2020 19:00","BZN|BG","4117.00","3771.00"
"07/09/2020 19:00 - 07/09/2020 20:00","BZN|BG","4309.00","4113.00"
"07/09/2020 20:00 - 07/09/2020 21:00","BZN|BG","4079.00","3937.00"
"07/09/2020 21:00 - 07/09/2020 22:00","BZN|BG","3846.00","3750.00"
"07/09/2020 22:00 - 07/09/2020 23:00","BZN|BG","3560.00","3506.00"
"07/09/2020 23:00 - 08/09/2020 00:00","BZN|BG","3251.00","3227.00"
"08/09/2020 00:00 - 08/09/2020 01:00","BZN|BG","3022.00","3083.00"
"08/09/2020 01:00 - 08/09/2020 02:00","BZN|BG","2911.00","3013.00"
"08/09/2020 02:00 - 08/09/2020 03:00","BZN|BG","2826.00","2981.00"
"08/09/2020 03:00 - 08/09/2020 04:00","BZN|BG","2840.00","2986.00"
"08/09/2020 04:00 - 08/09/2020 05:00","BZN|BG","2970.00","3076.00"
"08/09/2020 05:00 - 08/09/2020 06:00","BZN|BG","3254.00","3301.00"
"08/09/2020 06:00 - 08/09/2020 07:00","BZN|BG","3566.00","3564.00"
"08/09/2020 07:00 - 08/09/2020 08:00","BZN|BG","3920.00","3867.00"
"08/09/2020 08:00 - 08/09/2020 09:00","BZN|BG","4073.00","4005.00"
"08/09/2020 09:00 - 08/09/2020 10:00","BZN|BG","4131.00","4018.00"
"08/09/2020 10:00 - 08/09/2020 11:00","BZN|BG","4203.00","4057.00"
"08/09/2020 11:00 - 08/09/2020 12:00","BZN|BG","4189.00","4044.00"
"08/09/2020 12:00 - 08/09/2020 13:00","BZN|BG","4279.00","4114.00"
"08/09/2020 13:00 - 08/09/2020 14:00","BZN|BG","4297.00","4112.00"
"08/09/2020 14:00 - 08/09/2020 15:00","BZN|BG","4291.00","4047.00"
"08/09/2020 15:00 - 08/09/2020 16:00","BZN|BG","4254.00","3998.00"
"08/09/2020 16:00 - 08/09/2020 17:00","BZN|BG","4178.00","3954.00"
"08/09/2020 17:00 - 08/09/2020 18:00","BZN|BG","4197.00","4008.00"
"08/09/2020 18:00 - 08/09/2020 19:00","BZN|BG","4242.00","4038.00"
"08/09/2020 19:00 - 08/09/2020 20:00","BZN|BG","4372.00","4119.00"
"08/09/2020 20:00 - 08/09/2020 21:00","BZN|BG","4157.00","3971.00"
"08/09/2020 21:00 - 08/09/2020 22:00","BZN|BG","3887.00","3758.00"
"08/09/2020 22:00 - 08/09/2020 23:00","BZN|BG","3602.00","3540.00"
"08/09/2020 23:00 - 09/09/2020 00:00","BZN|BG","3271.00","3283.00"
"09/09/2020 00:00 - 09/09/2020 01:00","BZN|BG","3059.00","3040.00"
"09/09/2020 01:00 - 09/09/2020 02:00","BZN|BG","2951.00","2920.00"
"09/09/2020 02:00 - 09/09/2020 03:00","BZN|BG","2907.00","2864.00"
"09/09/2020 03:00 - 09/09/2020 04:00","BZN|BG","2913.00","2873.00"
"09/09/2020 04:00 - 09/09/2020 05:00","BZN|BG","3019.00","2968.00"
"09/09/2020 05:00 - 09/09/2020 06:00","BZN|BG","3269.00","3212.00"
"09/09/2020 06:00 - 09/09/2020 07:00","BZN|BG","3572.00","3487.00"
"09/09/2020 07:00 - 09/09/2020 08:00","BZN|BG","3942.00","3805.00"
"09/09/2020 08:00 - 09/09/2020 09:00","BZN|BG","4086.00","3948.00"
"09/09/2020 09:00 - 09/09/2020 10:00","BZN|BG","4129.00","3947.00"
"09/09/2020 10:00 - 09/09/2020 11:00","BZN|BG","4210.00","3987.00"
"09/09/2020 11:00 - 09/09/2020 12:00","BZN|BG","4226.00","3966.00"
"09/09/2020 12:00 - 09/09/2020 13:00","BZN|BG","4315.00","4035.00"
"09/09/2020 13:00 - 09/09/2020 14:00","BZN|BG","4298.00","4014.00"
"09/09/2020 14:00 - 09/09/2020 15:00","BZN|BG","4296.00","4043.00"
"09/09/2020 15:00 - 09/09/2020 16:00","BZN|BG","4290.00","4101.00"
"09/09/2020 16:00 - 09/09/2020 17:00","BZN|BG","4216.00","4042.00"
"09/09/2020 17:00 - 09/09/2020 18:00","BZN|BG","4253.00","4149.00"
"09/09/2020 18:00 - 09/09/2020 19:00","BZN|BG","4293.00","4216.00"
"09/09/2020 19:00 - 09/09/2020 20:00","BZN|BG","4405.00","4354.00"
"09/09/2020 20:00 - 09/09/2020 21:00","BZN|BG","4206.00","4150.00"
"09/09/2020 21:00 - 09/09/2020 22:00","BZN|BG","3932.00","3867.00"
"09/09/2020 22:00 - 09/09/2020 23:00","BZN|BG","3657.00","3570.00"
"09/09/2020 23:00 - 10/09/2020 00:00","BZN|BG","3310.00","3262.00"
"10/09/2020 00:00 - 10/09/2020 01:00","BZN|BG","3114.00","3049.00"
"10/09/2020 01:00 - 10/09/2020 02:00","BZN|BG","2995.00","2944.00"
"10/09/2020 02:00 - 10/09/2020 03:00","BZN|BG","2952.00","2888.00"
"10/09/2020 03:00 - 10/09/2020 04:00","BZN|BG","2954.00","2899.00"
"10/09/2020 04:00 - 10/09/2020 05:00","BZN|BG","3060.00","3002.00"
"10/09/2020 05:00 - 10/09/2020 06:00","BZN|BG","3339.00","3260.00"
"10/09/2020 06:00 - 10/09/2020 07:00","BZN|BG","3638.00","3543.00"
"10/09/2020 07:00 - 10/09/2020 08:00","BZN|BG","3986.00","3863.00"
"10/09/2020 08:00 - 10/09/2020 09:00","BZN|BG","4140.00","3999.00"
"10/09/2020 09:00 - 10/09/2020 10:00","BZN|BG","4159.00","4000.00"
"10/09/2020 10:00 - 10/09/2020 11:00","BZN|BG","4209.00","4042.00"
"10/09/2020 11:00 - 10/09/2020 12:00","BZN|BG","4170.00","4022.00"
"10/09/2020 12:00 - 10/09/2020 13:00","BZN|BG","4287.00","4099.00"
"10/09/2020 13:00 - 10/09/2020 14:00","BZN|BG","4274.00","4085.00"
"10/09/2020 14:00 - 10/09/2020 15:00","BZN|BG","4295.00","4117.00"
"10/09/2020 15:00 - 10/09/2020 16:00","BZN|BG","4271.00","4146.00"
"10/09/2020 16:00 - 10/09/2020 17:00","BZN|BG","4222.00","4098.00"
"10/09/2020 17:00 - 10/09/2020 18:00","BZN|BG","4220.00","4183.00"
"10/09/2020 18:00 - 10/09/2020 19:00","BZN|BG","4279.00","4246.00"
"10/09/2020 19:00 - 10/09/2020 20:00","BZN|BG","4411.00","4373.00"
"10/09/2020 20:00 - 10/09/2020 21:00","BZN|BG","4164.00","4159.00"
"10/09/2020 21:00 - 10/09/2020 22:00","BZN|BG","3874.00","3872.00"
"10/09/2020 22:00 - 10/09/2020 23:00","BZN|BG","3606.00","3572.00"
"10/09/2020 23:00 - 11/09/2020 00:00","BZN|BG","3288.00","3271.00"
"11/09/2020 00:00 - 11/09/2020 01:00","BZN|BG","3046.00","3104.00"
"11/09/2020 01:00 - 11/09/2020 02:00","BZN|BG","2938.00","3022.00"
"11/09/2020 02:00 - 11/09/2020 03:00","BZN|BG","2891.00","2979.00"
"11/09/2020 03:00 - 11/09/2020 04:00","BZN|BG","2914.00","2988.00"
"11/09/2020 04:00 - 11/09/2020 05:00","BZN|BG","3024.00","3086.00"
"11/09/2020 05:00 - 11/09/2020 06:00","BZN|BG","3290.00","3326.00"
"11/09/2020 06:00 - 11/09/2020 07:00","BZN|BG","3646.00","3591.00"
"11/09/2020 07:00 - 11/09/2020 08:00","BZN|BG","3989.00","3892.00"
"11/09/2020 08:00 - 11/09/2020 09:00","BZN|BG","4108.00","4012.00"
"11/09/2020 09:00 - 11/09/2020 10:00","BZN|BG","4158.00","4013.00"
"11/09/2020 10:00 - 11/09/2020 11:00","BZN|BG","4223.00","4055.00"
"11/09/2020 11:00 - 11/09/2020 12:00","BZN|BG","4226.00","4041.00"
"11/09/2020 12:00 - 11/09/2020 13:00","BZN|BG","4286.00","4118.00"
"11/09/2020 13:00 - 11/09/2020 14:00","BZN|BG","4285.00","4119.00"
"11/09/2020 14:00 - 11/09/2020 15:00","BZN|BG","4291.00","4151.00"
"11/09/2020 15:00 - 11/09/2020 16:00","BZN|BG","4267.00","4195.00"
"11/09/2020 16:00 - 11/09/2020 17:00","BZN|BG","4205.00","4142.00"
"11/09/2020 17:00 - 11/09/2020 18:00","BZN|BG","4194.00","4233.00"
"11/09/2020 18:00 - 11/09/2020 19:00","BZN|BG","4282.00","4297.00"
"11/09/2020 19:00 - 11/09/2020 20:00","BZN|BG","4304.00","4432.00"
"11/09/2020 20:00 - 11/09/2020 21:00","BZN|BG","4014.00","4212.00"
"11/09/2020 21:00 - 11/09/2020 22:00","BZN|BG","3843.00","3929.00"
"11/09/2020 22:00 - 11/09/2020 23:00","BZN|BG","3632.00","3634.00"
"11/09/2020 23:00 - 12/09/2020 00:00","BZN|BG","3344.00","3294.00"
"12/09/2020 00:00 - 12/09/2020 01:00","BZN|BG","3115.00","3084.00"
"12/09/2020 01:00 - 12/09/2020 02:00","BZN|BG","2979.00","2948.00"
"12/09/2020 02:00 - 12/09/2020 03:00","BZN|BG","2941.00","2874.00"
"12/09/2020 03:00 - 12/09/2020 04:00","BZN|BG","2937.00","2858.00"
"12/09/2020 04:00 - 12/09/2020 05:00","BZN|BG","2914.00","2889.00"
"12/09/2020 05:00 - 12/09/2020 06:00","BZN|BG","3066.00","2989.00"
"12/09/2020 06:00 - 12/09/2020 07:00","BZN|BG","3234.00","3202.00"
"12/09/2020 07:00 - 12/09/2020 08:00","BZN|BG","3517.00","3492.00"
"12/09/2020 08:00 - 12/09/2020 09:00","BZN|BG","3760.00","3715.00"
"12/09/2020 09:00 - 12/09/2020 10:00","BZN|BG","3900.00","3790.00"
"12/09/2020 10:00 - 12/09/2020 11:00","BZN|BG","3949.00","3776.00"
"12/09/2020 11:00 - 12/09/2020 12:00","BZN|BG","3932.00","3779.00"
"12/09/2020 12:00 - 12/09/2020 13:00","BZN|BG","3901.00","3740.00"
"12/09/2020 13:00 - 12/09/2020 14:00","BZN|BG","3847.00","3677.00"
"12/09/2020 14:00 - 12/09/2020 15:00","BZN|BG","3835.00","3670.00"
"12/09/2020 15:00 - 12/09/2020 16:00","BZN|BG","3860.00","3737.00"
"12/09/2020 16:00 - 12/09/2020 17:00","BZN|BG","3913.00","3832.00"
"12/09/2020 17:00 - 12/09/2020 18:00","BZN|BG","3949.00","3943.00"
"12/09/2020 18:00 - 12/09/2020 19:00","BZN|BG","3981.00","4008.00"
"12/09/2020 19:00 - 12/09/2020 20:00","BZN|BG","4120.00","4077.00"
"12/09/2020 20:00 - 12/09/2020 21:00","BZN|BG","3815.00","3846.00"
"12/09/2020 21:00 - 12/09/2020 22:00","BZN|BG","3636.00","3667.00"
"12/09/2020 22:00 - 12/09/2020 23:00","BZN|BG","3466.00","3430.00"
"12/09/2020 23:00 - 13/09/2020 00:00","BZN|BG","3198.00","3159.00"
"13/09/2020 00:00 - 13/09/2020 01:00","BZN|BG","2991.00","2932.00"
"13/09/2020 01:00 - 13/09/2020 02:00","BZN|BG","2884.00","2807.00"
"13/09/2020 02:00 - 13/09/2020 03:00","BZN|BG","2830.00","2746.00"
"13/09/2020 03:00 - 13/09/2020 04:00","BZN|BG","2814.00","2728.00"
"13/09/2020 04:00 - 13/09/2020 05:00","BZN|BG","2841.00","2770.00"
"13/09/2020 05:00 - 13/09/2020 06:00","BZN|BG","2906.00","2841.00"
"13/09/2020 06:00 - 13/09/2020 07:00","BZN|BG","3058.00","3014.00"
"13/09/2020 07:00 - 13/09/2020 08:00","BZN|BG","3343.00","3268.00"
"13/09/2020 08:00 - 13/09/2020 09:00","BZN|BG","3609.00","3501.00"
"13/09/2020 09:00 - 13/09/2020 10:00","BZN|BG","3721.00","3588.00"
"13/09/2020 10:00 - 13/09/2020 11:00","BZN|BG","3830.00","3636.00"
"13/09/2020 11:00 - 13/09/2020 12:00","BZN|BG","3816.00","3642.00"
"13/09/2020 12:00 - 13/09/2020 13:00","BZN|BG","3781.00","3620.00"
"13/09/2020 13:00 - 13/09/2020 14:00","BZN|BG","3700.00","3610.00"
"13/09/2020 14:00 - 13/09/2020 15:00","BZN|BG","3704.00","3613.00"
"13/09/2020 15:00 - 13/09/2020 16:00","BZN|BG","3749.00","3708.00"
"13/09/2020 16:00 - 13/09/2020 17:00","BZN|BG","3824.00","3818.00"
"13/09/2020 17:00 - 13/09/2020 18:00","BZN|BG","3890.00","3947.00"
"13/09/2020 18:00 - 13/09/2020 19:00","BZN|BG","4006.00","4066.00"
"13/09/2020 19:00 - 13/09/2020 20:00","BZN|BG","4143.00","4176.00"
"13/09/2020 20:00 - 13/09/2020 21:00","BZN|BG","3895.00","3938.00"
"13/09/2020 21:00 - 13/09/2020 22:00","BZN|BG","3694.00","3725.00"
"13/09/2020 22:00 - 13/09/2020 23:00","BZN|BG","3419.00","3448.00"
"13/09/2020 23:00 - 14/09/2020 00:00","BZN|BG","3109.00","3164.00"
"14/09/2020 00:00 - 14/09/2020 01:00","BZN|BG","2946.00","2954.00"
"14/09/2020 01:00 - 14/09/2020 02:00","BZN|BG","2856.00","2850.00"
"14/09/2020 02:00 - 14/09/2020 03:00","BZN|BG","2824.00","2809.00"
"14/09/2020 03:00 - 14/09/2020 04:00","BZN|BG","2833.00","2810.00"
"14/09/2020 04:00 - 14/09/2020 05:00","BZN|BG","2986.00","2866.00"
"14/09/2020 05:00 - 14/09/2020 06:00","BZN|BG","3313.00","3026.00"
"14/09/2020 06:00 - 14/09/2020 07:00","BZN|BG","3609.00","3287.00"
"14/09/2020 07:00 - 14/09/2020 08:00","BZN|BG","3908.00","3628.00"
"14/09/2020 08:00 - 14/09/2020 09:00","BZN|BG","4095.00","3908.00"
"14/09/2020 09:00 - 14/09/2020 10:00","BZN|BG","4123.00","3981.00"
"14/09/2020 10:00 - 14/09/2020 11:00","BZN|BG","4197.00","4009.00"
"14/09/2020 11:00 - 14/09/2020 12:00","BZN|BG","4195.00","4013.00"
"14/09/2020 12:00 - 14/09/2020 13:00","BZN|BG","4249.00","4052.00"
"14/09/2020 13:00 - 14/09/2020 14:00","BZN|BG","4257.00","4041.00"
"14/09/2020 14:00 - 14/09/2020 15:00","BZN|BG","4232.00","4052.00"
"14/09/2020 15:00 - 14/09/2020 16:00","BZN|BG","4223.00","4073.00"
"14/09/2020 16:00 - 14/09/2020 17:00","BZN|BG","4103.00","4143.00"
"14/09/2020 17:00 - 14/09/2020 18:00","BZN|BG","4156.00","4204.00"
"14/09/2020 18:00 - 14/09/2020 19:00","BZN|BG","4302.00","4258.00"
"14/09/2020 19:00 - 14/09/2020 20:00","BZN|BG","4453.00","4372.00"
"14/09/2020 20:00 - 14/09/2020 21:00","BZN|BG","4207.00","4146.00"
"14/09/2020 21:00 - 14/09/2020 22:00","BZN|BG","3915.00","3889.00"
"14/09/2020 22:00 - 14/09/2020 23:00","BZN|BG","3623.00","3611.00"
"14/09/2020 23:00 - 15/09/2020 00:00","BZN|BG","3267.00","3267.00"
"15/09/2020 00:00 - 15/09/2020 01:00","BZN|BG","3090.00","3085.00"
"15/09/2020 01:00 - 15/09/2020 02:00","BZN|BG","2985.00","2994.00"
"15/09/2020 02:00 - 15/09/2020 03:00","BZN|BG","2899.00","2947.00"
"15/09/2020 03:00 - 15/09/2020 04:00","BZN|BG","2912.00","2959.00"
"15/09/2020 04:00 - 15/09/2020 05:00","BZN|BG","3022.00","3061.00"
"15/09/2020 05:00 - 15/09/2020 06:00","BZN|BG","3324.00","3321.00"
"15/09/2020 06:00 - 15/09/2020 07:00","BZN|BG","3666.00","3608.00"
"15/09/2020 07:00 - 15/09/2020 08:00","BZN|BG","3991.00","3907.00"
"15/09/2020 08:00 - 15/09/2020 09:00","BZN|BG","4054.00","4005.00"
"15/09/2020 09:00 - 15/09/2020 10:00","BZN|BG","4023.00","3989.00"
"15/09/2020 10:00 - 15/09/2020 11:00","BZN|BG","4092.00","4023.00"
"15/09/2020 11:00 - 15/09/2020 12:00","BZN|BG","4083.00","3996.00"
"15/09/2020 12:00 - 15/09/2020 13:00","BZN|BG","4170.00","4076.00"
"15/09/2020 13:00 - 15/09/2020 14:00","BZN|BG","4172.00","4045.00"
"15/09/2020 14:00 - 15/09/2020 15:00","BZN|BG","4160.00","4079.00"
"15/09/2020 15:00 - 15/09/2020 16:00","BZN|BG","4139.00","4054.00"
"15/09/2020 16:00 - 15/09/2020 17:00","BZN|BG","4096.00","4032.00"
"15/09/2020 17:00 - 15/09/2020 18:00","BZN|BG","4135.00","4108.00"
"15/09/2020 18:00 - 15/09/2020 19:00","BZN|BG","4246.00","4173.00"
"15/09/2020 19:00 - 15/09/2020 20:00","BZN|BG","4388.00","4299.00"
"15/09/2020 20:00 - 15/09/2020 21:00","BZN|BG","4129.00","4069.00"
"15/09/2020 21:00 - 15/09/2020 22:00","BZN|BG","3829.00","3825.00"
"15/09/2020 22:00 - 15/09/2020 23:00","BZN|BG","3552.00","3582.00"
"15/09/2020 23:00 - 16/09/2020 00:00","BZN|BG","3221.00","3225.00"
"16/09/2020 00:00 - 16/09/2020 01:00","BZN|BG","3032.00","3062.00"
"16/09/2020 01:00 - 16/09/2020 02:00","BZN|BG","2928.00","2981.00"
"16/09/2020 02:00 - 16/09/2020 03:00","BZN|BG","2886.00","2940.00"
"16/09/2020 03:00 - 16/09/2020 04:00","BZN|BG","2905.00","2950.00"
"16/09/2020 04:00 - 16/09/2020 05:00","BZN|BG","3018.00","3054.00"
"16/09/2020 05:00 - 16/09/2020 06:00","BZN|BG","3380.00","3304.00"
"16/09/2020 06:00 - 16/09/2020 07:00","BZN|BG","3673.00","3575.00"
"16/09/2020 07:00 - 16/09/2020 08:00","BZN|BG","3975.00","3852.00"
"16/09/2020 08:00 - 16/09/2020 09:00","BZN|BG","4103.00","3935.00"
"16/09/2020 09:00 - 16/09/2020 10:00","BZN|BG","4057.00","3924.00"
"16/09/2020 10:00 - 16/09/2020 11:00","BZN|BG","4164.00","3963.00"
"16/09/2020 11:00 - 16/09/2020 12:00","BZN|BG","4132.00","3952.00"
"16/09/2020 12:00 - 16/09/2020 13:00","BZN|BG","4187.00","4042.00"
"16/09/2020 13:00 - 16/09/2020 14:00","BZN|BG","4176.00","4028.00"
"16/09/2020 14:00 - 16/09/2020 15:00","BZN|BG","4176.00","4079.00"
"16/09/2020 15:00 - 16/09/2020 16:00","BZN|BG","4136.00","4093.00"
"16/09/2020 16:00 - 16/09/2020 17:00","BZN|BG","4074.00","4060.00"
"16/09/2020 17:00 - 16/09/2020 18:00","BZN|BG","4118.00","4168.00"
"16/09/2020 18:00 - 16/09/2020 19:00","BZN|BG","4280.00","4270.00"
"16/09/2020 19:00 - 16/09/2020 20:00","BZN|BG","4402.00","4473.00"
"16/09/2020 20:00 - 16/09/2020 21:00","BZN|BG","4126.00","4191.00"
"16/09/2020 21:00 - 16/09/2020 22:00","BZN|BG","3821.00","3889.00"
"16/09/2020 22:00 - 16/09/2020 23:00","BZN|BG","3547.00","3599.00"
"16/09/2020 23:00 - 17/09/2020 00:00","BZN|BG","3225.00","3232.00"
"17/09/2020 00:00 - 17/09/2020 01:00","BZN|BG","3022.00","3059.00"
"17/09/2020 01:00 - 17/09/2020 02:00","BZN|BG","2925.00","2971.00"
"17/09/2020 02:00 - 17/09/2020 03:00","BZN|BG","2889.00","2921.00"
"17/09/2020 03:00 - 17/09/2020 04:00","BZN|BG","2897.00","2931.00"
"17/09/2020 04:00 - 17/09/2020 05:00","BZN|BG","3010.00","3029.00"
"17/09/2020 05:00 - 17/09/2020 06:00","BZN|BG","3361.00","3281.00"
"17/09/2020 06:00 - 17/09/2020 07:00","BZN|BG","3709.00","3550.00"
"17/09/2020 07:00 - 17/09/2020 08:00","BZN|BG","3983.00","3815.00"
"17/09/2020 08:00 - 17/09/2020 09:00","BZN|BG","4133.00","3880.00"
"17/09/2020 09:00 - 17/09/2020 10:00","BZN|BG","4145.00","3858.00"
"17/09/2020 10:00 - 17/09/2020 11:00","BZN|BG","4189.00","3891.00"
"17/09/2020 11:00 - 17/09/2020 12:00","BZN|BG","4162.00","3883.00"
"17/09/2020 12:00 - 17/09/2020 13:00","BZN|BG","4236.00","3971.00"
"17/09/2020 13:00 - 17/09/2020 14:00","BZN|BG","4243.00","3969.00"
"17/09/2020 14:00 - 17/09/2020 15:00","BZN|BG","4246.00","4006.00"
"17/09/2020 15:00 - 17/09/2020 16:00","BZN|BG","4191.00","4023.00"
"17/09/2020 16:00 - 17/09/2020 17:00","BZN|BG","4109.00","4001.00"
"17/09/2020 17:00 - 17/09/2020 18:00","BZN|BG","4189.00","4086.00"
"17/09/2020 18:00 - 17/09/2020 19:00","BZN|BG","4328.00","4184.00"
"17/09/2020 19:00 - 17/09/2020 20:00","BZN|BG","4404.00","4343.00"
"17/09/2020 20:00 - 17/09/2020 21:00","BZN|BG","4146.00","4077.00"
"17/09/2020 21:00 - 17/09/2020 22:00","BZN|BG","3900.00","3789.00"
"17/09/2020 22:00 - 17/09/2020 23:00","BZN|BG","3624.00","3521.00"
"17/09/2020 23:00 - 18/09/2020 00:00","BZN|BG","3281.00","3213.00"
"18/09/2020 00:00 - 18/09/2020 01:00","BZN|BG","3106.00","3044.00"
"18/09/2020 01:00 - 18/09/2020 02:00","BZN|BG","3024.00","2958.00"
"18/09/2020 02:00 - 18/09/2020 03:00","BZN|BG","2949.00","2909.00"
"18/09/2020 03:00 - 18/09/2020 04:00","BZN|BG","2918.00","2919.00"
"18/09/2020 04:00 - 18/09/2020 05:00","BZN|BG","2956.00","3015.00"
"18/09/2020 05:00 - 18/09/2020 06:00","BZN|BG","3295.00","3262.00"
"18/09/2020 06:00 - 18/09/2020 07:00","BZN|BG","3569.00","3525.00"
"18/09/2020 07:00 - 18/09/2020 08:00","BZN|BG","3778.00","3786.00"
"18/09/2020 08:00 - 18/09/2020 09:00","BZN|BG","3844.00","3849.00"
"18/09/2020 09:00 - 18/09/2020 10:00","BZN|BG","3837.00","3827.00"
"18/09/2020 10:00 - 18/09/2020 11:00","BZN|BG","3855.00","3860.00"
"18/09/2020 11:00 - 18/09/2020 12:00","BZN|BG","3777.00","3853.00"
"18/09/2020 12:00 - 18/09/2020 13:00","BZN|BG","3874.00","3938.00"
"18/09/2020 13:00 - 18/09/2020 14:00","BZN|BG","3873.00","3938.00"
"18/09/2020 14:00 - 18/09/2020 15:00","BZN|BG","3919.00","3976.00"
"18/09/2020 15:00 - 18/09/2020 16:00","BZN|BG","3920.00","3998.00"
"18/09/2020 16:00 - 18/09/2020 17:00","BZN|BG","3881.00","3974.00"
"18/09/2020 17:00 - 18/09/2020 18:00","BZN|BG","3953.00","4066.00"
"18/09/2020 18:00 - 18/09/2020 19:00","BZN|BG","4152.00","4172.00"
"18/09/2020 19:00 - 18/09/2020 20:00","BZN|BG","4156.00","4344.00"
"18/09/2020 20:00 - 18/09/2020 21:00","BZN|BG","3821.00","4072.00"
"18/09/2020 21:00 - 18/09/2020 22:00","BZN|BG","3589.00","3777.00"
"18/09/2020 22:00 - 18/09/2020 23:00","BZN|BG","3373.00","3503.00"
"18/09/2020 23:00 - 19/09/2020 00:00","BZN|BG","3070.00","3185.00"
"19/09/2020 00:00 - 19/09/2020 01:00","BZN|BG","2886.00","3015.00"
"19/09/2020 01:00 - 19/09/2020 02:00","BZN|BG","2773.00","2913.00"
"19/09/2020 02:00 - 19/09/2020 03:00","BZN|BG","2760.00","2884.00"
"19/09/2020 03:00 - 19/09/2020 04:00","BZN|BG","2725.00","2884.00"
"19/09/2020 04:00 - 19/09/2020 05:00","BZN|BG","2774.00","2861.00"
"19/09/2020 05:00 - 19/09/2020 06:00","BZN|BG","2891.00","3045.00"
"19/09/2020 06:00 - 19/09/2020 07:00","BZN|BG","3087.00","3205.00"
"19/09/2020 07:00 - 19/09/2020 08:00","BZN|BG","3406.00","3442.00"
"19/09/2020 08:00 - 19/09/2020 09:00","BZN|BG","3577.00","3656.00"
"19/09/2020 09:00 - 19/09/2020 10:00","BZN|BG","3654.00","3753.00"
"19/09/2020 10:00 - 19/09/2020 11:00","BZN|BG","3698.00","3776.00"
"19/09/2020 11:00 - 19/09/2020 12:00","BZN|BG","3678.00","3712.00"
"19/09/2020 12:00 - 19/09/2020 13:00","BZN|BG","3604.00","3661.00"
"19/09/2020 13:00 - 19/09/2020 14:00","BZN|BG","3515.00","3563.00"
"19/09/2020 14:00 - 19/09/2020 15:00","BZN|BG","3503.00","3583.00"
"19/09/2020 15:00 - 19/09/2020 16:00","BZN|BG","3551.00","3655.00"
"19/09/2020 16:00 - 19/09/2020 17:00","BZN|BG","3611.00","3777.00"
"19/09/2020 17:00 - 19/09/2020 18:00","BZN|BG","3712.00","3890.00"
"19/09/2020 18:00 - 19/09/2020 19:00","BZN|BG","3925.00","3942.00"
"19/09/2020 19:00 - 19/09/2020 20:00","BZN|BG","3967.00","4075.00"
"19/09/2020 20:00 - 19/09/2020 21:00","BZN|BG","3675.00","3746.00"
"19/09/2020 21:00 - 19/09/2020 22:00","BZN|BG","3532.00","3537.00"
"19/09/2020 22:00 - 19/09/2020 23:00","BZN|BG","3323.00","3357.00"
"19/09/2020 23:00 - 20/09/2020 00:00","BZN|BG","3084.00","3055.00"
"20/09/2020 00:00 - 20/09/2020 01:00","BZN|BG","2893.00","2869.00"
"20/09/2020 01:00 - 20/09/2020 02:00","BZN|BG","2774.00","2766.00"
"20/09/2020 02:00 - 20/09/2020 03:00","BZN|BG","2748.00","2712.00"
"20/09/2020 03:00 - 20/09/2020 04:00","BZN|BG","2740.00","2700.00"
"20/09/2020 04:00 - 20/09/2020 05:00","BZN|BG","2779.00","2726.00"
"20/09/2020 05:00 - 20/09/2020 06:00","BZN|BG","2869.00","2793.00"
"20/09/2020 06:00 - 20/09/2020 07:00","BZN|BG","3021.00","2933.00"
"20/09/2020 07:00 - 20/09/2020 08:00","BZN|BG","3325.00","3168.00"
"20/09/2020 08:00 - 20/09/2020 09:00","BZN|BG","3579.00","3402.00"
"20/09/2020 09:00 - 20/09/2020 10:00","BZN|BG","3661.00","3467.00"
"20/09/2020 10:00 - 20/09/2020 11:00","BZN|BG","3693.00","3558.00"
"20/09/2020 11:00 - 20/09/2020 12:00","BZN|BG","3683.00","3527.00"
"20/09/2020 12:00 - 20/09/2020 13:00","BZN|BG","3607.00","3472.00"
"20/09/2020 13:00 - 20/09/2020 14:00","BZN|BG","3538.00","3392.00"
"20/09/2020 14:00 - 20/09/2020 15:00","BZN|BG","3526.00","3436.00"
"20/09/2020 15:00 - 20/09/2020 16:00","BZN|BG","3571.00","3544.00"
"20/09/2020 16:00 - 20/09/2020 17:00","BZN|BG","3674.00","3668.00"
"20/09/2020 17:00 - 20/09/2020 18:00","BZN|BG","3760.00","3814.00"
"20/09/2020 18:00 - 20/09/2020 19:00","BZN|BG","4020.00","3985.00"
"20/09/2020 19:00 - 20/09/2020 20:00","BZN|BG","4150.00","4142.00"
"20/09/2020 20:00 - 20/09/2020 21:00","BZN|BG","3872.00","3846.00"
"20/09/2020 21:00 - 20/09/2020 22:00","BZN|BG","3588.00","3613.00"
"20/09/2020 22:00 - 20/09/2020 23:00","BZN|BG","3318.00","3296.00"
"20/09/2020 23:00 - 21/09/2020 00:00","BZN|BG","3004.00","3125.00"
"21/09/2020 00:00 - 21/09/2020 01:00","BZN|BG","2842.00","2929.00"
"21/09/2020 01:00 - 21/09/2020 02:00","BZN|BG","2751.00","2832.00"
"21/09/2020 02:00 - 21/09/2020 03:00","BZN|BG","2681.00","2791.00"
"21/09/2020 03:00 - 21/09/2020 04:00","BZN|BG","2702.00","2799.00"
"21/09/2020 04:00 - 21/09/2020 05:00","BZN|BG","2815.00","2951.00"
"21/09/2020 05:00 - 21/09/2020 06:00","BZN|BG","3169.00","3288.00"
"21/09/2020 06:00 - 21/09/2020 07:00","BZN|BG","3455.00","3591.00"
"21/09/2020 07:00 - 21/09/2020 08:00","BZN|BG","3708.00","3851.00"
"21/09/2020 08:00 - 21/09/2020 09:00","BZN|BG","3817.00","4016.00"
"21/09/2020 09:00 - 21/09/2020 10:00","BZN|BG","3766.00","3967.00"
"21/09/2020 10:00 - 21/09/2020 11:00","BZN|BG","3775.00","4018.00"
"21/09/2020 11:00 - 21/09/2020 12:00","BZN|BG","3737.00","4023.00"
"21/09/2020 12:00 - 21/09/2020 13:00","BZN|BG","3769.00","4093.00"
"21/09/2020 13:00 - 21/09/2020 14:00","BZN|BG","3764.00","4098.00"
"21/09/2020 14:00 - 21/09/2020 15:00","BZN|BG","3764.00","4115.00"
"21/09/2020 15:00 - 21/09/2020 16:00","BZN|BG","3751.00","4204.00"
"21/09/2020 16:00 - 21/09/2020 17:00","BZN|BG","3738.00","3869.00"
"21/09/2020 17:00 - 21/09/2020 18:00","BZN|BG","3776.00","3982.00"
"21/09/2020 18:00 - 21/09/2020 19:00","BZN|BG","3973.00","4158.00"
"21/09/2020 19:00 - 21/09/2020 20:00","BZN|BG","4024.00","4353.00"
"21/09/2020 20:00 - 21/09/2020 21:00","BZN|BG","3748.00","4115.00"
"21/09/2020 21:00 - 21/09/2020 22:00","BZN|BG","3527.00","3846.00"
"21/09/2020 22:00 - 21/09/2020 23:00","BZN|BG","3324.00","3612.00"
"21/09/2020 23:00 - 22/09/2020 00:00","BZN|BG","3035.00","3057.00"
"22/09/2020 00:00 - 22/09/2020 01:00","BZN|BG","2863.00","2874.00"
"22/09/2020 01:00 - 22/09/2020 02:00","BZN|BG","2775.00","2789.00"
"22/09/2020 02:00 - 22/09/2020 03:00","BZN|BG","2741.00","2737.00"
"22/09/2020 03:00 - 22/09/2020 04:00","BZN|BG","2752.00","2751.00"
"22/09/2020 04:00 - 22/09/2020 05:00","BZN|BG","2796.00","2840.00"
"22/09/2020 05:00 - 22/09/2020 06:00","BZN|BG","2965.00","3126.00"
"22/09/2020 06:00 - 22/09/2020 07:00","BZN|BG","3175.00","3387.00"
"22/09/2020 07:00 - 22/09/2020 08:00","BZN|BG","3550.00","3587.00"
"22/09/2020 08:00 - 22/09/2020 09:00","BZN|BG","3748.00","3640.00"
"22/09/2020 09:00 - 22/09/2020 10:00","BZN|BG","3797.00","3617.00"
"22/09/2020 10:00 - 22/09/2020 11:00","BZN|BG","3830.00","3632.00"
"22/09/2020 11:00 - 22/09/2020 12:00","BZN|BG","3779.00","3603.00"
"22/09/2020 12:00 - 22/09/2020 13:00","BZN|BG","3743.00","3663.00"
"22/09/2020 13:00 - 22/09/2020 14:00","BZN|BG","3688.00","3643.00"
"22/09/2020 14:00 - 22/09/2020 15:00","BZN|BG","3665.00","3669.00"
"22/09/2020 15:00 - 22/09/2020 16:00","BZN|BG","3700.00","3657.00"
"22/09/2020 16:00 - 22/09/2020 17:00","BZN|BG","3739.00","3646.00"
"22/09/2020 17:00 - 22/09/2020 18:00","BZN|BG","3798.00","3746.00"
"22/09/2020 18:00 - 22/09/2020 19:00","BZN|BG","4062.00","3906.00"
"22/09/2020 19:00 - 22/09/2020 20:00","BZN|BG","4146.00","3984.00"
"22/09/2020 20:00 - 22/09/2020 21:00","BZN|BG","3871.00","3786.00"
"22/09/2020 21:00 - 22/09/2020 22:00","BZN|BG","3586.00","3606.00"
"22/09/2020 22:00 - 22/09/2020 23:00","BZN|BG","3337.00","3428.00"
"22/09/2020 23:00 - 23/09/2020 00:00","BZN|BG","3030.00","3075.00"
"23/09/2020 00:00 - 23/09/2020 01:00","BZN|BG","2838.00","2888.00"
"23/09/2020 01:00 - 23/09/2020 02:00","BZN|BG","2749.00","2799.00"
"23/09/2020 02:00 - 23/09/2020 03:00","BZN|BG","2709.00","2739.00"
"23/09/2020 03:00 - 23/09/2020 04:00","BZN|BG","2716.00","2758.00"
"23/09/2020 04:00 - 23/09/2020 05:00","BZN|BG","2879.00","2878.00"
"23/09/2020 05:00 - 23/09/2020 06:00","BZN|BG","3274.00","3287.00"
"23/09/2020 06:00 - 23/09/2020 07:00","BZN|BG","3659.00","3635.00"
"23/09/2020 07:00 - 23/09/2020 08:00","BZN|BG","3882.00","3892.00"
"23/09/2020 08:00 - 23/09/2020 09:00","BZN|BG","4019.00","3960.00"
"23/09/2020 09:00 - 23/09/2020 10:00","BZN|BG","4025.00","3923.00"
"23/09/2020 10:00 - 23/09/2020 11:00","BZN|BG","3997.00","3939.00"
"23/09/2020 11:00 - 23/09/2020 12:00","BZN|BG","3919.00","3892.00"
"23/09/2020 12:00 - 23/09/2020 13:00","BZN|BG","3955.00","3971.00"
"23/09/2020 13:00 - 23/09/2020 14:00","BZN|BG","3985.00","3867.00"
"23/09/2020 14:00 - 23/09/2020 15:00","BZN|BG","3991.00","3892.00"
"23/09/2020 15:00 - 23/09/2020 16:00","BZN|BG","3973.00","3786.00"
"23/09/2020 16:00 - 23/09/2020 17:00","BZN|BG","3955.00","3768.00"
"23/09/2020 17:00 - 23/09/2020 18:00","BZN|BG","4043.00","3890.00"
"23/09/2020 18:00 - 23/09/2020 19:00","BZN|BG","4314.00","4116.00"
"23/09/2020 19:00 - 23/09/2020 20:00","BZN|BG","4287.00","4204.00"
"23/09/2020 20:00 - 23/09/2020 21:00","BZN|BG","4008.00","3922.00"
"23/09/2020 21:00 - 23/09/2020 22:00","BZN|BG","3759.00","3663.00"
"23/09/2020 22:00 - 23/09/2020 23:00","BZN|BG","3491.00","3406.00"
"23/09/2020 23:00 - 24/09/2020 00:00","BZN|BG","3125.00","3126.00"
"24/09/2020 00:00 - 24/09/2020 01:00","BZN|BG","2951.00","2925.00"
"24/09/2020 01:00 - 24/09/2020 02:00","BZN|BG","2877.00","2828.00"
"24/09/2020 02:00 - 24/09/2020 03:00","BZN|BG","2846.00","2768.00"
"24/09/2020 03:00 - 24/09/2020 04:00","BZN|BG","2853.00","2787.00"
"24/09/2020 04:00 - 24/09/2020 05:00","BZN|BG","2990.00","2900.00"
"24/09/2020 05:00 - 24/09/2020 06:00","BZN|BG","3389.00","3300.00"
"24/09/2020 06:00 - 24/09/2020 07:00","BZN|BG","3659.00","3651.00"
"24/09/2020 07:00 - 24/09/2020 08:00","BZN|BG","3915.00","3951.00"
"24/09/2020 08:00 - 24/09/2020 09:00","BZN|BG","4063.00","4044.00"
"24/09/2020 09:00 - 24/09/2020 10:00","BZN|BG","4105.00","4010.00"
"24/09/2020 10:00 - 24/09/2020 11:00","BZN|BG","4139.00","4026.00"
"24/09/2020 11:00 - 24/09/2020 12:00","BZN|BG","4067.00","3968.00"
"24/09/2020 12:00 - 24/09/2020 13:00","BZN|BG","4106.00","4028.00"
"24/09/2020 13:00 - 24/09/2020 14:00","BZN|BG","4092.00","3971.00"
"24/09/2020 14:00 - 24/09/2020 15:00","BZN|BG","4088.00","3993.00"
"24/09/2020 15:00 - 24/09/2020 16:00","BZN|BG","4051.00","3956.00"
"24/09/2020 16:00 - 24/09/2020 17:00","BZN|BG","4019.00","3972.00"
"24/09/2020 17:00 - 24/09/2020 18:00","BZN|BG","4127.00","4069.00"
"24/09/2020 18:00 - 24/09/2020 19:00","BZN|BG","4368.00","4272.00"
"24/09/2020 19:00 - 24/09/2020 20:00","BZN|BG","4351.00","4345.00"
"24/09/2020 20:00 - 24/09/2020 21:00","BZN|BG","4079.00","4055.00"
"24/09/2020 21:00 - 24/09/2020 22:00","BZN|BG","3798.00","3781.00"
"24/09/2020 22:00 - 24/09/2020 23:00","BZN|BG","3444.00","3511.00"
"24/09/2020 23:00 - 25/09/2020 00:00","BZN|BG","3238.00","3193.00"
"25/09/2020 00:00 - 25/09/2020 01:00","BZN|BG","3042.00","3016.00"
"25/09/2020 01:00 - 25/09/2020 02:00","BZN|BG","2952.00","2930.00"
"25/09/2020 02:00 - 25/09/2020 03:00","BZN|BG","2876.00","2881.00"
"25/09/2020 03:00 - 25/09/2020 04:00","BZN|BG","2884.00","2895.00"
"25/09/2020 04:00 - 25/09/2020 05:00","BZN|BG","2997.00","2997.00"
"25/09/2020 05:00 - 25/09/2020 06:00","BZN|BG","3356.00","3337.00"
"25/09/2020 06:00 - 25/09/2020 07:00","BZN|BG","3663.00","3640.00"
"25/09/2020 07:00 - 25/09/2020 08:00","BZN|BG","3932.00","3873.00"
"25/09/2020 08:00 - 25/09/2020 09:00","BZN|BG","4050.00","3947.00"
"25/09/2020 09:00 - 25/09/2020 10:00","BZN|BG","4035.00","3922.00"
"25/09/2020 10:00 - 25/09/2020 11:00","BZN|BG","4030.00","3924.00"
"25/09/2020 11:00 - 25/09/2020 12:00","BZN|BG","3969.00","3888.00"
"25/09/2020 12:00 - 25/09/2020 13:00","BZN|BG","3999.00","3921.00"
"25/09/2020 13:00 - 25/09/2020 14:00","BZN|BG","3979.00","3929.00"
"25/09/2020 14:00 - 25/09/2020 15:00","BZN|BG","3969.00","3949.00"
"25/09/2020 15:00 - 25/09/2020 16:00","BZN|BG","3944.00","3971.00"
"25/09/2020 16:00 - 25/09/2020 17:00","BZN|BG","3890.00","3989.00"
"25/09/2020 17:00 - 25/09/2020 18:00","BZN|BG","3990.00","4077.00"
"25/09/2020 18:00 - 25/09/2020 19:00","BZN|BG","4339.00","4259.00"
"25/09/2020 19:00 - 25/09/2020 20:00","BZN|BG","4312.00","4308.00"
"25/09/2020 20:00 - 25/09/2020 21:00","BZN|BG","3996.00","4041.00"
"25/09/2020 21:00 - 25/09/2020 22:00","BZN|BG","3678.00","3792.00"
"25/09/2020 22:00 - 25/09/2020 23:00","BZN|BG","3487.00","3542.00"
"25/09/2020 23:00 - 26/09/2020 00:00","BZN|BG","3218.00","3207.00"
"26/09/2020 00:00 - 26/09/2020 01:00","BZN|BG","3036.00","3036.00"
"26/09/2020 01:00 - 26/09/2020 02:00","BZN|BG","2934.00","2912.00"
"26/09/2020 02:00 - 26/09/2020 03:00","BZN|BG","2885.00","2865.00"
"26/09/2020 03:00 - 26/09/2020 04:00","BZN|BG","2867.00","2854.00"
"26/09/2020 04:00 - 26/09/2020 05:00","BZN|BG","2934.00","2897.00"
"26/09/2020 05:00 - 26/09/2020 06:00","BZN|BG","3067.00","3016.00"
"26/09/2020 06:00 - 26/09/2020 07:00","BZN|BG","3240.00","3165.00"
"26/09/2020 07:00 - 26/09/2020 08:00","BZN|BG","3637.00","3414.00"
"26/09/2020 08:00 - 26/09/2020 09:00","BZN|BG","3870.00","3577.00"
"26/09/2020 09:00 - 26/09/2020 10:00","BZN|BG","3955.00","3604.00"
"26/09/2020 10:00 - 26/09/2020 11:00","BZN|BG","3991.00","3597.00"
"26/09/2020 11:00 - 26/09/2020 12:00","BZN|BG","3911.00","3585.00"
"26/09/2020 12:00 - 26/09/2020 13:00","BZN|BG","3847.00","3563.00"
"26/09/2020 13:00 - 26/09/2020 14:00","BZN|BG","3767.00","3543.00"
"26/09/2020 14:00 - 26/09/2020 15:00","BZN|BG","3743.00","3559.00"
"26/09/2020 15:00 - 26/09/2020 16:00","BZN|BG","3761.00","3625.00"
"26/09/2020 16:00 - 26/09/2020 17:00","BZN|BG","3861.00","3700.00"
"26/09/2020 17:00 - 26/09/2020 18:00","BZN|BG","3948.00","3810.00"
"26/09/2020 18:00 - 26/09/2020 19:00","BZN|BG","4086.00","3979.00"
"26/09/2020 19:00 - 26/09/2020 20:00","BZN|BG","3931.00","4014.00"
"26/09/2020 20:00 - 26/09/2020 21:00","BZN|BG","3673.00","3690.00"
"26/09/2020 21:00 - 26/09/2020 22:00","BZN|BG","3525.00","3543.00"
"26/09/2020 22:00 - 26/09/2020 23:00","BZN|BG","3335.00","3318.00"
"26/09/2020 23:00 - 27/09/2020 00:00","BZN|BG","3071.00","3174.00"
"27/09/2020 00:00 - 27/09/2020 01:00","BZN|BG","2894.00","2940.00"
"27/09/2020 01:00 - 27/09/2020 02:00","BZN|BG","2798.00","2809.00"
"27/09/2020 02:00 - 27/09/2020 03:00","BZN|BG","2735.00","2780.00"
"27/09/2020 03:00 - 27/09/2020 04:00","BZN|BG","2732.00","2776.00"
"27/09/2020 04:00 - 27/09/2020 05:00","BZN|BG","2767.00","2807.00"
"27/09/2020 05:00 - 27/09/2020 06:00","BZN|BG","2878.00","2901.00"
"27/09/2020 06:00 - 27/09/2020 07:00","BZN|BG","3074.00","3063.00"
"27/09/2020 07:00 - 27/09/2020 08:00","BZN|BG","3440.00","3327.00"
"27/09/2020 08:00 - 27/09/2020 09:00","BZN|BG","3657.00","3529.00"
"27/09/2020 09:00 - 27/09/2020 10:00","BZN|BG","3745.00","3569.00"
"27/09/2020 10:00 - 27/09/2020 11:00","BZN|BG","3763.00","3564.00"
"27/09/2020 11:00 - 27/09/2020 12:00","BZN|BG","3717.00","3545.00"
"27/09/2020 12:00 - 27/09/2020 13:00","BZN|BG","3652.00","3474.00"
"27/09/2020 13:00 - 27/09/2020 14:00","BZN|BG","3586.00","3428.00"
"27/09/2020 14:00 - 27/09/2020 15:00","BZN|BG","3571.00","3450.00"
"27/09/2020 15:00 - 27/09/2020 16:00","BZN|BG","3640.00","3528.00"
"27/09/2020 16:00 - 27/09/2020 17:00","BZN|BG","3714.00","3669.00"
"27/09/2020 17:00 - 27/09/2020 18:00","BZN|BG","3854.00","3809.00"
"27/09/2020 18:00 - 27/09/2020 19:00","BZN|BG","4177.00","4020.00"
"27/09/2020 19:00 - 27/09/2020 20:00","BZN|BG","4215.00","4143.00"
"27/09/2020 20:00 - 27/09/2020 21:00","BZN|BG","3911.00","3901.00"
"27/09/2020 21:00 - 27/09/2020 22:00","BZN|BG","3703.00","3655.00"
"27/09/2020 22:00 - 27/09/2020 23:00","BZN|BG","3404.00","3418.00"
"27/09/2020 23:00 - 28/09/2020 00:00","BZN|BG","3102.00","2973.00"
"28/09/2020 00:00 - 28/09/2020 01:00","BZN|BG","2924.00","2841.00"
"28/09/2020 01:00 - 28/09/2020 02:00","BZN|BG","2843.00","2762.00"
"28/09/2020 02:00 - 28/09/2020 03:00","BZN|BG","2803.00","2710.00"
"28/09/2020 03:00 - 28/09/2020 04:00","BZN|BG","2844.00","2744.00"
"28/09/2020 04:00 - 28/09/2020 05:00","BZN|BG","2968.00","2908.00"
"28/09/2020 05:00 - 28/09/2020 06:00","BZN|BG","3369.00","3426.00"
"28/09/2020 06:00 - 28/09/2020 07:00","BZN|BG","3718.00","3840.00"
"28/09/2020 07:00 - 28/09/2020 08:00","BZN|BG","4008.00","4128.00"
"28/09/2020 08:00 - 28/09/2020 09:00","BZN|BG","4156.00","4195.00"
"28/09/2020 09:00 - 28/09/2020 10:00","BZN|BG","4125.00","3992.00"
"28/09/2020 10:00 - 28/09/2020 11:00","BZN|BG","4148.00","3950.00"
"28/09/2020 11:00 - 28/09/2020 12:00","BZN|BG","4046.00","3848.00"
"28/09/2020 12:00 - 28/09/2020 13:00","BZN|BG","4065.00","3904.00"
"28/09/2020 13:00 - 28/09/2020 14:00","BZN|BG","4041.00","3896.00"
"28/09/2020 14:00 - 28/09/2020 15:00","BZN|BG","4038.00","3922.00"
"28/09/2020 15:00 - 28/09/2020 16:00","BZN|BG","4039.00","3955.00"
"28/09/2020 16:00 - 28/09/2020 17:00","BZN|BG","4019.00","3966.00"
"28/09/2020 17:00 - 28/09/2020 18:00","BZN|BG","4127.00","4047.00"
"28/09/2020 18:00 - 28/09/2020 19:00","BZN|BG","4438.00","4252.00"
"28/09/2020 19:00 - 28/09/2020 20:00","BZN|BG","4318.00","4297.00"
"28/09/2020 20:00 - 28/09/2020 21:00","BZN|BG","3998.00","3954.00"
"28/09/2020 21:00 - 28/09/2020 22:00","BZN|BG","3769.00","3661.00"
"28/09/2020 22:00 - 28/09/2020 23:00","BZN|BG","3530.00","3402.00"
"28/09/2020 23:00 - 29/09/2020 00:00","BZN|BG","3251.00","3187.00"
"29/09/2020 00:00 - 29/09/2020 01:00","BZN|BG","3059.00","3004.00"
"29/09/2020 01:00 - 29/09/2020 02:00","BZN|BG","2968.00","2918.00"
"29/09/2020 02:00 - 29/09/2020 03:00","BZN|BG","2920.00","2867.00"
"29/09/2020 03:00 - 29/09/2020 04:00","BZN|BG","2945.00","2879.00"
"29/09/2020 04:00 - 29/09/2020 05:00","BZN|BG","3078.00","2998.00"
"29/09/2020 05:00 - 29/09/2020 06:00","BZN|BG","3455.00","3378.00"
"29/09/2020 06:00 - 29/09/2020 07:00","BZN|BG","3803.00","3695.00"
"29/09/2020 07:00 - 29/09/2020 08:00","BZN|BG","4092.00","3942.00"
"29/09/2020 08:00 - 29/09/2020 09:00","BZN|BG","4208.00","4035.00"
"29/09/2020 09:00 - 29/09/2020 10:00","BZN|BG","4174.00","3958.00"
"29/09/2020 10:00 - 29/09/2020 11:00","BZN|BG","4170.00","3915.00"
"29/09/2020 11:00 - 29/09/2020 12:00","BZN|BG","4067.00","3756.00"
"29/09/2020 12:00 - 29/09/2020 13:00","BZN|BG","4062.00","3807.00"
"29/09/2020 13:00 - 29/09/2020 14:00","BZN|BG","4048.00","3814.00"
"29/09/2020 14:00 - 29/09/2020 15:00","BZN|BG","4023.00","3852.00"
"29/09/2020 15:00 - 29/09/2020 16:00","BZN|BG","4022.00","3887.00"
"29/09/2020 16:00 - 29/09/2020 17:00","BZN|BG","4008.00","3928.00"
"29/09/2020 17:00 - 29/09/2020 18:00","BZN|BG","4203.00","4067.00"
"29/09/2020 18:00 - 29/09/2020 19:00","BZN|BG","4502.00","4379.00"
"29/09/2020 19:00 - 29/09/2020 20:00","BZN|BG","4375.00","4376.00"
"29/09/2020 20:00 - 29/09/2020 21:00","BZN|BG","4064.00","4073.00"
"29/09/2020 21:00 - 29/09/2020 22:00","BZN|BG","3836.00","3799.00"
"29/09/2020 22:00 - 29/09/2020 23:00","BZN|BG","3585.00","3542.00"
"29/09/2020 23:00 - 30/09/2020 00:00","BZN|BG","3262.00","3190.00"
"30/09/2020 00:00 - 30/09/2020 01:00","BZN|BG","3078.00","3010.00"
"30/09/2020 01:00 - 30/09/2020 02:00","BZN|BG","2987.00","2923.00"
"30/09/2020 02:00 - 30/09/2020 03:00","BZN|BG","2954.00","2877.00"
"30/09/2020 03:00 - 30/09/2020 04:00","BZN|BG","2980.00","2889.00"
"30/09/2020 04:00 - 30/09/2020 05:00","BZN|BG","3122.00","3015.00"
"30/09/2020 05:00 - 30/09/2020 06:00","BZN|BG","3486.00","3405.00"
"30/09/2020 06:00 - 30/09/2020 07:00","BZN|BG","3838.00","3743.00"
"30/09/2020 07:00 - 30/09/2020 08:00","BZN|BG","4062.00","4012.00"
"30/09/2020 08:00 - 30/09/2020 09:00","BZN|BG","4222.00","4114.00"
"30/09/2020 09:00 - 30/09/2020 10:00","BZN|BG","4196.00","4031.00"
"30/09/2020 10:00 - 30/09/2020 11:00","BZN|BG","4190.00","3993.00"
"30/09/2020 11:00 - 30/09/2020 12:00","BZN|BG","4142.00","3865.00"
"30/09/2020 12:00 - 30/09/2020 13:00","BZN|BG","4125.00","3894.00"
"30/09/2020 13:00 - 30/09/2020 14:00","BZN|BG","4073.00","3905.00"
"30/09/2020 14:00 - 30/09/2020 15:00","BZN|BG","4070.00","3945.00"
"30/09/2020 15:00 - 30/09/2020 16:00","BZN|BG","4073.00","3981.00"
"30/09/2020 16:00 - 30/09/2020 17:00","BZN|BG","4056.00","4032.00"
"30/09/2020 17:00 - 30/09/2020 18:00","BZN|BG","4262.00","4157.00"
"30/09/2020 18:00 - 30/09/2020 19:00","BZN|BG","4580.00","4440.00"
"30/09/2020 19:00 - 30/09/2020 20:00","BZN|BG","4475.00","4441.00"
"30/09/2020 20:00 - 30/09/2020 21:00","BZN|BG","4173.00","4113.00"
"30/09/2020 21:00 - 30/09/2020 22:00","BZN|BG","3871.00","3798.00"
"30/09/2020 22:00 - 30/09/2020 23:00","BZN|BG","3608.00","3506.00"
"30/09/2020 23:00 - 01/10/2020 00:00","BZN|BG","3263.00","3243.00"
"01/10/2020 00:00 - 01/10/2020 01:00","BZN|BG","3071.00","3079.00"
"01/10/2020 01:00 - 01/10/2020 02:00","BZN|BG","2958.00","3000.00"
"01/10/2020 02:00 - 01/10/2020 03:00","BZN|BG","2886.00","2959.00"
"01/10/2020 03:00 - 01/10/2020 04:00","BZN|BG","2913.00","2972.00"
"01/10/2020 04:00 - 01/10/2020 05:00","BZN|BG","3031.00","3096.00"
"01/10/2020 05:00 - 01/10/2020 06:00","BZN|BG","3421.00","3474.00"
"01/10/2020 06:00 - 01/10/2020 07:00","BZN|BG","3777.00","3802.00"
"01/10/2020 07:00 - 01/10/2020 08:00","BZN|BG","4049.00","4062.00"
"01/10/2020 08:00 - 01/10/2020 09:00","BZN|BG","4228.00","4152.00"
"01/10/2020 09:00 - 01/10/2020 10:00","BZN|BG","4189.00","4037.00"
"01/10/2020 10:00 - 01/10/2020 11:00","BZN|BG","4162.00","4013.00"
"01/10/2020 11:00 - 01/10/2020 12:00","BZN|BG","4090.00","3845.00"
"01/10/2020 12:00 - 01/10/2020 13:00","BZN|BG","4075.00","3854.00"
"01/10/2020 13:00 - 01/10/2020 14:00","BZN|BG","4046.00","3867.00"
"01/10/2020 14:00 - 01/10/2020 15:00","BZN|BG","4042.00","3895.00"
"01/10/2020 15:00 - 01/10/2020 16:00","BZN|BG","4040.00","3949.00"
"01/10/2020 16:00 - 01/10/2020 17:00","BZN|BG","4021.00","4007.00"
"01/10/2020 17:00 - 01/10/2020 18:00","BZN|BG","4222.00","4183.00"
"01/10/2020 18:00 - 01/10/2020 19:00","BZN|BG","4525.00","4538.00"
"01/10/2020 19:00 - 01/10/2020 20:00","BZN|BG","4430.00","4509.00"
"01/10/2020 20:00 - 01/10/2020 21:00","BZN|BG","4082.00","4168.00"
"01/10/2020 21:00 - 01/10/2020 22:00","BZN|BG","3802.00","3859.00"
"01/10/2020 22:00 - 01/10/2020 23:00","BZN|BG","3539.00","3561.00"
"01/10/2020 23:00 - 02/10/2020 00:00","BZN|BG","3316.00","3212.00"
"02/10/2020 00:00 - 02/10/2020 01:00","BZN|BG","3132.00","2999.00"
"02/10/2020 01:00 - 02/10/2020 02:00","BZN|BG","3077.00","2896.00"
"02/10/2020 02:00 - 02/10/2020 03:00","BZN|BG","2997.00","2846.00"
"02/10/2020 03:00 - 02/10/2020 04:00","BZN|BG","3012.00","2862.00"
"02/10/2020 04:00 - 02/10/2020 05:00","BZN|BG","3190.00","2989.00"
"02/10/2020 05:00 - 02/10/2020 06:00","BZN|BG","3606.00","3380.00"
"02/10/2020 06:00 - 02/10/2020 07:00","BZN|BG","3953.00","3728.00"
"02/10/2020 07:00 - 02/10/2020 08:00","BZN|BG","4216.00","3985.00"
"02/10/2020 08:00 - 02/10/2020 09:00","BZN|BG","4287.00","4080.00"
"02/10/2020 09:00 - 02/10/2020 10:00","BZN|BG","4194.00","4020.00"
"02/10/2020 10:00 - 02/10/2020 11:00","BZN|BG","4130.00","4008.00"
"02/10/2020 11:00 - 02/10/2020 12:00","BZN|BG","4010.00","3930.00"
"02/10/2020 12:00 - 02/10/2020 13:00","BZN|BG","3970.00","3930.00"
"02/10/2020 13:00 - 02/10/2020 14:00","BZN|BG","3893.00","3934.00"
"02/10/2020 14:00 - 02/10/2020 15:00","BZN|BG","3852.00","3952.00"
"02/10/2020 15:00 - 02/10/2020 16:00","BZN|BG","3809.00","3995.00"
"02/10/2020 16:00 - 02/10/2020 17:00","BZN|BG","3812.00","4037.00"
"02/10/2020 17:00 - 02/10/2020 18:00","BZN|BG","3933.00","4192.00"
"02/10/2020 18:00 - 02/10/2020 19:00","BZN|BG","4333.00","4472.00"
"02/10/2020 19:00 - 02/10/2020 20:00","BZN|BG","4260.00","4436.00"
"02/10/2020 20:00 - 02/10/2020 21:00","BZN|BG","3980.00","4125.00"
"02/10/2020 21:00 - 02/10/2020 22:00","BZN|BG","3771.00","3835.00"
"02/10/2020 22:00 - 02/10/2020 23:00","BZN|BG","3616.00","3560.00"
"02/10/2020 23:00 - 03/10/2020 00:00","BZN|BG","3215.00","3110.00"
"03/10/2020 00:00 - 03/10/2020 01:00","BZN|BG","3036.00","2925.00"
"03/10/2020 01:00 - 03/10/2020 02:00","BZN|BG","2930.00","2824.00"
"03/10/2020 02:00 - 03/10/2020 03:00","BZN|BG","2859.00","2772.00"
"03/10/2020 03:00 - 03/10/2020 04:00","BZN|BG","2845.00","2765.00"
"03/10/2020 04:00 - 03/10/2020 05:00","BZN|BG","2899.00","2820.00"
"03/10/2020 05:00 - 03/10/2020 06:00","BZN|BG","3031.00","2925.00"
"03/10/2020 06:00 - 03/10/2020 07:00","BZN|BG","3261.00","3058.00"
"03/10/2020 07:00 - 03/10/2020 08:00","BZN|BG","3603.00","3361.00"
"03/10/2020 08:00 - 03/10/2020 09:00","BZN|BG","3804.00","3537.00"
"03/10/2020 09:00 - 03/10/2020 10:00","BZN|BG","3815.00","3582.00"
"03/10/2020 10:00 - 03/10/2020 11:00","BZN|BG","3789.00","3642.00"
"03/10/2020 11:00 - 03/10/2020 12:00","BZN|BG","3752.00","3596.00"
"03/10/2020 12:00 - 03/10/2020 13:00","BZN|BG","3696.00","3561.00"
"03/10/2020 13:00 - 03/10/2020 14:00","BZN|BG","3641.00","3505.00"
"03/10/2020 14:00 - 03/10/2020 15:00","BZN|BG","3600.00","3473.00"
"03/10/2020 15:00 - 03/10/2020 16:00","BZN|BG","3631.00","3542.00"
"03/10/2020 16:00 - 03/10/2020 17:00","BZN|BG","3685.00","3722.00"
"03/10/2020 17:00 - 03/10/2020 18:00","BZN|BG","3782.00","3925.00"
"03/10/2020 18:00 - 03/10/2020 19:00","BZN|BG","4109.00","4059.00"
"03/10/2020 19:00 - 03/10/2020 20:00","BZN|BG","3993.00","3914.00"
"03/10/2020 20:00 - 03/10/2020 21:00","BZN|BG","3687.00","3651.00"
"03/10/2020 21:00 - 03/10/2020 22:00","BZN|BG","3545.00","3490.00"
"03/10/2020 22:00 - 03/10/2020 23:00","BZN|BG","3380.00","3279.00"
"03/10/2020 23:00 - 04/10/2020 00:00","BZN|BG","3117.00","3077.00"
"04/10/2020 00:00 - 04/10/2020 01:00","BZN|BG","2945.00","2871.00"
"04/10/2020 01:00 - 04/10/2020 02:00","BZN|BG","2854.00","2752.00"
"04/10/2020 02:00 - 04/10/2020 03:00","BZN|BG","2771.00","2688.00"
"04/10/2020 03:00 - 04/10/2020 04:00","BZN|BG","2771.00","2684.00"
"04/10/2020 04:00 - 04/10/2020 05:00","BZN|BG","2810.00","2723.00"
"04/10/2020 05:00 - 04/10/2020 06:00","BZN|BG","2900.00","2828.00"
"04/10/2020 06:00 - 04/10/2020 07:00","BZN|BG","3039.00","2996.00"
"04/10/2020 07:00 - 04/10/2020 08:00","BZN|BG","3335.00","3283.00"
"04/10/2020 08:00 - 04/10/2020 09:00","BZN|BG","3650.00","3437.00"
"04/10/2020 09:00 - 04/10/2020 10:00","BZN|BG","3725.00","3489.00"
"04/10/2020 10:00 - 04/10/2020 11:00","BZN|BG","3770.00","3495.00"
"04/10/2020 11:00 - 04/10/2020 12:00","BZN|BG","3746.00","3438.00"
"04/10/2020 12:00 - 04/10/2020 13:00","BZN|BG","3657.00","3368.00"
"04/10/2020 13:00 - 04/10/2020 14:00","BZN|BG","3620.00","3307.00"
"04/10/2020 14:00 - 04/10/2020 15:00","BZN|BG","3607.00","3336.00"
"04/10/2020 15:00 - 04/10/2020 16:00","BZN|BG","3668.00","3421.00"
"04/10/2020 16:00 - 04/10/2020 17:00","BZN|BG","3768.00","3559.00"
"04/10/2020 17:00 - 04/10/2020 18:00","BZN|BG","3893.00","3704.00"
"04/10/2020 18:00 - 04/10/2020 19:00","BZN|BG","4238.00","4016.00"
"04/10/2020 19:00 - 04/10/2020 20:00","BZN|BG","4156.00","4053.00"
"04/10/2020 20:00 - 04/10/2020 21:00","BZN|BG","3809.00","3799.00"
"04/10/2020 21:00 - 04/10/2020 22:00","BZN|BG","3604.00","3620.00"
"04/10/2020 22:00 - 04/10/2020 23:00","BZN|BG","3317.00","3357.00"
"04/10/2020 23:00 - 05/10/2020 00:00","BZN|BG","3066.00","2964.00"
"05/10/2020 00:00 - 05/10/2020 01:00","BZN|BG","2909.00","2770.00"
"05/10/2020 01:00 - 05/10/2020 02:00","BZN|BG","2802.00","2670.00"
"05/10/2020 02:00 - 05/10/2020 03:00","BZN|BG","2748.00","2631.00"
"05/10/2020 03:00 - 05/10/2020 04:00","BZN|BG","2845.00","2662.00"
"05/10/2020 04:00 - 05/10/2020 05:00","BZN|BG","2985.00","2785.00"
"05/10/2020 05:00 - 05/10/2020 06:00","BZN|BG","3371.00","3176.00"
"05/10/2020 06:00 - 05/10/2020 07:00","BZN|BG","3725.00","3494.00"
"05/10/2020 07:00 - 05/10/2020 08:00","BZN|BG","3976.00","3722.00"
"05/10/2020 08:00 - 05/10/2020 09:00","BZN|BG","4118.00","3842.00"
"05/10/2020 09:00 - 05/10/2020 10:00","BZN|BG","4082.00","3700.00"
"05/10/2020 10:00 - 05/10/2020 11:00","BZN|BG","4100.00","3758.00"
"05/10/2020 11:00 - 05/10/2020 12:00","BZN|BG","4035.00","3658.00"
"05/10/2020 12:00 - 05/10/2020 13:00","BZN|BG","4127.00","3669.00"
"05/10/2020 13:00 - 05/10/2020 14:00","BZN|BG","4103.00","3624.00"
"05/10/2020 14:00 - 05/10/2020 15:00","BZN|BG","4104.00","3691.00"
"05/10/2020 15:00 - 05/10/2020 16:00","BZN|BG","4065.00","3705.00"
"05/10/2020 16:00 - 05/10/2020 17:00","BZN|BG","3999.00","3700.00"
"05/10/2020 17:00 - 05/10/2020 18:00","BZN|BG","4139.00","3814.00"
"05/10/2020 18:00 - 05/10/2020 19:00","BZN|BG","4434.00","4115.00"
"05/10/2020 19:00 - 05/10/2020 20:00","BZN|BG","4264.00","4023.00"
"05/10/2020 20:00 - 05/10/2020 21:00","BZN|BG","3949.00","3796.00"
"05/10/2020 21:00 - 05/10/2020 22:00","BZN|BG","3733.00","3620.00"
"05/10/2020 22:00 - 05/10/2020 23:00","BZN|BG","3499.00","3429.00"
"05/10/2020 23:00 - 06/10/2020 00:00","BZN|BG","3210.00","3142.00"
"06/10/2020 00:00 - 06/10/2020 01:00","BZN|BG","3015.00","2983.00"
"06/10/2020 01:00 - 06/10/2020 02:00","BZN|BG","2932.00","2906.00"
"06/10/2020 02:00 - 06/10/2020 03:00","BZN|BG","2901.00","2867.00"
"06/10/2020 03:00 - 06/10/2020 04:00","BZN|BG","2931.00","2889.00"
"06/10/2020 04:00 - 06/10/2020 05:00","BZN|BG","3050.00","3010.00"
"06/10/2020 05:00 - 06/10/2020 06:00","BZN|BG","3415.00","3386.00"
"06/10/2020 06:00 - 06/10/2020 07:00","BZN|BG","3734.00","3720.00"
"06/10/2020 07:00 - 06/10/2020 08:00","BZN|BG","3999.00","3952.00"
"06/10/2020 08:00 - 06/10/2020 09:00","BZN|BG","4166.00","4035.00"
"06/10/2020 09:00 - 06/10/2020 10:00","BZN|BG","4153.00","3965.00"
"06/10/2020 10:00 - 06/10/2020 11:00","BZN|BG","4156.00","3935.00"
"06/10/2020 11:00 - 06/10/2020 12:00","BZN|BG","4070.00","3867.00"
"06/10/2020 12:00 - 06/10/2020 13:00","BZN|BG","4073.00","3865.00"
"06/10/2020 13:00 - 06/10/2020 14:00","BZN|BG","4079.00","3862.00"
"06/10/2020 14:00 - 06/10/2020 15:00","BZN|BG","4064.00","3860.00"
"06/10/2020 15:00 - 06/10/2020 16:00","BZN|BG","4079.00","3882.00"
"06/10/2020 16:00 - 06/10/2020 17:00","BZN|BG","4057.00","3894.00"
"06/10/2020 17:00 - 06/10/2020 18:00","BZN|BG","4267.00","4026.00"
"06/10/2020 18:00 - 06/10/2020 19:00","BZN|BG","4566.00","4235.00"
"06/10/2020 19:00 - 06/10/2020 20:00","BZN|BG","4403.00","4165.00"
"06/10/2020 20:00 - 06/10/2020 21:00","BZN|BG","4110.00","3879.00"
"06/10/2020 21:00 - 06/10/2020 22:00","BZN|BG","3798.00","3623.00"
"06/10/2020 22:00 - 06/10/2020 23:00","BZN|BG","3550.00","3395.00"
"06/10/2020 23:00 - 07/10/2020 00:00","BZN|BG","3253.00","3227.00"
"07/10/2020 00:00 - 07/10/2020 01:00","BZN|BG","3040.00","3076.00"
"07/10/2020 01:00 - 07/10/2020 02:00","BZN|BG","2951.00","3002.00"
"07/10/2020 02:00 - 07/10/2020 03:00","BZN|BG","2880.00","2970.00"
"07/10/2020 03:00 - 07/10/2020 04:00","BZN|BG","2875.00","2994.00"
"07/10/2020 04:00 - 07/10/2020 05:00","BZN|BG","2981.00","3116.00"
"07/10/2020 05:00 - 07/10/2020 06:00","BZN|BG","3362.00","3493.00"
"07/10/2020 06:00 - 07/10/2020 07:00","BZN|BG","3716.00","3829.00"
"07/10/2020 07:00 - 07/10/2020 08:00","BZN|BG","3961.00","4064.00"
"07/10/2020 08:00 - 07/10/2020 09:00","BZN|BG","4064.00","4152.00"
"07/10/2020 09:00 - 07/10/2020 10:00","BZN|BG","4015.00","4117.00"
"07/10/2020 10:00 - 07/10/2020 11:00","BZN|BG","3994.00","4105.00"
"07/10/2020 11:00 - 07/10/2020 12:00","BZN|BG","3908.00","4070.00"
"07/10/2020 12:00 - 07/10/2020 13:00","BZN|BG","3955.00","4064.00"
"07/10/2020 13:00 - 07/10/2020 14:00","BZN|BG","3928.00","4058.00"
"07/10/2020 14:00 - 07/10/2020 15:00","BZN|BG","3889.00","4053.00"
"07/10/2020 15:00 - 07/10/2020 16:00","BZN|BG","3883.00","4088.00"
"07/10/2020 16:00 - 07/10/2020 17:00","BZN|BG","3878.00","4111.00"
"07/10/2020 17:00 - 07/10/2020 18:00","BZN|BG","4090.00","4290.00"
"07/10/2020 18:00 - 07/10/2020 19:00","BZN|BG","4404.00","4567.00"
"07/10/2020 19:00 - 07/10/2020 20:00","BZN|BG","4256.00","4473.00"
"07/10/2020 20:00 - 07/10/2020 21:00","BZN|BG","3970.00","4151.00"
"07/10/2020 21:00 - 07/10/2020 22:00","BZN|BG","3698.00","3859.00"
"07/10/2020 22:00 - 07/10/2020 23:00","BZN|BG","3462.00","3593.00"
"07/10/2020 23:00 - 08/10/2020 00:00","BZN|BG","3149.00","3388.00"
"08/10/2020 00:00 - 08/10/2020 01:00","BZN|BG","2956.00","3233.00"
"08/10/2020 01:00 - 08/10/2020 02:00","BZN|BG","2880.00","3157.00"
"08/10/2020 02:00 - 08/10/2020 03:00","BZN|BG","2829.00","3125.00"
"08/10/2020 03:00 - 08/10/2020 04:00","BZN|BG","2877.00","3149.00"
"08/10/2020 04:00 - 08/10/2020 05:00","BZN|BG","2997.00","3279.00"
"08/10/2020 05:00 - 08/10/2020 06:00","BZN|BG","3377.00","3677.00"
"08/10/2020 06:00 - 08/10/2020 07:00","BZN|BG","3710.00","4033.00"
"08/10/2020 07:00 - 08/10/2020 08:00","BZN|BG","4028.00","4280.00"
"08/10/2020 08:00 - 08/10/2020 09:00","BZN|BG","4205.00","4374.00"
"08/10/2020 09:00 - 08/10/2020 10:00","BZN|BG","4208.00","4321.00"
"08/10/2020 10:00 - 08/10/2020 11:00","BZN|BG","4221.00","4304.00"
"08/10/2020 11:00 - 08/10/2020 12:00","BZN|BG","4147.00","4251.00"
"08/10/2020 12:00 - 08/10/2020 13:00","BZN|BG","4129.00","4242.00"
"08/10/2020 13:00 - 08/10/2020 14:00","BZN|BG","4070.00","4232.00"
"08/10/2020 14:00 - 08/10/2020 15:00","BZN|BG","4067.00","4226.00"
"08/10/2020 15:00 - 08/10/2020 16:00","BZN|BG","4080.00","4265.00"
"08/10/2020 16:00 - 08/10/2020 17:00","BZN|BG","4102.00","4290.00"
"08/10/2020 17:00 - 08/10/2020 18:00","BZN|BG","4319.00","4489.00"
"08/10/2020 18:00 - 08/10/2020 19:00","BZN|BG","4536.00","4798.00"
"08/10/2020 19:00 - 08/10/2020 20:00","BZN|BG","4338.00","4696.00"
"08/10/2020 20:00 - 08/10/2020 21:00","BZN|BG","4065.00","4351.00"
"08/10/2020 21:00 - 08/10/2020 22:00","BZN|BG","3788.00","4038.00"
"08/10/2020 22:00 - 08/10/2020 23:00","BZN|BG","3528.00","3751.00"
"08/10/2020 23:00 - 09/10/2020 00:00","BZN|BG","3216.00","3258.00"
"09/10/2020 00:00 - 09/10/2020 01:00","BZN|BG","3020.00","3028.00"
"09/10/2020 01:00 - 09/10/2020 02:00","BZN|BG","2956.00","2924.00"
"09/10/2020 02:00 - 09/10/2020 03:00","BZN|BG","2899.00","2870.00"
"09/10/2020 03:00 - 09/10/2020 04:00","BZN|BG","2934.00","2895.00"
"09/10/2020 04:00 - 09/10/2020 05:00","BZN|BG","3066.00","3037.00"
"09/10/2020 05:00 - 09/10/2020 06:00","BZN|BG","3445.00","3489.00"
"09/10/2020 06:00 - 09/10/2020 07:00","BZN|BG","3861.00","3889.00"
"09/10/2020 07:00 - 09/10/2020 08:00","BZN|BG","4187.00","4164.00"
"09/10/2020 08:00 - 09/10/2020 09:00","BZN|BG","4343.00","4277.00"
"09/10/2020 09:00 - 09/10/2020 10:00","BZN|BG","4324.00","4186.00"
"09/10/2020 10:00 - 09/10/2020 11:00","BZN|BG","4322.00","4157.00"
"09/10/2020 11:00 - 09/10/2020 12:00","BZN|BG","4241.00","4033.00"
"09/10/2020 12:00 - 09/10/2020 13:00","BZN|BG","4197.00","4036.00"
"09/10/2020 13:00 - 09/10/2020 14:00","BZN|BG","4144.00","4025.00"
"09/10/2020 14:00 - 09/10/2020 15:00","BZN|BG","4132.00","4018.00"
"09/10/2020 15:00 - 09/10/2020 16:00","BZN|BG","4114.00","4069.00"
"09/10/2020 16:00 - 09/10/2020 17:00","BZN|BG","4156.00","4081.00"
"09/10/2020 17:00 - 09/10/2020 18:00","BZN|BG","4338.00","4312.00"
"09/10/2020 18:00 - 09/10/2020 19:00","BZN|BG","4551.00","4659.00"
"09/10/2020 19:00 - 09/10/2020 20:00","BZN|BG","4310.00","4524.00"
"09/10/2020 20:00 - 09/10/2020 21:00","BZN|BG","4004.00","4164.00"
"09/10/2020 21:00 - 09/10/2020 22:00","BZN|BG","3805.00","3833.00"
"09/10/2020 22:00 - 09/10/2020 23:00","BZN|BG","3596.00","3532.00"
"09/10/2020 23:00 - 10/10/2020 00:00","BZN|BG","3317.00","3136.00"
"10/10/2020 00:00 - 10/10/2020 01:00","BZN|BG","3088.00","2976.00"
"10/10/2020 01:00 - 10/10/2020 02:00","BZN|BG","2976.00","2884.00"
"10/10/2020 02:00 - 10/10/2020 03:00","BZN|BG","2922.00","2818.00"
"10/10/2020 03:00 - 10/10/2020 04:00","BZN|BG","2912.00","2810.00"
"10/10/2020 04:00 - 10/10/2020 05:00","BZN|BG","2970.00","2879.00"
"10/10/2020 05:00 - 10/10/2020 06:00","BZN|BG","3114.00","3058.00"
"10/10/2020 06:00 - 10/10/2020 07:00","BZN|BG","3275.00","3353.00"
"10/10/2020 07:00 - 10/10/2020 08:00","BZN|BG","3600.00","3768.00"
"10/10/2020 08:00 - 10/10/2020 09:00","BZN|BG","3860.00","3955.00"
"10/10/2020 09:00 - 10/10/2020 10:00","BZN|BG","3912.00","3920.00"
"10/10/2020 10:00 - 10/10/2020 11:00","BZN|BG","3898.00","3896.00"
"10/10/2020 11:00 - 10/10/2020 12:00","BZN|BG","3817.00","3854.00"
"10/10/2020 12:00 - 10/10/2020 13:00","BZN|BG","3724.00","3815.00"
"10/10/2020 13:00 - 10/10/2020 14:00","BZN|BG","3633.00","3732.00"
"10/10/2020 14:00 - 10/10/2020 15:00","BZN|BG","3593.00","3714.00"
"10/10/2020 15:00 - 10/10/2020 16:00","BZN|BG","3627.00","3770.00"
"10/10/2020 16:00 - 10/10/2020 17:00","BZN|BG","3636.00","3856.00"
"10/10/2020 17:00 - 10/10/2020 18:00","BZN|BG","3793.00","3963.00"
"10/10/2020 18:00 - 10/10/2020 19:00","BZN|BG","4141.00","4205.00"
"10/10/2020 19:00 - 10/10/2020 20:00","BZN|BG","4012.00","4065.00"
"10/10/2020 20:00 - 10/10/2020 21:00","BZN|BG","3724.00","3700.00"
"10/10/2020 21:00 - 10/10/2020 22:00","BZN|BG","3620.00","3549.00"
"10/10/2020 22:00 - 10/10/2020 23:00","BZN|BG","3465.00","3347.00"
"10/10/2020 23:00 - 11/10/2020 00:00","BZN|BG","3186.00","3159.00"
"11/10/2020 00:00 - 11/10/2020 01:00","BZN|BG","2987.00","2969.00"
"11/10/2020 01:00 - 11/10/2020 02:00","BZN|BG","2862.00","2870.00"
"11/10/2020 02:00 - 11/10/2020 03:00","BZN|BG","2815.00","2791.00"
"11/10/2020 03:00 - 11/10/2020 04:00","BZN|BG","2817.00","2797.00"
"11/10/2020 04:00 - 11/10/2020 05:00","BZN|BG","2848.00","2843.00"
"11/10/2020 05:00 - 11/10/2020 06:00","BZN|BG","2951.00","2942.00"
"11/10/2020 06:00 - 11/10/2020 07:00","BZN|BG","3117.00","3089.00"
"11/10/2020 07:00 - 11/10/2020 08:00","BZN|BG","3440.00","3366.00"
"11/10/2020 08:00 - 11/10/2020 09:00","BZN|BG","3722.00","3664.00"
"11/10/2020 09:00 - 11/10/2020 10:00","BZN|BG","3777.00","3711.00"
"11/10/2020 10:00 - 11/10/2020 11:00","BZN|BG","3796.00","3750.00"
"11/10/2020 11:00 - 11/10/2020 12:00","BZN|BG","3718.00","3716.00"
"11/10/2020 12:00 - 11/10/2020 13:00","BZN|BG","3691.00","3603.00"
"11/10/2020 13:00 - 11/10/2020 14:00","BZN|BG","3598.00","3611.00"
"11/10/2020 14:00 - 11/10/2020 15:00","BZN|BG","3566.00","3617.00"
"11/10/2020 15:00 - 11/10/2020 16:00","BZN|BG","3603.00","3707.00"
"11/10/2020 16:00 - 11/10/2020 17:00","BZN|BG","3714.00","3844.00"
"11/10/2020 17:00 - 11/10/2020 18:00","BZN|BG","3969.00","3995.00"
"11/10/2020 18:00 - 11/10/2020 19:00","BZN|BG","4334.00","4354.00"
"11/10/2020 19:00 - 11/10/2020 20:00","BZN|BG","4219.00","4274.00"
"11/10/2020 20:00 - 11/10/2020 21:00","BZN|BG","3893.00","3930.00"
"11/10/2020 21:00 - 11/10/2020 22:00","BZN|BG","3701.00","3717.00"
"11/10/2020 22:00 - 11/10/2020 23:00","BZN|BG","3390.00","3416.00"
"11/10/2020 23:00 - 12/10/2020 00:00","BZN|BG","3141.00","3134.00"
"12/10/2020 00:00 - 12/10/2020 01:00","BZN|BG","2951.00","2968.00"
"12/10/2020 01:00 - 12/10/2020 02:00","BZN|BG","2866.00","2861.00"
"12/10/2020 02:00 - 12/10/2020 03:00","BZN|BG","2813.00","2803.00"
"12/10/2020 03:00 - 12/10/2020 04:00","BZN|BG","2857.00","2883.00"
"12/10/2020 04:00 - 12/10/2020 05:00","BZN|BG","3018.00","3017.00"
"12/10/2020 05:00 - 12/10/2020 06:00","BZN|BG","3454.00","3380.00"
"12/10/2020 06:00 - 12/10/2020 07:00","BZN|BG","3796.00","3709.00"
"12/10/2020 07:00 - 12/10/2020 08:00","BZN|BG","4062.00","3905.00"
"12/10/2020 08:00 - 12/10/2020 09:00","BZN|BG","4178.00","4018.00"
"12/10/2020 09:00 - 12/10/2020 10:00","BZN|BG","4082.00","3777.00"
"12/10/2020 10:00 - 12/10/2020 11:00","BZN|BG","4045.00","3780.00"
"12/10/2020 11:00 - 12/10/2020 12:00","BZN|BG","3971.00","3565.00"
"12/10/2020 12:00 - 12/10/2020 13:00","BZN|BG","3971.00","3814.00"
"12/10/2020 13:00 - 12/10/2020 14:00","BZN|BG","3904.00","3803.00"
"12/10/2020 14:00 - 12/10/2020 15:00","BZN|BG","3874.00","3884.00"
"12/10/2020 15:00 - 12/10/2020 16:00","BZN|BG","3880.00","3930.00"
"12/10/2020 16:00 - 12/10/2020 17:00","BZN|BG","3857.00","3754.00"
"12/10/2020 17:00 - 12/10/2020 18:00","BZN|BG","4116.00","3940.00"
"12/10/2020 18:00 - 12/10/2020 19:00","BZN|BG","4503.00","4287.00"
"12/10/2020 19:00 - 12/10/2020 20:00","BZN|BG","4341.00","4152.00"
"12/10/2020 20:00 - 12/10/2020 21:00","BZN|BG","4024.00","3916.00"
"12/10/2020 21:00 - 12/10/2020 22:00","BZN|BG","3741.00","3762.00"
"12/10/2020 22:00 - 12/10/2020 23:00","BZN|BG","2944.00","3572.00"
"12/10/2020 23:00 - 13/10/2020 00:00","BZN|BG","3146.00","3217.00"
"13/10/2020 00:00 - 13/10/2020 01:00","BZN|BG","2995.00","3021.00"
"13/10/2020 01:00 - 13/10/2020 02:00","BZN|BG","2921.00","2940.00"
"13/10/2020 02:00 - 13/10/2020 03:00","BZN|BG","2841.00","2895.00"
"13/10/2020 03:00 - 13/10/2020 04:00","BZN|BG","2858.00","2919.00"
"13/10/2020 04:00 - 13/10/2020 05:00","BZN|BG","2998.00","3048.00"
"13/10/2020 05:00 - 13/10/2020 06:00","BZN|BG","3398.00","3434.00"
"13/10/2020 06:00 - 13/10/2020 07:00","BZN|BG","3760.00","3779.00"
"13/10/2020 07:00 - 13/10/2020 08:00","BZN|BG","4069.00","4038.00"
"13/10/2020 08:00 - 13/10/2020 09:00","BZN|BG","4268.00","4145.00"
"13/10/2020 09:00 - 13/10/2020 10:00","BZN|BG","4250.00","4065.00"
"13/10/2020 10:00 - 13/10/2020 11:00","BZN|BG","4215.00","4034.00"
"13/10/2020 11:00 - 13/10/2020 12:00","BZN|BG","4103.00","3882.00"
"13/10/2020 12:00 - 13/10/2020 13:00","BZN|BG","4071.00","3882.00"
"13/10/2020 13:00 - 13/10/2020 14:00","BZN|BG","4044.00","3856.00"
"13/10/2020 14:00 - 13/10/2020 15:00","BZN|BG","4031.00","3867.00"
"13/10/2020 15:00 - 13/10/2020 16:00","BZN|BG","3987.00","3909.00"
"13/10/2020 16:00 - 13/10/2020 17:00","BZN|BG","3989.00","3938.00"
"13/10/2020 17:00 - 13/10/2020 18:00","BZN|BG","4254.00","4201.00"
"13/10/2020 18:00 - 13/10/2020 19:00","BZN|BG","4536.00","4570.00"
"13/10/2020 19:00 - 13/10/2020 20:00","BZN|BG","4417.00","4403.00"
"13/10/2020 20:00 - 13/10/2020 21:00","BZN|BG","4050.00","4099.00"
"13/10/2020 21:00 - 13/10/2020 22:00","BZN|BG","3756.00","3834.00"
"13/10/2020 22:00 - 13/10/2020 23:00","BZN|BG","3502.00","3593.00"
"13/10/2020 23:00 - 14/10/2020 00:00","BZN|BG","3212.00","3252.00"
"14/10/2020 00:00 - 14/10/2020 01:00","BZN|BG","2995.00","3054.00"
"14/10/2020 01:00 - 14/10/2020 02:00","BZN|BG","2925.00","2972.00"
"14/10/2020 02:00 - 14/10/2020 03:00","BZN|BG","2878.00","2918.00"
"14/10/2020 03:00 - 14/10/2020 04:00","BZN|BG","2914.00","2947.00"
"14/10/2020 04:00 - 14/10/2020 05:00","BZN|BG","3052.00","3086.00"
"14/10/2020 05:00 - 14/10/2020 06:00","BZN|BG","3445.00","3512.00"
"14/10/2020 06:00 - 14/10/2020 07:00","BZN|BG","3818.00","3900.00"
"14/10/2020 07:00 - 14/10/2020 08:00","BZN|BG","4102.00","4194.00"
"14/10/2020 08:00 - 14/10/2020 09:00","BZN|BG","4227.00","4331.00"
"14/10/2020 09:00 - 14/10/2020 10:00","BZN|BG","4133.00","4270.00"
"14/10/2020 10:00 - 14/10/2020 11:00","BZN|BG","4076.00","4256.00"
"14/10/2020 11:00 - 14/10/2020 12:00","BZN|BG","3975.00","4072.00"
"14/10/2020 12:00 - 14/10/2020 13:00","BZN|BG","3982.00","4072.00"
"14/10/2020 13:00 - 14/10/2020 14:00","BZN|BG","3916.00","4042.00"
"14/10/2020 14:00 - 14/10/2020 15:00","BZN|BG","3890.00","4048.00"
"14/10/2020 15:00 - 14/10/2020 16:00","BZN|BG","3874.00","4089.00"
"14/10/2020 16:00 - 14/10/2020 17:00","BZN|BG","3879.00","4109.00"
"14/10/2020 17:00 - 14/10/2020 18:00","BZN|BG","4165.00","4350.00"
"14/10/2020 18:00 - 14/10/2020 19:00","BZN|BG","4600.00","4641.00"
"14/10/2020 19:00 - 14/10/2020 20:00","BZN|BG","4452.00","4443.00"
"14/10/2020 20:00 - 14/10/2020 21:00","BZN|BG","4117.00","4135.00"
"14/10/2020 21:00 - 14/10/2020 22:00","BZN|BG","3807.00","3863.00"
"14/10/2020 22:00 - 14/10/2020 23:00","BZN|BG","3570.00","3609.00"
"14/10/2020 23:00 - 15/10/2020 00:00","BZN|BG","3263.00","3139.00"
"15/10/2020 00:00 - 15/10/2020 01:00","BZN|BG","3049.00","2948.00"
"15/10/2020 01:00 - 15/10/2020 02:00","BZN|BG","2942.00","2867.00"
"15/10/2020 02:00 - 15/10/2020 03:00","BZN|BG","2910.00","2807.00"
"15/10/2020 03:00 - 15/10/2020 04:00","BZN|BG","2934.00","2833.00"
"15/10/2020 04:00 - 15/10/2020 05:00","BZN|BG","3069.00","2969.00"
"15/10/2020 05:00 - 15/10/2020 06:00","BZN|BG","3491.00","3388.00"
"15/10/2020 06:00 - 15/10/2020 07:00","BZN|BG","3925.00","3766.00"
"15/10/2020 07:00 - 15/10/2020 08:00","BZN|BG","4229.00","4054.00"
"15/10/2020 08:00 - 15/10/2020 09:00","BZN|BG","4300.00","4200.00"
"15/10/2020 09:00 - 15/10/2020 10:00","BZN|BG","4210.00","4187.00"
"15/10/2020 10:00 - 15/10/2020 11:00","BZN|BG","4150.00","4182.00"
"15/10/2020 11:00 - 15/10/2020 12:00","BZN|BG","4035.00","4140.00"
"15/10/2020 12:00 - 15/10/2020 13:00","BZN|BG","4040.00","4138.00"
"15/10/2020 13:00 - 15/10/2020 14:00","BZN|BG","4004.00","4133.00"
"15/10/2020 14:00 - 15/10/2020 15:00","BZN|BG","3964.00","4134.00"
"15/10/2020 15:00 - 15/10/2020 16:00","BZN|BG","3937.00","4161.00"
"15/10/2020 16:00 - 15/10/2020 17:00","BZN|BG","3935.00","4183.00"
"15/10/2020 17:00 - 15/10/2020 18:00","BZN|BG","4211.00","4417.00"
"15/10/2020 18:00 - 15/10/2020 19:00","BZN|BG","4676.00","4699.00"
"15/10/2020 19:00 - 15/10/2020 20:00","BZN|BG","4493.00","4489.00"
"15/10/2020 20:00 - 15/10/2020 21:00","BZN|BG","4180.00","4155.00"
"15/10/2020 21:00 - 15/10/2020 22:00","BZN|BG","3897.00","3856.00"
"15/10/2020 22:00 - 15/10/2020 23:00","BZN|BG","3618.00","3587.00"
"15/10/2020 23:00 - 16/10/2020 00:00","BZN|BG","3331.00","3201.00"
"16/10/2020 00:00 - 16/10/2020 01:00","BZN|BG","3110.00","2981.00"
"16/10/2020 01:00 - 16/10/2020 02:00","BZN|BG","2994.00","2894.00"
"16/10/2020 02:00 - 16/10/2020 03:00","BZN|BG","2979.00","2829.00"
"16/10/2020 03:00 - 16/10/2020 04:00","BZN|BG","3016.00","2856.00"
"16/10/2020 04:00 - 16/10/2020 05:00","BZN|BG","3131.00","2987.00"
"16/10/2020 05:00 - 16/10/2020 06:00","BZN|BG","3513.00","3388.00"
"16/10/2020 06:00 - 16/10/2020 07:00","BZN|BG","3860.00","3751.00"
"16/10/2020 07:00 - 16/10/2020 08:00","BZN|BG","4078.00","4020.00"
"16/10/2020 08:00 - 16/10/2020 09:00","BZN|BG","4271.00","4144.00"
"16/10/2020 09:00 - 16/10/2020 10:00","BZN|BG","4237.00","4056.00"
"16/10/2020 10:00 - 16/10/2020 11:00","BZN|BG","4209.00","4011.00"
"16/10/2020 11:00 - 16/10/2020 12:00","BZN|BG","4117.00","3808.00"
"16/10/2020 12:00 - 16/10/2020 13:00","BZN|BG","4081.00","3797.00"
"16/10/2020 13:00 - 16/10/2020 14:00","BZN|BG","3989.00","3770.00"
"16/10/2020 14:00 - 16/10/2020 15:00","BZN|BG","3973.00","3767.00"
"16/10/2020 15:00 - 16/10/2020 16:00","BZN|BG","3985.00","3802.00"
"16/10/2020 16:00 - 16/10/2020 17:00","BZN|BG","4010.00","3842.00"
"16/10/2020 17:00 - 16/10/2020 18:00","BZN|BG","4310.00","4147.00"
"16/10/2020 18:00 - 16/10/2020 19:00","BZN|BG","4640.00","4527.00"
"16/10/2020 19:00 - 16/10/2020 20:00","BZN|BG","4415.00","4347.00"
"16/10/2020 20:00 - 16/10/2020 21:00","BZN|BG","4113.00","4053.00"
"16/10/2020 21:00 - 16/10/2020 22:00","BZN|BG","3845.00","3779.00"
"16/10/2020 22:00 - 16/10/2020 23:00","BZN|BG","3619.00","3536.00"
"16/10/2020 23:00 - 17/10/2020 00:00","BZN|BG","3344.00","3264.00"
"17/10/2020 00:00 - 17/10/2020 01:00","BZN|BG","3112.00","3064.00"
"17/10/2020 01:00 - 17/10/2020 02:00","BZN|BG","2998.00","2969.00"
"17/10/2020 02:00 - 17/10/2020 03:00","BZN|BG","2941.00","2920.00"
"17/10/2020 03:00 - 17/10/2020 04:00","BZN|BG","2934.00","2912.00"
"17/10/2020 04:00 - 17/10/2020 05:00","BZN|BG","2976.00","2969.00"
"17/10/2020 05:00 - 17/10/2020 06:00","BZN|BG","3134.00","3117.00"
"17/10/2020 06:00 - 17/10/2020 07:00","BZN|BG","3341.00","3276.00"
"17/10/2020 07:00 - 17/10/2020 08:00","BZN|BG","3691.00","3570.00"
"17/10/2020 08:00 - 17/10/2020 09:00","BZN|BG","3956.00","3808.00"
"17/10/2020 09:00 - 17/10/2020 10:00","BZN|BG","3992.00","3837.00"
"17/10/2020 10:00 - 17/10/2020 11:00","BZN|BG","3972.00","3791.00"
"17/10/2020 11:00 - 17/10/2020 12:00","BZN|BG","3903.00","3680.00"
"17/10/2020 12:00 - 17/10/2020 13:00","BZN|BG","3842.00","3532.00"
"17/10/2020 13:00 - 17/10/2020 14:00","BZN|BG","3742.00","3441.00"
"17/10/2020 14:00 - 17/10/2020 15:00","BZN|BG","3688.00","3427.00"
"17/10/2020 15:00 - 17/10/2020 16:00","BZN|BG","3710.00","3530.00"
"17/10/2020 16:00 - 17/10/2020 17:00","BZN|BG","3816.00","3586.00"
"17/10/2020 17:00 - 17/10/2020 18:00","BZN|BG","4081.00","3845.00"
"17/10/2020 18:00 - 17/10/2020 19:00","BZN|BG","4354.00","4347.00"
"17/10/2020 19:00 - 17/10/2020 20:00","BZN|BG","4114.00","4152.00"
"17/10/2020 20:00 - 17/10/2020 21:00","BZN|BG","3753.00","3760.00"
"17/10/2020 21:00 - 17/10/2020 22:00","BZN|BG","3627.00","3626.00"
"17/10/2020 22:00 - 17/10/2020 23:00","BZN|BG","3448.00","3424.00"
"17/10/2020 23:00 - 18/10/2020 00:00","BZN|BG","3230.00","3343.00"
"18/10/2020 00:00 - 18/10/2020 01:00","BZN|BG","3041.00","3109.00"
"18/10/2020 01:00 - 18/10/2020 02:00","BZN|BG","2928.00","2960.00"
"18/10/2020 02:00 - 18/10/2020 03:00","BZN|BG","2877.00","2904.00"
"18/10/2020 03:00 - 18/10/2020 04:00","BZN|BG","2843.00","2909.00"
"18/10/2020 04:00 - 18/10/2020 05:00","BZN|BG","2892.00","2955.00"
"18/10/2020 05:00 - 18/10/2020 06:00","BZN|BG","3012.00","3096.00"
"18/10/2020 06:00 - 18/10/2020 07:00","BZN|BG","3166.00","3295.00"
"18/10/2020 07:00 - 18/10/2020 08:00","BZN|BG","3505.00","3604.00"
"18/10/2020 08:00 - 18/10/2020 09:00","BZN|BG","3849.00","3900.00"
"18/10/2020 09:00 - 18/10/2020 10:00","BZN|BG","3959.00","3924.00"
"18/10/2020 10:00 - 18/10/2020 11:00","BZN|BG","3938.00","3875.00"
"18/10/2020 11:00 - 18/10/2020 12:00","BZN|BG","3895.00","3772.00"
"18/10/2020 12:00 - 18/10/2020 13:00","BZN|BG","3796.00","3705.00"
"18/10/2020 13:00 - 18/10/2020 14:00","BZN|BG","3689.00","3600.00"
"18/10/2020 14:00 - 18/10/2020 15:00","BZN|BG","3681.00","3597.00"
"18/10/2020 15:00 - 18/10/2020 16:00","BZN|BG","3765.00","3685.00"
"18/10/2020 16:00 - 18/10/2020 17:00","BZN|BG","3955.00","3868.00"
"18/10/2020 17:00 - 18/10/2020 18:00","BZN|BG","4335.00","4202.00"
"18/10/2020 18:00 - 18/10/2020 19:00","BZN|BG","4605.00","4684.00"
"18/10/2020 19:00 - 18/10/2020 20:00","BZN|BG","4500.00","4513.00"
"18/10/2020 20:00 - 18/10/2020 21:00","BZN|BG","4182.00","4193.00"
"18/10/2020 21:00 - 18/10/2020 22:00","BZN|BG","3873.00","3932.00"
"18/10/2020 22:00 - 18/10/2020 23:00","BZN|BG","3545.00","3595.00"
"18/10/2020 23:00 - 19/10/2020 00:00","BZN|BG","3241.00","3421.00"
"19/10/2020 00:00 - 19/10/2020 01:00","BZN|BG","3038.00","3175.00"
"19/10/2020 01:00 - 19/10/2020 02:00","BZN|BG","2938.00","3071.00"
"19/10/2020 02:00 - 19/10/2020 03:00","BZN|BG","2903.00","3010.00"
"19/10/2020 03:00 - 19/10/2020 04:00","BZN|BG","2926.00","3060.00"
"19/10/2020 04:00 - 19/10/2020 05:00","BZN|BG","3120.00","3266.00"
"19/10/2020 05:00 - 19/10/2020 06:00","BZN|BG","3573.00","3811.00"
"19/10/2020 06:00 - 19/10/2020 07:00","BZN|BG","4016.00","4240.00"
"19/10/2020 07:00 - 19/10/2020 08:00","BZN|BG","4357.00","4519.00"
"19/10/2020 08:00 - 19/10/2020 09:00","BZN|BG","4430.00","4563.00"
"19/10/2020 09:00 - 19/10/2020 10:00","BZN|BG","4308.00","4374.00"
"19/10/2020 10:00 - 19/10/2020 11:00","BZN|BG","4250.00","4296.00"
"19/10/2020 11:00 - 19/10/2020 12:00","BZN|BG","4137.00","4233.00"
"19/10/2020 12:00 - 19/10/2020 13:00","BZN|BG","4126.00","4246.00"
"19/10/2020 13:00 - 19/10/2020 14:00","BZN|BG","4055.00","4187.00"
"19/10/2020 14:00 - 19/10/2020 15:00","BZN|BG","4021.00","4188.00"
"19/10/2020 15:00 - 19/10/2020 16:00","BZN|BG","4020.00","4240.00"
"19/10/2020 16:00 - 19/10/2020 17:00","BZN|BG","4049.00","4280.00"
"19/10/2020 17:00 - 19/10/2020 18:00","BZN|BG","4435.00","4549.00"
"19/10/2020 18:00 - 19/10/2020 19:00","BZN|BG","4865.00","4982.00"
"19/10/2020 19:00 - 19/10/2020 20:00","BZN|BG","4729.00","4788.00"
"19/10/2020 20:00 - 19/10/2020 21:00","BZN|BG","4439.00","4499.00"
"19/10/2020 21:00 - 19/10/2020 22:00","BZN|BG","4106.00","4202.00"
"19/10/2020 22:00 - 19/10/2020 23:00","BZN|BG","3767.00","3918.00"
"19/10/2020 23:00 - 20/10/2020 00:00","BZN|BG","3401.00","3336.00"
"20/10/2020 00:00 - 20/10/2020 01:00","BZN|BG","3190.00","3110.00"
"20/10/2020 01:00 - 20/10/2020 02:00","BZN|BG","3114.00","3014.00"
"20/10/2020 02:00 - 20/10/2020 03:00","BZN|BG","3074.00","2962.00"
"20/10/2020 03:00 - 20/10/2020 04:00","BZN|BG","3088.00","2990.00"
"20/10/2020 04:00 - 20/10/2020 05:00","BZN|BG","3238.00","3134.00"
"20/10/2020 05:00 - 20/10/2020 06:00","BZN|BG","3716.00","3565.00"
"20/10/2020 06:00 - 20/10/2020 07:00","BZN|BG","4217.00","3974.00"
"20/10/2020 07:00 - 20/10/2020 08:00","BZN|BG","4562.00","4240.00"
"20/10/2020 08:00 - 20/10/2020 09:00","BZN|BG","4690.00","4357.00"
"20/10/2020 09:00 - 20/10/2020 10:00","BZN|BG","4536.00","4245.00"
"20/10/2020 10:00 - 20/10/2020 11:00","BZN|BG","4394.00","4196.00"
"20/10/2020 11:00 - 20/10/2020 12:00","BZN|BG","4209.00","4051.00"
"20/10/2020 12:00 - 20/10/2020 13:00","BZN|BG","4191.00","4028.00"
"20/10/2020 13:00 - 20/10/2020 14:00","BZN|BG","4121.00","3994.00"
"20/10/2020 14:00 - 20/10/2020 15:00","BZN|BG","4080.00","3989.00"
"20/10/2020 15:00 - 20/10/2020 16:00","BZN|BG","4082.00","4010.00"
"20/10/2020 16:00 - 20/10/2020 17:00","BZN|BG","4156.00","4087.00"
"20/10/2020 17:00 - 20/10/2020 18:00","BZN|BG","4567.00","4451.00"
"20/10/2020 18:00 - 20/10/2020 19:00","BZN|BG","5036.00","4871.00"
"20/10/2020 19:00 - 20/10/2020 20:00","BZN|BG","4837.00","4650.00"
"20/10/2020 20:00 - 20/10/2020 21:00","BZN|BG","4536.00","4322.00"
"20/10/2020 21:00 - 20/10/2020 22:00","BZN|BG","4246.00","4028.00"
"20/10/2020 22:00 - 20/10/2020 23:00","BZN|BG","3914.00","3752.00"
"20/10/2020 23:00 - 21/10/2020 00:00","BZN|BG","3552.00","3463.00"
"21/10/2020 00:00 - 21/10/2020 01:00","BZN|BG","3312.00","3232.00"
"21/10/2020 01:00 - 21/10/2020 02:00","BZN|BG","3200.00","3133.00"
"21/10/2020 02:00 - 21/10/2020 03:00","BZN|BG","3169.00","3082.00"
"21/10/2020 03:00 - 21/10/2020 04:00","BZN|BG","3204.00","3113.00"
"21/10/2020 04:00 - 21/10/2020 05:00","BZN|BG","3365.00","3262.00"
"21/10/2020 05:00 - 21/10/2020 06:00","BZN|BG","3861.00","3728.00"
"21/10/2020 06:00 - 21/10/2020 07:00","BZN|BG","4304.00","4157.00"
"21/10/2020 07:00 - 21/10/2020 08:00","BZN|BG","4580.00","4421.00"
"21/10/2020 08:00 - 21/10/2020 09:00","BZN|BG","4693.00","4544.00"
"21/10/2020 09:00 - 21/10/2020 10:00","BZN|BG","4573.00","4410.00"
"21/10/2020 10:00 - 21/10/2020 11:00","BZN|BG","4429.00","4348.00"
"21/10/2020 11:00 - 21/10/2020 12:00","BZN|BG","4279.00","4191.00"
"21/10/2020 12:00 - 21/10/2020 13:00","BZN|BG","4257.00","4173.00"
"21/10/2020 13:00 - 21/10/2020 14:00","BZN|BG","4160.00","4140.00"
"21/10/2020 14:00 - 21/10/2020 15:00","BZN|BG","4123.00","4133.00"
"21/10/2020 15:00 - 21/10/2020 16:00","BZN|BG","4080.00","4154.00"
"21/10/2020 16:00 - 21/10/2020 17:00","BZN|BG","4181.00","4227.00"
"21/10/2020 17:00 - 21/10/2020 18:00","BZN|BG","4622.00","4589.00"
"21/10/2020 18:00 - 21/10/2020 19:00","BZN|BG","5101.00","5016.00"
"21/10/2020 19:00 - 21/10/2020 20:00","BZN|BG","4904.00","4802.00"
"21/10/2020 20:00 - 21/10/2020 21:00","BZN|BG","4568.00","4468.00"
"21/10/2020 21:00 - 21/10/2020 22:00","BZN|BG","4259.00","4152.00"
"21/10/2020 22:00 - 21/10/2020 23:00","BZN|BG","3963.00","3862.00"
"21/10/2020 23:00 - 22/10/2020 00:00","BZN|BG","3576.00","3506.00"
"22/10/2020 00:00 - 22/10/2020 01:00","BZN|BG","3327.00","3293.00"
"22/10/2020 01:00 - 22/10/2020 02:00","BZN|BG","3213.00","3205.00"
"22/10/2020 02:00 - 22/10/2020 03:00","BZN|BG","3180.00","3160.00"
"22/10/2020 03:00 - 22/10/2020 04:00","BZN|BG","3211.00","3188.00"
"22/10/2020 04:00 - 22/10/2020 05:00","BZN|BG","3368.00","3327.00"
"22/10/2020 05:00 - 22/10/2020 06:00","BZN|BG","3833.00","3763.00"
"22/10/2020 06:00 - 22/10/2020 07:00","BZN|BG","4305.00","4178.00"
"22/10/2020 07:00 - 22/10/2020 08:00","BZN|BG","4616.00","4431.00"
"22/10/2020 08:00 - 22/10/2020 09:00","BZN|BG","4744.00","4535.00"
"22/10/2020 09:00 - 22/10/2020 10:00","BZN|BG","4598.00","4362.00"
"22/10/2020 10:00 - 22/10/2020 11:00","BZN|BG","4467.00","4256.00"
"22/10/2020 11:00 - 22/10/2020 12:00","BZN|BG","4310.00","4059.00"
"22/10/2020 12:00 - 22/10/2020 13:00","BZN|BG","4241.00","4043.00"
"22/10/2020 13:00 - 22/10/2020 14:00","BZN|BG","4152.00","3999.00"
"22/10/2020 14:00 - 22/10/2020 15:00","BZN|BG","4117.00","3991.00"
"22/10/2020 15:00 - 22/10/2020 16:00","BZN|BG","4073.00","4023.00"
"22/10/2020 16:00 - 22/10/2020 17:00","BZN|BG","4152.00","4114.00"
"22/10/2020 17:00 - 22/10/2020 18:00","BZN|BG","4579.00","4511.00"
"22/10/2020 18:00 - 22/10/2020 19:00","BZN|BG","5081.00","4965.00"
"22/10/2020 19:00 - 22/10/2020 20:00","BZN|BG","4910.00","4764.00"
"22/10/2020 20:00 - 22/10/2020 21:00","BZN|BG","4616.00","4451.00"
"22/10/2020 21:00 - 22/10/2020 22:00","BZN|BG","4263.00","4155.00"
"22/10/2020 22:00 - 22/10/2020 23:00","BZN|BG","3964.00","3871.00"
"22/10/2020 23:00 - 23/10/2020 00:00","BZN|BG","3591.00","3437.00"
"23/10/2020 00:00 - 23/10/2020 01:00","BZN|BG","3367.00","3226.00"
"23/10/2020 01:00 - 23/10/2020 02:00","BZN|BG","3251.00","3138.00"
"23/10/2020 02:00 - 23/10/2020 03:00","BZN|BG","3157.00","3094.00"
"23/10/2020 03:00 - 23/10/2020 04:00","BZN|BG","3192.00","3122.00"
"23/10/2020 04:00 - 23/10/2020 05:00","BZN|BG","3335.00","3258.00"
"23/10/2020 05:00 - 23/10/2020 06:00","BZN|BG","3806.00","3685.00"
"23/10/2020 06:00 - 23/10/2020 07:00","BZN|BG","4256.00","4091.00"
"23/10/2020 07:00 - 23/10/2020 08:00","BZN|BG","4582.00","4338.00"
"23/10/2020 08:00 - 23/10/2020 09:00","BZN|BG","4661.00","4440.00"
"23/10/2020 09:00 - 23/10/2020 10:00","BZN|BG","4507.00","4275.00"
"23/10/2020 10:00 - 23/10/2020 11:00","BZN|BG","4352.00","4172.00"
"23/10/2020 11:00 - 23/10/2020 12:00","BZN|BG","4195.00","3983.00"
"23/10/2020 12:00 - 23/10/2020 13:00","BZN|BG","4172.00","3967.00"
"23/10/2020 13:00 - 23/10/2020 14:00","BZN|BG","4108.00","3925.00"
"23/10/2020 14:00 - 23/10/2020 15:00","BZN|BG","4049.00","3918.00"
"23/10/2020 15:00 - 23/10/2020 16:00","BZN|BG","4011.00","3949.00"
"23/10/2020 16:00 - 23/10/2020 17:00","BZN|BG","4038.00","4038.00"
"23/10/2020 17:00 - 23/10/2020 18:00","BZN|BG","4418.00","4424.00"
"23/10/2020 18:00 - 23/10/2020 19:00","BZN|BG","4836.00","4867.00"
"23/10/2020 19:00 - 23/10/2020 20:00","BZN|BG","4666.00","4671.00"
"23/10/2020 20:00 - 23/10/2020 21:00","BZN|BG","4365.00","4367.00"
"23/10/2020 21:00 - 23/10/2020 22:00","BZN|BG","4119.00","4080.00"
"23/10/2020 22:00 - 23/10/2020 23:00","BZN|BG","3857.00","3804.00"
"23/10/2020 23:00 - 24/10/2020 00:00","BZN|BG","3525.00","3545.00"
"24/10/2020 00:00 - 24/10/2020 01:00","BZN|BG","3273.00","3269.00"
"24/10/2020 01:00 - 24/10/2020 02:00","BZN|BG","3159.00","3152.00"
"24/10/2020 02:00 - 24/10/2020 03:00","BZN|BG","3105.00","3091.00"
"24/10/2020 03:00 - 24/10/2020 04:00","BZN|BG","3099.00","3073.00"
"24/10/2020 04:00 - 24/10/2020 05:00","BZN|BG","3164.00","3125.00"
"24/10/2020 05:00 - 24/10/2020 06:00","BZN|BG","3317.00","3310.00"
"24/10/2020 06:00 - 24/10/2020 07:00","BZN|BG","3559.00","3560.00"
"24/10/2020 07:00 - 24/10/2020 08:00","BZN|BG","3979.00","3916.00"
"24/10/2020 08:00 - 24/10/2020 09:00","BZN|BG","4185.00","4186.00"
"24/10/2020 09:00 - 24/10/2020 10:00","BZN|BG","4132.00","4167.00"
"24/10/2020 10:00 - 24/10/2020 11:00","BZN|BG","4054.00","4024.00"
"24/10/2020 11:00 - 24/10/2020 12:00","BZN|BG","3964.00","3836.00"
"24/10/2020 12:00 - 24/10/2020 13:00","BZN|BG","3857.00","3700.00"
"24/10/2020 13:00 - 24/10/2020 14:00","BZN|BG","3755.00","3566.00"
"24/10/2020 14:00 - 24/10/2020 15:00","BZN|BG","3723.00","3533.00"
"24/10/2020 15:00 - 24/10/2020 16:00","BZN|BG","3769.00","3633.00"
"24/10/2020 16:00 - 24/10/2020 17:00","BZN|BG","3893.00","3833.00"
"24/10/2020 17:00 - 24/10/2020 18:00","BZN|BG","4299.00","4262.00"
"24/10/2020 18:00 - 24/10/2020 19:00","BZN|BG","4592.00","4656.00"
"24/10/2020 19:00 - 24/10/2020 20:00","BZN|BG","4372.00","4370.00"
"24/10/2020 20:00 - 24/10/2020 21:00","BZN|BG","4041.00","3988.00"
"24/10/2020 21:00 - 24/10/2020 22:00","BZN|BG","3844.00","3855.00"
"24/10/2020 22:00 - 24/10/2020 23:00","BZN|BG","3654.00","3640.00"
"24/10/2020 23:00 - 25/10/2020 00:00","BZN|BG","3378.00","3453.00"
"25/10/2020 00:00 - 25/10/2020 01:00","BZN|BG","3149.00","3217.00"
"25/10/2020 01:00 - 25/10/2020 02:00 (CEST)","BZN|BG","3031.00","3076.00"
"25/10/2020 02:00 (CEST) - 25/10/2020 02:00 (CET)","BZN|BG","2918.00","3003.00"
"25/10/2020 02:00 (CET) - 25/10/2020 03:00","BZN|BG","2952.00","2973.00"
"25/10/2020 03:00 - 25/10/2020 04:00","BZN|BG","2926.00","3026.00"
"25/10/2020 04:00 - 25/10/2020 05:00","BZN|BG","3000.00","3151.00"
"25/10/2020 05:00 - 25/10/2020 06:00","BZN|BG","3161.00","3323.00"
"25/10/2020 06:00 - 25/10/2020 07:00","BZN|BG","3520.00","3637.00"
"25/10/2020 07:00 - 25/10/2020 08:00","BZN|BG","3902.00","3943.00"
"25/10/2020 08:00 - 25/10/2020 09:00","BZN|BG","4060.00","3987.00"
"25/10/2020 09:00 - 25/10/2020 10:00","BZN|BG","4057.00","3944.00"
"25/10/2020 10:00 - 25/10/2020 11:00","BZN|BG","4173.00","3866.00"
"25/10/2020 11:00 - 25/10/2020 12:00","BZN|BG","4225.00","3735.00"
"25/10/2020 12:00 - 25/10/2020 13:00","BZN|BG","4208.00","3628.00"
"25/10/2020 13:00 - 25/10/2020 14:00","BZN|BG","4133.00","3664.00"
"25/10/2020 14:00 - 25/10/2020 15:00","BZN|BG","4153.00","3798.00"
"25/10/2020 15:00 - 25/10/2020 16:00","BZN|BG","4281.00","4072.00"
"25/10/2020 16:00 - 25/10/2020 17:00","BZN|BG","4599.00","4503.00"
"25/10/2020 17:00 - 25/10/2020 18:00","BZN|BG","4852.00","4785.00"
"25/10/2020 18:00 - 25/10/2020 19:00","BZN|BG","4714.00","4676.00"
"25/10/2020 19:00 - 25/10/2020 20:00","BZN|BG","4440.00","4345.00"
"25/10/2020 20:00 - 25/10/2020 21:00","BZN|BG","4075.00","4027.00"
"25/10/2020 21:00 - 25/10/2020 22:00","BZN|BG","3851.00","3704.00"
"25/10/2020 22:00 - 25/10/2020 23:00","BZN|BG","3549.00","3271.00"
"25/10/2020 23:00 - 26/10/2020 00:00","BZN|BG","3285.00","3065.00"
"26/10/2020 00:00 - 26/10/2020 01:00","BZN|BG","3125.00","2968.00"
"26/10/2020 01:00 - 26/10/2020 02:00","BZN|BG","3002.00","2926.00"
"26/10/2020 02:00 - 26/10/2020 03:00","BZN|BG","2966.00","2964.00"
"26/10/2020 03:00 - 26/10/2020 04:00","BZN|BG","3023.00","3156.00"
"26/10/2020 04:00 - 26/10/2020 05:00","BZN|BG","3244.00","3669.00"
"26/10/2020 05:00 - 26/10/2020 06:00","BZN|BG","3718.00","4168.00"
"26/10/2020 06:00 - 26/10/2020 07:00","BZN|BG","4067.00","4463.00"
"26/10/2020 07:00 - 26/10/2020 08:00","BZN|BG","4327.00","4448.00"
"26/10/2020 08:00 - 26/10/2020 09:00","BZN|BG","4466.00","4324.00"
"26/10/2020 09:00 - 26/10/2020 10:00","BZN|BG","4340.00","4251.00"
"26/10/2020 10:00 - 26/10/2020 11:00","BZN|BG","4301.00","4186.00"
"26/10/2020 11:00 - 26/10/2020 12:00","BZN|BG","4184.00","4192.00"
"26/10/2020 12:00 - 26/10/2020 13:00","BZN|BG","4157.00","4164.00"
"26/10/2020 13:00 - 26/10/2020 14:00","BZN|BG","4080.00","4166.00"
"26/10/2020 14:00 - 26/10/2020 15:00","BZN|BG","4127.00","4204.00"
"26/10/2020 15:00 - 26/10/2020 16:00","BZN|BG","4180.00","4275.00"
"26/10/2020 16:00 - 26/10/2020 17:00","BZN|BG","4468.00","4517.00"
"26/10/2020 17:00 - 26/10/2020 18:00","BZN|BG","4878.00","4784.00"
"26/10/2020 18:00 - 26/10/2020 19:00","BZN|BG","4800.00","4646.00"
"26/10/2020 19:00 - 26/10/2020 20:00","BZN|BG","4550.00","4400.00"
"26/10/2020 20:00 - 26/10/2020 21:00","BZN|BG","4247.00","4101.00"
"26/10/2020 21:00 - 26/10/2020 22:00","BZN|BG","4059.00","3792.00"
"26/10/2020 22:00 - 26/10/2020 23:00","BZN|BG","3751.00","3433.00"
"26/10/2020 23:00 - 27/10/2020 00:00","BZN|BG","3407.00","3181.00"
"27/10/2020 00:00 - 27/10/2020 01:00","BZN|BG","3231.00","3068.00"
"27/10/2020 01:00 - 27/10/2020 02:00","BZN|BG","3130.00","3022.00"
"27/10/2020 02:00 - 27/10/2020 03:00","BZN|BG","3085.00","3054.00"
"27/10/2020 03:00 - 27/10/2020 04:00","BZN|BG","3149.00","3194.00"
"27/10/2020 04:00 - 27/10/2020 05:00","BZN|BG","3344.00","3631.00"
"27/10/2020 05:00 - 27/10/2020 06:00","BZN|BG","3789.00","4052.00"
"27/10/2020 06:00 - 27/10/2020 07:00","BZN|BG","4243.00","4279.00"
"27/10/2020 07:00 - 27/10/2020 08:00","BZN|BG","4500.00","4353.00"
"27/10/2020 08:00 - 27/10/2020 09:00","BZN|BG","4574.00","4321.00"
"27/10/2020 09:00 - 27/10/2020 10:00","BZN|BG","4435.00","4296.00"
"27/10/2020 10:00 - 27/10/2020 11:00","BZN|BG","4291.00","4268.00"
"27/10/2020 11:00 - 27/10/2020 12:00","BZN|BG","4208.00","4263.00"
"27/10/2020 12:00 - 27/10/2020 13:00","BZN|BG","4193.00","4252.00"
"27/10/2020 13:00 - 27/10/2020 14:00","BZN|BG","4166.00","4251.00"
"27/10/2020 14:00 - 27/10/2020 15:00","BZN|BG","4161.00","4270.00"
"27/10/2020 15:00 - 27/10/2020 16:00","BZN|BG","4215.00","4344.00"
"27/10/2020 16:00 - 27/10/2020 17:00","BZN|BG","4574.00","4593.00"
"27/10/2020 17:00 - 27/10/2020 18:00","BZN|BG","5008.00","4849.00"
"27/10/2020 18:00 - 27/10/2020 19:00","BZN|BG","4933.00","4674.00"
"27/10/2020 19:00 - 27/10/2020 20:00","BZN|BG","4665.00","4391.00"
"27/10/2020 20:00 - 27/10/2020 21:00","BZN|BG","4366.00","4145.00"
"27/10/2020 21:00 - 27/10/2020 22:00","BZN|BG","4135.00","3903.00"
"27/10/2020 22:00 - 27/10/2020 23:00","BZN|BG","3810.00","3429.00"
"27/10/2020 23:00 - 28/10/2020 00:00","BZN|BG","3451.00","3228.00"
"28/10/2020 00:00 - 28/10/2020 01:00","BZN|BG","3271.00","3138.00"
"28/10/2020 01:00 - 28/10/2020 02:00","BZN|BG","3173.00","3097.00"
"28/10/2020 02:00 - 28/10/2020 03:00","BZN|BG","3146.00","3128.00"
"28/10/2020 03:00 - 28/10/2020 04:00","BZN|BG","3201.00","3277.00"
"28/10/2020 04:00 - 28/10/2020 05:00","BZN|BG","3361.00","3732.00"
"28/10/2020 05:00 - 28/10/2020 06:00","BZN|BG","3786.00","4179.00"
"28/10/2020 06:00 - 28/10/2020 07:00","BZN|BG","4212.00","4426.00"
"28/10/2020 07:00 - 28/10/2020 08:00","BZN|BG","4534.00","4481.00"
"28/10/2020 08:00 - 28/10/2020 09:00","BZN|BG","4686.00","4367.00"
"28/10/2020 09:00 - 28/10/2020 10:00","BZN|BG","4621.00","4264.00"
"28/10/2020 10:00 - 28/10/2020 11:00","BZN|BG","4571.00","4164.00"
"28/10/2020 11:00 - 28/10/2020 12:00","BZN|BG","4419.00","4150.00"
"28/10/2020 12:00 - 28/10/2020 13:00","BZN|BG","4375.00","4110.00"
"28/10/2020 13:00 - 28/10/2020 14:00","BZN|BG","4352.00","4104.00"
"28/10/2020 14:00 - 28/10/2020 15:00","BZN|BG","4376.00","4230.00"
"28/10/2020 15:00 - 28/10/2020 16:00","BZN|BG","4436.00","4577.00"
"28/10/2020 16:00 - 28/10/2020 17:00","BZN|BG","4716.00","4970.00"
"28/10/2020 17:00 - 28/10/2020 18:00","BZN|BG","5082.00","4950.00"
"28/10/2020 18:00 - 28/10/2020 19:00","BZN|BG","5004.00","4763.00"
"28/10/2020 19:00 - 28/10/2020 20:00","BZN|BG","4682.00","4402.00"
"28/10/2020 20:00 - 28/10/2020 21:00","BZN|BG","4358.00","4088.00"
"28/10/2020 21:00 - 28/10/2020 22:00","BZN|BG","4105.00","3777.00"
"28/10/2020 22:00 - 28/10/2020 23:00","BZN|BG","3799.00","3457.00"
"28/10/2020 23:00 - 29/10/2020 00:00","BZN|BG","3414.00","3266.00"
"29/10/2020 00:00 - 29/10/2020 01:00","BZN|BG","3233.00","3179.00"
"29/10/2020 01:00 - 29/10/2020 02:00","BZN|BG","3152.00","3137.00"
"29/10/2020 02:00 - 29/10/2020 03:00","BZN|BG","3108.00","3176.00"
"29/10/2020 03:00 - 29/10/2020 04:00","BZN|BG","3123.00","3333.00"
"29/10/2020 04:00 - 29/10/2020 05:00","BZN|BG","3272.00","3786.00"
"29/10/2020 05:00 - 29/10/2020 06:00","BZN|BG","3679.00","4228.00"
"29/10/2020 06:00 - 29/10/2020 07:00","BZN|BG","4112.00","4470.00"
"29/10/2020 07:00 - 29/10/2020 08:00","BZN|BG","4469.00","4522.00"
"29/10/2020 08:00 - 29/10/2020 09:00","BZN|BG","4594.00","4414.00"
"29/10/2020 09:00 - 29/10/2020 10:00","BZN|BG","4527.00","4314.00"
"29/10/2020 10:00 - 29/10/2020 11:00","BZN|BG","4466.00","4225.00"
"29/10/2020 11:00 - 29/10/2020 12:00","BZN|BG","4352.00","4217.00"
"29/10/2020 12:00 - 29/10/2020 13:00","BZN|BG","4336.00","4186.00"
"29/10/2020 13:00 - 29/10/2020 14:00","BZN|BG","4268.00","4183.00"
"29/10/2020 14:00 - 29/10/2020 15:00","BZN|BG","4245.00","4318.00"
"29/10/2020 15:00 - 29/10/2020 16:00","BZN|BG","4307.00","4588.00"
"29/10/2020 16:00 - 29/10/2020 17:00","BZN|BG","4624.00","5035.00"
"29/10/2020 17:00 - 29/10/2020 18:00","BZN|BG","4989.00","4944.00"
"29/10/2020 18:00 - 29/10/2020 19:00","BZN|BG","4926.00","4774.00"
"29/10/2020 19:00 - 29/10/2020 20:00","BZN|BG","4672.00","4413.00"
"29/10/2020 20:00 - 29/10/2020 21:00","BZN|BG","4385.00","4104.00"
"29/10/2020 21:00 - 29/10/2020 22:00","BZN|BG","4129.00","3784.00"
"29/10/2020 22:00 - 29/10/2020 23:00","BZN|BG","3813.00","3488.00"
"29/10/2020 23:00 - 30/10/2020 00:00","BZN|BG","3495.00","3309.00"
"30/10/2020 00:00 - 30/10/2020 01:00","BZN|BG","3271.00","3226.00"
"30/10/2020 01:00 - 30/10/2020 02:00","BZN|BG","3174.00","3189.00"
"30/10/2020 02:00 - 30/10/2020 03:00","BZN|BG","3139.00","3230.00"
"30/10/2020 03:00 - 30/10/2020 04:00","BZN|BG","3157.00","3387.00"
"30/10/2020 04:00 - 30/10/2020 05:00","BZN|BG","3298.00","3833.00"
"30/10/2020 05:00 - 30/10/2020 06:00","BZN|BG","3643.00","4270.00"
"30/10/2020 06:00 - 30/10/2020 07:00","BZN|BG","4030.00","4517.00"
"30/10/2020 07:00 - 30/10/2020 08:00","BZN|BG","4465.00","4581.00"
"30/10/2020 08:00 - 30/10/2020 09:00","BZN|BG","4609.00","4497.00"
"30/10/2020 09:00 - 30/10/2020 10:00","BZN|BG","4527.00","4422.00"
"30/10/2020 10:00 - 30/10/2020 11:00","BZN|BG","4473.00","4348.00"
"30/10/2020 11:00 - 30/10/2020 12:00","BZN|BG","4368.00","4340.00"
"30/10/2020 12:00 - 30/10/2020 13:00","BZN|BG","4343.00","4318.00"
"30/10/2020 13:00 - 30/10/2020 14:00","BZN|BG","4289.00","4323.00"
"30/10/2020 14:00 - 30/10/2020 15:00","BZN|BG","4282.00","4364.00"
"30/10/2020 15:00 - 30/10/2020 16:00","BZN|BG","4344.00","4523.00"
"30/10/2020 16:00 - 30/10/2020 17:00","BZN|BG","4666.00","4874.00"
"30/10/2020 17:00 - 30/10/2020 18:00","BZN|BG","4980.00","5108.00"
"30/10/2020 18:00 - 30/10/2020 19:00","BZN|BG","4894.00","4853.00"
"30/10/2020 19:00 - 30/10/2020 20:00","BZN|BG","4634.00","4481.00"
"30/10/2020 20:00 - 30/10/2020 21:00","BZN|BG","4360.00","4167.00"
"30/10/2020 21:00 - 30/10/2020 22:00","BZN|BG","4129.00","3836.00"
"30/10/2020 22:00 - 30/10/2020 23:00","BZN|BG","3872.00","N/A"
"30/10/2020 23:00 - 31/10/2020 00:00","BZN|BG","3548.00","3424.00"
"31/10/2020 00:00 - 31/10/2020 01:00","BZN|BG","3350.00","3231.00"
"31/10/2020 01:00 - 31/10/2020 02:00","BZN|BG","3239.00","3139.00"
"31/10/2020 02:00 - 31/10/2020 03:00","BZN|BG","3188.00","3093.00"
"31/10/2020 03:00 - 31/10/2020 04:00","BZN|BG","3160.00","3090.00"
"31/10/2020 04:00 - 31/10/2020 05:00","BZN|BG","3224.00","3181.00"
"31/10/2020 05:00 - 31/10/2020 06:00","BZN|BG","3394.00","3363.00"
"31/10/2020 06:00 - 31/10/2020 07:00","BZN|BG","3731.00","3653.00"
"31/10/2020 07:00 - 31/10/2020 08:00","BZN|BG","4127.00","4100.00"
"31/10/2020 08:00 - 31/10/2020 09:00","BZN|BG","4340.00","4285.00"
"31/10/2020 09:00 - 31/10/2020 10:00","BZN|BG","4324.00","4210.00"
"31/10/2020 10:00 - 31/10/2020 11:00","BZN|BG","4322.00","4134.00"
"31/10/2020 11:00 - 31/10/2020 12:00","BZN|BG","4274.00","4047.00"
"31/10/2020 12:00 - 31/10/2020 13:00","BZN|BG","4238.00","3991.00"
"31/10/2020 13:00 - 31/10/2020 14:00","BZN|BG","4192.00","3921.00"
"31/10/2020 14:00 - 31/10/2020 15:00","BZN|BG","4255.00","3928.00"
"31/10/2020 15:00 - 31/10/2020 16:00","BZN|BG","4409.00","4016.00"
"31/10/2020 16:00 - 31/10/2020 17:00","BZN|BG","4717.00","4151.00"
"31/10/2020 17:00 - 31/10/2020 18:00","BZN|BG","4878.00","4460.00"
"31/10/2020 18:00 - 31/10/2020 19:00","BZN|BG","4686.00","4688.00"
"31/10/2020 19:00 - 31/10/2020 20:00","BZN|BG","4405.00","4443.00"
"31/10/2020 20:00 - 31/10/2020 21:00","BZN|BG","4120.00","4131.00"
"31/10/2020 21:00 - 31/10/2020 22:00","BZN|BG","4011.00","3902.00"
"31/10/2020 22:00 - 31/10/2020 23:00","BZN|BG","3811.00","3683.00"
"31/10/2020 23:00 - 01/11/2020 00:00","BZN|BG","3506.00","3472.00"
"01/11/2020 00:00 - 01/11/2020 01:00","BZN|BG","3326.00","3278.00"
"01/11/2020 01:00 - 01/11/2020 02:00","BZN|BG","3227.00","3183.00"
"01/11/2020 02:00 - 01/11/2020 03:00","BZN|BG","3174.00","3138.00"
"01/11/2020 03:00 - 01/11/2020 04:00","BZN|BG","3157.00","3093.00"
"01/11/2020 04:00 - 01/11/2020 05:00","BZN|BG","3166.00","3111.00"
"01/11/2020 05:00 - 01/11/2020 06:00","BZN|BG","3304.00","3188.00"
"01/11/2020 06:00 - 01/11/2020 07:00","BZN|BG","3558.00","3337.00"
"01/11/2020 07:00 - 01/11/2020 08:00","BZN|BG","3983.00","3674.00"
"01/11/2020 08:00 - 01/11/2020 09:00","BZN|BG","4185.00","4020.00"
"01/11/2020 09:00 - 01/11/2020 10:00","BZN|BG","4186.00","4149.00"
"01/11/2020 10:00 - 01/11/2020 11:00","BZN|BG","4184.00","4127.00"
"01/11/2020 11:00 - 01/11/2020 12:00","BZN|BG","4116.00","4178.00"
"01/11/2020 12:00 - 01/11/2020 13:00","BZN|BG","3981.00","4186.00"
"01/11/2020 13:00 - 01/11/2020 14:00","BZN|BG","3893.00","4035.00"
"01/11/2020 14:00 - 01/11/2020 15:00","BZN|BG","3877.00","3886.00"
"01/11/2020 15:00 - 01/11/2020 16:00","BZN|BG","4034.00","3954.00"
"01/11/2020 16:00 - 01/11/2020 17:00","BZN|BG","4586.00","4153.00"
"01/11/2020 17:00 - 01/11/2020 18:00","BZN|BG","4996.00","4662.00"
"01/11/2020 18:00 - 01/11/2020 19:00","BZN|BG","4858.00","5088.00"
"01/11/2020 19:00 - 01/11/2020 20:00","BZN|BG","4595.00","4933.00"
"01/11/2020 20:00 - 01/11/2020 21:00","BZN|BG","4301.00","4565.00"
"01/11/2020 21:00 - 01/11/2020 22:00","BZN|BG","4133.00","4119.00"
"01/11/2020 22:00 - 01/11/2020 23:00","BZN|BG","3794.00","3841.00"
"01/11/2020 23:00 - 02/11/2020 00:00","BZN|BG","3478.00","3444.00"
"02/11/2020 00:00 - 02/11/2020 01:00","BZN|BG","3301.00","3288.00"
"02/11/2020 01:00 - 02/11/2020 02:00","BZN|BG","3224.00","3164.00"
"02/11/2020 02:00 - 02/11/2020 03:00","BZN|BG","3185.00","3121.00"
"02/11/2020 03:00 - 02/11/2020 04:00","BZN|BG","3229.00","3187.00"
"02/11/2020 04:00 - 02/11/2020 05:00","BZN|BG","3375.00","3458.00"
"02/11/2020 05:00 - 02/11/2020 06:00","BZN|BG","3749.00","4009.00"
"02/11/2020 06:00 - 02/11/2020 07:00","BZN|BG","4228.00","4411.00"
"02/11/2020 07:00 - 02/11/2020 08:00","BZN|BG","4680.00","4648.00"
"02/11/2020 08:00 - 02/11/2020 09:00","BZN|BG","4875.00","4767.00"
"02/11/2020 09:00 - 02/11/2020 10:00","BZN|BG","4779.00","4709.00"
"02/11/2020 10:00 - 02/11/2020 11:00","BZN|BG","4659.00","4694.00"
"02/11/2020 11:00 - 02/11/2020 12:00","BZN|BG","4528.00","4643.00"
"02/11/2020 12:00 - 02/11/2020 13:00","BZN|BG","4504.00","4629.00"
"02/11/2020 13:00 - 02/11/2020 14:00","BZN|BG","4441.00","4610.00"
"02/11/2020 14:00 - 02/11/2020 15:00","BZN|BG","4433.00","4681.00"
"02/11/2020 15:00 - 02/11/2020 16:00","BZN|BG","4503.00","4733.00"
"02/11/2020 16:00 - 02/11/2020 17:00","BZN|BG","4889.00","4943.00"
"02/11/2020 17:00 - 02/11/2020 18:00","BZN|BG","5240.00","5231.00"
"02/11/2020 18:00 - 02/11/2020 19:00","BZN|BG","5148.00","5144.00"
"02/11/2020 19:00 - 02/11/2020 20:00","BZN|BG","4876.00","4897.00"
"02/11/2020 20:00 - 02/11/2020 21:00","BZN|BG","4534.00","4592.00"
"02/11/2020 21:00 - 02/11/2020 22:00","BZN|BG","4297.00","4391.00"
"02/11/2020 22:00 - 02/11/2020 23:00","BZN|BG","3959.00","4077.00"
"02/11/2020 23:00 - 03/11/2020 00:00","BZN|BG","3599.00","3572.00"
"03/11/2020 00:00 - 03/11/2020 01:00","BZN|BG","3408.00","3378.00"
"03/11/2020 01:00 - 03/11/2020 02:00","BZN|BG","3323.00","3288.00"
"03/11/2020 02:00 - 03/11/2020 03:00","BZN|BG","3266.00","3239.00"
"03/11/2020 03:00 - 03/11/2020 04:00","BZN|BG","3294.00","3281.00"
"03/11/2020 04:00 - 03/11/2020 05:00","BZN|BG","3428.00","3440.00"
"03/11/2020 05:00 - 03/11/2020 06:00","BZN|BG","3806.00","3873.00"
"03/11/2020 06:00 - 03/11/2020 07:00","BZN|BG","4239.00","4308.00"
"03/11/2020 07:00 - 03/11/2020 08:00","BZN|BG","4619.00","4612.00"
"03/11/2020 08:00 - 03/11/2020 09:00","BZN|BG","4845.00","4685.00"
"03/11/2020 09:00 - 03/11/2020 10:00","BZN|BG","4822.00","4581.00"
"03/11/2020 10:00 - 03/11/2020 11:00","BZN|BG","4785.00","4494.00"
"03/11/2020 11:00 - 03/11/2020 12:00","BZN|BG","4677.00","4396.00"
"03/11/2020 12:00 - 03/11/2020 13:00","BZN|BG","4673.00","4390.00"
"03/11/2020 13:00 - 03/11/2020 14:00","BZN|BG","4596.00","4370.00"
"03/11/2020 14:00 - 03/11/2020 15:00","BZN|BG","4566.00","4387.00"
"03/11/2020 15:00 - 03/11/2020 16:00","BZN|BG","4681.00","4561.00"
"03/11/2020 16:00 - 03/11/2020 17:00","BZN|BG","4931.00","4810.00"
"03/11/2020 17:00 - 03/11/2020 18:00","BZN|BG","5170.00","5090.00"
"03/11/2020 18:00 - 03/11/2020 19:00","BZN|BG","5070.00","5000.00"
"03/11/2020 19:00 - 03/11/2020 20:00","BZN|BG","4804.00","4808.00"
"03/11/2020 20:00 - 03/11/2020 21:00","BZN|BG","4501.00","4479.00"
"03/11/2020 21:00 - 03/11/2020 22:00","BZN|BG","4244.00","4212.00"
"03/11/2020 22:00 - 03/11/2020 23:00","BZN|BG","3946.00","3908.00"
"03/11/2020 23:00 - 04/11/2020 00:00","BZN|BG","3602.00","3547.00"
"04/11/2020 00:00 - 04/11/2020 01:00","BZN|BG","3394.00","3372.00"
"04/11/2020 01:00 - 04/11/2020 02:00","BZN|BG","3302.00","3294.00"
"04/11/2020 02:00 - 04/11/2020 03:00","BZN|BG","3227.00","3260.00"
"04/11/2020 03:00 - 04/11/2020 04:00","BZN|BG","3240.00","3302.00"
"04/11/2020 04:00 - 04/11/2020 05:00","BZN|BG","3387.00","3466.00"
"04/11/2020 05:00 - 04/11/2020 06:00","BZN|BG","3784.00","3894.00"
"04/11/2020 06:00 - 04/11/2020 07:00","BZN|BG","4208.00","4326.00"
"04/11/2020 07:00 - 04/11/2020 08:00","BZN|BG","4609.00","4648.00"
"04/11/2020 08:00 - 04/11/2020 09:00","BZN|BG","4712.00","4738.00"
"04/11/2020 09:00 - 04/11/2020 10:00","BZN|BG","4617.00","4627.00"
"04/11/2020 10:00 - 04/11/2020 11:00","BZN|BG","4598.00","4536.00"
"04/11/2020 11:00 - 04/11/2020 12:00","BZN|BG","4518.00","4426.00"
"04/11/2020 12:00 - 04/11/2020 13:00","BZN|BG","4523.00","4425.00"
"04/11/2020 13:00 - 04/11/2020 14:00","BZN|BG","4473.00","4405.00"
"04/11/2020 14:00 - 04/11/2020 15:00","BZN|BG","4488.00","4436.00"
"04/11/2020 15:00 - 04/11/2020 16:00","BZN|BG","4583.00","4532.00"
"04/11/2020 16:00 - 04/11/2020 17:00","BZN|BG","4888.00","4849.00"
"04/11/2020 17:00 - 04/11/2020 18:00","BZN|BG","5179.00","5235.00"
"04/11/2020 18:00 - 04/11/2020 19:00","BZN|BG","5087.00","5153.00"
"04/11/2020 19:00 - 04/11/2020 20:00","BZN|BG","4832.00","4836.00"
"04/11/2020 20:00 - 04/11/2020 21:00","BZN|BG","4513.00","4493.00"
"04/11/2020 21:00 - 04/11/2020 22:00","BZN|BG","4250.00","4210.00"
"04/11/2020 22:00 - 04/11/2020 23:00","BZN|BG","3938.00","3880.00"
"04/11/2020 23:00 - 05/11/2020 00:00","BZN|BG","3604.00","3583.00"
"05/11/2020 00:00 - 05/11/2020 01:00","BZN|BG","3399.00","3352.00"
"05/11/2020 01:00 - 05/11/2020 02:00","BZN|BG","3308.00","3253.00"
"05/11/2020 02:00 - 05/11/2020 03:00","BZN|BG","3275.00","3202.00"
"05/11/2020 03:00 - 05/11/2020 04:00","BZN|BG","3302.00","3243.00"
"05/11/2020 04:00 - 05/11/2020 05:00","BZN|BG","3443.00","3397.00"
"05/11/2020 05:00 - 05/11/2020 06:00","BZN|BG","3847.00","3806.00"
"05/11/2020 06:00 - 05/11/2020 07:00","BZN|BG","4265.00","4234.00"
"05/11/2020 07:00 - 05/11/2020 08:00","BZN|BG","4604.00","4555.00"
"05/11/2020 08:00 - 05/11/2020 09:00","BZN|BG","4693.00","4667.00"
"05/11/2020 09:00 - 05/11/2020 10:00","BZN|BG","4588.00","4611.00"
"05/11/2020 10:00 - 05/11/2020 11:00","BZN|BG","4513.00","4561.00"
"05/11/2020 11:00 - 05/11/2020 12:00","BZN|BG","4400.00","4498.00"
"05/11/2020 12:00 - 05/11/2020 13:00","BZN|BG","4389.00","4497.00"
"05/11/2020 13:00 - 05/11/2020 14:00","BZN|BG","4326.00","4481.00"
"05/11/2020 14:00 - 05/11/2020 15:00","BZN|BG","4345.00","4502.00"
"05/11/2020 15:00 - 05/11/2020 16:00","BZN|BG","4449.00","4591.00"
"05/11/2020 16:00 - 05/11/2020 17:00","BZN|BG","4823.00","4857.00"
"05/11/2020 17:00 - 05/11/2020 18:00","BZN|BG","5163.00","5166.00"
"05/11/2020 18:00 - 05/11/2020 19:00","BZN|BG","5111.00","5087.00"
"05/11/2020 19:00 - 05/11/2020 20:00","BZN|BG","4853.00","4803.00"
"05/11/2020 20:00 - 05/11/2020 21:00","BZN|BG","4552.00","4491.00"
"05/11/2020 21:00 - 05/11/2020 22:00","BZN|BG","4315.00","4235.00"
"05/11/2020 22:00 - 05/11/2020 23:00","BZN|BG","3986.00","3935.00"
"05/11/2020 23:00 - 06/11/2020 00:00","BZN|BG","3645.00","3615.00"
"06/11/2020 00:00 - 06/11/2020 01:00","BZN|BG","3436.00","3415.00"
"06/11/2020 01:00 - 06/11/2020 02:00","BZN|BG","3352.00","3328.00"
"06/11/2020 02:00 - 06/11/2020 03:00","BZN|BG","3311.00","3278.00"
"06/11/2020 03:00 - 06/11/2020 04:00","BZN|BG","3350.00","3313.00"
"06/11/2020 04:00 - 06/11/2020 05:00","BZN|BG","3491.00","3463.00"
"06/11/2020 05:00 - 06/11/2020 06:00","BZN|BG","3924.00","3864.00"
"06/11/2020 06:00 - 06/11/2020 07:00","BZN|BG","4419.00","4279.00"
"06/11/2020 07:00 - 06/11/2020 08:00","BZN|BG","4786.00","4597.00"
"06/11/2020 08:00 - 06/11/2020 09:00","BZN|BG","4889.00","4704.00"
"06/11/2020 09:00 - 06/11/2020 10:00","BZN|BG","4751.00","4638.00"
"06/11/2020 10:00 - 06/11/2020 11:00","BZN|BG","4640.00","4586.00"
"06/11/2020 11:00 - 06/11/2020 12:00","BZN|BG","4490.00","4516.00"
"06/11/2020 12:00 - 06/11/2020 13:00","BZN|BG","4476.00","4518.00"
"06/11/2020 13:00 - 06/11/2020 14:00","BZN|BG","4401.00","4502.00"
"06/11/2020 14:00 - 06/11/2020 15:00","BZN|BG","4412.00","4529.00"
"06/11/2020 15:00 - 06/11/2020 16:00","BZN|BG","4487.00","4623.00"
"06/11/2020 16:00 - 06/11/2020 17:00","BZN|BG","4906.00","4902.00"
"06/11/2020 17:00 - 06/11/2020 18:00","BZN|BG","5270.00","5215.00"
"06/11/2020 18:00 - 06/11/2020 19:00","BZN|BG","5194.00","5136.00"
"06/11/2020 19:00 - 06/11/2020 20:00","BZN|BG","4902.00","4864.00"
"06/11/2020 20:00 - 06/11/2020 21:00","BZN|BG","4559.00","4559.00"
"06/11/2020 21:00 - 06/11/2020 22:00","BZN|BG","4355.00","4309.00"
"06/11/2020 22:00 - 06/11/2020 23:00","BZN|BG","4092.00","4017.00"
"06/11/2020 23:00 - 07/11/2020 00:00","BZN|BG","3741.00","3541.00"
"07/11/2020 00:00 - 07/11/2020 01:00","BZN|BG","3515.00","3367.00"
"07/11/2020 01:00 - 07/11/2020 02:00","BZN|BG","3371.00","3272.00"
"07/11/2020 02:00 - 07/11/2020 03:00","BZN|BG","3282.00","3226.00"
"07/11/2020 03:00 - 07/11/2020 04:00","BZN|BG","3321.00","3209.00"
"07/11/2020 04:00 - 07/11/2020 05:00","BZN|BG","3399.00","3277.00"
"07/11/2020 05:00 - 07/11/2020 06:00","BZN|BG","3538.00","3462.00"
"07/11/2020 06:00 - 07/11/2020 07:00","BZN|BG","3833.00","3790.00"
"07/11/2020 07:00 - 07/11/2020 08:00","BZN|BG","4153.00","4193.00"
"07/11/2020 08:00 - 07/11/2020 09:00","BZN|BG","4347.00","4427.00"
"07/11/2020 09:00 - 07/11/2020 10:00","BZN|BG","4314.00","4335.00"
"07/11/2020 10:00 - 07/11/2020 11:00","BZN|BG","4271.00","4232.00"
"07/11/2020 11:00 - 07/11/2020 12:00","BZN|BG","4199.00","4130.00"
"07/11/2020 12:00 - 07/11/2020 13:00","BZN|BG","4101.00","4104.00"
"07/11/2020 13:00 - 07/11/2020 14:00","BZN|BG","4013.00","3998.00"
"07/11/2020 14:00 - 07/11/2020 15:00","BZN|BG","4029.00","4100.00"
"07/11/2020 15:00 - 07/11/2020 16:00","BZN|BG","4209.00","4296.00"
"07/11/2020 16:00 - 07/11/2020 17:00","BZN|BG","4733.00","4672.00"
"07/11/2020 17:00 - 07/11/2020 18:00","BZN|BG","4981.00","4877.00"
"07/11/2020 18:00 - 07/11/2020 19:00","BZN|BG","4843.00","4673.00"
"07/11/2020 19:00 - 07/11/2020 20:00","BZN|BG","4595.00","4357.00"
"07/11/2020 20:00 - 07/11/2020 21:00","BZN|BG","4287.00","4058.00"
"07/11/2020 21:00 - 07/11/2020 22:00","BZN|BG","4219.00","3956.00"
"07/11/2020 22:00 - 07/11/2020 23:00","BZN|BG","3961.00","3749.00"
"07/11/2020 23:00 - 08/11/2020 00:00","BZN|BG","3649.00","3523.00"
"08/11/2020 00:00 - 08/11/2020 01:00","BZN|BG","3443.00","3353.00"
"08/11/2020 01:00 - 08/11/2020 02:00","BZN|BG","3335.00","3269.00"
"08/11/2020 02:00 - 08/11/2020 03:00","BZN|BG","3262.00","3221.00"
"08/11/2020 03:00 - 08/11/2020 04:00","BZN|BG","3224.00","3209.00"
"08/11/2020 04:00 - 08/11/2020 05:00","BZN|BG","3312.00","3228.00"
"08/11/2020 05:00 - 08/11/2020 06:00","BZN|BG","3433.00","3369.00"
"08/11/2020 06:00 - 08/11/2020 07:00","BZN|BG","3690.00","3593.00"
"08/11/2020 07:00 - 08/11/2020 08:00","BZN|BG","4076.00","3976.00"
"08/11/2020 08:00 - 08/11/2020 09:00","BZN|BG","4318.00","4148.00"
"08/11/2020 09:00 - 08/11/2020 10:00","BZN|BG","4379.00","4134.00"
"08/11/2020 10:00 - 08/11/2020 11:00","BZN|BG","4335.00","4125.00"
"08/11/2020 11:00 - 08/11/2020 12:00","BZN|BG","4265.00","4102.00"
"08/11/2020 12:00 - 08/11/2020 13:00","BZN|BG","4188.00","4055.00"
"08/11/2020 13:00 - 08/11/2020 14:00","BZN|BG","4078.00","4039.00"
"08/11/2020 14:00 - 08/11/2020 15:00","BZN|BG","4108.00","4086.00"
"08/11/2020 15:00 - 08/11/2020 16:00","BZN|BG","4359.00","4271.00"
"08/11/2020 16:00 - 08/11/2020 17:00","BZN|BG","4938.00","4715.00"
"08/11/2020 17:00 - 08/11/2020 18:00","BZN|BG","5217.00","5055.00"
"08/11/2020 18:00 - 08/11/2020 19:00","BZN|BG","5075.00","4927.00"
"08/11/2020 19:00 - 08/11/2020 20:00","BZN|BG","4795.00","4671.00"
"08/11/2020 20:00 - 08/11/2020 21:00","BZN|BG","4495.00","4395.00"
"08/11/2020 21:00 - 08/11/2020 22:00","BZN|BG","4243.00","4235.00"
"08/11/2020 22:00 - 08/11/2020 23:00","BZN|BG","3905.00","3920.00"
"08/11/2020 23:00 - 09/11/2020 00:00","BZN|BG","3582.00","3562.00"
"09/11/2020 00:00 - 09/11/2020 01:00","BZN|BG","3397.00","3350.00"
"09/11/2020 01:00 - 09/11/2020 02:00","BZN|BG","3314.00","3260.00"
"09/11/2020 02:00 - 09/11/2020 03:00","BZN|BG","3220.00","3209.00"
"09/11/2020 03:00 - 09/11/2020 04:00","BZN|BG","3262.00","3252.00"
"09/11/2020 04:00 - 09/11/2020 05:00","BZN|BG","3445.00","3385.00"
"09/11/2020 05:00 - 09/11/2020 06:00","BZN|BG","3918.00","3722.00"
"09/11/2020 06:00 - 09/11/2020 07:00","BZN|BG","4432.00","4124.00"
"09/11/2020 07:00 - 09/11/2020 08:00","BZN|BG","4910.00","4499.00"
"09/11/2020 08:00 - 09/11/2020 09:00","BZN|BG","5078.00","4622.00"
"09/11/2020 09:00 - 09/11/2020 10:00","BZN|BG","4999.00","4528.00"
"09/11/2020 10:00 - 09/11/2020 11:00","BZN|BG","4949.00","4432.00"
"09/11/2020 11:00 - 09/11/2020 12:00","BZN|BG","4823.00","4335.00"
"09/11/2020 12:00 - 09/11/2020 13:00","BZN|BG","4797.00","4330.00"
"09/11/2020 13:00 - 09/11/2020 14:00","BZN|BG","4703.00","4314.00"
"09/11/2020 14:00 - 09/11/2020 15:00","BZN|BG","4695.00","4360.00"
"09/11/2020 15:00 - 09/11/2020 16:00","BZN|BG","4763.00","4483.00"
"09/11/2020 16:00 - 09/11/2020 17:00","BZN|BG","5077.00","4876.00"
"09/11/2020 17:00 - 09/11/2020 18:00","BZN|BG","5333.00","5251.00"
"09/11/2020 18:00 - 09/11/2020 19:00","BZN|BG","5249.00","5173.00"
"09/11/2020 19:00 - 09/11/2020 20:00","BZN|BG","4987.00","4916.00"
"09/11/2020 20:00 - 09/11/2020 21:00","BZN|BG","4682.00","4611.00"
"09/11/2020 21:00 - 09/11/2020 22:00","BZN|BG","4441.00","4384.00"
"09/11/2020 22:00 - 09/11/2020 23:00","BZN|BG","4080.00","4092.00"
"09/11/2020 23:00 - 10/11/2020 00:00","BZN|BG","3730.00","3704.00"
"10/11/2020 00:00 - 10/11/2020 01:00","BZN|BG","3533.00","3489.00"
"10/11/2020 01:00 - 10/11/2020 02:00","BZN|BG","3421.00","3401.00"
"10/11/2020 02:00 - 10/11/2020 03:00","BZN|BG","3380.00","3348.00"
"10/11/2020 03:00 - 10/11/2020 04:00","BZN|BG","3408.00","3379.00"
"10/11/2020 04:00 - 10/11/2020 05:00","BZN|BG","3549.00","3540.00"
"10/11/2020 05:00 - 10/11/2020 06:00","BZN|BG","3991.00","3989.00"
"10/11/2020 06:00 - 10/11/2020 07:00","BZN|BG","4463.00","4464.00"
"10/11/2020 07:00 - 10/11/2020 08:00","BZN|BG","4903.00","4854.00"
"10/11/2020 08:00 - 10/11/2020 09:00","BZN|BG","5071.00","4972.00"
"10/11/2020 09:00 - 10/11/2020 10:00","BZN|BG","4994.00","4866.00"
"10/11/2020 10:00 - 10/11/2020 11:00","BZN|BG","4949.00","4788.00"
"10/11/2020 11:00 - 10/11/2020 12:00","BZN|BG","4860.00","4674.00"
"10/11/2020 12:00 - 10/11/2020 13:00","BZN|BG","4867.00","4684.00"
"10/11/2020 13:00 - 10/11/2020 14:00","BZN|BG","4830.00","4652.00"
"10/11/2020 14:00 - 10/11/2020 15:00","BZN|BG","4807.00","4693.00"
"10/11/2020 15:00 - 10/11/2020 16:00","BZN|BG","4883.00","4798.00"
"10/11/2020 16:00 - 10/11/2020 17:00","BZN|BG","5196.00","5107.00"
"10/11/2020 17:00 - 10/11/2020 18:00","BZN|BG","5411.00","5390.00"
"10/11/2020 18:00 - 10/11/2020 19:00","BZN|BG","5313.00","5298.00"
"10/11/2020 19:00 - 10/11/2020 20:00","BZN|BG","5051.00","4999.00"
"10/11/2020 20:00 - 10/11/2020 21:00","BZN|BG","4737.00","4650.00"
"10/11/2020 21:00 - 10/11/2020 22:00","BZN|BG","4448.00","4387.00"
"10/11/2020 22:00 - 10/11/2020 23:00","BZN|BG","4111.00","4068.00"
"10/11/2020 23:00 - 11/11/2020 00:00","BZN|BG","3725.00","3708.00"
"11/11/2020 00:00 - 11/11/2020 01:00","BZN|BG","3508.00","3511.00"
"11/11/2020 01:00 - 11/11/2020 02:00","BZN|BG","3391.00","3431.00"
"11/11/2020 02:00 - 11/11/2020 03:00","BZN|BG","3357.00","3378.00"
"11/11/2020 03:00 - 11/11/2020 04:00","BZN|BG","3391.00","3411.00"
"11/11/2020 04:00 - 11/11/2020 05:00","BZN|BG","3535.00","3574.00"
"11/11/2020 05:00 - 11/11/2020 06:00","BZN|BG","3964.00","4038.00"
"11/11/2020 06:00 - 11/11/2020 07:00","BZN|BG","4451.00","4526.00"
"11/11/2020 07:00 - 11/11/2020 08:00","BZN|BG","4925.00","4900.00"
"11/11/2020 08:00 - 11/11/2020 09:00","BZN|BG","5122.00","5020.00"
"11/11/2020 09:00 - 11/11/2020 10:00","BZN|BG","5108.00","4891.00"
"11/11/2020 10:00 - 11/11/2020 11:00","BZN|BG","5031.00","4791.00"
"11/11/2020 11:00 - 11/11/2020 12:00","BZN|BG","4965.00","4662.00"
"11/11/2020 12:00 - 11/11/2020 13:00","BZN|BG","4978.00","4678.00"
"11/11/2020 13:00 - 11/11/2020 14:00","BZN|BG","4913.00","4649.00"
"11/11/2020 14:00 - 11/11/2020 15:00","BZN|BG","4905.00","4688.00"
"11/11/2020 15:00 - 11/11/2020 16:00","BZN|BG","4935.00","4798.00"
"11/11/2020 16:00 - 11/11/2020 17:00","BZN|BG","5289.00","5120.00"
"11/11/2020 17:00 - 11/11/2020 18:00","BZN|BG","5530.00","5407.00"
"11/11/2020 18:00 - 11/11/2020 19:00","BZN|BG","5411.00","5320.00"
"11/11/2020 19:00 - 11/11/2020 20:00","BZN|BG","5105.00","5028.00"
"11/11/2020 20:00 - 11/11/2020 21:00","BZN|BG","4788.00","4682.00"
"11/11/2020 21:00 - 11/11/2020 22:00","BZN|BG","4577.00","4426.00"
"11/11/2020 22:00 - 11/11/2020 23:00","BZN|BG","4245.00","4107.00"
"11/11/2020 23:00 - 12/11/2020 00:00","BZN|BG","3828.00","3724.00"
"12/11/2020 00:00 - 12/11/2020 01:00","BZN|BG","3608.00","3527.00"
"12/11/2020 01:00 - 12/11/2020 02:00","BZN|BG","3502.00","3444.00"
"12/11/2020 02:00 - 12/11/2020 03:00","BZN|BG","3461.00","3393.00"
"12/11/2020 03:00 - 12/11/2020 04:00","BZN|BG","3508.00","3425.00"
"12/11/2020 04:00 - 12/11/2020 05:00","BZN|BG","3674.00","3586.00"
"12/11/2020 05:00 - 12/11/2020 06:00","BZN|BG","4100.00","4055.00"
"12/11/2020 06:00 - 12/11/2020 07:00","BZN|BG","4570.00","4550.00"
"12/11/2020 07:00 - 12/11/2020 08:00","BZN|BG","4935.00","4944.00"
"12/11/2020 08:00 - 12/11/2020 09:00","BZN|BG","5125.00","5073.00"
"12/11/2020 09:00 - 12/11/2020 10:00","BZN|BG","5010.00","4983.00"
"12/11/2020 10:00 - 12/11/2020 11:00","BZN|BG","4940.00","4914.00"
"12/11/2020 11:00 - 12/11/2020 12:00","BZN|BG","4819.00","4825.00"
"12/11/2020 12:00 - 12/11/2020 13:00","BZN|BG","4827.00","4838.00"
"12/11/2020 13:00 - 12/11/2020 14:00","BZN|BG","4746.00","4816.00"
"12/11/2020 14:00 - 12/11/2020 15:00","BZN|BG","4732.00","4845.00"
"12/11/2020 15:00 - 12/11/2020 16:00","BZN|BG","4802.00","4939.00"
"12/11/2020 16:00 - 12/11/2020 17:00","BZN|BG","5213.00","5211.00"
"12/11/2020 17:00 - 12/11/2020 18:00","BZN|BG","5490.00","5451.00"
"12/11/2020 18:00 - 12/11/2020 19:00","BZN|BG","5385.00","5359.00"
"12/11/2020 19:00 - 12/11/2020 20:00","BZN|BG","5118.00","5065.00"
"12/11/2020 20:00 - 12/11/2020 21:00","BZN|BG","4826.00","4719.00"
"12/11/2020 21:00 - 12/11/2020 22:00","BZN|BG","4560.00","4458.00"
"12/11/2020 22:00 - 12/11/2020 23:00","BZN|BG","4239.00","4129.00"
"12/11/2020 23:00 - 13/11/2020 00:00","BZN|BG","3878.00","3850.00"
"13/11/2020 00:00 - 13/11/2020 01:00","BZN|BG","3653.00","3628.00"
"13/11/2020 01:00 - 13/11/2020 02:00","BZN|BG","3543.00","3532.00"
"13/11/2020 02:00 - 13/11/2020 03:00","BZN|BG","3456.00","3479.00"
"13/11/2020 03:00 - 13/11/2020 04:00","BZN|BG","3469.00","3510.00"
"13/11/2020 04:00 - 13/11/2020 05:00","BZN|BG","3636.00","3666.00"
"13/11/2020 05:00 - 13/11/2020 06:00","BZN|BG","4057.00","4115.00"
"13/11/2020 06:00 - 13/11/2020 07:00","BZN|BG","4528.00","4594.00"
"13/11/2020 07:00 - 13/11/2020 08:00","BZN|BG","4981.00","4990.00"
"13/11/2020 08:00 - 13/11/2020 09:00","BZN|BG","5138.00","5129.00"
"13/11/2020 09:00 - 13/11/2020 10:00","BZN|BG","5096.00","5054.00"
"13/11/2020 10:00 - 13/11/2020 11:00","BZN|BG","5058.00","4991.00"
"13/11/2020 11:00 - 13/11/2020 12:00","BZN|BG","4936.00","4911.00"
"13/11/2020 12:00 - 13/11/2020 13:00","BZN|BG","4907.00","4922.00"
"13/11/2020 13:00 - 13/11/2020 14:00","BZN|BG","4831.00","4898.00"
"13/11/2020 14:00 - 13/11/2020 15:00","BZN|BG","4830.00","4925.00"
"13/11/2020 15:00 - 13/11/2020 16:00","BZN|BG","4892.00","5007.00"
"13/11/2020 16:00 - 13/11/2020 17:00","BZN|BG","5182.00","5284.00"
"13/11/2020 17:00 - 13/11/2020 18:00","BZN|BG","5390.00","5516.00"
"13/11/2020 18:00 - 13/11/2020 19:00","BZN|BG","5282.00","5423.00"
"13/11/2020 19:00 - 13/11/2020 20:00","BZN|BG","5000.00","5146.00"
"13/11/2020 20:00 - 13/11/2020 21:00","BZN|BG","4690.00","4825.00"
"13/11/2020 21:00 - 13/11/2020 22:00","BZN|BG","4456.00","4585.00"
"13/11/2020 22:00 - 13/11/2020 23:00","BZN|BG","4164.00","4278.00"
"13/11/2020 23:00 - 14/11/2020 00:00","BZN|BG","3805.00","3790.00"
"14/11/2020 00:00 - 14/11/2020 01:00","BZN|BG","3577.00","3602.00"
"14/11/2020 01:00 - 14/11/2020 02:00","BZN|BG","3457.00","3483.00"
"14/11/2020 02:00 - 14/11/2020 03:00","BZN|BG","3387.00","3398.00"
"14/11/2020 03:00 - 14/11/2020 04:00","BZN|BG","3402.00","3464.00"
"14/11/2020 04:00 - 14/11/2020 05:00","BZN|BG","3487.00","3579.00"
"14/11/2020 05:00 - 14/11/2020 06:00","BZN|BG","3661.00","3771.00"
"14/11/2020 06:00 - 14/11/2020 07:00","BZN|BG","3802.00","4149.00"
"14/11/2020 07:00 - 14/11/2020 08:00","BZN|BG","4399.00","4501.00"
"14/11/2020 08:00 - 14/11/2020 09:00","BZN|BG","4657.00","4728.00"
"14/11/2020 09:00 - 14/11/2020 10:00","BZN|BG","4654.00","4690.00"
"14/11/2020 10:00 - 14/11/2020 11:00","BZN|BG","4584.00","4635.00"
"14/11/2020 11:00 - 14/11/2020 12:00","BZN|BG","4488.00","4537.00"
"14/11/2020 12:00 - 14/11/2020 13:00","BZN|BG","4384.00","4414.00"
"14/11/2020 13:00 - 14/11/2020 14:00","BZN|BG","4275.00","4342.00"
"14/11/2020 14:00 - 14/11/2020 15:00","BZN|BG","4283.00","4399.00"
"14/11/2020 15:00 - 14/11/2020 16:00","BZN|BG","4428.00","4561.00"
"14/11/2020 16:00 - 14/11/2020 17:00","BZN|BG","4934.00","4986.00"
"14/11/2020 17:00 - 14/11/2020 18:00","BZN|BG","5136.00","5189.00"
"14/11/2020 18:00 - 14/11/2020 19:00","BZN|BG","4977.00","5042.00"
"14/11/2020 19:00 - 14/11/2020 20:00","BZN|BG","4718.00","4750.00"
"14/11/2020 20:00 - 14/11/2020 21:00","BZN|BG","4466.00","4387.00"
"14/11/2020 21:00 - 14/11/2020 22:00","BZN|BG","4344.00","4305.00"
"14/11/2020 22:00 - 14/11/2020 23:00","BZN|BG","4086.00","4014.00"
"14/11/2020 23:00 - 15/11/2020 00:00","BZN|BG","3771.00","3744.00"
"15/11/2020 00:00 - 15/11/2020 01:00","BZN|BG","3565.00","3514.00"
"15/11/2020 01:00 - 15/11/2020 02:00","BZN|BG","3433.00","3409.00"
"15/11/2020 02:00 - 15/11/2020 03:00","BZN|BG","3368.00","3331.00"
"15/11/2020 03:00 - 15/11/2020 04:00","BZN|BG","3363.00","3297.00"
"15/11/2020 04:00 - 15/11/2020 05:00","BZN|BG","3424.00","3396.00"
"15/11/2020 05:00 - 15/11/2020 06:00","BZN|BG","3554.00","3540.00"
"15/11/2020 06:00 - 15/11/2020 07:00","BZN|BG","3844.00","3839.00"
"15/11/2020 07:00 - 15/11/2020 08:00","BZN|BG","4292.00","4238.00"
"15/11/2020 08:00 - 15/11/2020 09:00","BZN|BG","4561.00","4493.00"
"15/11/2020 09:00 - 15/11/2020 10:00","BZN|BG","4627.00","4525.00"
"15/11/2020 10:00 - 15/11/2020 11:00","BZN|BG","4576.00","4476.00"
"15/11/2020 11:00 - 15/11/2020 12:00","BZN|BG","4472.00","4424.00"
"15/11/2020 12:00 - 15/11/2020 13:00","BZN|BG","4369.00","4377.00"
"15/11/2020 13:00 - 15/11/2020 14:00","BZN|BG","4286.00","4315.00"
"15/11/2020 14:00 - 15/11/2020 15:00","BZN|BG","4321.00","4372.00"
"15/11/2020 15:00 - 15/11/2020 16:00","BZN|BG","4576.00","4600.00"
"15/11/2020 16:00 - 15/11/2020 17:00","BZN|BG","5189.00","5023.00"
"15/11/2020 17:00 - 15/11/2020 18:00","BZN|BG","5438.00","5230.00"
"15/11/2020 18:00 - 15/11/2020 19:00","BZN|BG","5289.00","5091.00"
"15/11/2020 19:00 - 15/11/2020 20:00","BZN|BG","4992.00","4825.00"
"15/11/2020 20:00 - 15/11/2020 21:00","BZN|BG","4692.00","4534.00"
"15/11/2020 21:00 - 15/11/2020 22:00","BZN|BG","4506.00","4292.00"
"15/11/2020 22:00 - 15/11/2020 23:00","BZN|BG","4162.00","3961.00"
"15/11/2020 23:00 - 16/11/2020 00:00","BZN|BG","3824.00","3876.00"
"16/11/2020 00:00 - 16/11/2020 01:00","BZN|BG","3636.00","3670.00"
"16/11/2020 01:00 - 16/11/2020 02:00","BZN|BG","3538.00","3587.00"
"16/11/2020 02:00 - 16/11/2020 03:00","BZN|BG","3513.00","3475.00"
"16/11/2020 03:00 - 16/11/2020 04:00","BZN|BG","3548.00","3518.00"
"16/11/2020 04:00 - 16/11/2020 05:00","BZN|BG","3742.00","3676.00"
"16/11/2020 05:00 - 16/11/2020 06:00","BZN|BG","4207.00","4102.00"
"16/11/2020 06:00 - 16/11/2020 07:00","BZN|BG","4735.00","4552.00"
"16/11/2020 07:00 - 16/11/2020 08:00","BZN|BG","5174.00","4964.00"
"16/11/2020 08:00 - 16/11/2020 09:00","BZN|BG","5362.00","5079.00"
"16/11/2020 09:00 - 16/11/2020 10:00","BZN|BG","5230.00","5011.00"
"16/11/2020 10:00 - 16/11/2020 11:00","BZN|BG","5109.00","4966.00"
"16/11/2020 11:00 - 16/11/2020 12:00","BZN|BG","4919.00","4873.00"
"16/11/2020 12:00 - 16/11/2020 13:00","BZN|BG","4868.00","4853.00"
"16/11/2020 13:00 - 16/11/2020 14:00","BZN|BG","4779.00","4790.00"
"16/11/2020 14:00 - 16/11/2020 15:00","BZN|BG","4799.00","4819.00"
"16/11/2020 15:00 - 16/11/2020 16:00","BZN|BG","4916.00","4921.00"
"16/11/2020 16:00 - 16/11/2020 17:00","BZN|BG","5312.00","5200.00"
"16/11/2020 17:00 - 16/11/2020 18:00","BZN|BG","5542.00","5474.00"
"16/11/2020 18:00 - 16/11/2020 19:00","BZN|BG","5474.00","5407.00"
"16/11/2020 19:00 - 16/11/2020 20:00","BZN|BG","5151.00","5213.00"
"16/11/2020 20:00 - 16/11/2020 21:00","BZN|BG","4859.00","4964.00"
"16/11/2020 21:00 - 16/11/2020 22:00","BZN|BG","4660.00","4762.00"
"16/11/2020 22:00 - 16/11/2020 23:00","BZN|BG","4337.00","4477.00"
"16/11/2020 23:00 - 17/11/2020 00:00","BZN|BG","3932.00","3865.00"
"17/11/2020 00:00 - 17/11/2020 01:00","BZN|BG","3690.00","3672.00"
"17/11/2020 01:00 - 17/11/2020 02:00","BZN|BG","3581.00","3591.00"
"17/11/2020 02:00 - 17/11/2020 03:00","BZN|BG","3552.00","3547.00"
"17/11/2020 03:00 - 17/11/2020 04:00","BZN|BG","3584.00","3579.00"
"17/11/2020 04:00 - 17/11/2020 05:00","BZN|BG","3733.00","3736.00"
"17/11/2020 05:00 - 17/11/2020 06:00","BZN|BG","4158.00","4173.00"
"17/11/2020 06:00 - 17/11/2020 07:00","BZN|BG","4617.00","4645.00"
"17/11/2020 07:00 - 17/11/2020 08:00","BZN|BG","5034.00","5049.00"
"17/11/2020 08:00 - 17/11/2020 09:00","BZN|BG","5213.00","5191.00"
"17/11/2020 09:00 - 17/11/2020 10:00","BZN|BG","5190.00","5021.00"
"17/11/2020 10:00 - 17/11/2020 11:00","BZN|BG","5124.00","4891.00"
"17/11/2020 11:00 - 17/11/2020 12:00","BZN|BG","4938.00","4693.00"
"17/11/2020 12:00 - 17/11/2020 13:00","BZN|BG","4913.00","4706.00"
"17/11/2020 13:00 - 17/11/2020 14:00","BZN|BG","4850.00","4642.00"
"17/11/2020 14:00 - 17/11/2020 15:00","BZN|BG","4891.00","4668.00"
"17/11/2020 15:00 - 17/11/2020 16:00","BZN|BG","5020.00","4772.00"
"17/11/2020 16:00 - 17/11/2020 17:00","BZN|BG","5363.00","5222.00"
"17/11/2020 17:00 - 17/11/2020 18:00","BZN|BG","5549.00","5548.00"
"17/11/2020 18:00 - 17/11/2020 19:00","BZN|BG","5436.00","5440.00"
"17/11/2020 19:00 - 17/11/2020 20:00","BZN|BG","5127.00","5153.00"
"17/11/2020 20:00 - 17/11/2020 21:00","BZN|BG","4806.00","4835.00"
"17/11/2020 21:00 - 17/11/2020 22:00","BZN|BG","4599.00","4600.00"
"17/11/2020 22:00 - 17/11/2020 23:00","BZN|BG","4268.00","4296.00"
"17/11/2020 23:00 - 18/11/2020 00:00","BZN|BG","3898.00","3907.00"
"18/11/2020 00:00 - 18/11/2020 01:00","BZN|BG","3668.00","3693.00"
"18/11/2020 01:00 - 18/11/2020 02:00","BZN|BG","3538.00","3600.00"
"18/11/2020 02:00 - 18/11/2020 03:00","BZN|BG","3488.00","3550.00"
"18/11/2020 03:00 - 18/11/2020 04:00","BZN|BG","3563.00","3581.00"
"18/11/2020 04:00 - 18/11/2020 05:00","BZN|BG","3706.00","3736.00"
"18/11/2020 05:00 - 18/11/2020 06:00","BZN|BG","4120.00","4164.00"
"18/11/2020 06:00 - 18/11/2020 07:00","BZN|BG","4589.00","4624.00"
"18/11/2020 07:00 - 18/11/2020 08:00","BZN|BG","5040.00","5038.00"
"18/11/2020 08:00 - 18/11/2020 09:00","BZN|BG","5286.00","5197.00"
"18/11/2020 09:00 - 18/11/2020 10:00","BZN|BG","5216.00","5051.00"
"18/11/2020 10:00 - 18/11/2020 11:00","BZN|BG","5250.00","4939.00"
"18/11/2020 11:00 - 18/11/2020 12:00","BZN|BG","5155.00","4751.00"
"18/11/2020 12:00 - 18/11/2020 13:00","BZN|BG","5135.00","4758.00"
"18/11/2020 13:00 - 18/11/2020 14:00","BZN|BG","5072.00","4689.00"
"18/11/2020 14:00 - 18/11/2020 15:00","BZN|BG","5114.00","4707.00"
"18/11/2020 15:00 - 18/11/2020 16:00","BZN|BG","5190.00","4807.00"
"18/11/2020 16:00 - 18/11/2020 17:00","BZN|BG","5445.00","5262.00"
"18/11/2020 17:00 - 18/11/2020 18:00","BZN|BG","5587.00","5575.00"
"18/11/2020 18:00 - 18/11/2020 19:00","BZN|BG","5440.00","5461.00"
"18/11/2020 19:00 - 18/11/2020 20:00","BZN|BG","5177.00","5182.00"
"18/11/2020 20:00 - 18/11/2020 21:00","BZN|BG","4859.00","4875.00"
"18/11/2020 21:00 - 18/11/2020 22:00","BZN|BG","4602.00","4633.00"
"18/11/2020 22:00 - 18/11/2020 23:00","BZN|BG","4278.00","4322.00"
"18/11/2020 23:00 - 19/11/2020 00:00","BZN|BG","3906.00","3942.00"
"19/11/2020 00:00 - 19/11/2020 01:00","BZN|BG","3675.00","3702.00"
"19/11/2020 01:00 - 19/11/2020 02:00","BZN|BG","3563.00","3599.00"
"19/11/2020 02:00 - 19/11/2020 03:00","BZN|BG","3491.00","3547.00"
"19/11/2020 03:00 - 19/11/2020 04:00","BZN|BG","3515.00","3584.00"
"19/11/2020 04:00 - 19/11/2020 05:00","BZN|BG","3678.00","3749.00"
"19/11/2020 05:00 - 19/11/2020 06:00","BZN|BG","4066.00","4211.00"
"19/11/2020 06:00 - 19/11/2020 07:00","BZN|BG","4551.00","4709.00"
"19/11/2020 07:00 - 19/11/2020 08:00","BZN|BG","4952.00","5157.00"
"19/11/2020 08:00 - 19/11/2020 09:00","BZN|BG","5073.00","5343.00"
"19/11/2020 09:00 - 19/11/2020 10:00","BZN|BG","4932.00","5267.00"
"19/11/2020 10:00 - 19/11/2020 11:00","BZN|BG","4868.00","5198.00"
"19/11/2020 11:00 - 19/11/2020 12:00","BZN|BG","4769.00","5069.00"
"19/11/2020 12:00 - 19/11/2020 13:00","BZN|BG","4733.00","5064.00"
"19/11/2020 13:00 - 19/11/2020 14:00","BZN|BG","4705.00","5019.00"
"19/11/2020 14:00 - 19/11/2020 15:00","BZN|BG","4781.00","5032.00"
"19/11/2020 15:00 - 19/11/2020 16:00","BZN|BG","4932.00","5120.00"
"19/11/2020 16:00 - 19/11/2020 17:00","BZN|BG","5290.00","5483.00"
"19/11/2020 17:00 - 19/11/2020 18:00","BZN|BG","5517.00","5726.00"
"19/11/2020 18:00 - 19/11/2020 19:00","BZN|BG","5416.00","5595.00"
"19/11/2020 19:00 - 19/11/2020 20:00","BZN|BG","5150.00","5277.00"
"19/11/2020 20:00 - 19/11/2020 21:00","BZN|BG","4863.00","4928.00"
"19/11/2020 21:00 - 19/11/2020 22:00","BZN|BG","4621.00","4667.00"
"19/11/2020 22:00 - 19/11/2020 23:00","BZN|BG","4289.00","4317.00"
"19/11/2020 23:00 - 20/11/2020 00:00","BZN|BG","3953.00","3994.00"
"20/11/2020 00:00 - 20/11/2020 01:00","BZN|BG","3709.00","3732.00"
"20/11/2020 01:00 - 20/11/2020 02:00","BZN|BG","3601.00","3610.00"
"20/11/2020 02:00 - 20/11/2020 03:00","BZN|BG","3568.00","3553.00"
"20/11/2020 03:00 - 20/11/2020 04:00","BZN|BG","3599.00","3597.00"
"20/11/2020 04:00 - 20/11/2020 05:00","BZN|BG","3765.00","3755.00"
"20/11/2020 05:00 - 20/11/2020 06:00","BZN|BG","4191.00","4202.00"
"20/11/2020 06:00 - 20/11/2020 07:00","BZN|BG","4701.00","4686.00"
"20/11/2020 07:00 - 20/11/2020 08:00","BZN|BG","5178.00","5129.00"
"20/11/2020 08:00 - 20/11/2020 09:00","BZN|BG","5347.00","5322.00"
"20/11/2020 09:00 - 20/11/2020 10:00","BZN|BG","5256.00","5270.00"
"20/11/2020 10:00 - 20/11/2020 11:00","BZN|BG","5172.00","5236.00"
"20/11/2020 11:00 - 20/11/2020 12:00","BZN|BG","5040.00","5154.00"
"20/11/2020 12:00 - 20/11/2020 13:00","BZN|BG","4994.00","5146.00"
"20/11/2020 13:00 - 20/11/2020 14:00","BZN|BG","4910.00","5113.00"
"20/11/2020 14:00 - 20/11/2020 15:00","BZN|BG","4909.00","5129.00"
"20/11/2020 15:00 - 20/11/2020 16:00","BZN|BG","5052.00","5200.00"
"20/11/2020 16:00 - 20/11/2020 17:00","BZN|BG","5376.00","5495.00"
"20/11/2020 17:00 - 20/11/2020 18:00","BZN|BG","5552.00","5689.00"
"20/11/2020 18:00 - 20/11/2020 19:00","BZN|BG","5438.00","5566.00"
"20/11/2020 19:00 - 20/11/2020 20:00","BZN|BG","5161.00","5279.00"
"20/11/2020 20:00 - 20/11/2020 21:00","BZN|BG","4879.00","4963.00"
"20/11/2020 21:00 - 20/11/2020 22:00","BZN|BG","4663.00","4721.00"
"20/11/2020 22:00 - 20/11/2020 23:00","BZN|BG","4405.00","4401.00"
"20/11/2020 23:00 - 21/11/2020 00:00","BZN|BG","4030.00","3952.00"
"21/11/2020 00:00 - 21/11/2020 01:00","BZN|BG","3776.00","3729.00"
"21/11/2020 01:00 - 21/11/2020 02:00","BZN|BG","3656.00","3616.00"
"21/11/2020 02:00 - 21/11/2020 03:00","BZN|BG","3596.00","3550.00"
"21/11/2020 03:00 - 21/11/2020 04:00","BZN|BG","3611.00","3570.00"
"21/11/2020 04:00 - 21/11/2020 05:00","BZN|BG","3657.00","3688.00"
"21/11/2020 05:00 - 21/11/2020 06:00","BZN|BG","3844.00","3911.00"
"21/11/2020 06:00 - 21/11/2020 07:00","BZN|BG","4162.00","4260.00"
"21/11/2020 07:00 - 21/11/2020 08:00","BZN|BG","4681.00","4786.00"
"21/11/2020 08:00 - 21/11/2020 09:00","BZN|BG","5011.00","5083.00"
"21/11/2020 09:00 - 21/11/2020 10:00","BZN|BG","5091.00","5054.00"
"21/11/2020 10:00 - 21/11/2020 11:00","BZN|BG","5129.00","4977.00"
"21/11/2020 11:00 - 21/11/2020 12:00","BZN|BG","5073.00","4880.00"
"21/11/2020 12:00 - 21/11/2020 13:00","BZN|BG","5010.00","4795.00"
"21/11/2020 13:00 - 21/11/2020 14:00","BZN|BG","4929.00","4732.00"
"21/11/2020 14:00 - 21/11/2020 15:00","BZN|BG","4950.00","4761.00"
"21/11/2020 15:00 - 21/11/2020 16:00","BZN|BG","5132.00","4901.00"
"21/11/2020 16:00 - 21/11/2020 17:00","BZN|BG","5473.00","5288.00"
"21/11/2020 17:00 - 21/11/2020 18:00","BZN|BG","5497.00","5440.00"
"21/11/2020 18:00 - 21/11/2020 19:00","BZN|BG","5331.00","5269.00"
"21/11/2020 19:00 - 21/11/2020 20:00","BZN|BG","5067.00","4963.00"
"21/11/2020 20:00 - 21/11/2020 21:00","BZN|BG","4752.00","4667.00"
"21/11/2020 21:00 - 21/11/2020 22:00","BZN|BG","4669.00","4540.00"
"21/11/2020 22:00 - 21/11/2020 23:00","BZN|BG","4425.00","4245.00"
"21/11/2020 23:00 - 22/11/2020 00:00","BZN|BG","4044.00","3906.00"
"22/11/2020 00:00 - 22/11/2020 01:00","BZN|BG","3798.00","3683.00"
"22/11/2020 01:00 - 22/11/2020 02:00","BZN|BG","3734.00","3568.00"
"22/11/2020 02:00 - 22/11/2020 03:00","BZN|BG","3647.00","3503.00"
"22/11/2020 03:00 - 22/11/2020 04:00","BZN|BG","3664.00","3498.00"
"22/11/2020 04:00 - 22/11/2020 05:00","BZN|BG","3723.00","3566.00"
"22/11/2020 05:00 - 22/11/2020 06:00","BZN|BG","3805.00","3724.00"
"22/11/2020 06:00 - 22/11/2020 07:00","BZN|BG","4095.00","4051.00"
"22/11/2020 07:00 - 22/11/2020 08:00","BZN|BG","4581.00","4524.00"
"22/11/2020 08:00 - 22/11/2020 09:00","BZN|BG","4845.00","4800.00"
"22/11/2020 09:00 - 22/11/2020 10:00","BZN|BG","4864.00","4877.00"
"22/11/2020 10:00 - 22/11/2020 11:00","BZN|BG","4751.00","4824.00"
"22/11/2020 11:00 - 22/11/2020 12:00","BZN|BG","4706.00","4773.00"
"22/11/2020 12:00 - 22/11/2020 13:00","BZN|BG","4599.00","4686.00"
"22/11/2020 13:00 - 22/11/2020 14:00","BZN|BG","4516.00","4641.00"
"22/11/2020 14:00 - 22/11/2020 15:00","BZN|BG","4569.00","4704.00"
"22/11/2020 15:00 - 22/11/2020 16:00","BZN|BG","4884.00","4918.00"
"22/11/2020 16:00 - 22/11/2020 17:00","BZN|BG","5511.00","5364.00"
"22/11/2020 17:00 - 22/11/2020 18:00","BZN|BG","5736.00","5545.00"
"22/11/2020 18:00 - 22/11/2020 19:00","BZN|BG","5580.00","5400.00"
"22/11/2020 19:00 - 22/11/2020 20:00","BZN|BG","5311.00","5114.00"
"22/11/2020 20:00 - 22/11/2020 21:00","BZN|BG","4998.00","4804.00"
"22/11/2020 21:00 - 22/11/2020 22:00","BZN|BG","4823.00","4629.00"
"22/11/2020 22:00 - 22/11/2020 23:00","BZN|BG","4469.00","4300.00"
"22/11/2020 23:00 - 23/11/2020 00:00","BZN|BG","4110.00","4013.00"
"23/11/2020 00:00 - 23/11/2020 01:00","BZN|BG","3885.00","3775.00"
"23/11/2020 01:00 - 23/11/2020 02:00","BZN|BG","3773.00","3663.00"
"23/11/2020 02:00 - 23/11/2020 03:00","BZN|BG","3763.00","3626.00"
"23/11/2020 03:00 - 23/11/2020 04:00","BZN|BG","3839.00","3663.00"
"23/11/2020 04:00 - 23/11/2020 05:00","BZN|BG","4035.00","3871.00"
"23/11/2020 05:00 - 23/11/2020 06:00","BZN|BG","4548.00","4347.00"
"23/11/2020 06:00 - 23/11/2020 07:00","BZN|BG","5107.00","4877.00"
"23/11/2020 07:00 - 23/11/2020 08:00","BZN|BG","5544.00","5273.00"
"23/11/2020 08:00 - 23/11/2020 09:00","BZN|BG","5731.00","5394.00"
"23/11/2020 09:00 - 23/11/2020 10:00","BZN|BG","5638.00","5357.00"
"23/11/2020 10:00 - 23/11/2020 11:00","BZN|BG","5508.00","5327.00"
"23/11/2020 11:00 - 23/11/2020 12:00","BZN|BG","5291.00","5288.00"
"23/11/2020 12:00 - 23/11/2020 13:00","BZN|BG","5202.00","5280.00"
"23/11/2020 13:00 - 23/11/2020 14:00","BZN|BG","5101.00","5265.00"
"23/11/2020 14:00 - 23/11/2020 15:00","BZN|BG","5112.00","5329.00"
"23/11/2020 15:00 - 23/11/2020 16:00","BZN|BG","5261.00","5424.00"
"23/11/2020 16:00 - 23/11/2020 17:00","BZN|BG","5672.00","5673.00"
"23/11/2020 17:00 - 23/11/2020 18:00","BZN|BG","5866.00","5813.00"
"23/11/2020 18:00 - 23/11/2020 19:00","BZN|BG","5791.00","5747.00"
"23/11/2020 19:00 - 23/11/2020 20:00","BZN|BG","5527.00","5396.00"
"23/11/2020 20:00 - 23/11/2020 21:00","BZN|BG","5190.00","5082.00"
"23/11/2020 21:00 - 23/11/2020 22:00","BZN|BG","5004.00","4889.00"
"23/11/2020 22:00 - 23/11/2020 23:00","BZN|BG","4680.00","4525.00"
"23/11/2020 23:00 - 24/11/2020 00:00","BZN|BG","4278.00","4120.00"
"24/11/2020 00:00 - 24/11/2020 01:00","BZN|BG","4044.00","3968.00"
"24/11/2020 01:00 - 24/11/2020 02:00","BZN|BG","3927.00","3897.00"
"24/11/2020 02:00 - 24/11/2020 03:00","BZN|BG","3897.00","3861.00"
"24/11/2020 03:00 - 24/11/2020 04:00","BZN|BG","3947.00","3901.00"
"24/11/2020 04:00 - 24/11/2020 05:00","BZN|BG","4089.00","4043.00"
"24/11/2020 05:00 - 24/11/2020 06:00","BZN|BG","4520.00","4440.00"
"24/11/2020 06:00 - 24/11/2020 07:00","BZN|BG","5058.00","4885.00"
"24/11/2020 07:00 - 24/11/2020 08:00","BZN|BG","5532.00","5294.00"
"24/11/2020 08:00 - 24/11/2020 09:00","BZN|BG","5715.00","5462.00"
"24/11/2020 09:00 - 24/11/2020 10:00","BZN|BG","5625.00","5368.00"
"24/11/2020 10:00 - 24/11/2020 11:00","BZN|BG","5499.00","5320.00"
"24/11/2020 11:00 - 24/11/2020 12:00","BZN|BG","5376.00","5172.00"
"24/11/2020 12:00 - 24/11/2020 13:00","BZN|BG","5332.00","5138.00"
"24/11/2020 13:00 - 24/11/2020 14:00","BZN|BG","5246.00","5084.00"
"24/11/2020 14:00 - 24/11/2020 15:00","BZN|BG","5282.00","5123.00"
"24/11/2020 15:00 - 24/11/2020 16:00","BZN|BG","5425.00","5266.00"
"24/11/2020 16:00 - 24/11/2020 17:00","BZN|BG","5798.00","5687.00"
"24/11/2020 17:00 - 24/11/2020 18:00","BZN|BG","6004.00","5928.00"
"24/11/2020 18:00 - 24/11/2020 19:00","BZN|BG","5929.00","5812.00"
"24/11/2020 19:00 - 24/11/2020 20:00","BZN|BG","5670.00","5535.00"
"24/11/2020 20:00 - 24/11/2020 21:00","BZN|BG","5325.00","5237.00"
"24/11/2020 21:00 - 24/11/2020 22:00","BZN|BG","5145.00","5011.00"
"24/11/2020 22:00 - 24/11/2020 23:00","BZN|BG","4775.00","4716.00"
"24/11/2020 23:00 - 25/11/2020 00:00","BZN|BG","4394.00","4164.00"
"25/11/2020 00:00 - 25/11/2020 01:00","BZN|BG","4176.00","4003.00"
"25/11/2020 01:00 - 25/11/2020 02:00","BZN|BG","4062.00","3926.00"
"25/11/2020 02:00 - 25/11/2020 03:00","BZN|BG","3999.00","3892.00"
"25/11/2020 03:00 - 25/11/2020 04:00","BZN|BG","4040.00","3945.00"
"25/11/2020 04:00 - 25/11/2020 05:00","BZN|BG","4215.00","4099.00"
"25/11/2020 05:00 - 25/11/2020 06:00","BZN|BG","4667.00","4534.00"
"25/11/2020 06:00 - 25/11/2020 07:00","BZN|BG","5218.00","5030.00"
"25/11/2020 07:00 - 25/11/2020 08:00","BZN|BG","5711.00","5482.00"
"25/11/2020 08:00 - 25/11/2020 09:00","BZN|BG","5844.00","5678.00"
"25/11/2020 09:00 - 25/11/2020 10:00","BZN|BG","5756.00","5523.00"
"25/11/2020 10:00 - 25/11/2020 11:00","BZN|BG","5607.00","5449.00"
"25/11/2020 11:00 - 25/11/2020 12:00","BZN|BG","5418.00","5230.00"
"25/11/2020 12:00 - 25/11/2020 13:00","BZN|BG","5328.00","5163.00"
"25/11/2020 13:00 - 25/11/2020 14:00","BZN|BG","5208.00","5083.00"
"25/11/2020 14:00 - 25/11/2020 15:00","BZN|BG","5244.00","5125.00"
"25/11/2020 15:00 - 25/11/2020 16:00","BZN|BG","5418.00","5273.00"
"25/11/2020 16:00 - 25/11/2020 17:00","BZN|BG","5837.00","5677.00"
"25/11/2020 17:00 - 25/11/2020 18:00","BZN|BG","6048.00","5901.00"
"25/11/2020 18:00 - 25/11/2020 19:00","BZN|BG","5976.00","5785.00"
"25/11/2020 19:00 - 25/11/2020 20:00","BZN|BG","5736.00","5509.00"
"25/11/2020 20:00 - 25/11/2020 21:00","BZN|BG","5409.00","5214.00"
"25/11/2020 21:00 - 25/11/2020 22:00","BZN|BG","5166.00","4989.00"
"25/11/2020 22:00 - 25/11/2020 23:00","BZN|BG","4802.00","4691.00"
"25/11/2020 23:00 - 26/11/2020 00:00","BZN|BG","4404.00","4411.00"
"26/11/2020 00:00 - 26/11/2020 01:00","BZN|BG","4175.00","4173.00"
"26/11/2020 01:00 - 26/11/2020 02:00","BZN|BG","4083.00","4058.00"
"26/11/2020 02:00 - 26/11/2020 03:00","BZN|BG","4049.00","4011.00"
"26/11/2020 03:00 - 26/11/2020 04:00","BZN|BG","4088.00","4062.00"
"26/11/2020 04:00 - 26/11/2020 05:00","BZN|BG","4255.00","4209.00"
"26/11/2020 05:00 - 26/11/2020 06:00","BZN|BG","4727.00","4632.00"
"26/11/2020 06:00 - 26/11/2020 07:00","BZN|BG","5318.00","5122.00"
"26/11/2020 07:00 - 26/11/2020 08:00","BZN|BG","5776.00","5553.00"
"26/11/2020 08:00 - 26/11/2020 09:00","BZN|BG","5916.00","5735.00"
"26/11/2020 09:00 - 26/11/2020 10:00","BZN|BG","5741.00","5632.00"
"26/11/2020 10:00 - 26/11/2020 11:00","BZN|BG","5584.00","5573.00"
"26/11/2020 11:00 - 26/11/2020 12:00","BZN|BG","5362.00","5447.00"
"26/11/2020 12:00 - 26/11/2020 13:00","BZN|BG","5273.00","5417.00"
"26/11/2020 13:00 - 26/11/2020 14:00","BZN|BG","5188.00","5366.00"
"26/11/2020 14:00 - 26/11/2020 15:00","BZN|BG","5199.00","5410.00"
"26/11/2020 15:00 - 26/11/2020 16:00","BZN|BG","5384.00","5543.00"
"26/11/2020 16:00 - 26/11/2020 17:00","BZN|BG","5838.00","5887.00"
"26/11/2020 17:00 - 26/11/2020 18:00","BZN|BG","6065.00","6082.00"
"26/11/2020 18:00 - 26/11/2020 19:00","BZN|BG","5970.00","5980.00"
"26/11/2020 19:00 - 26/11/2020 20:00","BZN|BG","5730.00","5720.00"
"26/11/2020 20:00 - 26/11/2020 21:00","BZN|BG","5416.00","5428.00"
"26/11/2020 21:00 - 26/11/2020 22:00","BZN|BG","5167.00","5220.00"
"26/11/2020 22:00 - 26/11/2020 23:00","BZN|BG","4831.00","4923.00"
"26/11/2020 23:00 - 27/11/2020 00:00","BZN|BG","4422.00","4389.00"
"27/11/2020 00:00 - 27/11/2020 01:00","BZN|BG","4183.00","4152.00"
"27/11/2020 01:00 - 27/11/2020 02:00","BZN|BG","4074.00","4037.00"
"27/11/2020 02:00 - 27/11/2020 03:00","BZN|BG","4046.00","3990.00"
"27/11/2020 03:00 - 27/11/2020 04:00","BZN|BG","4106.00","4040.00"
"27/11/2020 04:00 - 27/11/2020 05:00","BZN|BG","4273.00","4186.00"
"27/11/2020 05:00 - 27/11/2020 06:00","BZN|BG","4708.00","4604.00"
"27/11/2020 06:00 - 27/11/2020 07:00","BZN|BG","5277.00","5089.00"
"27/11/2020 07:00 - 27/11/2020 08:00","BZN|BG","5780.00","5514.00"
"27/11/2020 08:00 - 27/11/2020 09:00","BZN|BG","5908.00","5694.00"
"27/11/2020 09:00 - 27/11/2020 10:00","BZN|BG","5741.00","5593.00"
"27/11/2020 10:00 - 27/11/2020 11:00","BZN|BG","5556.00","5535.00"
"27/11/2020 11:00 - 27/11/2020 12:00","BZN|BG","5353.00","5413.00"
"27/11/2020 12:00 - 27/11/2020 13:00","BZN|BG","5247.00","5384.00"
"27/11/2020 13:00 - 27/11/2020 14:00","BZN|BG","5128.00","5333.00"
"27/11/2020 14:00 - 27/11/2020 15:00","BZN|BG","5143.00","5377.00"
"27/11/2020 15:00 - 27/11/2020 16:00","BZN|BG","5317.00","5511.00"
"27/11/2020 16:00 - 27/11/2020 17:00","BZN|BG","5759.00","5855.00"
"27/11/2020 17:00 - 27/11/2020 18:00","BZN|BG","5960.00","6050.00"
"27/11/2020 18:00 - 27/11/2020 19:00","BZN|BG","5868.00","5948.00"
"27/11/2020 19:00 - 27/11/2020 20:00","BZN|BG","5576.00","5690.00"
"27/11/2020 20:00 - 27/11/2020 21:00","BZN|BG","5302.00","5399.00"
"27/11/2020 21:00 - 27/11/2020 22:00","BZN|BG","5142.00","5191.00"
"27/11/2020 22:00 - 27/11/2020 23:00","BZN|BG","4841.00","4895.00"
"27/11/2020 23:00 - 28/11/2020 00:00","BZN|BG","4476.00","4362.00"
"28/11/2020 00:00 - 28/11/2020 01:00","BZN|BG","4245.00","4129.00"
"28/11/2020 01:00 - 28/11/2020 02:00","BZN|BG","4137.00","4024.00"
"28/11/2020 02:00 - 28/11/2020 03:00","BZN|BG","4062.00","3967.00"
"28/11/2020 03:00 - 28/11/2020 04:00","BZN|BG","4085.00","3982.00"
"28/11/2020 04:00 - 28/11/2020 05:00","BZN|BG","4162.00","4041.00"
"28/11/2020 05:00 - 28/11/2020 06:00","BZN|BG","4339.00","4212.00"
"28/11/2020 06:00 - 28/11/2020 07:00","BZN|BG","4658.00","4539.00"
"28/11/2020 07:00 - 28/11/2020 08:00","BZN|BG","5116.00","5040.00"
"28/11/2020 08:00 - 28/11/2020 09:00","BZN|BG","5363.00","5342.00"
"28/11/2020 09:00 - 28/11/2020 10:00","BZN|BG","5283.00","5386.00"
"28/11/2020 10:00 - 28/11/2020 11:00","BZN|BG","5127.00","5403.00"
"28/11/2020 11:00 - 28/11/2020 12:00","BZN|BG","4951.00","5231.00"
"28/11/2020 12:00 - 28/11/2020 13:00","BZN|BG","4791.00","5048.00"
"28/11/2020 13:00 - 28/11/2020 14:00","BZN|BG","4650.00","4763.00"
"28/11/2020 14:00 - 28/11/2020 15:00","BZN|BG","4695.00","4837.00"
"28/11/2020 15:00 - 28/11/2020 16:00","BZN|BG","5002.00","5136.00"
"28/11/2020 16:00 - 28/11/2020 17:00","BZN|BG","5567.00","5645.00"
"28/11/2020 17:00 - 28/11/2020 18:00","BZN|BG","5685.00","5687.00"
"28/11/2020 18:00 - 28/11/2020 19:00","BZN|BG","5502.00","5513.00"
"28/11/2020 19:00 - 28/11/2020 20:00","BZN|BG","5186.00","5229.00"
"28/11/2020 20:00 - 28/11/2020 21:00","BZN|BG","4915.00","4912.00"
"28/11/2020 21:00 - 28/11/2020 22:00","BZN|BG","4843.00","4849.00"
"28/11/2020 22:00 - 28/11/2020 23:00","BZN|BG","4589.00","4583.00"
"28/11/2020 23:00 - 29/11/2020 00:00","BZN|BG","4255.00","4442.00"
"29/11/2020 00:00 - 29/11/2020 01:00","BZN|BG","4054.00","4120.00"
"29/11/2020 01:00 - 29/11/2020 02:00","BZN|BG","3907.00","4046.00"
"29/11/2020 02:00 - 29/11/2020 03:00","BZN|BG","3865.00","3944.00"
"29/11/2020 03:00 - 29/11/2020 04:00","BZN|BG","3868.00","3971.00"
"29/11/2020 04:00 - 29/11/2020 05:00","BZN|BG","3927.00","4051.00"
"29/11/2020 05:00 - 29/11/2020 06:00","BZN|BG","4070.00","4159.00"
"29/11/2020 06:00 - 29/11/2020 07:00","BZN|BG","4292.00","4507.00"
"29/11/2020 07:00 - 29/11/2020 08:00","BZN|BG","4731.00","5022.00"
"29/11/2020 08:00 - 29/11/2020 09:00","BZN|BG","5087.00","5248.00"
"29/11/2020 09:00 - 29/11/2020 10:00","BZN|BG","5171.00","5207.00"
"29/11/2020 10:00 - 29/11/2020 11:00","BZN|BG","5147.00","5027.00"
"29/11/2020 11:00 - 29/11/2020 12:00","BZN|BG","5075.00","5010.00"
"29/11/2020 12:00 - 29/11/2020 13:00","BZN|BG","4944.00","4885.00"
"29/11/2020 13:00 - 29/11/2020 14:00","BZN|BG","4870.00","4826.00"
"29/11/2020 14:00 - 29/11/2020 15:00","BZN|BG","4928.00","4917.00"
"29/11/2020 15:00 - 29/11/2020 16:00","BZN|BG","5264.00","5169.00"
"29/11/2020 16:00 - 29/11/2020 17:00","BZN|BG","5700.00","5634.00"
"29/11/2020 17:00 - 29/11/2020 18:00","BZN|BG","5796.00","5792.00"
"29/11/2020 18:00 - 29/11/2020 19:00","BZN|BG","5548.00","5675.00"
"29/11/2020 19:00 - 29/11/2020 20:00","BZN|BG","5279.00","5456.00"
"29/11/2020 20:00 - 29/11/2020 21:00","BZN|BG","5006.00","5213.00"
"29/11/2020 21:00 - 29/11/2020 22:00","BZN|BG","4817.00","5071.00"
"29/11/2020 22:00 - 29/11/2020 23:00","BZN|BG","4491.00","4807.00"
"29/11/2020 23:00 - 30/11/2020 00:00","BZN|BG","4182.00","4300.00"
"30/11/2020 00:00 - 30/11/2020 01:00","BZN|BG","3984.00","4052.00"
"30/11/2020 01:00 - 30/11/2020 02:00","BZN|BG","3903.00","3931.00"
"30/11/2020 02:00 - 30/11/2020 03:00","BZN|BG","3879.00","3915.00"
"30/11/2020 03:00 - 30/11/2020 04:00","BZN|BG","3940.00","3984.00"
"30/11/2020 04:00 - 30/11/2020 05:00","BZN|BG","4107.00","4189.00"
"30/11/2020 05:00 - 30/11/2020 06:00","BZN|BG","4518.00","4686.00"
"30/11/2020 06:00 - 30/11/2020 07:00","BZN|BG","5104.00","5238.00"
"30/11/2020 07:00 - 30/11/2020 08:00","BZN|BG","5780.00","5622.00"
"30/11/2020 08:00 - 30/11/2020 09:00","BZN|BG","6111.00","5731.00"
"30/11/2020 09:00 - 30/11/2020 10:00","BZN|BG","6180.00","5685.00"
"30/11/2020 10:00 - 30/11/2020 11:00","BZN|BG","6193.00","5638.00"
"30/11/2020 11:00 - 30/11/2020 12:00","BZN|BG","6108.00","5570.00"
"30/11/2020 12:00 - 30/11/2020 13:00","BZN|BG","6072.00","5547.00"
"30/11/2020 13:00 - 30/11/2020 14:00","BZN|BG","5976.00","5531.00"
"30/11/2020 14:00 - 30/11/2020 15:00","BZN|BG","5927.00","5593.00"
"30/11/2020 15:00 - 30/11/2020 16:00","BZN|BG","5987.00","5722.00"
"30/11/2020 16:00 - 30/11/2020 17:00","BZN|BG","6161.00","6017.00"
"30/11/2020 17:00 - 30/11/2020 18:00","BZN|BG","6206.00","6163.00"
"30/11/2020 18:00 - 30/11/2020 19:00","BZN|BG","6087.00","6105.00"
"30/11/2020 19:00 - 30/11/2020 20:00","BZN|BG","5827.00","5835.00"
"30/11/2020 20:00 - 30/11/2020 21:00","BZN|BG","5477.00","5482.00"
"30/11/2020 21:00 - 30/11/2020 22:00","BZN|BG","5296.00","5292.00"
"30/11/2020 22:00 - 30/11/2020 23:00","BZN|BG","5001.00","4966.00"
"30/11/2020 23:00 - 01/12/2020 00:00","BZN|BG","4618.00","4501.00"
"01/12/2020 00:00 - 01/12/2020 01:00","BZN|BG","4398.00","4261.00"
"01/12/2020 01:00 - 01/12/2020 02:00","BZN|BG","4282.00","4155.00"
"01/12/2020 02:00 - 01/12/2020 03:00","BZN|BG","4200.00","4111.00"
"01/12/2020 03:00 - 01/12/2020 04:00","BZN|BG","4256.00","4163.00"
"01/12/2020 04:00 - 01/12/2020 05:00","BZN|BG","4414.00","4357.00"
"01/12/2020 05:00 - 01/12/2020 06:00","BZN|BG","4784.00","4879.00"
"01/12/2020 06:00 - 01/12/2020 07:00","BZN|BG","5331.00","5519.00"
"01/12/2020 07:00 - 01/12/2020 08:00","BZN|BG","5965.00","6009.00"
"01/12/2020 08:00 - 01/12/2020 09:00","BZN|BG","6196.00","6117.00"
"01/12/2020 09:00 - 01/12/2020 10:00","BZN|BG","6133.00","6057.00"
"01/12/2020 10:00 - 01/12/2020 11:00","BZN|BG","6049.00","6002.00"
"01/12/2020 11:00 - 01/12/2020 12:00","BZN|BG","5902.00","5939.00"
"01/12/2020 12:00 - 01/12/2020 13:00","BZN|BG","5798.00","5923.00"
"01/12/2020 13:00 - 01/12/2020 14:00","BZN|BG","5713.00","5904.00"
"01/12/2020 14:00 - 01/12/2020 15:00","BZN|BG","5741.00","5945.00"
"01/12/2020 15:00 - 01/12/2020 16:00","BZN|BG","5869.00","6048.00"
"01/12/2020 16:00 - 01/12/2020 17:00","BZN|BG","6180.00","6251.00"
"01/12/2020 17:00 - 01/12/2020 18:00","BZN|BG","6317.00","6355.00"
"01/12/2020 18:00 - 01/12/2020 19:00","BZN|BG","6231.00","6273.00"
"01/12/2020 19:00 - 01/12/2020 20:00","BZN|BG","5974.00","5996.00"
"01/12/2020 20:00 - 01/12/2020 21:00","BZN|BG","5685.00","5665.00"
"01/12/2020 21:00 - 01/12/2020 22:00","BZN|BG","5437.00","5433.00"
"01/12/2020 22:00 - 01/12/2020 23:00","BZN|BG","5140.00","5086.00"
"01/12/2020 23:00 - 02/12/2020 00:00","BZN|BG","4726.00","4709.00"
"02/12/2020 00:00 - 02/12/2020 01:00","BZN|BG","4485.00","4467.00"
"02/12/2020 01:00 - 02/12/2020 02:00","BZN|BG","4386.00","4357.00"
"02/12/2020 02:00 - 02/12/2020 03:00","BZN|BG","4339.00","4313.00"
"02/12/2020 03:00 - 02/12/2020 04:00","BZN|BG","4380.00","4360.00"
"02/12/2020 04:00 - 02/12/2020 05:00","BZN|BG","4539.00","4537.00"
"02/12/2020 05:00 - 02/12/2020 06:00","BZN|BG","4943.00","5009.00"
"02/12/2020 06:00 - 02/12/2020 07:00","BZN|BG","5488.00","5594.00"
"02/12/2020 07:00 - 02/12/2020 08:00","BZN|BG","6121.00","6029.00"
"02/12/2020 08:00 - 02/12/2020 09:00","BZN|BG","6318.00","6119.00"
"02/12/2020 09:00 - 02/12/2020 10:00","BZN|BG","6207.00","6033.00"
"02/12/2020 10:00 - 02/12/2020 11:00","BZN|BG","6126.00","5953.00"
"02/12/2020 11:00 - 02/12/2020 12:00","BZN|BG","5996.00","5862.00"
"02/12/2020 12:00 - 02/12/2020 13:00","BZN|BG","5911.00","5838.00"
"02/12/2020 13:00 - 02/12/2020 14:00","BZN|BG","5795.00","5812.00"
"02/12/2020 14:00 - 02/12/2020 15:00","BZN|BG","5760.00","5869.00"
"02/12/2020 15:00 - 02/12/2020 16:00","BZN|BG","5897.00","6002.00"
"02/12/2020 16:00 - 02/12/2020 17:00","BZN|BG","6228.00","6265.00"
"02/12/2020 17:00 - 02/12/2020 18:00","BZN|BG","6392.00","6404.00"
"02/12/2020 18:00 - 02/12/2020 19:00","BZN|BG","6270.00","6330.00"
"02/12/2020 19:00 - 02/12/2020 20:00","BZN|BG","5974.00","6065.00"
"02/12/2020 20:00 - 02/12/2020 21:00","BZN|BG","5665.00","5737.00"
"02/12/2020 21:00 - 02/12/2020 22:00","BZN|BG","5401.00","5512.00"
"02/12/2020 22:00 - 02/12/2020 23:00","BZN|BG","5066.00","5160.00"
"02/12/2020 23:00 - 03/12/2020 00:00","BZN|BG","4686.00","4715.00"
"03/12/2020 00:00 - 03/12/2020 01:00","BZN|BG","4460.00","4483.00"
"03/12/2020 01:00 - 03/12/2020 02:00","BZN|BG","4313.00","4377.00"
"03/12/2020 02:00 - 03/12/2020 03:00","BZN|BG","4269.00","4326.00"
"03/12/2020 03:00 - 03/12/2020 04:00","BZN|BG","4304.00","4376.00"
"03/12/2020 04:00 - 03/12/2020 05:00","BZN|BG","4448.00","4554.00"
"03/12/2020 05:00 - 03/12/2020 06:00","BZN|BG","4849.00","5013.00"
"03/12/2020 06:00 - 03/12/2020 07:00","BZN|BG","5387.00","5598.00"
"03/12/2020 07:00 - 03/12/2020 08:00","BZN|BG","6039.00","6078.00"
"03/12/2020 08:00 - 03/12/2020 09:00","BZN|BG","6219.00","6188.00"
"03/12/2020 09:00 - 03/12/2020 10:00","BZN|BG","6192.00","6046.00"
"03/12/2020 10:00 - 03/12/2020 11:00","BZN|BG","6143.00","5921.00"
"03/12/2020 11:00 - 03/12/2020 12:00","BZN|BG","5998.00","5771.00"
"03/12/2020 12:00 - 03/12/2020 13:00","BZN|BG","5941.00","5713.00"
"03/12/2020 13:00 - 03/12/2020 14:00","BZN|BG","5811.00","5670.00"
"03/12/2020 14:00 - 03/12/2020 15:00","BZN|BG","5861.00","5738.00"
"03/12/2020 15:00 - 03/12/2020 16:00","BZN|BG","5954.00","5889.00"
"03/12/2020 16:00 - 03/12/2020 17:00","BZN|BG","6212.00","6197.00"
"03/12/2020 17:00 - 03/12/2020 18:00","BZN|BG","6352.00","6358.00"
"03/12/2020 18:00 - 03/12/2020 19:00","BZN|BG","6204.00","6280.00"
"03/12/2020 19:00 - 03/12/2020 20:00","BZN|BG","5877.00","6021.00"
"03/12/2020 20:00 - 03/12/2020 21:00","BZN|BG","5569.00","5703.00"
"03/12/2020 21:00 - 03/12/2020 22:00","BZN|BG","5389.00","5480.00"
"03/12/2020 22:00 - 03/12/2020 23:00","BZN|BG","5062.00","5142.00"
"03/12/2020 23:00 - 04/12/2020 00:00","BZN|BG","4670.00","4574.00"
"04/12/2020 00:00 - 04/12/2020 01:00","BZN|BG","4407.00","4334.00"
"04/12/2020 01:00 - 04/12/2020 02:00","BZN|BG","4284.00","4226.00"
"04/12/2020 02:00 - 04/12/2020 03:00","BZN|BG","4242.00","4174.00"
"04/12/2020 03:00 - 04/12/2020 04:00","BZN|BG","4289.00","4219.00"
"04/12/2020 04:00 - 04/12/2020 05:00","BZN|BG","4453.00","4386.00"
"04/12/2020 05:00 - 04/12/2020 06:00","BZN|BG","4807.00","4813.00"
"04/12/2020 06:00 - 04/12/2020 07:00","BZN|BG","5330.00","5360.00"
"04/12/2020 07:00 - 04/12/2020 08:00","BZN|BG","5905.00","5833.00"
"04/12/2020 08:00 - 04/12/2020 09:00","BZN|BG","6134.00","5947.00"
"04/12/2020 09:00 - 04/12/2020 10:00","BZN|BG","6075.00","5805.00"
"04/12/2020 10:00 - 04/12/2020 11:00","BZN|BG","6022.00","5687.00"
"04/12/2020 11:00 - 04/12/2020 12:00","BZN|BG","5896.00","5537.00"
"04/12/2020 12:00 - 04/12/2020 13:00","BZN|BG","5828.00","5478.00"
"04/12/2020 13:00 - 04/12/2020 14:00","BZN|BG","5726.00","5429.00"
"04/12/2020 14:00 - 04/12/2020 15:00","BZN|BG","5716.00","5491.00"
"04/12/2020 15:00 - 04/12/2020 16:00","BZN|BG","5789.00","5652.00"
"04/12/2020 16:00 - 04/12/2020 17:00","BZN|BG","5995.00","5987.00"
"04/12/2020 17:00 - 04/12/2020 18:00","BZN|BG","6064.00","6157.00"
"04/12/2020 18:00 - 04/12/2020 19:00","BZN|BG","5908.00","6070.00"
"04/12/2020 19:00 - 04/12/2020 20:00","BZN|BG","5593.00","5802.00"
"04/12/2020 20:00 - 04/12/2020 21:00","BZN|BG","5269.00","5481.00"
"04/12/2020 21:00 - 04/12/2020 22:00","BZN|BG","5187.00","5251.00"
"04/12/2020 22:00 - 04/12/2020 23:00","BZN|BG","4847.00","4908.00"
"04/12/2020 23:00 - 05/12/2020 00:00","BZN|BG","4519.00","4476.00"
"05/12/2020 00:00 - 05/12/2020 01:00","BZN|BG","4255.00","4232.00"
"05/12/2020 01:00 - 05/12/2020 02:00","BZN|BG","4133.00","4116.00"
"05/12/2020 02:00 - 05/12/2020 03:00","BZN|BG","4075.00","4037.00"
"05/12/2020 03:00 - 05/12/2020 04:00","BZN|BG","4056.00","4063.00"
"05/12/2020 04:00 - 05/12/2020 05:00","BZN|BG","4112.00","4162.00"
"05/12/2020 05:00 - 05/12/2020 06:00","BZN|BG","4271.00","4389.00"
"05/12/2020 06:00 - 05/12/2020 07:00","BZN|BG","4558.00","4776.00"
"05/12/2020 07:00 - 05/12/2020 08:00","BZN|BG","5021.00","5296.00"
"05/12/2020 08:00 - 05/12/2020 09:00","BZN|BG","5362.00","5525.00"
"05/12/2020 09:00 - 05/12/2020 10:00","BZN|BG","5345.00","5450.00"
"05/12/2020 10:00 - 05/12/2020 11:00","BZN|BG","5321.00","5349.00"
"05/12/2020 11:00 - 05/12/2020 12:00","BZN|BG","5210.00","5238.00"
"05/12/2020 12:00 - 05/12/2020 13:00","BZN|BG","5117.00","5155.00"
"05/12/2020 13:00 - 05/12/2020 14:00","BZN|BG","5027.00","5093.00"
"05/12/2020 14:00 - 05/12/2020 15:00","BZN|BG","5036.00","5173.00"
"05/12/2020 15:00 - 05/12/2020 16:00","BZN|BG","5223.00","5383.00"
"05/12/2020 16:00 - 05/12/2020 17:00","BZN|BG","5545.00","5739.00"
"05/12/2020 17:00 - 05/12/2020 18:00","BZN|BG","5594.00","5809.00"
"05/12/2020 18:00 - 05/12/2020 19:00","BZN|BG","5445.00","5625.00"
"05/12/2020 19:00 - 05/12/2020 20:00","BZN|BG","5175.00","5298.00"
"05/12/2020 20:00 - 05/12/2020 21:00","BZN|BG","4916.00","5003.00"
"05/12/2020 21:00 - 05/12/2020 22:00","BZN|BG","4900.00","4918.00"
"05/12/2020 22:00 - 05/12/2020 23:00","BZN|BG","4701.00","4662.00"
"05/12/2020 23:00 - 06/12/2020 00:00","BZN|BG","4309.00","4292.00"
"06/12/2020 00:00 - 06/12/2020 01:00","BZN|BG","4050.00","4035.00"
"06/12/2020 01:00 - 06/12/2020 02:00","BZN|BG","3906.00","3853.00"
"06/12/2020 02:00 - 06/12/2020 03:00","BZN|BG","3828.00","3801.00"
"06/12/2020 03:00 - 06/12/2020 04:00","BZN|BG","3841.00","3800.00"
"06/12/2020 04:00 - 06/12/2020 05:00","BZN|BG","3873.00","3864.00"
"06/12/2020 05:00 - 06/12/2020 06:00","BZN|BG","3987.00","4010.00"
"06/12/2020 06:00 - 06/12/2020 07:00","BZN|BG","4191.00","4242.00"
"06/12/2020 07:00 - 06/12/2020 08:00","BZN|BG","4627.00","4660.00"
"06/12/2020 08:00 - 06/12/2020 09:00","BZN|BG","5041.00","4980.00"
"06/12/2020 09:00 - 06/12/2020 10:00","BZN|BG","5146.00","5039.00"
"06/12/2020 10:00 - 06/12/2020 11:00","BZN|BG","5228.00","5005.00"
"06/12/2020 11:00 - 06/12/2020 12:00","BZN|BG","5216.00","4935.00"
"06/12/2020 12:00 - 06/12/2020 13:00","BZN|BG","5091.00","4818.00"
"06/12/2020 13:00 - 06/12/2020 14:00","BZN|BG","4967.00","4780.00"
"06/12/2020 14:00 - 06/12/2020 15:00","BZN|BG","4994.00","4839.00"
"06/12/2020 15:00 - 06/12/2020 16:00","BZN|BG","5227.00","5121.00"
"06/12/2020 16:00 - 06/12/2020 17:00","BZN|BG","5565.00","5468.00"
"06/12/2020 17:00 - 06/12/2020 18:00","BZN|BG","5544.00","5552.00"
"06/12/2020 18:00 - 06/12/2020 19:00","BZN|BG","5351.00","5378.00"
"06/12/2020 19:00 - 06/12/2020 20:00","BZN|BG","5050.00","5156.00"
"06/12/2020 20:00 - 06/12/2020 21:00","BZN|BG","4819.00","4933.00"
"06/12/2020 21:00 - 06/12/2020 22:00","BZN|BG","4808.00","4787.00"
"06/12/2020 22:00 - 06/12/2020 23:00","BZN|BG","4507.00","4532.00"
"06/12/2020 23:00 - 07/12/2020 00:00","BZN|BG","4162.00","4253.00"
"07/12/2020 00:00 - 07/12/2020 01:00","BZN|BG","3891.00","3971.00"
"07/12/2020 01:00 - 07/12/2020 02:00","BZN|BG","3773.00","3868.00"
"07/12/2020 02:00 - 07/12/2020 03:00","BZN|BG","3717.00","3824.00"
"07/12/2020 03:00 - 07/12/2020 04:00","BZN|BG","3752.00","3864.00"
"07/12/2020 04:00 - 07/12/2020 05:00","BZN|BG","3917.00","3988.00"
"07/12/2020 05:00 - 07/12/2020 06:00","BZN|BG","4311.00","4285.00"
"07/12/2020 06:00 - 07/12/2020 07:00","BZN|BG","4799.00","4707.00"
"07/12/2020 07:00 - 07/12/2020 08:00","BZN|BG","5469.00","5185.00"
"07/12/2020 08:00 - 07/12/2020 09:00","BZN|BG","5753.00","5424.00"
"07/12/2020 09:00 - 07/12/2020 10:00","BZN|BG","5774.00","5468.00"
"07/12/2020 10:00 - 07/12/2020 11:00","BZN|BG","5808.00","5470.00"
"07/12/2020 11:00 - 07/12/2020 12:00","BZN|BG","5724.00","5374.00"
"07/12/2020 12:00 - 07/12/2020 13:00","BZN|BG","5716.00","5332.00"
"07/12/2020 13:00 - 07/12/2020 14:00","BZN|BG","5646.00","5233.00"
"07/12/2020 14:00 - 07/12/2020 15:00","BZN|BG","5671.00","5205.00"
"07/12/2020 15:00 - 07/12/2020 16:00","BZN|BG","5736.00","5333.00"
"07/12/2020 16:00 - 07/12/2020 17:00","BZN|BG","5809.00","5659.00"
"07/12/2020 17:00 - 07/12/2020 18:00","BZN|BG","5843.00","5728.00"
"07/12/2020 18:00 - 07/12/2020 19:00","BZN|BG","5761.00","5648.00"
"07/12/2020 19:00 - 07/12/2020 20:00","BZN|BG","5513.00","5435.00"
"07/12/2020 20:00 - 07/12/2020 21:00","BZN|BG","5200.00","5175.00"
"07/12/2020 21:00 - 07/12/2020 22:00","BZN|BG","4997.00","5025.00"
"07/12/2020 22:00 - 07/12/2020 23:00","BZN|BG","4721.00","4801.00"
"07/12/2020 23:00 - 08/12/2020 00:00","BZN|BG","4348.00","4201.00"
"08/12/2020 00:00 - 08/12/2020 01:00","BZN|BG","4085.00","3967.00"
"08/12/2020 01:00 - 08/12/2020 02:00","BZN|BG","3957.00","3856.00"
"08/12/2020 02:00 - 08/12/2020 03:00","BZN|BG","3903.00","3808.00"
"08/12/2020 03:00 - 08/12/2020 04:00","BZN|BG","3945.00","3856.00"
"08/12/2020 04:00 - 08/12/2020 05:00","BZN|BG","4087.00","4032.00"
"08/12/2020 05:00 - 08/12/2020 06:00","BZN|BG","4477.00","4457.00"
"08/12/2020 06:00 - 08/12/2020 07:00","BZN|BG","5010.00","5036.00"
"08/12/2020 07:00 - 08/12/2020 08:00","BZN|BG","5620.00","5639.00"
"08/12/2020 08:00 - 08/12/2020 09:00","BZN|BG","5840.00","5804.00"
"08/12/2020 09:00 - 08/12/2020 10:00","BZN|BG","5774.00","5755.00"
"08/12/2020 10:00 - 08/12/2020 11:00","BZN|BG","5755.00","5713.00"
"08/12/2020 11:00 - 08/12/2020 12:00","BZN|BG","5621.00","5653.00"
"08/12/2020 12:00 - 08/12/2020 13:00","BZN|BG","5562.00","5619.00"
"08/12/2020 13:00 - 08/12/2020 14:00","BZN|BG","5471.00","5588.00"
"08/12/2020 14:00 - 08/12/2020 15:00","BZN|BG","5461.00","5619.00"
"08/12/2020 15:00 - 08/12/2020 16:00","BZN|BG","5571.00","5699.00"
"08/12/2020 16:00 - 08/12/2020 17:00","BZN|BG","5866.00","5868.00"
"08/12/2020 17:00 - 08/12/2020 18:00","BZN|BG","6017.00","5945.00"
"08/12/2020 18:00 - 08/12/2020 19:00","BZN|BG","5893.00","5815.00"
"08/12/2020 19:00 - 08/12/2020 20:00","BZN|BG","5622.00","5512.00"
"08/12/2020 20:00 - 08/12/2020 21:00","BZN|BG","5351.00","5201.00"
"08/12/2020 21:00 - 08/12/2020 22:00","BZN|BG","5131.00","5015.00"
"08/12/2020 22:00 - 08/12/2020 23:00","BZN|BG","4815.00","4683.00"
"08/12/2020 23:00 - 09/12/2020 00:00","BZN|BG","4447.00","4349.00"
"09/12/2020 00:00 - 09/12/2020 01:00","BZN|BG","4196.00","4117.00"
"09/12/2020 01:00 - 09/12/2020 02:00","BZN|BG","4057.00","4006.00"
"09/12/2020 02:00 - 09/12/2020 03:00","BZN|BG","4015.00","3954.00"
"09/12/2020 03:00 - 09/12/2020 04:00","BZN|BG","4039.00","3997.00"
"09/12/2020 04:00 - 09/12/2020 05:00","BZN|BG","4176.00","4159.00"
"09/12/2020 05:00 - 09/12/2020 06:00","BZN|BG","4514.00","4549.00"
"09/12/2020 06:00 - 09/12/2020 07:00","BZN|BG","5064.00","5091.00"
"09/12/2020 07:00 - 09/12/2020 08:00","BZN|BG","5725.00","5694.00"
"09/12/2020 08:00 - 09/12/2020 09:00","BZN|BG","6011.00","5877.00"
"09/12/2020 09:00 - 09/12/2020 10:00","BZN|BG","6039.00","5847.00"
"09/12/2020 10:00 - 09/12/2020 11:00","BZN|BG","6047.00","5822.00"
"09/12/2020 11:00 - 09/12/2020 12:00","BZN|BG","5902.00","5782.00"
"09/12/2020 12:00 - 09/12/2020 13:00","BZN|BG","5863.00","5757.00"
"09/12/2020 13:00 - 09/12/2020 14:00","BZN|BG","5784.00","5731.00"
"09/12/2020 14:00 - 09/12/2020 15:00","BZN|BG","5789.00","5755.00"
"09/12/2020 15:00 - 09/12/2020 16:00","BZN|BG","5896.00","5816.00"
"09/12/2020 16:00 - 09/12/2020 17:00","BZN|BG","6048.00","5953.00"
"09/12/2020 17:00 - 09/12/2020 18:00","BZN|BG","6110.00","6014.00"
"09/12/2020 18:00 - 09/12/2020 19:00","BZN|BG","5970.00","5890.00"
"09/12/2020 19:00 - 09/12/2020 20:00","BZN|BG","5642.00","5622.00"
"09/12/2020 20:00 - 09/12/2020 21:00","BZN|BG","5332.00","5342.00"
"09/12/2020 21:00 - 09/12/2020 22:00","BZN|BG","5136.00","5175.00"
"09/12/2020 22:00 - 09/12/2020 23:00","BZN|BG","4816.00","4874.00"
"09/12/2020 23:00 - 10/12/2020 00:00","BZN|BG","4391.00","4348.00"
"10/12/2020 00:00 - 10/12/2020 01:00","BZN|BG","4136.00","4109.00"
"10/12/2020 01:00 - 10/12/2020 02:00","BZN|BG","4003.00","3998.00"
"10/12/2020 02:00 - 10/12/2020 03:00","BZN|BG","3940.00","3946.00"
"10/12/2020 03:00 - 10/12/2020 04:00","BZN|BG","3954.00","3988.00"
"10/12/2020 04:00 - 10/12/2020 05:00","BZN|BG","4091.00","4143.00"
"10/12/2020 05:00 - 10/12/2020 06:00","BZN|BG","4429.00","4523.00"
"10/12/2020 06:00 - 10/12/2020 07:00","BZN|BG","4868.00","5048.00"
"10/12/2020 07:00 - 10/12/2020 08:00","BZN|BG","5439.00","5638.00"
"10/12/2020 08:00 - 10/12/2020 09:00","BZN|BG","5704.00","5821.00"
"10/12/2020 09:00 - 10/12/2020 10:00","BZN|BG","5739.00","5757.00"
"10/12/2020 10:00 - 10/12/2020 11:00","BZN|BG","5741.00","5705.00"
"10/12/2020 11:00 - 10/12/2020 12:00","BZN|BG","5673.00","5617.00"
"10/12/2020 12:00 - 10/12/2020 13:00","BZN|BG","5631.00","5568.00"
"10/12/2020 13:00 - 10/12/2020 14:00","BZN|BG","5527.00","5520.00"
"10/12/2020 14:00 - 10/12/2020 15:00","BZN|BG","5502.00","5559.00"
"10/12/2020 15:00 - 10/12/2020 16:00","BZN|BG","5584.00","5660.00"
"10/12/2020 16:00 - 10/12/2020 17:00","BZN|BG","5742.00","5882.00"
"10/12/2020 17:00 - 10/12/2020 18:00","BZN|BG","5835.00","5981.00"
"10/12/2020 18:00 - 10/12/2020 19:00","BZN|BG","5751.00","5851.00"
"10/12/2020 19:00 - 10/12/2020 20:00","BZN|BG","5431.00","5560.00"
"10/12/2020 20:00 - 10/12/2020 21:00","BZN|BG","5170.00","5258.00"
"10/12/2020 21:00 - 10/12/2020 22:00","BZN|BG","4982.00","5072.00"
"10/12/2020 22:00 - 10/12/2020 23:00","BZN|BG","4686.00","4745.00"
"10/12/2020 23:00 - 11/12/2020 00:00","BZN|BG","4317.00","4275.00"
"11/12/2020 00:00 - 11/12/2020 01:00","BZN|BG","4081.00","4025.00"
"11/12/2020 01:00 - 11/12/2020 02:00","BZN|BG","3919.00","3905.00"
"11/12/2020 02:00 - 11/12/2020 03:00","BZN|BG","3875.00","3853.00"
"11/12/2020 03:00 - 11/12/2020 04:00","BZN|BG","3896.00","3889.00"
"11/12/2020 04:00 - 11/12/2020 05:00","BZN|BG","4028.00","4033.00"
"11/12/2020 05:00 - 11/12/2020 06:00","BZN|BG","4357.00","4385.00"
"11/12/2020 06:00 - 11/12/2020 07:00","BZN|BG","4815.00","4884.00"
"11/12/2020 07:00 - 11/12/2020 08:00","BZN|BG","5365.00","5450.00"
"11/12/2020 08:00 - 11/12/2020 09:00","BZN|BG","5615.00","5544.00"
"11/12/2020 09:00 - 11/12/2020 10:00","BZN|BG","5510.00","5585.00"
"11/12/2020 10:00 - 11/12/2020 11:00","BZN|BG","5430.00","5636.00"
"11/12/2020 11:00 - 11/12/2020 12:00","BZN|BG","5291.00","5457.00"
"11/12/2020 12:00 - 11/12/2020 13:00","BZN|BG","5224.00","5414.00"
"11/12/2020 13:00 - 11/12/2020 14:00","BZN|BG","5119.00","5363.00"
"11/12/2020 14:00 - 11/12/2020 15:00","BZN|BG","5111.00","5398.00"
"11/12/2020 15:00 - 11/12/2020 16:00","BZN|BG","5254.00","5486.00"
"11/12/2020 16:00 - 11/12/2020 17:00","BZN|BG","5565.00","5678.00"
"11/12/2020 17:00 - 11/12/2020 18:00","BZN|BG","5713.00","5766.00"
"11/12/2020 18:00 - 11/12/2020 19:00","BZN|BG","5617.00","5645.00"
"11/12/2020 19:00 - 11/12/2020 20:00","BZN|BG","5304.00","5368.00"
"11/12/2020 20:00 - 11/12/2020 21:00","BZN|BG","5058.00","5081.00"
"11/12/2020 21:00 - 11/12/2020 22:00","BZN|BG","4917.00","4904.00"
"11/12/2020 22:00 - 11/12/2020 23:00","BZN|BG","4657.00","4600.00"
"11/12/2020 23:00 - 12/12/2020 00:00","BZN|BG","4290.00","4289.00"
"12/12/2020 00:00 - 12/12/2020 01:00","BZN|BG","4012.00","4022.00"
"12/12/2020 01:00 - 12/12/2020 02:00","BZN|BG","3849.00","3899.00"
"12/12/2020 02:00 - 12/12/2020 03:00","BZN|BG","3769.00","3845.00"
"12/12/2020 03:00 - 12/12/2020 04:00","BZN|BG","3758.00","3814.00"
"12/12/2020 04:00 - 12/12/2020 05:00","BZN|BG","3851.00","3874.00"
"12/12/2020 05:00 - 12/12/2020 06:00","BZN|BG","4035.00","4044.00"
"12/12/2020 06:00 - 12/12/2020 07:00","BZN|BG","4272.00","4361.00"
"12/12/2020 07:00 - 12/12/2020 08:00","BZN|BG","4722.00","4852.00"
"12/12/2020 08:00 - 12/12/2020 09:00","BZN|BG","5114.00","5150.00"
"12/12/2020 09:00 - 12/12/2020 10:00","BZN|BG","5329.00","5178.00"
"12/12/2020 10:00 - 12/12/2020 11:00","BZN|BG","5386.00","5150.00"
"12/12/2020 11:00 - 12/12/2020 12:00","BZN|BG","5324.00","5046.00"
"12/12/2020 12:00 - 12/12/2020 13:00","BZN|BG","5197.00","4968.00"
"12/12/2020 13:00 - 12/12/2020 14:00","BZN|BG","5058.00","4896.00"
"12/12/2020 14:00 - 12/12/2020 15:00","BZN|BG","5039.00","4909.00"
"12/12/2020 15:00 - 12/12/2020 16:00","BZN|BG","5156.00","5054.00"
"12/12/2020 16:00 - 12/12/2020 17:00","BZN|BG","5489.00","5315.00"
"12/12/2020 17:00 - 12/12/2020 18:00","BZN|BG","5514.00","5345.00"
"12/12/2020 18:00 - 12/12/2020 19:00","BZN|BG","5339.00","5185.00"
"12/12/2020 19:00 - 12/12/2020 20:00","BZN|BG","5044.00","4893.00"
"12/12/2020 20:00 - 12/12/2020 21:00","BZN|BG","4772.00","4611.00"
"12/12/2020 21:00 - 12/12/2020 22:00","BZN|BG","4637.00","4597.00"
"12/12/2020 22:00 - 12/12/2020 23:00","BZN|BG","4514.00","4381.00"
"12/12/2020 23:00 - 13/12/2020 00:00","BZN|BG","4206.00","4157.00"
"13/12/2020 00:00 - 13/12/2020 01:00","BZN|BG","3937.00","3896.00"
"13/12/2020 01:00 - 13/12/2020 02:00","BZN|BG","3794.00","3777.00"
"13/12/2020 02:00 - 13/12/2020 03:00","BZN|BG","3688.00","3714.00"
"13/12/2020 03:00 - 13/12/2020 04:00","BZN|BG","3661.00","3703.00"
"13/12/2020 04:00 - 13/12/2020 05:00","BZN|BG","3701.00","3749.00"
"13/12/2020 05:00 - 13/12/2020 06:00","BZN|BG","3784.00","3859.00"
"13/12/2020 06:00 - 13/12/2020 07:00","BZN|BG","3977.00","4062.00"
"13/12/2020 07:00 - 13/12/2020 08:00","BZN|BG","4380.00","4483.00"
"13/12/2020 08:00 - 13/12/2020 09:00","BZN|BG","4784.00","4868.00"
"13/12/2020 09:00 - 13/12/2020 10:00","BZN|BG","5004.00","4971.00"
"13/12/2020 10:00 - 13/12/2020 11:00","BZN|BG","5113.00","5047.00"
"13/12/2020 11:00 - 13/12/2020 12:00","BZN|BG","5110.00","5036.00"
"13/12/2020 12:00 - 13/12/2020 13:00","BZN|BG","5011.00","4949.00"
"13/12/2020 13:00 - 13/12/2020 14:00","BZN|BG","4895.00","4868.00"
"13/12/2020 14:00 - 13/12/2020 15:00","BZN|BG","4871.00","4915.00"
"13/12/2020 15:00 - 13/12/2020 16:00","BZN|BG","5090.00","5184.00"
"13/12/2020 16:00 - 13/12/2020 17:00","BZN|BG","5461.00","5500.00"
"13/12/2020 17:00 - 13/12/2020 18:00","BZN|BG","5480.00","5588.00"
"13/12/2020 18:00 - 13/12/2020 19:00","BZN|BG","5320.00","5354.00"
"13/12/2020 19:00 - 13/12/2020 20:00","BZN|BG","5111.00","5081.00"
"13/12/2020 20:00 - 13/12/2020 21:00","BZN|BG","4835.00","4863.00"
"13/12/2020 21:00 - 13/12/2020 22:00","BZN|BG","4649.00","4844.00"
"13/12/2020 22:00 - 13/12/2020 23:00","BZN|BG","4351.00","4576.00"
"13/12/2020 23:00 - 14/12/2020 00:00","BZN|BG","4033.00","4188.00"
"14/12/2020 00:00 - 14/12/2020 01:00","BZN|BG","3790.00","3894.00"
"14/12/2020 01:00 - 14/12/2020 02:00","BZN|BG","3688.00","3765.00"
"14/12/2020 02:00 - 14/12/2020 03:00","BZN|BG","3649.00","3702.00"
"14/12/2020 03:00 - 14/12/2020 04:00","BZN|BG","3689.00","3744.00"
"14/12/2020 04:00 - 14/12/2020 05:00","BZN|BG","3845.00","3893.00"
"14/12/2020 05:00 - 14/12/2020 06:00","BZN|BG","4219.00","4249.00"
"14/12/2020 06:00 - 14/12/2020 07:00","BZN|BG","4739.00","4715.00"
"14/12/2020 07:00 - 14/12/2020 08:00","BZN|BG","5437.00","5223.00"
"14/12/2020 08:00 - 14/12/2020 09:00","BZN|BG","5768.00","5586.00"
"14/12/2020 09:00 - 14/12/2020 10:00","BZN|BG","5808.00","5606.00"
"14/12/2020 10:00 - 14/12/2020 11:00","BZN|BG","5838.00","5625.00"
"14/12/2020 11:00 - 14/12/2020 12:00","BZN|BG","5770.00","5466.00"
"14/12/2020 12:00 - 14/12/2020 13:00","BZN|BG","5744.00","5450.00"
"14/12/2020 13:00 - 14/12/2020 14:00","BZN|BG","5648.00","5342.00"
"14/12/2020 14:00 - 14/12/2020 15:00","BZN|BG","5613.00","5426.00"
"14/12/2020 15:00 - 14/12/2020 16:00","BZN|BG","5664.00","5560.00"
"14/12/2020 16:00 - 14/12/2020 17:00","BZN|BG","5767.00","5685.00"
"14/12/2020 17:00 - 14/12/2020 18:00","BZN|BG","5818.00","5759.00"
"14/12/2020 18:00 - 14/12/2020 19:00","BZN|BG","5727.00","5676.00"
"14/12/2020 19:00 - 14/12/2020 20:00","BZN|BG","5469.00","5434.00"
"14/12/2020 20:00 - 14/12/2020 21:00","BZN|BG","5187.00","5148.00"
"14/12/2020 21:00 - 14/12/2020 22:00","BZN|BG","4972.00","4969.00"
"14/12/2020 22:00 - 14/12/2020 23:00","BZN|BG","4651.00","4718.00"
"14/12/2020 23:00 - 15/12/2020 00:00","BZN|BG","4306.00","4231.00"
"15/12/2020 00:00 - 15/12/2020 01:00","BZN|BG","4085.00","3974.00"
"15/12/2020 01:00 - 15/12/2020 02:00","BZN|BG","3959.00","3853.00"
"15/12/2020 02:00 - 15/12/2020 03:00","BZN|BG","3919.00","3806.00"
"15/12/2020 03:00 - 15/12/2020 04:00","BZN|BG","3940.00","3834.00"
"15/12/2020 04:00 - 15/12/2020 05:00","BZN|BG","4082.00","3986.00"
"15/12/2020 05:00 - 15/12/2020 06:00","BZN|BG","4447.00","4365.00"
"15/12/2020 06:00 - 15/12/2020 07:00","BZN|BG","4948.00","4903.00"
"15/12/2020 07:00 - 15/12/2020 08:00","BZN|BG","5565.00","5533.00"
"15/12/2020 08:00 - 15/12/2020 09:00","BZN|BG","5792.00","5776.00"
"15/12/2020 09:00 - 15/12/2020 10:00","BZN|BG","5735.00","5708.00"
"15/12/2020 10:00 - 15/12/2020 11:00","BZN|BG","5643.00","5656.00"
"15/12/2020 11:00 - 15/12/2020 12:00","BZN|BG","5449.00","5516.00"
"15/12/2020 12:00 - 15/12/2020 13:00","BZN|BG","5358.00","5468.00"
"15/12/2020 13:00 - 15/12/2020 14:00","BZN|BG","5250.00","5383.00"
"15/12/2020 14:00 - 15/12/2020 15:00","BZN|BG","5261.00","5409.00"
"15/12/2020 15:00 - 15/12/2020 16:00","BZN|BG","5390.00","5539.00"
"15/12/2020 16:00 - 15/12/2020 17:00","BZN|BG","5691.00","5809.00"
"15/12/2020 17:00 - 15/12/2020 18:00","BZN|BG","5827.00","5931.00"
"15/12/2020 18:00 - 15/12/2020 19:00","BZN|BG","5747.00","5811.00"
"15/12/2020 19:00 - 15/12/2020 20:00","BZN|BG","5452.00","5489.00"
"15/12/2020 20:00 - 15/12/2020 21:00","BZN|BG","5191.00","5176.00"
"15/12/2020 21:00 - 15/12/2020 22:00","BZN|BG","5049.00","5003.00"
"15/12/2020 22:00 - 15/12/2020 23:00","BZN|BG","4714.00","4677.00"
"15/12/2020 23:00 - 16/12/2020 00:00","BZN|BG","4337.00","4250.00"
"16/12/2020 00:00 - 16/12/2020 01:00","BZN|BG","4110.00","4047.00"
"16/12/2020 01:00 - 16/12/2020 02:00","BZN|BG","3980.00","3948.00"
"16/12/2020 02:00 - 16/12/2020 03:00","BZN|BG","3942.00","3910.00"
"16/12/2020 03:00 - 16/12/2020 04:00","BZN|BG","3955.00","3934.00"
"16/12/2020 04:00 - 16/12/2020 05:00","BZN|BG","4116.00","4084.00"
"16/12/2020 05:00 - 16/12/2020 06:00","BZN|BG","4486.00","4472.00"
"16/12/2020 06:00 - 16/12/2020 07:00","BZN|BG","4971.00","5020.00"
"16/12/2020 07:00 - 16/12/2020 08:00","BZN|BG","5543.00","5670.00"
"16/12/2020 08:00 - 16/12/2020 09:00","BZN|BG","5828.00","5929.00"
"16/12/2020 09:00 - 16/12/2020 10:00","BZN|BG","5845.00","5872.00"
"16/12/2020 10:00 - 16/12/2020 11:00","BZN|BG","5841.00","5835.00"
"16/12/2020 11:00 - 16/12/2020 12:00","BZN|BG","5764.00","5716.00"
"16/12/2020 12:00 - 16/12/2020 13:00","BZN|BG","5732.00","5677.00"
"16/12/2020 13:00 - 16/12/2020 14:00","BZN|BG","5640.00","5608.00"
"16/12/2020 14:00 - 16/12/2020 15:00","BZN|BG","5630.00","5628.00"
"16/12/2020 15:00 - 16/12/2020 16:00","BZN|BG","5669.00","5726.00"
"16/12/2020 16:00 - 16/12/2020 17:00","BZN|BG","5859.00","5928.00"
"16/12/2020 17:00 - 16/12/2020 18:00","BZN|BG","5988.00","6027.00"
"16/12/2020 18:00 - 16/12/2020 19:00","BZN|BG","5856.00","5919.00"
"16/12/2020 19:00 - 16/12/2020 20:00","BZN|BG","5549.00","5598.00"
"16/12/2020 20:00 - 16/12/2020 21:00","BZN|BG","5258.00","5293.00"
"16/12/2020 21:00 - 16/12/2020 22:00","BZN|BG","5071.00","5096.00"
"16/12/2020 22:00 - 16/12/2020 23:00","BZN|BG","4736.00","4777.00"
"16/12/2020 23:00 - 17/12/2020 00:00","BZN|BG","4358.00","4326.00"
"17/12/2020 00:00 - 17/12/2020 01:00","BZN|BG","4112.00","4097.00"
"17/12/2020 01:00 - 17/12/2020 02:00","BZN|BG","3977.00","3984.00"
"17/12/2020 02:00 - 17/12/2020 03:00","BZN|BG","3934.00","3941.00"
"17/12/2020 03:00 - 17/12/2020 04:00","BZN|BG","3969.00","3964.00"
"17/12/2020 04:00 - 17/12/2020 05:00","BZN|BG","4095.00","4104.00"
"17/12/2020 05:00 - 17/12/2020 06:00","BZN|BG","4453.00","4467.00"
"17/12/2020 06:00 - 17/12/2020 07:00","BZN|BG","4941.00","4979.00"
"17/12/2020 07:00 - 17/12/2020 08:00","BZN|BG","5485.00","5582.00"
"17/12/2020 08:00 - 17/12/2020 09:00","BZN|BG","5807.00","5809.00"
"17/12/2020 09:00 - 17/12/2020 10:00","BZN|BG","5826.00","5705.00"
"17/12/2020 10:00 - 17/12/2020 11:00","BZN|BG","5814.00","5624.00"
"17/12/2020 11:00 - 17/12/2020 12:00","BZN|BG","5690.00","5420.00"
"17/12/2020 12:00 - 17/12/2020 13:00","BZN|BG","5616.00","5353.00"
"17/12/2020 13:00 - 17/12/2020 14:00","BZN|BG","5541.00","5256.00"
"17/12/2020 14:00 - 17/12/2020 15:00","BZN|BG","5531.00","5286.00"
"17/12/2020 15:00 - 17/12/2020 16:00","BZN|BG","5596.00","5430.00"
"17/12/2020 16:00 - 17/12/2020 17:00","BZN|BG","5798.00","5721.00"
"17/12/2020 17:00 - 17/12/2020 18:00","BZN|BG","5912.00","5861.00"
"17/12/2020 18:00 - 17/12/2020 19:00","BZN|BG","5793.00","5775.00"
"17/12/2020 19:00 - 17/12/2020 20:00","BZN|BG","5502.00","5500.00"
"17/12/2020 20:00 - 17/12/2020 21:00","BZN|BG","5216.00","5237.00"
"17/12/2020 21:00 - 17/12/2020 22:00","BZN|BG","5037.00","5071.00"
"17/12/2020 22:00 - 17/12/2020 23:00","BZN|BG","4721.00","4787.00"
"17/12/2020 23:00 - 18/12/2020 00:00","BZN|BG","4363.00","4523.00"
"18/12/2020 00:00 - 18/12/2020 01:00","BZN|BG","4121.00","4254.00"
"18/12/2020 01:00 - 18/12/2020 02:00","BZN|BG","4005.00","4122.00"
"18/12/2020 02:00 - 18/12/2020 03:00","BZN|BG","3951.00","4071.00"
"18/12/2020 03:00 - 18/12/2020 04:00","BZN|BG","3974.00","4092.00"
"18/12/2020 04:00 - 18/12/2020 05:00","BZN|BG","4127.00","4227.00"
"18/12/2020 05:00 - 18/12/2020 06:00","BZN|BG","4481.00","4572.00"
"18/12/2020 06:00 - 18/12/2020 07:00","BZN|BG","4959.00","5052.00"
"18/12/2020 07:00 - 18/12/2020 08:00","BZN|BG","5518.00","5618.00"
"18/12/2020 08:00 - 18/12/2020 09:00","BZN|BG","5814.00","5841.00"
"18/12/2020 09:00 - 18/12/2020 10:00","BZN|BG","5814.00","5793.00"
"18/12/2020 10:00 - 18/12/2020 11:00","BZN|BG","5784.00","5758.00"
"18/12/2020 11:00 - 18/12/2020 12:00","BZN|BG","5677.00","5662.00"
"18/12/2020 12:00 - 18/12/2020 13:00","BZN|BG","5581.00","5628.00"
"18/12/2020 13:00 - 18/12/2020 14:00","BZN|BG","5392.00","5574.00"
"18/12/2020 14:00 - 18/12/2020 15:00","BZN|BG","5335.00","5591.00"
"18/12/2020 15:00 - 18/12/2020 16:00","BZN|BG","5444.00","5706.00"
"18/12/2020 16:00 - 18/12/2020 17:00","BZN|BG","5748.00","5933.00"
"18/12/2020 17:00 - 18/12/2020 18:00","BZN|BG","5872.00","6054.00"
"18/12/2020 18:00 - 18/12/2020 19:00","BZN|BG","5755.00","5964.00"
"18/12/2020 19:00 - 18/12/2020 20:00","BZN|BG","5487.00","5694.00"
"18/12/2020 20:00 - 18/12/2020 21:00","BZN|BG","5232.00","5435.00"
"18/12/2020 21:00 - 18/12/2020 22:00","BZN|BG","5038.00","5269.00"
"18/12/2020 22:00 - 18/12/2020 23:00","BZN|BG","4773.00","4988.00"
"18/12/2020 23:00 - 19/12/2020 00:00","BZN|BG","4384.00","4581.00"
"19/12/2020 00:00 - 19/12/2020 01:00","BZN|BG","4141.00","4311.00"
"19/12/2020 01:00 - 19/12/2020 02:00","BZN|BG","3959.00","4158.00"
"19/12/2020 02:00 - 19/12/2020 03:00","BZN|BG","3927.00","4076.00"
"19/12/2020 03:00 - 19/12/2020 04:00","BZN|BG","3925.00","4059.00"
"19/12/2020 04:00 - 19/12/2020 05:00","BZN|BG","4007.00","4144.00"
"19/12/2020 05:00 - 19/12/2020 06:00","BZN|BG","4167.00","4309.00"
"19/12/2020 06:00 - 19/12/2020 07:00","BZN|BG","4414.00","4518.00"
"19/12/2020 07:00 - 19/12/2020 08:00","BZN|BG","4905.00","4925.00"
"19/12/2020 08:00 - 19/12/2020 09:00","BZN|BG","5253.00","5278.00"
"19/12/2020 09:00 - 19/12/2020 10:00","BZN|BG","5380.00","5458.00"
"19/12/2020 10:00 - 19/12/2020 11:00","BZN|BG","5381.00","5511.00"
"19/12/2020 11:00 - 19/12/2020 12:00","BZN|BG","5304.00","5445.00"
"19/12/2020 12:00 - 19/12/2020 13:00","BZN|BG","5220.00","5310.00"
"19/12/2020 13:00 - 19/12/2020 14:00","BZN|BG","5133.00","5189.00"
"19/12/2020 14:00 - 19/12/2020 15:00","BZN|BG","5125.00","5183.00"
"19/12/2020 15:00 - 19/12/2020 16:00","BZN|BG","5264.00","5334.00"
"19/12/2020 16:00 - 19/12/2020 17:00","BZN|BG","5573.00","5730.00"
"19/12/2020 17:00 - 19/12/2020 18:00","BZN|BG","5641.00","5761.00"
"19/12/2020 18:00 - 19/12/2020 19:00","BZN|BG","5455.00","5595.00"
"19/12/2020 19:00 - 19/12/2020 20:00","BZN|BG","5215.00","5320.00"
"19/12/2020 20:00 - 19/12/2020 21:00","BZN|BG","4964.00","5064.00"
"19/12/2020 21:00 - 19/12/2020 22:00","BZN|BG","4859.00","4946.00"
"19/12/2020 22:00 - 19/12/2020 23:00","BZN|BG","4601.00","4837.00"
"19/12/2020 23:00 - 20/12/2020 00:00","BZN|BG","4255.00","4705.00"
"20/12/2020 00:00 - 20/12/2020 01:00","BZN|BG","4011.00","4406.00"
"20/12/2020 01:00 - 20/12/2020 02:00","BZN|BG","3868.00","4262.00"
"20/12/2020 02:00 - 20/12/2020 03:00","BZN|BG","3793.00","4146.00"
"20/12/2020 03:00 - 20/12/2020 04:00","BZN|BG","3785.00","4119.00"
"20/12/2020 04:00 - 20/12/2020 05:00","BZN|BG","3831.00","4160.00"
"20/12/2020 05:00 - 20/12/2020 06:00","BZN|BG","3963.00","4229.00"
"20/12/2020 06:00 - 20/12/2020 07:00","BZN|BG","4215.00","4397.00"
"20/12/2020 07:00 - 20/12/2020 08:00","BZN|BG","4625.00","4728.00"
"20/12/2020 08:00 - 20/12/2020 09:00","BZN|BG","5073.00","5060.00"
"20/12/2020 09:00 - 20/12/2020 10:00","BZN|BG","5254.00","5250.00"
"20/12/2020 10:00 - 20/12/2020 11:00","BZN|BG","5354.00","5341.00"
"20/12/2020 11:00 - 20/12/2020 12:00","BZN|BG","5365.00","5339.00"
"20/12/2020 12:00 - 20/12/2020 13:00","BZN|BG","5284.00","5252.00"
"20/12/2020 13:00 - 20/12/2020 14:00","BZN|BG","5232.00","5138.00"
"20/12/2020 14:00 - 20/12/2020 15:00","BZN|BG","5240.00","5128.00"
"20/12/2020 15:00 - 20/12/2020 16:00","BZN|BG","5415.00","5447.00"
"20/12/2020 16:00 - 20/12/2020 17:00","BZN|BG","5760.00","5992.00"
"20/12/2020 17:00 - 20/12/2020 18:00","BZN|BG","5816.00","6008.00"
"20/12/2020 18:00 - 20/12/2020 19:00","BZN|BG","5637.00","5894.00"
"20/12/2020 19:00 - 20/12/2020 20:00","BZN|BG","5372.00","5710.00"
"20/12/2020 20:00 - 20/12/2020 21:00","BZN|BG","5082.00","5500.00"
"20/12/2020 21:00 - 20/12/2020 22:00","BZN|BG","4964.00","5357.00"
"20/12/2020 22:00 - 20/12/2020 23:00","BZN|BG","4650.00","5132.00"
"20/12/2020 23:00 - 21/12/2020 00:00","BZN|BG","4286.00","4254.00"
"21/12/2020 00:00 - 21/12/2020 01:00","BZN|BG","4043.00","4001.00"
"21/12/2020 01:00 - 21/12/2020 02:00","BZN|BG","3909.00","3898.00"
"21/12/2020 02:00 - 21/12/2020 03:00","BZN|BG","3862.00","3868.00"
"21/12/2020 03:00 - 21/12/2020 04:00","BZN|BG","3894.00","3906.00"
"21/12/2020 04:00 - 21/12/2020 05:00","BZN|BG","4039.00","4039.00"
"21/12/2020 05:00 - 21/12/2020 06:00","BZN|BG","4417.00","4392.00"
"21/12/2020 06:00 - 21/12/2020 07:00","BZN|BG","4902.00","4870.00"
"21/12/2020 07:00 - 21/12/2020 08:00","BZN|BG","5522.00","5496.00"
"21/12/2020 08:00 - 21/12/2020 09:00","BZN|BG","5885.00","5804.00"
"21/12/2020 09:00 - 21/12/2020 10:00","BZN|BG","5907.00","5839.00"
"21/12/2020 10:00 - 21/12/2020 11:00","BZN|BG","5870.00","5860.00"
"21/12/2020 11:00 - 21/12/2020 12:00","BZN|BG","5774.00","5745.00"
"21/12/2020 12:00 - 21/12/2020 13:00","BZN|BG","5727.00","5720.00"
"21/12/2020 13:00 - 21/12/2020 14:00","BZN|BG","5631.00","5593.00"
"21/12/2020 14:00 - 21/12/2020 15:00","BZN|BG","5632.00","5562.00"
"21/12/2020 15:00 - 21/12/2020 16:00","BZN|BG","5655.00","5690.00"
"21/12/2020 16:00 - 21/12/2020 17:00","BZN|BG","5825.00","5916.00"
"21/12/2020 17:00 - 21/12/2020 18:00","BZN|BG","5912.00","6042.00"
"21/12/2020 18:00 - 21/12/2020 19:00","BZN|BG","5788.00","5932.00"
"21/12/2020 19:00 - 21/12/2020 20:00","BZN|BG","5506.00","5673.00"
"21/12/2020 20:00 - 21/12/2020 21:00","BZN|BG","5217.00","5390.00"
"21/12/2020 21:00 - 21/12/2020 22:00","BZN|BG","5085.00","5175.00"
"21/12/2020 22:00 - 21/12/2020 23:00","BZN|BG","4724.00","4851.00"
"21/12/2020 23:00 - 22/12/2020 00:00","BZN|BG","4352.00","4394.00"
"22/12/2020 00:00 - 22/12/2020 01:00","BZN|BG","4087.00","4158.00"
"22/12/2020 01:00 - 22/12/2020 02:00","BZN|BG","3975.00","4045.00"
"22/12/2020 02:00 - 22/12/2020 03:00","BZN|BG","3913.00","3998.00"
"22/12/2020 03:00 - 22/12/2020 04:00","BZN|BG","3949.00","4023.00"
"22/12/2020 04:00 - 22/12/2020 05:00","BZN|BG","4078.00","4165.00"
"22/12/2020 05:00 - 22/12/2020 06:00","BZN|BG","4401.00","4529.00"
"22/12/2020 06:00 - 22/12/2020 07:00","BZN|BG","4836.00","5028.00"
"22/12/2020 07:00 - 22/12/2020 08:00","BZN|BG","5374.00","5601.00"
"22/12/2020 08:00 - 22/12/2020 09:00","BZN|BG","5692.00","5858.00"
"22/12/2020 09:00 - 22/12/2020 10:00","BZN|BG","5689.00","5816.00"
"22/12/2020 10:00 - 22/12/2020 11:00","BZN|BG","5649.00","5777.00"
"22/12/2020 11:00 - 22/12/2020 12:00","BZN|BG","5612.00","5683.00"
"22/12/2020 12:00 - 22/12/2020 13:00","BZN|BG","5565.00","5631.00"
"22/12/2020 13:00 - 22/12/2020 14:00","BZN|BG","5462.00","5563.00"
"22/12/2020 14:00 - 22/12/2020 15:00","BZN|BG","5454.00","5560.00"
"22/12/2020 15:00 - 22/12/2020 16:00","BZN|BG","5512.00","5675.00"
"22/12/2020 16:00 - 22/12/2020 17:00","BZN|BG","5734.00","5912.00"
"22/12/2020 17:00 - 22/12/2020 18:00","BZN|BG","5828.00","6041.00"
"22/12/2020 18:00 - 22/12/2020 19:00","BZN|BG","5746.00","5937.00"
"22/12/2020 19:00 - 22/12/2020 20:00","BZN|BG","5466.00","5635.00"
"22/12/2020 20:00 - 22/12/2020 21:00","BZN|BG","5196.00","5350.00"
"22/12/2020 21:00 - 22/12/2020 22:00","BZN|BG","5017.00","5164.00"
"22/12/2020 22:00 - 22/12/2020 23:00","BZN|BG","4662.00","4849.00"
"22/12/2020 23:00 - 23/12/2020 00:00","BZN|BG","4207.00","4306.00"
"23/12/2020 00:00 - 23/12/2020 01:00","BZN|BG","3975.00","4042.00"
"23/12/2020 01:00 - 23/12/2020 02:00","BZN|BG","3857.00","3916.00"
"23/12/2020 02:00 - 23/12/2020 03:00","BZN|BG","3808.00","3863.00"
"23/12/2020 03:00 - 23/12/2020 04:00","BZN|BG","3835.00","3891.00"
"23/12/2020 04:00 - 23/12/2020 05:00","BZN|BG","3964.00","4027.00"
"23/12/2020 05:00 - 23/12/2020 06:00","BZN|BG","4265.00","4371.00"
"23/12/2020 06:00 - 23/12/2020 07:00","BZN|BG","4683.00","4845.00"
"23/12/2020 07:00 - 23/12/2020 08:00","BZN|BG","5170.00","5380.00"
"23/12/2020 08:00 - 23/12/2020 09:00","BZN|BG","5506.00","5627.00"
"23/12/2020 09:00 - 23/12/2020 10:00","BZN|BG","5468.00","5609.00"
"23/12/2020 10:00 - 23/12/2020 11:00","BZN|BG","5340.00","5586.00"
"23/12/2020 11:00 - 23/12/2020 12:00","BZN|BG","5111.00","5527.00"
"23/12/2020 12:00 - 23/12/2020 13:00","BZN|BG","4987.00","5493.00"
"23/12/2020 13:00 - 23/12/2020 14:00","BZN|BG","4859.00","5450.00"
"23/12/2020 14:00 - 23/12/2020 15:00","BZN|BG","4869.00","5447.00"
"23/12/2020 15:00 - 23/12/2020 16:00","BZN|BG","5041.00","5541.00"
"23/12/2020 16:00 - 23/12/2020 17:00","BZN|BG","5399.00","5733.00"
"23/12/2020 17:00 - 23/12/2020 18:00","BZN|BG","5492.00","5844.00"
"23/12/2020 18:00 - 23/12/2020 19:00","BZN|BG","5391.00","5742.00"
"23/12/2020 19:00 - 23/12/2020 20:00","BZN|BG","5200.00","5470.00"
"23/12/2020 20:00 - 23/12/2020 21:00","BZN|BG","4925.00","5205.00"
"23/12/2020 21:00 - 23/12/2020 22:00","BZN|BG","4762.00","5031.00"
"23/12/2020 22:00 - 23/12/2020 23:00","BZN|BG","4456.00","4733.00"
"23/12/2020 23:00 - 24/12/2020 00:00","BZN|BG","4082.00","4243.00"
"24/12/2020 00:00 - 24/12/2020 01:00","BZN|BG","3734.00","3921.00"
"24/12/2020 01:00 - 24/12/2020 02:00","BZN|BG","3571.00","3753.00"
"24/12/2020 02:00 - 24/12/2020 03:00","BZN|BG","3517.00","3650.00"
"24/12/2020 03:00 - 24/12/2020 04:00","BZN|BG","3522.00","3661.00"
"24/12/2020 04:00 - 24/12/2020 05:00","BZN|BG","3576.00","3701.00"
"24/12/2020 05:00 - 24/12/2020 06:00","BZN|BG","3718.00","3921.00"
"24/12/2020 06:00 - 24/12/2020 07:00","BZN|BG","4017.00","4260.00"
"24/12/2020 07:00 - 24/12/2020 08:00","BZN|BG","4472.00","4781.00"
"24/12/2020 08:00 - 24/12/2020 09:00","BZN|BG","4782.00","5227.00"
"24/12/2020 09:00 - 24/12/2020 10:00","BZN|BG","4796.00","5219.00"
"24/12/2020 10:00 - 24/12/2020 11:00","BZN|BG","4686.00","5075.00"
"24/12/2020 11:00 - 24/12/2020 12:00","BZN|BG","4586.00","4888.00"
"24/12/2020 12:00 - 24/12/2020 13:00","BZN|BG","4470.00","4748.00"
"24/12/2020 13:00 - 24/12/2020 14:00","BZN|BG","4423.00","4595.00"
"24/12/2020 14:00 - 24/12/2020 15:00","BZN|BG","4557.00","4623.00"
"24/12/2020 15:00 - 24/12/2020 16:00","BZN|BG","4897.00","4890.00"
"24/12/2020 16:00 - 24/12/2020 17:00","BZN|BG","5417.00","5386.00"
"24/12/2020 17:00 - 24/12/2020 18:00","BZN|BG","5265.00","5500.00"
"24/12/2020 18:00 - 24/12/2020 19:00","BZN|BG","4709.00","5332.00"
"24/12/2020 19:00 - 24/12/2020 20:00","BZN|BG","4282.00","4992.00"
"24/12/2020 20:00 - 24/12/2020 21:00","BZN|BG","4057.00","4766.00"
"24/12/2020 21:00 - 24/12/2020 22:00","BZN|BG","4003.00","4610.00"
"24/12/2020 22:00 - 24/12/2020 23:00","BZN|BG","3862.00","4325.00"
"24/12/2020 23:00 - 25/12/2020 00:00","BZN|BG","3590.00","3887.00"
"25/12/2020 00:00 - 25/12/2020 01:00","BZN|BG","3356.00","3664.00"
"25/12/2020 01:00 - 25/12/2020 02:00","BZN|BG","3222.00","3525.00"
"25/12/2020 02:00 - 25/12/2020 03:00","BZN|BG","3175.00","3467.00"
"25/12/2020 03:00 - 25/12/2020 04:00","BZN|BG","3140.00","3470.00"
"25/12/2020 04:00 - 25/12/2020 05:00","BZN|BG","3186.00","3518.00"
"25/12/2020 05:00 - 25/12/2020 06:00","BZN|BG","3288.00","3646.00"
"25/12/2020 06:00 - 25/12/2020 07:00","BZN|BG","3522.00","3887.00"
"25/12/2020 07:00 - 25/12/2020 08:00","BZN|BG","3939.00","4313.00"
"25/12/2020 08:00 - 25/12/2020 09:00","BZN|BG","4278.00","4677.00"
"25/12/2020 09:00 - 25/12/2020 10:00","BZN|BG","4391.00","4842.00"
"25/12/2020 10:00 - 25/12/2020 11:00","BZN|BG","4431.00","4865.00"
"25/12/2020 11:00 - 25/12/2020 12:00","BZN|BG","4279.00","4774.00"
"25/12/2020 12:00 - 25/12/2020 13:00","BZN|BG","4040.00","4606.00"
"25/12/2020 13:00 - 25/12/2020 14:00","BZN|BG","3914.00","4477.00"
"25/12/2020 14:00 - 25/12/2020 15:00","BZN|BG","3959.00","4502.00"
"25/12/2020 15:00 - 25/12/2020 16:00","BZN|BG","4201.00","4705.00"
"25/12/2020 16:00 - 25/12/2020 17:00","BZN|BG","4606.00","5045.00"
"25/12/2020 17:00 - 25/12/2020 18:00","BZN|BG","4564.00","5080.00"
"25/12/2020 18:00 - 25/12/2020 19:00","BZN|BG","4346.00","4932.00"
"25/12/2020 19:00 - 25/12/2020 20:00","BZN|BG","4118.00","4770.00"
"25/12/2020 20:00 - 25/12/2020 21:00","BZN|BG","3943.00","4507.00"
"25/12/2020 21:00 - 25/12/2020 22:00","BZN|BG","3898.00","4468.00"
"25/12/2020 22:00 - 25/12/2020 23:00","BZN|BG","3735.00","4150.00"
"25/12/2020 23:00 - 26/12/2020 00:00","BZN|BG","3679.00","3849.00"
"26/12/2020 00:00 - 26/12/2020 01:00","BZN|BG","3448.00","3551.00"
"26/12/2020 01:00 - 26/12/2020 02:00","BZN|BG","3323.00","3395.00"
"26/12/2020 02:00 - 26/12/2020 03:00","BZN|BG","3247.00","3300.00"
"26/12/2020 03:00 - 26/12/2020 04:00","BZN|BG","3238.00","3310.00"
"26/12/2020 04:00 - 26/12/2020 05:00","BZN|BG","3289.00","3347.00"
"26/12/2020 05:00 - 26/12/2020 06:00","BZN|BG","3395.00","3551.00"
"26/12/2020 06:00 - 26/12/2020 07:00","BZN|BG","3585.00","3864.00"
"26/12/2020 07:00 - 26/12/2020 08:00","BZN|BG","3951.00","4346.00"
"26/12/2020 08:00 - 26/12/2020 09:00","BZN|BG","4321.00","4758.00"
"26/12/2020 09:00 - 26/12/2020 10:00","BZN|BG","4507.00","4751.00"
"26/12/2020 10:00 - 26/12/2020 11:00","BZN|BG","4573.00","4618.00"
"26/12/2020 11:00 - 26/12/2020 12:00","BZN|BG","4554.00","4445.00"
"26/12/2020 12:00 - 26/12/2020 13:00","BZN|BG","4443.00","4315.00"
"26/12/2020 13:00 - 26/12/2020 14:00","BZN|BG","4352.00","4174.00"
"26/12/2020 14:00 - 26/12/2020 15:00","BZN|BG","4361.00","4199.00"
"26/12/2020 15:00 - 26/12/2020 16:00","BZN|BG","4532.00","4447.00"
"26/12/2020 16:00 - 26/12/2020 17:00","BZN|BG","4823.00","4905.00"
"26/12/2020 17:00 - 26/12/2020 18:00","BZN|BG","4884.00","5011.00"
"26/12/2020 18:00 - 26/12/2020 19:00","BZN|BG","4738.00","4856.00"
"26/12/2020 19:00 - 26/12/2020 20:00","BZN|BG","4569.00","4542.00"
"26/12/2020 20:00 - 26/12/2020 21:00","BZN|BG","4374.00","4388.00"
"26/12/2020 21:00 - 26/12/2020 22:00","BZN|BG","4273.00","4333.00"
"26/12/2020 22:00 - 26/12/2020 23:00","BZN|BG","4062.00","4059.00"
"26/12/2020 23:00 - 27/12/2020 00:00","BZN|BG","3777.00","3659.00"
"27/12/2020 00:00 - 27/12/2020 01:00","BZN|BG","3556.00","3505.00"
"27/12/2020 01:00 - 27/12/2020 02:00","BZN|BG","3422.00","3339.00"
"27/12/2020 02:00 - 27/12/2020 03:00","BZN|BG","3364.00","3267.00"
"27/12/2020 03:00 - 27/12/2020 04:00","BZN|BG","3369.00","3258.00"
"27/12/2020 04:00 - 27/12/2020 05:00","BZN|BG","3423.00","3255.00"
"27/12/2020 05:00 - 27/12/2020 06:00","BZN|BG","3522.00","3335.00"
"27/12/2020 06:00 - 27/12/2020 07:00","BZN|BG","3712.00","3582.00"
"27/12/2020 07:00 - 27/12/2020 08:00","BZN|BG","4107.00","4025.00"
"27/12/2020 08:00 - 27/12/2020 09:00","BZN|BG","4516.00","4346.00"
"27/12/2020 09:00 - 27/12/2020 10:00","BZN|BG","4750.00","4341.00"
"27/12/2020 10:00 - 27/12/2020 11:00","BZN|BG","4879.00","4235.00"
"27/12/2020 11:00 - 27/12/2020 12:00","BZN|BG","4868.00","4127.00"
"27/12/2020 12:00 - 27/12/2020 13:00","BZN|BG","4746.00","3978.00"
"27/12/2020 13:00 - 27/12/2020 14:00","BZN|BG","4652.00","3866.00"
"27/12/2020 14:00 - 27/12/2020 15:00","BZN|BG","4648.00","3976.00"
"27/12/2020 15:00 - 27/12/2020 16:00","BZN|BG","4797.00","4193.00"
"27/12/2020 16:00 - 27/12/2020 17:00","BZN|BG","5090.00","4687.00"
"27/12/2020 17:00 - 27/12/2020 18:00","BZN|BG","5123.00","4811.00"
"27/12/2020 18:00 - 27/12/2020 19:00","BZN|BG","4969.00","4668.00"
"27/12/2020 19:00 - 27/12/2020 20:00","BZN|BG","4723.00","4444.00"
"27/12/2020 20:00 - 27/12/2020 21:00","BZN|BG","4472.00","4300.00"
"27/12/2020 21:00 - 27/12/2020 22:00","BZN|BG","4378.00","4184.00"
"27/12/2020 22:00 - 27/12/2020 23:00","BZN|BG","4127.00","4028.00"
"27/12/2020 23:00 - 28/12/2020 00:00","BZN|BG","3829.00","3833.00"
"28/12/2020 00:00 - 28/12/2020 01:00","BZN|BG","3598.00","3607.00"
"28/12/2020 01:00 - 28/12/2020 02:00","BZN|BG","3424.00","3474.00"
"28/12/2020 02:00 - 28/12/2020 03:00","BZN|BG","3365.00","3405.00"
"28/12/2020 03:00 - 28/12/2020 04:00","BZN|BG","3368.00","3388.00"
"28/12/2020 04:00 - 28/12/2020 05:00","BZN|BG","3444.00","3438.00"
"28/12/2020 05:00 - 28/12/2020 06:00","BZN|BG","3615.00","3602.00"
"28/12/2020 06:00 - 28/12/2020 07:00","BZN|BG","3858.00","3865.00"
"28/12/2020 07:00 - 28/12/2020 08:00","BZN|BG","4290.00","4291.00"
"28/12/2020 08:00 - 28/12/2020 09:00","BZN|BG","4678.00","4647.00"
"28/12/2020 09:00 - 28/12/2020 10:00","BZN|BG","4767.00","4694.00"
"28/12/2020 10:00 - 28/12/2020 11:00","BZN|BG","4733.00","4677.00"
"28/12/2020 11:00 - 28/12/2020 12:00","BZN|BG","4637.00","4598.00"
"28/12/2020 12:00 - 28/12/2020 13:00","BZN|BG","4508.00","4500.00"
"28/12/2020 13:00 - 28/12/2020 14:00","BZN|BG","4400.00","4420.00"
"28/12/2020 14:00 - 28/12/2020 15:00","BZN|BG","4372.00","4438.00"
"28/12/2020 15:00 - 28/12/2020 16:00","BZN|BG","4541.00","4681.00"
"28/12/2020 16:00 - 28/12/2020 17:00","BZN|BG","5017.00","5140.00"
"28/12/2020 17:00 - 28/12/2020 18:00","BZN|BG","5185.00","5280.00"
"28/12/2020 18:00 - 28/12/2020 19:00","BZN|BG","5086.00","5141.00"
"28/12/2020 19:00 - 28/12/2020 20:00","BZN|BG","4865.00","4957.00"
"28/12/2020 20:00 - 28/12/2020 21:00","BZN|BG","4586.00","4740.00"
"28/12/2020 21:00 - 28/12/2020 22:00","BZN|BG","4493.00","4583.00"
"28/12/2020 22:00 - 28/12/2020 23:00","BZN|BG","4225.00","4233.00"
"28/12/2020 23:00 - 29/12/2020 00:00","BZN|BG","3906.00","3851.00"
"29/12/2020 00:00 - 29/12/2020 01:00","BZN|BG","3634.00","3615.00"
"29/12/2020 01:00 - 29/12/2020 02:00","BZN|BG","3481.00","3473.00"
"29/12/2020 02:00 - 29/12/2020 03:00","BZN|BG","3468.00","3400.00"
"29/12/2020 03:00 - 29/12/2020 04:00","BZN|BG","3470.00","3423.00"
"29/12/2020 04:00 - 29/12/2020 05:00","BZN|BG","3566.00","3548.00"
"29/12/2020 05:00 - 29/12/2020 06:00","BZN|BG","3803.00","3826.00"
"29/12/2020 06:00 - 29/12/2020 07:00","BZN|BG","4128.00","4274.00"
"29/12/2020 07:00 - 29/12/2020 08:00","BZN|BG","4530.00","4807.00"
"29/12/2020 08:00 - 29/12/2020 09:00","BZN|BG","4721.00","5051.00"
"29/12/2020 09:00 - 29/12/2020 10:00","BZN|BG","4710.00","5072.00"
"29/12/2020 10:00 - 29/12/2020 11:00","BZN|BG","4608.00","5017.00"
"29/12/2020 11:00 - 29/12/2020 12:00","BZN|BG","4461.00","4873.00"
"29/12/2020 12:00 - 29/12/2020 13:00","BZN|BG","4396.00","4768.00"
"29/12/2020 13:00 - 29/12/2020 14:00","BZN|BG","4288.00","4685.00"
"29/12/2020 14:00 - 29/12/2020 15:00","BZN|BG","4280.00","4724.00"
"29/12/2020 15:00 - 29/12/2020 16:00","BZN|BG","4434.00","4909.00"
"29/12/2020 16:00 - 29/12/2020 17:00","BZN|BG","4841.00","5229.00"
"29/12/2020 17:00 - 29/12/2020 18:00","BZN|BG","5031.00","5380.00"
"29/12/2020 18:00 - 29/12/2020 19:00","BZN|BG","4927.00","5282.00"
"29/12/2020 19:00 - 29/12/2020 20:00","BZN|BG","4696.00","5055.00"
"29/12/2020 20:00 - 29/12/2020 21:00","BZN|BG","4477.00","4819.00"
"29/12/2020 21:00 - 29/12/2020 22:00","BZN|BG","4431.00","4693.00"
"29/12/2020 22:00 - 29/12/2020 23:00","BZN|BG","4158.00","4400.00"
"29/12/2020 23:00 - 30/12/2020 00:00","BZN|BG","3823.00","3977.00"
"30/12/2020 00:00 - 30/12/2020 01:00","BZN|BG","3591.00","3768.00"
"30/12/2020 01:00 - 30/12/2020 02:00","BZN|BG","3476.00","3635.00"
"30/12/2020 02:00 - 30/12/2020 03:00","BZN|BG","3396.00","3574.00"
"30/12/2020 03:00 - 30/12/2020 04:00","BZN|BG","3409.00","3585.00"
"30/12/2020 04:00 - 30/12/2020 05:00","BZN|BG","3491.00","3664.00"
"30/12/2020 05:00 - 30/12/2020 06:00","BZN|BG","3726.00","3848.00"
"30/12/2020 06:00 - 30/12/2020 07:00","BZN|BG","4051.00","4149.00"
"30/12/2020 07:00 - 30/12/2020 08:00","BZN|BG","4447.00","4549.00"
"30/12/2020 08:00 - 30/12/2020 09:00","BZN|BG","4733.00","4652.00"
"30/12/2020 09:00 - 30/12/2020 10:00","BZN|BG","4694.00","4705.00"
"30/12/2020 10:00 - 30/12/2020 11:00","BZN|BG","4616.00","4673.00"
"30/12/2020 11:00 - 30/12/2020 12:00","BZN|BG","4502.00","4568.00"
"30/12/2020 12:00 - 30/12/2020 13:00","BZN|BG","4412.00","4480.00"
"30/12/2020 13:00 - 30/12/2020 14:00","BZN|BG","4307.00","4401.00"
"30/12/2020 14:00 - 30/12/2020 15:00","BZN|BG","4293.00","4426.00"
"30/12/2020 15:00 - 30/12/2020 16:00","BZN|BG","4447.00","4648.00"
"30/12/2020 16:00 - 30/12/2020 17:00","BZN|BG","4830.00","5290.00"
"30/12/2020 17:00 - 30/12/2020 18:00","BZN|BG","5065.00","5323.00"
"30/12/2020 18:00 - 30/12/2020 19:00","BZN|BG","4984.00","5179.00"
"30/12/2020 19:00 - 30/12/2020 20:00","BZN|BG","4807.00","4855.00"
"30/12/2020 20:00 - 30/12/2020 21:00","BZN|BG","4601.00","4667.00"
"30/12/2020 21:00 - 30/12/2020 22:00","BZN|BG","4454.00","4579.00"
"30/12/2020 22:00 - 30/12/2020 23:00","BZN|BG","4202.00","4390.00"
"30/12/2020 23:00 - 31/12/2020 00:00","BZN|BG","3529.00","3939.00"
"31/12/2020 00:00 - 31/12/2020 01:00","BZN|BG","3276.00","3668.00"
"31/12/2020 01:00 - 31/12/2020 02:00","BZN|BG","3103.00","3527.00"
"31/12/2020 02:00 - 31/12/2020 03:00","BZN|BG","3027.00","3471.00"
"31/12/2020 03:00 - 31/12/2020 04:00","BZN|BG","3008.00","3433.00"
"31/12/2020 04:00 - 31/12/2020 05:00","BZN|BG","3070.00","3489.00"
"31/12/2020 05:00 - 31/12/2020 06:00","BZN|BG","3208.00","3622.00"
"31/12/2020 06:00 - 31/12/2020 07:00","BZN|BG","3461.00","3835.00"
"31/12/2020 07:00 - 31/12/2020 08:00","BZN|BG","3842.00","4253.00"
"31/12/2020 08:00 - 31/12/2020 09:00","BZN|BG","4047.00","4569.00"
"31/12/2020 09:00 - 31/12/2020 10:00","BZN|BG","4029.00","4722.00"
"31/12/2020 10:00 - 31/12/2020 11:00","BZN|BG","4066.00","4753.00"
"31/12/2020 11:00 - 31/12/2020 12:00","BZN|BG","4034.00","4788.00"
"31/12/2020 12:00 - 31/12/2020 13:00","BZN|BG","4000.00","4768.00"
"31/12/2020 13:00 - 31/12/2020 14:00","BZN|BG","4080.00","4735.00"
"31/12/2020 14:00 - 31/12/2020 15:00","BZN|BG","4288.00","4813.00"
"31/12/2020 15:00 - 31/12/2020 16:00","BZN|BG","4636.00","5111.00"
"31/12/2020 16:00 - 31/12/2020 17:00","BZN|BG","5216.00","5615.00"
"31/12/2020 17:00 - 31/12/2020 18:00","BZN|BG","5252.00","5640.00"
"31/12/2020 18:00 - 31/12/2020 19:00","BZN|BG","4769.00","5274.00"
"31/12/2020 19:00 - 31/12/2020 20:00","BZN|BG","4156.00","4753.00"
"31/12/2020 20:00 - 31/12/2020 21:00","BZN|BG","3775.00","4356.00"
"31/12/2020 21:00 - 31/12/2020 22:00","BZN|BG","3657.00","4261.00"
"31/12/2020 22:00 - 31/12/2020 23:00","BZN|BG","3668.00","4214.00"
"31/12/2020 23:00 - 01/01/2021 00:00","BZN|BG","3685.00","3911.00"
