timestamp,solar_irradiance_w_m2,ambient_temperature_c,humidity_pct
2023-01-01 00:00:00,0.0,12.914790935372611,60.53366235166062
2023-01-01 01:00:00,0.0,14.183630676725812,61.479125598393324
2023-01-01 02:00:00,0.0,13.134150346240249,68.97091066204312
2023-01-01 03:00:00,0.0,12.865090655674084,61.18894139255441
2023-01-01 04:00:00,0.0,12.298788222383426,63.527935542534436
2023-01-01 05:00:00,0.0,5.864877778471655,74.2127726790541
2023-01-01 06:00:00,63.16851262029566,5.319839404119369,67.68534716751742
2023-01-01 07:00:00,196.64124860466666,3.8269961736830354,73.61683745276036
2023-01-01 08:00:00,301.79994365415934,5.669667131032715,74.61976461601085
2023-01-01 09:00:00,475.0694569336262,7.274868640404937,63.755385572030995
2023-01-01 10:00:00,536.7222679895913,8.91622345971825,65.33788993726226
2023-01-01 11:00:00,600.6817244859276,7.743164114842347,56.51364881721939
2023-01-01 12:00:00,650.8363290457562,8.49801180273699,61.69937493008258
2023-01-01 13:00:00,542.779704842426,10.888308563129034,56.353541662382554
2023-01-01 14:00:00,486.26226240156853,10.467421045986631,56.001588356155175
2023-01-01 15:00:00,430.87555402054875,17.869698563251347,46.55465919995724
2023-01-01 16:00:00,280.06567427818044,11.922384795010561,44.66706732991348
2023-01-01 17:00:00,178.51375274236142,16.74982869415741,50.63809391191931
2023-01-01 18:00:00,0.0,21.381071710412588,38.32844492456334
2023-01-01 19:00:00,0.0,17.946861496101082,47.82896405270382
2023-01-01 20:00:00,0.0,17.75762877924369,54.22905882656565
2023-01-01 21:00:00,0.0,17.218370961360232,53.15840546281202
2023-01-01 22:00:00,0.0,16.97307590842849,62.23628026412484
2023-01-01 23:00:00,0.0,19.126044485719024,59.53741436746758
2023-01-02 00:00:00,0.0,10.851649070322951,59.02913427235639
2023-01-02 01:00:00,0.0,16.895154566189742,60.66167623631088
2023-01-02 02:00:00,0.0,9.427458588081677,65.75364214527379
2023-01-02 03:00:00,0.0,10.189153963898011,60.504919194942005
2023-01-02 04:00:00,0.0,8.416884052384642,64.75736891818282
2023-01-02 05:00:00,0.0,9.20983874540412,66.15203699937851
2023-01-02 06:00:00,0.0,3.8829717665078394,62.64103871563488
2023-01-02 07:00:00,240.98142447157088,7.404163267411442,68.41609546957635
2023-01-02 08:00:00,,10.32399213955567,64.49857080110237
2023-01-02 09:00:00,413.6443337852233,3.7534699260619355,60.43168943172273
2023-01-02 10:00:00,591.3276142939133,7.4586328054961255,64.95808741918144
2023-01-02 11:00:00,574.0093220358319,6.7087678502694645,64.50910705362911
2023-01-02 12:00:00,653.1691362700237,10.127147305368037,58.77401190195537
2023-01-02 13:00:00,544.4562630794818,10.760754177198347,54.323350210564946
2023-01-02 14:00:00,505.2983758538486,10.992399074893347,56.21271482006837
2023-01-02 15:00:00,463.82722037822435,14.804031733339238,53.39066234496163
2023-01-02 16:00:00,351.94595943473314,18.88406911255545,49.06017311228848
2023-01-02 17:00:00,173.74502833881235,16.136205996646652,45.63344799993763
2023-01-02 18:00:00,0.0,18.91104119998496,48.92347585173969
2023-01-02 19:00:00,0.0,15.48438193497405,55.11152840553938
2023-01-02 20:00:00,0.0,16.36250013934595,48.77537944638772
2023-01-02 21:00:00,0.0,19.015740406477132,59.883887153291155
2023-01-02 22:00:00,0.0,20.43975737276053,50.607045216858026
2023-01-02 23:00:00,0.0,17.229240277672574,56.51500791452426
2023-01-03 00:00:00,0.0,14.78684127673972,56.98718933842496
2023-01-03 01:00:00,0.0,13.964454419247863,62.91085613405711
2023-01-03 02:00:00,0.0,9.912141869846597,58.731896544027975
2023-01-03 03:00:00,0.0,12.069073719881638,63.7094991750678
2023-01-03 04:00:00,0.0,11.177623462432848,62.77011007770185
2023-01-03 05:00:00,0.0,7.266135985000584,69.90828539906887
2023-01-03 06:00:00,41.23998089983804,6.276720619560396,73.56683580256798
2023-01-03 07:00:00,205.08737852559182,7.149158839355717,70.93764855905586
2023-01-03 08:00:00,290.6658887135651,5.539517865704839,58.40045787320439
2023-01-03 09:00:00,446.1684590288085,6.485137150799976,73.92571003631153
2023-01-03 10:00:00,574.8413200881474,11.416248493412429,62.54354787659743
2023-01-03 11:00:00,665.3949329086954,7.676265249174752,58.05587081344063
2023-01-03 12:00:00,629.3022097711298,8.696277033743586,59.20982079827181
2023-01-03 13:00:00,618.9467687572484,9.564959455900588,56.922279562060474
2023-01-03 14:00:00,517.3373838717638,13.901341280785903,49.72508024230842
2023-01-03 15:00:00,410.6886890996303,13.603423261964949,52.06175180811032
2023-01-03 16:00:00,356.7356225382386,14.11421126114318,47.78559860863463
2023-01-03 17:00:00,222.08577490377695,19.29820608945134,45.73344898451424
2023-01-03 18:00:00,0.0,20.44831576951994,44.303318961907145
2023-01-03 19:00:00,0.0,17.007665164043033,43.83727902874436
2023-01-03 20:00:00,0.0,14.6798774350648,52.586552913836755
2023-01-03 21:00:00,0.0,20.22353967519429,53.2294279084682
2023-01-03 22:00:00,0.0,16.239850108972657,56.86905696899898
2023-01-03 23:00:00,0.0,18.236849223230855,59.161276398925516
2023-01-04 00:00:00,0.0,11.610211778994888,62.5628073113822
2023-01-04 01:00:00,0.0,15.888528361632302,58.92483382631624
2023-01-04 02:00:00,0.0,10.128075555856997,68.95147192928863
2023-01-04 03:00:00,0.0,12.459033381936482,60.26861637993954
2023-01-04 04:00:00,0.0,9.578965550091429,64.3352383052169
2023-01-04 05:00:00,0.0,6.399899888505985,65.94324977005402
2023-01-04 06:00:00,3.670431061420092,6.540194365858366,73.7775336639406
2023-01-04 07:00:00,89.27845258003516,8.127501370597551,71.63560660153703
2023-01-04 08:00:00,317.273382334246,6.762208320649028,69.22497103734786
2023-01-04 09:00:00,475.40334165962133,7.923690417629118,69.32587425203262
2023-01-04 10:00:00,623.8686947109662,11.307148160742898,57.89984715080077
2023-01-04 11:00:00,609.1692392322765,5.179295503877173,63.80473272750534
2023-01-04 12:00:00,619.7807715797654,12.784844564355808,56.03632764346927
2023-01-04 13:00:00,609.829766219841,11.20621701884986,58.78441990611473
2023-01-04 14:00:00,601.3690176293887,10.752851317772304,53.505823161412685
2023-01-04 15:00:00,474.2688831855389,11.442706433555704,50.81067199930632
2023-01-04 16:00:00,304.8698496970649,15.172178632864492,51.850138147499166
2023-01-04 17:00:00,189.3119064886053,18.63636032538676,51.18649650607155
2023-01-04 18:00:00,3.883101973921695,17.491473596370124,45.85347581211518
2023-01-04 19:00:00,0.0,21.368284232647664,47.14335196799116
2023-01-04 20:00:00,0.0,15.648068034315441,47.28534919878329
2023-01-04 21:00:00,0.0,18.32179647646086,41.84685769179781
2023-01-04 22:00:00,0.0,15.241784948298953,56.110393690685264
2023-01-04 23:00:00,0.0,17.520323866787784,58.675459491624636
2023-01-05 00:00:00,0.0,17.461493170094172,59.38807301211998
2023-01-05 01:00:00,0.0,13.39910907315259,54.50219859240624
2023-01-05 02:00:00,0.0,7.479290676645304,65.51381119086382
2023-01-05 03:00:00,0.0,11.532700412877436,57.28846198363247
2023-01-05 04:00:00,0.0,10.561195493366592,72.92561329424598
2023-01-05 05:00:00,0.0,9.253667212703682,64.02894806517583
2023-01-05 06:00:00,0.0,9.963130350837249,72.7674558727335
2023-01-05 07:00:00,137.63403249734415,4.750056072867064,73.33665376857856
2023-01-05 08:00:00,321.4323313992133,8.048150600800472,63.030417538947894
2023-01-05 09:00:00,479.8596943567549,9.277178457121112,59.83027096636846
2023-01-05 10:00:00,643.3587671127929,3.9343907991799068,66.50483782677557
2023-01-05 11:00:00,640.4058958636559,9.084381354618243,57.08051317395859
2023-01-05 12:00:00,666.0695353606179,8.67935872788423,58.99970684387055
2023-01-05 13:00:00,630.4449467197356,10.971758773081156,53.58281025023175
2023-01-05 14:00:00,491.1604824524101,13.383071356976245,45.52697641415697
2023-01-05 15:00:00,462.6371050662048,13.266175532287592,42.51683692708286
2023-01-05 16:00:00,330.29296826349474,14.336302231576349,51.011179267877665
2023-01-05 17:00:00,268.2548077656205,16.998663911994907,46.25443705868004
2023-01-05 18:00:00,0.0,15.709378934880599,47.20554465459062
2023-01-05 19:00:00,0.0,16.311623089863613,52.69944058116783
2023-01-05 20:00:00,0.0,20.046464955812578,54.013682379131104
2023-01-05 21:00:00,0.0,16.185685277316672,51.81697847589442
2023-01-05 22:00:00,0.0,19.21649581442463,51.95880490432806
2023-01-05 23:00:00,0.0,17.855541662726758,58.07280130109216
2023-01-06 00:00:00,0.0,12.373200121998284,55.45621002102273
2023-01-06 01:00:00,0.0,13.022598545523293,63.381312946229144
2023-01-06 02:00:00,0.0,15.213032385674223,65.25788194394389
2023-01-06 03:00:00,0.0,9.30956824668499,69.99433994060354
2023-01-06 04:00:00,0.0,8.896005054960703,60.532393272822326
2023-01-06 05:00:00,0.0,9.506294678963986,65.20143158128225
2023-01-06 06:00:00,0.0,9.195442175438037,64.61663251129967
2023-01-06 07:00:00,148.01572718112735,6.526180849756077,69.06466062303433
2023-01-06 08:00:00,333.6906099572956,5.629793190196195,69.76493597346621
2023-01-06 09:00:00,446.1336275928726,9.873998345242084,70.04984245716288
2023-01-06 10:00:00,509.0385041170242,11.106460484468004,59.53746019711387
2023-01-06 11:00:00,639.682809115,10.539888994023784,57.73976550975125
2023-01-06 12:00:00,616.9169621585359,9.995449864709526,62.530410782340056
2023-01-06 13:00:00,655.8839873481662,9.655367865682502,57.35862382127997
2023-01-06 14:00:00,534.2880719903173,11.163924766466348,58.831789412026346
2023-01-06 15:00:00,528.2700299582223,15.422756060726117,51.51533075140078
2023-01-06 16:00:00,298.3744236603405,16.661610021356847,44.31332190415594
2023-01-06 17:00:00,157.78517571701138,19.870651452591623,41.73216085459296
2023-01-06 18:00:00,32.540688694786866,19.32186618735839,41.405611299772545
2023-01-06 19:00:00,0.0,15.614207933794251,52.912900141861265
2023-01-06 20:00:00,0.0,20.928708815025313,53.63317863534299
2023-01-06 21:00:00,0.0,16.62424728268506,60.085324924202986
2023-01-06 22:00:00,0.0,17.253023458381406,57.675357239282086
2023-01-06 23:00:00,0.0,17.567854679202153,60.867426970538865
2023-01-07 00:00:00,0.0,19.952999338762748,54.77398736082405
2023-01-07 01:00:00,0.0,20.73441574182067,54.007128862114236
2023-01-07 02:00:00,0.0,14.175110477467188,66.969616340429
2023-01-07 03:00:00,0.0,11.042356851138921,68.07774781366366
2023-01-07 04:00:00,0.0,11.030675656155923,67.64184627959816
2023-01-07 05:00:00,0.0,10.494334523823209,69.30231866062034
2023-01-07 06:00:00,10.019714013835062,7.124176685373807,70.45806019745847
2023-01-07 07:00:00,185.4663975540654,10.756532113285056,71.68520461304723
2023-01-07 08:00:00,304.3211159074165,7.4218058775776266,72.12589364997139
2023-01-07 09:00:00,478.13320467943487,8.161595579643201,67.09608361953978
2023-01-07 10:00:00,585.936028226723,9.097360440597113,65.90508363077332
2023-01-07 11:00:00,611.8774692461265,9.562196893304447,62.27515176304688
2023-01-07 12:00:00,737.6751899869026,11.639545360134047,55.26499603097433
2023-01-07 13:00:00,659.4048428036526,10.17424371548585,58.93913684190963
2023-01-07 14:00:00,526.5609894066699,11.845060851302762,47.842635049419194
2023-01-07 15:00:00,495.105201138348,12.314270163866556,56.13022789697475
2023-01-07 16:00:00,292.53483796146327,16.840666820435274,44.074168220405674
2023-01-07 17:00:00,203.09185332388464,18.762178053338335,48.76212412050977
2023-01-07 18:00:00,46.34382316029624,19.073362514205225,44.3552962988802
2023-01-07 19:00:00,0.0,22.106204183624307,49.23225061021005
2023-01-07 20:00:00,0.0,18.950472321536726,49.73220868602762
2023-01-07 21:00:00,0.0,20.094702628114256,44.573624853289544
2023-01-07 22:00:00,0.0,15.974415029622824,56.625038648442334
2023-01-07 23:00:00,0.0,16.430105641365305,54.473264071986506
2023-01-08 00:00:00,0.0,17.489305692037668,61.850486398054805
2023-01-08 01:00:00,0.0,16.34934866900753,60.83062842043387
2023-01-08 02:00:00,0.0,12.510296281577753,65.98339005025566
2023-01-08 03:00:00,0.0,11.402117402574858,62.39686870892723
2023-01-08 04:00:00,0.0,7.0624826835444985,66.83883634283085
2023-01-08 05:00:00,0.0,8.141531088173613,67.09467991150885
2023-01-08 06:00:00,11.067631973200761,9.682844081239057,71.31279449066325
2023-01-08 07:00:00,205.63467286542829,8.45308525138484,74.41116895580505
2023-01-08 08:00:00,333.85594521215063,8.099561619668536,63.386386432686606
2023-01-08 09:00:00,529.5494706109953,7.402222593533628,69.60628128186391
2023-01-08 10:00:00,566.768388693776,7.916204071455838,54.433740654189435
2023-01-08 11:00:00,752.7622170922748,7.534947210839939,56.45576879021087
2023-01-08 12:00:00,691.698432984669,11.495887017311187,53.34639030577714
2023-01-08 13:00:00,609.6691481720387,12.387261795069772,49.396334344702225
2023-01-08 14:00:00,534.5189621008499,14.082267872891716,45.96765825491144
2023-01-08 15:00:00,490.7070041344301,13.599074762186081,52.92425503718265
2023-01-08 16:00:00,324.39735812400033,11.791544337163629,50.52055043019419
2023-01-08 17:00:00,201.10736266767117,19.535176287532792,48.750033446654044
2023-01-08 18:00:00,18.929504982941875,17.33670768759594,51.36613029037553
2023-01-08 19:00:00,0.0,17.168233606554285,50.55014793913749
2023-01-08 20:00:00,0.0,20.485188000734105,51.73160445474206
2023-01-08 21:00:00,0.0,18.109759854802267,51.66699092762979
2023-01-08 22:00:00,0.0,20.414255367705994,47.974346402103855
2023-01-08 23:00:00,0.0,18.5748827631788,59.94381534169378
2023-01-09 00:00:00,0.0,17.601609211715203,55.91329922383806
2023-01-09 01:00:00,0.0,12.055473413528304,59.22987809818614
2023-01-09 02:00:00,0.0,15.65835853608705,62.11600347823126
2023-01-09 03:00:00,0.0,12.204057357166835,62.17493087450604
2023-01-09 04:00:00,0.0,9.495916286821842,66.3097269389439
2023-01-09 05:00:00,0.0,9.278606812879465,69.73691227981415
2023-01-09 06:00:00,2.328348737839996,4.485847676810977,71.87784972889156
2023-01-09 07:00:00,127.76516743286746,8.25622123054118,64.2087723493024
2023-01-09 08:00:00,349.45680660951115,5.175727548950105,66.11816898322235
2023-01-09 09:00:00,496.3984269274835,4.73357503589277,70.93054450113458
2023-01-09 10:00:00,623.8107583682887,4.993599770171834,66.55935294667002
2023-01-09 11:00:00,689.6031073002426,11.217206628174814,67.69165684330676
2023-01-09 12:00:00,615.1838496728761,8.975943777928672,63.161988445181606
2023-01-09 13:00:00,609.9380236222416,14.749011714532124,58.2026664169737
2023-01-09 14:00:00,601.090119329624,12.162867639209653,47.710237729079594
2023-01-09 15:00:00,494.51848390924255,11.372668920743479,55.44090371588644
2023-01-09 16:00:00,355.74721964782174,14.001421685416929,50.05945534019134
2023-01-09 17:00:00,327.59323897228137,19.94873449244741,44.821705539623295
2023-01-09 18:00:00,22.835620427726763,18.118826632147545,48.885241435743794
2023-01-09 19:00:00,0.0,17.933450930067455,52.885917443136705
2023-01-09 20:00:00,0.0,19.554507017019823,51.569218606014545
2023-01-09 21:00:00,0.0,20.033590995383747,47.46930929693988
2023-01-09 22:00:00,0.0,20.665420619825802,55.566572983637414
2023-01-09 23:00:00,0.0,20.374109712219386,52.262594975586445
2023-01-10 00:00:00,0.0,15.650807861873647,60.11188090574049
2023-01-10 01:00:00,0.0,12.271164051902868,61.651017704140024
2023-01-10 02:00:00,0.0,12.543414831205268,63.509681826947244
2023-01-10 03:00:00,0.0,12.337991896002467,68.82417918243631
2023-01-10 04:00:00,0.0,8.442827301030599,64.34521808053364
2023-01-10 05:00:00,0.0,7.213402636542449,77.17407897883649
2023-01-10 06:00:00,27.450407614980538,8.86176849384496,61.01217808621208
2023-01-10 07:00:00,109.90946610732333,7.477485492576508,65.79878975096783
2023-01-10 08:00:00,318.07262193770464,7.435939144274993,68.41973223712183
2023-01-10 09:00:00,520.0771374471848,6.057799526317272,68.3083569025826
2023-01-10 10:00:00,586.1855412268931,7.713391302333654,62.81195382736652
2023-01-10 11:00:00,607.8274234062275,7.279238177795926,61.13081809909586
2023-01-10 12:00:00,645.2876447681654,12.150741975701393,58.4962769926396
2023-01-10 13:00:00,678.1211244807868,13.887929552284202,53.131757314027176
2023-01-10 14:00:00,554.3996751943891,9.677969428975633,60.07688606775943
2023-01-10 15:00:00,485.1774571517693,13.064237703682124,54.89707437480984
2023-01-10 16:00:00,338.7727701654345,13.37728664327166,54.07524747207416
2023-01-10 17:00:00,148.3540870506769,16.31293797175731,44.978904120639676
2023-01-10 18:00:00,85.75776357301311,18.399621636577734,47.75522887377577
2023-01-10 19:00:00,0.0,16.266609671789173,48.7366281389471
2023-01-10 20:00:00,0.0,17.526625527201197,46.55742748414916
2023-01-10 21:00:00,0.0,17.157985367023237,53.86166405227145
2023-01-10 22:00:00,0.0,18.98103223495634,51.288348490582386
2023-01-10 23:00:00,0.0,17.751674514643607,58.74577806207914
2023-01-11 00:00:00,0.0,15.062338572071445,55.25861682320712
2023-01-11 01:00:00,0.0,15.412369693639874,68.16997760454734
2023-01-11 02:00:00,0.0,12.412453509571423,60.86529686033842
2023-01-11 03:00:00,0.0,11.409589187478721,67.10061798533789
2023-01-11 04:00:00,0.0,13.852717859343027,68.9684849221933
2023-01-11 05:00:00,0.0,11.944095095207363,64.74539073159588
2023-01-11 06:00:00,0.0,5.710498782184127,73.28203179295228
2023-01-11 07:00:00,149.21626162709725,9.369723556769893,62.32660706068889
2023-01-11 08:00:00,409.3672575320885,9.128606787729138,71.90102165235805
2023-01-11 09:00:00,495.2628228176127,5.413732143506307,66.34973098810988
2023-01-11 10:00:00,536.2952731231178,9.947216543549043,59.71129845717012
2023-01-11 11:00:00,691.1274631914114,12.339036828451773,57.63375449606438
2023-01-11 12:00:00,762.3844237221947,8.260724066257126,62.03476268362215
2023-01-11 13:00:00,695.7115957312661,10.117893766102302,53.603231949547094
2023-01-11 14:00:00,525.9558326583592,15.541136612432958,48.575146686600036
2023-01-11 15:00:00,459.6941914645246,15.601718571012373,49.38479109388336
2023-01-11 16:00:00,389.42553388830953,17.608766229224997,43.76036182399508
2023-01-11 17:00:00,147.04265230529467,18.429632798666233,55.06735923243414
2023-01-11 18:00:00,17.752777125849217,19.48335794330887,45.265336053174124
2023-01-11 19:00:00,0.0,16.648424379858195,53.074051724517005
2023-01-11 20:00:00,0.0,21.60044909198885,49.38080153910428
2023-01-11 21:00:00,0.0,21.64054862133591,46.24158948740417
2023-01-11 22:00:00,0.0,18.24318461331653,53.78403649567065
2023-01-11 23:00:00,0.0,17.661500466237513,59.30526088412424
2023-01-12 00:00:00,0.0,13.578620993837507,59.52819652355619
2023-01-12 01:00:00,0.0,16.222259781599746,65.66132189260424
2023-01-12 02:00:00,0.0,14.784950882377242,67.35044037943122
2023-01-12 03:00:00,0.0,11.963539694335205,69.62209280174122
2023-01-12 04:00:00,0.0,12.889542718689958,64.44400816187559
2023-01-12 05:00:00,0.0,8.730040849869786,64.31560978393915
2023-01-12 06:00:00,57.65093156264462,9.573895428029521,65.4861084748466
2023-01-12 07:00:00,118.84320725115246,5.805952363830311,69.81019081102723
2023-01-12 08:00:00,387.06890319723914,7.593731697200477,69.04313525502155
2023-01-12 09:00:00,482.0089367728649,7.4965725254088715,56.56542811825377
2023-01-12 10:00:00,550.5763116754658,8.895299420324204,62.59044984421106
2023-01-12 11:00:00,676.3614466009424,8.65914145416295,61.30278617421126
2023-01-12 12:00:00,689.0470940450205,10.377890807605617,56.630325210114826
2023-01-12 13:00:00,633.8686325440598,13.740016071216841,59.295087320455096
2023-01-12 14:00:00,592.6287411169848,12.767307524472518,54.64661228527485
2023-01-12 15:00:00,466.18707045761107,11.980596068086719,57.32226636800472
2023-01-12 16:00:00,345.08304692109067,20.140003807359793,46.338749404606624
2023-01-12 17:00:00,202.76292027917208,20.646384843449212,50.426717548303095
2023-01-12 18:00:00,63.44067264581417,16.252463031444346,55.686627452075356
2023-01-12 19:00:00,0.0,20.81580656717375,52.910667283228264
2023-01-12 20:00:00,0.0,18.634886457846264,45.65713614786955
2023-01-12 21:00:00,0.0,19.96336538734548,50.00361299615774
2023-01-12 22:00:00,0.0,19.42543667968257,51.83607047753935
2023-01-12 23:00:00,0.0,17.414661085435593,58.24968759758751
2023-01-13 00:00:00,0.0,15.20784077286053,62.21204619444803
2023-01-13 01:00:00,0.0,13.947204270015929,58.67082716888909
2023-01-13 02:00:00,0.0,11.942988273070839,64.95671416862471
2023-01-13 03:00:00,0.0,10.558813416957307,58.56908719317231
2023-01-13 04:00:00,0.0,10.641015523934612,73.1746788715528
2023-01-13 05:00:00,0.0,8.101211438692534,66.89989731794697
2023-01-13 06:00:00,14.280619438601894,9.943323812751931,67.97920046331457
2023-01-13 07:00:00,149.48622918516278,10.954309456970767,65.21244964583788
2023-01-13 08:00:00,378.31315577402256,6.615265621293237,71.93333173889943
2023-01-13 09:00:00,496.41852277297846,8.458626147369667,53.42066116072565
2023-01-13 10:00:00,625.4459840965637,9.57858990193256,62.21481604055025
2023-01-13 11:00:00,686.5143086104476,10.476735958752588,59.33835699063292
2023-01-13 12:00:00,651.4985210765024,10.927282639865497,55.651260768880356
2023-01-13 13:00:00,638.9219133256244,13.707822670137643,61.05099484747371
2023-01-13 14:00:00,622.8232435479358,14.739870009394638,48.423892910387224
2023-01-13 15:00:00,508.54135255525284,12.852961529993852,54.73250071367021
2023-01-13 16:00:00,341.49309699812665,18.51368423281187,49.44076242810585
2023-01-13 17:00:00,181.89570832794044,19.79259446568609,52.14977977729902
2023-01-13 18:00:00,51.10659583153708,17.444952318382793,45.88136089138604
2023-01-13 19:00:00,0.0,19.646802732662938,45.31651980689799
2023-01-13 20:00:00,0.0,21.142030089655464,53.15641033558948
2023-01-13 21:00:00,0.0,19.152299422609012,53.12513552201593
2023-01-13 22:00:00,0.0,21.11748062227198,46.1909579413368
2023-01-13 23:00:00,0.0,22.74575778039133,51.469901051951254
2023-01-14 00:00:00,0.0,15.337410062777632,60.94737794482359
2023-01-14 01:00:00,0.0,12.700207192355174,66.00095329000877
2023-01-14 02:00:00,0.0,14.51701931925735,60.681421977091894
2023-01-14 03:00:00,0.0,13.79959286768476,53.37138283716537
2023-01-14 04:00:00,0.0,10.447649380358062,69.59647466308165
2023-01-14 05:00:00,0.0,12.573262767570384,61.83208585643891
2023-01-14 06:00:00,12.966654099537685,6.03601810589447,61.64004236487566
2023-01-14 07:00:00,172.91819377344754,9.499664416376412,55.849067322150745
2023-01-14 08:00:00,347.9888199878408,6.697660486529813,70.56394744701844
2023-01-14 09:00:00,510.449869430964,11.552582982727783,63.738178310255975
2023-01-14 10:00:00,563.2854117756792,12.698260411677204,59.81879663213255
2023-01-14 11:00:00,748.4629953890608,8.133428265361621,66.48938331917024
2023-01-14 12:00:00,647.9772675162762,9.810267856230439,60.573612443156904
2023-01-14 13:00:00,616.1999598501332,14.07564363139208,60.42737835519162
2023-01-14 14:00:00,642.3386740450209,13.13512082846857,47.20464344760535
2023-01-14 15:00:00,518.3100961720049,15.371473962798248,50.247857292509515
2023-01-14 16:00:00,369.07377407021835,16.96015896913242,42.32566040532918
2023-01-14 17:00:00,203.25773631872627,14.312676502771572,48.92613242119235
2023-01-14 18:00:00,0.0,19.077859058565757,46.73920044533786
2023-01-14 19:00:00,0.0,18.325481537653662,51.41551054994995
2023-01-14 20:00:00,0.0,18.923136483248054,50.06383303345118
2023-01-14 21:00:00,0.0,22.592201092719638,52.19752800675984
2023-01-14 22:00:00,0.0,16.59252076219572,57.446947790637545
2023-01-14 23:00:00,0.0,19.77843318866284,63.730498115201144
2023-01-15 00:00:00,0.0,16.48490050026588,57.56691548954273
2023-01-15 01:00:00,0.0,15.036220294552951,57.71779905005801
2023-01-15 02:00:00,0.0,15.623570153032919,63.82940363424156
2023-01-15 03:00:00,0.0,13.17001467945215,62.134075781991264
2023-01-15 04:00:00,0.0,12.184052355368557,72.56322350637441
2023-01-15 05:00:00,0.0,11.736554994875933,65.99885034678111
2023-01-15 06:00:00,9.798662844348911,8.18405717185622,66.37307255288847
2023-01-15 07:00:00,158.76360213923442,7.022797934179585,66.53154137858125
2023-01-15 08:00:00,327.0397553813619,5.8725253078139,70.594261289472
2023-01-15 09:00:00,498.43200539791394,6.5964503432371755,65.07078689545546
2023-01-15 10:00:00,541.1605898612067,14.744862788840315,57.131453685878476
2023-01-15 11:00:00,611.8927860826259,12.289544835283785,65.51663525285224
2023-01-15 12:00:00,663.0248063620922,8.340677628513454,55.33442946227611
2023-01-15 13:00:00,659.6534509892142,9.84499617682723,56.21976620771836
2023-01-15 14:00:00,611.52026614502,15.00655848436648,54.44909111476531
2023-01-15 15:00:00,548.1642565815906,16.690270226300555,43.201321214905924
2023-01-15 16:00:00,380.1876725341756,18.140594031564223,50.12333837952904
2023-01-15 17:00:00,172.64378795554273,17.775555460941384,43.89179156760751
2023-01-15 18:00:00,0.0,18.988070263630327,51.06968938120829
2023-01-15 19:00:00,0.0,20.49414036698262,43.974122538557275
2023-01-15 20:00:00,0.0,20.214612373516157,52.006915691144975
2023-01-15 21:00:00,0.0,15.399780573168837,57.72344197859443
2023-01-15 22:00:00,0.0,18.77937952248574,56.985503980468174
2023-01-15 23:00:00,0.0,16.582654179528152,57.713939503188335
2023-01-16 00:00:00,0.0,17.52608809808987,57.38230454005643
2023-01-16 01:00:00,0.0,21.69909753609479,55.844772926613224
2023-01-16 02:00:00,0.0,14.910628591221453,69.08567871715006
2023-01-16 03:00:00,0.0,11.995691617312922,63.13237654094848
2023-01-16 04:00:00,0.0,13.019268264227348,62.069508183918884
2023-01-16 05:00:00,0.0,10.898400347571984,70.21227556634534
2023-01-16 06:00:00,8.96369927241667,9.819701818469895,64.63300848833161
2023-01-16 07:00:00,180.45827679530262,9.593811488969775,63.33104349592612
2023-01-16 08:00:00,351.55259817995193,12.288752389931926,58.73806100584735
2023-01-16 09:00:00,460.7246663478705,6.118333431886603,64.00919392621462
2023-01-16 10:00:00,603.1201699360133,9.92677699118912,61.77630376963963
2023-01-16 11:00:00,691.519570115938,8.080262313190483,61.932235754047554
2023-01-16 12:00:00,753.336852787799,12.28669055295734,60.591327339899095
2023-01-16 13:00:00,709.9704715095284,10.78537796668553,57.71490271132041
2023-01-16 14:00:00,688.2670612661179,13.340931633062675,51.909191055763564
2023-01-16 15:00:00,460.95115518656723,15.138399702412155,49.70981421299953
2023-01-16 16:00:00,382.5383797068258,19.12729869896226,49.74957391586705
2023-01-16 17:00:00,187.28826099356507,20.255214835276956,51.9626732340758
2023-01-16 18:00:00,87.59211732870698,16.880382930086707,49.3376587225769
2023-01-16 19:00:00,0.0,20.08108844000695,46.15472913287938
2023-01-16 20:00:00,0.0,18.7565055507745,45.99342897077818
2023-01-16 21:00:00,0.0,17.454210396656585,46.49207374402281
2023-01-16 22:00:00,0.0,18.937783582130734,56.12563453628855
2023-01-16 23:00:00,0.0,17.80134037048049,58.41124390931798
2023-01-17 00:00:00,0.0,22.161292435735916,58.29936024337886
2023-01-17 01:00:00,0.0,16.726693384381388,60.12201552240108
2023-01-17 02:00:00,0.0,11.552624461536398,70.50828100229118
2023-01-17 03:00:00,0.0,11.625397184087861,64.17903065989232
2023-01-17 04:00:00,0.0,13.35062605390367,69.87317053218953
2023-01-17 05:00:00,0.0,14.242104321665437,65.72397625920911
2023-01-17 06:00:00,0.0,5.939740415862324,67.32413334366404
2023-01-17 07:00:00,200.54016702210708,4.752455735032372,71.92209659203037
2023-01-17 08:00:00,296.59193021273893,12.049789813788436,66.27050381733414
2023-01-17 09:00:00,567.3863491060009,9.29153286005227,65.78212460704157
2023-01-17 10:00:00,652.3583367682122,7.375121576585507,63.708105260752205
2023-01-17 11:00:00,656.2243725494855,11.134476948170457,59.281189199047446
2023-01-17 12:00:00,630.2771358234943,6.036363985011117,69.46475361815602
2023-01-17 13:00:00,729.1462936002902,12.76169620562407,59.356178477972655
2023-01-17 14:00:00,600.5991381292562,14.963501808731042,54.752702426084156
2023-01-17 15:00:00,543.6406509507652,17.709314012735657,49.664336396170214
2023-01-17 16:00:00,285.6241521417899,15.280067558459795,53.66118841284423
2023-01-17 17:00:00,156.8883992436961,18.721874472970875,49.71104186908037
2023-01-17 18:00:00,0.2097479887274122,17.653162633632327,48.55083108396743
2023-01-17 19:00:00,0.0,20.614181932127916,46.55044850259687
2023-01-17 20:00:00,0.0,18.517166818318824,49.76089299069745
2023-01-17 21:00:00,0.0,19.287212742458838,38.674690685258355
2023-01-17 22:00:00,0.0,17.512381096171044,55.015660448284876
2023-01-17 23:00:00,0.0,19.852772633811473,53.11970936265283
2023-01-18 00:00:00,0.0,19.156272030563642,63.863096338669884
2023-01-18 01:00:00,0.0,15.523042927950609,61.31585481927171
2023-01-18 02:00:00,0.0,14.51584578717037,58.643077677767344
2023-01-18 03:00:00,0.0,9.989272697368099,66.73404626507899
2023-01-18 04:00:00,0.0,10.84001650123674,63.12291401944416
2023-01-18 05:00:00,0.0,10.096319876047538,69.84546972482609
2023-01-18 06:00:00,13.292560479183667,14.48480355660363,66.64879428936867
2023-01-18 07:00:00,151.82805658246411,6.419880787967576,72.5496213607248
2023-01-18 08:00:00,413.1939591406316,11.367724274755188,61.80946494533652
2023-01-18 09:00:00,501.22507983559916,10.63753238644752,63.81726619168883
2023-01-18 10:00:00,655.3778567000319,9.804490183523953,56.70822008735165
2023-01-18 11:00:00,681.0663517650156,13.713970078521294,60.948994088438205
2023-01-18 12:00:00,784.7256772347409,12.183580742464038,58.9131419897083
2023-01-18 13:00:00,748.5792462063393,13.664773917971045,56.15083312512476
2023-01-18 14:00:00,598.247403398316,14.333128491215222,52.18305763032778
2023-01-18 15:00:00,535.4609325020591,18.439421832702692,50.51117741652831
2023-01-18 16:00:00,376.96291810313653,19.63230826487208,53.87379569048579
2023-01-18 17:00:00,236.5127803460204,17.430655909377172,47.14429501714336
2023-01-18 18:00:00,0.0,16.99702783075941,49.32866020914808
2023-01-18 19:00:00,0.0,19.828963480193412,43.81280983290215
2023-01-18 20:00:00,0.0,18.839292668455023,46.45045556988678
2023-01-18 21:00:00,0.0,20.107875605754014,51.33731536949622
2023-01-18 22:00:00,0.0,22.110398489325224,56.28998258132484
2023-01-18 23:00:00,0.0,17.76740717419602,55.0911731158957
2023-01-19 00:00:00,0.0,17.484510530915763,57.38463097811378
2023-01-19 01:00:00,0.0,16.23911703377083,59.25290050509708
2023-01-19 02:00:00,0.0,16.267019057949486,60.384318037140346
2023-01-19 03:00:00,0.0,,68.8463568756335
2023-01-19 04:00:00,0.0,10.356756704008323,61.559997677593806
2023-01-19 05:00:00,0.0,10.750083990978576,72.74871631117763
2023-01-19 06:00:00,0.0,11.774162783686005,64.1786360259517
2023-01-19 07:00:00,180.44475854716308,7.790797440792096,70.92041845163203
2023-01-19 08:00:00,368.24751951238596,4.817051881455168,63.168333919189294
2023-01-19 09:00:00,497.7468238117483,10.014025227736779,66.66834790831648
2023-01-19 10:00:00,528.5168947152838,8.103280093181025,65.70669074548765
2023-01-19 11:00:00,678.1564786580284,7.948183288238909,62.56271664390413
2023-01-19 12:00:00,653.5910230894333,10.321466514112467,53.79100029492443
2023-01-19 13:00:00,708.5081821917415,12.648192307612092,55.67409660458626
2023-01-19 14:00:00,625.8785085607528,13.36066796446249,47.930587029338824
2023-01-19 15:00:00,461.4594222824179,11.7119394499559,51.2047740243618
2023-01-19 16:00:00,332.3302248613459,19.364289687313182,51.70810094985217
2023-01-19 17:00:00,140.29812562746997,21.362548063215645,49.50553367667515
2023-01-19 18:00:00,0.0,21.06935369892456,46.7986483103869
2023-01-19 19:00:00,0.0,18.09034091042369,45.127400010821276
2023-01-19 20:00:00,0.0,20.16717422564388,51.841909486382455
2023-01-19 21:00:00,0.0,20.35266962081441,50.90119014038489
2023-01-19 22:00:00,0.0,20.963898495369367,43.166235998573455
2023-01-19 23:00:00,,20.149478958094363,58.05577982621889
2023-01-20 00:00:00,0.0,16.23183559919591,58.85770322574344
2023-01-20 01:00:00,0.0,16.417088580195152,65.60126070183472
2023-01-20 02:00:00,0.0,15.614744005983388,58.46840017112947
2023-01-20 03:00:00,0.0,16.058913570431315,51.191931192275845
2023-01-20 04:00:00,0.0,13.109196276402352,67.28914390549211
2023-01-20 05:00:00,0.0,12.035655884384658,68.14842676453557
2023-01-20 06:00:00,0.0,9.671684029904997,61.12887808493424
2023-01-20 07:00:00,192.11977552902712,11.725546529425504,62.15143178209633
2023-01-20 08:00:00,350.1186860942413,9.5197087886719,76.91787083003604
2023-01-20 09:00:00,492.65804438570314,7.182452418671355,64.1863313340491
2023-01-20 10:00:00,638.7723365634074,12.310770714296655,63.839002909176706
2023-01-20 11:00:00,715.3577158685825,11.853349054711678,56.470686163170626
2023-01-20 12:00:00,688.003570259328,10.814095154495941,49.161188466519235
2023-01-20 13:00:00,662.0246778409032,12.188282991339296,54.22482551714673
2023-01-20 14:00:00,603.2036006756048,15.29333428703443,50.63406036584599
2023-01-20 15:00:00,409.41998177760877,17.1794670579032,47.88255028609941
2023-01-20 16:00:00,294.0041655939324,18.09476772801532,47.766646183654224
2023-01-20 17:00:00,238.2355497974394,19.56544123075796,48.27435247120357
2023-01-20 18:00:00,65.79870854005144,23.2962503686123,45.02400040036607
2023-01-20 19:00:00,0.0,22.63882445895709,41.6963598684565
2023-01-20 20:00:00,0.0,21.081454379282956,50.747157727113894
2023-01-20 21:00:00,0.0,22.378359316022284,42.01333332069917
2023-01-20 22:00:00,0.0,17.831287812404458,45.8123739038408
2023-01-20 23:00:00,0.0,19.73867798376581,58.087382986923366
2023-01-21 00:00:00,0.0,21.44802167687719,58.374622610923
2023-01-21 01:00:00,0.0,15.94623145724135,60.79730281108318
2023-01-21 02:00:00,0.0,13.134141120172803,58.50798967038569
2023-01-21 03:00:00,0.0,11.972316929609725,63.11040100277435
2023-01-21 04:00:00,0.0,9.650142902726195,66.85134816820343
2023-01-21 05:00:00,0.0,9.01724447403628,62.107801888685415
2023-01-21 06:00:00,0.0,8.892240357524283,65.32517179945746
2023-01-21 07:00:00,141.187070804447,6.222719981319278,71.42616459232259
2023-01-21 08:00:00,423.81375338414205,8.860645645310179,71.93575288399417
2023-01-21 09:00:00,539.1896049555204,10.838408367249857,61.90305680574087
2023-01-21 10:00:00,616.859446894715,7.8177441944104995,66.18763368087932
2023-01-21 11:00:00,747.5707711821661,13.625336137575225,50.531091648862514
2023-01-21 12:00:00,715.7509082683837,12.850993154466162,59.1417560264012
2023-01-21 13:00:00,653.9216375734346,15.337655878043963,50.115378402068096
2023-01-21 14:00:00,678.1033156381661,13.513739869706699,53.815658282486154
2023-01-21 15:00:00,525.4804164249288,18.091373702159327,48.03510024568599
2023-01-21 16:00:00,314.8382418081812,15.645541176620345,54.731478840512615
2023-01-21 17:00:00,176.83544382567868,20.852544666203276,43.07598507353869
2023-01-21 18:00:00,0.0,20.369240079704664,49.59839854008244
2023-01-21 19:00:00,0.0,21.731466375114948,46.08803372898088
2023-01-21 20:00:00,0.0,18.478219766161267,49.47081395538833
2023-01-21 21:00:00,0.0,18.83482425059217,50.84717230206708
2023-01-21 22:00:00,0.0,21.220017836624372,48.93674630289119
2023-01-21 23:00:00,0.0,17.175353656081857,56.35592730833239
2023-01-22 00:00:00,0.0,18.884208927323627,57.37785500867107
2023-01-22 01:00:00,0.0,13.776435000820019,63.07674349321691
2023-01-22 02:00:00,0.0,16.65414476845872,62.667802448034465
2023-01-22 03:00:00,0.0,10.93983544297324,69.65026370723784
2023-01-22 04:00:00,0.0,13.06239621848443,69.8902429652598
2023-01-22 05:00:00,0.0,11.9664175232981,62.81429795103974
2023-01-22 06:00:00,10.818273031193552,8.368100283559603,72.01844647089584
2023-01-22 07:00:00,183.3221144175516,10.326294519560427,62.01971026205588
2023-01-22 08:00:00,348.47531080747757,9.478680869792496,68.26893736714707
2023-01-22 09:00:00,470.03290695769203,8.084557673005497,67.43667630230873
2023-01-22 10:00:00,597.0608965808526,7.744534552266336,55.55301751803698
2023-01-22 11:00:00,721.8827412679033,6.789904272660943,61.976964849787166
2023-01-22 12:00:00,736.1031528692432,12.657096437724771,54.72691496687619
2023-01-22 13:00:00,652.564882442931,10.275276529786149,52.827300703365424
2023-01-22 14:00:00,624.105042020755,15.148484742008,57.17231270229965
2023-01-22 15:00:00,536.3909383742276,15.983814181576008,47.465173116386815
2023-01-22 16:00:00,291.25702143727915,19.316081894001776,44.389044726214365
2023-01-22 17:00:00,207.06604649071468,18.59634603126494,48.0046067443879
2023-01-22 18:00:00,0.0,19.495053193137835,50.2674257783122
2023-01-22 19:00:00,0.0,,46.39665607096579
2023-01-22 20:00:00,0.0,21.62791240129362,53.19467173253781
2023-01-22 21:00:00,0.0,21.38566321522535,52.43107104024369
2023-01-22 22:00:00,0.0,21.092483945449068,43.67036038752958
2023-01-22 23:00:00,0.0,16.12929278383046,54.81748575405673
2023-01-23 00:00:00,0.0,19.59888460992282,55.02374165845196
2023-01-23 01:00:00,0.0,17.863159108591187,61.985864259422094
2023-01-23 02:00:00,0.0,13.051940992795862,53.631615527598
2023-01-23 03:00:00,0.0,13.044232031985327,75.60212604915374
2023-01-23 04:00:00,0.0,12.006692674693594,68.84816465254258
2023-01-23 05:00:00,0.0,10.573672994026106,68.30867071865771
2023-01-23 06:00:00,,10.556874760379294,72.17524009579948
2023-01-23 07:00:00,188.10420794419164,12.152485855876813,75.2265765135876
2023-01-23 08:00:00,325.3102023020251,11.248840705294514,68.51542047519874
2023-01-23 09:00:00,493.3482083219318,6.665313905351634,69.46259543321067
2023-01-23 10:00:00,663.31669754352,11.133294807854321,62.02666505475053
2023-01-23 11:00:00,671.8630164017341,13.50053320190039,57.683630385582006
2023-01-23 12:00:00,752.881158309372,12.858924291327261,54.5968037174966
2023-01-23 13:00:00,649.7504169963553,15.714353829705665,49.838375118289
2023-01-23 14:00:00,644.2571522915539,19.109848141350387,47.04016528103444
2023-01-23 15:00:00,566.3931749174409,18.685640612777945,43.32675260596359
2023-01-23 16:00:00,260.86095690829166,18.583924441232313,47.6771453663312
2023-01-23 17:00:00,154.3324508727162,21.41812488523765,39.55226724847563
2023-01-23 18:00:00,23.08288508722169,20.57123533884927,47.75064181683766
2023-01-23 19:00:00,0.0,20.928668294253175,47.46214019042854
2023-01-23 20:00:00,0.0,20.38247877852139,49.73964755479367
2023-01-23 21:00:00,0.0,24.00768892534748,46.90762925724629
2023-01-23 22:00:00,0.0,18.644602340771485,65.9145879495161
2023-01-23 23:00:00,0.0,22.392683386424373,59.24412190750906
2023-01-24 00:00:00,0.0,19.211632161128524,52.486566279917014
2023-01-24 01:00:00,0.0,13.966205834659029,62.94836943237807
2023-01-24 02:00:00,0.0,15.947202499630627,60.25122842792777
2023-01-24 03:00:00,0.0,9.458936627729411,63.140816009581144
2023-01-24 04:00:00,0.0,13.462919947309857,60.63565835216188
2023-01-24 05:00:00,0.0,12.739726192506481,68.35900366678378
2023-01-24 06:00:00,15.778085695131875,8.831039579637045,65.58636588021572
2023-01-24 07:00:00,170.23921884216094,9.663444347824539,70.96778515246406
2023-01-24 08:00:00,372.9990931289911,13.120218781148356,68.07187371703995
2023-01-24 09:00:00,594.1242668953968,8.4048555473895,70.29322976715105
2023-01-24 10:00:00,660.8221776177721,7.897936316827952,59.71203713810978
2023-01-24 11:00:00,685.1458917378371,13.932590031453698,59.93516742704119
2023-01-24 12:00:00,770.864754592827,16.137078294709376,57.390725358394356
2023-01-24 13:00:00,681.8638181036887,13.666380986728354,52.27009680621996
2023-01-24 14:00:00,544.4522080733904,17.234829984464497,47.638642928703874
2023-01-24 15:00:00,470.7847825128831,19.447770015324668,54.78599442516605
2023-01-24 16:00:00,286.57642201210035,16.726935448571016,49.81910916833016
2023-01-24 17:00:00,173.0180587133193,18.483932930031333,50.301904537831284
2023-01-24 18:00:00,0.7367351675821564,22.869805362663886,42.5493866610438
2023-01-24 19:00:00,0.0,24.377487428799213,41.00591518923611
2023-01-24 20:00:00,0.0,22.337665633996494,45.89651383554093
2023-01-24 21:00:00,0.0,19.247830164378087,50.87999936825097
2023-01-24 22:00:00,0.0,24.3821785597533,46.48147833203378
2023-01-24 23:00:00,0.0,18.39260280514314,55.764319362826896
2023-01-25 00:00:00,0.0,17.66727325855563,51.48289497926835
2023-01-25 01:00:00,0.0,17.5751387604929,55.73224092987406
2023-01-25 02:00:00,0.0,18.445869662328082,64.11756441143585
2023-01-25 03:00:00,0.0,15.492586503387855,66.59707205969316
2023-01-25 04:00:00,0.0,13.167279821622357,64.57625963795391
2023-01-25 05:00:00,0.0,12.021485194015462,62.91820016668446
2023-01-25 06:00:00,25.311274644251395,10.228425735478835,63.50357953646909
2023-01-25 07:00:00,278.77010615837037,10.658272892201138,65.10599380040968
2023-01-25 08:00:00,370.35147047989835,4.278428665509929,71.09571388331858
2023-01-25 09:00:00,523.3969868718357,8.948778945024529,68.23859329286503
2023-01-25 10:00:00,610.4930637896758,10.624040268025464,59.772405284879554
2023-01-25 11:00:00,667.4167804874251,8.792879966540236,55.989590312790746
2023-01-25 12:00:00,759.3670732168871,13.110195456521655,57.44572446238434
2023-01-25 13:00:00,667.167202229662,13.375692108311167,51.01801406334101
2023-01-25 14:00:00,631.7301492600612,18.848500217529516,47.845885086298054
2023-01-25 15:00:00,494.3618655492176,20.03650254194337,53.354649860500956
2023-01-25 16:00:00,382.2360133074142,17.405937682662206,51.878086262619426
2023-01-25 17:00:00,201.28887605767267,19.27851408488443,47.99264020656359
2023-01-25 18:00:00,41.50159777031606,20.38580611238838,41.99201432904237
2023-01-25 19:00:00,0.0,20.229784826313697,48.80249062645028
2023-01-25 20:00:00,0.0,21.727598788954786,52.72997551918033
2023-01-25 21:00:00,0.0,19.616539640857763,49.68919551650897
2023-01-25 22:00:00,0.0,18.27247057373011,59.19766871226163
2023-01-25 23:00:00,0.0,20.825611955818356,59.75817518016365
2023-01-26 00:00:00,0.0,19.72126390884707,63.86485173497052
2023-01-26 01:00:00,0.0,15.406487491698591,62.51772876027612
2023-01-26 02:00:00,0.0,17.25291560192865,64.3799632477521
2023-01-26 03:00:00,0.0,12.64613501145766,71.26188487787104
2023-01-26 04:00:00,0.0,12.968535216479413,68.03271475034875
2023-01-26 05:00:00,0.0,12.860252078509077,64.56493752958461
2023-01-26 06:00:00,0.0,10.198827188289393,65.83382167005641
2023-01-26 07:00:00,139.01319831201107,10.576131606951309,67.59435724189481
2023-01-26 08:00:00,293.58359675231213,8.429345452628308,61.279935835393346
2023-01-26 09:00:00,575.651288663684,9.273716615812846,63.79010603063681
2023-01-26 10:00:00,657.9096858401309,9.854333455936137,66.52957410577311
2023-01-26 11:00:00,702.3855158121664,9.72640736020369,51.371780915237025
2023-01-26 12:00:00,740.6635584697594,12.108656414171886,63.01304783927195
2023-01-26 13:00:00,659.5893407566496,10.812053872060833,60.08346993878222
2023-01-26 14:00:00,729.5651387706419,14.479897246119242,50.2641386641261
2023-01-26 15:00:00,520.9783634831259,16.445368024279237,52.02267606907211
2023-01-26 16:00:00,369.108198492679,17.949845235412692,48.31026167960641
2023-01-26 17:00:00,217.83005140041564,19.221850535781176,52.309036205864146
2023-01-26 18:00:00,19.24036926946862,20.534828763389825,50.935911579072304
2023-01-26 19:00:00,0.0,22.21664273430999,41.36319250983746
2023-01-26 20:00:00,0.0,23.211238888668497,50.086575960030075
2023-01-26 21:00:00,0.0,19.958229244441327,50.19837396320634
2023-01-26 22:00:00,0.0,18.251955452331792,54.13480019508633
2023-01-26 23:00:00,0.0,17.62075660303653,53.276934094602474
2023-01-27 00:00:00,0.0,17.611428891533432,65.2573861915368
2023-01-27 01:00:00,0.0,16.43490636890539,64.94279409515761
2023-01-27 02:00:00,0.0,14.04584260152837,60.67484829283633
2023-01-27 03:00:00,0.0,11.44068713480837,60.8694172352304
2023-01-27 04:00:00,0.0,11.673593078974909,65.3479195469137
2023-01-27 05:00:00,0.0,11.706047287031943,68.88498694084926
2023-01-27 06:00:00,0.0,11.579741242887783,67.89835936465356
2023-01-27 07:00:00,250.83134070222076,8.675433669972232,72.60301769436236
2023-01-27 08:00:00,360.054051616759,8.759839089636417,69.43661359339758
2023-01-27 09:00:00,501.0563567112054,7.936883158494253,68.9098345237645
2023-01-27 10:00:00,594.094844194287,10.3268039704671,63.21457197802837
2023-01-27 11:00:00,641.5866605582677,9.646336778422372,54.619636689944855
2023-01-27 12:00:00,765.6755584783139,13.732090360405685,55.280608334389385
2023-01-27 13:00:00,710.7136461204346,10.461187479439939,60.00976521991469
2023-01-27 14:00:00,582.9805832150516,14.86657538901836,51.70376634189986
2023-01-27 15:00:00,466.3284486265577,17.740963682921894,51.21367640275854
2023-01-27 16:00:00,352.94297958831345,18.953503766568293,46.520848245418776
2023-01-27 17:00:00,256.41018893537205,25.214542749003563,40.27348123133084
2023-01-27 18:00:00,0.0,21.48158720576573,46.03842353062014
2023-01-27 19:00:00,0.0,19.373280497973674,49.621346292868274
2023-01-27 20:00:00,0.0,21.39490623974514,46.02294175278927
2023-01-27 21:00:00,0.0,17.828897024724792,51.14270650821093
2023-01-27 22:00:00,0.0,20.620787658036395,48.8612008422177
2023-01-27 23:00:00,0.0,18.16236330704105,60.39579801673586
2023-01-28 00:00:00,0.0,20.53918271834313,55.623137971296465
2023-01-28 01:00:00,0.0,16.162235888646865,66.7299042361813
2023-01-28 02:00:00,0.0,15.474870335632314,69.03441048383986
2023-01-28 03:00:00,0.0,12.884372213798875,65.1618332644891
2023-01-28 04:00:00,0.0,16.18610487092947,60.60055924465841
2023-01-28 05:00:00,0.0,10.823275947867698,59.2447705151328
2023-01-28 06:00:00,102.93439212999442,14.17736383147458,59.75057640246809
2023-01-28 07:00:00,192.86070178875576,11.54115073372493,60.6622885638184
2023-01-28 08:00:00,368.5593879599457,10.67253562189358,70.83446494839161
2023-01-28 09:00:00,519.4687217669807,10.650313504123437,64.13814159684607
2023-01-28 10:00:00,645.3219263315622,11.29984434094868,62.97904828671378
2023-01-28 11:00:00,705.1512732025993,7.610416321412304,52.31310780355334
2023-01-28 12:00:00,713.0579522916464,12.150635378921294,52.06226423285014
2023-01-28 13:00:00,689.0513320299414,15.845803838976327,56.625417186296986
2023-01-28 14:00:00,636.0884050922082,15.610607800274597,52.68493829990067
2023-01-28 15:00:00,498.6967344060303,14.450936744230784,50.25750728286671
2023-01-28 16:00:00,339.4883849763413,18.60359326606787,50.23016619105401
2023-01-28 17:00:00,194.7491735358523,23.359253886853075,51.863564281116716
2023-01-28 18:00:00,0.0,23.398338020998878,44.68925452503981
2023-01-28 19:00:00,0.0,21.379949106225155,47.659301427244195
2023-01-28 20:00:00,0.0,23.61130072133898,48.307883064763345
2023-01-28 21:00:00,0.0,20.770943084221113,60.18296699898541
2023-01-28 22:00:00,0.0,17.496811416276003,45.78361687336572
2023-01-28 23:00:00,0.0,18.102110878082982,58.68183662011374
2023-01-29 00:00:00,0.0,21.955648257942705,55.63351923681256
2023-01-29 01:00:00,0.0,16.834798827882825,62.849687490795304
2023-01-29 02:00:00,0.0,15.343102762176272,60.35581265242535
2023-01-29 03:00:00,0.0,13.677280057761422,64.89370307796099
2023-01-29 04:00:00,0.0,16.638143900072322,67.25397697813837
2023-01-29 05:00:00,0.0,14.83914786453115,78.03206687190979
2023-01-29 06:00:00,37.427135725898445,,68.42391198536285
2023-01-29 07:00:00,242.18925006599247,9.716225342391796,63.67782816695758
2023-01-29 08:00:00,398.4823530740319,10.4211196984205,63.75125567219131
2023-01-29 09:00:00,477.55314041272186,7.001030664350316,63.68582823428943
2023-01-29 10:00:00,619.2119635395932,13.587587150456226,53.09418609507199
2023-01-29 11:00:00,733.6172399767539,9.251670931271155,59.053803767558676
2023-01-29 12:00:00,690.3458286689272,13.263421848451566,59.22905304224103
2023-01-29 13:00:00,742.5621947345327,12.082351395045496,49.86189582617007
2023-01-29 14:00:00,630.5797582644589,14.652137067448916,56.211007820985536
2023-01-29 15:00:00,507.7223789594272,15.708260129442035,52.16876598934083
2023-01-29 16:00:00,398.0538692404421,17.61412019957467,45.52860000201596
2023-01-29 17:00:00,209.09757872566792,18.994266001747636,46.9367484497748
2023-01-29 18:00:00,0.0,19.929485553782786,53.70113784336019
2023-01-29 19:00:00,0.0,23.292093502221334,49.359941272637286
2023-01-29 20:00:00,0.0,19.62014513480127,49.56820780269957
2023-01-29 21:00:00,0.0,22.066508532688452,49.01601246581183
2023-01-29 22:00:00,0.0,23.46194144824406,51.504913196864436
2023-01-29 23:00:00,0.0,19.0461186790188,53.42988642872138
2023-01-30 00:00:00,0.0,17.514366619784614,49.8943710280518
2023-01-30 01:00:00,0.0,17.04206942153444,68.6476769313717
2023-01-30 02:00:00,0.0,18.30965481800124,62.12332683728937
2023-01-30 03:00:00,0.0,14.785505392571407,66.12803959447996
2023-01-30 04:00:00,0.0,11.887775812064621,66.55188770477261
2023-01-30 05:00:00,0.0,12.675317016536612,63.72187428883334
2023-01-30 06:00:00,0.0,8.549467678900339,67.7089748470673
2023-01-30 07:00:00,135.8158741306322,11.517368464431303,59.77193994928261
2023-01-30 08:00:00,308.94848526354144,10.767419016683354,74.38149073336392
2023-01-30 09:00:00,549.2157795394753,9.53903250126764,59.292435755676586
2023-01-30 10:00:00,591.743731981541,9.076880381678723,58.40424703459209
2023-01-30 11:00:00,787.321474750199,9.934201869593618,58.27186224765759
2023-01-30 12:00:00,659.1501280936462,14.019839073971639,61.07183100160353
2023-01-30 13:00:00,784.9879622024258,16.855251135642817,52.63041042922921
2023-01-30 14:00:00,651.4016047694972,14.675588907222227,47.060808112774666
2023-01-30 15:00:00,521.1068570108341,18.41989207899791,53.87920417325489
2023-01-30 16:00:00,349.41688873213957,14.77615036407568,52.80852071479154
2023-01-30 17:00:00,208.11977055925763,19.023609627084703,49.641935015323455
2023-01-30 18:00:00,0.0,21.084238958244647,49.593410875248495
2023-01-30 19:00:00,0.0,19.926392525050563,57.68604810952902
2023-01-30 20:00:00,0.0,20.077191651700627,58.04492950480175
2023-01-30 21:00:00,0.0,20.410200246076457,48.048038504948586
2023-01-30 22:00:00,0.0,21.7307422806392,58.55961647010484
2023-01-30 23:00:00,0.0,19.818187051586353,56.623579233242424
2023-01-31 00:00:00,0.0,14.59290508416689,61.77048308328772
2023-01-31 01:00:00,0.0,13.380881516161828,55.54047591534577
2023-01-31 02:00:00,0.0,14.855637195102485,62.547492590388345
2023-01-31 03:00:00,0.0,15.431826452308814,60.96099564277484
2023-01-31 04:00:00,0.0,7.574357865366366,72.25246293720261
2023-01-31 05:00:00,0.0,10.827266511394289,71.87068874591408
2023-01-31 06:00:00,0.7373573226157264,9.820719415075361,59.51910149870962
2023-01-31 07:00:00,206.87682665865373,13.050488149499321,65.31481969950877
2023-01-31 08:00:00,351.20590057191157,9.299323927391107,70.49463830497385
2023-01-31 09:00:00,496.0813771707882,11.039790562564281,62.73338886946408
2023-01-31 10:00:00,653.5359215193596,11.15572940828513,64.40894223668707
2023-01-31 11:00:00,681.0522135264664,7.56559390408315,62.62186491846676
2023-01-31 12:00:00,761.9226857971511,14.60578198408031,56.99319757495019
2023-01-31 13:00:00,652.083780461554,14.947246291114286,52.44111694216967
2023-01-31 14:00:00,686.8683368084781,17.085904830166015,45.93387011888178
2023-01-31 15:00:00,546.1174654834025,25.474757234304615,40.84829756287208
2023-01-31 16:00:00,383.0374771568411,14.901141671819659,52.65943261159889
2023-01-31 17:00:00,232.28119780200765,23.761401537458337,45.19713225334636
2023-01-31 18:00:00,66.61897777850315,20.690624934722756,46.37323194389717
2023-01-31 19:00:00,0.0,22.439580317357265,45.15644644175645
2023-01-31 20:00:00,0.0,21.97834306021435,47.13321883847744
2023-01-31 21:00:00,0.0,21.016449841755158,54.679422257074975
2023-01-31 22:00:00,0.0,20.12585411704595,51.52554425318475
2023-01-31 23:00:00,0.0,20.971025709082138,49.150228292252656
2023-02-01 00:00:00,0.0,16.15297746558104,61.96867073019034
2023-02-01 01:00:00,0.0,19.24139746458306,58.559794612249604
2023-02-01 02:00:00,0.0,15.354936049153894,63.104969687046534
2023-02-01 03:00:00,0.0,12.374271910228561,72.17138050075927
2023-02-01 04:00:00,0.0,,66.50151480944413
2023-02-01 05:00:00,0.0,14.458982605530263,66.92724338970977
2023-02-01 06:00:00,0.0,9.920502262185323,63.05146151402658
2023-02-01 07:00:00,139.7171166623515,11.108677137609233,65.49518685206705
2023-02-01 08:00:00,335.32797816349637,8.725412307493455,68.73225227658006
2023-02-01 09:00:00,571.574774006987,11.90761360103723,56.82469826411642
2023-02-01 10:00:00,610.4396220614153,12.362187913798179,61.692838776383915
2023-02-01 11:00:00,828.5088856231739,15.641901838397942,57.582213371380256
2023-02-01 12:00:00,768.4585326004151,12.836196967925972,56.6764989775666
2023-02-01 13:00:00,730.6070479774733,15.971720197825091,57.162775495720425
2023-02-01 14:00:00,614.0812664074446,16.383459938002293,52.489169840900566
2023-02-01 15:00:00,557.4414973190331,20.33198269326555,53.81809301651749
2023-02-01 16:00:00,351.3373952330787,17.749660083706942,44.42340528545783
2023-02-01 17:00:00,,21.919976171798247,46.583710182974265
2023-02-01 18:00:00,102.40338153075187,20.994082689397672,47.113419190548406
2023-02-01 19:00:00,0.0,21.854503462441816,42.867527063483266
2023-02-01 20:00:00,0.0,22.370829827821147,51.982910844962426
2023-02-01 21:00:00,0.0,22.487360609512166,59.05501291865519
2023-02-01 22:00:00,0.0,21.151019195387118,52.28591374355094
2023-02-01 23:00:00,0.0,20.85939191238474,56.590388396902696
2023-02-02 00:00:00,0.0,22.460277487430762,56.1784875203661
2023-02-02 01:00:00,0.0,19.82785501415196,56.231733813295314
2023-02-02 02:00:00,0.0,18.04235055730019,54.35263785963423
2023-02-02 03:00:00,0.0,13.84004804964353,62.18508527307228
2023-02-02 04:00:00,0.0,11.525559715849749,61.39679322858075
2023-02-02 05:00:00,0.0,13.972001801662618,72.83040741140518
2023-02-02 06:00:00,24.872398488687857,12.859982534659354,65.83697656728992
2023-02-02 07:00:00,131.77792421826283,13.453827766073951,63.81761203104985
2023-02-02 08:00:00,346.8275624429495,9.096080120367938,69.66542948845962
2023-02-02 09:00:00,521.7205874198486,10.049389103851293,59.488301036650796
2023-02-02 10:00:00,648.1231637564869,7.828920624548896,60.08863589652751
2023-02-02 11:00:00,751.035129757817,11.276458473065368,59.6340598404618
2023-02-02 12:00:00,758.9341389892188,15.297182393465292,59.39593240814111
2023-02-02 13:00:00,672.7944715073859,13.818136343234876,56.09767200905772
2023-02-02 14:00:00,666.3084149607273,17.585000962708044,51.54394583921713
2023-02-02 15:00:00,556.0447626532617,17.475949430925898,49.64629299520561
2023-02-02 16:00:00,398.30466739318587,19.952155428749517,48.89745909741979
2023-02-02 17:00:00,237.81814203606615,18.251299279794345,48.68096198061984
2023-02-02 18:00:00,33.356886181956256,21.67061269428083,42.31739794343929
2023-02-02 19:00:00,0.0,16.11732438823936,50.19745146213742
2023-02-02 20:00:00,0.0,21.930249055982426,44.08326658684539
2023-02-02 21:00:00,0.0,18.838649842610526,51.90500525029803
2023-02-02 22:00:00,0.0,23.912182828106662,49.05076445917353
2023-02-02 23:00:00,0.0,22.101496764954707,64.1067781086541
2023-02-03 00:00:00,0.0,20.35282446927312,56.73456259117676
2023-02-03 01:00:00,0.0,21.014409230274843,52.87583711981622
2023-02-03 02:00:00,0.0,14.521649463691285,62.85930867493904
2023-02-03 03:00:00,0.0,18.361294630556948,64.82499089754859
2023-02-03 04:00:00,0.0,15.283865633861728,71.77892957799178
2023-02-03 05:00:00,0.0,11.703731243783782,64.79032477835324
2023-02-03 06:00:00,1.1327350452184468,13.494570377000215,59.65040952571788
2023-02-03 07:00:00,196.5708026326148,8.41134052278328,70.98988101460779
2023-02-03 08:00:00,414.97760426309947,8.770454182285611,60.74923233475097
2023-02-03 09:00:00,513.1478195506234,9.406748101127148,62.55200418340648
2023-02-03 10:00:00,657.6009167097577,10.165374666506295,60.95738308552304
2023-02-03 11:00:00,710.6791541839018,10.06372653270117,59.68960292044898
2023-02-03 12:00:00,737.5126549508266,15.865648639531608,57.75328114771137
2023-02-03 13:00:00,716.8032807933579,14.34885943398617,51.09103315386136
2023-02-03 14:00:00,662.641436497467,17.124492442054716,49.685982520813226
2023-02-03 15:00:00,514.6396638127794,16.831694043128724,49.59886833636258
2023-02-03 16:00:00,427.6764970470004,15.778275904243925,49.98184726764064
2023-02-03 17:00:00,159.59626496400503,21.202237909243088,46.79018974421015
2023-02-03 18:00:00,0.0,17.791124977208035,50.121054001973754
2023-02-03 19:00:00,0.0,22.07776937090443,50.40827012283923
2023-02-03 20:00:00,0.0,19.68285242767534,51.072255999273814
2023-02-03 21:00:00,0.0,26.189589461536986,49.719547363268376
2023-02-03 22:00:00,0.0,23.438360372397035,44.881374785995405
2023-02-03 23:00:00,0.0,20.873630775003203,54.764095409161115
2023-02-04 00:00:00,0.0,22.06102740563828,57.95806885000746
2023-02-04 01:00:00,0.0,16.393896366012598,63.7188165952755
2023-02-04 02:00:00,0.0,17.620572807669127,59.07716474872264
2023-02-04 03:00:00,0.0,15.380320647151244,61.60188580714531
2023-02-04 04:00:00,0.0,14.061654212996283,63.400176802680015
2023-02-04 05:00:00,0.0,14.835680363423194,67.72781541785378
2023-02-04 06:00:00,91.95592494477,12.802445833181915,70.46170791341842
2023-02-04 07:00:00,181.65165541227316,11.31550641824458,64.64060959198682
2023-02-04 08:00:00,361.14196074990036,7.2238391778723505,70.6767839150644
2023-02-04 09:00:00,594.0686662326843,8.817966502035606,65.08493598564057
2023-02-04 10:00:00,719.5644306717484,11.092043760430862,61.02738737195499
2023-02-04 11:00:00,711.1840838917052,12.477718111762961,57.915604024846644
2023-02-04 12:00:00,741.1166505280283,11.273206600981094,60.27928979709792
2023-02-04 13:00:00,720.8271006234156,19.80405313087066,52.400284701712955
2023-02-04 14:00:00,602.6035244011489,19.566402160836088,58.66324638068013
2023-02-04 15:00:00,499.1872092886085,19.290764961729035,45.017515716870676
2023-02-04 16:00:00,338.79643093584855,19.677687772896434,49.506156311359135
2023-02-04 17:00:00,165.4532952256946,20.351836797645923,44.707277561930994
2023-02-04 18:00:00,0.0,19.825929552991102,43.882480665237324
2023-02-04 19:00:00,0.0,22.48413004510108,46.78626319903406
2023-02-04 20:00:00,0.0,23.049119130614443,48.36799610282854
2023-02-04 21:00:00,0.0,19.845647857100104,62.749870291690314
2023-02-04 22:00:00,0.0,22.39811930752537,50.99380472268433
2023-02-04 23:00:00,0.0,20.465736639798727,50.2464167621619
2023-02-05 00:00:00,0.0,15.830787071875626,60.247201694859896
2023-02-05 01:00:00,0.0,16.47854643668653,52.46216663147126
2023-02-05 02:00:00,0.0,15.819191120787119,62.37943155868175
2023-02-05 03:00:00,0.0,18.868863231695663,62.55787274360832
2023-02-05 04:00:00,0.0,14.759508436697924,68.52605392374443
2023-02-05 05:00:00,0.0,9.732798362311339,72.02808981655572
2023-02-05 06:00:00,11.566745756312724,12.422322343759049,64.50196696280214
2023-02-05 07:00:00,295.1526084355443,7.756239252019267,67.44762754574614
2023-02-05 08:00:00,354.9504296844137,,61.186478779347425
2023-02-05 09:00:00,516.8118548296154,9.90859792626024,59.53345081763909
2023-02-05 10:00:00,634.0504795144763,11.262977387445433,62.67864278461999
2023-02-05 11:00:00,712.7732511023864,15.055354795595504,52.37798040781585
2023-02-05 12:00:00,735.424573016672,11.072075050461908,55.73490251166143
2023-02-05 13:00:00,782.5529971130987,12.2992515467893,50.869678387008406
2023-02-05 14:00:00,715.7962704910611,15.479203534938398,53.802276728199466
2023-02-05 15:00:00,515.2218812797091,20.276074160284168,55.13948008664836
2023-02-05 16:00:00,347.16580613029714,16.60771003667672,43.762386440135764
2023-02-05 17:00:00,215.7972250945649,15.224731678528553,41.975560229145444
2023-02-05 18:00:00,0.0,20.940236893519042,46.30292740152766
2023-02-05 19:00:00,0.0,23.545438745186658,46.361868580962195
2023-02-05 20:00:00,0.0,25.046925687108065,47.69432013398278
2023-02-05 21:00:00,0.0,21.51563442119402,48.45690072846561
2023-02-05 22:00:00,0.0,21.019701396105035,51.61703974582558
2023-02-05 23:00:00,0.0,23.196844343261187,54.87161947053181
2023-02-06 00:00:00,0.0,16.018330096295266,63.223110883251884
2023-02-06 01:00:00,0.0,17.533686215935216,52.412961810759256
2023-02-06 02:00:00,0.0,17.138661275536222,60.611765855598414
2023-02-06 03:00:00,0.0,16.10333666764105,64.73177007221923
2023-02-06 04:00:00,0.0,12.738200109304342,62.686402137217435
2023-02-06 05:00:00,0.0,12.584054831978506,73.63265111107995
2023-02-06 06:00:00,0.0,6.585006366153497,66.89326390632085
2023-02-06 07:00:00,165.77465252975506,9.645761713284001,66.94015162560439
2023-02-06 08:00:00,326.76694136899994,11.664830920795042,67.04852717646402
2023-02-06 09:00:00,510.9071169855423,8.997670469442339,62.13602561007125
2023-02-06 10:00:00,660.2139050811503,11.67962951615867,53.84444541152316
2023-02-06 11:00:00,809.6331754352238,13.40891781017222,56.58092298724775
2023-02-06 12:00:00,743.1749690177154,13.072715093970578,60.51085231590271
2023-02-06 13:00:00,746.8023789600683,15.545826767064126,51.87950610932738
2023-02-06 14:00:00,660.8820681531922,14.832348365116884,48.541234362113265
2023-02-06 15:00:00,587.6800495211426,17.89750520690914,52.825733004280806
2023-02-06 16:00:00,483.0170075245259,20.978245834864552,45.46037088816296
2023-02-06 17:00:00,176.4717913944806,21.31440010474226,44.302156693028
2023-02-06 18:00:00,0.0,20.78090337926487,47.47996605870826
2023-02-06 19:00:00,0.0,23.001801262002104,49.65389697719859
2023-02-06 20:00:00,0.0,24.187033076959345,56.77648333895812
2023-02-06 21:00:00,0.0,18.453485896265562,55.08220148249691
2023-02-06 22:00:00,0.0,24.272114048304534,55.432750480580935
2023-02-06 23:00:00,0.0,20.327944705443247,52.81216285132696
2023-02-07 00:00:00,0.0,20.71879482740147,52.60768252324153
2023-02-07 01:00:00,0.0,20.81522307882659,58.8417138590632
2023-02-07 02:00:00,0.0,14.124467566460078,64.02330012730073
2023-02-07 03:00:00,0.0,13.896018685450791,60.66614292209172
2023-02-07 04:00:00,0.0,13.2907175691696,65.3808697061117
2023-02-07 05:00:00,0.0,11.057667231552868,69.06843679110008
2023-02-07 06:00:00,55.286359641501086,15.141535689887995,66.59821234544086
2023-02-07 07:00:00,224.41118478560327,9.358715815533014,69.26599673604609
2023-02-07 08:00:00,376.71594423705795,9.756721401947276,66.94235246906851
2023-02-07 09:00:00,548.078971187641,11.481038066392554,61.2314463297235
2023-02-07 10:00:00,712.3297943390894,9.2673634860622,60.3812681111937
2023-02-07 11:00:00,707.9957861728362,11.833812850289197,54.2872879828799
2023-02-07 12:00:00,781.5482672543803,14.50272148342136,62.81718705420954
2023-02-07 13:00:00,724.9396605192312,14.649179881540862,53.729211517706744
2023-02-07 14:00:00,665.2192285961479,16.68104124312111,50.103212905767656
2023-02-07 15:00:00,593.3484982346,17.362065006639394,45.67559594059496
2023-02-07 16:00:00,391.04463017052825,16.838874342559475,60.59578782771882
2023-02-07 17:00:00,200.32025120826373,21.75364207071877,41.82986683574903
2023-02-07 18:00:00,0.0,25.573833526922126,42.770284923802095
2023-02-07 19:00:00,0.0,22.700173180222297,48.385057524757585
2023-02-07 20:00:00,0.0,23.31834319541611,50.08482601577668
2023-02-07 21:00:00,0.0,24.04881542888914,52.80732050641816
2023-02-07 22:00:00,0.0,19.525306390534244,60.39722847498976
2023-02-07 23:00:00,0.0,24.515484964299503,54.766888139693094
2023-02-08 00:00:00,0.0,20.381031580372547,52.65591337076722
2023-02-08 01:00:00,0.0,21.793002056320283,57.07571847135273
2023-02-08 02:00:00,0.0,15.510307996478963,64.13302974130845
2023-02-08 03:00:00,0.0,19.059583562027463,70.67131561528507
2023-02-08 04:00:00,0.0,15.526684975596506,59.3728422088171
2023-02-08 05:00:00,0.0,13.839813472112372,70.89039928484472
2023-02-08 06:00:00,0.0,12.248270473526604,67.32292885173491
2023-02-08 07:00:00,206.97271937491536,10.683761793643631,69.93764447437162
2023-02-08 08:00:00,427.787737016233,13.377437304474686,63.56015673071131
2023-02-08 09:00:00,503.18882426296733,11.461538769488625,59.89950009475038
2023-02-08 10:00:00,671.8854927578558,7.846082157646004,66.15100239960249
2023-02-08 11:00:00,715.4537233008259,10.499360376993652,62.36804391992566
2023-02-08 12:00:00,817.4867992006781,13.604682483141445,60.015334260568
2023-02-08 13:00:00,682.531079707042,16.043457683242927,52.925052616863994
2023-02-08 14:00:00,644.2098319011172,16.86319700972715,48.512259152364656
2023-02-08 15:00:00,559.3379112419907,20.967229837729395,41.353033870764435
2023-02-08 16:00:00,447.46342819121577,16.07417025944969,52.51300133252023
2023-02-08 17:00:00,196.57910921606373,21.506190547656544,47.94246265594767
2023-02-08 18:00:00,0.0,18.536567959459262,44.14117887850198
2023-02-08 19:00:00,0.0,24.29135353622969,43.771825308423146
2023-02-08 20:00:00,0.0,22.787456558642937,46.08238222338039
2023-02-08 21:00:00,0.0,23.611148889309586,43.262487827415534
2023-02-08 22:00:00,0.0,20.44476048905404,49.436337808232274
2023-02-08 23:00:00,0.0,23.777944537961726,48.575706303793716
2023-02-09 00:00:00,0.0,22.16690773523912,54.33718244564886
2023-02-09 01:00:00,0.0,19.80346128376032,56.143479364801586
2023-02-09 02:00:00,0.0,16.824423913394536,55.73662260932811
2023-02-09 03:00:00,0.0,16.690258707096557,71.67343479900515
2023-02-09 04:00:00,0.0,12.669673271146722,71.40273289885612
2023-02-09 05:00:00,0.0,14.551929038043557,62.607957794898276
2023-02-09 06:00:00,26.00804711834644,15.18626777306263,66.22395831039567
2023-02-09 07:00:00,195.9782777372165,13.429124569345381,66.883501304888
2023-02-09 08:00:00,460.13016181148794,9.6242534675066,70.60907093483299
2023-02-09 09:00:00,503.4573612540661,12.010738083933216,59.72021085139308
2023-02-09 10:00:00,608.0090475037593,9.301022896897493,66.78846804830113
2023-02-09 11:00:00,718.5297414002544,13.985598342353487,55.81557961199552
2023-02-09 12:00:00,770.7059232849429,14.984665232846497,50.09366540608213
2023-02-09 13:00:00,755.9396421684119,11.790911457441966,58.001090508537004
2023-02-09 14:00:00,659.3806120264958,14.759890719296692,57.12623408734899
2023-02-09 15:00:00,560.3429677676842,,59.38838522172272
2023-02-09 16:00:00,336.20310500196354,19.481738912839766,42.73282287290671
2023-02-09 17:00:00,257.69589645132237,18.90714522340309,50.34210612862161
2023-02-09 18:00:00,0.0,23.05756828853242,44.10460427024711
2023-02-09 19:00:00,0.0,23.381960582736852,49.51425132045219
2023-02-09 20:00:00,0.0,22.69492014316438,42.11372747400043
2023-02-09 21:00:00,0.0,21.367430364539103,45.265205714936194
2023-02-09 22:00:00,0.0,24.377025082661177,47.6374358051833
2023-02-09 23:00:00,0.0,24.636913320417293,52.997399522463695
2023-02-10 00:00:00,0.0,19.22191352058677,54.89527053437336
2023-02-10 01:00:00,0.0,17.517616924585333,62.877408913361016
2023-02-10 02:00:00,0.0,18.171451819103844,65.67870681297211
2023-02-10 03:00:00,0.0,14.920063458170752,66.86648166617157
2023-02-10 04:00:00,0.0,13.910242086953382,72.24743612547933
2023-02-10 05:00:00,0.0,14.425702104609908,67.45045546551641
2023-02-10 06:00:00,0.0,8.174171890558632,63.77273382367256
2023-02-10 07:00:00,272.70876633691205,14.030086180250779,70.36666619430349
2023-02-10 08:00:00,386.06057283419295,11.334397536938532,62.56903053859913
2023-02-10 09:00:00,491.01277065245347,10.57049524142108,67.35642637803174
2023-02-10 10:00:00,676.5829279781527,11.81441575713032,67.45828134847542
2023-02-10 11:00:00,721.6728574586597,12.871254511201604,60.3911247873208
2023-02-10 12:00:00,808.9595236794825,10.726633881389999,51.581495445826235
2023-02-10 13:00:00,722.8099645855593,18.625998672571196,48.014151997675235
2023-02-10 14:00:00,653.6114140531301,17.271687752821087,55.99827974163762
2023-02-10 15:00:00,472.66214549935427,19.627955019789724,47.58132851725836
2023-02-10 16:00:00,369.57463809000365,22.092136029427934,46.544819514742144
2023-02-10 17:00:00,103.71597595532138,19.389352260278535,50.340621534515165
2023-02-10 18:00:00,0.0,23.33213270905694,48.39181848348028
2023-02-10 19:00:00,0.0,22.449309264216673,47.962341387158
2023-02-10 20:00:00,0.0,24.882578038712836,46.06718324626934
2023-02-10 21:00:00,0.0,18.73013660531127,50.384257914414924
2023-02-10 22:00:00,0.0,22.187000310503944,55.26754278509323
2023-02-10 23:00:00,0.0,20.226035863831214,57.10126019235557
2023-02-11 00:00:00,0.0,21.157602847206537,55.46255093474574
2023-02-11 01:00:00,0.0,19.786079591289756,63.43540945632768
2023-02-11 02:00:00,0.0,15.877825156294172,62.201805210826166
2023-02-11 03:00:00,0.0,14.315814946971011,61.36364705945243
2023-02-11 04:00:00,0.0,14.071746208823566,62.65565071028738
2023-02-11 05:00:00,0.0,11.257151804188522,63.456460752666665
2023-02-11 06:00:00,8.3353123179021,13.780891914135847,64.74732058682987
2023-02-11 07:00:00,119.71702003718578,10.759107587308922,71.48354654996582
2023-02-11 08:00:00,379.1615828874181,5.479100507294942,64.69692327172287
2023-02-11 09:00:00,522.9185471972257,10.747877874960203,64.37996410659231
2023-02-11 10:00:00,633.7872768437522,10.019836881543648,59.43387653753869
2023-02-11 11:00:00,740.3403201758568,9.78788462789705,59.06482152096572
2023-02-11 12:00:00,850.004817450465,11.81822366949308,50.98017095649229
2023-02-11 13:00:00,777.2180463419754,15.95897961898904,52.13835727387933
2023-02-11 14:00:00,651.0049176482371,19.950358602434687,48.59314493007043
2023-02-11 15:00:00,573.101228371384,19.472360164283312,50.496768463725616
2023-02-11 16:00:00,445.02289565168206,19.080070169506744,48.625681957955564
2023-02-11 17:00:00,238.37176209066837,22.447526023398915,40.98266848849236
2023-02-11 18:00:00,,21.571048748206874,50.823861991758186
2023-02-11 19:00:00,0.0,21.699431165346347,48.06329334793931
2023-02-11 20:00:00,0.0,20.984351609472256,49.64454401448143
2023-02-11 21:00:00,0.0,19.584974290169196,51.17078344137484
2023-02-11 22:00:00,0.0,21.709381955525966,50.00372687252796
2023-02-11 23:00:00,0.0,21.851824612897772,54.94529705254602
2023-02-12 00:00:00,0.0,20.202301610633782,58.871755299217604
2023-02-12 01:00:00,0.0,18.116529365383972,52.954152551925795
2023-02-12 02:00:00,0.0,15.504056829270002,60.74978248547299
2023-02-12 03:00:00,0.0,17.059127063418373,62.378851816951965
2023-02-12 04:00:00,0.0,11.761285110770395,67.87144647770447
2023-02-12 05:00:00,0.0,14.70496409123123,70.42076197809288
2023-02-12 06:00:00,69.43855212660998,10.194962490103482,64.54296210687367
2023-02-12 07:00:00,210.00732893925203,10.095123518223083,64.8887940838926
2023-02-12 08:00:00,364.3529143564225,8.46197856943221,64.37572852219009
2023-02-12 09:00:00,532.7671666302649,10.59718969915788,60.495294790002895
2023-02-12 10:00:00,663.3954303923553,14.15002144491289,58.60679565791467
2023-02-12 11:00:00,771.1801354492607,14.184164440432193,60.991126659735784
2023-02-12 12:00:00,801.732688523421,16.352393174719634,50.53790907036263
2023-02-12 13:00:00,731.2654974356409,16.88691977191631,54.26779769465346
2023-02-12 14:00:00,675.2351390296888,15.188209293602824,44.94143218363287
2023-02-12 15:00:00,637.8134143369125,18.286884772623573,46.68300239764388
2023-02-12 16:00:00,459.5113613050289,18.835150692428638,46.537060842601186
2023-02-12 17:00:00,219.54384438770765,24.299339445860927,51.5497689687258
2023-02-12 18:00:00,1.5201391267281072,20.198124080517573,46.07432213041791
2023-02-12 19:00:00,0.0,24.978499287176195,36.77757323233273
2023-02-12 20:00:00,0.0,25.181456690881102,38.75686177762206
2023-02-12 21:00:00,0.0,26.85034431183015,47.71094618947165
2023-02-12 22:00:00,0.0,21.7723281881112,54.49836696828386
2023-02-12 23:00:00,0.0,23.062833956943177,54.97040645203742
2023-02-13 00:00:00,0.0,25.059725810867015,55.210969878590625
2023-02-13 01:00:00,0.0,17.814053054537066,64.74201186275414
2023-02-13 02:00:00,0.0,14.426341642724616,61.285318545181546
2023-02-13 03:00:00,0.0,12.18348779935868,69.41610155470347
2023-02-13 04:00:00,0.0,15.921846195511996,58.238423972450875
2023-02-13 05:00:00,0.0,9.487481034552882,64.63646815097128
2023-02-13 06:00:00,8.978072742398881,11.555631609206857,59.721425225981854
2023-02-13 07:00:00,244.66832085126634,12.575493554132846,64.54107525052991
2023-02-13 08:00:00,459.10646417582933,11.866773211449162,64.53842277470244
2023-02-13 09:00:00,535.6618825232443,12.551756908423268,63.18052751469445
2023-02-13 10:00:00,721.677022658001,12.74484942668441,60.9456610590265
2023-02-13 11:00:00,755.2613030047539,15.811513077296837,53.38403013810467
2023-02-13 12:00:00,776.5936210373965,12.591789376311741,55.8725895733711
2023-02-13 13:00:00,792.1480392842491,14.589517590257147,47.71545453044843
2023-02-13 14:00:00,704.6227044572861,15.951103247247687,56.82051002741278
2023-02-13 15:00:00,490.9615667586321,20.709720032129677,46.502432462067645
2023-02-13 16:00:00,450.8109705065504,22.29721931457946,44.16843925622295
2023-02-13 17:00:00,257.98804291267845,22.641513463545635,52.035004582003516
2023-02-13 18:00:00,0.0,25.059561894275824,39.773826308352625
2023-02-13 19:00:00,0.0,20.935895360770985,43.101500633211124
2023-02-13 20:00:00,0.0,26.83087036089161,41.54282927058755
2023-02-13 21:00:00,0.0,26.33845433894826,47.55928730372795
2023-02-13 22:00:00,0.0,24.16381855498746,52.574064880236484
2023-02-13 23:00:00,0.0,25.302660642450743,55.307371551245964
2023-02-14 00:00:00,0.0,17.28242020105763,68.71732353027123
2023-02-14 01:00:00,0.0,18.099684614502998,50.952427875945446
2023-02-14 02:00:00,0.0,16.12505969504927,65.02926675846541
2023-02-14 03:00:00,0.0,17.485710993312736,60.95682544333022
2023-02-14 04:00:00,0.0,12.495385137208885,64.13405344615302
2023-02-14 05:00:00,0.0,14.868016227968862,63.086903373000055
2023-02-14 06:00:00,45.95062801488414,15.140586481699971,61.52203468623067
2023-02-14 07:00:00,133.8781315647422,13.190517458846765,72.07104383926593
2023-02-14 08:00:00,378.56980959311215,12.163168663736178,67.9444592256799
2023-02-14 09:00:00,511.09451904219696,9.824364976877268,64.18060142579087
2023-02-14 10:00:00,629.0255304082425,10.705812261455815,67.12170924004026
2023-02-14 11:00:00,805.7810690382498,15.852263739887226,51.02375226886089
2023-02-14 12:00:00,767.4268464459993,16.15436462422384,49.529444801744205
2023-02-14 13:00:00,773.2081528123376,15.964713307042961,44.30577241769977
2023-02-14 14:00:00,678.9359662819115,16.759847524881394,48.16556382757378
2023-02-14 15:00:00,574.9629479161676,15.096965140805548,51.170108306140726
2023-02-14 16:00:00,396.14032289164766,18.4539617790443,48.457046811894635
2023-02-14 17:00:00,152.1469937483236,25.661145477811907,44.76679490533356
2023-02-14 18:00:00,39.8506727778857,20.230907897114875,41.512912116865685
2023-02-14 19:00:00,0.0,23.770181216589748,49.3993251318857
2023-02-14 20:00:00,0.0,25.61055456280357,47.49637854206182
2023-02-14 21:00:00,0.0,20.881376238143,53.49152900679248
2023-02-14 22:00:00,0.0,23.161239988681974,43.77777893447863
2023-02-14 23:00:00,0.0,23.71413837855377,54.38889424591427
2023-02-15 00:00:00,0.0,20.718251622068696,51.960365590115714
2023-02-15 01:00:00,0.0,24.98297336020286,54.919220309693124
2023-02-15 02:00:00,0.0,14.356054460497806,65.61628661378901
2023-02-15 03:00:00,0.0,18.25779576740683,63.163679771595746
2023-02-15 04:00:00,,14.347649503461268,62.147421939464635
2023-02-15 05:00:00,0.0,14.99445260080826,65.52786632433354
2023-02-15 06:00:00,41.21133816127369,13.379714858946057,59.91140791986495
2023-02-15 07:00:00,213.6891436906365,10.431385626299793,71.3135800007188
2023-02-15 08:00:00,384.0018302846104,12.151245763172877,63.76009528992094
2023-02-15 09:00:00,549.860239035023,8.181895117723212,69.38325221815968
2023-02-15 10:00:00,680.1935961903488,13.703595556690352,58.11262783409082
2023-02-15 11:00:00,760.3629208676047,14.046929223115963,55.88223143481569
2023-02-15 12:00:00,817.8322139803563,15.970573315540403,51.88741383485824
2023-02-15 13:00:00,763.9296457602903,18.256575357813375,55.37640804786562
2023-02-15 14:00:00,712.3632496555346,18.42849265867362,47.29117479185691
2023-02-15 15:00:00,554.485569794079,19.542346088465873,50.87900545515226
2023-02-15 16:00:00,397.50892373008213,18.931116304931614,46.27722564654449
2023-02-15 17:00:00,124.2095499482919,20.511452138075377,38.84042073139583
2023-02-15 18:00:00,36.65310698809936,25.26287464131549,42.35989979788384
2023-02-15 19:00:00,0.0,26.361478747400565,40.174624538572814
2023-02-15 20:00:00,0.0,23.21703210563009,47.87024059242192
2023-02-15 21:00:00,0.0,23.580813430495155,44.44796234205445
2023-02-15 22:00:00,0.0,21.080176650973296,56.09325971655164
2023-02-15 23:00:00,0.0,24.281407355908375,52.4949928806337
2023-02-16 00:00:00,0.0,22.119985953750856,55.30017540490978
2023-02-16 01:00:00,0.0,23.224501449909923,60.011317826195366
2023-02-16 02:00:00,0.0,16.032506152007823,66.49622890979191
2023-02-16 03:00:00,0.0,15.480222237715738,64.10769710433904
2023-02-16 04:00:00,0.0,15.252044151418444,62.016583336406164
2023-02-16 05:00:00,0.0,14.839490694699554,58.48437618820171
2023-02-16 06:00:00,0.0,12.161664608565403,63.90237527788913
2023-02-16 07:00:00,213.4941887145454,10.247675167725488,64.33551665982091
2023-02-16 08:00:00,430.4398882964908,13.551967364214441,64.30910037935435
2023-02-16 09:00:00,579.342739937233,13.435868073724052,60.90147843858587
2023-02-16 10:00:00,691.2804517163743,10.760451682533217,64.44205840775928
2023-02-16 11:00:00,778.9107783043343,16.25739722145901,54.41936830418774
2023-02-16 12:00:00,887.4109815474123,17.12954972476051,54.13650810938781
2023-02-16 13:00:00,762.0075863243418,16.504831030247757,57.48353425766368
2023-02-16 14:00:00,693.30765737923,17.948348031119373,51.736272590767804
2023-02-16 15:00:00,601.5416402586334,20.45018211921424,47.606555543363115
2023-02-16 16:00:00,439.85821638726,19.065746165854783,45.331942539019344
2023-02-16 17:00:00,252.27808600977187,22.091855951814747,43.421146437232714
2023-02-16 18:00:00,25.54920888116748,18.680537639855572,44.52987155795187
2023-02-16 19:00:00,0.0,25.337618555107582,43.238960029039106
2023-02-16 20:00:00,0.0,20.66616586148358,52.03272617474309
2023-02-16 21:00:00,0.0,26.591546920959708,46.816673454351076
2023-02-16 22:00:00,0.0,22.325064541141032,46.36782309108439
2023-02-16 23:00:00,0.0,21.60845902962423,61.26844765742702
2023-02-17 00:00:00,0.0,19.62786837154287,58.53647893962938
2023-02-17 01:00:00,0.0,18.860172706482857,53.942140044705894
2023-02-17 02:00:00,0.0,20.720398874007955,58.529259103525106
2023-02-17 03:00:00,0.0,11.354804600026597,66.69434646157589
2023-02-17 04:00:00,0.0,17.43726695588826,70.82714150555793
2023-02-17 05:00:00,0.0,14.316742458796014,61.40917893756652
2023-02-17 06:00:00,0.0,10.273140465290819,71.49499925509092
2023-02-17 07:00:00,244.00786345697267,9.937156439878997,72.55757071822538
2023-02-17 08:00:00,444.466878246909,15.236122238128289,60.524175910129955
2023-02-17 09:00:00,512.180162737739,10.19676746609201,62.79156179151306
2023-02-17 10:00:00,711.32628536232,10.380482739813331,57.73507400141842
2023-02-17 11:00:00,794.7757617610931,15.915324581322057,56.22849314501775
2023-02-17 12:00:00,781.8735772454472,15.560441936283711,55.002866773666256
2023-02-17 13:00:00,821.757124601122,14.454570760023959,56.411314612317504
2023-02-17 14:00:00,681.4280590870248,18.31658613452112,54.545586567328854
2023-02-17 15:00:00,566.3075334820804,17.384745087046454,46.38703996771468
2023-02-17 16:00:00,389.96518571856865,23.084978980557093,37.860803642504926
2023-02-17 17:00:00,206.0675386286973,24.248718800577436,44.79066148260631
2023-02-17 18:00:00,0.0,24.1435010040624,46.37499300753081
2023-02-17 19:00:00,0.0,24.402213263940325,46.8683608884945
2023-02-17 20:00:00,0.0,27.40571243344663,44.33359654374812
2023-02-17 21:00:00,0.0,23.678263796222744,49.659876500544364
2023-02-17 22:00:00,0.0,20.715740355576912,58.63335669480036
2023-02-17 23:00:00,0.0,23.02492469649578,55.014474327602144
2023-02-18 00:00:00,0.0,25.147870800646672,53.00314326048449
2023-02-18 01:00:00,0.0,17.499171985815863,58.249622738708084
2023-02-18 02:00:00,0.0,17.25285116818447,61.35101923468923
2023-02-18 03:00:00,0.0,17.255754507160223,69.84728582401796
2023-02-18 04:00:00,0.0,14.867967003560965,64.56022027042728
2023-02-18 05:00:00,0.0,11.768528853698527,67.03655819506791
2023-02-18 06:00:00,39.27061947966377,15.023339991326752,63.286482330903965
2023-02-18 07:00:00,193.08663893438208,16.82030318787255,67.91398506610709
2023-02-18 08:00:00,298.139555722816,12.368039619620257,72.31218345866094
2023-02-18 09:00:00,654.6584444806064,10.372085164366032,65.61640961554254
2023-02-18 10:00:00,633.9738670629475,9.68170322875886,62.560792361582436
2023-02-18 11:00:00,703.284685973428,14.24908797689552,58.022587344249175
2023-02-18 12:00:00,837.1343859159036,17.18353138820496,44.80045478993438
2023-02-18 13:00:00,866.6907321052746,17.37319792394808,55.294004495165225
2023-02-18 14:00:00,744.9276784739122,17.970969019734735,50.894326904623625
2023-02-18 15:00:00,585.5771063790712,18.350147668608955,50.61009113806291
2023-02-18 16:00:00,421.9059579843704,18.79144943613626,45.0310198952845
2023-02-18 17:00:00,240.2165166259395,23.88792004134149,43.51821246342089
2023-02-18 18:00:00,30.357143591470702,24.999472367050245,43.128757460149636
2023-02-18 19:00:00,0.0,20.679872085925386,51.81835266305396
2023-02-18 20:00:00,0.0,27.15545465793381,44.25037907512834
2023-02-18 21:00:00,0.0,24.919474101094856,56.87090423789176
2023-02-18 22:00:00,0.0,25.97111841457066,51.66733810795464
2023-02-18 23:00:00,0.0,19.534161891721496,50.13018841415632
2023-02-19 00:00:00,0.0,18.33479815699762,57.38896810931353
2023-02-19 01:00:00,0.0,19.32142211890903,56.732588451919824
2023-02-19 02:00:00,0.0,19.07201532161889,52.34331670940284
2023-02-19 03:00:00,0.0,20.1062538430673,68.27296006919701
2023-02-19 04:00:00,0.0,16.478604295458762,67.30067463146318
2023-02-19 05:00:00,0.0,13.338443227085147,68.46360765805467
2023-02-19 06:00:00,36.73266424009252,10.817555629790082,67.98024343661633
2023-02-19 07:00:00,143.88321397272964,14.730892655532388,59.03468662773957
2023-02-19 08:00:00,359.7348666880337,10.137035616327069,63.653867883107104
2023-02-19 09:00:00,602.3545961459746,15.527828619638733,64.60320878931668
2023-02-19 10:00:00,652.3430191417402,12.301524745908848,56.71490986873573
2023-02-19 11:00:00,762.4416607442218,17.004969925944916,46.37043777202429
2023-02-19 12:00:00,820.6420682626766,16.424309047947055,53.80886908408261
2023-02-19 13:00:00,732.6932085495574,16.239541218328455,52.31319917472562
2023-02-19 14:00:00,695.8575351291112,17.027653724176247,51.371572554078334
2023-02-19 15:00:00,511.3627288297179,18.937544983751465,51.51709885190691
2023-02-19 16:00:00,375.26528639279866,21.923079852578972,48.8614767123228
2023-02-19 17:00:00,219.4945154833584,22.463400147383215,46.80337914728408
2023-02-19 18:00:00,0.0,22.07497607439772,51.01723090483543
2023-02-19 19:00:00,0.0,23.530738604927645,40.23054834400741
2023-02-19 20:00:00,0.0,24.223600527266797,49.24967274478378
2023-02-19 21:00:00,0.0,19.604533236733285,53.70388683498113
2023-02-19 22:00:00,0.0,24.178935120112527,45.881730934802604
2023-02-19 23:00:00,0.0,20.34964470551417,48.81369521251336
2023-02-20 00:00:00,0.0,18.84865380866001,54.66245695058776
2023-02-20 01:00:00,0.0,16.333544191465208,58.18706213420623
2023-02-20 02:00:00,0.0,14.56753361933572,66.38676529383424
2023-02-20 03:00:00,0.0,13.891509338231796,62.52429342639523
2023-02-20 04:00:00,0.0,13.73727669981052,62.433374187282475
2023-02-20 05:00:00,0.0,17.81919620300535,61.6438669517191
2023-02-20 06:00:00,0.0,11.907406840574462,71.24823252664217
2023-02-20 07:00:00,180.79818684195624,12.715263869873153,65.62274479284675
2023-02-20 08:00:00,344.3961144844306,12.956281388084157,63.46170945402265
2023-02-20 09:00:00,636.3760615813616,12.621894029768788,62.249030990311404
2023-02-20 10:00:00,643.9323825495311,12.80427927091288,65.83665406266981
2023-02-20 11:00:00,745.991007486042,11.522090400753727,56.24226789321017
2023-02-20 12:00:00,772.2643600900689,18.057173711629925,59.16289394712528
2023-02-20 13:00:00,809.504190475656,20.216797631732145,51.73358637981994
2023-02-20 14:00:00,681.8889248335015,14.79000122682613,51.30646760919316
2023-02-20 15:00:00,616.3026747608335,17.66017570391387,59.24531090950469
2023-02-20 16:00:00,373.5607003866636,20.59569793031749,42.752186465334326
2023-02-20 17:00:00,218.47399003294643,20.468883712370403,45.35081510554678
2023-02-20 18:00:00,0.0,24.363402144689864,40.16116736068651
2023-02-20 19:00:00,0.0,22.494329167992685,50.63448006787283
2023-02-20 20:00:00,0.0,28.485430750684706,51.85718610977197
2023-02-20 21:00:00,0.0,26.331970761493103,54.513705744872006
2023-02-20 22:00:00,0.0,23.776619099042563,55.93693310224256
2023-02-20 23:00:00,0.0,24.451931828830247,51.98355221440101
2023-02-21 00:00:00,0.0,23.45416765728082,53.88250462222037
2023-02-21 01:00:00,0.0,18.667386103064842,52.98162785849132
2023-02-21 02:00:00,0.0,16.609932319482272,70.49538223047841
2023-02-21 03:00:00,0.0,16.845738663890373,65.38124621092419
2023-02-21 04:00:00,0.0,16.96563905756209,62.276759462053576
2023-02-21 05:00:00,0.0,14.277846918753752,71.17330409657099
2023-02-21 06:00:00,0.0,9.892221421477576,63.89023783253376
2023-02-21 07:00:00,153.12055032240818,10.841162962930108,68.13410988570115
2023-02-21 08:00:00,398.12515224221966,12.094421081377448,63.91912717164032
2023-02-21 09:00:00,671.21635013267,12.295480642180133,65.40696823843113
2023-02-21 10:00:00,663.5423684614545,16.991298739439188,58.32060883435609
2023-02-21 11:00:00,841.5053183498312,11.227750236648923,53.582413317230646
2023-02-21 12:00:00,870.4209009155975,16.253545292237952,55.10498048374101
2023-02-21 13:00:00,753.7971164637488,19.667678754607657,55.36161719019762
2023-02-21 14:00:00,718.4486743476549,22.785266299411795,47.83364697738578
2023-02-21 15:00:00,633.1638415516388,18.986486232813405,51.67901413967414
2023-02-21 16:00:00,386.4913245367704,22.2252257140066,41.977862589987936
2023-02-21 17:00:00,199.76945510147704,23.62452821008278,45.0826927218792
2023-02-21 18:00:00,0.0,23.829482694379415,42.85981022214344
2023-02-21 19:00:00,0.0,23.840231363822,49.13960444823233
2023-02-21 20:00:00,0.0,25.114317587566294,46.911953205772456
2023-02-21 21:00:00,0.0,18.97342959586124,54.27357990741584
2023-02-21 22:00:00,0.0,24.802658211398096,54.87896023811224
2023-02-21 23:00:00,0.0,22.73736330300942,56.39779264898085
2023-02-22 00:00:00,0.0,20.882615460497682,57.72171836774591
2023-02-22 01:00:00,0.0,23.974203916108458,53.020049007900155
2023-02-22 02:00:00,0.0,16.977697216473114,62.15686119858821
2023-02-22 03:00:00,0.0,15.96849900530903,61.81159211955766
2023-02-22 04:00:00,0.0,19.310671858463685,61.6958148542638
2023-02-22 05:00:00,0.0,12.420801957235218,65.2914624183814
2023-02-22 06:00:00,49.10675969893169,12.031182265474508,62.79211317844631
2023-02-22 07:00:00,160.112757922286,12.237959449458108,57.9798691490105
2023-02-22 08:00:00,469.6908715039157,14.009034218313316,60.979764947024655
2023-02-22 09:00:00,586.3889788376533,12.947615311026434,63.299710152183415
2023-02-22 10:00:00,669.4487649321646,10.54616213704306,56.404763110588675
2023-02-22 11:00:00,775.8958540266375,13.020587440680554,58.55243522554622
2023-02-22 12:00:00,827.909028561684,14.112856387629794,63.474093142608794
2023-02-22 13:00:00,781.1668327894422,16.620208892993002,56.782121774512454
2023-02-22 14:00:00,719.1994788603558,19.179252571313874,56.32768550133281
2023-02-22 15:00:00,532.801274739837,20.716891036445283,49.27786275923276
2023-02-22 16:00:00,409.56240899185065,17.775541745957412,53.05486180865453
2023-02-22 17:00:00,151.9498187937352,24.698087916295215,41.755097119981244
2023-02-22 18:00:00,0.0,24.028855368754098,42.680804637222465
2023-02-22 19:00:00,0.0,26.89218430697644,33.66914379168638
2023-02-22 20:00:00,0.0,25.21596190863556,51.47974669235903
2023-02-22 21:00:00,0.0,26.325766127260152,53.99841285564947
2023-02-22 22:00:00,0.0,24.456808299661102,48.4883345079602
2023-02-22 23:00:00,0.0,25.262657453579003,51.352864447621556
2023-02-23 00:00:00,0.0,22.45538997743297,52.82740891733983
2023-02-23 01:00:00,0.0,19.76797248312673,60.64662796434661
2023-02-23 02:00:00,0.0,22.955758146291174,63.67870535755976
2023-02-23 03:00:00,0.0,18.636048679342068,55.63909099508031
2023-02-23 04:00:00,0.0,16.558377547406238,66.08597195917844
2023-02-23 05:00:00,0.0,11.615639185201454,66.08549332052269
2023-02-23 06:00:00,7.681964659601263,10.638121047763704,67.86192365429746
2023-02-23 07:00:00,196.70657890479035,13.200764711946707,67.16379688099933
2023-02-23 08:00:00,409.2362518098506,12.701931100933892,63.553078943934146
2023-02-23 09:00:00,565.094449722013,11.38708861764637,62.892108277553696
2023-02-23 10:00:00,727.8903422223906,13.4967016819149,59.46670084964416
2023-02-23 11:00:00,818.5325733219086,17.34550187436532,60.20851386997047
2023-02-23 12:00:00,776.3496528168008,16.80169365449801,56.20364065244082
2023-02-23 13:00:00,727.015162507814,14.57595741527681,54.59435544331104
2023-02-23 14:00:00,626.1177802307152,18.187871051111525,45.16540334058273
2023-02-23 15:00:00,591.5128962537366,18.353870014307414,47.38054278971817
2023-02-23 16:00:00,359.7599513716044,20.63548887258029,50.54952559475401
2023-02-23 17:00:00,122.95561375479129,21.82629806125741,46.237637261866986
2023-02-23 18:00:00,15.543144181238663,22.651749962896034,48.58484428659599
2023-02-23 19:00:00,0.0,21.69617291918503,54.28975751144251
2023-02-23 20:00:00,0.0,24.15557934236103,51.41978035616237
2023-02-23 21:00:00,0.0,23.0852283894372,49.83001915608036
2023-02-23 22:00:00,0.0,17.74814374809951,52.01141908434717
2023-02-23 23:00:00,0.0,26.759473441520022,41.4060648950164
2023-02-24 00:00:00,0.0,23.66985178049223,54.56208678068264
2023-02-24 01:00:00,0.0,19.292625292824024,58.04963737032059
2023-02-24 02:00:00,0.0,18.529950571540084,62.95334374130384
2023-02-24 03:00:00,0.0,14.596089506808639,64.01453756897244
2023-02-24 04:00:00,0.0,18.88375822768062,62.00398725872506
2023-02-24 05:00:00,0.0,18.044249174485827,56.860279690728206
2023-02-24 06:00:00,0.0,13.609547505845306,62.16276154078962
2023-02-24 07:00:00,179.40120979022592,14.743818802695166,66.46289799213017
2023-02-24 08:00:00,426.43641876234824,12.842886029926735,71.09904175905979
2023-02-24 09:00:00,536.7838677469266,10.023306636572617,63.5982451467312
2023-02-24 10:00:00,702.5662974758794,12.472513311424942,62.145539999404185
2023-02-24 11:00:00,781.9888433227397,14.513527718483518,61.553148768569464
2023-02-24 12:00:00,853.3878726723274,14.583217034572,52.394263377092834
2023-02-24 13:00:00,801.341532503706,16.502091646573692,54.216210349854926
2023-02-24 14:00:00,700.4379728313087,18.309513357040657,47.22642864665866
2023-02-24 15:00:00,605.4332389865797,19.88346974694309,51.58935965021699
2023-02-24 16:00:00,460.5843269802246,21.596829453053854,47.079790854967456
2023-02-24 17:00:00,231.94342842401437,20.61374302638497,47.88693574273328
2023-02-24 18:00:00,0.4141047937353235,22.25443259650965,43.01498270175827
2023-02-24 19:00:00,0.0,21.71869889839336,50.04057675897096
2023-02-24 20:00:00,0.0,26.44794357143129,54.458025649716035
2023-02-24 21:00:00,0.0,20.076573546112648,46.93006644523085
2023-02-24 22:00:00,0.0,25.995645581399373,48.57258881789004
2023-02-24 23:00:00,0.0,25.507651953703864,53.17260391982044
2023-02-25 00:00:00,0.0,20.967451252454072,59.732451582576395
2023-02-25 01:00:00,0.0,14.918452521379843,59.3025885981522
2023-02-25 02:00:00,0.0,17.849191302484734,50.40013743767905
2023-02-25 03:00:00,0.0,16.890529833226548,68.91969629031833
2023-02-25 04:00:00,0.0,13.550615986561487,68.99412309536838
2023-02-25 05:00:00,0.0,13.298734951683542,59.37884240221157
2023-02-25 06:00:00,0.0,16.436050401439385,62.07910624247462
2023-02-25 07:00:00,204.41406665770853,14.106111793288385,71.14787705174062
2023-02-25 08:00:00,357.64409407473715,10.722684197663114,71.08669782449229
2023-02-25 09:00:00,598.2129460092738,9.58105912949404,67.96403052596877
2023-02-25 10:00:00,764.4978855081265,12.72162536849314,60.005289940734144
2023-02-25 11:00:00,833.1438397638915,13.902258180599153,58.38082058495046
2023-02-25 12:00:00,803.5260527395546,16.564210801145947,54.12363901810235
2023-02-25 13:00:00,844.0224111699969,15.94826473066887,57.538826767740915
2023-02-25 14:00:00,709.2145505024632,19.594811577143037,46.04237033595567
2023-02-25 15:00:00,560.7323579647041,23.9950347771549,42.85108076161023
2023-02-25 16:00:00,381.49577724674384,23.20281447130784,49.71228450137759
2023-02-25 17:00:00,198.07878142704823,22.718276098877052,45.46341612851523
2023-02-25 18:00:00,0.0,23.401663907019355,51.085630857993
2023-02-25 19:00:00,0.0,23.65402111579398,43.55873738390532
2023-02-25 20:00:00,0.0,26.933094251323602,45.657485183490515
2023-02-25 21:00:00,0.0,23.112740492251117,45.75397781449862
2023-02-25 22:00:00,0.0,23.85841026712591,51.029693231311136
2023-02-25 23:00:00,0.0,22.91684891730077,47.62738779335442
2023-02-26 00:00:00,0.0,20.645796625303394,54.79712036434862
2023-02-26 01:00:00,0.0,17.457348185773387,54.52631044740084
2023-02-26 02:00:00,0.0,19.2953140181618,63.784890173176514
2023-02-26 03:00:00,0.0,16.97444279660057,66.30733919101382
2023-02-26 04:00:00,0.0,16.6498459497996,57.48143271347537
2023-02-26 05:00:00,0.0,13.339523710928843,71.66578112653787
2023-02-26 06:00:00,0.0,15.894855185845927,74.76963952306899
2023-02-26 07:00:00,138.63151616422445,11.100262490768364,66.5620975318367
2023-02-26 08:00:00,428.72038817955854,16.073445578962247,60.05567441911268
2023-02-26 09:00:00,606.0386364916257,9.35853703353553,75.61805384724443
2023-02-26 10:00:00,681.9914403123562,14.322752717333612,54.63330200894332
2023-02-26 11:00:00,682.7414720611487,15.357585688860425,57.40163302304618
2023-02-26 12:00:00,792.2739801726349,14.058250875044699,56.61881129218517
2023-02-26 13:00:00,802.0553239630469,17.945238616033365,57.40797117379297
2023-02-26 14:00:00,645.8953935904599,21.208402350446782,50.17790047579138
2023-02-26 15:00:00,583.0068268706862,15.768641602833457,48.19294038515396
2023-02-26 16:00:00,406.44948508444725,22.654854625908094,42.14042859518158
2023-02-26 17:00:00,233.882393651469,17.905464057385593,46.679980690322665
2023-02-26 18:00:00,4.783214736566229,21.91418782658668,42.28779003261353
2023-02-26 19:00:00,0.0,27.703252698462762,44.411471699631846
2023-02-26 20:00:00,0.0,23.485800944142355,45.343460558994494
2023-02-26 21:00:00,0.0,22.097160039842926,43.97526880691954
2023-02-26 22:00:00,0.0,23.44964197566373,56.22520980484758
2023-02-26 23:00:00,0.0,27.027818374372856,49.49540071909741
2023-02-27 00:00:00,0.0,18.061582750663774,52.967213765587026
2023-02-27 01:00:00,0.0,18.17524169241226,59.239342615843704
2023-02-27 02:00:00,0.0,21.71981061143508,60.070435207645474
2023-02-27 03:00:00,0.0,20.887437661536165,54.49861749719129
2023-02-27 04:00:00,0.0,15.518084796495257,66.29495488056796
2023-02-27 05:00:00,0.0,12.004201152903255,62.809269148787315
2023-02-27 06:00:00,58.84681309974434,17.720481825987513,70.71128093408194
2023-02-27 07:00:00,202.8574054381901,16.11827707083981,65.96490674316254
2023-02-27 08:00:00,381.3027960522666,14.08284122060029,62.01583367875497
2023-02-27 09:00:00,618.6882426928194,11.304587589466575,60.36703512399731
2023-02-27 10:00:00,682.5659133338538,13.430736140693119,59.93531346021911
2023-02-27 11:00:00,861.3627962631185,14.161586395866879,60.37036976839972
2023-02-27 12:00:00,843.2484460508973,16.38664985430698,54.634146197685546
2023-02-27 13:00:00,768.805951395413,20.07403585072337,50.09434684609089
2023-02-27 14:00:00,793.0828634539487,20.48378132735063,49.334736250103894
2023-02-27 15:00:00,552.8634582768428,18.123109361721433,46.59480636391596
2023-02-27 16:00:00,437.74952047903554,24.4779401451149,43.66079960975785
2023-02-27 17:00:00,223.20205574052466,23.59385221222142,36.85990413826927
2023-02-27 18:00:00,52.06965157595202,25.29523125950029,48.51988268334677
2023-02-27 19:00:00,0.0,27.45358392136744,45.54019593032782
2023-02-27 20:00:00,0.0,22.501786746048722,44.998429001349535
2023-02-27 21:00:00,0.0,24.44885104539731,56.3705144027223
2023-02-27 22:00:00,0.0,22.858190565064028,51.84841827821736
2023-02-27 23:00:00,0.0,19.8318690814642,50.939491171367116
2023-02-28 00:00:00,0.0,22.49195668743006,59.25152370298697
2023-02-28 01:00:00,0.0,25.374564106004193,57.90491081303496
2023-02-28 02:00:00,0.0,15.118381243208715,64.67598356982491
2023-02-28 03:00:00,0.0,17.181061239506153,61.63465019191607
2023-02-28 04:00:00,0.0,17.079622602369767,65.98957820423979
2023-02-28 05:00:00,0.0,14.802052448413297,64.55194061490897
2023-02-28 06:00:00,48.01655631777702,13.376128204482107,68.26310831465486
2023-02-28 07:00:00,185.46050032395434,10.404549047594163,59.10615089043587
2023-02-28 08:00:00,367.16662666752217,13.264110218100548,62.289305288525355
2023-02-28 09:00:00,599.9403615973259,11.489453820453958,70.1438934810058
2023-02-28 10:00:00,755.9115389386214,9.222540899556481,59.39101208944072
2023-02-28 11:00:00,818.9686554056474,16.945080486128397,54.11210656696305
2023-02-28 12:00:00,857.9280393818323,17.715308371904307,52.27994809942778
2023-02-28 13:00:00,759.9387194362663,17.348944415307255,47.466303248791796
2023-02-28 14:00:00,651.610946082428,19.256686108631627,40.881679591278804
2023-02-28 15:00:00,638.527597574454,22.50008702826647,45.8994076614968
2023-02-28 16:00:00,396.1358724211143,22.247216045776387,46.69242306312589
2023-02-28 17:00:00,201.70295082460848,24.849212528862132,44.36537346141433
2023-02-28 18:00:00,53.127765673962415,23.399724753179154,44.99321676530632
2023-02-28 19:00:00,0.0,27.218059167102524,44.63493066957478
2023-02-28 20:00:00,0.0,25.440108184085588,50.71445754466788
2023-02-28 21:00:00,0.0,24.98219557716638,47.747117467699944
2023-02-28 22:00:00,0.0,21.45456697750279,49.90583384207935
2023-02-28 23:00:00,0.0,23.615089127942923,52.06795349647619
2023-03-01 00:00:00,0.0,20.206201831217516,59.28483848423851
2023-03-01 01:00:00,0.0,19.14646048376456,65.07487727229072
2023-03-01 02:00:00,0.0,17.239360409574182,59.52459908802858
2023-03-01 03:00:00,0.0,15.184727531792847,64.73157461249463
2023-03-01 04:00:00,0.0,20.119654472240345,64.02100914193622
2023-03-01 05:00:00,0.0,17.290149103063943,60.38461342155274
2023-03-01 06:00:00,0.0,17.514694247788313,64.05172815527007
2023-03-01 07:00:00,178.6599539347951,10.628766669360886,60.75112446622669
2023-03-01 08:00:00,368.20130280596265,13.012619166028207,57.07434345152069
2023-03-01 09:00:00,501.164345827661,10.487541458063822,65.22321490253712
2023-03-01 10:00:00,792.378153400974,12.282569489105663,59.3937686509442
2023-03-01 11:00:00,747.9186154021893,12.79121701225399,59.41351312435788
2023-03-01 12:00:00,811.1371961901772,18.349279679089545,53.68322789160166
2023-03-01 13:00:00,780.9744180354998,16.52473803938778,48.832030785650915
2023-03-01 14:00:00,722.4261361157253,21.006870333594456,48.65869337585305
2023-03-01 15:00:00,612.448097904273,21.631267715998582,42.32375769166578
2023-03-01 16:00:00,444.4126101011938,26.477389170416,49.59778823648505
2023-03-01 17:00:00,188.90524308559804,20.153863907046258,41.499186667037016
2023-03-01 18:00:00,0.0,26.584730568486652,43.1970870215698
2023-03-01 19:00:00,0.0,26.95854836474229,40.42343623516436
2023-03-01 20:00:00,0.0,22.923353990152354,50.163153448874624
2023-03-01 21:00:00,0.0,26.679933296887153,46.33430786643041
2023-03-01 22:00:00,0.0,24.738554014965512,48.48550375321223
2023-03-01 23:00:00,0.0,22.657799833418895,57.08390626349677
2023-03-02 00:00:00,0.0,20.291779863892774,57.04238479558399
2023-03-02 01:00:00,0.0,19.05434620555353,61.5394046809671
2023-03-02 02:00:00,0.0,23.039275029408625,55.21191298871821
2023-03-02 03:00:00,0.0,17.38810220513661,57.61488435199717
2023-03-02 04:00:00,0.0,17.503910840899692,64.40428303802324
2023-03-02 05:00:00,0.0,13.11521138738238,65.16700888432989
2023-03-02 06:00:00,0.0,12.183792522686863,69.14124903878489
2023-03-02 07:00:00,236.16097490039658,15.308065498602247,63.954536670324195
2023-03-02 08:00:00,460.448560547365,10.240498414733707,66.35690639906404
2023-03-02 09:00:00,581.9755936235568,12.31366834429182,56.34963570808912
2023-03-02 10:00:00,724.0828538889293,13.811553237274605,67.71852350063989
2023-03-02 11:00:00,861.919742489717,14.919755354397594,56.88315438267308
2023-03-02 12:00:00,831.464602559582,15.58146426780446,57.9290633866344
2023-03-02 13:00:00,897.8984692715233,18.178376129413493,48.566445254414745
2023-03-02 14:00:00,734.3499192102327,20.325362349472396,50.41250418464079
2023-03-02 15:00:00,510.6942201878818,21.96184019937056,41.87949761594023
2023-03-02 16:00:00,441.0509025342009,19.96804322050112,49.09684313247558
2023-03-02 17:00:00,227.9527495455042,22.61398132909846,44.269112997907435
2023-03-02 18:00:00,51.59011016330992,26.525328984297282,44.126690913281074
2023-03-02 19:00:00,0.0,26.524500170718927,47.60144280488542
2023-03-02 20:00:00,0.0,22.193931934874644,43.31601853818918
2023-03-02 21:00:00,0.0,25.438165596275585,45.54295027941102
2023-03-02 22:00:00,0.0,20.179352761793783,54.66906838263
2023-03-02 23:00:00,0.0,23.276161329076796,61.75480523364859
2023-03-03 00:00:00,0.0,,53.61688918485129
2023-03-03 01:00:00,0.0,18.664262477231095,62.032413233080185
2023-03-03 02:00:00,0.0,17.33848755017078,61.55972459497307
2023-03-03 03:00:00,0.0,18.982278933684533,70.20604614245843
2023-03-03 04:00:00,0.0,12.92153061073465,59.2777546370842
2023-03-03 05:00:00,0.0,13.498982894264579,66.62899273154514
2023-03-03 06:00:00,47.86525946582604,15.003863493610815,58.723298729258886
2023-03-03 07:00:00,188.77903421204516,11.943006988040725,55.930413454108276
2023-03-03 08:00:00,406.452807004659,12.535193666731999,65.57910562859765
2023-03-03 09:00:00,582.9797557077571,14.6999501040496,62.208016132565035
2023-03-03 10:00:00,681.8859617583239,14.654073385520432,58.60416791709115
2023-03-03 11:00:00,821.4937956571641,15.298129746625461,56.92615876652825
2023-03-03 12:00:00,818.7890613988403,15.328889082613864,67.65820083415792
2023-03-03 13:00:00,812.3438760596908,18.194341601076726,50.870128647335896
2023-03-03 14:00:00,677.7822071695297,18.75966828095443,52.00380905503071
2023-03-03 15:00:00,564.8938959056529,21.475659131620638,44.73650792545865
2023-03-03 16:00:00,440.70874798468657,21.013269590917986,47.946888894390874
2023-03-03 17:00:00,198.25702430114995,22.884636379514145,44.604747110020455
2023-03-03 18:00:00,69.0785540493363,22.223370478756546,44.51883421939026
2023-03-03 19:00:00,0.0,24.73267337887588,52.98105420908785
2023-03-03 20:00:00,0.0,23.385131913896252,52.35931964629684
2023-03-03 21:00:00,0.0,22.574595698564366,50.259688740314736
2023-03-03 22:00:00,0.0,24.72060835957135,41.35229571561829
2023-03-03 23:00:00,0.0,23.675253879988546,51.71833616699545
2023-03-04 00:00:00,0.0,23.638287549444048,66.06351884371848
2023-03-04 01:00:00,0.0,19.763203211011835,58.195751727935246
2023-03-04 02:00:00,0.0,19.888645773220418,65.12540165109681
2023-03-04 03:00:00,0.0,18.621220953479106,68.38536236134635
2023-03-04 04:00:00,0.0,16.962087695210098,65.1222184261314
2023-03-04 05:00:00,0.0,13.178592026823338,63.04341745911572
2023-03-04 06:00:00,61.68439810271502,14.175114621382654,55.89859997248966
2023-03-04 07:00:00,293.8637273842841,14.00526571392182,67.66222320775042
2023-03-04 08:00:00,495.14231599693824,13.086897013362792,60.85438173151679
2023-03-04 09:00:00,631.955375133027,9.10402980507033,65.15258690501561
2023-03-04 10:00:00,755.7489919277116,14.197366904787236,54.97258755006909
2023-03-04 11:00:00,820.9418157352679,19.25496147122211,54.31156910250813
2023-03-04 12:00:00,856.4987889096302,15.352461542032943,55.38809308776758
2023-03-04 13:00:00,775.1933091140793,16.063471613221143,54.04263851756662
2023-03-04 14:00:00,682.058535558361,19.819237198969706,44.974238401613114
2023-03-04 15:00:00,583.4857476128633,21.250210771095173,52.23433517922232
2023-03-04 16:00:00,405.8747880304852,24.458010410379735,42.656009045569704
2023-03-04 17:00:00,195.49088988482842,20.799444454848416,39.90239993076281
2023-03-04 18:00:00,27.855497898268712,25.731453007403523,43.97077320613183
2023-03-04 19:00:00,0.0,26.048939159784243,45.184828425938214
2023-03-04 20:00:00,0.0,24.788247005665816,47.591379980361744
2023-03-04 21:00:00,0.0,25.545469673124696,53.675794778177966
2023-03-04 22:00:00,0.0,26.327607465450253,48.819848559511264
2023-03-04 23:00:00,0.0,25.059811526723095,51.991615739163365
2023-03-05 00:00:00,0.0,19.84981214752893,52.73290876212333
2023-03-05 01:00:00,0.0,22.329081415802484,61.11767330365035
2023-03-05 02:00:00,0.0,19.00647356161135,61.89085372499912
2023-03-05 03:00:00,0.0,17.728684697092294,61.383749972552714
2023-03-05 04:00:00,0.0,16.282244753679777,56.9675854596108
2023-03-05 05:00:00,0.0,14.592724106960583,71.48128672674005
2023-03-05 06:00:00,0.0,16.323113343183884,59.65513008089638
2023-03-05 07:00:00,288.2189679784577,13.172859894243555,62.976661245674904
2023-03-05 08:00:00,462.3643658823411,10.89675851491005,66.64185303634136
2023-03-05 09:00:00,608.0937686345277,12.55323610200252,57.937150234532
2023-03-05 10:00:00,707.1835134274476,14.297087782590708,53.94796935651224
2023-03-05 11:00:00,760.487556351934,17.351639653151206,47.82838984262173
2023-03-05 12:00:00,812.157765079812,17.342040141574056,57.14241538001535
2023-03-05 13:00:00,842.4150706090406,15.881865943567174,50.87832204931112
2023-03-05 14:00:00,791.6263296188254,24.10623060503417,58.99911081788386
2023-03-05 15:00:00,646.5396016266707,21.218315664247474,43.48521867507726
2023-03-05 16:00:00,393.969041189876,24.686632247674417,41.24347317213456
2023-03-05 17:00:00,169.27056799353,23.075062591641213,43.20089682303779
2023-03-05 18:00:00,5.635449876448259,25.39872168379392,45.545771168344444
2023-03-05 19:00:00,0.0,26.610342738447606,42.88581204535945
2023-03-05 20:00:00,0.0,27.5722401951849,48.00635450892521
2023-03-05 21:00:00,0.0,27.046142340167247,43.562575269961755
2023-03-05 22:00:00,0.0,26.076397194528976,44.364882168061015
2023-03-05 23:00:00,0.0,22.748317996407454,46.43298204415984
2023-03-06 00:00:00,0.0,21.05355487330582,47.649478252418476
2023-03-06 01:00:00,0.0,21.41517624848147,56.22013579785904
2023-03-06 02:00:00,0.0,21.063303101900086,58.92128144896945
2023-03-06 03:00:00,0.0,17.198691285049605,60.80310947781797
2023-03-06 04:00:00,0.0,18.32739088864672,68.53733435473784
2023-03-06 05:00:00,0.0,17.85963976107102,68.98230095789702
2023-03-06 06:00:00,66.4503685819148,12.168252696364474,65.3040683123523
2023-03-06 07:00:00,196.19213154788667,11.727650591890976,58.88869348156217
2023-03-06 08:00:00,390.24729748607956,12.916296839407273,61.931885397568536
2023-03-06 09:00:00,604.7102495547936,14.016717335861928,59.59235575640079
2023-03-06 10:00:00,677.715204613898,12.951760506977212,57.96613225821933
2023-03-06 11:00:00,812.5069371159088,17.65881162783295,53.379718570490546
2023-03-06 12:00:00,859.3147709364893,17.04518068025485,51.79300571615318
2023-03-06 13:00:00,849.5125900785025,17.723026783084304,50.592320144866804
2023-03-06 14:00:00,713.6444591222316,16.32522790948089,48.638367400504954
2023-03-06 15:00:00,577.812329304714,18.118329594978054,49.84592200673784
2023-03-06 16:00:00,379.21647643028837,22.75906545778156,47.33453552441612
2023-03-06 17:00:00,181.40076764974336,19.174496392027557,43.77017145525627
2023-03-06 18:00:00,0.0,26.41847419921272,49.14761759410922
2023-03-06 19:00:00,0.0,24.676294226207716,41.813400449258175
2023-03-06 20:00:00,0.0,31.68323289640741,37.03032684704256
2023-03-06 21:00:00,0.0,29.60843441618458,47.71889507736791
2023-03-06 22:00:00,0.0,24.030301241429544,47.6446644808077
2023-03-06 23:00:00,0.0,23.227013639274602,54.67165906339225
2023-03-07 00:00:00,0.0,24.247273530425147,45.33224119120547
2023-03-07 01:00:00,0.0,24.21536999287229,62.46213876949612
2023-03-07 02:00:00,0.0,15.980052387549055,65.35600168787947
2023-03-07 03:00:00,0.0,14.130445301096588,58.86107438307521
2023-03-07 04:00:00,0.0,15.012040891312324,59.30627766927124
2023-03-07 05:00:00,0.0,16.17894498164953,71.59959112556535
2023-03-07 06:00:00,2.679628688994877,15.05370526072965,62.25103436595588
2023-03-07 07:00:00,235.51960535745056,15.600098454654377,60.791414608017824
2023-03-07 08:00:00,352.6183833348183,10.85671544569047,56.16428815005002
2023-03-07 09:00:00,565.9065346658768,8.828267818748923,63.182753268219315
2023-03-07 10:00:00,750.7798953349267,15.775986470318745,58.271680666317785
2023-03-07 11:00:00,751.7791014822453,13.357077269371334,61.183433752392276
2023-03-07 12:00:00,841.9827525072253,12.219134773643813,51.22356653962002
2023-03-07 13:00:00,747.687406224079,17.993323723724725,45.9221909691752
2023-03-07 14:00:00,737.6665074473948,20.842461878858444,50.72576535018431
2023-03-07 15:00:00,585.6429824678293,20.56491050879366,51.81626180023592
2023-03-07 16:00:00,350.51494497405963,21.34041373005611,40.31777712018786
2023-03-07 17:00:00,261.47161082757367,23.18002672524856,49.73604298257469
2023-03-07 18:00:00,0.0,23.711097400326153,45.56721205547166
2023-03-07 19:00:00,0.0,22.355571236275164,51.261232507885495
2023-03-07 20:00:00,0.0,23.826749148440225,47.148889730217036
2023-03-07 21:00:00,0.0,26.094225270183127,37.86377569495663
2023-03-07 22:00:00,0.0,25.09562000788072,49.773768105975314
2023-03-07 23:00:00,0.0,23.83487080147401,57.32313987394807
2023-03-08 00:00:00,0.0,20.322726941775908,53.33420481359735
2023-03-08 01:00:00,0.0,20.50293185182646,57.19667419845696
2023-03-08 02:00:00,0.0,14.95889381259696,62.47287332898999
2023-03-08 03:00:00,0.0,18.11706296263832,51.27161622948242
2023-03-08 04:00:00,0.0,19.170739321109803,69.82742725150754
2023-03-08 05:00:00,0.0,12.122118954279173,63.33343780327171
2023-03-08 06:00:00,0.0,12.945016136140527,68.27784027213349
2023-03-08 07:00:00,98.41929017634118,14.175682505168519,64.49355743309842
2023-03-08 08:00:00,433.33849091099836,15.818709174337638,67.777975887761
2023-03-08 09:00:00,624.2950127550032,12.62101971514796,64.31371463213834
2023-03-08 10:00:00,625.8012352576638,12.732370824244246,59.76466986261415
2023-03-08 11:00:00,763.0217004392834,11.13253693353122,55.85967116315727
2023-03-08 12:00:00,856.5183679295914,16.519900164098882,57.860900362658946
2023-03-08 13:00:00,885.7107474161489,21.844261715155035,42.584103926604016
2023-03-08 14:00:00,721.1502809863539,19.86774082941202,51.992837016905185
2023-03-08 15:00:00,559.0175014623901,20.821380217730365,43.26492765463982
2023-03-08 16:00:00,408.56024110049805,22.95718852701664,50.80313377400569
2023-03-08 17:00:00,270.2683662820531,23.533480584704748,45.878457878298406
2023-03-08 18:00:00,0.0,22.883147583669043,48.407514669253366
2023-03-08 19:00:00,0.0,26.75513869457249,45.02218267773712
2023-03-08 20:00:00,0.0,25.76454695170618,39.45136389409054
2023-03-08 21:00:00,0.0,25.143805367084394,44.98518066287644
2023-03-08 22:00:00,0.0,22.5584442736328,54.33978285280896
2023-03-08 23:00:00,0.0,26.162680456471474,52.58528304120364
2023-03-09 00:00:00,0.0,23.697175792399293,59.94592408584321
2023-03-09 01:00:00,0.0,19.8148428976136,60.70567680334189
2023-03-09 02:00:00,0.0,21.37142000909695,56.10433668213326
2023-03-09 03:00:00,0.0,16.819714354347536,60.3340895022192
2023-03-09 04:00:00,0.0,14.803763316711004,65.73719451405
2023-03-09 05:00:00,0.0,13.605723379653218,56.94096204617296
2023-03-09 06:00:00,0.0,10.629480772850263,74.10643376637935
2023-03-09 07:00:00,343.3739871830538,14.51530010483508,66.4375401233682
2023-03-09 08:00:00,428.55331565451985,9.705480545056378,70.71225236515969
2023-03-09 09:00:00,559.0942526024063,11.115327681467143,57.119920396029755
2023-03-09 10:00:00,704.5236039695759,10.02044186086938,67.03859207180649
2023-03-09 11:00:00,850.7534074433432,14.952990229032007,66.44950052959499
2023-03-09 12:00:00,837.7372150612955,16.067129381189332,49.6123695270759
2023-03-09 13:00:00,747.2844599427783,17.161463604745226,55.504875377242456
2023-03-09 14:00:00,758.3470652008059,17.282614912391924,50.70627807306084
2023-03-09 15:00:00,562.440131184654,18.57621706547492,42.605952843994054
2023-03-09 16:00:00,491.5351103685942,23.296510028826226,47.59587426268182
2023-03-09 17:00:00,258.8516070978455,22.509307125435384,49.079759256631704
2023-03-09 18:00:00,0.0,25.196639367512,42.26976749525606
2023-03-09 19:00:00,0.0,23.392827887219042,51.039048907135864
2023-03-09 20:00:00,0.0,25.729895787275243,39.81114422971321
2023-03-09 21:00:00,0.0,27.769881334099615,41.13603474715162
2023-03-09 22:00:00,0.0,25.736254325225275,50.6077100589222
2023-03-09 23:00:00,0.0,22.785583352419405,53.70874943567938
2023-03-10 00:00:00,0.0,22.934731409345428,52.73689270245103
2023-03-10 01:00:00,0.0,20.491917390188274,61.99241904879341
2023-03-10 02:00:00,0.0,19.43609383802303,63.06238458734467
2023-03-10 03:00:00,0.0,17.21619709372144,66.75266096715086
2023-03-10 04:00:00,0.0,16.09166305686279,64.18902934047208
2023-03-10 05:00:00,0.0,15.601879487662638,67.60938132808204
2023-03-10 06:00:00,82.5009967697258,12.23746364676304,64.82607357481103
2023-03-10 07:00:00,173.30973341049588,11.593020856919205,74.34696756216229
2023-03-10 08:00:00,418.2700821471999,10.64324836097115,62.08504698851887
2023-03-10 09:00:00,646.641985760099,10.424236301891742,72.20907156688737
2023-03-10 10:00:00,719.6014047355725,11.789615661485982,61.31529631843481
2023-03-10 11:00:00,824.2590853741381,15.496617795122546,51.74964754416376
2023-03-10 12:00:00,792.1068666347041,14.634758437649804,61.084385822309336
2023-03-10 13:00:00,823.2964974124546,18.89464812648064,52.05628149033952
2023-03-10 14:00:00,715.3012897852193,19.489760966138697,53.00276166095922
2023-03-10 15:00:00,629.5823633706765,17.03623931237259,54.44910078770857
2023-03-10 16:00:00,464.7967459428796,23.730284637076952,46.75927328772908
2023-03-10 17:00:00,319.5935956614116,25.284571446936276,41.98875089728061
2023-03-10 18:00:00,23.18532692854313,22.6287605416705,49.8610666295292
2023-03-10 19:00:00,0.0,26.056271512157966,45.046683043463894
2023-03-10 20:00:00,0.0,23.707336993815176,50.232908528033704
2023-03-10 21:00:00,0.0,25.41122917986465,39.67946311490183
2023-03-10 22:00:00,0.0,22.087489077430273,53.673629968504095
2023-03-10 23:00:00,0.0,20.076761250683703,52.40727607407803
2023-03-11 00:00:00,0.0,21.70506345135746,62.83125918385556
2023-03-11 01:00:00,0.0,20.776154208648855,61.10427228723196
2023-03-11 02:00:00,0.0,18.675338443354192,62.27861601121246
2023-03-11 03:00:00,0.0,15.549722443523155,66.09858198191482
2023-03-11 04:00:00,0.0,15.670899706321126,60.89819334564511
2023-03-11 05:00:00,0.0,15.766646648625583,71.60970343779942
2023-03-11 06:00:00,0.0,14.184759347631694,73.60050861016433
2023-03-11 07:00:00,192.04441948617057,14.040144934047417,66.47978480544467
2023-03-11 08:00:00,469.8499874248801,12.130467429674935,70.95323480894946
2023-03-11 09:00:00,590.1844108823118,16.01857870228131,58.71411785416921
2023-03-11 10:00:00,683.97354279235,11.922198734767207,57.92099872853664
2023-03-11 11:00:00,787.2654354950863,16.203177737637553,57.06211012609691
2023-03-11 12:00:00,869.5652121850537,18.834480016503324,55.25197178439977
2023-03-11 13:00:00,829.3257750722702,18.87959974546607,49.984253402294485
2023-03-11 14:00:00,714.3883481173589,19.06564937645374,51.96139382375469
2023-03-11 15:00:00,576.4261569016797,19.967018007872564,49.31384569408186
2023-03-11 16:00:00,402.29987960068286,24.54287313267591,41.007929722185274
2023-03-11 17:00:00,179.46089159000798,20.867388667179338,48.64147773621721
2023-03-11 18:00:00,64.61502757877777,22.726601732530746,49.36340549350816
2023-03-11 19:00:00,0.0,24.47113725733437,46.52210541141888
2023-03-11 20:00:00,0.0,27.946005345607396,49.98073549075068
2023-03-11 21:00:00,0.0,26.025788060399602,43.11749079581239
2023-03-11 22:00:00,0.0,22.730758736269543,53.435869959572464
2023-03-11 23:00:00,0.0,23.09272310693288,48.772515620946464
2023-03-12 00:00:00,0.0,21.290202175342575,51.96912584021653
2023-03-12 01:00:00,0.0,19.65218474968322,56.650184290207235
2023-03-12 02:00:00,0.0,21.476627580648724,56.15029972487103
2023-03-12 03:00:00,0.0,15.222447934393028,62.12499598811444
2023-03-12 04:00:00,0.0,19.73641017500391,62.00260027996584
2023-03-12 05:00:00,0.0,16.932667156785126,67.88228436693298
2023-03-12 06:00:00,0.0,16.504419382035927,63.19056076447176
2023-03-12 07:00:00,224.73471507096795,12.797414481750238,59.18699316232202
2023-03-12 08:00:00,429.94122101817203,13.218967025376946,68.60764212278455
2023-03-12 09:00:00,581.6473248391297,10.85698987675133,60.22314452716418
2023-03-12 10:00:00,748.5210316632465,13.273371226694927,60.198985039054186
2023-03-12 11:00:00,789.6957063584464,16.263517471702183,58.65438729191175
2023-03-12 12:00:00,872.0713042109426,19.110974587097957,54.172402019241986
2023-03-12 13:00:00,754.8526654134774,15.751620559315135,57.50090791042833
2023-03-12 14:00:00,730.1084627860921,18.787836589564634,51.865240029296345
2023-03-12 15:00:00,669.5606837496243,20.769164293685247,44.241976304093434
2023-03-12 16:00:00,378.59645317210334,19.727270059150193,56.123207056079
2023-03-12 17:00:00,189.57853001506055,24.94418763417125,45.305240036267314
2023-03-12 18:00:00,20.556313986356702,23.267020222756578,45.049722371823144
2023-03-12 19:00:00,0.0,24.923622718915528,49.465687102489014
2023-03-12 20:00:00,0.0,24.614949719711408,48.0334746743722
2023-03-12 21:00:00,0.0,23.735726409830225,50.7290495668422
2023-03-12 22:00:00,,24.700910915280687,60.54772817594223
2023-03-12 23:00:00,0.0,23.330269993518403,52.234379290220616
2023-03-13 00:00:00,0.0,21.821055334859807,54.88898111732068
2023-03-13 01:00:00,0.0,19.66076212667158,59.63593298471406
2023-03-13 02:00:00,0.0,20.20382044098305,64.84100777132501
2023-03-13 03:00:00,0.0,21.319091365786583,55.24252142662061
2023-03-13 04:00:00,0.0,16.844545565095395,56.44291026185883
2023-03-13 05:00:00,0.0,17.314366842120112,61.994355496459356
2023-03-13 06:00:00,44.28322677147891,11.588174826403582,60.3976273608736
2023-03-13 07:00:00,212.18879492954886,14.084739020270268,63.18650833003783
2023-03-13 08:00:00,332.31283432357236,11.370034461475006,66.98183580327205
2023-03-13 09:00:00,626.7629338781782,10.815366286618927,60.029321402481486
2023-03-13 10:00:00,704.6965472876459,12.889875861792435,54.91830812279858
2023-03-13 11:00:00,806.2487769876877,17.705929081125003,56.42438410629889
2023-03-13 12:00:00,851.7184455510284,18.46480275675643,57.1472201992623
2023-03-13 13:00:00,817.4900954710168,18.497866272910816,44.971173109478144
2023-03-13 14:00:00,754.4877474113646,16.49936997963728,54.37439035391292
2023-03-13 15:00:00,575.4466119693677,20.725124067256388,50.9784595510496
2023-03-13 16:00:00,439.74384809117714,23.16817111722061,49.504848239703655
2023-03-13 17:00:00,206.62217438433635,24.158484245693618,49.79467873663994
2023-03-13 18:00:00,29.552419235500224,21.07333635516228,55.54398091074477
2023-03-13 19:00:00,0.0,23.579690361111805,44.85758339469237
2023-03-13 20:00:00,0.0,25.436615571119706,47.0631242852592
2023-03-13 21:00:00,0.0,26.43290787618593,46.11779232891493
2023-03-13 22:00:00,0.0,20.36866787992388,52.75302107824113
2023-03-13 23:00:00,0.0,23.48316383557671,59.389911504756896
2023-03-14 00:00:00,0.0,22.894549670119133,50.243219590037924
2023-03-14 01:00:00,0.0,22.86059037800878,54.125506122333306
2023-03-14 02:00:00,0.0,20.994167298836103,65.66849434609257
2023-03-14 03:00:00,0.0,19.220680497363713,66.39800900920201
2023-03-14 04:00:00,0.0,15.008571116957361,63.77059446456556
2023-03-14 05:00:00,0.0,11.54980716899533,70.64270441998522
2023-03-14 06:00:00,31.997676077682,13.626194193531795,67.27917288351478
2023-03-14 07:00:00,152.6519190349273,15.816160823043939,70.02122125475749
2023-03-14 08:00:00,377.6524580905059,16.395361185410092,62.75721203209443
2023-03-14 09:00:00,550.9743899355973,15.23399537722239,65.48553076687914
2023-03-14 10:00:00,765.1268080951181,15.270981353258065,70.00310932616162
2023-03-14 11:00:00,879.415385074433,16.125090740013878,59.32985125018293
2023-03-14 12:00:00,835.4215409712214,15.496214636839667,55.378652983939375
2023-03-14 13:00:00,804.2379812435555,17.79541727263886,54.99207930456449
2023-03-14 14:00:00,729.9165909407025,22.94659118201389,46.40872672668514
2023-03-14 15:00:00,640.1616389030927,19.2762503893926,57.98554239712712
2023-03-14 16:00:00,382.7056294887371,25.83800971178093,45.07387268458091
2023-03-14 17:00:00,226.83910268178244,23.207036508496397,44.30474846484975
2023-03-14 18:00:00,39.00790519129729,27.45546877125802,40.2021029839783
2023-03-14 19:00:00,0.0,22.590377069100562,51.165489001599965
2023-03-14 20:00:00,0.0,26.780260532690527,49.42176513547331
2023-03-14 21:00:00,0.0,23.930466816200394,47.04534910624342
2023-03-14 22:00:00,0.0,21.974070169219488,54.24821793505977
2023-03-14 23:00:00,0.0,24.288160902302405,46.82169567599737
2023-03-15 00:00:00,0.0,24.66882218992718,55.4760235661492
2023-03-15 01:00:00,0.0,19.512910006163377,61.054570405225085
2023-03-15 02:00:00,0.0,16.65184669181844,69.16025014182006
2023-03-15 03:00:00,0.0,17.913274813450208,59.88829061263564
2023-03-15 04:00:00,0.0,16.47500795518088,59.37649211751281
2023-03-15 05:00:00,0.0,16.503877180724956,61.16634956593736
2023-03-15 06:00:00,64.49113031954582,16.352915332757586,59.20467494267407
2023-03-15 07:00:00,270.1857236475808,13.735493292455844,70.40708601508352
2023-03-15 08:00:00,485.9485315002456,17.360885242323768,68.17096880842664
2023-03-15 09:00:00,624.149700335899,14.302793144071417,63.12946973975961
2023-03-15 10:00:00,731.0848164786927,13.760873178014812,65.07529555455335
2023-03-15 11:00:00,747.9751137213555,12.184103207410303,59.44378191861579
2023-03-15 12:00:00,830.857401125582,16.124559572102907,54.48672126232532
2023-03-15 13:00:00,778.3238823845945,17.424190451297843,50.95575429813603
2023-03-15 14:00:00,814.9051796225417,21.570488205298183,47.316337682348276
2023-03-15 15:00:00,587.42916819573,22.127760131484077,40.81671047874633
2023-03-15 16:00:00,425.2781425967693,20.291140369470007,48.1840422593818
2023-03-15 17:00:00,239.64856054583782,24.2370280726766,44.72015032280553
2023-03-15 18:00:00,1.744097854898252,26.189093378899983,47.159489596548966
2023-03-15 19:00:00,0.0,28.501496289245317,44.19514261085627
2023-03-15 20:00:00,0.0,27.42488654756336,44.97988767044957
2023-03-15 21:00:00,0.0,26.96712687909261,44.03166444042318
2023-03-15 22:00:00,0.0,24.966203024672204,50.734959074130764
2023-03-15 23:00:00,0.0,24.669143310701426,55.618377267913935
2023-03-16 00:00:00,0.0,25.188048072390725,49.90317236028936
2023-03-16 01:00:00,0.0,18.576397746634235,60.06169614140584
2023-03-16 02:00:00,0.0,18.990159616544496,62.09394624733807
2023-03-16 03:00:00,0.0,16.5909865028508,60.760450844377054
2023-03-16 04:00:00,0.0,17.447344508430657,61.65230913646521
2023-03-16 05:00:00,0.0,17.9068419351607,64.96902242748452
2023-03-16 06:00:00,0.0,13.298937274829628,61.54425389972724
2023-03-16 07:00:00,248.26060203774307,9.11287457830512,68.77146080212052
2023-03-16 08:00:00,424.16762965381207,12.864596780929467,60.64313836439084
2023-03-16 09:00:00,536.8980579303256,15.72043077727881,65.39119938349346
2023-03-16 10:00:00,716.5999287786277,15.568145654171534,68.6377905152876
2023-03-16 11:00:00,782.9722251754586,16.302770079480275,53.405587753452586
2023-03-16 12:00:00,854.5070594896312,16.129051667229447,57.00175325506381
2023-03-16 13:00:00,866.6764992400076,15.57806252792371,50.30400111651007
2023-03-16 14:00:00,653.9613930747926,20.71962691422734,53.14714898858511
2023-03-16 15:00:00,599.8011610748197,19.573388921524284,43.22406867262149
2023-03-16 16:00:00,414.4647277137663,27.057231737739322,45.666324554528636
2023-03-16 17:00:00,244.7119665481778,25.072693374806725,40.971697445039226
2023-03-16 18:00:00,8.527865129507669,23.723894088577136,44.58270798900541
2023-03-16 19:00:00,0.0,24.26182273393556,41.816784302167484
2023-03-16 20:00:00,0.0,25.503149857751232,49.880972705215015
2023-03-16 21:00:00,0.0,25.005589384669317,45.14928388990699
2023-03-16 22:00:00,0.0,27.11885824474495,51.57787555413466
2023-03-16 23:00:00,0.0,24.304511297585783,51.47135223815778
2023-03-17 00:00:00,0.0,21.26265602342178,55.98133486191382
2023-03-17 01:00:00,0.0,25.05971514216553,57.06116605851775
2023-03-17 02:00:00,0.0,19.824536164279284,57.69728748071734
2023-03-17 03:00:00,0.0,19.710684582561505,62.914329393158305
2023-03-17 04:00:00,0.0,15.50946648634932,71.09401162455553
2023-03-17 05:00:00,0.0,16.209510069608598,61.782865821864846
2023-03-17 06:00:00,10.685066040459336,15.151987060818596,69.83865365299863
2023-03-17 07:00:00,238.4609184843088,10.151065959312122,72.84506078457059
2023-03-17 08:00:00,358.11224029454297,17.75646972216012,58.513999432300146
2023-03-17 09:00:00,631.6943730598831,16.51165346534952,54.92395484696303
2023-03-17 10:00:00,710.4942582301317,13.735376446240231,61.41070773838711
2023-03-17 11:00:00,819.876478531372,13.278739333207843,56.17100024232859
2023-03-17 12:00:00,907.2085618818737,17.421042728845944,61.69333915140887
2023-03-17 13:00:00,849.8783306865713,18.346400629452507,51.96602984727308
2023-03-17 14:00:00,719.0754743812361,20.437257398365297,45.91571941918426
2023-03-17 15:00:00,560.2451514802272,21.66198856424214,42.65216444355658
2023-03-17 16:00:00,335.28725232265606,23.73840147985069,49.763012486125426
2023-03-17 17:00:00,189.34578478541485,26.863171587141736,41.283678310092384
2023-03-17 18:00:00,0.0,26.05827833420276,44.418769420427786
2023-03-17 19:00:00,0.0,23.422163461153367,50.183926019597735
2023-03-17 20:00:00,0.0,28.451045206663743,43.18058973945243
2023-03-17 21:00:00,0.0,28.80270358594982,46.41493289206445
2023-03-17 22:00:00,0.0,31.22618539296964,47.250081303404926
2023-03-17 23:00:00,0.0,21.72157212187893,56.87251198512491
2023-03-18 00:00:00,0.0,23.246275401112605,57.81039200230517
2023-03-18 01:00:00,0.0,17.149228239049208,59.54493095545608
2023-03-18 02:00:00,0.0,20.866809687570477,60.478045651693215
2023-03-18 03:00:00,0.0,17.111196507863387,61.88548893024986
2023-03-18 04:00:00,0.0,20.607402964461965,56.51325550040379
2023-03-18 05:00:00,0.0,13.96864074765561,67.0460830557647
2023-03-18 06:00:00,28.328576930262287,11.185992876170904,74.70317721555936
2023-03-18 07:00:00,227.67837781607489,13.02242893567261,61.88211219967495
2023-03-18 08:00:00,459.9447570532524,9.809535832377783,62.65996749489268
2023-03-18 09:00:00,608.0275297961908,15.467155326092268,57.7835112503789
2023-03-18 10:00:00,706.1149498458227,10.434192859592784,64.75182304591627
2023-03-18 11:00:00,829.3524367618967,15.574785850059092,59.00654889175622
2023-03-18 12:00:00,797.8895351006188,12.604887735099664,55.99285300196417
2023-03-18 13:00:00,819.2346839847136,17.56700149512365,48.544423005882315
2023-03-18 14:00:00,729.283245205662,23.047267686421126,48.18901907385676
2023-03-18 15:00:00,588.2178888972163,22.03472142829877,40.79594754623189
2023-03-18 16:00:00,416.67779123916534,21.03352416488219,47.32953757467632
2023-03-18 17:00:00,143.07577074562948,23.940745084053173,48.51572500232515
2023-03-18 18:00:00,0.0,24.992697541607583,39.771448072348946
2023-03-18 19:00:00,0.0,26.50132702423328,38.6910601502892
2023-03-18 20:00:00,0.0,23.026794648250405,54.14749999316185
2023-03-18 21:00:00,0.0,26.74120088024113,45.18236100186109
2023-03-18 22:00:00,0.0,19.54788053431314,57.699298755798544
2023-03-18 23:00:00,0.0,22.743382957203725,53.012317860606814
2023-03-19 00:00:00,0.0,21.816255956476276,55.51460511481672
2023-03-19 01:00:00,0.0,22.612371564136968,59.4474650159181
2023-03-19 02:00:00,0.0,19.838065346733103,57.20182614914006
2023-03-19 03:00:00,0.0,15.428763263051666,64.74381017273225
2023-03-19 04:00:00,0.0,14.822817389745335,63.790040256143506
2023-03-19 05:00:00,0.0,15.947522973354893,59.74426473970243
2023-03-19 06:00:00,40.02329272171913,14.43851653494362,66.85807664174634
2023-03-19 07:00:00,191.74692968864323,12.839000464373463,64.45547177057712
2023-03-19 08:00:00,477.9467853646428,12.831136062355407,63.61318690453584
2023-03-19 09:00:00,587.1472328719467,15.389584677963533,56.4645638873616
2023-03-19 10:00:00,742.9030348374503,13.561266072934304,66.65552079540423
2023-03-19 11:00:00,826.1337050584627,15.373980466201935,60.8198665124435
2023-03-19 12:00:00,839.1239970653174,21.13267681754045,56.219732767097526
2023-03-19 13:00:00,848.1531624340051,15.392524096996393,52.08195914173508
2023-03-19 14:00:00,763.0948384883446,16.08911817823005,44.38185510337892
2023-03-19 15:00:00,527.2078145263777,22.912897241591704,54.427017678886685
2023-03-19 16:00:00,474.42178307719576,21.43551751879116,46.3104445982684
2023-03-19 17:00:00,152.07205853028228,23.398969273013407,42.30531617941308
2023-03-19 18:00:00,41.3018481736664,23.426643307823767,47.22647803370802
2023-03-19 19:00:00,0.0,25.06875831757875,50.2059007629483
2023-03-19 20:00:00,0.0,28.989879865572046,44.756003593379724
2023-03-19 21:00:00,,27.192615516350013,52.51799291358248
2023-03-19 22:00:00,0.0,26.71340308785995,53.90474584931733
2023-03-19 23:00:00,0.0,21.202990216913356,50.092980141935094
2023-03-20 00:00:00,0.0,20.520479258939513,54.1151523087125
2023-03-20 01:00:00,0.0,15.697543683689528,64.9813768112743
2023-03-20 02:00:00,0.0,18.204025089879746,50.70439144931075
2023-03-20 03:00:00,0.0,20.183278834201445,61.23874104051483
2023-03-20 04:00:00,0.0,17.856679763541997,58.075741922042866
2023-03-20 05:00:00,0.0,15.137119519021722,63.52522503475504
2023-03-20 06:00:00,0.0,14.582033741902517,64.24110938324448
2023-03-20 07:00:00,186.54306556876966,12.649460689160033,64.17049537406547
2023-03-20 08:00:00,461.2404516088743,14.232304496848824,61.33165699261754
2023-03-20 09:00:00,662.3355645141204,15.558988333272074,56.83193123484871
2023-03-20 10:00:00,682.6710598057634,11.394860734517678,70.54076706083607
2023-03-20 11:00:00,792.7915494346927,16.179441420600668,64.38012730634507
2023-03-20 12:00:00,844.236542291595,18.68765647395459,48.93735612117741
2023-03-20 13:00:00,827.6965661535927,17.439671883503394,58.608631063462575
2023-03-20 14:00:00,699.6608738840946,21.22418795628642,47.133189810473006
2023-03-20 15:00:00,614.6746933507549,27.005009891605482,45.08604171724859
2023-03-20 16:00:00,403.6928124021394,22.614101146071473,45.71244697706405
2023-03-20 17:00:00,218.19977739348627,24.852041519175188,41.93498467539654
2023-03-20 18:00:00,21.851369920148084,23.542824987429103,49.43659027039749
2023-03-20 19:00:00,0.0,25.980844014983766,45.58492088453924
2023-03-20 20:00:00,0.0,26.743329982009865,44.065275066625716
2023-03-20 21:00:00,0.0,26.008026370319943,42.777629039638136
2023-03-20 22:00:00,0.0,22.979548515334173,47.86529332663626
2023-03-20 23:00:00,0.0,24.478150961815444,46.19540405668389
2023-03-21 00:00:00,0.0,25.774843639608147,54.23202473467677
2023-03-21 01:00:00,0.0,22.300637561817055,53.06301884995389
2023-03-21 02:00:00,0.0,21.774426140316557,58.70739912925993
2023-03-21 03:00:00,0.0,17.823513551532493,68.49685386895074
2023-03-21 04:00:00,0.0,18.350252241020296,68.34947878148874
2023-03-21 05:00:00,0.0,16.16634675148664,64.78771904784621
2023-03-21 06:00:00,46.92498550346565,12.752477880091778,66.00282876569406
2023-03-21 07:00:00,233.75374970336313,14.691938814036213,72.10173202094144
2023-03-21 08:00:00,418.7217267061893,11.867058435292252,66.8063495132811
2023-03-21 09:00:00,616.1405476934842,12.789136254668879,61.29420603315947
2023-03-21 10:00:00,669.8463694124058,15.03295595405099,53.85000191531286
2023-03-21 11:00:00,772.1292339201204,16.20229962181384,58.47434306175205
2023-03-21 12:00:00,798.2706246767548,14.471986832018615,59.010749313501975
2023-03-21 13:00:00,822.9176564670609,20.4055090339235,48.270639384983674
2023-03-21 14:00:00,801.9820154745496,20.99446431877382,50.01072461167284
2023-03-21 15:00:00,687.4838765087785,19.993909161566233,46.620549009281255
2023-03-21 16:00:00,448.53585652398874,19.775282169274522,46.64882270825418
2023-03-21 17:00:00,239.00184101321787,23.803283291129294,35.14707012418603
2023-03-21 18:00:00,0.0,24.154716757157185,44.30810939624431
2023-03-21 19:00:00,0.0,25.87228763401333,49.013130162350045
2023-03-21 20:00:00,0.0,25.124218439861743,44.25542630831051
2023-03-21 21:00:00,0.0,21.631092998417266,50.39455897365263
2023-03-21 22:00:00,0.0,24.26991030827719,47.770689658273554
2023-03-21 23:00:00,0.0,23.48185422715553,54.70083959159332
2023-03-22 00:00:00,0.0,24.143112583564854,54.132903278893046
2023-03-22 01:00:00,0.0,20.032305455409762,55.226881109567096
2023-03-22 02:00:00,0.0,23.23313988076187,64.37049017977195
2023-03-22 03:00:00,0.0,14.499595162098096,68.39413370335532
2023-03-22 04:00:00,0.0,19.498125529621987,60.55871678978885
2023-03-22 05:00:00,0.0,15.184511905141242,67.39889728510049
2023-03-22 06:00:00,0.0,16.398807855997216,66.67765069359547
2023-03-22 07:00:00,207.70209417844728,14.239838544399793,67.37748889812032
2023-03-22 08:00:00,467.38872842985256,16.154901606067675,55.80237986247823
2023-03-22 09:00:00,677.0416949170243,13.305511647176704,66.37367034054216
2023-03-22 10:00:00,684.0823197514197,12.48239726095448,58.55055787864
2023-03-22 11:00:00,837.7180287313131,18.47415842143958,54.33160905551514
2023-03-22 12:00:00,828.0882677886174,16.648829242252454,65.15656002709441
2023-03-22 13:00:00,813.6121256296868,18.76599321065003,52.82449691755903
2023-03-22 14:00:00,839.0380374101978,22.345294362106326,46.62520866766576
2023-03-22 15:00:00,538.5889836123945,19.364794320442993,39.56822211847937
2023-03-22 16:00:00,433.49992948969265,24.06677232929525,50.79826376082525
2023-03-22 17:00:00,237.84998992426927,22.938641708210238,40.14984046266047
2023-03-22 18:00:00,43.43145299757399,24.807604245434625,40.85503565297213
2023-03-22 19:00:00,0.0,25.815903422519725,43.838435862113236
2023-03-22 20:00:00,0.0,22.875346811122863,53.571119511747355
2023-03-22 21:00:00,0.0,24.113671406110278,52.036124243607894
2023-03-22 22:00:00,0.0,27.774088741549647,48.411053229043965
2023-03-22 23:00:00,0.0,,53.287761455402475
2023-03-23 00:00:00,0.0,22.77351638449742,53.28225139708704
2023-03-23 01:00:00,0.0,21.9379567267928,58.589636394865
2023-03-23 02:00:00,0.0,19.310310527878976,61.29504596466544
2023-03-23 03:00:00,0.0,21.059048040192728,65.27375879290456
2023-03-23 04:00:00,0.0,16.498090383563564,68.34707390828656
2023-03-23 05:00:00,0.0,16.119839036302302,66.91599001067144
2023-03-23 06:00:00,0.0,16.99470340472939,62.78066467776344
2023-03-23 07:00:00,269.7772797522867,12.548497611725669,68.62124360197318
2023-03-23 08:00:00,387.42658621985623,17.016373908145678,61.78079343060735
2023-03-23 09:00:00,572.9892352604494,11.042317761930727,59.151183644182105
2023-03-23 10:00:00,709.9670543000283,17.961927378670858,56.476437503840984
2023-03-23 11:00:00,873.417832256962,14.910803684128657,57.88270609307297
2023-03-23 12:00:00,761.8847879495743,16.413398043501328,58.36361175208815
2023-03-23 13:00:00,943.950249876529,14.56586092617088,52.982956848285944
2023-03-23 14:00:00,776.0357784244102,18.989206104396505,45.01174785335095
2023-03-23 15:00:00,608.0694453715687,19.37209674771325,48.61271512905515
2023-03-23 16:00:00,421.4601182297095,21.683502848404945,46.88466612571119
2023-03-23 17:00:00,230.7225827180335,23.866814294693416,45.80994336826431
2023-03-23 18:00:00,20.844897135173635,27.010531190804333,47.446813858103006
2023-03-23 19:00:00,0.0,26.109557199687554,49.09271113024031
2023-03-23 20:00:00,0.0,26.514148845954118,43.7092278380039
2023-03-23 21:00:00,0.0,23.503311719195175,46.783770308206634
2023-03-23 22:00:00,0.0,23.333439782653063,47.10193290403141
2023-03-23 23:00:00,0.0,27.7388862629738,53.925819549635
2023-03-24 00:00:00,0.0,21.44905789117233,62.14130384858486
2023-03-24 01:00:00,0.0,24.78479073542854,55.34727692065003
2023-03-24 02:00:00,0.0,19.43333756293709,59.97446320912387
2023-03-24 03:00:00,0.0,18.371121562370707,68.60977267668606
2023-03-24 04:00:00,0.0,19.060190281158683,65.21954288259325
2023-03-24 05:00:00,0.0,18.22060411745685,65.6346407604758
2023-03-24 06:00:00,0.0,14.501682417434017,60.71289937770063
2023-03-24 07:00:00,203.90174703687524,13.347418895921336,67.96940605943252
2023-03-24 08:00:00,468.8948364024717,13.807619063654396,60.03649935562615
2023-03-24 09:00:00,637.4290772823903,14.799820059428649,57.06400922654584
2023-03-24 10:00:00,703.3537595648245,16.5059149117317,57.43050859788746
2023-03-24 11:00:00,835.2525954428882,15.685278991567843,54.814189610421316
2023-03-24 12:00:00,808.994385824411,18.157232556745132,52.96443258326711
2023-03-24 13:00:00,763.7857773663495,21.643265154625578,44.414440884587535
2023-03-24 14:00:00,709.2001772941704,20.682079185228393,52.83737138376412
2023-03-24 15:00:00,634.0237576927864,22.095679943323507,51.53470197612846
2023-03-24 16:00:00,462.0553294180746,19.88163831051869,39.542404337864845
2023-03-24 17:00:00,239.9659019643226,18.90064037415998,51.463511035586215
2023-03-24 18:00:00,29.003831473919988,25.89236384186579,41.084296949468055
2023-03-24 19:00:00,0.0,25.525366455871488,48.73701568971989
2023-03-24 20:00:00,0.0,24.88989461086934,46.624412474407286
2023-03-24 21:00:00,0.0,26.20207532680592,48.01406459292103
2023-03-24 22:00:00,0.0,24.99480492501164,49.69165457898914
2023-03-24 23:00:00,0.0,26.417661149085905,56.639686242390994
2023-03-25 00:00:00,0.0,23.10999941186141,50.55720060478935
2023-03-25 01:00:00,0.0,19.99684537581825,61.43293866703091
2023-03-25 02:00:00,0.0,21.918110153262035,64.10311983241957
2023-03-25 03:00:00,0.0,17.950601254835927,65.81826292501918
2023-03-25 04:00:00,0.0,17.99085104268807,73.03077674626219
2023-03-25 05:00:00,0.0,14.740315575838572,63.51405516118192
2023-03-25 06:00:00,0.0,13.441971481641954,69.83564015986569
2023-03-25 07:00:00,189.7723114744498,14.31055917798044,64.3485610999196
2023-03-25 08:00:00,397.16647875168,13.963434962430828,68.60876107368765
2023-03-25 09:00:00,594.0913248815085,15.101876788342715,61.418305622943166
2023-03-25 10:00:00,702.9934464780298,14.20433374601734,58.41688236036162
2023-03-25 11:00:00,807.1220277912754,12.022417420683379,64.21308010514483
2023-03-25 12:00:00,772.6026328231592,16.07222990816668,52.92708492902078
2023-03-25 13:00:00,827.9722372717546,19.972500339015966,45.36284679488979
2023-03-25 14:00:00,734.7384623325173,19.343025516857246,47.60424545938369
2023-03-25 15:00:00,567.1885264674017,20.997925140929485,50.04896598561388
2023-03-25 16:00:00,450.54343648795145,24.910530687155333,50.38548305245815
2023-03-25 17:00:00,257.07122277177035,22.756471907944896,46.0662815472136
2023-03-25 18:00:00,0.0,22.04832366156429,51.521219827841406
2023-03-25 19:00:00,0.0,25.41207039402688,39.93306188680068
2023-03-25 20:00:00,0.0,24.969429772845984,45.08537700481301
2023-03-25 21:00:00,0.0,23.80083999357136,47.94527953459791
2023-03-25 22:00:00,0.0,24.783173186252707,50.079623336163394
2023-03-25 23:00:00,0.0,25.163429656956314,52.75466272452263
2023-03-26 00:00:00,0.0,22.935166132015983,58.36661312438095
2023-03-26 01:00:00,0.0,22.120619671139217,56.160462811748424
2023-03-26 02:00:00,0.0,23.58055865218246,59.42268967121365
2023-03-26 03:00:00,0.0,17.71507126142136,62.89017603826862
2023-03-26 04:00:00,0.0,17.510440524440956,60.26862673252747
2023-03-26 05:00:00,0.0,14.69267584283406,65.19899532225723
2023-03-26 06:00:00,54.42634383354604,13.064871392671037,65.62033279438856
2023-03-26 07:00:00,167.32536276139288,12.988372990581665,64.7736944749725
2023-03-26 08:00:00,303.6051663746493,12.996226112108237,64.28577901976406
2023-03-26 09:00:00,607.5259273842063,14.877139892511456,61.864124216197816
2023-03-26 10:00:00,807.077959579869,19.455742405846497,55.6135004414676
2023-03-26 11:00:00,869.4079784377933,14.27901569548065,62.95135108814473
2023-03-26 12:00:00,857.1576818259498,16.12049264392069,50.19127880040742
2023-03-26 13:00:00,800.184676894934,18.274582958313992,48.97882808696342
2023-03-26 14:00:00,767.3424161849274,20.74534095257111,60.09032977111629
2023-03-26 15:00:00,561.2300976058798,22.03375914967631,42.90295177492942
2023-03-26 16:00:00,443.4399633817311,25.52193484304785,39.096607269324494
2023-03-26 17:00:00,239.89698509282266,19.343599801200483,50.26610707940463
2023-03-26 18:00:00,42.4083962999553,20.376035937466902,38.776096005858506
2023-03-26 19:00:00,0.0,24.757541868865726,44.751930195401876
2023-03-26 20:00:00,0.0,28.148343630239033,53.85227363569406
2023-03-26 21:00:00,0.0,22.618002149674833,43.511255236548976
2023-03-26 22:00:00,0.0,19.134630998470733,45.43427419698961
2023-03-26 23:00:00,0.0,25.338742754709315,46.33390381481455
2023-03-27 00:00:00,0.0,23.454666416582857,58.93665742591668
2023-03-27 01:00:00,0.0,19.339849426193698,63.8291821668464
2023-03-27 02:00:00,0.0,17.996272767735572,59.60836267771056
2023-03-27 03:00:00,0.0,16.474950259292957,66.4235777166333
2023-03-27 04:00:00,0.0,17.188422604125314,69.69421661829784
2023-03-27 05:00:00,0.0,14.472080729692133,72.91334529287323
2023-03-27 06:00:00,0.008282596727883753,15.75932738442184,63.86240179338224
2023-03-27 07:00:00,219.3997241685456,8.462543685634241,58.491044516778445
2023-03-27 08:00:00,411.450604680121,12.253648238921834,61.246514440392716
2023-03-27 09:00:00,606.6351789445191,11.919689089620922,61.33293867544851
2023-03-27 10:00:00,768.3744950389626,14.258518189725816,58.90553807964369
2023-03-27 11:00:00,785.5140799758142,14.64861576507787,56.92425451342619
2023-03-27 12:00:00,822.8081271182652,18.563039528968964,58.123506266418026
2023-03-27 13:00:00,808.0502474531836,14.695764155242195,58.74983162912923
2023-03-27 14:00:00,681.5357275133288,20.058334921838938,48.627283673889025
2023-03-27 15:00:00,567.6572372013002,22.636939086215968,51.14726673082379
2023-03-27 16:00:00,405.51755839885135,26.680646842301343,45.36291543506114
2023-03-27 17:00:00,254.7473042425995,23.246460714109766,45.634793534395406
2023-03-27 18:00:00,10.502453160077104,25.812421600589097,47.99255921783276
2023-03-27 19:00:00,0.0,22.155181341787113,47.2832142917826
2023-03-27 20:00:00,0.0,21.183439560551385,56.982670678622966
2023-03-27 21:00:00,0.0,27.452455678475243,41.52012749358414
2023-03-27 22:00:00,0.0,25.152383804587924,48.29257214051779
2023-03-27 23:00:00,0.0,26.567018035893565,51.210415394237415
2023-03-28 00:00:00,0.0,20.231794006925746,58.71246611918925
2023-03-28 01:00:00,0.0,22.571318334537878,62.78618278114342
2023-03-28 02:00:00,0.0,23.716235465952952,58.701142247571276
2023-03-28 03:00:00,0.0,19.26509673096465,56.60673626676836
2023-03-28 04:00:00,0.0,17.531762796047342,67.33158079810889
2023-03-28 05:00:00,0.0,15.753071259394659,68.14329943487053
2023-03-28 06:00:00,38.61589938364683,11.64068444790679,59.13962974884153
2023-03-28 07:00:00,269.29429327941506,16.894190698551533,63.46589134631654
2023-03-28 08:00:00,428.262082031199,12.756884505255114,57.91784467414362
2023-03-28 09:00:00,608.5314422530848,15.192011339896869,58.74538994004332
2023-03-28 10:00:00,710.9232311350183,11.656378749016106,57.63112727846091
2023-03-28 11:00:00,807.8449641229455,13.377039768730402,61.548538908602744
2023-03-28 12:00:00,874.0624027763287,19.848774583309716,53.47238104421371
2023-03-28 13:00:00,868.6432558507801,17.731080936334433,46.99209552880867
2023-03-28 14:00:00,730.0514559251525,22.885150736950337,51.420834233861825
2023-03-28 15:00:00,582.6312433628046,21.375052737363337,41.64904710532917
2023-03-28 16:00:00,424.73689674700535,19.29480423894953,48.94564643209646
2023-03-28 17:00:00,243.89733436433116,26.005375671447972,40.74126948710979
2023-03-28 18:00:00,0.0,23.994967572060663,43.812401273535045
2023-03-28 19:00:00,0.0,27.17153236963374,46.50311357706116
2023-03-28 20:00:00,0.0,26.02902151994541,48.414432586773025
2023-03-28 21:00:00,0.0,22.687918286713916,55.00391715086688
2023-03-28 22:00:00,0.0,25.503341738313015,49.84876197133751
2023-03-28 23:00:00,0.0,28.61368675629013,51.918960073708305
2023-03-29 00:00:00,0.0,23.973456286273432,53.332874928066154
2023-03-29 01:00:00,0.0,21.425362133848715,59.01527846356683
2023-03-29 02:00:00,0.0,22.13817017315831,61.345713354947264
2023-03-29 03:00:00,0.0,18.855906029035612,62.1070108259402
2023-03-29 04:00:00,0.0,17.406551829770105,56.8091287590575
2023-03-29 05:00:00,0.0,13.561592337807024,67.54508741642006
2023-03-29 06:00:00,41.56447149681075,15.25902699811708,66.55613902067584
2023-03-29 07:00:00,216.87956653019205,16.262815244343994,61.0761017027117
2023-03-29 08:00:00,451.6529881874271,12.315359065044465,59.36162657268009
2023-03-29 09:00:00,557.9313807709564,17.040920054004,66.38305657501385
2023-03-29 10:00:00,673.6833125082104,14.60791889824763,61.732374955273954
2023-03-29 11:00:00,853.4313944051743,13.96930365904815,57.09902404678908
2023-03-29 12:00:00,864.723908039458,18.982747523085003,48.88994234504738
2023-03-29 13:00:00,784.6337459098727,17.860980627152852,48.78225037273819
2023-03-29 14:00:00,701.0471398978653,21.50651314421673,53.800250765544185
2023-03-29 15:00:00,645.8230614691535,20.956880375342568,48.144004345525396
2023-03-29 16:00:00,377.25728778308553,22.867831082184708,43.63632958059227
2023-03-29 17:00:00,285.6170561218492,25.217244465032383,46.43013469238244
2023-03-29 18:00:00,0.0,25.76542990713116,41.13228568633657
2023-03-29 19:00:00,0.0,21.791974766075448,53.17918150780829
2023-03-29 20:00:00,0.0,23.74499588905573,52.88184994556665
2023-03-29 21:00:00,0.0,27.641858296560557,45.31277456690861
2023-03-29 22:00:00,0.0,24.919362614148053,47.955085343982354
2023-03-29 23:00:00,0.0,23.182661450820955,42.936136479820405
2023-03-30 00:00:00,0.0,20.276852059402515,51.00580324491344
2023-03-30 01:00:00,0.0,19.387441717980895,53.94840004117853
2023-03-30 02:00:00,0.0,15.950402809993573,63.22241420844513
2023-03-30 03:00:00,0.0,18.238524381899275,61.50400622156043
2023-03-30 04:00:00,0.0,15.797124928755373,59.44750219627389
2023-03-30 05:00:00,0.0,13.81818362082755,64.966252019728
2023-03-30 06:00:00,0.0,14.661600816874929,67.41795479246449
2023-03-30 07:00:00,212.31382916599455,14.926386393888533,66.57636743299359
2023-03-30 08:00:00,521.424930558733,18.180395954337357,53.96797514888818
2023-03-30 09:00:00,632.3122420701117,11.17467829305663,62.89960693153636
2023-03-30 10:00:00,735.2131572971123,17.11660975381188,52.978884376027786
2023-03-30 11:00:00,810.3673770558613,17.697562524828328,59.758133526146935
2023-03-30 12:00:00,850.7392631009146,15.435814611164066,58.3481259990118
2023-03-30 13:00:00,842.7677748312004,18.847557728474406,47.98411223046496
2023-03-30 14:00:00,688.7510598741343,19.078733591242237,46.7395981452849
2023-03-30 15:00:00,645.5009383409457,21.91829152137007,45.26758280704623
2023-03-30 16:00:00,453.5355663118661,26.012262116726568,35.25528875239881
2023-03-30 17:00:00,248.6823686983189,25.447853242299377,45.61994607261262
2023-03-30 18:00:00,17.539029552389195,26.20736925909098,43.077530574781434
2023-03-30 19:00:00,0.0,24.928936407742594,49.48802889612463
2023-03-30 20:00:00,0.0,23.025886760068797,43.436565498623004
2023-03-30 21:00:00,0.0,25.37261862657106,45.83719889371474
2023-03-30 22:00:00,0.0,27.60336882235193,43.1016621958474
2023-03-30 23:00:00,0.0,21.18230506385746,50.39168521409426
2023-03-31 00:00:00,0.0,20.887969279485738,51.89863973680443
2023-03-31 01:00:00,0.0,21.80359775892239,62.082095835924584
2023-03-31 02:00:00,0.0,18.028838446144604,58.8493876314145
2023-03-31 03:00:00,0.0,16.860186850993575,63.99481254375718
2023-03-31 04:00:00,0.0,16.150950852382774,63.128877568673936
2023-03-31 05:00:00,0.0,13.024272520339544,61.41000267577898
2023-03-31 06:00:00,6.933666574816328,12.85375190069976,65.62732896727609
2023-03-31 07:00:00,229.74158408297475,15.609448891679335,66.51989211189023
2023-03-31 08:00:00,416.04731314997116,11.3834084513772,60.13411245363038
2023-03-31 09:00:00,660.6005166159305,11.006848789115043,66.73302676836799
2023-03-31 10:00:00,672.0428314048648,13.541945634064707,56.90069585787703
2023-03-31 11:00:00,787.8495542472722,17.219418333739537,54.45835512883887
2023-03-31 12:00:00,845.8206162647649,16.604304399845347,56.75002793129735
2023-03-31 13:00:00,755.2618827923153,17.516071588992766,49.58821957662567
2023-03-31 14:00:00,729.0448143666428,20.08686561087034,49.45001238241591
2023-03-31 15:00:00,667.464785700968,18.05964742073495,47.78320974420465
2023-03-31 16:00:00,425.8108628672018,23.987559323389192,45.79628575480813
2023-03-31 17:00:00,229.2114923953823,25.0076587657657,34.97321419502316
2023-03-31 18:00:00,0.0,24.375683490354316,37.76602438367796
2023-03-31 19:00:00,0.0,27.805551997166372,46.63288879532866
2023-03-31 20:00:00,0.0,23.74315581793305,51.62029346413729
2023-03-31 21:00:00,0.0,28.049520960080677,43.33329270583357
2023-03-31 22:00:00,0.0,25.50328776973626,49.201690345627156
2023-03-31 23:00:00,0.0,23.567683523202064,54.39503525000818
2023-01-05 04:00:00,0.0,10.561195493366592,72.92561329424598
2023-01-21 20:00:00,0.0,18.478219766161267,49.47081395538833
