timestamp,load_kwh,solar_kwh,wind_kwh,fossil_kwh,co2_kg
2023-01-01 00:00:00,223.2884971741416,0.9934283060224653,35.74359126012796,186.5514776079912,130.96333880431555
2023-01-01 01:00:00,219.25169632062762,0.0,46.60729314308025,172.64440317754736,121.31715515571395
2023-01-01 02:00:00,241.89084515093205,1.295377076201385,48.62102890359849,191.9744391711322,134.89422525035255
2023-01-01 03:00:00,215.42844859297145,3.0460597128160507,53.75644722379434,158.62594165636105,111.636644825947
2023-01-01 04:00:00,232.85433672566896,0.0,57.2795804081712,175.57475631749776,123.47512522633014
2023-01-01 05:00:00,276.4052111888789,0.0,36.51450138100126,239.89070980787767,168.28864187932436
2023-01-01 06:00:00,271.2221201718322,3.158425631014783,38.1483948259415,229.9152997148759,161.38536226129284
2023-01-01 07:00:00,314.3686639677656,10.660363202942984,34.57463204430728,269.13366872051535,188.95252168886265
2023-01-01 08:00:00,347.057731161124,16.690151399298855,42.76309604276836,287.6044837190568,202.08457259175344
2023-01-01 09:00:00,334.83374240366726,26.016432641672637,48.36612191119489,260.4511878507997,183.3198213675052
2023-01-01 10:00:00,367.64964520134515,29.607661802560557,52.533931048337024,285.50805235044754,200.97312919184785
2023-01-01 11:00:00,352.8373158904489,33.12534679199736,44.02764672648403,275.6843223719675,194.081809063482
2023-01-01 12:00:00,389.45573338193435,35.742124885469586,42.076474729585456,311.6371337668793,219.28160088182074
2023-01-01 13:00:00,383.85202759759323,30.23024580982228,45.84931885361413,307.7724629341568,216.50382215864232
2023-01-01 14:00:00,385.2303081433204,27.084661523159422,37.95411170258402,320.191534917577,225.0553087897929
2023-01-01 15:00:00,360.4591190300159,23.80673749601877,61.351564689182396,275.3008168448148,193.80022218818254
2023-01-01 16:00:00,332.51295906920797,15.603437930499911,31.77396669867974,285.13555444002833,200.22469653361662
2023-01-01 17:00:00,348.40944877903434,9.753988409827725,46.11317954679001,292.5422808224166,205.43580813935606
2023-01-01 18:00:00,290.6151441288016,0.0,60.82410466946132,229.79103945934028,161.4619686682328
2023-01-01 19:00:00,296.1004104241537,0.0,44.68965367210419,251.41075675204954,176.43442626315573
2023-01-01 20:00:00,294.27287219588965,2.931297537843108,43.11494263561225,248.22663202243427,174.24841779281695
2023-01-01 21:00:00,263.7391338458873,0.0,41.775691533140794,221.9634423127465,155.79216653425397
2023-01-01 22:00:00,273.51726498471515,0.13505640937584767,43.19212146152495,230.19008711381434,161.5676833224728
2023-01-01 23:00:00,246.9552727937633,0.0,55.61804271303645,191.33723008072684,134.49224148363913
2023-01-02 00:00:00,214.6385386531282,0.0,31.121883493751042,183.51665515937714,128.7728774465015
2023-01-02 01:00:00,222.13078127890887,0.22184517941973217,61.0842483947577,160.82468770473145,113.19256078084798
2023-01-02 02:00:00,223.73645393984532,0.0,37.42512156478594,186.31133237505938,130.7921838781894
2023-01-02 03:00:00,208.7063968281903,0.7513960366913439,46.68356015051178,161.27144064098718,113.37187197092996
2023-01-02 04:00:00,231.0465543389482,0.0,45.3828234219978,185.66373091695039,130.41843987608524
2023-01-02 05:00:00,253.3096669764394,0.0,53.525204942552854,199.78446203388654,140.3843754731461
2023-01-02 06:00:00,250.4722494300966,0.0,36.03178396931712,214.44046546077948,150.4686436622388
2023-01-02 07:00:00,302.43348260491194,12.896857477372436,52.51416011304264,237.02246501449687,166.69880426082568
2023-01-02 08:00:00,318.6905265195433,17.73116763769472,65.01125577068191,235.9481031111667,166.16840808827737
2023-01-02 09:00:00,316.62767206146367,22.998411808584553,37.91138674764461,255.7178735052345,179.84159355731228
2023-01-02 10:00:00,364.35281605522107,32.40312880822922,50.334428125270264,281.6152591217216,198.2820882426224
2023-01-02 11:00:00,381.74120405425674,31.86444747490887,43.52092136201422,306.35583521733366,215.5215828152519
2023-01-02 12:00:00,382.40066386723606,35.934051364350694,52.22387643393138,294.242736068954,207.21083503989414
2023-01-02 13:00:00,376.86005795300275,30.386794527091368,48.96996100371312,297.50330242219826,209.34974719611773
2023-01-02 14:00:00,387.86677896054056,28.10166688622599,43.68488351203262,316.08022856228195,222.2550421664422
2023-01-02 15:00:00,381.2064182910428,25.50755613823461,52.71975706335569,302.9791050894525,213.122722256015
2023-01-02 16:00:00,362.9006766218564,19.23509524716141,63.25156366268104,280.41401771201396,197.3070299399798
2023-01-02 17:00:00,329.3518968246159,9.535037670734509,47.28954845056871,272.52731070331265,191.43271373023924
2023-01-02 18:00:00,326.57561567200673,0.0,54.574842321572554,272.0007733504342,190.94628976851965
2023-01-02 19:00:00,319.6532903435195,0.0,38.47059512141779,281.1826952221017,197.21259260668538
2023-01-02 20:00:00,272.0661210937597,0.0,41.165287769843026,230.9008333239167,162.0422362044401
2023-01-02 21:00:00,293.19017066812376,0.0,52.59602900743012,240.59414166069365,168.94185945255984
2023-01-02 22:00:00,237.26807407643275,0.0,60.689707012674816,176.57836706375792,124.21175401475729
2023-01-02 23:00:00,232.92515347848428,2.1142444524378314,51.661685574672376,179.14922345137407,125.96335816075732
2023-01-03 00:00:00,215.2196333179422,0.6872365791369228,49.63079067143898,164.9016060673663,115.94117688545352
2023-01-03 01:00:00,225.9300458999666,0.0,52.12958615901105,173.80045974095555,122.18161768025898
2023-01-03 02:00:00,199.1735918685081,0.64816793878959,42.13199304386647,156.39343088585204,109.90968490931088
2023-01-03 03:00:00,225.10832407615678,0.0,56.97137752646715,168.13694654968964,118.26557636004742
2023-01-03 04:00:00,229.63062286101038,0.0,59.19391941421149,170.4367034467989,119.89763160690134
2023-01-03 05:00:00,264.61105857954703,1.2233525776817358,48.518532252959574,214.86917374890572,150.91807399831723
2023-01-03 06:00:00,296.79217038559466,2.061999044991902,48.3749177335482,246.35525360705455,172.9736666831735
2023-01-03 07:00:00,312.27107616788095,,54.2622807528406,246.88716630353122,173.58607180223044
2023-01-03 08:00:00,287.7116165564809,16.208712457729124,48.64149702729945,222.86140707145233,156.8135741694442
2023-01-03 09:00:00,373.2120281550809,24.677821840869065,51.606193998617634,296.9280123155942,208.85922699771947
2023-01-03 10:00:00,363.5787249653995,31.643975142516027,68.93302922895634,263.00172059392713,185.42341421088886
2023-01-03 11:00:00,360.2155285565227,36.50640572009293,50.15904930965624,273.55007352677353,192.71677007623987
2023-01-03 12:00:00,382.2119682491522,34.81594653265823,49.26853369945444,298.1274880170396,209.8782458795754
2023-01-03 13:00:00,385.22383069870307,34.18399751252058,46.954920470542945,304.0849127156396,214.01266805590353
2023-01-03 14:00:00,369.8523187100147,28.76877833169685,58.088790687623714,282.9947496906941,199.25258825699603
2023-01-03 15:00:00,374.83176567404894,22.90383334441016,50.68546152987939,301.2424707997594,211.83466084201856
2023-01-03 16:00:00,350.0374415417819,19.512199148962797,46.94027060905281,283.58497178376626,199.36912693770617
2023-01-03 17:00:00,336.51555347081234,11.971548930418368,62.705687173808315,261.83831736658567,184.15331000695642
2023-01-03 18:00:00,312.9923199330381,0.0,63.49207895173331,249.5002409813048,175.2850894764307
2023-01-03 19:00:00,281.0909140150679,2.0070657957840483,47.33186638971458,231.75198182956925,162.7398472605113
2023-01-03 20:00:00,284.06300680619177,0.7232720500952683,37.202935304739285,246.1367994513572,172.68225440999933
2023-01-03 21:00:00,271.36047490890775,0.0,60.19536443431959,211.16511047458815,148.41753097655487
2023-01-03 22:00:00,253.73569480738448,0.7227912110168279,46.65821630954419,206.35468728682346,144.9293190880922
2023-01-03 23:00:00,245.59782984793614,3.0760731329319384,58.460259708926365,184.06149700607784,129.4891719640024
2023-01-04 00:00:00,231.03115838721357,0.0,38.50501720273262,192.52614118448093,135.15334900116397
2023-01-04 01:00:00,215.44923886686243,3.1292873116280124,61.406626450821776,150.91332510441265,106.31597958382963
2023-01-04 02:00:00,238.76101320345836,0.0,44.57647231018105,194.1845408932773,136.3749433483959
2023-01-04 03:00:00,213.79532593973187,1.6438050087504477,60.1119606969595,152.0395602340219,107.06168787095993
2023-01-04 04:00:00,233.36150810750496,0.17409413647634245,54.38003228711878,178.80738168390985,125.7124493843376
2023-01-04 05:00:00,248.9771202687673,0.0,46.63433238925415,202.34278787951314,142.10629483955174
2023-01-04 06:00:00,298.935438619004,0.1835215530710046,51.00955724101306,247.74235982491993,173.9334178809155
2023-01-04 07:00:00,317.5819490522171,5.350639425472127,59.75639540008091,252.47491422666405,177.43701670117508
2023-01-04 08:00:00,331.45522350399256,17.57667442534237,55.11300336934918,258.765545709301,182.03854551871103
2023-01-04 09:00:00,359.51906931829296,26.192722422862822,58.94115158820718,274.38519530722294,193.18290267939537
2023-01-04 10:00:00,346.81942209885995,34.160446963730806,70.07737242055119,242.58160271457797,171.19110456368472
2023-01-04 11:00:00,377.95108044078574,33.767734097965956,41.75191485073889,302.4314314920809,212.79487587492332
2023-01-04 12:00:00,378.83657101749395,34.415049196248425,67.2035483441763,277.2179734770692,195.41291790131515
2023-01-04 13:00:00,396.1433528983897,33.800760447344175,55.10069524461301,307.24189720643255,216.2963502058958
2023-01-04 14:00:00,378.98582395495845,33.03546310965193,47.07557535784228,298.87478548746424,210.3438148569964
2023-01-04 15:00:00,366.9480103167199,26.135999499158704,43.623338738515386,297.1886720790458,208.99102383270034
2023-01-04 16:00:00,368.12229161345465,16.95649779348332,52.752884618211034,298.41290920176027,209.75569524328395
2023-01-04 17:00:00,356.5826588479845,10.352312120900635,61.63904863982298,284.59129808726084,200.0373453898988
2023-01-04 18:00:00,314.12046702561565,0.1941550986960852,53.245454781407034,260.6808571455125,183.01293765164672
2023-01-04 19:00:00,302.52398626983035,1.9372899810657784,66.35508718640608,234.2316091023585,164.66442304313634
2023-01-04 20:00:00,266.8579882272895,0.0,42.65644222401483,224.2015460032747,157.36764662453243
2023-01-04 21:00:00,225.96920607772188,0.0,54.16913616165887,171.80006991606302,120.8017403028607
2023-01-04 22:00:00,249.87847331639813,0.0,44.24670018912235,205.63177312727578,144.38470819098427
2023-01-04 23:00:00,243.2916693811804,0.0,57.174902805427045,186.11676657575336,130.8534856310816
2023-01-05 00:00:00,230.95517597004778,0.5922405541291521,62.0950991207784,168.26783629514023,118.42028120888851
2023-01-05 01:00:00,195.05481417055682,0.5221105443597787,51.633905650551576,142.89879797564546,100.55593985034453
2023-01-05 02:00:00,221.76143238259976,0.01022691328492178,34.166289146982926,187.5849163223319,131.65130885536783
2023-01-05 03:00:00,201.74099123335102,0.0,56.59158517437196,145.14940605897908,102.17050009302908
2023-01-05 04:00:00,268.2752140567613,0.0,58.49390841386808,209.78130564289322,147.43185303416394
2023-01-05 05:00:00,248.00742120510105,0.0,58.23435803969358,189.77306316540748,133.42348779618214
2023-01-05 06:00:00,302.42377047056914,0.0,64.88625753457723,237.5375129359919,166.92512163054008
2023-01-05 07:00:00,318.4862845921345,7.787851946969831,46.43157056280761,264.2668620823571,185.60687620221742
2023-01-05 08:00:00,311.49490825703305,17.822164567198826,60.4417288436036,233.2310148462306,164.22257097214143
2023-01-05 09:00:00,327.3064656678562,26.468633437117013,64.5400600998238,236.29777213091535,166.5832137613813
2023-01-05 10:00:00,366.1223356775912,35.19997642794409,40.771299327947865,290.15105992169924,204.21745446702784
2023-01-05 11:00:00,360.9154116818813,35.40209383456468,57.55721460735182,267.9561032399648,188.85288629074017
2023-01-05 12:00:00,383.1095756723709,36.80457276250722,50.96656135193863,295.3384415579251,207.9826661593171
2023-01-05 13:00:00,377.05582607476856,34.90404637736867,54.34781861518683,287.80396108221305,202.70433187124837
2023-01-05 14:00:00,354.85492982301326,27.590062194924947,57.78141186830669,269.48345575978163,189.7680343944287
2023-01-05 15:00:00,340.12325195276054,25.607503972589505,51.10217148709158,263.41357649307946,185.4126753394783
2023-01-05 16:00:00,364.2670461592151,18.265196410412898,49.59433536670711,296.4075143820951,208.3465073493419
2023-01-05 17:00:00,335.87487374191295,14.318890710383652,55.273219339904195,266.2827636916251,187.23704459174428
2023-01-05 18:00:00,316.70741629136205,0.0,46.30203248909758,270.40538380226445,189.74678898647608
2023-01-05 19:00:00,314.7361975232791,0.6030946846672249,46.31339896891852,267.81970386969334,187.94898859216786
2023-01-05 20:00:00,301.1943504781574,0.0,60.43498626365203,240.75936421450535,169.13590481279027
2023-01-05 21:00:00,260.2100691164452,0.0,45.80964771873075,214.40042139771444,150.5383914555874
2023-01-05 22:00:00,242.62071683830064,2.285645629030041,60.3305000072737,180.0045712019969,126.65221775405115
2023-01-05 23:00:00,242.51835313082555,1.5038660653735483,58.70073034283161,182.31375672262038,128.23671433057004
2023-01-06 00:00:00,207.52698522375266,1.5820638940860938,40.459393914102534,165.48552741556404,116.27610440791756
2023-01-06 01:00:00,228.50238069358718,0.0,48.845330525742064,179.6570501678451,126.24838842274899
2023-01-06 02:00:00,236.1593083465786,2.8055886218721984,63.818722968806284,169.53499675590012,119.36879673125559
2023-01-06 03:00:00,246.07650569588108,0.0,46.41652349530985,199.65998220057122,140.22615277535294
2023-01-06 04:00:00,219.53525183991096,1.1737141876005406,50.550613645952204,167.81092400635822,117.99662722466229
2023-01-06 05:00:00,253.7347558252376,4.380911251619957,57.96233489044248,191.39150968317517,134.64129835215942
2023-01-06 06:00:00,271.2756124718181,0.0,60.53297181868807,210.74264065313002,148.1251781753779
2023-01-06 07:00:00,306.65338918850995,8.326341362609593,52.25353665607134,246.07351116982903,172.9405200126932
2023-01-06 08:00:00,333.0717771770931,18.472565461031042,49.485766186894175,265.1134455291679,186.4437208415071
2023-01-06 09:00:00,367.60574098406147,24.835344674550633,65.64480663801537,277.1255896714955,195.141067729918
2023-01-06 10:00:00,354.29914516177445,28.548892607764724,68.17704505480793,257.57320749920177,181.5539935521446
2023-01-06 11:00:00,366.9735297004886,35.43835875421023,62.09671215068167,269.4384587955967,189.9366554535087
2023-01-06 12:00:00,399.6742312586784,34.421918034259306,54.948392884947495,310.3039203394716,218.45066652716474
2023-01-06 13:00:00,389.6037389503263,36.24841766586854,47.799721971299896,305.55559931315787,215.0918850922409
2023-01-06 14:00:00,401.4439236433168,29.811371001429386,47.62229249197478,324.0102601499126,227.8796324498871
2023-01-06 15:00:00,378.7680372202744,28.942164792818115,58.44596058655336,291.3799118409029,205.1292411903539
2023-01-06 16:00:00,344.36687808659644,16.706756146183285,57.61303351153678,270.04708842887635,189.94322735825244
2023-01-06 17:00:00,325.1581595507046,8.814813789403797,65.47863648799874,250.86470927330208,176.4363791319795
2023-01-06 18:00:00,302.5879247446895,1.627034434739344,59.469448484716416,241.49144182523372,169.67124445120555
2023-01-06 19:00:00,315.0858623937488,0.0,42.24120533034876,272.84465706340006,191.4136719976835
2023-01-06 20:00:00,302.2785136104752,0.45491986920825883,62.68142868621065,239.1421650550563,168.03542822278567
2023-01-06 21:00:00,292.89551699316746,2.614285508564856,46.281362725912004,243.9998687586906,171.31500746851384
2023-01-06 22:00:00,261.23312236229657,0.0,51.194077568808495,210.03904479348807,147.53927213112974
2023-01-06 23:00:00,253.31563123264146,0.3692677170646084,56.26744939444086,196.678914121136,138.24529973308088
2023-01-07 00:00:00,220.0360911520369,0.5197655884968471,68.10059483389593,151.4157307296441,106.68241277085976
2023-01-07 01:00:00,208.66416499380978,1.5636457435546207,77.0146033636671,130.08591588658805,91.86156006911939
2023-01-07 02:00:00,241.48752612810546,0.0,56.98903938871368,184.49848673939178,129.71883111146138
2023-01-07 03:00:00,242.99358122580355,0.0,50.669681965861116,192.32389925994244,135.1334263016183
2023-01-07 04:00:00,251.0535253651572,1.0438831312337953,56.41130010346862,193.5983421304548,136.10383015497771
2023-01-07 05:00:00,271.8209744544625,0.5939693464663721,59.236498322614906,211.9905067853812,148.9975991199223
2023-01-07 06:00:00,290.1526608736391,0.5009857006917531,49.56991391116668,240.08176126178066,168.56295173637196
2023-01-07 07:00:00,325.26765514277105,10.218244968499548,66.49694576292279,248.5524644113487,174.8560594449433
2023-01-07 08:00:00,346.1407096254236,17.04151089358816,53.97582098915543,275.12337774268,193.4669528476393
2023-01-07 09:00:00,354.1737075300728,26.488243591373802,56.11719962835537,271.56826431034364,191.18872188535158
2023-01-07 10:00:00,375.26598782833537,32.45858238838421,57.462648932059906,285.34475650789125,200.96512769261216
2023-01-07 11:00:00,383.0033728340943,34.12038191050466,55.50794780053986,293.37504312304975,206.60001730235032
2023-01-07 12:00:00,376.3669223675738,40.5346696957798,58.846778919381116,276.9854737524129,195.2889928097984
2023-01-07 13:00:00,397.3588723686647,36.496750588380976,47.19722942324883,313.6648923570349,220.7673319559245
2023-01-07 14:00:00,362.3670423152041,29.489830447381554,47.668840884055975,285.2083709837666,200.7123447064248
2023-01-07 15:00:00,391.10080783216097,27.33684341431946,43.334021051850655,320.4299433659909,225.2810374349985
2023-01-07 16:00:00,344.6611006434009,16.4521969962905,55.65126476058603,272.5576388865244,191.67590380809875
2023-01-07 17:00:00,350.2974515468886,11.09951775699051,58.366746943721125,280.831186846177,197.3874886169009
2023-01-07 18:00:00,314.03861647677695,2.3171911580148126,55.7974378448393,255.92398747392284,179.75110943335466
2023-01-07 19:00:00,314.311236991084,0.0,65.53119438240452,248.78004260867948,174.80134176989966
2023-01-07 20:00:00,284.79600024784736,1.9267522584886436,52.090486764991844,230.77876122436686,162.10457276987648
2023-01-07 21:00:00,242.08906287251764,0.8255618538729966,57.485188160364316,183.77831285828034,129.23618211947735
2023-01-07 22:00:00,255.75235421532102,1.64412031998898,43.4016479065097,210.70658598882233,147.9615090776405
2023-01-07 23:00:00,228.0595582897219,3.7935859653078947,49.038457295829005,175.227515028585,123.22551681227394
2023-01-08 00:00:00,242.80707331473832,0.0,54.38108084491331,188.42599246982502,132.44200553732665
2023-01-08 01:00:00,226.88382393667933,0.0,55.60959567033225,171.27422826634708,120.44805574314627
2023-01-08 02:00:00,235.52118728335836,0.0,46.46504320307364,189.05614408028472,132.80395128823002
2023-01-08 03:00:00,223.21837197767996,0.0,48.24398476952256,174.9743872081574,122.9645108934054
2023-01-08 04:00:00,241.455412639329,0.0,36.67378881094062,204.78162382838838,143.71387456798126
2023-01-08 05:00:00,259.984359064147,0.6823039496332878,45.96054517793422,213.34150993657948,149.81230848637765
2023-01-08 06:00:00,299.00895220109993,0.5533815986600381,55.939844092545385,242.5157265098945,170.3314746298248
2023-01-08 07:00:00,332.02459492274556,11.2459884873283,53.41841891323963,267.3601875221776,187.9112352244033
2023-01-08 08:00:00,315.49188593772175,18.555594574605298,52.82210455543677,244.1141868076797,171.77926370242224
2023-01-08 09:00:00,363.01666077552846,29.111866755957575,49.21496828183478,284.6898257377361,200.35726503435276
2023-01-08 10:00:00,330.8873198347015,31.56487902673577,48.87328405341251,250.4491567545532,176.43444014925606
2023-01-08 11:00:00,358.23312989203396,41.23675892407843,43.53420966859952,273.462161299356,192.68359018471676
2023-01-08 12:00:00,369.7563278659871,38.310516277228984,54.407406146007375,277.03840544275073,195.23716819693016
2023-01-08 13:00:00,366.5763082640524,34.08210547806663,52.184562339502214,280.3096404464835,197.4202360454948
2023-01-08 14:00:00,360.384178861975,29.952407697089463,52.75292956832949,277.678841596556,195.50176656721428
2023-01-08 15:00:00,382.3409545904853,27.169743432129316,44.608500043046455,310.5627111153095,218.3833776497897
2023-01-08 16:00:00,360.22146563466913,18.082665220197782,31.590035425417142,310.54876498905423,218.06168915099607
2023-01-08 17:00:00,352.5550195697399,11.019622977440447,57.59400047841666,283.9413961138828,199.5553097440509
2023-01-08 18:00:00,337.92655250568765,0.9464752491470942,44.986079136319866,291.9939981202207,204.8645889805006
2023-01-08 19:00:00,310.84819350325125,0.0,41.914572672042134,268.9336208312091,188.67268030856678
2023-01-08 20:00:00,296.0248626397172,0.0,54.36461007969905,241.66025256001814,169.70582289280966
2023-01-08 21:00:00,265.8209543120292,0.0,45.68067766503406,220.14027664699512,154.55500042954694
2023-01-08 22:00:00,232.4904952861533,0.0,57.29626985676007,175.19422542939324,123.20892049914286
2023-01-08 23:00:00,253.44911901522013,1.7127975886469446,53.75282638100067,197.9834950455725,139.1602307474837
2023-01-09 00:00:00,221.6046929383717,0.4281874882604079,50.103809501228035,171.07269594888325,120.26048900899576
2023-01-09 01:00:00,213.68149655177768,0.0,33.70760922601994,179.97388732575774,126.31879722029062
2023-01-09 02:00:00,227.77260679302265,0.346361851702364,54.33080679871542,173.09543814260485,121.71704200484459
2023-01-09 03:00:00,224.74124494101127,0.7706347594576736,46.72525916549507,177.24535101605852,124.55441099808506
2023-01-09 04:00:00,244.88544280844877,0.0,41.68103780165459,203.2044050067942,142.65989388277248
2023-01-09 05:00:00,272.87624985666605,0.3074502118910558,45.782362654362224,226.78643699041277,159.2144785240704
2023-01-09 06:00:00,292.23504351370434,0.11641743689199979,30.425373052437656,261.6932530243747,183.49185919632453
2023-01-09 07:00:00,294.2479900368296,7.371796907155359,47.904477407469585,238.97171572220466,
2023-01-09 08:00:00,321.10538404718454,19.37289087567867,36.40028285016764,265.3322103213382,186.48400787095198
2023-01-09 09:00:00,363.8304361047677,27.506998596594805,33.81389262887594,302.509544879297,212.64496031372852
2023-01-09 10:00:00,371.72998529414696,34.48152199965517,32.45638142588109,304.7920818686107,214.36865156227938
2023-01-09 11:00:00,408.1234489261972,38.15077115074475,53.53676191554362,316.43591585990885,222.80352414410652
2023-01-09 12:00:00,402.69142974246245,34.55929357405003,39.60114776608191,328.53098840233054,231.0588892307732
2023-01-09 13:00:00,404.87983706161316,34.1675169668447,56.90507659495621,313.8072434998122,220.917471555155
2023-01-09 14:00:00,364.1714788795025,33.345490047721945,40.34884321120583,290.47714562057473,204.4044001674688
2023-01-09 15:00:00,388.4553786104705,27.41300144568276,30.976391254880642,330.0659859099071,231.90421407839742
2023-01-09 16:00:00,363.48738150268423,19.6874115275942,35.703059396034945,308.0969105790551,216.41861622985076
2023-01-09 17:00:00,339.45071398014034,17.363200484126057,54.52174787567972,267.56576562033456,188.1885174226735
2023-01-09 18:00:00,330.9411947494037,1.1417810213863386,43.388069492130874,286.4113442358865,200.94465728046956
2023-01-09 19:00:00,321.89361405238634,2.271131280361198,40.24895654369941,279.3735262283257,196.0093805508722
2023-01-09 20:00:00,294.5223912900756,1.9080035269864046,45.91540072244652,246.69898704064263,173.18660500621402
2023-01-09 21:00:00,254.53833401308316,1.302782502611596,48.64951680496458,204.586034705507,143.72277511195676
2023-01-09 22:00:00,262.2837822421796,0.0,53.5744454428439,208.7093367993357,146.63228021396338
2023-01-09 23:00:00,228.86959559931955,1.5179384409865349,56.223248754767624,171.1284084035654,120.38247713886318
2023-01-10 00:00:00,234.54083789041272,0.0,37.12185083368731,197.4189870567254,138.56450944804465
2023-01-10 01:00:00,224.01440619691687,0.0,29.391618511343694,194.62278768557317,136.52986756501465
2023-01-10 02:00:00,228.00759732991406,0.0,36.69227871101379,191.31531861890028,134.28764582034032
2023-01-10 03:00:00,250.77626953192646,0.1637482787726451,42.082244052663086,208.53027720049073,146.39529144644558
2023-01-10 04:00:00,236.39320891691162,4.629317133347017,32.289928590315114,199.4739631932495,140.04725986384472
2023-01-10 05:00:00,297.74258332322785,0.0,32.34279268083966,265.3997906423882,186.10328137648014
2023-01-10 06:00:00,260.5428425614548,1.372520380749027,42.75030305239908,216.42001912830668,151.94896682795363
2023-01-10 07:00:00,299.599641960251,6.4982437563538,39.61078118743639,253.49061701646082,177.969504598524
2023-01-10 08:00:00,334.82335916640164,17.840834849782212,40.26237596329269,276.72014835332675,194.4635443039573
2023-01-10 09:00:00,357.3293697056035,28.74347669278621,33.932037322399445,294.6538556904178,207.17188889037217
2023-01-10 10:00:00,363.6260638954221,32.66461238597533,38.156794286353865,292.8046572230929,205.99812024674804
2023-01-10 11:00:00,376.9858289668058,34.133761441725966,32.60613484585357,310.24593267922626,218.18088945275144
2023-01-10 12:00:00,391.99697459211353,36.13878974420223,47.12158728899829,308.736597558913,217.3096099590131
2023-01-10 13:00:00,385.0986150472086,37.64844649545393,48.281994677790024,299.16817387396463,210.6535105884622
2023-01-10 14:00:00,406.7364421812229,31.07531908435013,25.23049710209525,350.43062599477753,246.1752495490522
2023-01-10 15:00:00,390.436926225303,26.99849267801543,32.56391311846072,330.8745204288269,232.4777732849237
2023-01-10 16:00:00,378.2255649690822,18.875842261168703,28.027765959279368,331.32195674863414,232.58316422886006
2023-01-10 17:00:00,334.0723063585176,8.42047480352148,34.79980852474481,290.8520230302513,204.11282370249378
2023-01-10 18:00:00,328.07935445119,4.287888178650656,39.33249624167711,284.45897003086225,199.60036174759335
2023-01-10 19:00:00,304.0576679782633,1.2678380446360225,28.40283824241176,274.3869916912155,192.38027932716767
2023-01-10 20:00:00,272.77511296553024,0.0,32.625121494997494,240.14999147053274,168.43124524432287
2023-01-10 21:00:00,273.96711996826036,0.3729086295388553,31.96834102334801,241.6258703153735,169.4652508035857
2023-01-10 22:00:00,243.93142834745285,0.0,41.65813863519155,202.27328971226132,142.00788418493482
2023-01-10 23:00:00,249.11368235407238,1.704866669592448,40.554754696290004,206.85406098818993,145.2374875720877
2023-01-11 00:00:00,216.0843959456218,,29.59084465767777,186.49355128794403,130.8413943481376
2023-01-11 01:00:00,255.19694468478951,0.0,36.779312061490984,218.41763262329852,153.26013595692388
2023-01-11 02:00:00,218.69227951015583,1.0099745579609143,30.991304407677674,186.69100054451724,131.01381291639805
2023-01-11 03:00:00,243.41883824741367,1.731510388340243,33.19150420176737,208.49582365730606,146.3136218098987
2023-01-11 04:00:00,264.72068265305944,0.0,48.75236180676409,215.96832084629534,151.66534821047435
2023-01-11 05:00:00,260.85172903916055,0.0,46.08843349869858,214.76329554046197,150.79519121331035
2023-01-11 06:00:00,301.49284153545483,0.0,24.96809518895502,276.5247463464998,193.8170033944394
2023-01-11 07:00:00,290.97358152515596,8.482757973007066,42.002604427409196,240.48821912473971,168.93143459105204
2023-01-11 08:00:00,351.8986245881023,22.44260880438652,41.85591752030854,287.60009826340723,202.18748013567588
2023-01-11 09:00:00,349.62357446664856,27.555146507409926,26.17863877435485,295.8897891848838,207.9357417473104
2023-01-11 10:00:00,357.03370686755284,30.23425790971044,41.914966234414685,284.8844827234277,200.44297272693774
2023-01-11 11:00:00,374.20564120850577,38.37032341775206,47.66820043167622,288.16711735907745,202.961070624026
2023-01-11 12:00:00,398.81919063617846,42.067713041673926,26.384386634420487,330.36709096008406,232.3621617992365
2023-01-11 13:00:00,380.64450611440566,38.5995300447448,28.02472251626169,314.02025355339913,220.86641531343687
2023-01-11 14:00:00,375.445036253946,29.717285886472503,43.50603681912382,302.22171354834967,212.58460556976544
2023-01-11 15:00:00,375.3703188311612,25.776714939755518,37.53670757098098,312.0568963204247,219.3307287988022
2023-01-11 16:00:00,348.3254462955365,21.445522622197572,39.77655528629198,287.10336838704694,201.79903387623972
2023-01-11 17:00:00,376.71949411128946,8.374077506916938,38.089458815579775,330.2559577887927,231.72754659044904
2023-01-11 18:00:00,321.6209402321431,0.8876388562924615,38.49031245180095,282.24298892404965,197.97274814847862
2023-01-11 19:00:00,321.8855872848683,1.5492681068586736,24.752968057887134,295.5833511201225,207.18686082680176
2023-01-11 20:00:00,291.84786313867716,0.0,43.74328673734738,248.10457640132978,174.1106363483043
2023-01-11 21:00:00,254.6433247349327,0.0,44.72146502379799,209.9218597111347,147.39251644803224
2023-01-11 22:00:00,252.7534723590475,0.0,33.52961913183157,219.22385322721593,153.79199345036946
2023-01-11 23:00:00,251.88934487906837,0.0,35.0169294858649,216.87241539320348,152.16086007010108
2023-01-12 00:00:00,230.15723886401094,0.0,18.934361195167128,211.2228776688438,148.0453579801423
2023-01-12 01:00:00,248.15191918119638,0.0,35.297259263755585,212.85465991744078,149.35123453484607
2023-01-12 02:00:00,248.30388978203348,3.2648226078632705,35.75968074932606,209.27938642484415,146.91846375704142
2023-01-12 03:00:00,254.75691551055084,0.0,30.685693079618414,224.07122243093244,157.1567126324489
2023-01-12 04:00:00,246.7918309144122,0.0,40.17804809457692,206.61378281983528,145.03142845483046
2023-01-12 05:00:00,254.05758827670863,0.2614811545721827,28.510603367773378,225.28550375436308,157.99018828482332
2023-01-12 06:00:00,280.34588730478737,2.882546578132231,35.700068622761705,241.76327210389343,169.64894209051565
2023-01-12 07:00:00,313.19883910343174,6.983216538262737,23.025906506075977,283.18971605909303,198.60272463719113
2023-01-12 08:00:00,339.14754930461794,21.364611253324558,30.994804008619,286.7881340426744,201.48893409502475
2023-01-12 09:00:00,317.6816539220242,26.94466520420297,29.788387152390218,260.94860156543103,183.50079827140965
2023-01-12 10:00:00,366.70206946417846,31.012257440110343,32.985684591940434,302.7041274321277,212.84299119721098
2023-01-12 11:00:00,381.90859567603377,37.70334687131196,28.227005784946034,315.9782430197758,222.22110710911872
2023-01-12 12:00:00,383.3661272518231,38.474686889176226,30.13144045023956,314.75999991240735,221.40280808097106
2023-01-12 13:00:00,409.6243325786691,35.57870616846783,37.791598587144954,336.25402782305633,236.46730958538024
2023-01-12 14:00:00,393.85599221031947,33.114878912186285,27.689107317707162,333.05200598042603,234.075592837719
2023-01-12 15:00:00,399.1901359173995,26.153571888440283,18.33060440970347,354.70595961925574,249.00054921534485
2023-01-12 16:00:00,363.58435968310124,19.265318439517134,45.17989244925627,299.13914879432787,210.2345094493124
2023-01-12 17:00:00,364.3173873810348,11.179202189663721,42.2348538451368,310.90333134623427,218.27826452460863
2023-01-12 18:00:00,355.4867445195454,3.172033632290709,20.845119654767956,331.4695912324868,232.3006057319342
2023-01-12 19:00:00,329.93062673252086,0.0,36.70088365757446,293.2297430749464,205.6278289890382
2023-01-12 20:00:00,273.1675774837983,4.266066749312533,,241.74208768328361,169.5763769437968
2023-01-12 21:00:00,266.4500838302952,0.0,33.29111893826138,233.15896489203385,163.5441866138063
2023-01-12 22:00:00,248.50921191676025,0.0,33.537014247720855,214.9721976690394,150.81590851080477
2023-01-12 23:00:00,248.31201071682082,1.176634412969153,29.307958813082326,217.82741749076934,152.79580451992874
2023-01-13 00:00:00,244.1173128723008,0.5619837354700653,21.59461975968462,221.96070937714612,
2023-01-13 01:00:00,218.51268553982223,0.0,22.340416665845716,196.17226887397652,137.54399237844203
2023-01-13 02:00:00,234.83958725583688,0.0,20.535209760525852,214.30437749531103,150.21841634432297
2023-01-13 03:00:00,211.51513336511113,0.0,21.210167418532233,190.3049659465789,133.42557783679055
2023-01-13 04:00:00,276.1567082423128,0.0,27.327318763980948,248.82938947833185,174.4538458224721
2023-01-13 05:00:00,263.41046204005784,1.6992041940420493,22.138665171489777,239.57259267452602,167.95618560776393
2023-01-13 06:00:00,291.2285111396741,0.7140309719300947,33.32116161007675,257.1933185576672,180.3828152259064
2023-01-13 07:00:00,306.4513299403873,8.534410099318588,39.76271432706321,258.1542055140055,181.27625920506085
2023-01-13 08:00:00,348.99201288361115,20.96361109839774,23.224319153415447,304.804082631798,214.0143732557607
2023-01-13 09:00:00,308.5334790292476,27.71716948432874,29.779981088658808,251.03632845626004,176.57757311995516
2023-01-13 10:00:00,367.41546301024346,34.81945838875156,31.86222596679926,300.7337786546926,211.52865648572785
2023-01-13 11:00:00,378.79082659049783,38.282057416262646,31.640763251729986,308.8680059225052,217.28965292659615
2023-01-13 12:00:00,381.5655959394585,36.67083267321834,28.47238722770449,316.4223760385357,222.51380375271637
2023-01-13 13:00:00,416.98947383474274,35.90243765202148,33.80620443125357,347.2808317514677,244.15269302338035
2023-01-13 14:00:00,375.0601998704972,34.68832136132017,31.72273670582105,308.649141803356,217.06539305663378
2023-01-13 15:00:00,391.9550506114983,28.323310973442453,17.963445705757408,345.6682939322984,242.7139064291353
2023-01-13 16:00:00,373.00840997572334,19.122608159602944,34.817993599489974,319.0678082166304,224.07809785082821
2023-01-13 17:00:00,370.018864438241,10.15488405645747,34.96307178250973,324.9009085992738,227.98336441844592
2023-01-13 18:00:00,321.79376298674737,2.5553297915768547,21.758456250947138,297.4799769442234,208.50467501929737
2023-01-13 19:00:00,300.1015421633519,0.0,28.168247767956608,271.9332943953953,190.63498855445627
2023-01-13 20:00:00,306.8316006541676,1.0941947623400758,33.331377026864345,272.40602886496316,191.03941787098964
2023-01-13 21:00:00,277.4758952751599,0.0,26.1902345277409,251.28566074741903,176.16186486847073
2023-01-13 22:00:00,231.3534729551331,0.0,36.44856946650388,194.9049034886292,136.79791813670548
2023-01-13 23:00:00,233.72446813050416,2.19755370397438,46.77572504133067,184.7511893851991,129.83754089413216
2023-01-14 00:00:00,240.45531200489296,1.6508326979760597,19.44626399449284,219.35821531242405,153.77823001260128
2023-01-14 01:00:00,244.50010162349633,1.627019272001277,14.685795430342496,228.18728692115258,159.91049918455025
2023-01-14 02:00:00,224.47111239927773,2.610957614308658,28.1647010204117,193.69545376455739,135.92068379768045
2023-01-14 03:00:00,198.9377661502883,0.0420076832655181,31.506652296581844,167.38910617044093,117.48828099593977
2023-01-14 04:00:00,263.2134435914292,1.3639059425899278,23.887221264814542,237.96231638402475,166.83977180031727
2023-01-14 05:00:00,253.62882795113785,0.0,37.360237562140966,216.26859038899687,151.7616156479192
2023-01-14 06:00:00,260.96803272025966,0.6483327049768842,15.025305857786705,245.29439415749607,171.86929562292465
2023-01-14 07:00:00,269.44874942553537,9.724976330697418,31.277501239825583,228.44627185501236,160.41966483752083
2023-01-14 08:00:00,344.8488748114653,19.48403767503006,20.887265689501547,304.47757144693367,213.73285342324917
2023-01-14 09:00:00,353.862900056372,28.470558362313348,39.48917550523107,285.9031661888276,201.09651925447787
2023-01-14 10:00:00,365.11733508453756,31.774897944278184,41.67427508091764,291.66816205934174,205.21995415123394
2023-01-14 11:00:00,402.051036047494,41.45028130224323,19.60089955330591,340.99985519194485,239.7249132559393
2023-01-14 12:00:00,398.767574648769,36.568056727089846,21.337695168304055,340.8618227533751,239.54801401358742
2023-01-14 13:00:00,416.17813894112624,34.837129525296845,32.61085535141111,348.7301540644183,245.13395898911284
2023-01-14 14:00:00,368.31667232091803,35.72756105774527,22.63710705725658,309.9520042059162,217.9073252358688
2023-01-14 15:00:00,380.69741124374315,28.863569699365396,25.37086251211479,326.462979032263,229.35506534169252
2023-01-14 16:00:00,344.2514801710011,20.53828537914893,25.937259619911977,297.7759351719402,209.11329292414024
2023-01-14 17:00:00,348.4929033224655,11.241953457961358,10.376767005991445,326.8741828585127,229.14053474017803
2023-01-14 18:00:00,328.909924101999,0.0,25.623450286818798,303.2864738151802,212.5567661734943
2023-01-14 19:00:00,321.33284285924356,0.0,20.216330063059303,301.1165127961842,210.98372225795953
2023-01-14 20:00:00,291.91157290922433,0.15160911638745267,21.78916967637452,269.97079411646234,189.2004797606151
2023-01-14 21:00:00,281.28474537449625,0.0,37.283208283323205,244.00153709117305,171.17390804665436
2023-01-14 22:00:00,265.9166978024571,1.9502394668355023,15.682097101338645,248.28436123428298,173.99487862434816
2023-01-14 23:00:00,274.9755361582896,0.0,32.23979374955651,242.73574240873307,170.2374176236087
2023-01-15 00:00:00,230.76414882339202,0.0,22.768296557345533,207.99585226604648,145.824779551806
2023-01-15 01:00:00,218.65232424581365,0.0,22.761918652033323,195.89040559378032,137.35090310216654
2023-01-15 02:00:00,239.18485288243002,0.8258629085512487,31.32297516841369,207.03601480546507,145.2549573736807
2023-01-15 03:00:00,231.45143204596113,0.0,27.720410356551124,203.73102168941,142.8889192861525
2023-01-15 04:00:00,278.4285337874336,0.0,29.56490397775625,248.86362980967735,174.5001899065517
2023-01-15 05:00:00,268.51939417163084,0.4873744229838246,32.74547728426289,235.28654246438413,165.0377819863712
2023-01-15 06:00:00,283.5784956294978,0.48993314221744555,22.349532934533418,260.73902955274696,182.75061467911254
2023-01-15 07:00:00,305.6979289385426,9.036134667932272,20.102106123937997,276.55968814667233,193.97352545726866
2023-01-15 08:00:00,344.2494497160856,18.47307310213475,16.318795787537617,309.4575808264133,217.15295599840735
2023-01-15 09:00:00,350.40146000733705,27.921267914869215,18.39671576016836,304.0834763322995,213.60082594850869
2023-01-15 10:00:00,359.7112049487774,30.73185705712094,48.592755402469805,280.3865924891866,197.37117943759776
2023-01-15 11:00:00,407.0299758229174,34.69226151007536,34.95743664589429,337.38027766694773,237.20961396352385
2023-01-15 12:00:00,377.1991832490085,37.39341098423793,14.19140507033583,325.61436719443475,228.8198393064924
2023-01-15 13:00:00,393.3011558663042,37.08029475540478,14.420336346051439,341.800524764848,240.14617659396217
2023-01-15 14:00:00,399.82632313308824,34.249840871311605,28.85492849374793,336.7215537680287,236.67863373998378
2023-01-15 15:00:00,357.57967040230835,30.407880474053048,29.378118379023736,297.7936715492316,209.35750887773338
2023-01-15 16:00:00,376.540114771822,21.13046895977544,29.391070682538917,326.01857512950767,228.92952267667624
2023-01-15 17:00:00,336.94104962360257,9.730143958747687,22.96035365157042,304.25055201328445,213.39959282498975
2023-01-15 18:00:00,345.8149300765211,0.0,23.9963659199768,321.81856415654426,225.51295856878073
2023-01-15 19:00:00,298.3278995770247,0.0,27.62303619327486,270.70486338374985,189.76963473055764
2023-01-15 20:00:00,302.4536766253406,0.0,25.687144050346642,276.76653257499396,193.99344424299923
2023-01-15 21:00:00,289.35516075023,0.0,7.245597018019719,282.1095637322103,197.54915058272738
2023-01-15 22:00:00,269.1206701453777,0.645437120676179,23.16160295539845,245.31363006930306,171.96406582047965
2023-01-15 23:00:00,247.2553821766258,0.0,18.18874852591749,229.0666336507083,160.52853104075498
2023-01-16 00:00:00,232.85432762963433,1.0386930284823446,27.13584360684079,204.6797909943112,143.56798599265588
2023-01-16 01:00:00,224.9516142316826,3.0654778260051554,49.616224276399976,172.2699121292775,121.14641028977833
2023-01-16 02:00:00,258.3893621358364,0.0,28.67400557936713,229.71535655646926,161.08748964532214
2023-01-16 03:00:00,233.82344727143555,0.8034234441978829,23.22591476619351,209.79410906104417,147.1042039592768
2023-01-16 04:00:00,241.47337427823152,1.380287983422225,33.10856427139071,206.98452202341858,145.24785681877535
2023-01-16 05:00:00,283.5784419021977,0.0,29.595655353246396,253.9827865489513,178.08390713779838
2023-01-16 06:00:00,280.95033222070623,0.44818496362083354,29.094908179187424,251.40723907789797,176.28498013559286
2023-01-16 07:00:00,299.34695541471336,10.139670639764086,30.588957001298063,258.61832777365123,181.54151242436413
2023-01-16 08:00:00,312.64936755236045,19.73503837860345,42.18650077420902,250.72782839954797,176.32604565499773
2023-01-16 09:00:00,346.35426028479753,26.087269634688703,16.687044772965372,303.5799458771435,213.19457795442386
2023-01-16 10:00:00,368.9257250131817,33.89274957883742,29.52320887006433,305.50976656427997,214.82992367527336
2023-01-16 11:00:00,386.5263160943708,38.743771623091035,18.323103215720387,329.4594412555594,231.57971534351057
2023-01-16 12:00:00,405.141567644323,41.981659578601665,30.178253426310683,332.98165463941064,234.22857397342258
2023-01-16 13:00:00,401.5013767316922,39.66631669277055,18.38466016368394,343.4503998752377,241.39245284815863
2023-01-16 14:00:00,388.00889068653305,38.15009414534265,22.39521774673202,327.4635787944584,230.211459216495
2023-01-16 15:00:00,379.9070050337646,26.09859407662354,23.373432941669446,330.43497801547164,232.06019082177932
2023-01-16 16:00:00,377.8188124053568,21.284327454947142,33.54068601033037,322.99379894007933,226.85675266725778
2023-01-16 17:00:00,372.68646032063384,10.48116984967721,33.08178780711201,329.12350266384465,230.9268931397559
2023-01-16 18:00:00,336.198144477155,4.379605866435349,15.76841324400162,316.050125366718,221.48036400647132
2023-01-16 19:00:00,306.5609450635491,0.0,26.173625143571485,280.38731991997764,196.53286019542006
2023-01-16 20:00:00,277.99939425222044,0.0,20.057513417579315,257.9418808346411,180.75989171842457
2023-01-16 21:00:00,251.9198289105219,0.0,15.666112970170019,236.25371594035187,165.534262287948
2023-01-16 22:00:00,267.0234104624343,0.0,23.998015852177733,243.02539461025657,170.35775638570135
2023-01-16 23:00:00,252.98555342854357,0.0,23.266289947926136,229.71926348061743,161.03614733591147
2023-01-17 00:00:00,245.8105084175049,0.0,47.27847697513997,198.53203144236494,139.44520677940685
2023-01-17 01:00:00,232.4942299487496,0.30078757295241526,31.328423687261356,200.86501868853583,140.92481307030673
2023-01-17 02:00:00,258.2540767292812,0.6835119515543189,16.843805078341887,240.726759699385,168.690840079384
2023-01-17 03:00:00,237.88031192250313,3.7523416784317725,,210.7814171930631,147.8555043992229
2023-01-17 04:00:00,272.1846177072147,1.9008476763721005,36.03581144781097,234.24795858303165,164.3719460761277
2023-01-17 05:00:00,273.8429782191873,0.0,44.572287267335184,229.2706909518521,160.9352065389698
2023-01-17 06:00:00,284.5933365656387,0.0,15.176878586472121,269.4164579791666,188.74328937128132
2023-01-17 07:00:00,323.3120762537969,11.162476138706406,12.825350003263427,299.32425011182704,209.87847810108568
2023-01-17 08:00:00,341.27418703249197,17.02315183256328,42.83246648735005,281.41856871257863,197.7617858003298
2023-01-17 09:00:00,359.7787130330343,31.47147314138394,30.98165850334302,297.32558138830734,209.06715301967623
2023-01-17 10:00:00,372.2118404697972,36.41726610520013,20.918403229364856,314.8761711352322,221.35084914906017
2023-01-17 11:00:00,383.13775772103304,37.04884210115922,32.14177777335527,313.94713784651856,220.82539111231972
2023-01-17 12:00:00,427.52376764021244,35.90096743502738,6.778763172240765,384.8440370329443,270.17663290348395
2023-01-17 13:00:00,412.187971321973,40.694938153699454,27.891749137153074,343.6012840311205,241.61371507622985
2023-01-17 14:00:00,402.54059117193856,33.82930617325232,30.48731446712047,338.2239705315658,237.73823864023228
2023-01-17 15:00:00,385.3831413198364,30.28418823362216,35.258906200678425,319.8400468855358,224.84630564655427
2023-01-17 16:00:00,386.10002214790427,16.47476292901583,19.753577466035487,349.87168175285296,245.43720826023772
2023-01-17 17:00:00,362.1940432899022,8.97988774978586,28.55024237560266,324.6639131645137,227.72983939391133
2023-01-17 18:00:00,335.52271654384265,0.010487399436371147,20.46134807589909,315.0508810685072,220.74043997670273
2023-01-17 19:00:00,309.8706567650417,0.09396118752948411,29.907815129770324,279.8688804477419,196.20917368846762
2023-01-17 20:00:00,292.50483797088845,0.0,20.701974505471593,271.80286346541686,190.4690241708465
2023-01-17 21:00:00,226.8677356058596,1.2456998646949975,24.599938371094023,201.02209737007058,140.98638154005425
2023-01-17 22:00:00,261.0145917385713,0.0,19.898221926053957,241.11636981251735,168.98044108802267
2023-01-17 23:00:00,237.81494813962,0.0,33.07383501896504,204.74111312065494,143.6495175346481
2023-01-18 00:00:00,261.86204510393225,0.24059126342379772,38.050830148866225,223.57062369164223,156.8847567109067
2023-01-18 01:00:00,235.53622229499075,1.028877668117498,29.30625665595359,205.20108797091967,143.95440169956566
2023-01-18 02:00:00,220.13754383666458,1.4232297561777796,31.489125175293125,187.22518890519368,131.40098808051204
2023-01-18 03:00:00,245.21582661813758,0.0,19.594489898544545,225.62133671959305,158.13088060270059
2023-01-18 04:00:00,242.98570246195308,0.0,28.785808031558602,214.19989443039447,150.2277841815917
2023-01-18 05:00:00,282.3471724685014,2.555353643797018,30.781584279278942,249.01023454542545,174.66608709746654
2023-01-18 06:00:00,298.9047480897051,0.6646280239591833,52.1495659438527,246.0905541218932,172.79817610524296
2023-01-18 07:00:00,329.6136556994385,8.745484808430597,22.28748500941959,298.5806858815883,209.40426466337462
2023-01-18 08:00:00,324.0883579655976,22.889213135967207,42.8966391256324,258.302505703998,181.69850464677427
2023-01-18 09:00:00,355.7561826762366,28.214264595347405,39.15809140333936,288.38382667754985,202.82454488022523
2023-01-18 10:00:00,351.3392767963387,36.630526401164126,33.42831245153399,281.2804379436406,197.96320021308705
2023-01-18 11:00:00,395.0505152644402,38.36041017112561,45.25218508917396,311.43792000414066,219.22627405721272
2023-01-18 12:00:00,400.30319504254174,43.695314219608306,34.1600649964678,322.44781582646567,226.9289780128828
2023-01-18 13:00:00,402.683136548228,41.7360548931918,34.29649478095633,326.65058687407986,229.83309685752928
2023-01-18 14:00:00,392.544412806294,33.77400373607833,30.758255991472538,328.01215307874315,230.59156978975648
2023-01-18 15:00:00,390.74968689740143,29.926057228670402,40.97177227496192,319.85185739376914,224.9045390429614
2023-01-18 16:00:00,395.87969035236716,21.07766108409246,39.95497508609997,334.8470541821747,235.21404090006513
2023-01-18 17:00:00,350.96964737718423,12.979720996608414,26.1778029156432,311.8121234649326,218.7898588745414
2023-01-18 18:00:00,338.03126259666743,0.0,20.62924365882276,317.4020189378447,222.38770569307948
2023-01-18 19:00:00,298.9541667450933,1.3721029199968786,29.559376116447645,268.0226877086488,187.93891721561855
2023-01-18 20:00:00,281.5166232006378,2.1168489736991756,24.78291270043173,254.6168615265069,178.52196917503312
2023-01-18 21:00:00,276.71326062921406,0.0,30.67502461869006,246.038236010524,172.5335154535537
2023-01-18 22:00:00,275.2365219384193,0.0,41.08272629308601,234.15379564533328,164.31848421466415
2023-01-18 23:00:00,242.1198165662858,0.0,27.52480797491858,214.59500859136722,150.49175409370622
2023-01-19 00:00:00,235.2506690418109,0.0,35.02215803388319,200.22851100792772,140.51017928588823
2023-01-19 01:00:00,229.96020441705258,1.4350845115919246,35.82892696284294,192.6961929426177,135.27432601969264
2023-01-19 02:00:00,230.7680669188279,3.004714104192056,42.15219214201806,185.6111606726178,130.40942867433648
2023-01-19 03:00:00,251.20602261749545,0.14818956083955037,17.389630412498942,233.66820264415696,163.74460194625166
2023-01-19 04:00:00,237.03607591201475,3.2572310911425837,30.51114272625341,203.26770209461876,142.6576475153185
2023-01-19 05:00:00,295.2775767346191,0.0,37.055014622611566,258.22256211200755,181.1263436246314
2023-01-19 06:00:00,285.37662500447465,0.0,44.96537673579067,240.41124826868398,168.73752755543669
2023-01-19 07:00:00,326.8920353661903,10.194831786689404,31.429525504326143,285.2676780751748,200.20556654339939
2023-01-19 08:00:00,317.7190277319117,20.677653360571345,20.35232343604079,276.6890509352996,194.29941195628155
2023-01-19 09:00:00,366.09608504281147,28.090927190923658,40.32243665210488,297.6827211997829,209.34294775018756
2023-01-19 10:00:00,382.7111946967595,30.349420259737897,30.28184597377075,322.07992846325084,226.36575678920804
2023-01-19 11:00:00,391.10854646746174,38.28400379256891,25.847411811652893,326.97713086323995,229.90814579823586
2023-01-19 12:00:00,378.4211213607468,37.21010592437576,30.36998196666999,310.841033469701,218.6366253669449
2023-01-19 13:00:00,399.8067059285894,39.80158896925457,33.88854222312899,326.11657473620585,229.41651951696048
2023-01-19 14:00:00,375.59170641672785,35.217500952011356,30.526787768070083,309.8474176966464,217.9028102843734
2023-01-19 15:00:00,381.55406656093055,26.276557114457137,17.72021662758323,337.5572928188902,236.99283828178807
2023-01-19 16:00:00,388.0732220938719,18.881788628019343,42.54127465947284,326.6501588063797,229.4581596836209
2023-01-19 17:00:00,368.01401199067936,8.18750014070475,45.56374541460556,314.26276643536903,220.60332396171844
2023-01-19 18:00:00,336.99675083092643,0.0,40.57692101509183,296.4198298158346,207.8996500812351
2023-01-19 19:00:00,301.4413844457756,1.9102846410024765,26.263259720977253,273.2678400837959,191.5883263486869
2023-01-19 20:00:00,305.04177515902944,0.0,33.75281281279564,271.2889623462338,190.2398017704916
2023-01-19 21:00:00,276.3542016500886,1.0080930310356888,35.31257456254012,240.0335340565128,168.39676144580505
2023-01-19 22:00:00,224.69020661623813,0.0,40.15510020087107,184.53510641536707,129.57612549276567
2023-01-19 23:00:00,258.52089817661096,0.0,40.71146899412043,217.80942918249053,152.87371511768458
2023-01-20 00:00:00,239.23858636853484,0.0,34.126609609772025,205.1119767587628,143.91964982723167
2023-01-20 01:00:00,254.91291369945174,0.0,40.65596445130848,214.25694924814326,150.38642411821337
2023-01-20 02:00:00,223.17302109393813,0.0,43.65824323692192,179.5147778570162,126.09692693228057
2023-01-20 03:00:00,199.94355547901057,0.0,51.646578577174125,148.29697690183644,104.32434961705725
2023-01-20 04:00:00,264.4938603599596,3.9294502658327786,45.63605231859778,214.92835777552907,150.98479997137298
2023-01-20 05:00:00,281.24960012993523,0.07052710394345722,46.31245349900414,234.86661952698762,164.87116874596023
2023-01-20 06:00:00,270.8105469574072,0.0,40.67061302343488,230.13993393397232,161.50465988401496
2023-01-20 07:00:00,302.19865179170654,10.796986718654406,51.28367316162802,240.1179919114241,168.81137080398622
2023-01-20 08:00:00,378.90993474370583,19.80676564757419,43.27810236767597,315.8250667284557,221.90646304654723
2023-01-20 09:00:00,352.2919857673986,27.886769109093866,33.11129671861143,291.2939199396933,204.7945923071533
2023-01-20 10:00:00,384.4090721202727,35.923773613654504,51.22695976100152,297.2583387456167,209.31158219181478
2023-01-20 11:00:00,376.39827987193496,40.21275062544089,45.58322618031222,290.6023030661819,204.68169942063923
2023-01-20 12:00:00,362.79566760003377,39.00184119869064,36.45564783097213,287.338178570371,202.28131830154322
2023-01-20 13:00:00,394.3222712777671,37.54609872405692,36.16405626080605,320.6121162929041,225.54104394212203
2023-01-20 14:00:00,390.16614267853953,34.14533681926437,42.372604361126086,313.6482014981491,220.6603738287009
2023-01-20 15:00:00,380.1600037024352,23.72486597868915,43.70547836214067,312.72965936160534,219.82231365631893
2023-01-20 16:00:00,371.7250749420336,17.001039622558743,41.57833812504965,313.1456971944252,219.95779220979932
2023-01-20 17:00:00,360.84016905439023,13.102775432075022,42.49046938754307,305.2469242347721,214.3598071668574
2023-01-20 18:00:00,335.3299143191003,3.2899354270025722,53.59965899661104,278.44031989548665,195.5100192253468
2023-01-20 19:00:00,297.9160524604952,0.0,48.572345217879075,249.34370724261615,175.0263185220101
2023-01-20 20:00:00,303.4633932449331,1.1531139261115328,41.525084730120184,260.7851945887014,182.98794933791442
2023-01-20 21:00:00,247.6355686498693,0.6225003090870722,47.53048464613986,199.48258369464236,140.12556343889278
2023-01-20 22:00:00,229.5522406255189,6.157761616910475,31.73980877177968,191.65467023682874,134.5988224858361
2023-01-20 23:00:00,258.68182009747414,2.2391498228691535,43.18341639957446,213.25925387503054,149.75809487297448
2023-01-21 00:00:00,248.01504408772348,0.0,59.10970571348909,188.9053383742344,132.82483391909898
2023-01-21 01:00:00,236.82287563270802,0.0,42.89088775248522,193.9319878802228,136.18130039368083
2023-01-21 02:00:00,219.47801243436703,0.0,37.85418348667153,181.6238289476955,127.51522209825355
2023-01-21 03:00:00,237.78310969595236,0.4069272717344462,39.418543806879725,197.9576386173382,138.97267101564023
2023-01-21 04:00:00,257.17406239859724,0.0,35.9181906168851,221.25587178171213,155.23829215336733
2023-01-21 05:00:00,253.7453965802069,0.0,38.35715965060258,215.38823692960432,151.15533744722902
2023-01-21 06:00:00,285.89285263026846,0.0,41.67119012690398,244.22166250336448,171.3718756536242
2023-01-21 07:00:00,327.4687611814688,8.268642314618202,33.39071876219507,285.80940010465554,200.5658601071732
2023-01-21 08:00:00,359.7989101813585,23.526854186467915,44.76020158722103,291.51185440766955,204.97643718497025
2023-01-21 09:00:00,351.39228481894037,30.263318620448175,51.853472305917386,269.2754938925748,189.6166468202705
2023-01-21 10:00:00,385.59967391848386,34.88933144757272,37.373205474448845,313.3371369964623,220.40751458121954
2023-01-21 11:00:00,358.25493735276166,41.89166570617632,56.78952630475836,259.57374534182696,183.10735031644998
2023-01-21 12:00:00,404.8496408286482,40.45987844794081,48.721591623844965,315.6681707568624,222.26413301500094
2023-01-21 13:00:00,385.6245798879064,37.20920902573974,52.87989960061667,295.53547126155,208.14781305960597
2023-01-21 14:00:00,399.5680564625636,37.95152488474527,39.372578484807114,322.2439530930112,226.72352344765082
2023-01-21 15:00:00,383.24955213797807,29.577859193918595,51.47145673215714,302.20023621190234,212.64643709953157
2023-01-21 16:00:00,394.0585587504999,18.07807860766987,35.899783712461705,340.08069643036833,238.77704691053583
2023-01-21 17:00:00,344.56727138371986,10.051060965679785,51.75723492231628,282.7589754957238,198.64987641554342
2023-01-21 18:00:00,347.8034241804478,0.0,46.00996963397246,301.79345454647535,211.71551787887245
2023-01-21 19:00:00,313.4911941593706,0.0,49.06126467550248,264.42992948386814,185.59156328546268
2023-01-21 20:00:00,294.603700330472,1.8523550950632828,35.230498070625394,257.52084716478333,180.65394509795584
2023-01-21 21:00:00,274.92599771143045,3.818833280940261,37.474696177411374,233.63246825307883,163.99385140454808
2023-01-21 22:00:00,248.4301670464831,0.0,49.413080661651286,199.0170863848318,139.80609127599877
2023-01-21 23:00:00,248.19028931746345,1.1259384733811417,37.0484708818306,210.01587996225172,147.4041194518621
2023-01-22 00:00:00,240.27243770958088,0.0,52.52242912118007,187.75000858840082,131.95023030309235
2023-01-22 01:00:00,242.10483087063457,0.0,37.87967633270512,204.22515453792946,143.33640493987767
2023-01-22 02:00:00,242.47973822680115,0.0,55.60217248572043,186.87756574108073,131.3703177436137
2023-01-22 03:00:00,261.1741130859621,0.0,38.956592266239014,222.21752081972312,155.94183049646858
2023-01-22 04:00:00,275.7703138903204,0.09704325588965398,53.23517828582327,222.43809234860746,156.24095729200124
2023-01-22 05:00:00,262.72687731711665,0.0,53.82182625355509,208.90505106356156,146.77175400702862
2023-01-22 06:00:00,310.81229104519355,0.5409136515596776,43.242604236950484,267.02877315668337,187.36338552507905
2023-01-22 07:00:00,300.6911807378858,10.3935666568189,53.472991321064896,236.82462276000203,166.51983717834844
2023-01-22 08:00:00,348.00958907480134,19.795037977947224,50.90031689105553,277.3142342057986,195.02486787252852
2023-01-22 09:00:00,367.78230891507667,26.85513098918233,44.506043934845174,296.42113399104915,208.4769568528665
2023-01-22 10:00:00,346.3850162645199,33.96020916950736,40.748341311777416,271.67646578323513,191.2602136447725
2023-01-22 11:00:00,389.16294814522985,40.67508364063422,33.11577325100645,315.3720912535892,221.90512328283518
2023-01-22 12:00:00,388.73285154725437,41.54770251860885,51.61397916278463,295.5711698658609,208.24691274810263
2023-01-22 13:00:00,387.104748275503,37.2091906993856,36.29835661349064,313.5972009626268,220.6252080539614
2023-01-22 14:00:00,416.02307820814417,35.312416441502485,49.579532379917545,331.1311293867241,232.99383422333608
2023-01-22 15:00:00,377.96307233772745,30.173032560009112,46.70919305572909,301.08084672198925,211.82714528714993
2023-01-22 16:00:00,362.9591157026867,16.9341235094373,54.249920987892644,291.77507120535677,205.12373152381738
2023-01-22 17:00:00,359.62165124461006,11.580763260477056,46.40041478846817,301.64047319566487,211.8439506500596
2023-01-22 18:00:00,349.4755969472116,0.0,46.18119649361035,303.29440045360127,212.76789228245698
2023-01-22 19:00:00,316.36149835438175,1.1411973371863187,54.67174441869345,260.548556598502,182.95353100988203
2023-01-22 20:00:00,315.27626172137076,0.0,51.49724301706002,263.7790187043107,185.16028552318807
2023-01-22 21:00:00,286.450862073995,0.0,51.34602644184931,235.10483563214567,165.08684520692043
2023-01-22 22:00:00,229.24451485363844,0.0,52.57091950285529,176.67359535078316,124.19722594057676
2023-01-22 23:00:00,241.26219038917347,0.09616989332276399,36.532201798730235,204.63381869712046,143.61091850383806
2023-01-23 00:00:00,233.58147271877942,0.5194450034429637,58.18956435552006,174.8724633598164,123.00300889549554
2023-01-23 01:00:00,246.47358461362168,0.0,57.03500526773303,189.43857934588866,133.17735559479937
2023-01-23 02:00:00,202.63684836344322,1.2771849175547478,44.00178988701223,157.35787355887624,110.61607308843458
2023-01-23 03:00:00,288.2362836401911,0.0,50.1826111262306,238.05367251396052,167.13939687103468
2023-01-23 04:00:00,270.6800192406697,0.0,51.82079661460316,218.85922262606655,153.7196638043926
2023-01-23 05:00:00,281.5163223709457,0.0,51.05928064041035,230.45704173053537,161.83052201777886
2023-01-23 06:00:00,316.3011624502659,0.0,54.80613464817249,261.49502780209343,183.5945808079471
2023-01-23 07:00:00,354.4379811043697,10.650719439245393,63.58618917027368,280.2010724948507,196.9896270268831
2023-01-23 08:00:00,353.04989358920807,18.671648816259147,60.78938873700684,273.58885603594206,192.49352608885468
2023-01-23 09:00:00,373.5153667592547,28.07020440022486,41.63750136817296,303.80766099085685,213.643141795286
2023-01-23 10:00:00,377.81206317406986,37.333389357639255,57.1118148380726,283.366858978358,199.6745872203841
2023-01-23 11:00:00,386.4423163144312,38.24145384625078,62.76672147190749,285.43414099627296,201.19639498903513
2023-01-23 12:00:00,389.4203047552323,42.45633531778439,55.22972308113783,291.73424635631005,205.61539638658408
2023-01-23 13:00:00,386.8914904364622,37.13582387598184,60.86309831711195,288.89256824336843,203.57614523104866
2023-01-23 14:00:00,386.2520249198133,36.380412095040946,68.23341848123033,281.63819434354207,198.55667846719254
2023-01-23 15:00:00,368.30686314979073,31.722452730000317,60.32493128448006,276.25947913531036,194.61933376216206
2023-01-23 16:00:00,374.7136410468288,15.449186546572472,54.12972368075804,305.13473081949826,214.4445925413878
2023-01-23 17:00:00,334.01315665378456,8.962131585671623,60.49596270830224,264.5550623598107,185.97274591066392
2023-01-23 18:00:00,342.8524417825377,1.154144254361085,53.294357580399335,288.4039399477773,202.43878442433532
2023-01-23 19:00:00,318.73821119154525,0.0,52.326479261903856,266.4117319296414,187.011477143368
2023-01-23 20:00:00,300.781676179779,0.7422917467426177,49.32394102991435,250.71544340312207,176.00889562741943
2023-01-23 21:00:00,271.45119676188045,0.0,64.64256178628108,206.80863497559938,145.41247010078234
2023-01-23 22:00:00,308.8675333699641,0.17317957494579983,45.5878255880882,263.10652820693014,184.63391159223087
2023-01-23 23:00:00,270.40287651213,0.0,64.39419671304914,206.00867979908082,144.85001782648706
2023-01-24 00:00:00,224.13219585590235,2.3355641233196147,58.264760734350276,163.53187099823248,115.10166858857262
2023-01-24 01:00:00,243.56742077170213,0.5088416866024262,43.071398346011776,199.98718073908793,140.4319173345537
2023-01-24 02:00:00,233.68024121311333,0.6752053241504044,57.207042088358676,175.79799380060425,123.64417018778956
2023-01-24 03:00:00,235.57517125693235,0.0,37.465635683214316,198.10953557371803,139.05133125843474
2023-01-24 04:00:00,243.40477589851582,0.0,59.26991187907559,184.13486401944022,129.4871039323989
2023-01-24 05:00:00,286.55764982168745,0.0,61.347699608339234,225.2099502133482,158.26044214542713
2023-01-24 06:00:00,289.1481723260534,0.7889042847565937,49.52700009921087,238.83226794208593,167.69363564614738
2023-01-24 07:00:00,334.5917898206767,9.775388686744016,55.25422931207196,269.5621718218607,189.4415703421581
2023-01-24 08:00:00,355.68665628645687,21.09070963283762,69.89910721442959,264.69683943918966,186.4085928722338
2023-01-24 09:00:00,380.6831152384704,33.157962134807455,50.21987411033181,297.30527899333117,209.2790532791313
2023-01-24 10:00:00,363.8571404641109,37.26862050881931,45.7945870479745,280.79393290731707,197.75907131577807
2023-01-24 11:00:00,396.48691592343386,38.97247112156544,66.1191549641281,291.3952898377403,205.4173438584908
2023-01-24 12:00:00,406.8352788130586,43.42474768241748,69.96654526867366,293.44398586196746,206.97895050971232
2023-01-24 13:00:00,392.9617268337392,38.808367439858024,54.29541311921008,299.8579462746711,211.21968387225903
2023-01-24 14:00:00,385.771886202531,31.450122031600223,62.357552027694155,291.96421214323664,205.6275264611746
2023-01-24 15:00:00,413.49924174969334,26.990987915681778,64.99765506867435,321.51059876533725,226.24721544473644
2023-01-24 16:00:00,380.05538009120323,16.769576076993083,48.32597388412023,314.9598301300899,221.290532351444
2023-01-24 17:00:00,369.6139157209747,9.914330680301935,50.383401061484356,309.3161839791884,217.22344940965277
2023-01-24 18:00:00,328.44878289108146,0.03683675837910842,64.11284384966518,264.2991022830372,185.65123677179025
2023-01-24 19:00:00,301.78513246246575,3.3528746245505654,67.74596197409538,230.6862958638198,162.2249242169058
2023-01-24 20:00:00,290.82712923471536,0.6538547475283253,58.76889462582214,231.40437986136487,162.5838319441642
2023-01-24 21:00:00,278.2140786494487,0.0,47.22733291641087,230.98674573303782,162.16299534229057
2023-01-24 22:00:00,247.5425568631146,1.6588111623669783,70.16233663802284,175.7214090627248,123.73978593353492
2023-01-24 23:00:00,250.64469502778786,0.0,50.01808056193159,200.62661446585628,140.9388109317187
2023-01-25 00:00:00,218.2580362064629,0.47122911621713187,52.31889775062839,165.46790933961736,116.36015009756277
2023-01-25 01:00:00,224.05896879356774,1.5417303877739337,57.73870267591697,164.77853572987684,115.95319664542842
2023-01-25 02:00:00,253.6492827516435,0.0,67.4332833657182,186.21599938592533,131.0255324038049
2023-01-25 03:00:00,260.6345056320292,2.287508086413858,61.83180781241779,196.51518973319753,138.22470105309074
2023-01-25 04:00:00,258.41298615488904,0.6769928149888282,58.31892400289529,199.41706933700493,140.18867763223216
2023-01-25 05:00:00,265.59321549446156,0.0,58.70630824094485,206.8869072535167,145.40789815987114
2023-01-25 06:00:00,284.74310324952404,1.2655637322125697,55.34811734914773,228.12942216816373,160.2693879658503
2023-01-25 07:00:00,315.26065644149617,15.219717041962022,59.46511611614805,240.5758232833861,169.30212180037097
2023-01-25 08:00:00,351.23298111349686,20.99268452970936,34.76351937844558,295.47677720534193,207.60123292811798
2023-01-25 09:00:00,374.78336550078075,29.670184896252053,52.627140327441616,292.4860402770871,205.85990329516042
2023-01-25 10:00:00,369.98024659331014,34.81167120575411,56.93057547933425,278.2379999082218,196.0321391146637
2023-01-25 11:00:00,372.83932604359916,38.152386311075034,45.791887331043945,288.89505240148014,203.44750328056804
2023-01-25 12:00:00,402.1514008017363,42.91857567227324,58.09058654249248,301.1422385869706,212.23884438974983
2023-01-25 13:00:00,388.5066555712281,38.13990739818688,53.36423023211103,297.0025179409302,209.198203008936
2023-01-25 14:00:00,390.3599566508233,35.87352547927339,69.04380558652392,285.442625585026,201.2177464749689
2023-01-25 15:00:00,410.02085378992655,28.218428830121155,67.58415780171885,314.2182671580865,221.19299716528016
2023-01-25 16:00:00,389.8349540540262,21.586911671085154,51.2735554470547,316.9744869358863,222.82661464301268
2023-01-25 17:00:00,363.22929481438763,11.34565553692714,53.793298307466436,298.09034096999403,209.42808477280903
2023-01-25 18:00:00,322.4864187221267,2.0750798885158033,54.40841947513286,266.00291935847804,186.78762934345625
2023-01-25 19:00:00,324.03062864267577,0.0,51.386724190723015,272.6439044519527,191.36460035827412
2023-01-25 20:00:00,316.09401588422713,0.0,56.56019987222501,259.53381601200215,182.23927320712374
2023-01-25 21:00:00,275.22517514413283,0.0,48.93374344889928,226.29143169523354,158.89333962115245
2023-01-25 22:00:00,284.5578489854928,0.0,45.95507732049979,238.602771664993,167.4814909387001
2023-01-25 23:00:00,270.96882717063386,0.7546009860897044,59.98168979120215,210.232536393342,147.7776843929732
2023-01-26 00:00:00,269.3207060065482,1.5139772332907038,59.302084418201794,208.50464435505572,146.57655143738683
2023-01-26 01:00:00,246.21742652549185,0.0,47.831321667147364,198.38610485834448,139.34858661751258
2023-01-26 02:00:00,253.1755890214863,1.7392118402113204,61.4286911905281,190.0076859907469,133.65445134223233
2023-01-26 03:00:00,273.5695566497328,2.711275717609902,49.21322591110465,221.64505502101827,155.69789628817603
2023-01-26 04:00:00,271.78114618863236,0.8268698064474017,56.291169648731156,214.6631067334538,150.84362380603392
2023-01-26 05:00:00,274.1202680106684,3.753591625116132,60.828599845326956,209.5380765402253,147.3600114091133
2023-01-26 06:00:00,294.205113471402,0.0,53.9969472267976,240.2081662446044,168.68568584349106
2023-01-26 07:00:00,325.21710393412764,8.249515656079094,57.90377504155638,259.06381323649214,182.08869732908164
2023-01-26 08:00:00,322.9858819065299,17.188376446319673,50.134410593326734,255.6630948668835,179.80927804167808
2023-01-26 09:00:00,359.48989589705866,32.331104307874064,52.69411507700253,274.46467651218205,193.29883679545492
2023-01-26 10:00:00,394.6555288958992,37.241540304461516,52.61897229738458,304.7950162940531,214.62753193490022
2023-01-26 11:00:00,358.0520041627974,39.966671405776715,48.293220972105395,269.7921117849153,190.13674388727728
2023-01-26 12:00:00,421.93007725756473,42.05157114089611,52.85165443950105,327.02685167716754,230.2883441412302
2023-01-26 13:00:00,418.4743929080689,37.82686265300087,41.87690135351733,338.7706289015507,238.31474649768066
2023-01-26 14:00:00,392.01637649318985,40.82431295098706,50.33661776729047,300.8554457749123,211.91866447913125
2023-01-26 15:00:00,399.07167434835384,29.597458048846157,51.98684379746994,317.4873725020377,223.352978350378
2023-01-26 16:00:00,378.2545380260403,20.964606533338014,52.21640972446426,305.07352176823804,214.49292146567802
2023-01-26 17:00:00,380.0886351541018,12.190358310499324,52.33386817746107,315.5644086661414,221.66223191428358
2023-01-26 18:00:00,357.08455037727236,0.9620184634734316,53.771734145546276,302.3507977682527,212.2025161485018
2023-01-26 19:00:00,300.63771877977643,0.44776804855826274,58.10137988911582,242.08857084210234,170.05196874933395
2023-01-26 20:00:00,309.74219222128255,0.0,61.26198433748748,248.48020788379506,174.54876536203142
2023-01-26 21:00:00,278.55436182287286,0.9429367142719914,49.06772592964117,228.54369917895968,160.49012541885364
2023-01-26 22:00:00,266.31272569036923,3.7640489929500673,44.64024090131415,217.908435796105,153.05758844614564
2023-01-26 23:00:00,241.43416881021926,2.6908400923099554,45.929492446482485,192.81383627142682,135.4827971163098
2023-01-27 00:00:00,271.3594570207076,3.186373253278794,48.2376315460648,219.93545222136402,154.50092033548103
2023-01-27 01:00:00,258.01239438555916,0.0,49.319884373092144,208.692510012467,146.57795585245782
2023-01-27 02:00:00,234.04083352430058,0.0,45.97528638604456,188.06554713825602,132.10563586063967
2023-01-27 03:00:00,233.11027568061195,0.0,41.76632160162506,191.34395407898688,134.35843107130705
2023-01-27 04:00:00,260.057835127429,0.11144982457738921,48.48628829583071,211.46009700702086,148.50915978436444
2023-01-27 05:00:00,288.9290067783901,2.188383036941897,53.586667876535984,233.1539558649122,163.78740344494273
2023-01-27 06:00:00,305.30903113801224,0.0,56.89549064230874,248.4135404957035,174.4584332534155
2023-01-27 07:00:00,341.20845945854416,13.857921570752222,47.675870490757646,279.6746673970343,196.52618431424662
2023-01-27 08:00:00,354.96578652793494,20.5457042658951,,285.5888099235631,200.81139375519683
2023-01-27 09:00:00,376.95500247331415,28.64916530770572,44.72166844484573,303.5841687207627,213.52911809513645
2023-01-27 10:00:00,383.8828405911009,34.109350331966596,51.883741552626006,297.88974870650827,209.72384851672138
2023-01-27 11:00:00,370.8540184366107,36.99203503570002,45.3478258420977,288.514157558813,203.15322925030407
2023-01-27 12:00:00,396.7500552229425,43.36978129402999,56.72027742155382,296.65999650735864,209.09659595524718
2023-01-27 13:00:00,418.3128131856505,40.44838431380837,37.84832298015132,340.0161058916908,239.19872504026125
2023-01-27 14:00:00,398.9126892622763,33.55363728300483,49.258217536004516,316.10083444326693,222.434239031307
2023-01-27 15:00:00,399.23985491913186,26.912769903473333,54.544113629158154,317.7829713865004,223.5317765049113
2023-01-27 16:00:00,374.19878485325233,20.19015066447282,53.60593104620425,300.40270314257526,211.22175452355418
2023-01-27 17:00:00,346.96428935889287,14.136863982409793,73.67952422746819,259.1479011490149,182.4230633262333
2023-01-27 18:00:00,341.2668297345306,0.0,54.93365511216748,286.3331746223631,200.98255878677585
2023-01-27 19:00:00,327.04717873251036,0.0,44.10281814088813,282.9443605916222,198.50208059554444
2023-01-27 20:00:00,291.87062768689725,0.0,51.37154093891163,240.49908674798561,168.86307613297902
2023-01-27 21:00:00,278.8757984141705,0.0,37.925284247892606,240.9505141662779,169.04461275887346
2023-01-27 22:00:00,251.75097596230705,0.0,51.49045692125013,200.2605190410569,140.69726789795232
2023-01-27 23:00:00,269.9181085477269,0.0,45.470806459618146,224.44730208810876,157.5678195262723
2023-01-28 00:00:00,241.48661107819657,0.0,56.13990098886839,185.34671008932818,130.3040960724184
2023-01-28 01:00:00,264.96884672203527,1.3924127296268367,44.420456587622816,219.15597740478563,153.8812370038187
2023-01-28 02:00:00,268.8346652001307,3.6979121898906904,47.88265145802512,217.25410155221488,152.63065584492847
2023-01-28 03:00:00,252.6797917715613,2.253130059095515,43.73231605315187,206.6943456593139,145.16842772323315
2023-01-28 04:00:00,251.48224006200851,0.0,62.727589599213744,188.75465046279476,132.75553121994847
2023-01-28 05:00:00,251.88904537914252,0.0,46.2468366554438,205.64220872369873,144.41201447314356
2023-01-28 06:00:00,280.39143384153897,5.146719606499721,63.47723513222071,211.76747910281853,148.97494211542516
2023-01-28 07:00:00,302.56999117166265,10.97673802369856,55.329992881333226,236.26326026663088,166.1571168759289
2023-01-28 08:00:00,364.5600815652667,21.00448561559727,52.67331260307019,290.88228334659925,204.5644211809621
2023-01-28 09:00:00,364.9148823535468,29.617180266953156,51.766643962927255,283.53105812366636,199.58175073153478
2023-01-28 10:00:00,385.5901239014462,36.72875331198647,51.96715717011711,296.8942134193426,209.08019603148068
2023-01-28 11:00:00,359.15323071387076,40.23501077299487,33.39539814962222,285.5228217912537,201.0046294508337
2023-01-28 12:00:00,382.482083210009,40.80593004978228,46.58571163118104,295.09044152904573,207.84528478763946
2023-01-28 13:00:00,416.4837101918369,39.43001371436197,55.57804255386167,321.47565392361327,226.3773384463551
2023-01-28 14:00:00,404.7531913340068,36.26707725001877,48.42560131659425,320.06051276739373,225.25195649534191
2023-01-28 15:00:00,390.25146666761367,28.57858089890564,37.5752600099585,324.09762575874953,227.81566224920238
2023-01-28 16:00:00,388.2186914190682,19.55093546641705,48.39754317976734,320.27021277288384,225.06414308214468
2023-01-28 17:00:00,387.7144806371798,11.071161611053391,62.449622914431025,314.1936961116954,220.78150673955213
2023-01-28 18:00:00,340.5674002002885,0.0,58.79191250866485,281.77548769162365,197.83076050922318
2023-01-28 19:00:00,324.21806058501363,3.007985977165377,48.320746709458845,272.8893278983894,191.5658967155105
2023-01-28 20:00:00,305.36094371791046,0.0,56.42837300085179,248.93257071705867,174.8170832319496
2023-01-28 21:00:00,319.0591580742525,2.1830137038449235,45.884722621442684,270.99142174896485,190.19650272456673
2023-01-28 22:00:00,235.11862708393338,2.492170384995258,35.185806089773344,197.44065060916478,138.61015689501298
2023-01-28 23:00:00,264.1438264642196,0.0,41.42105087935066,222.72277558486894,156.32015341820176
2023-01-29 00:00:00,244.940592171278,0.0,57.1383650636898,187.8022271075882,132.03294262594864
2023-01-29 01:00:00,252.4382678985521,0.0,42.44331026098978,209.99495763756232,147.42090344890352
2023-01-29 02:00:00,236.8020375927431,0.0,42.68818308062407,194.11385451211902,136.30657998928956
2023-01-29 03:00:00,253.92018424015757,0.0,42.236549345425175,211.6836348947324,148.60090991976693
2023-01-29 04:00:00,278.0393082028481,0.0,59.86834763220827,218.1709605706398,153.31835587576995
2023-01-29 05:00:00,330.63034502144706,3.5045408868472454,57.64292623852072,269.4828778960791,189.2845346073775
2023-01-29 06:00:00,315.35171123861886,1.8713567862949223,62.38549678320929,251.09485766911465,176.42768247193823
2023-01-29 07:00:00,311.21570803533183,13.460358298932011,43.36289323242381,254.392456503976,178.77755565108606
2023-01-29 08:00:00,338.28582038365056,22.533847928954877,47.00025082560098,268.75172162909473,189.0468846072014
2023-01-29 09:00:00,357.13548038003165,27.568372970034957,32.50211452025789,297.0649928897388,208.82188362742042
2023-01-29 10:00:00,353.57058691126304,35.48078360776906,56.450730324570415,261.63907297892354,184.42147406064757
2023-01-29 11:00:00,388.26737143302296,41.72247374386895,35.29301850548074,311.2518791836733,219.06369508850347
2023-01-29 12:00:00,412.20319433624104,39.736751983952935,46.369459425725246,326.0969829265629,229.5263176825303
2023-01-29 13:00:00,384.82321021963753,42.16972148175789,35.85683469456146,306.7966540433182,215.9596206069035
2023-01-29 14:00:00,416.9379978746738,36.049173344012345,39.924320301714644,340.9645042289468,239.79537963016014
2023-01-29 15:00:00,400.5353466248096,29.076834897370226,37.93715546722662,333.52135626021277,234.4258576347686
2023-01-29 16:00:00,369.4917346711477,22.51242373727539,39.772252830217674,307.2070581036546,215.89291167560592
2023-01-29 17:00:00,361.81374744572173,11.805774731915786,40.322273290432385,309.68569942337353,217.41932782390413
2023-01-29 18:00:00,368.61704272860663,0.0,40.2491045562236,328.36793817238305,230.26004776623037
2023-01-29 19:00:00,334.9399092083774,2.318659606728496,51.30192620986667,281.31932339178223,197.4829188284808
2023-01-29 20:00:00,303.36292322106,0.0,35.796352571124054,267.56657064993595,187.65456298066638
2023-01-29 21:00:00,280.3714422513747,1.2318712138885275,46.39958633173515,232.739984705751,163.4066225816208
2023-01-29 22:00:00,268.51728556764056,1.1862025159367675,54.37892813406869,212.95215491763508,149.63402177400397
2023-01-29 23:00:00,246.9782063338998,0.0,40.52968399951705,206.44852233438274,144.9192624740631
2023-01-30 00:00:00,215.84346881908817,0.652266044484236,34.25664887401919,180.93455390058475,127.0097995400392
2023-01-30 01:00:00,275.3214461660198,0.0,38.155802998558,237.16564316746184,166.39750824720883
2023-01-30 02:00:00,249.74458639286442,1.848054038413802,49.43780166688569,198.45873068756492,139.45245057873257
2023-01-30 03:00:00,261.3789541820818,0.0,41.55286104762687,219.82609313445496,154.2937938045947
2023-01-30 04:00:00,267.25161876492143,0.0,35.75028564313922,231.5013331217822,162.40843604167893
2023-01-30 05:00:00,273.66202549713,2.0980184516737785,43.871013209504326,227.69299383595188,159.86576618629482
2023-01-30 06:00:00,301.19438668556563,0.0,31.18166280130862,270.012723884257,189.32072334699296
2023-01-30 07:00:00,300.6978560750842,8.158721731671763,45.45087608354359,247.08825825986884,173.57946397737706
2023-01-30 08:00:00,379.5505985870001,18.090058279152018,43.26885846161415,318.1916818462339,223.5286670425629
2023-01-30 09:00:00,346.1710975316629,31.198037842754008,37.537532230888935,277.4355274580199,195.20420529977793
2023-01-30 10:00:00,365.77782574521495,34.164362980555445,33.29131361242216,298.32214915223733,209.84170480230145
2023-01-30 11:00:00,387.3669217449579,44.47125062843035,32.906552621732345,309.9891184947952,218.21087348514257
2023-01-30 12:00:00,421.28397948390995,38.24277443663222,44.27853869076729,338.7626663565104,238.3415073251976
2023-01-30 13:00:00,404.9064124969387,44.354575001041695,49.8318440199125,310.7199934759845,218.88940537340912
2023-01-30 14:00:00,383.4208066706674,37.14725661995326,34.901538023769646,311.3720120269445,219.0523689314979
2023-01-30 15:00:00,412.7858852221141,29.792591716321947,43.667093628411884,339.32619987738025,238.56086268477674
2023-01-30 16:00:00,392.22232940470485,20.113478452581926,23.303783851183457,348.8050671009395,244.79885437822108
2023-01-30 17:00:00,372.76530186624564,11.773916553103035,35.32305815474241,325.6683271584002,228.5565379234896
2023-01-30 18:00:00,356.13031473376316,0.0,39.75152853703279,316.37878619673035,221.86266562308157
2023-01-30 19:00:00,360.6042060167356,2.206603764033043,32.72253266414534,325.6750695885572,228.34390611391217
2023-01-30 20:00:00,336.7596773253389,0.2284552973240793,32.50794900168324,304.0232730263316,213.1459397143954
2023-01-30 21:00:00,274.3880473629494,0.3006035229237552,34.657763548248916,239.42968029177672,167.95336591018466
2023-01-30 22:00:00,292.4785099052424,0.0,42.337541826610995,250.1409680786314,175.5220530733081
2023-01-30 23:00:00,261.1542680516273,,38.50136785274901,222.65290019887829,156.24204381774229
2023-01-31 00:00:00,255.64591833154603,0.6156035377841184,17.45889521777602,237.57141957598589,166.48689472612355
2023-01-31 01:00:00,220.0494847179553,0.0,18.39914386329527,201.65034085466002,141.33923003689495
2023-01-31 02:00:00,245.60369460865684,0.0,30.509823661518396,215.09387094713844,150.8708078996121
2023-01-31 03:00:00,243.95916103480167,1.48652818804543,39.026237772804215,203.44639507395203,142.83246949325536
2023-01-31 04:00:00,281.28588692108104,0.3417308762558837,13.38470634257392,267.55944970225124,187.4322964725267
2023-01-31 05:00:00,301.4997546986473,0.0,31.366903675162753,270.13285102348453,189.4066647531908
2023-01-31 06:00:00,273.6107283191589,0.03686786613078632,31.15476223223643,242.41909822079168,170.00565373419914
2023-01-31 07:00:00,325.10302423254115,11.728635908699562,46.47144731004338,266.9029410137982,187.5313459009332
2023-01-31 08:00:00,362.96699337272065,20.23551271827206,32.284570590672885,310.4469100637757,218.04039300491513
2023-01-31 09:00:00,362.6333627579035,28.5873979975803,38.42865696230322,295.61730779801997,207.88814998818862
2023-01-31 10:00:00,392.9380443625645,37.31040903579466,36.4948022050755,319.1328331216943,224.50413938795265
2023-01-31 11:00:00,399.9830615097665,39.22073439113109,18.320213245918193,342.44211387271724,240.67709653118385
2023-01-31 12:00:00,407.83251677502005,43.44656966921051,41.51040281742969,322.87554428837984,227.2969164234244
2023-01-31 13:00:00,401.36382252158074,37.77231273788547,37.0879171280261,326.5035926556692,229.67884028500637
2023-01-31 14:00:00,384.45890123369503,38.9770298002506,39.43089420177252,306.05097723167194,215.4095336001931
2023-01-31 15:00:00,377.8926272839849,31.08920241321102,66.77464673586641,280.0287781349075,197.30967521005812
2023-01-31 16:00:00,392.64237740435874,21.82709154751853,18.69184156838709,352.12344428845313,247.1098712485514
2023-01-31 17:00:00,365.72542102538847,12.998854465867261,49.16231828246467,303.56424827705655,213.24657406608156
2023-01-31 18:00:00,344.06138713169855,3.3309488889251586,33.06516492917295,307.66527331360044,215.76296194659054
2023-01-31 19:00:00,319.0751965577699,2.028740130036261,37.66337631959987,279.38308010813375,195.98536464149035
2023-01-31 20:00:00,300.15019090219226,0.0,35.00064712196586,265.1495437802264,185.95468711737814
2023-01-31 21:00:00,301.1372241099273,0.0,31.97085441719145,269.1663696927358,188.73616732908698
2023-01-31 22:00:00,263.8363434696611,0.0,30.80608165846573,233.03026181119534,163.42924408442138
2023-01-31 23:00:00,236.03554419032662,0.05218210042166757,38.00081496895987,197.98254712094507,138.96883477635959
2023-02-01 00:00:00,260.05149089825466,1.035318040938246,19.045831642239477,239.97034121507693,168.19040352779498
2023-02-01 01:00:00,243.09763041030675,0.0,37.187854555787034,205.90977585451972,144.50872164372169
2023-02-01 02:00:00,249.3676522481437,0.37353352895415665,27.853665976530877,221.14045274265868,155.08432425020547
2023-02-01 03:00:00,281.0024226615151,0.0,22.142666503290048,258.859756158225,181.42325597579043
2023-02-01 04:00:00,269.2938295130961,0.0,27.5831183516464,241.71071116144972,169.47332899653125
2023-02-01 05:00:00,290.5085354650584,0.0,41.2404149505135,249.2681205145449,174.90008850968655
2023-02-01 06:00:00,287.781404390601,0.0,26.900540519483126,260.88086387111787,182.88561011497734
2023-02-01 07:00:00,322.8757385830131,8.387346282707172,34.05085016128987,280.43754213901605,196.81453492457825
2023-02-01 08:00:00,356.01919465460816,19.473870549286953,25.335571009889122,311.20975309543206,218.48966028788706
2023-02-01 09:00:00,342.84017436065886,32.40768181495067,37.24659601500187,273.1858965307063,192.25074716794344
2023-02-01 10:00:00,385.75199925993695,35.21145954552888,36.667283125934546,313.8732565884735,220.78218163410136
2023-02-01 11:00:00,396.96467876070466,46.65587784534962,45.9720918819842,304.3367090333708,214.4285347990864
2023-02-01 12:00:00,404.06415830521456,43.837869912245026,29.778709651619188,330.44757874135036,232.48784961370632
2023-02-01 13:00:00,421.72816384815115,41.76078596306459,36.53245965367616,343.4349182314104,241.60498307778533
2023-02-01 14:00:00,408.4614241941308,35.393541762830345,31.967761531924467,341.100120899376,239.79763308013906
2023-02-01 15:00:00,417.62389114637926,31.701017980552983,41.550195470517025,344.3726776953092,242.11039670103267
2023-02-01 16:00:00,367.8354801292908,20.274341402766073,25.432562114743067,322.1285766117816,226.14981607744986
2023-02-01 17:00:00,368.20964887655276,11.334735123230574,37.14326371863116,319.73165003469103,224.4102823639346
2023-02-01 18:00:00,348.14330577232846,5.120169076537595,29.625642846679458,313.3974938491114,219.77690550437552
2023-02-01 19:00:00,310.13196296195133,0.0,30.669715798744928,279.4622471632064,195.93027017223196
2023-02-01 20:00:00,319.80968179144605,2.2985466525713516,31.917241091199894,285.5938940476748,200.28086917733577
2023-02-01 21:00:00,321.0408799560698,0.0,33.20114438702633,287.83973556904346,201.81982634220068
2023-02-01 22:00:00,269.34714675609627,0.0,30.253388870637245,239.093757885459,167.66816440852767
2023-02-01 23:00:00,264.46406438962896,3.54160127127102,32.90092668097712,228.0215364373808,160.01491679840174
2023-02-02 00:00:00,250.89396961101943,0.0,40.489689544873265,210.40428006614616,147.68789294175102
2023-02-02 01:00:00,236.19648852830733,3.6248971159938574,35.748342569297535,196.82324884301593,138.20625555812398
2023-02-02 02:00:00,222.31478830675928,1.4155038709109509,34.817981824350966,186.08130261149736,130.63340172370988
2023-02-02 03:00:00,247.0316240277294,0.0,24.220428876184826,222.81119515154458,156.21004089484305
2023-02-02 04:00:00,249.45234036771524,1.264815478111042,20.750818458549197,227.436706431055,159.4384989958862
2023-02-02 05:00:00,312.4617897478018,1.9451088992534598,35.507149550277816,275.00953129827053,192.9006455822772
2023-02-02 06:00:00,304.4680895598648,1.2436199244343928,34.873119424614146,268.35135021081624,188.21954874030618
2023-02-02 07:00:00,321.71146864120743,8.006906910173722,39.64611049038365,274.0584512406501,192.39751511156234
2023-02-02 08:00:00,360.9430895569337,20.080764434887506,23.032900076621956,317.8294250454243,223.11254182126095
2023-02-02 09:00:00,350.0739920340767,29.9601066470486,26.028355841493013,294.0855295455351,206.71935637323045
2023-02-02 10:00:00,371.9658405017705,37.15091446304884,14.748871784172318,320.0660542545494,224.93674498528728
2023-02-02 11:00:00,397.2033749183994,42.8438444632076,24.724976235888807,329.63455421930297,231.8483146051351
2023-02-02 12:00:00,419.60585955139265,43.425479574941,35.83730916901137,340.3430708074403,239.46703224839715
2023-02-02 13:00:00,414.4255342544468,38.93181155068604,24.132782050550208,351.36094065321055,246.9726225087666
2023-02-02 14:00:00,407.8992018177787,38.06017702326086,32.98858344598238,336.85044134853547,236.88639831889986
2023-02-02 15:00:00,397.35405690821034,31.67631540871926,26.3407202363933,339.33702126309777,238.43284839470675
2023-02-02 16:00:00,389.4723389047404,22.65461968239932,30.457201310148275,336.3605179121928,236.2100269452844
2023-02-02 17:00:00,369.9250521538538,13.30891780106389,18.683213965850452,337.9329203869395,237.0060547665374
2023-02-02 18:00:00,332.1561980634627,1.6678443090978134,28.546420681447,301.9419330729179,211.67817424403893
2023-02-02 19:00:00,327.59144690141227,0.9183601584568734,3.935657317170005,322.73742942578536,225.97392437439058
2023-02-02 20:00:00,290.0894050849471,0.0,26.369575819079913,263.7198292658672,184.86757624429782
2023-02-02 21:00:00,288.11649672042734,0.0,14.82095913465467,273.29553758577265,191.4550859013874
2023-02-02 22:00:00,263.12199695966757,0.8592364382651717,37.512701216750315,224.7500593046521,157.71735325418925
2023-02-02 23:00:00,295.7089506159029,0.4153753743262223,34.08400390649188,261.2095713350848,183.19584748111077
2023-02-03 00:00:00,249.74928379897986,0.5431576743907469,29.467520111301347,219.73860601328778,154.12256256390225
2023-02-03 01:00:00,226.55817216445715,0.0,37.90220207284774,188.6559700916094,132.43820108485505
2023-02-03 02:00:00,248.33499639510165,0.0,18.142820088974002,230.19217630612766,161.3159516151791
2023-02-03 03:00:00,266.1301145401942,2.106305706665807,39.713057838897164,224.31075099463123,157.45678238876414
2023-02-03 04:00:00,296.15368235574505,0.0,33.19168476965578,262.9619975860893,184.40531515795905
2023-02-03 05:00:00,278.7799796593002,1.3630013947452488,23.84170995782113,253.5752683067338,177.76836494218676
2023-02-03 06:00:00,283.17982243982476,0.056636752260922345,34.81911343303625,248.3040722545276,174.16217444754488
2023-02-03 07:00:00,339.8743208298457,11.262890561104046,16.883804156279623,311.7276261124621,218.60343413150832
2023-02-03 08:00:00,327.6183086780878,23.519832460709136,19.13803896335131,284.9604372540274,200.13408311666686
2023-02-03 09:00:00,361.0794340357687,29.57610922671048,20.865434469655096,310.63789033940316,218.24669976681295
2023-02-03 10:00:00,380.32600087063986,37.67947591359887,21.502330591060577,321.1441943659804,225.76954888036883
2023-02-03 11:00:00,395.8592961616344,40.8870263878477,17.281691113490677,337.690578660296,237.37396250109907
2023-02-03 12:00:00,415.2332986176215,42.41753724264966,35.5188167923353,337.2969445826365,237.31140012062187
2023-02-03 13:00:00,397.36725142408517,41.19323271832051,23.663317052614047,332.5107016531506,233.81798898209797
2023-02-03 14:00:00,400.789892979005,37.93150190298434,28.554192002427737,334.30419907359294,235.05711130959898
2023-02-03 15:00:00,396.68974266689526,29.650701439818278,21.171341324263253,345.86769990281374,242.9121173740086
2023-02-03 16:00:00,386.4342775160866,24.154777099904184,11.169325851184562,351.1101745649978,246.37191099600835
2023-02-03 17:00:00,369.0891732789998,9.414163677673558,27.894611122704077,331.78039847862215,232.71350831981601
2023-02-03 18:00:00,354.8673758949214,0.0,10.436112452214484,344.4312634427069,241.20624553441695
2023-02-03 19:00:00,340.27935830300703,0.0,25.18507988688895,315.0942784161181,220.81784569015153
2023-02-03 20:00:00,312.8057537849439,2.8939557687074657,14.787631944910215,295.1241660713262,206.7926716847516
2023-02-03 21:00:00,294.42554851101926,0.39310955302314926,41.632360249419165,252.40007870857693,177.10424088955847
2023-02-03 22:00:00,247.31987566226007,2.0636890789372697,33.02505403297047,212.23113255035233,148.93331710715506
2023-02-03 23:00:00,259.0931488431111,0.0,26.58018258574454,232.51296625736657,163.02487820601402
2023-02-04 00:00:00,258.2536349314546,0.5341005317385177,35.10965342123735,222.60988097847874,156.18869522978224
2023-02-04 01:00:00,259.26920573311264,1.779261591246874,18.229472180274115,239.26047196159166,167.70021032674185
2023-02-04 02:00:00,240.67576009792353,0.16456797855084837,29.347835029360745,211.16335709001194,148.11111967287297
2023-02-04 03:00:00,249.1674663884711,2.1309607501307024,26.59848346974971,220.4380221685907,154.61521956771358
2023-02-04 04:00:00,263.1550351903781,0.0,27.11216065066936,236.04287453970875,165.5011337843028
2023-02-04 05:00:00,296.38129631292605,2.81869488037116,35.17882800085414,258.3837734317008,181.27680357980648
2023-02-04 06:00:00,323.13778003021736,4.5977962472385006,30.859936822238417,287.68004696074047,201.77658816568547
2023-02-04 07:00:00,322.2231862051819,10.533087569026735,27.309789302600187,284.380309333555,199.54997617789502
2023-02-04 08:00:00,362.66004612716324,20.859258129381832,11.76090051017363,330.03988748760776,231.56271540901477
2023-02-04 09:00:00,370.1872849520248,33.66628611752119,17.31962963776429,319.20136919673934,224.2874804564456
2023-02-04 10:00:00,383.03934365204316,40.83170518367726,24.018328531234207,318.1893099371317,223.78933434497807
2023-02-04 11:00:00,394.44635667004144,40.97256179888531,25.746978994213208,327.7268158769429,230.48569213977984
2023-02-04 12:00:00,416.8083243867137,42.66015271017505,15.95837020260861,358.18980147393006,251.7456477879806
2023-02-04 13:00:00,413.21875506636195,41.45471263547083,44.29341340462737,327.47062902626374,230.5014687051403
2023-02-04 14:00:00,439.7465353323959,34.983659870147285,37.13115244202858,367.6317230202201,258.4131908359773
2023-02-04 15:00:00,384.83375047235114,28.9222132703174,29.81694656313987,326.09459063889386,229.14282717826342
2023-02-04 16:00:00,392.67515583992935,19.741981638679242,25.576294890269956,347.35687931098016,243.8004180993624
2023-02-04 17:00:00,360.3970726673832,9.723169559697808,23.302328240790786,327.3715748668946,229.58758908042807
2023-02-04 18:00:00,336.0013066179279,0.0,17.384652319822116,318.6166542981058,223.20550453187226
2023-02-04 19:00:00,328.1720807590313,0.4684294650730415,25.6198441481509,302.0838071458074,211.7242320328481
2023-02-04 20:00:00,309.6898513974598,3.1010009856281537,27.062020321142004,279.52683009068966,196.00142128640672
2023-02-04 21:00:00,332.1076911404573,0.0,15.065915396147005,317.04177574431026,222.07990217497863
2023-02-04 22:00:00,269.0043580843841,1.9686447969531675,27.67341133795918,239.36230194947174,167.86971837394884
2023-02-04 23:00:00,242.10037456953057,0.0,23.75792760940201,218.34244696012857,153.077292148184
2023-02-05 00:00:00,255.86110833198038,0.0,10.471691792553568,245.3894165394268,171.8773084955243
2023-02-05 01:00:00,217.92041310949452,1.3496389843332075,18.851072169336682,197.71970195582463,138.61929487045725
2023-02-05 02:00:00,250.3865958305006,0.0,22.425307988199542,227.96128784230106,159.79715456949273
2023-02-05 03:00:00,259.99836060436235,0.7648194923681012,40.83565351429422,218.39788759770002,153.3021742433803
2023-02-05 04:00:00,284.3904769219444,0.3329044164261122,30.18657725184276,253.87099525367555,178.01822053841983
2023-02-05 05:00:00,303.64434741410776,0.9849025280162982,15.050299702773565,287.6091451833179,201.49660267591057
2023-02-05 06:00:00,300.7809457808727,0.5783372878156362,29.62244257091379,270.58016592214324,189.7139073169657
2023-02-05 07:00:00,326.78080345324105,16.22409944096895,13.355720344065771,297.20098366820633,208.49872776000444
2023-02-05 08:00:00,338.2537248217316,20.58052208240087,34.39568068666928,283.2775220526615,199.04983268537774
2023-02-05 09:00:00,352.11907535057463,29.847060609638277,21.965155041029668,300.3068596999067,211.0313945525377
2023-02-05 10:00:00,390.2569778583234,36.60942494964493,24.985062745659327,328.66249016301913,231.04578224056286
2023-02-05 11:00:00,379.2182627464961,41.11159944246857,36.340525435910216,301.7661378681173,212.4219337508906
2023-02-05 12:00:00,400.09467626723756,42.437229847193976,15.436843706898696,342.2206027131449,240.55753493321427
2023-02-05 13:00:00,394.1124042742015,44.60058674300418,14.557206774668765,334.95461075652855,235.50581133217673
2023-02-05 14:00:00,414.5593275701694,40.696714498474165,21.065357644804656,352.79725542689056,247.9826666652409
2023-02-05 15:00:00,425.3434974644425,29.767561932142968,34.04118306372723,361.5347524685723,254.01008979728076
2023-02-05 16:00:00,366.0847364255639,20.191290904695045,13.579383651757956,332.3140618691109,233.1594629629891
2023-02-05 17:00:00,341.2447364292265,12.25633027391998,3.0769074706881447,325.9114986846184,228.41394475941811
2023-02-05 18:00:00,347.87223400064073,0.0,22.124881388300704,325.74735261234,228.244395642521
2023-02-05 19:00:00,329.27548061205647,1.2658636355110215,30.148078654860058,297.8615383216854,208.8298748844386
2023-02-05 20:00:00,311.6143796658479,0.4058460417025994,35.33624625348333,275.8722873706619,193.4720805428322
2023-02-05 21:00:00,282.3452059441749,0.0,22.028861358889504,260.3163445852854,182.44172982328865
2023-02-05 22:00:00,269.46188169538476,3.0950104026601233,22.442739398644676,243.92413189407995,171.0332199278956
2023-02-05 23:00:00,265.27063752804406,3.5917553461910434,34.96535812961867,226.71352405223433,159.12095552478402
2023-02-06 00:00:00,268.0687316345853,0.0,12.906811486812419,255.16192014777286,178.7424122183091
2023-02-06 01:00:00,220.4106027932639,0.0,24.75657888291171,195.65402391035218,137.20538252607562
2023-02-06 02:00:00,246.92817665944077,0.5717307814498099,29.388136203776245,216.9683096742147,152.18313274961704
2023-02-06 03:00:00,263.66143395439906,0.66891357997405,31.45849485465606,231.53402551976893,162.40178108398428
2023-02-06 04:00:00,259.3981502839533,1.3170885453456609,23.786291538848722,234.29477019975894,164.27054382612667
2023-02-06 05:00:00,315.70387882454764,4.020409077532699,28.140273178022515,283.5431965689924,198.84204851162556
2023-02-06 06:00:00,299.4996625364055,0.0,7.958126257071868,291.5415362793336,204.15865665810423
2023-02-06 07:00:00,329.11694404292894,9.770970987753877,22.598757785704997,296.7472152694701,208.14445768624117
2023-02-06 08:00:00,358.78218940887416,19.201811696176666,31.49281478481152,308.087562927886,216.3602584312918
2023-02-06 09:00:00,360.86706251600975,29.594906361183792,20.006392810338347,311.2657633444876,218.67799639646836
2023-02-06 10:00:00,358.6062811258957,37.9703614749564,28.336618857092564,292.2993007938467,205.65228397376276
2023-02-06 11:00:00,392.5885487470452,46.01344764493399,31.439725090797367,315.13537601131384,221.82942941172632
2023-02-06 12:00:00,422.4520087900692,42.8856777063391,25.124351477513663,354.4419796062165,249.21834279325344
2023-02-06 13:00:00,404.6829074462611,42.87190782117621,29.22845525234835,332.5825443727365,233.9575037698625
2023-02-06 14:00:00,394.3138859292789,38.0037696285585,20.162884562098885,336.14723173862154,236.26476645522723
2023-02-06 15:00:00,412.9034497933341,33.4335529879638,26.211854846807412,353.2580419585629,248.21141897922135
2023-02-06 16:00:00,381.34325340261614,27.014315003952962,32.74647444108956,321.5824639575736,225.97547581479148
2023-02-06 17:00:00,362.0839221432849,10.305827930990155,29.120528772123258,322.6575654401715,226.35761765446105
2023-02-06 18:00:00,352.6836993011895,0.0,23.1724949278643,329.5112043733252,230.88956801060624
2023-02-06 19:00:00,341.29758749231996,2.088321754138144,29.658476318702128,309.5507894194797,217.02390379190555
2023-02-06 20:00:00,344.7565137158247,1.3637829792526228,33.581623409468726,309.8111073271034,217.23086702265212
2023-02-06 21:00:00,302.1448759628995,3.693414651472067,11.46521485575596,286.98624645567145,201.078892960557
2023-02-06 22:00:00,290.56539134893956,1.1678563706519278,37.13733760402297,252.26019737426466,176.97686866543853
2023-02-06 23:00:00,252.86480906046526,0.0,25.174707174927207,227.69010188553807,159.6348183916259
2023-02-07 00:00:00,237.7617558130887,1.1813096613846186,34.58714068153474,201.99330547016936,141.7648114291616
2023-02-07 01:00:00,251.35881375004314,2.2174071611658155,40.76119660477472,208.3802099841026,146.31810709814286
2023-02-07 02:00:00,254.7573261315248,1.640964362394728,20.20983163776917,232.90653013136088,163.2694886955782
2023-02-07 03:00:00,244.96412008253228,1.0145480622145955,25.507693196192523,218.44187882412515,153.1846830700938
2023-02-07 04:00:00,271.22588306227226,2.133349379178308,28.87483164860726,240.2177020344867,168.48380672821034
2023-02-07 05:00:00,296.4136075315432,2.3385911808913455,24.91319304661747,269.1618233040344,188.70918006690806
2023-02-07 06:00:00,315.12422082282586,2.7643179820750543,45.062713822307366,267.2971890184434,187.61394581077496
2023-02-07 07:00:00,337.98816130652034,12.718367391120022,24.329044464998553,300.94074945040177,211.15618240775362
2023-02-07 08:00:00,355.4938380660196,21.72934036522973,26.738846979717962,307.0256507210719,215.61993078185208
2023-02-07 09:00:00,362.81871361670545,31.496036530199376,32.81833346843671,298.50434361806936,209.9111445979369
2023-02-07 10:00:00,379.28387660094745,40.62825347249621,21.566025007004185,317.08959812144707,222.9909440045329
2023-02-07 11:00:00,381.7216048386032,40.989685431299,28.017775521562786,312.7141438857414,219.99987218386056
2023-02-07 12:00:00,434.46953519665817,44.864499669472686,33.722847305614295,355.8821882215712,250.35205022154543
2023-02-07 13:00:00,410.62559897504565,41.83687914861875,28.520337980552807,340.2683818458741,239.30980825488976
2023-02-07 14:00:00,404.32511377195897,38.272725185349145,30.43612634441331,335.6162622421965,236.00119933668864
2023-02-07 15:00:00,385.7739945867245,33.759512882547334,26.94856431602593,325.0659173881512,228.49081807251704
2023-02-07 16:00:00,431.02725453559674,22.445774661903247,19.06745874216676,389.51402113152676,273.2994048727284
2023-02-07 17:00:00,354.3239230224128,11.513820712253047,33.755966906326805,309.05413540383296,216.9057308659914
2023-02-07 18:00:00,344.69664822986687,0.0,45.22268578879083,299.473962441076,210.08400056664112
2023-02-07 19:00:00,336.6613960500472,1.4925071320544414,31.330434261880402,303.83845465611233,213.03007274453853
2023-02-07 20:00:00,318.7215143837188,1.2909683622821508,32.98533415359329,284.44521186784334,199.4673210162719
2023-02-07 21:00:00,304.7928243339915,4.32650944661092,36.72500325654777,263.7413116308328,185.07269836308066
2023-02-07 22:00:00,300.9694286273715,0.0,21.028577243239305,279.9408513841322,196.16888174132492
2023-02-07 23:00:00,268.7341760349119,0.43830065532787793,44.80333848064974,223.4925368989343,156.90157522716706
2023-02-08 00:00:00,237.98780931941792,0.4987673674215105,36.9833754557582,200.5056664962382,140.73377564927273
2023-02-08 01:00:00,247.24816054521665,3.1549065595269488,48.419600277088655,195.67365370860105,137.51885172998215
2023-02-08 02:00:00,258.44575690662623,0.0,29.50048112018387,228.94527578644235,160.55669786171148
2023-02-08 03:00:00,292.84369574187565,0.5580430515406785,49.90924046483838,242.37641222549658,170.1737418235268
2023-02-08 04:00:00,253.56671275075513,1.2157930194330784,41.565989036654045,210.784930694668,147.98942723702277
2023-02-08 05:00:00,309.1409850004218,0.3732182463127162,39.78906577119465,268.9787009829144,188.69044571067826
2023-02-08 06:00:00,313.095529357038,0.0,37.236940719200966,275.85858863783704,193.47338145367792
2023-02-08 07:00:00,343.6697954504856,11.861809745993739,33.376516139780186,298.4314695647117,209.47303005161584
2023-02-08 08:00:00,350.27794028070605,24.312614113026047,44.968998352166764,280.99632781551327,197.63337173664146
2023-02-08 09:00:00,358.4658479701485,29.293508853270737,36.48762404316016,292.6847150737176,205.83004696909933
2023-02-08 10:00:00,398.93397160798713,38.65745277811859,19.628187455678564,340.64833137419,239.42326289205212
2023-02-08 11:00:00,410.20083513138275,41.41992758241164,26.427253390719763,342.35365415825135,240.74022899633135
2023-02-08 12:00:00,422.9572580112646,46.720794484462694,33.8779790668338,342.35848445996817,240.9241348023353
2023-02-08 13:00:00,410.90276789136385,39.773795402722435,37.84473694970023,333.2842355389412,234.47288815481025
2023-02-08 14:00:00,399.3790731753711,37.27366973528167,34.912037173176614,327.1933662669128,230.12995015327635
2023-02-08 15:00:00,377.00256479944085,32.100963202221905,45.11651140272509,299.7850901944938,210.94274751421736
2023-02-08 16:00:00,399.9614789390583,25.296398671775187,19.755930172066783,354.9091500952163,249.13989234180758
2023-02-08 17:00:00,377.46067965870316,11.342129238051163,36.51344857641706,329.6051018442349,231.31554836148962
2023-02-08 18:00:00,337.3211215372857,0.0,20.820911281278548,316.50021025600716,221.7583562920178
2023-02-08 19:00:00,323.023732322594,3.7623141388811803,41.44244344824913,277.8189747354637,194.9629530320847
2023-02-08 20:00:00,303.3954316345701,0.0,34.60907536883976,268.7863562657304,188.49654013969965
2023-02-08 21:00:00,268.8575709423071,0.0,38.72162486056873,230.13594608173838,161.48237850582254
2023-02-08 22:00:00,262.26855897804256,0.8800289001066648,28.453681399657654,232.93484867827823,163.35653146679346
2023-02-08 23:00:00,244.812849767193,0.0,45.60046453763779,199.2123852295552,139.904674306065
2023-02-09 00:00:00,248.31036376306437,0.0,48.33379731247081,199.97656645059357,140.4669344885402
2023-02-09 01:00:00,240.69115256956545,1.4167128945987066,44.66835442409509,194.60608525087164,136.69927747774307
2023-02-09 02:00:00,230.0924751283822,0.48760142754239766,38.96386202509247,190.64101167574734,133.84809882182492
2023-02-09 03:00:00,292.82843620029604,0.0,44.63885828236105,248.189577917935,174.1790931253781
2023-02-09 04:00:00,293.9911835150235,0.0,34.344859456101204,259.64632405892235,182.09587543580665
2023-02-09 05:00:00,280.08632372170905,1.7449146565602893,46.844445272165686,231.49696379298308,162.55121740094103
2023-02-09 06:00:00,315.15241238611134,1.300402355917322,53.19584715459136,260.65616287560266,183.01728053158612
2023-02-09 07:00:00,338.0335913918283,11.32724457118486,48.56488447983348,278.14146234080994,195.41121737478898
2023-02-09 08:00:00,370.34342647431265,25.959016248771658,34.163180241540715,310.2212299840003,218.015673116191
2023-02-09 09:00:00,359.4925396446077,29.34834514304308,42.89133853818482,287.2528559633798,202.09287946260852
2023-02-09 10:00:00,404.72175929916904,35.514346514947235,29.65486764993081,339.552545134291,238.69361720080195
2023-02-09 11:00:00,392.8350677841599,41.630294834676526,44.5791224894054,306.62565046007796,215.91635244364213
2023-02-09 12:00:00,389.0077450851051,44.440312480641666,43.604827302900304,300.96260530156314,211.99867823373603
2023-02-09 13:00:00,422.6336634342263,43.5007898730844,25.04146928374268,354.09140427739925,248.98441348447858
2023-02-09 14:00:00,428.40705750947075,38.08292474108406,30.705729248701083,359.6184035196856,252.8015982510886
2023-02-09 15:00:00,439.87228195022425,32.19262546872398,37.734888826049854,369.9447676554504,259.98253875645025
2023-02-09 16:00:00,370.34427856307946,19.762663408295438,37.59312202287338,312.9884931319106,219.86312968073207
2023-02-09 17:00:00,382.25541032072067,14.413125506890157,30.324184516649552,337.518100297181,236.85417456333096
2023-02-09 18:00:00,346.33011999580754,0.0,43.11182983481746,303.2182901609901,212.6839214110412
2023-02-09 19:00:00,343.52199570236934,2.2345916631762552,42.01178887152409,299.275615167669,209.95774033934705
2023-02-09 20:00:00,289.00874816783846,0.6854506927554083,38.44584694417184,249.8774505309112,175.31238285493464
2023-02-09 21:00:00,272.8300684090304,0.9135064383075678,33.95366799873309,237.96289397198973,166.93183258914627
2023-02-09 22:00:00,263.56495020208786,1.1395345604644078,48.3896570113325,214.03575863029096,150.33171830252627
2023-02-09 23:00:00,263.6740434267751,0.8954171200346299,53.24325690470636,209.5353694020341,147.2250994928716
2023-02-10 00:00:00,245.5411929505483,1.2854455197350878,40.766763044851885,203.48898438596132,142.87566561101613
2023-02-10 01:00:00,262.3172932104504,2.658305060264863,39.737919578385615,219.92106857179988,154.39529329724905
2023-02-10 02:00:00,270.56083122249237,0.39304233940294026,48.56491623892015,221.60287264416928,155.61552086009576
2023-02-10 03:00:00,272.1431088676743,1.4180075151770246,41.77101987764829,228.95408147484898,160.7139273814743
2023-02-10 04:00:00,300.1447501517383,0.0,43.52007731031831,256.62467284142,180.0724717620972
2023-02-10 05:00:00,298.6688774935792,2.8802344308989456,50.552480129421554,245.2361629332587,172.22844354319326
2023-02-10 06:00:00,293.47250378844495,0.0,29.36040621556584,264.1120975728791,185.17207236317103
2023-02-10 07:00:00,352.8821257548242,15.178712698594971,55.181673514445535,282.5217395417837,198.62060866836492
2023-02-10 08:00:00,344.0596581258608,22.28440580647367,45.21669911025891,276.5585532091282,194.4888423536218
2023-02-10 09:00:00,386.08775554703266,28.766942553581394,41.34330975912674,315.97750323432456,222.17302421269008
2023-02-10 10:00:00,412.60603379499946,38.99304312480457,43.92138168185259,329.6916089883423,232.0032009711542
2023-02-10 11:00:00,408.5638305154601,41.84322127564107,44.33468975578833,322.3859194840307,226.95035496189217
2023-02-10 12:00:00,387.2631619574048,46.41073051350216,30.785644488064776,310.06678695583787,218.2828219242372
2023-02-10 13:00:00,398.6582955541022,41.90007663198605,56.59476073525007,300.1634581868661,211.51836987079847
2023-02-10 14:00:00,429.54671115815154,37.844467428553436,44.96585997378913,346.73638375580896,243.92201657737522
2023-02-10 15:00:00,399.1766700698619,27.849411295926437,48.179271959203184,323.1479868147323,227.24237171582314
2023-02-10 16:00:00,390.19362357080536,21.460109069264202,52.24765308021652,316.4858614213246,222.49178170711468
2023-02-10 17:00:00,383.81384429420325,6.7290731795154395,36.46595525514178,340.61881585954603,238.93241211782393
2023-02-10 18:00:00,363.58184459115563,0.0,48.42303010790601,315.1588144832496,221.0954004393538
2023-02-10 19:00:00,336.613475237531,1.5208293122885947,42.49412618843383,292.5985197368086,205.27432166389613
2023-02-10 20:00:00,308.5959288752405,1.5716003173016644,51.40942111735613,255.61490744058267,179.47596142592747
2023-02-10 21:00:00,287.74145136576374,0.8509151235699295,27.617435552812218,259.2731006893816,181.78436314056663
2023-02-10 22:00:00,288.73141793619544,0.0,43.84250051369403,244.8889174225014,171.86066720088792
2023-02-10 23:00:00,271.4529887150109,0.0,39.81268966935249,231.64029904565842,162.5463362286544
2023-02-11 00:00:00,251.94816479972164,0.0,52.27488238946033,199.67328241026132,140.2940465110775
2023-02-11 01:00:00,269.31341560701105,0.0,52.57713228333271,216.73628332367835,152.24116964940816
2023-02-11 02:00:00,253.87215308204173,3.0067966035343012,43.15577162581088,207.70958485269654,145.88840304521636
2023-02-11 03:00:00,251.0247659943429,1.7547245811513428,43.11938787097874,206.15065354221284,144.7717458498818
2023-02-11 04:00:00,265.12862793363996,0.0,47.93145583592845,217.1971720977115,152.5173350267573
2023-02-11 05:00:00,278.4006183674674,0.05377167798906156,41.64364096586542,236.70320572361294,166.1097558497475
2023-02-11 06:00:00,308.29005705485696,0.41676561589510497,55.552648348004105,252.32064309095776,177.18831195946836
2023-02-11 07:00:00,351.58759508715684,7.543851443243204,45.86312118080752,298.18062246310615,209.33594396484722
2023-02-11 08:00:00,341.71082680485796,21.96790487177589,25.56087302981396,294.1820489032681,206.6224010600213
2023-02-11 09:00:00,375.90886732738545,30.402463723936876,45.81820233141264,299.68820127203594,210.847972188218
2023-02-11 10:00:00,379.7999332226265,36.902534923981,40.50842821763531,302.3889700810102,212.81541403736313
2023-02-11 11:00:00,398.45912759579744,42.83155281425235,35.766572260699526,319.86100252084555,225.11699854348393
2023-02-11 12:00:00,387.7051788354606,48.51989232733322,38.91736567860651,300.26792082952085,211.5471160839973
2023-02-11 13:00:00,409.77365747476586,44.67543912255828,49.69204655905085,315.4061717931567,222.17474950325135
2023-02-11 14:00:00,407.45021631816496,37.76341696420524,59.44590541037294,310.2408939435868,218.51835315389857
2023-02-11 15:00:00,410.4680823754045,32.91159778264479,51.32225457530693,326.2342300174528,229.5354155136229
2023-02-11 16:00:00,392.9994871058683,25.26097050998909,43.96475167866117,323.77376491721805,227.586502369039
2023-02-11 17:00:00,355.10584903783325,13.476588545917336,52.464012345752714,289.1652481461632,203.2098455966901
2023-02-11 18:00:00,370.05022818096876,0.11926073984035375,45.14405630263516,324.7869111384932,227.8046635747684
2023-02-11 19:00:00,336.2362765154439,0.0,43.25997583108193,292.97630068436195,205.51601023736418
2023-02-11 20:00:00,315.3521100615746,1.3964466272271798,39.581877438523215,274.3737859958242,192.48539790400673
2023-02-11 21:00:00,292.94399561133685,0.7869707708434992,34.802148330373335,257.35487651012,180.5121744558046
2023-02-11 22:00:00,268.7468267088568,1.7903864400554645,45.69738913191153,221.2590511368898,155.37411741594306
2023-02-11 23:00:00,267.06673370558974,1.270343603363939,50.081206703748144,215.71518339847765,151.5268473180391
2023-02-12 00:00:00,263.58194137745056,2.0991054306386703,51.36226555550509,210.12057039130679,147.64000403808254
2023-02-12 01:00:00,227.51874557146397,0.0,48.80751949204534,178.71122607941862,125.58593345051348
2023-02-12 02:00:00,248.36670227833037,2.6347881312686514,44.56928643004996,201.16262771701176,141.31222802883408
2023-02-12 03:00:00,260.6159440828384,0.3951992093847993,57.00122444910396,203.21952042434964,142.83158052572347
2023-02-12 04:00:00,280.9961975321376,4.150521745250531,41.598199556051526,235.24747623083556,165.17222579205043
2023-02-12 05:00:00,311.62184603055414,0.0,58.343478226372014,253.27836780418212,177.87829224519118
2023-02-12 06:00:00,301.4405451144939,3.4719276063304987,44.11751876421041,253.85109874395297,178.20638286053577
2023-02-12 07:00:00,326.2527532393796,12.072870946540991,46.11577301679993,268.0641092760387,188.3474916423259
2023-02-12 08:00:00,346.73969289015065,21.25549113401819,40.400973390698795,285.0832283654337,200.3873794123909
2023-02-12 09:00:00,361.6992670900791,30.934520519492075,48.124037740539116,282.6407088300479,198.94842696882878
2023-02-12 10:00:00,385.0829260098871,38.4314741260113,59.93775458344804,286.7136973004277,202.0675951386541
2023-02-12 11:00:00,414.5662465442219,44.42767346002025,56.26027962317586,313.8782934610258,221.16596168815022
2023-02-12 12:00:00,395.1887146143075,46.16232525856518,59.96263181184849,289.06375754389387,203.8675031040155
2023-02-12 13:00:00,420.1393968689408,42.43194155933926,56.3123952830957,321.39506002650586,226.38830480257184
2023-02-12 14:00:00,385.4677135944977,39.023459557877985,43.30589628738126,303.1383577492385,213.4103785784983
2023-02-12 15:00:00,394.5841432977693,36.186832904824456,49.48894112100375,308.90836927194107,217.45448455966527
2023-02-12 16:00:00,385.34838393330125,26.01341348144851,45.893661882684505,313.4413085691682,220.38812088687357
2023-02-12 17:00:00,398.8450760353582,12.549696718963775,62.77985414793653,323.5155251684579,227.33966009377914
2023-02-12 18:00:00,350.3056699785586,0.0760069563364061,42.56094574421372,307.6687172780085,215.79523169117482
2023-02-12 19:00:00,300.70352883988346,0.2400626534365226,59.284836430737094,241.17862975570984,169.42269044637297
2023-02-12 20:00:00,283.03332373052683,1.2270359454608333,59.278885876494364,222.52740190857162,156.38651091367427
2023-02-12 21:00:00,294.23262473684747,0.0,66.7722165293529,227.46040820749457,159.8900079105397
2023-02-12 22:00:00,286.3602012835721,0.0,48.85776217458823,237.50243910898388,166.74028499803458
2023-02-12 23:00:00,270.071986503301,0.0,57.833832192265504,212.2381543110355,149.14504633964748
2023-02-13 00:00:00,259.5921238450727,0.7984462452105585,72.51906243673804,186.2746151631241,131.13339016345847
2023-02-13 01:00:00,271.78653232376837,1.294391879405482,49.32471432895772,221.16742611540516,155.33633326166128
2023-02-13 02:00:00,248.9847039470009,0.0,41.985525764168415,206.99917818283248,145.3192799856244
2023-02-13 03:00:00,278.49426439883064,3.1479735265800657,39.22576747316518,236.12052339908539,165.73958352462301
2023-02-13 04:00:00,253.30387259086325,0.0,59.96754397531794,193.3363286155453,135.93510547063488
2023-02-13 05:00:00,280.77842086711235,0.0,39.20064607995862,241.57777478715371,169.49644881180717
2023-02-13 06:00:00,286.5414938290044,0.4489036371199441,51.28729532092391,234.80529487096055,164.885557435624
2023-02-13 07:00:00,330.2299588511364,13.820198301030644,57.76435324073898,258.64540730936676,181.90583261498472
2023-02-13 08:00:00,354.3642437103898,26.02075113709324,55.7472520390666,272.59624053423,191.89525591709352
2023-02-13 09:00:00,376.0641607445811,31.118263876843837,57.669406657900666,287.2764902098366,202.29260249100147
2023-02-13 10:00:00,391.84943114941416,41.393328051659324,56.044166590834124,294.4119365069207,207.47666378178602
2023-02-13 11:00:00,389.72137070176245,43.68501715938664,64.49677425093444,281.5395792914414,198.59637358970602
2023-02-13 12:00:00,408.77309179811056,44.96053690847336,46.64731669851692,317.1652381911203,223.38135063893884
2023-02-13 13:00:00,391.8909383320971,45.5293539733614,48.84988663675904,297.5116977219767,209.65727435121852
2023-02-13 14:00:00,432.0751390912925,40.540612141623576,48.0845721822607,343.44995476740826,241.70662630184086
2023-02-13 15:00:00,399.0802795704684,28.883248088613225,60.90738223932817,309.289649242527,217.68949325393444
2023-02-13 16:00:00,383.58788907045175,25.605976453629292,61.4690364515878,296.5128761652347,208.68582320925273
2023-02-13 17:00:00,398.1867432878446,14.486184404101252,57.87565029897536,325.82490858476797,228.94591620040933
2023-02-13 18:00:00,336.42446396614656,0.0,63.73379707954671,272.69066688659984,191.52080479141534
2023-02-13 19:00:00,317.4688316507038,0.7916070668748181,44.841520805416245,271.8357037784127,190.74923999428054
2023-02-13 20:00:00,297.2038098799532,0.9880603725654776,67.60364063683639,228.61210887055137,160.72427382320564
2023-02-13 21:00:00,293.3345676356911,0.5213475316478142,66.45175671812535,226.36146338591792,159.12796888795674
2023-02-13 22:00:00,284.25857031082353,0.0,60.15082372239326,224.10774658843027,157.4769308491251
2023-02-13 23:00:00,276.16573808019575,0.0,68.52023901459577,207.64549906559998,146.03705173606593
2023-02-14 00:00:00,296.2787800118814,0.0,41.74701433857781,254.5317656733036,178.5897061146983
2023-02-14 01:00:00,221.2314295395709,2.3454580385187294,50.80441490989878,168.0815565911534,118.21204292367673
2023-02-14 02:00:00,266.82988408632315,1.0872003091888647,49.11757231454438,216.6251114625899,152.15049775314213
2023-02-14 03:00:00,257.3339254612438,0.0,60.771834590058745,196.56209087118503,138.2011819557301
2023-02-14 04:00:00,269.608146624327,1.5433974212966894,46.598874083182835,221.46587511984745,155.52296927315095
2023-02-14 05:00:00,285.6763344287742,0.0,61.05996119469988,224.61637323407433,157.84206087579904
2023-02-14 06:00:00,300.6358476822611,2.297531400744207,65.9642891519737,232.3740271295432,163.36741251021488
2023-02-14 07:00:00,360.24078887163415,8.294736065479734,60.561623200671995,291.3844296054824,204.740611677154
2023-02-14 08:00:00,368.3128998659925,22.021055570081085,57.27000818929201,289.0218361066194,203.32840646792812
2023-02-14 09:00:00,375.320856030943,29.928273445511135,47.09701327279401,298.29556931263784,209.87643412048465
2023-02-14 10:00:00,411.8066951348112,36.807756382742895,48.225192270997084,326.7737464810712,229.96002958711466
2023-02-14 11:00:00,381.5670141758543,46.2634304325564,64.99695124237333,270.3066325009246,190.7898808717221
2023-02-14 12:00:00,392.2864054857439,44.55647250315092,61.23479203124266,286.4951409513503,202.05007603632066
2023-02-14 13:00:00,382.3034003696621,44.63478462126079,54.687843844979646,282.98077190342167,199.52611446327015
2023-02-14 14:00:00,401.75576435385847,39.303278176426346,51.65672363387287,310.79576254355925,218.85966658035872
2023-02-14 15:00:00,406.68042655590875,33.12169488920967,38.79353701510898,334.7651946515901,235.38600552404833
2023-02-14 16:00:00,393.0843375164912,22.89958123500786,46.43318065052449,323.7515756309588,227.54842637287655
2023-02-14 17:00:00,377.2130450184806,9.20817917465881,70.29135269711779,297.71351314670403,209.28653631315717
2023-02-14 18:00:00,334.51258749479285,1.9925336388942856,44.75635543198027,287.7636984239183,201.9220031238405
2023-02-14 19:00:00,347.0202374917927,0.0,56.51583856976865,290.50439892202405,203.91823763111452
2023-02-14 20:00:00,317.86180551796565,0.0,63.05955178556159,254.80225373240407,178.99217313053848
2023-02-14 21:00:00,305.96873057457236,0.0,44.96061865598166,261.0081119185907,183.1552845295733
2023-02-14 22:00:00,250.01294119380782,3.0015195812686217,56.47768379824867,190.53373781429053,133.9984236996112
2023-02-14 23:00:00,270.36324693179415,1.7004434842269858,62.50332430008524,206.15947914748193,144.97067751592274
2023-02-15 00:00:00,240.49228641220037,0.0,54.36584231968531,186.12644409251507,130.8321692879574
2023-02-15 01:00:00,249.6229823258183,0.0,77.21307218976145,172.40991013605685,121.4590678171374
2023-02-15 02:00:00,266.324238490509,0.0,40.91705367340174,225.40718481710726,158.1941999087091
2023-02-15 03:00:00,267.66720290517236,4.153495967121682,62.73567598349834,200.77803095455232,141.25504834736404
2023-02-15 04:00:00,266.24118892247515,0.7638709044631067,52.88343384525559,212.59388417275645,149.3598306774713
2023-02-15 05:00:00,295.67692845685497,0.8600832943821393,60.4412089831207,234.3756361793521,164.68455908126532
2023-02-15 06:00:00,291.90427777723244,2.0605669080636844,57.796304958021274,232.04740591114748,163.05235852554472
2023-02-15 07:00:00,352.83684205256316,12.299099207939065,48.40059816754733,292.1371446770768,205.225989239788
2023-02-15 08:00:00,353.2090944298466,22.3193403754719,56.097818884102026,274.79193517027267,193.3617196155413
2023-02-15 09:00:00,392.36108027791863,31.904295995735545,39.402636133241,321.0541481489421,225.77001598550657
2023-02-15 10:00:00,384.2533983025719,39.41237731863888,59.091827748998455,285.7491932349345,201.40360108831692
2023-02-15 11:00:00,397.01122359074503,44.044072110771864,56.651115472351506,296.3160360076217,208.86861780227412
2023-02-15 12:00:00,401.3940954176465,47.13010842150058,59.37512909357213,294.8888579025738,207.95855399116738
2023-02-15 13:00:00,428.72544008948483,44.222408355406145,62.73079434512451,321.7722373889542,226.75232228282727
2023-02-15 14:00:00,402.215429857287,41.02085999189817,57.20680646610499,303.98776339928384,214.18391964399768
2023-02-15 15:00:00,414.53379490307145,32.13556253368834,55.45056310281351,326.9476692665696,230.06058536830062
2023-02-15 16:00:00,386.41458764397316,22.994695047745488,47.217301051136964,316.20259154509074,222.2738809930298
2023-02-15 17:00:00,345.94338161571443,7.825119520821837,48.5680816352349,289.55018045965767,203.32730952852913
2023-02-15 18:00:00,347.7336437054934,1.8326553494049684,63.759724705845954,282.1412636502425,198.1731349092163
2023-02-15 19:00:00,317.896207898646,0.6929769517959854,65.75653099007513,251.44669995677492,176.68411481867912
2023-02-15 20:00:00,315.38584836112216,1.9960202197193044,52.360964253930874,261.02886388747197,183.28373476816407
2023-02-15 21:00:00,277.7267150789714,0.0,54.6338697224535,223.0928453565179,156.71133044678706
2023-02-15 22:00:00,292.90391512988424,4.176749409561455,47.028932744477174,241.6982329758456,169.74258739872792
2023-02-15 23:00:00,264.93466090603823,0.0,63.647902506566865,201.28675839947135,141.53720990469563
2023-02-16 00:00:00,256.24419589028906,2.216365633475033,57.45858950515843,196.5692407516556,138.21738173388
2023-02-16 01:00:00,266.0205839816093,0.0,67.66499440733419,198.35558957427514,139.52556264606594
2023-02-16 02:00:00,273.3667398228081,1.2255478101251394,45.10867029818629,227.03252171449665,159.398362859332
2023-02-16 03:00:00,266.59868833549575,0.0,49.11119172347846,217.48749661201728,152.73235954564686
2023-02-16 04:00:00,268.04565492663244,0.0,53.98682229582878,214.05883263080366,150.38105106452085
2023-02-16 05:00:00,269.57265767311367,3.8280627077335723,57.307171217430366,208.43742374794974,146.55582958989376
2023-02-16 06:00:00,305.18593195106627,0.0,50.409913815243144,254.7760181358231,178.84731183322862
2023-02-16 07:00:00,326.92401821507616,12.302925209735871,45.1515661919946,269.4695268133457,189.32624293545663
2023-02-16 08:00:00,358.4935873178817,24.667465748596847,59.18651514701277,274.6396064222721,193.33293896203253
2023-02-16 09:00:00,371.00499869772517,33.415505217138225,57.90433781598885,279.6851556645981,197.0269624477213
2023-02-16 10:00:00,403.0697389904908,40.0121387496638,44.8050621111144,318.2525381297126,224.02507008690324
2023-02-16 11:00:00,396.26948514849033,45.022122909501896,62.97879732446817,288.26856491452025,203.31822587159888
2023-02-16 12:00:00,412.6006505151269,50.66149174491523,61.49684458919703,300.44231418101464,211.93781820750053
2023-02-16 13:00:00,433.9420135627489,44.17696331050228,53.20962689360655,336.5554233586401,237.00443188619417
2023-02-16 14:00:00,418.58364622724554,40.11349903280658,52.77203781463249,325.69810937980645,229.31866692466696
2023-02-16 15:00:00,404.56367109222225,34.52545023320825,56.56771708455146,313.47050377446254,220.68553881763344
2023-02-16 16:00:00,383.72157778069175,25.138382153135304,45.24163035357414,313.34156527398227,220.29427963838603
2023-02-16 17:00:00,366.68373096407095,14.242120074497198,52.37550674893686,300.06610414063687,210.85487036742512
2023-02-16 18:00:00,344.1285267287181,1.2774604440583748,34.91618655875076,307.93487972590896,215.92912688260495
2023-02-16 19:00:00,328.06709892805213,0.0,59.146900079647686,268.9201988484044,188.83560819467957
2023-02-16 20:00:00,326.8116658877587,3.266863064602192,39.64330913608933,283.90149368706716,199.19281593359995
2023-02-16 21:00:00,292.85387784541155,0.0,64.1626135430562,228.69126430235536,160.7255111470793
2023-02-16 22:00:00,259.36706337915336,0.6052709304780665,49.4942941638926,209.2674982847827,146.99429715959639
2023-02-16 23:00:00,293.42270900793727,0.0,50.44191906017479,242.98078994776247,170.59097215403546
2023-02-17 00:00:00,264.2962629122513,0.0,43.79490753571106,220.50135537654023,154.78889783893527
2023-02-17 01:00:00,235.66670014050172,0.6575248206069608,46.512467793010494,188.49670752688428,132.42597044316125
2023-02-17 02:00:00,252.86905113646145,0.6427144309005461,60.1650295455714,192.0613071599895,135.05741959606635
2023-02-17 03:00:00,269.15211458787047,0.8438415084705695,28.91430953210647,239.39396354729342,167.88179440859588
2023-02-17 04:00:00,305.77119005273613,3.227422538117294,59.032501873092606,243.51126564152622,171.11275941856164
2023-02-17 05:00:00,280.1491642743162,0.9070686030279597,51.52096663320077,227.72112903808747,159.93814136505378
2023-02-17 06:00:00,330.70593833033683,0.0,39.16060560152938,291.54533272880747,204.4733389661805
2023-02-17 07:00:00,357.7631475527844,13.8419398897001,40.2142796399932,303.7069280230911,213.2738312103577
2023-02-17 08:00:00,348.04656018028237,25.39456865007917,62.22792300205273,260.4240685281505,183.42701857272746
2023-02-17 09:00:00,372.60814686529574,30.09379717032303,41.252723744845255,301.26162595012744,211.89754134594412
2023-02-17 10:00:00,377.7947549325165,41.0590366360901,39.58997469961943,297.145743596807,209.21910099748288
2023-02-17 11:00:00,403.00096633474976,45.8651238383422,57.91529512330494,299.2205473731026,210.9508385891717
2023-02-17 12:00:00,413.4960676361807,45.436128337739795,51.525201794674416,316.5347375037665,222.9982908373381
2023-02-17 13:00:00,426.6656011194348,47.21419198034364,41.31337417209591,338.1380349669953,238.05404205822452
2023-02-17 14:00:00,430.39766931663144,39.56412532232534,50.549778587624054,340.28376540668205,239.49541607700016
2023-02-17 15:00:00,394.83144248162967,32.8001657075401,40.610757315264884,321.4205194588247,226.0564745084807
2023-02-17 16:00:00,363.82951767973316,22.669484023662147,57.623349971767944,283.53668368430306,199.50530175920306
2023-02-17 17:00:00,376.4521794590556,11.944923648286332,57.30774650337217,307.19950930739714,215.85163245317744
2023-02-17 18:00:00,361.87943770593057,0.0,53.07282837496265,308.80660933096794,216.69535481542718
2023-02-17 19:00:00,340.51211646347485,0.0,51.71006727436324,288.8020491891116,202.6785351051217
2023-02-17 20:00:00,311.16522882736194,3.1890101264499444,62.906283783326096,245.0699349175859,172.24179748267235
2023-02-17 21:00:00,298.6421326431583,0.0,48.81426940349291,249.82786323966536,175.3676469618007
2023-02-17 22:00:00,302.9339807785592,0.0,39.36178578102069,263.57219499753853,184.89415435608717
2023-02-17 23:00:00,273.21483137988184,0.0,52.41257008704556,220.80226129283628,155.08570860585584
2023-02-18 00:00:00,254.47401190665605,0.0,61.323631311921154,193.15038059473488,135.81850272943362
2023-02-18 01:00:00,249.8456371283878,0.0,36.51717897013743,213.32845815825038,149.69509250047665
2023-02-18 02:00:00,257.52675291653634,3.284030320272738,41.743552782072356,212.49916981419125,149.23253500416004
2023-02-18 03:00:00,292.6176715095323,2.0196341786852683,47.96682322043586,242.63121411041115,170.36191079306585
2023-02-18 04:00:00,278.030551247011,0.0,44.204016123578334,233.82653512343265,164.12061474763863
2023-02-18 05:00:00,297.05168921701716,4.5048716106886175,36.77682627260573,255.7699913337228,179.4968596285458
2023-02-18 06:00:00,309.40837721258157,1.9635309739831885,53.61011776546801,253.83472847313038,178.2596817283256
2023-02-18 07:00:00,353.83335474645725,11.30896284840886,63.195580691762316,279.3288112062861,196.38830290828608
2023-02-18 08:00:00,387.45168681419955,18.10347922797701,46.2043065878155,323.14390099840705,227.0248433493226
2023-02-18 09:00:00,384.10780012629857,37.25345791522024,37.40270859773624,309.4516336133421,217.73523977362123
2023-02-18 10:00:00,395.1587404365329,37.23519625687487,32.24357071519644,325.6799734644616,229.04312105741258
2023-02-18 11:00:00,407.18237918519634,41.33940089155108,46.69906276539369,319.14391552825157,224.69451951526105
2023-02-18 12:00:00,378.858068656167,48.249722179467604,53.46627366215431,277.1420728145451,195.49910815039246
2023-02-18 13:00:00,428.5258673491,49.50970319814341,48.4365968875873,330.5795672633693,232.88025711719726
2023-02-18 14:00:00,416.63516672789086,42.782886827423106,44.616024188273414,329.23625571219435,231.76719697696723
2023-02-18 15:00:00,413.05576744749374,33.799391010143474,39.921081701309795,339.33529473604045,238.60990495244428
2023-02-18 16:00:00,383.245213968496,24.29179934105473,35.89794585387953,323.05546877356176,226.9836435868531
2023-02-18 17:00:00,371.58175120017137,13.665456732986735,51.313265526223304,306.60302894096134,215.40856204859492
2023-02-18 18:00:00,351.8887539454819,1.5178571795735358,51.94542788670893,298.4254688791994,209.44763963789813
2023-02-18 19:00:00,352.6729491459233,0.5623828479387516,32.269416622098376,319.8411496758862,224.22274659630008
2023-02-18 20:00:00,310.9616832275797,0.20840220790375213,57.35396674106971,253.39931427860625,177.95722770659313
2023-02-18 21:00:00,328.58850921647473,0.0,49.22782468277626,279.3606845336985,196.0447574204167
2023-02-18 22:00:00,287.24299817512957,0.0,55.83201207679059,231.41098609833898,162.5460103896052
2023-02-18 23:00:00,248.9313321821367,0.0,33.89823292774332,215.0330992543934,150.8621518073528
2023-02-19 00:00:00,258.71302992202334,0.0,29.073406756676498,229.63962316534685,161.03847028330955
2023-02-19 01:00:00,248.14016359158188,0.0,38.80824552186163,209.33191806972025,146.92042510402277
2023-02-19 02:00:00,227.72548727350232,0.0,44.02227541516156,183.70321185834075,129.03247105499014
2023-02-19 03:00:00,292.62532222287984,0.0,54.37088658341572,238.25443563946413,167.32181381345904
2023-02-19 04:00:00,291.8938860623044,0.3597883023069569,45.64863131052106,245.88546644947635,172.58350859378479
2023-02-19 05:00:00,305.91340019241784,2.7840045726891987,38.05854978550374,265.0708458342249,185.98585767326622
2023-02-19 06:00:00,319.69082172022206,1.836633212004626,31.78904633867287,286.0651421695446,200.600222646308
2023-02-19 07:00:00,317.1850268935416,8.86162515003362,49.840004581753206,258.48339716175474,181.61401056204653
2023-02-19 08:00:00,351.3665569387982,21.20803729044854,32.28235659399429,297.8761630543554,209.2602984497977
2023-02-19 09:00:00,390.5420020456883,34.67332740833067,53.02774843817858,302.8409261991791,213.21239237197375
2023-02-19 10:00:00,378.7155324721144,38.19659575507471,37.72492280314793,302.7940139138917,213.09699088285717
2023-02-19 11:00:00,369.220782982921,44.34514508964017,52.724656580942806,272.150981312338,191.9198363862388
2023-02-19 12:00:00,411.78276641033966,47.47469132522754,45.431450320474234,318.8766247646379,224.61744566495582
2023-02-19 13:00:00,415.78892711351506,42.85772247990695,38.904036084460344,334.02716854914775,235.06521279484616
2023-02-19 14:00:00,417.2228077732742,40.37232155444326,35.84482902539099,341.00565719343996,239.86985475675073
2023-02-19 15:00:00,418.12510237940126,30.12373404251784,37.27273698123137,350.72863135565206,246.4852439996191
2023-02-19 16:00:00,404.04792010232006,21.984558275686787,43.42653353900191,338.6368282876314,237.9197363022457
2023-02-19 17:00:00,381.7968375025869,12.64219022556506,40.617251969741744,328.5373953072801,230.6351930393048
2023-02-19 18:00:00,376.55378485343044,0.0,35.24950873545036,341.30427611798007,239.26548836994053
2023-02-19 19:00:00,315.1307437117284,0.880949475920798,38.674948717458946,275.5748455183487,193.30676033953708
2023-02-19 20:00:00,324.77849403288735,0.0,40.62861623775321,284.14987779513416,199.31120061897144
2023-02-19 21:00:00,307.31336587398226,1.1049799088342955,22.97012724468151,283.23825872046643,198.51858197495
2023-02-19 22:00:00,262.7533136378007,0.44782826812932286,43.6653449183096,218.6401404513618,153.49370833049892
2023-02-19 23:00:00,246.09019899093724,2.7282808599476884,32.162230202265555,211.199687928724,148.2159694693284
2023-02-20 00:00:00,250.0075433439374,0.25044900529581454,26.138085858729866,223.61900847991174,156.79969577463143
2023-02-20 01:00:00,248.54761970646751,0.0,21.865990307490144,226.68162939897738,158.89580048235905
2023-02-20 02:00:00,272.4979671936079,0.24459500606456755,21.013605101432702,251.23976708611065,176.08286491141305
2023-02-20 03:00:00,259.9706272860754,1.0865960580727758,24.52116505947751,234.3628661685251,164.32094988972378
2023-02-20 04:00:00,269.056971075055,0.09772014065140866,29.692577423331905,239.2666735110717,167.78555163479655
2023-02-20 05:00:00,289.2962352937785,0.08118338240776476,50.99081818458837,238.2242337267824,167.26849545824172
2023-02-20 06:00:00,334.5447027483084,0.0,31.157707677214194,303.3869950710942,212.68247362653807
2023-02-20 07:00:00,338.6663919598512,10.71995290521366,36.78674593452008,291.1596931201174,204.39405170153168
2023-02-20 08:00:00,356.48749957204484,20.46540065803014,38.56859617642645,297.4535027375882,209.0124458912366
2023-02-20 09:00:00,376.8206588636811,36.40876745242962,36.413266574102614,303.9986248371489,213.89134540079382
2023-02-20 10:00:00,414.42018885401853,37.818154453621226,34.745197398567875,341.85683700182943,240.4036009643387
2023-02-20 11:00:00,396.5151977479033,43.569558310779485,25.80239497558187,327.14324446154194,230.12968623905073
2023-02-20 12:00:00,435.4774318114239,45.10440787212067,46.972165470609525,343.40085846869374,241.75241074023413
2023-02-20 13:00:00,421.6281858280194,46.745217460260186,49.82231823347891,325.0606501342803,228.9755826255362
2023-02-20 14:00:00,413.33851671769213,39.715981567819746,21.903475531394342,351.719059618478,247.21669611960493
2023-02-20 15:00:00,445.2662811159662,35.40509811140322,27.172516357284792,382.6886666472782,268.86189377889565
2023-02-20 16:00:00,379.20469149214176,21.92362995314179,33.12626234535978,324.1547991936402,227.67809465806457
2023-02-20 17:00:00,373.1654549506918,12.603743064763174,27.648442725094295,332.9132691608343,233.5678477011302
2023-02-20 18:00:00,340.68979636493856,0.0,39.412469512022746,301.2773268529158,211.2882534921613
2023-02-20 19:00:00,352.7576709022394,4.290298255546777,29.538567465122924,318.9288051815697,223.63135526686096
2023-02-20 20:00:00,343.1030517407704,0.0,52.68519362682865,290.41785811394175,203.8193526160275
2023-02-20 21:00:00,323.5195830652665,0.619641420454055,44.8891338391246,278.0108078056878,195.0688496307818
2023-02-20 22:00:00,300.2614301464632,1.267553761864197,37.06533732943355,261.92853905516546,183.74598178714743
2023-02-20 23:00:00,266.22440202450235,0.8275981949029965,43.580635190933684,221.81616863866566,155.72367636287336
2023-02-21 00:00:00,256.2621117880656,0.0,40.030424610471385,216.23168717759424,151.76248527042068
2023-02-21 01:00:00,233.94724596612778,0.0,26.671641311146963,207.2756046549808,145.35963967159805
2023-02-21 02:00:00,292.2788294781402,0.0876229439582192,24.65348325927719,267.5377232749048,187.5246935839053
2023-02-21 03:00:00,276.76743142301075,0.0,31.80836571937009,244.95906570364065,171.78942964974215
2023-02-21 04:00:00,275.0668964855727,1.9277582335898193,38.076310211596464,235.06282804038645,164.96329789505828
2023-02-21 05:00:00,318.9356458883433,4.421046003182703,32.29570440484025,282.2188954803203,197.96460480033628
2023-02-21 06:00:00,303.71780119393713,0.0,18.567249358084933,285.1505518358522,199.79105877867738
2023-02-21 07:00:00,345.1141230668789,9.348392025504022,24.76062566400617,311.0051053773687,218.13814786130823
2023-02-21 08:00:00,357.13087914737787,23.175654786328302,30.591438306857885,303.3637860541917,213.1240777167293
2023-02-21 09:00:00,388.59494965174326,38.1844433311959,30.57789638100627,319.8326099395411,224.95229478811274
2023-02-21 10:00:00,394.62973196067077,38.83988043893925,46.96355862993138,308.8262928918001,217.42483821933817
2023-02-21 11:00:00,386.5329064896255,48.39125625143758,20.095317676420926,318.046332561767,223.80121109502983
2023-02-21 12:00:00,417.42250424671477,50.059839394214514,35.227935150299906,332.13472970220033,233.8477869309275
2023-02-21 13:00:00,434.7477546816692,44.005846157133455,43.09612608223922,347.64578244229654,244.6631258935726
2023-02-21 14:00:00,415.85061256885444,41.585195733249265,49.35481917899528,324.91059765660987,228.76267046608183
2023-02-21 15:00:00,419.9235516801302,36.28181790214435,27.94804183014122,355.6936919478446,249.99070113983552
2023-02-21 16:00:00,379.90039276335176,22.593963401055838,35.11465683737451,322.1917725249214,226.33726660383982
2023-02-21 17:00:00,378.620880654491,,35.74130407320209,331.1987393168314,232.43014730780314
2023-02-21 18:00:00,350.35265933541183,0.0,32.74707506803924,317.6055842673726,222.65137973784118
2023-02-21 19:00:00,350.2195051551094,0.0,30.392459605698463,319.82704554941097,224.18285648064466
2023-02-21 20:00:00,318.78164237926705,0.0,34.671024331613275,284.11061804765376,199.22414287667374
2023-02-21 21:00:00,309.36589769858796,0.0,10.925252533855428,298.44064516473253,209.01770414065132
2023-02-21 22:00:00,298.761906450983,0.06816693651845214,36.63977713611396,262.0539623783506,183.80553477493694
2023-02-21 23:00:00,280.1070388776045,0.0,32.192644444908645,247.91439443269587,173.86200254733617
2023-02-22 00:00:00,266.36999324911807,0.4675718235814954,26.084945910149653,239.81747551538692,168.14243375634396
2023-02-22 01:00:00,244.57409896016776,0.0,44.23964265013224,200.33445631003553,140.67651584352618
2023-02-22 02:00:00,262.2314250747099,0.6617604644289141,22.46527293405136,239.1043916762296,167.6109621119898
2023-02-22 03:00:00,262.2688945048463,1.6670579232178493,24.64013717185553,235.9616994097729,165.45293211702395
2023-02-22 04:00:00,277.81778099235163,0.0,43.79717150201365,234.020609490338,164.2523983582567
2023-02-22 05:00:00,293.9292705765851,0.7481131396951443,21.208254645576922,271.97290279131306,190.60807676316878
2023-02-22 06:00:00,304.14287560790353,2.4553379849465844,23.463822820883465,278.22371480207346,195.04034534935917
2023-02-22 07:00:00,310.187204000829,9.710061535352441,26.688541696928976,273.7886007685476,192.11310718565963
2023-02-22 08:00:00,350.23066072112397,26.77723719935123,34.59062094141217,288.86280258036055,203.08541275965354
2023-02-22 09:00:00,382.44797461670123,33.976020921902716,29.527165143202282,318.9447885515962,224.23614405598744
2023-02-22 10:00:00,375.8931696513503,39.17555089740357,17.523742307157676,319.1938764467891,224.394461953772
2023-02-22 11:00:00,409.06454868766826,45.15578832059007,23.60739657935826,340.30136378771994,239.35014438360932
2023-02-22 12:00:00,445.32537530562877,47.980838676395095,,374.33862701055557,263.22671477710355
2023-02-22 13:00:00,434.8931311666224,45.41933725873031,,362.2268171853007,254.739628542111
2023-02-22 14:00:00,441.47447157777225,41.663086593813134,31.27149435341441,368.53989063054473,259.1239001167917
2023-02-22 15:00:00,414.69623329458483,31.2966357170119,31.210391131479554,352.1892064460934,247.4704811379204
2023-02-22 16:00:00,413.62847267755933,,13.65665105198856,376.2010075518228,263.95268807827074
2023-02-22 17:00:00,368.68781188082204,9.301914578924906,36.376272984862624,323.00962431703454,226.65653804335128
2023-02-22 18:00:00,350.5877024407108,0.0,29.885295852348765,320.70240658836207,224.79053757037693
2023-02-22 19:00:00,298.46017974577677,0.0,38.94100146512703,259.5191782806497,182.05283481110607
2023-02-22 20:00:00,336.6339413402717,0.0,31.418331702701153,305.21560963757054,213.9651100633264
2023-02-22 21:00:00,322.65214253513716,2.4721863504208748,36.675328746261876,283.5046274384544,198.86943622138912
2023-02-22 22:00:00,274.68108166270605,2.182620241188538,31.597107575976793,240.9013538455407,168.990571172462
2023-02-22 23:00:00,266.45597493912527,1.218276241814354,38.63455113399776,226.60314756331314,159.03291433049543
2023-02-23 00:00:00,251.48605660024396,0.0,29.912157343714927,221.57389925652902,155.40085105300747
2023-02-23 01:00:00,265.8078576808962,0.0,24.950830284029465,240.85702739686673,168.849427480647
2023-02-23 02:00:00,279.667976485157,2.4261953999583667,43.91363001914775,233.32815106605088,163.81736595442626
2023-02-23 03:00:00,244.64444249776315,0.2834338272798095,32.84644923381184,211.5145594366715,148.39432477455375
2023-02-23 04:00:00,289.6410898734438,4.638659079963388,30.324107623608004,254.67832316987239,178.670840476746
2023-02-23 05:00:00,295.91797783294663,0.7866356787887437,15.523716923266011,279.60762523089187,195.89630754443274
2023-02-23 06:00:00,321.0634466800325,0.3840982329800632,15.427691315864397,305.25165713118804,213.83811886964986
2023-02-23 07:00:00,346.9529644338482,11.551546324538522,28.075876112707526,307.32554199660217,215.63966908523935
2023-02-23 08:00:00,357.95054143534315,23.777289970874634,26.898321837718626,307.2749296267499,215.8369797565196
2023-02-23 09:00:00,378.5142516076471,32.94351556317824,20.82117173550617,324.7495643089627,228.1917770448925
2023-02-23 10:00:00,393.428469390338,42.1370923852867,26.86201385246918,324.42936315258214,228.21191619303792
2023-02-23 11:00:00,423.9048297383131,47.331639122472026,38.443167679921466,338.13002293591956,238.02208051439234
2023-02-23 12:00:00,423.6235199137717,45.448437401604245,31.29737205197509,346.87771046019236,244.03633979068647
2023-02-23 13:00:00,423.37680747479425,42.755768581767306,16.60608417755079,364.01495471547616,255.83164451424415
2023-02-23 14:00:00,398.27784469547504,37.048464285702934,24.84208163842915,336.38729877134296,236.4604992420384
2023-02-23 15:00:00,403.6713905632916,34.264437889764416,19.294420408752213,350.112532264775,245.9570055472253
2023-02-23 16:00:00,410.11663430874523,21.30347494896232,22.63255292430421,366.1806064354787,256.9788195330574
2023-02-23 17:00:00,380.6335030055927,7.863998067038574,22.42522693053556,350.34427800801853,245.62252683625908
2023-02-23 18:00:00,370.6665500607726,0.777157209061934,21.912987594740656,347.97640525697,243.81815670000762
2023-02-23 19:00:00,366.56573141364834,4.985999034865581,15.69306927978554,345.8866630989972,242.37731484279317
2023-02-23 20:00:00,334.94162183866445,0.0,24.71291480342718,310.2287070352373,217.40722407270036
2023-02-23 21:00:00,301.46542947422995,1.6769815489032838,21.24929116079422,278.53915676453244,195.22344227775872
2023-02-23 22:00:00,275.83467436087415,0.16365871709513002,2.2985627355545546,273.3724529082245,191.38697583745457
2023-02-23 23:00:00,232.4827781651403,0.0,42.157928451586,190.3248497135543,133.64897408400387
2023-02-24 00:00:00,260.7771130101498,1.8381529659755371,33.710157233733376,225.22880281044087,158.03402659896545
2023-02-24 01:00:00,255.68676551311535,0.0,21.98959420060003,233.6971713125153,163.80791586076668
2023-02-24 02:00:00,269.15837976317323,0.5347846281438059,25.150552397924788,243.47304273710463,170.69333113251537
2023-02-24 03:00:00,268.98634224299263,0.6433956123920272,15.626765221459506,252.7161814091411,177.07046255086118
2023-02-24 04:00:00,279.2026345638924,0.0,38.565783022486926,240.63685154140546,168.83145390920868
2023-02-24 05:00:00,273.8859689927598,1.9840846990730456,40.17830955818489,231.72357473550184,162.6479671044146
2023-02-24 06:00:00,305.7719119049154,0.0,26.253549825972197,279.5183620789432,195.92538895351996
2023-02-24 07:00:00,347.72671856237645,10.697802724337786,33.188245153482754,303.8406706845559,213.2343079852107
2023-02-24 08:00:00,387.0210910255601,24.65956262969601,26.40229423147139,335.9592341643927,235.9286781099835
2023-02-24 09:00:00,379.11407219418373,31.559472955274902,14.306196488992555,333.2484027499163,234.0481333489368
2023-02-24 10:00:00,402.06266154890375,40.909453066149005,21.70541304829074,339.447795434464,238.64869999593066
2023-02-24 11:00:00,424.1461576074152,45.547463968892046,26.055423734175655,352.54326990434754,247.95179244976288
2023-02-24 12:00:00,405.6876100104897,49.344877016773566,21.363618250052447,334.9791147436637,235.68591404340054
2023-02-24 13:00:00,426.0791635996497,46.51509842794036,23.25077378051971,356.31329139118964,250.58211368019676
2023-02-24 14:00:00,406.7436674585111,40.803036833920466,24.268803539927085,341.6718270846635,240.22902773134211
2023-02-24 15:00:00,422.8313518304883,34.99194151725756,24.35297201707631,363.48643829615446,255.38387535782402
2023-02-24 16:00:00,399.4165411645679,26.36695804058983,25.418067923979866,347.6315151999982,244.12358048005032
2023-02-24 17:00:00,385.0537301600897,13.324913656027213,16.515159468827193,355.21365703523526,249.0812097924735
2023-02-24 18:00:00,349.5434975972909,0.02070523968676699,19.26387080697651,330.25892155062763,231.3742978983028
2023-02-24 19:00:00,351.1824383445298,0.0,14.723325874400246,336.4591124701296,235.66861198783468
2023-02-24 20:00:00,351.1421231606316,0.0,32.8225243974896,318.31959876314204,223.1519443781743
2023-02-24 21:00:00,285.458277518945,0.0,8.154824465277404,277.3034530536676,194.19396538222009
2023-02-24 22:00:00,278.9120253407314,0.0,34.228722746535404,244.68330259419602,171.62059904340256
2023-02-24 23:00:00,274.7690327601344,0.0,36.090795178102745,238.67823758203164,167.43567425920318
2023-02-25 00:00:00,275.5958547419325,0.11329984979421433,23.316707559711723,252.16584733242655,176.75152620529158
2023-02-25 01:00:00,252.68063338577866,1.0593855087134616,4.909055552954307,246.7121923241109,172.76881289258145
2023-02-25 02:00:00,221.30430720985413,0.0,22.84366775983437,198.46063945001976,139.15088429261218
2023-02-25 03:00:00,292.179637774826,0.9730032876524038,25.22067896526214,265.9859555219115,
2023-02-25 04:00:00,295.91287696395904,0.12894882962024048,17.64936649614139,278.1345616381974,194.873265788292
2023-02-25 05:00:00,274.9296147078207,0.0,21.612405105106753,253.31720960271394,177.5381707729508
2023-02-25 06:00:00,311.2547721802257,0.0,37.97571384647951,273.2790583337462,191.67509797208712
2023-02-25 07:00:00,364.5965641080306,11.959698123642607,31.053569553986623,321.58329643040133,225.65803715929363
2023-02-25 08:00:00,383.4962975501903,21.241684664085888,18.337639340547895,343.9169735455565,241.35009156857674
2023-02-25 09:00:00,395.1534280053049,34.6616694229099,12.953358898809238,347.53839968358574,244.0996467559563
2023-02-25 10:00:00,395.0006836506466,44.043684253740324,23.118013714694527,327.8389856822117,230.59934379976994
2023-02-25 11:00:00,411.6006712500634,48.147208901397974,24.02649802076919,339.42696432789626,238.802084187763
2023-02-25 12:00:00,416.3840066913542,46.89526255767579,29.703745754479225,339.7849983791992,239.0844415741377
2023-02-25 13:00:00,437.9974244141533,48.69113747170324,21.451618555031423,367.8546683874186,258.68660680617734
2023-02-25 14:00:00,405.2102576708195,41.279517503457164,29.826148858467587,334.1045913088947,234.9970657548801
2023-02-25 15:00:00,398.26886514461273,32.78764002068142,41.21538457605453,324.2658405478768,228.0539950296879
2023-02-25 16:00:00,412.7964889625847,,32.2581604351268,358.10405970477166,251.44410877414515
2023-02-25 17:00:00,380.4084058324473,11.642933862109595,25.349444196926516,343.41602777341114,240.87757256059925
2023-02-25 18:00:00,382.45636160512953,0.0,24.26894848714634,358.18741311798317,250.97387866745967
2023-02-25 19:00:00,331.0011445604125,0.3408324447509754,22.880767182133724,307.7795449335278,215.68130577418583
2023-02-25 20:00:00,319.54662865183667,0.3211479620997292,35.17927955518985,284.0462011345471,199.19055654897687
2023-02-25 21:00:00,287.23763289246136,0.006092040306828939,20.71564468796227,266.51589616419227,186.76840560262033
2023-02-25 22:00:00,284.6157253915504,0.8738763394926997,26.095933927572556,257.64591512448516,180.63057745320518
2023-02-25 23:00:00,249.61359130738364,2.3812925495726827,26.14373547062138,221.08856328718957,155.07105750673037
2023-02-26 00:00:00,256.96996390084047,1.8991082708826474,23.85047154188351,231.2203840880743,162.1307557424885
2023-02-26 01:00:00,240.01472334436866,0.0,16.88502070130296,223.1297026430657,156.35964205715902
2023-02-26 02:00:00,274.6933137130338,0.0,30.448541113317113,244.24477259971667,171.27582623093483
2023-02-26 03:00:00,283.02533911193007,1.8686398224785474,27.376713309532697,253.77998597991882,177.95713011548807
2023-02-26 04:00:00,259.03604786610146,0.0,31.866668839868325,227.16937902623312,159.33723200676184
2023-02-26 05:00:00,321.566817500799,0.0,23.59594263286243,297.9708748679366,208.81557183388423
2023-02-26 06:00:00,358.31423460638655,0.0,37.63131547488015,320.6829191315064,224.85435654680327
2023-02-26 07:00:00,342.24862711933554,8.681547520927122,20.850554834681006,312.7165247637274,219.28370383337455
2023-02-26 08:00:00,352.64734102312235,24.81670515415313,41.561067356518905,286.2695685124503,201.30064273536345
2023-02-26 09:00:00,423.9234901833361,35.082943455529445,13.883653005749673,374.95689372205703,263.310321004608
2023-02-26 10:00:00,378.3425463386766,39.95509149068511,31.342905600830896,307.0445492471606,216.04371535883445
2023-02-26 11:00:00,411.14216062408195,40.6680569467215,31.668190544588754,338.8059131327717,238.2941822373205
2023-02-26 12:00:00,421.52693151089466,46.37507049898215,21.500288540848707,353.6515724710638,248.69860502513276
2023-02-26 13:00:00,441.7357456250766,46.633749541816414,31.259896587263867,363.8420994959963,255.93474360390636
2023-02-26 14:00:00,424.22868204831764,38.1502891545903,38.10089444245703,347.9774984512703,244.7282636434056
2023-02-26 15:00:00,403.3610551842187,33.93135297448247,10.13019436954325,359.299507840193,252.28958449132014
2023-02-26 16:00:00,383.8593082573949,23.703159999397563,31.886703544302282,328.26944471369507,230.58154153501752
2023-02-26 17:00:00,376.4312040145984,13.444091395289352,7.918578521735146,355.0685340975739,248.89604148142485
2023-02-26 18:00:00,347.16014451231496,0.23916073682831232,20.139426656190103,326.78155711929656,228.95326746480603
2023-02-26 19:00:00,342.27591111506064,0.0,40.89807600358333,301.37783511147734,211.37346533806996
2023-02-26 20:00:00,312.3900650121814,2.3931430033289827,23.210488817239334,286.7864331916131,201.03047098236814
2023-02-26 21:00:00,279.1479644189442,0.0,18.473705369103985,260.6742590498402,182.65671838857918
2023-02-26 22:00:00,303.8171756489902,0.0,26.28124325249831,277.5359323964919,194.53796511006928
2023-02-26 23:00:00,264.81141116409975,0.0,44.40799578968418,220.40341537441557,
2023-02-27 00:00:00,245.73480210396878,0.0,16.529763237964687,229.2050388660041,160.60882483858248
2023-02-27 01:00:00,259.5070332644108,0.0,22.77274192249814,236.73429134191264,165.9417313585638
2023-02-27 02:00:00,265.78242766811337,0.0,43.16267468104991,222.61975298706346,156.26545383775493
2023-02-27 03:00:00,246.5518870952833,3.423416960284687,46.044839963914754,197.08363017108385,138.4874578586035
2023-02-27 04:00:00,290.4370927936866,0.0,30.355771421290626,260.08132137239596,182.36048267489005
2023-02-27 05:00:00,286.32355675136995,0.0,21.270799595399758,265.0527571559702,185.7496380051331
2023-02-27 06:00:00,346.9908288113841,2.942340654987217,47.94996923008617,296.0985189263107,207.8073097538181
2023-02-27 07:00:00,349.89032796287495,11.90354001991328,43.93876034960647,294.0480275933552,206.51107771924293
2023-02-27 08:00:00,356.73794403828583,22.466492564938747,36.61479711771076,297.6566543556363,209.17513587142128
2023-02-27 09:00:00,370.8534037269637,35.744651341536766,24.684002424113537,310.42474996131335,218.2590580239912
2023-02-27 10:00:00,397.02494716319336,40.01961146550507,30.7909864889086,326.2143492087797,229.45834654034496
2023-02-27 11:00:00,420.5048137082283,49.6390487680555,29.90034056725425,340.96542437291856,239.96758144207664
2023-02-27 12:00:00,418.9225744560714,48.96512782719571,33.83003165253752,336.1274149763382,236.606793356506
2023-02-27 13:00:00,418.77353817467105,45.01120652467022,42.79123272066359,330.97109892933724,233.00790570823608
2023-02-27 14:00:00,420.1805407471178,45.54545897150982,38.21855754471212,336.41652423089585,236.78466171650442
2023-02-27 15:00:00,402.2550686159247,32.453412120737944,22.56421259973483,347.2374438954519,243.94092109522845
2023-02-27 16:00:00,393.4513738740022,25.288828786277197,42.1951928157692,325.96735227195575,229.10487509425224
2023-02-27 17:00:00,350.7440336981489,12.920772535030009,33.68827833571814,304.13498282740073,213.4897862132383
2023-02-27 18:00:00,377.3423373527111,2.603482578797602,36.679747582484225,338.0591071914293,237.06024216140128
2023-02-27 19:00:00,346.51288698655037,3.1230223934537054,42.91554808984172,300.47431650325495,210.82363748104595
2023-02-27 20:00:00,309.7235590130208,0.06400829813153325,22.290579219504487,287.3689714953848,201.38246600492704
2023-02-27 21:00:00,330.5119450020525,0.0,30.896616585961194,299.61532841609136,210.03969605712354
2023-02-27 22:00:00,286.7676249926859,0.9199442858782328,26.931584804739174,258.9160959020685,181.52898186521287
2023-02-27 23:00:00,257.2067343993409,0.0,18.640345812689247,238.56638858665167,167.18287546878307
2023-02-28 00:00:00,278.06784979530784,4.026774495053246,38.13842490521512,235.90265039503947,165.59377501548084
2023-02-28 01:00:00,268.4615778240153,0.2730706621654749,55.45719749705114,212.7313096647987,149.4719501535729
2023-02-28 02:00:00,271.13548825551425,0.0,20.64412312832973,250.4913651271845,175.55039682031244
2023-02-28 03:00:00,266.82248820384746,0.3693606117298168,35.10650019597999,231.34662739613765,162.30109139149073
2023-02-28 04:00:00,292.67974793812306,0.0,40.48908856497394,252.19065937314912,176.9383524468541
2023-02-28 05:00:00,298.56448022305995,0.0,36.349370697625204,262.21510952543474,183.91407037478055
2023-02-28 06:00:00,330.1244527428624,2.4008278158888507,34.45972066424983,293.2639042627237,205.67734674686687
2023-02-28 07:00:00,313.9166877662168,11.044110742759777,24.971014176809163,277.90156284664783,195.00168634927675
2023-02-28 08:00:00,356.68827623989023,21.779806221092574,37.227039027897064,297.6814309909006,209.18486820833124
2023-02-28 09:00:00,408.3231810434993,34.83571426939388,29.310633268248345,344.1768335058571,241.9136040721703
2023-02-28 10:00:00,387.55338524029565,43.72174528927701,17.84537144454733,325.98626850647133,229.24327657476093
2023-02-28 11:00:00,402.71531241673364,47.558214686372025,44.9214828484856,310.235614881876,218.5653095395255
2023-02-28 12:00:00,413.04550060275227,49.73935174452455,43.03183164311209,320.2743172151156,225.6171274019025
2023-02-28 13:00:00,404.2687625380467,44.60671788790297,35.778032899184396,323.8840117509593,227.96872291242138
2023-02-28 14:00:00,386.6407090360781,38.506715646467335,37.19734259002138,310.93665079958936,218.7977632985421
2023-02-28 15:00:00,408.3140909012773,36.765076068250295,43.95928918610025,327.5897256469268,230.48770236607476
2023-02-28 16:00:00,401.09728843252503,23.22826850877218,37.15946233860041,340.7095575851524,239.33285030316813
2023-02-28 17:00:00,381.70327854829657,11.856233267792488,42.59688552246627,327.2501597580378,229.73820535120694
2023-02-28 18:00:00,361.02319975535977,2.6563882836981216,32.98488747738495,325.3819239942767,228.15032343644148
2023-02-28 19:00:00,343.1364676391322,1.1124600188013198,45.86061499296733,296.1633926273636,207.79523018946017
2023-02-28 20:00:00,337.12795304143623,0.9117755441632153,37.931030891837224,298.2851466054358,209.1971484436067
2023-02-28 21:00:00,299.63416178743813,4.330004689802168,36.91716063322275,258.3869964644132,181.3266692252175
2023-02-28 22:00:00,277.31107342514355,0.0,25.2042563746795,252.10681705046406,176.72681449907162
2023-02-28 23:00:00,268.9919400003,1.8556802561624743,37.66039191878942,229.47586782534813,161.04682500205485
2023-03-01 00:00:00,274.35433320701634,0.114026249794169,33.34436066004437,240.8959462971778,168.96288653962077
2023-03-01 01:00:00,284.1186010919389,0.5371845577265139,34.89373818777203,248.68767834644035,174.4410559155405
2023-03-01 02:00:00,256.241975723127,3.0569368528250633,33.476994973471015,219.7080438968309,154.19153941457284
2023-03-01 03:00:00,275.1401724164683,1.0156715125792475,31.470120544806186,242.6543803590829,170.19308088705768
2023-03-01 04:00:00,291.4450170479057,1.076592158099266,56.998171224135675,233.37025366567076,163.95069112137287
2023-03-01 05:00:00,288.0495278128578,2.1450146746196044,50.650712495907214,235.25380064233096,165.22706786808314
2023-03-01 06:00:00,322.53893181378226,0.0,55.362940017154074,267.1759917966282,187.57682365781125
2023-03-01 07:00:00,320.9530900536587,10.714214258651275,30.216839843555476,280.0220359514519,196.53187784962492
2023-03-01 08:00:00,337.1079669659008,21.85111129902645,40.57002999928712,274.68682566758724,193.12350049328444
2023-03-01 09:00:00,388.439394032174,29.924591437808473,29.65193899836722,328.8628635959983,231.09901573593865
2023-03-01 10:00:00,393.7486192887522,45.57897444815587,34.434440982423475,313.73520385817284,220.87056659950832
2023-03-01 11:00:00,415.2544363308635,44.0435214784464,32.65498413266739,338.5559307197497,238.19657177472038
2023-03-01 12:00:00,419.9438393617903,47.438952126965496,49.91667205153248,322.58821518329233,227.25969639135926
2023-03-01 13:00:00,408.2921971838332,45.69631161011193,36.83016257518591,325.76572299853535,229.31823395692882
2023-03-01 14:00:00,419.5334494874505,42.08137358389342,48.54703466955212,328.905041234005,231.5606266821769
2023-03-01 15:00:00,393.72371064132244,35.48877904163908,44.83296711670813,313.40196448297525,220.53948039008253
2023-03-01 16:00:00,420.37132577873496,25.661676663788008,58.429110016838294,336.28053909810865,236.4939020021202
2023-03-01 17:00:00,362.5986427408907,11.226478716191425,28.164446214882194,323.20771780981704,226.75157650334458
2023-03-01 18:00:00,360.70694245746313,0.0,50.07386591829437,310.63307653916877,217.94389223660107
2023-03-01 19:00:00,327.3041240930814,0.5651599009765993,49.17152696320581,277.567437228899,194.80022452788089
2023-03-01 20:00:00,330.78899190600043,0.0,32.21296929578371,298.57602261021674,209.32534552010955
2023-03-01 21:00:00,297.9667273445676,3.2146911520399852,48.057066691785266,246.69496950074233,173.2313431404783
2023-03-01 22:00:00,278.58965462454825,0.9819499032765027,42.689159704209814,234.91854501706194,164.88951210705096
2023-03-01 23:00:00,286.4541887868084,1.469755572099635,38.180189920372726,246.80424329433603,173.17416731668092
2023-03-02 00:00:00,266.54021050851765,1.3257625373348254,38.04377101984823,227.1706769513346,159.42642682687938
2023-03-02 01:00:00,271.1224844255193,2.34694771497065,38.882379304030735,229.8931574065179,161.36097293190224
2023-03-02 02:00:00,251.3788625855924,0.3620431174074139,61.03375168191163,189.98306778627335,133.60572582955862
2023-03-02 03:00:00,253.01853127481215,0.0,44.640717467284084,208.37781380752807,146.31087683994247
2023-03-02 04:00:00,288.41239467215803,0.7993759035052832,50.892294927875895,236.72072384077686,166.22941715589266
2023-03-02 05:00:00,298.59012240405883,0.0,38.3080598622838,260.282062541775,182.58052437786532
2023-03-02 06:00:00,332.06381421508735,0.0,38.39643134585111,293.66738286923623,205.95113232192386
2023-03-02 07:00:00,342.17419094654156,13.599107997086827,53.29113338962376,275.28394955983094,193.50365818571962
2023-03-02 08:00:00,367.1544714332009,26.48248880333924,33.83864522321197,306.8333374066497,215.6513724129537
2023-03-02 09:00:00,359.0220797873612,33.99204455719119,41.31354477238205,283.7164904577879,199.69451965931918
2023-03-02 10:00:00,428.2679143256175,42.19714375570442,44.90747420420208,341.16329636571095,240.10732507315373
2023-03-02 11:00:00,410.1912202637544,49.78031125256619,45.526235730344645,314.8846732808436,221.87013987894525
2023-03-02 12:00:00,431.1106883946932,48.49335167992108,43.20250863549497,339.4148280792772,238.9922717754474
2023-03-02 13:00:00,410.8314426831854,51.57924759165651,47.80181316439161,311.4503819271373,219.52487043247316
2023-03-02 14:00:00,425.2670323728654,42.710497021769584,50.17810096216672,332.3784343889291,234.02089502230743
2023-03-02 15:00:00,393.11217858636377,30.42797588540744,50.512355279298866,312.17184742165745,219.63397626566135
2023-03-02 16:00:00,406.72237780529866,25.512605902681035,36.74882444628161,344.46094745633604,242.00040358195167
2023-03-02 17:00:00,378.03320647069233,13.188696729342208,42.36201413219385,322.4824956091563,226.42514100231816
2023-03-02 18:00:00,364.516198903715,2.579505508165497,54.193357810639725,307.7433355849098,216.01385859770656
2023-03-02 19:00:00,353.84242818843126,1.3463627025399167,51.7924324162152,300.70363306967613,211.03739472698624
2023-03-02 20:00:00,304.17918945997394,0.0,33.65237930377571,270.5268101561982,189.7052909023765
2023-03-02 21:00:00,293.10544177728787,0.0,47.44709411844184,245.65834765884603,172.43531430237664
2023-03-02 22:00:00,293.6641394578576,0.0,28.80945292062574,264.8546865372318,185.68637510526852
2023-03-02 23:00:00,305.564107551926,0.0,45.01073413210718,260.5533734198188,182.8374687351942
2023-03-03 00:00:00,264.4492841341645,0.0,63.9989149183549,200.4503692158096,140.95524760025026
2023-03-03 01:00:00,272.66162702607113,1.1771568088412192,41.233637046235195,230.25083317099472,161.61146272633547
2023-03-03 02:00:00,264.9159471062095,3.3398090087028125,42.14219442045442,219.43394367705227,154.09197869831516
2023-03-03 03:00:00,303.64623687580155,0.7893430596459622,54.92901703696996,247.92787677918562,174.11459077699254
2023-03-03 04:00:00,261.0177177578095,0.0,36.47436666270991,224.5433510950996,157.54508943319684
2023-03-03 05:00:00,305.2139009272525,0.8892053364402814,43.75473854530677,260.5699570455054,182.85430142403564
2023-03-03 06:00:00,298.70590114557956,2.393262973291302,53.588307885041104,242.72433028724714,170.49077953938922
2023-03-03 07:00:00,306.1960116991614,11.239562591029234,43.742492002871856,251.21395710526028,176.5119861455315
2023-03-03 08:00:00,368.96203966218104,23.80115345523598,46.92901888669931,298.2318673202458,209.70762038214374
2023-03-03 09:00:00,385.88705219942403,34.06834819537568,54.770264466907356,297.048439537141,209.16297728457528
2023-03-03 10:00:00,396.0905736860029,40.11925952057562,52.18914745267957,303.78216671274777,213.97179336386174
2023-03-03 11:00:00,411.4837062093709,47.794661073273005,50.951325954750295,312.7377191813476,220.38180990795627
2023-03-03 12:00:00,467.5431428714064,47.896479279948075,46.10380055022677,373.54286304123156,262.8989717199633
2023-03-03 13:00:00,419.9219581867406,47.33716509339934,51.77726770653872,320.8075253868025,226.02978374969513
2023-03-03 14:00:00,428.7205167790887,39.91407179113591,47.82691734358903,340.97952764436377,239.96221996031323
2023-03-03 15:00:00,403.33614526575906,33.16405520527047,52.47922366379336,317.6928663966952,223.57307981842996
2023-03-03 16:00:00,404.79161637774496,25.513950504237357,44.84132258344326,334.4363432900643,235.0641325389642
2023-03-03 17:00:00,380.22108013137785,11.713462095484479,47.35622698935075,321.1513910465426,225.51380524438298
2023-03-03 18:00:00,358.3423316244679,3.453927702466816,40.89711644397097,313.9912874780301,220.2719509531101
2023-03-03 19:00:00,371.07806324021703,0.0,48.536717904337195,322.54134533587984,226.26430891415924
2023-03-03 20:00:00,340.74683609677555,0.44936945150377183,42.328771875356324,297.9686947699155,209.0103614467245
2023-03-03 21:00:00,305.8457849682006,1.8651816637461798,39.90440718309114,264.07619612136324,185.2896849900601
2023-03-03 22:00:00,252.66286372312888,0.0,50.88606796723019,201.7767957558987,141.75261770880138
2023-03-03 23:00:00,269.0974146056685,0.0,50.51869699124836,218.57871761442016,153.51028930000658
2023-03-04 00:00:00,307.47472286011896,0.0,58.3982447952128,249.07647806490615,174.93751709338645
2023-03-04 01:00:00,260.74345049757255,2.525168206854364,48.686250359023425,209.53203193169475,147.20978821991363
2023-03-04 02:00:00,283.4775729748476,0.0,55.39967769031826,228.07789528452932,160.20852347607368
2023-03-04 03:00:00,296.5504792237021,5.1163985713365046,56.54163549381352,234.89244515855208,165.0924559373513
2023-03-04 04:00:00,290.91929174008396,0.0,55.69344537827698,235.225846361807,
2023-03-04 05:00:00,291.5760510191459,0.36910260639407394,45.53002545320708,245.67692295954475,172.43652837834128
2023-03-04 06:00:00,286.9681669122232,3.0842199051357513,53.33016277379373,230.5537842332937,161.98263498914622
2023-03-04 07:00:00,354.4658236263025,16.50305498585204,55.04837728406151,282.91439135638893,198.9206188220299
2023-03-04 08:00:00,352.6875590630166,28.253513477848013,52.192682650887754,272.2413629342808,191.65595115006238
2023-03-04 09:00:00,386.8456322754835,36.54242177233031,35.44343364865554,314.8597768544977,221.48712657008153
2023-03-04 10:00:00,382.0246128982515,43.84338801814934,53.41917190741206,284.7620529726901,200.7444965603202
2023-03-04 11:00:00,409.5068446928702,47.801612419080186,69.83550323080215,291.86972904298784,205.96319761078112
2023-03-04 12:00:00,421.9832274238094,49.817734801483724,49.25494076556836,322.91055185675737,227.52629040341552
2023-03-04 13:00:00,428.2322792128326,45.514187088020755,46.31063813278165,336.40745399203024,236.85860791750937
2023-03-04 14:00:00,404.7551087900074,40.158865199681806,55.1220433933154,309.4742001970102,217.98633787583393
2023-03-04 15:00:00,431.4390720313436,34.118940396322124,54.63428059935679,342.68585103566465,241.10881733888525
2023-03-04 16:00:00,391.8184962211124,23.790137079525362,61.67713623895553,306.35122290263155,215.53843013582215
2023-03-04 17:00:00,359.08633359036946,11.584413110879257,42.072309668353114,305.4296108111371,214.45313892669705
2023-03-04 18:00:00,363.27354780591793,1.3927748949134366,57.98629693622416,303.89447597478033,213.33385164960671
2023-03-04 19:00:00,344.7190051325651,1.9106104171410214,56.858631405635926,285.9497633097881,200.77163283925086
2023-03-04 20:00:00,325.90669338654294,0.1768137725836947,50.99808262009985,274.7317969938594,192.82577499735424
2023-03-04 21:00:00,324.63536155244435,2.9550601621105237,54.84475345899774,266.8355479313361,187.39243228976747
2023-03-04 22:00:00,284.0881004512065,0.0,60.370914768411076,223.71718568279545,157.2057391256409
2023-03-04 23:00:00,273.1270488288815,0.0,59.113777955851816,214.0132708730297,150.4004273906793
2023-03-05 00:00:00,250.77723550135556,0.0,45.12169324783747,205.6555422535181,144.41009650994104
2023-03-05 01:00:00,276.9073698662959,0.0,60.82711323847117,216.08025662782472,151.864450771862
2023-03-05 02:00:00,270.08963718102353,0.0,53.74833890416715,216.34129827685638,151.97639218284112
2023-03-05 03:00:00,269.0166191108099,0.0,54.84884052855142,214.1677785822585,150.46593341286646
2023-03-05 04:00:00,259.46040442607165,3.026899486484262,54.85142367244085,201.58208126714652,141.71650911345662
2023-03-05 05:00:00,326.26525024880374,1.261623369109555,53.06390383404122,271.93972304565295,190.91367763767965
2023-03-05 06:00:00,305.4783442479349,0.0,63.79950772128382,241.67883652665108,169.81318064586858
2023-03-05 07:00:00,335.72989718243184,16.22977811635542,53.596104065633604,265.9040150004428,186.99336710329342
2023-03-05 08:00:00,370.6797585973191,26.63192748949732,45.30947871736195,298.73835239045985,210.10258001028544
2023-03-05 09:00:00,366.6506983937271,35.3738236300682,51.117608896669466,280.1592658669895,197.33013866846068
2023-03-05 10:00:00,378.76496314410406,41.44509852079295,55.695405478911105,281.6244591444,198.52297742628497
2023-03-05 11:00:00,382.0218858852225,44.812342733371054,64.0995660188037,273.1099771330478,192.71422650798888
2023-03-05 12:00:00,432.6880877196874,47.635306644751125,59.09060522401796,325.96217585091836,229.71713528077802
2023-03-05 13:00:00,416.4212736520826,48.90871844622639,47.461565514450946,320.0509896914053,225.4884828080527
2023-03-05 14:00:00,465.78218481320283,45.66723933036184,74.14736707785843,345.96757840498253,243.83212334087358
2023-03-05 15:00:00,398.96577364126944,37.296115279675355,56.384050232251134,305.28560812934296,215.0096884984561
2023-03-05 16:00:00,387.3458444664674,23.212161254874065,64.46897364841942,299.6647095631739,210.8742296558034
2023-03-05 17:00:00,376.1181727686964,10.282358117109034,53.05213227580946,312.7836823757779,219.6847461481448
2023-03-05 18:00:00,368.95161075825644,0.2817724938224138,58.532721702070894,310.13711656236313,217.68694426055134
2023-03-05 19:00:00,337.5460172411978,0.0,60.98159578057454,276.56442146062324,194.204910980242
2023-03-05 20:00:00,333.07852692481345,0.6463354283695629,64.01140543846134,268.4207860579825,188.54759100353976
2023-03-05 21:00:00,289.9202414731476,0.0,62.7247941874531,227.1954472856945,159.6640610418607
2023-03-05 22:00:00,267.30664905109995,0.0,61.24342374501112,206.06322530608884,144.8566919517123
2023-03-05 23:00:00,248.34381392908574,0.0,51.74515389487443,196.59866003421132,138.13651356289665
2023-03-06 00:00:00,234.35386486042876,1.027200213139433,50.42603166435151,182.90063298293782,128.55524740896277
2023-03-06 01:00:00,257.2105081904863,0.0,57.66086008259358,199.5496481078927,140.26136227635084
2023-03-06 02:00:00,263.1927726935884,,62.46502457872855,200.72774811485982,141.13407392618913
2023-03-06 03:00:00,266.22795576760933,0.0,53.21823439378714,213.00972137382217,149.6389873056134
2023-03-06 04:00:00,307.06408794549577,0.0,63.52137572571509,243.5427122197807,171.11511231110364
2023-03-06 05:00:00,323.40199662673416,3.544503193339488,66.62093396388943,253.23655946950524,178.00269103215933
2023-03-06 06:00:00,319.253975062743,3.32251842909574,47.66943264741264,268.2620239862346,188.32656148542026
2023-03-06 07:00:00,318.0727267847327,11.637098104837838,48.30463436962976,258.1309943102651,181.4074843229786
2023-03-06 08:00:00,357.18649046998803,23.042807401668256,53.87699952875731,280.26668353956245,197.18630462101464
2023-03-06 09:00:00,375.98422257385624,35.22831218111698,57.46090134551357,283.2950090472257,199.58568159013544
2023-03-06 10:00:00,391.6930615433651,40.00066606129171,50.80346388986359,300.8889315922098,211.93030007467132
2023-03-06 11:00:00,403.79779222689353,47.445638086616256,65.81762143093715,290.5345327093401,204.98126187257975
2023-03-06 12:00:00,412.4536661498655,50.02662360155303,58.39253489214761,304.03450765616486,214.40861318026793
2023-03-06 13:00:00,419.18341924414574,49.29592073474594,55.315576385925915,314.5719221234739,221.7394196649859
2023-03-06 14:00:00,412.72249310350423,41.79712878670839,43.51272380905178,327.4126405077441,230.45991816924553
2023-03-06 15:00:00,417.38841341475114,33.88341616861302,44.47347346857994,339.03152377755816,238.44446970234875
2023-03-06 16:00:00,406.95561671610886,22.491266348878696,57.24807400225445,327.2162763649757,230.0736995224831
2023-03-06 17:00:00,371.3218671748748,10.897529909930677,37.93923499076131,322.4851022741828,226.33691454003414
2023-03-06 18:00:00,384.75304698091935,0.0,63.10109927715257,321.6519477037668,225.78737438540827
2023-03-06 19:00:00,330.28060895500295,0.7347310136323562,53.73476924502144,275.81110869634915,193.61981840016728
2023-03-06 20:00:00,300.00901066718046,1.8271692524664989,80.94474375675787,217.2370976579561,152.91195918318616
2023-03-06 21:00:00,310.69321455308796,0.0,73.46333000492888,237.22988454815908,166.79555248376064
2023-03-06 22:00:00,276.1518789714733,2.9853771379190435,53.548407446019866,219.6180943875344,154.32785768849266
2023-03-06 23:00:00,280.5188832412179,0.0,54.14930397974948,226.36957926146843,159.0001985228254
2023-03-07 00:00:00,232.0215955204984,0.0,62.230499856443544,169.79109566405486,119.47607196340283
2023-03-07 01:00:00,286.2375297623778,0.0,67.89122862377161,218.34630113860618,153.52132308326202
2023-03-07 02:00:00,278.1610256576124,0.0,41.161615284939174,236.99941037267325,166.31120341372068
2023-03-07 03:00:00,253.56151009993167,1.7680907927220995,39.97484402158981,211.81857528561977,148.7081129560042
2023-03-07 04:00:00,266.6004912875137,1.4736877941848667,49.28956929999225,215.8372341933366,151.6084333842192
2023-03-07 05:00:00,330.4346792015947,0.0,58.92774840981822,271.5069307917765,190.6441290383417
2023-03-07 06:00:00,313.5844684794608,0.13398143444974384,58.240836468488084,255.20965057652296,179.23184339693995
2023-03-07 07:00:00,332.83791790914245,13.611831747862045,62.824019384298104,256.4020667769823,180.38192357268778
2023-03-07 08:00:00,332.0654328360942,21.17751188224668,44.66826751750484,266.2196534363427,187.22399031825984
2023-03-07 09:00:00,380.0890175561085,33.31096625177571,35.73669684067629,311.0413544636565,218.7525344180018
2023-03-07 10:00:00,398.5034389125193,43.68187354375599,61.129961306844464,293.69160406191884,207.06905992728676
2023-03-07 11:00:00,425.36511939442914,44.44044607258365,47.64027756070543,333.2843957611401,234.6642887298568
2023-03-07 12:00:00,401.6385803204901,49.19232305637279,38.117944829318205,314.32831243479916,221.39484461378004
2023-03-07 13:00:00,402.5463887565227,44.235861309675336,55.42635771210236,302.884169734745,213.45789961763603
2023-03-07 14:00:00,429.3891962649044,43.0262041493794,60.61125325017672,325.7517388653483,229.49285382123313
2023-03-07 15:00:00,429.73367401129286,34.29778864187334,53.289390687457086,342.14649468196245,240.72139595708575
2023-03-07 16:00:00,378.35194786828737,21.072339964208744,50.60306065496739,306.6765472491112,215.6010604802117
2023-03-07 17:00:00,401.5734019346279,14.909432021368202,52.99094988726005,333.6730200259997,234.3992121574997
2023-03-07 18:00:00,366.6193418706358,0.0,51.30118564522104,315.3181562254148,221.23572121424255
2023-03-07 19:00:00,361.7277707262515,0.0,43.48147084890597,318.2462998773455,223.2072246226309
2023-03-07 20:00:00,323.5918616091659,0.4011383944618857,48.54840232850385,274.6423208862002,192.74313141151438
2023-03-07 21:00:00,267.5165218778125,2.2972746988574304,58.43608698453782,206.78316019441726,145.3785184999146
2023-03-07 22:00:00,286.5026374104674,0.0,56.83927607543931,229.6633613350281,161.33274569527404
2023-03-07 23:00:00,291.9708156174458,0.1233596996959433,55.610326192161864,236.23712972558798,165.92456126382712
2023-03-08 00:00:00,255.02614301988552,0.8576330006611459,44.1740670607972,209.9944429584272,147.45500340152023
2023-03-08 01:00:00,259.88692487565487,1.3862112145262881,50.6832296185389,207.81748404258968,146.00679535028868
2023-03-08 02:00:00,265.79033075287657,0.3528831105544504,34.7187345440814,230.71871309824073,161.8573441764204
2023-03-08 03:00:00,232.9316589084844,0.0,53.56306822670736,179.36859068177705,126.093644159511
2023-03-08 04:00:00,314.208070545905,0.0,63.56611657813278,250.64195396777222,176.0850289432219
2023-03-08 05:00:00,292.18576421080905,0.1722877660927495,40.342197859287396,251.67127858542892,176.57676274371497
2023-03-08 06:00:00,332.586907288157,0.0,47.447833529082196,285.13907375907485,200.0718299666432
2023-03-08 07:00:00,344.40588236704355,6.764871606653257,54.768109145305274,282.872901615085,198.69400965414562
2023-03-08 08:00:00,385.2762088628587,25.229079519705333,62.1579959910441,297.8891333521093,209.64855489678104
2023-03-08 09:00:00,391.79724124568787,36.252398513475526,48.54945798522304,306.9953847469893,216.10731187301425
2023-03-08 10:00:00,398.7510778313759,37.459895162554574,46.59725228149706,314.69393038732426,221.50092169719304
2023-03-08 11:00:00,401.58570532423255,45.03263999552574,36.38386977629557,320.1691955524112,225.38292838436132
2023-03-08 12:00:00,434.94822603312423,49.950228344790396,52.96275995008909,332.03523773824475,233.95329858316802
2023-03-08 13:00:00,397.6047798499474,51.16709234436902,68.4718632367742,277.9658242688042,196.28413746741808
2023-03-08 14:00:00,432.6688218165305,42.22734744898908,54.354122611341644,336.0873517561998,236.64923440443303
2023-03-08 15:00:00,398.5027604386987,32.988522948844874,51.95702308215453,313.55721440769935,220.66939077518796
2023-03-08 16:00:00,421.0591968335401,23.99016702918032,54.71191340176012,342.3571164025997,240.67690395642097
2023-03-08 17:00:00,388.1258925492071,15.357325411938856,52.04651888403542,320.7220482532328,225.33304547434207
2023-03-08 18:00:00,376.07377953522,0.0,45.631139937543196,330.4426395976768,231.7661591177492
2023-03-08 19:00:00,346.9362316166375,0.0,58.72149424104588,288.2147373755916,202.3375311053246
2023-03-08 20:00:00,298.7152193739501,0.0,53.94134710051827,244.77387227343183,171.88112406240745
2023-03-08 21:00:00,292.7954619583366,0.0,52.27616093109349,240.5193010272431,168.8862723283811
2023-03-08 22:00:00,299.22369697851366,0.24534063198959105,44.33232669739824,254.64602964912584,178.70045083400186
2023-03-08 23:00:00,278.9242043669093,3.249356916939121,62.56331837110231,213.11152907886787,149.8686906772573
2023-03-09 00:00:00,286.48934686229137,0.6461585462320582,54.13440074705199,231.7087875690073,162.75041847670025
2023-03-09 01:00:00,272.0976828313893,0.0,44.393412085448695,227.70427074594062,159.8369236430129
2023-03-09 02:00:00,254.2739699221664,0.0,56.831377613842605,197.4425923083238,138.77812839196508
2023-03-09 03:00:00,264.8255700172671,0.0,44.836212077305454,219.98935793996168,154.44091267874623
2023-03-09 04:00:00,291.0237827487565,1.766219554294318,42.560750844298816,246.69681235016338,173.14870054464322
2023-03-09 05:00:00,271.33790339583015,0.0,42.739153844544816,228.59874955128532,160.44651622434517
2023-03-09 06:00:00,350.4446690619749,0.0,34.64823035968238,315.7964387022925,221.40398939520156
2023-03-09 07:00:00,352.67476543149513,19.02035535308282,52.58911782773276,281.0652922506796,197.6520028608147
2023-03-09 08:00:00,385.1596069497665,25.00479047460613,34.16761975768031,325.98719671748006,229.03280970930496
2023-03-09 09:00:00,362.3395052736942,33.01353088367687,38.98922813426101,290.33674625575634,204.28588527804558
2023-03-09 10:00:00,421.2855842860844,41.421941909824355,32.212074711758845,347.65156766450116,244.50665695046487
2023-03-09 11:00:00,448.80308035400304,49.44814461965386,48.128221242059965,351.2267144922892,247.3289452494161
2023-03-09 12:00:00,403.50945515829744,49.04111013682505,47.614215102212135,306.85412991926023,216.25485529724077
2023-03-09 13:00:00,437.6195913093882,44.27469724462562,46.2032090788962,347.1416849858664,244.34670552578794
2023-03-09 14:00:00,423.3392796592666,44.11311497138586,40.4761572270225,338.7500074608582,238.4120290942987
2023-03-09 15:00:00,392.1640889648632,33.18082481278926,39.438908756893994,319.54435539517993,224.73905436045067
2023-03-09 16:00:00,410.0103664585336,28.153880210309847,52.531737692759705,329.32474855546405,231.61571896995864
2023-03-09 17:00:00,398.552612458392,14.79423634882241,44.41236333071921,339.34601277885037,238.28221730547887
2023-03-09 18:00:00,357.73718970400074,0.0,51.34764535667627,306.3895443473245,214.9861574966939
2023-03-09 19:00:00,363.5373121896601,2.562032723470226,41.734789295393334,319.24049017079653,223.9369316669809
2023-03-09 20:00:00,300.34158967579214,0.1357110210548066,50.26528072655577,249.94059792818155,175.46378557741372
2023-03-09 21:00:00,283.6272221890871,1.705547350244439,59.24300308291562,222.67867175592704,156.50161120698297
2023-03-09 22:00:00,291.5289828247392,0.9694656345889495,53.50610518752938,237.0534120026209,166.49183876640168
2023-03-09 23:00:00,277.14731125266076,0.0,45.51746823865527,231.62984301400547,162.59606479219036
2023-03-10 00:00:00,258.35441574947276,0.0,46.69284667847162,211.66156907100114,148.6300268164855
2023-03-10 01:00:00,278.5210007185381,2.0599216351623224,42.709933519382496,233.7511455639933,164.09409966269237
2023-03-10 02:00:00,277.0664327890736,0.0,44.69829639318203,232.36813639589155,163.10467844105588
2023-03-10 03:00:00,289.967137940215,0.0,42.03036649843617,247.93677144177886,173.97604367422957
2023-03-10 04:00:00,287.961495153752,0.0,,244.64092188521096,171.6818510523331
2023-03-10 05:00:00,315.4157881986349,0.8471981311869221,46.332001740217606,268.2365883272304,188.24587580908715
2023-03-10 06:00:00,318.9868060253083,4.12504983848629,36.6883853189686,278.1733708678534,195.17074445745678
2023-03-10 07:00:00,377.18436453025873,10.524582542630961,36.50822429970437,330.1515576879234,231.681664275396
2023-03-10 08:00:00,354.89442123533166,24.50500154018949,33.52691448497451,296.8625052101677,208.6291228227709
2023-03-10 09:00:00,417.9565456208345,37.411243666740575,31.833086079594523,348.7122158744994,245.16510684628034
2023-03-10 10:00:00,403.46894588022474,42.200726265692495,34.89699337786037,326.3712262366719,229.65284282476276
2023-03-10 11:00:00,395.02645313818374,48.15119451954869,45.91095497005723,300.9643036485778,212.09714599409602
2023-03-10 12:00:00,444.1723405394143,46.78833819739419,37.49295479168913,359.891047550331,253.23442959709647
2023-03-10 13:00:00,428.2656050048842,48.103065121464525,48.744170629472976,331.4183692539467,233.44236148648667
2023-03-10 14:00:00,436.41801175778886,41.98572051817484,44.9129649056447,349.51932633396933,245.95237249319845
2023-03-10 15:00:00,434.01695525985383,36.55826254726944,28.887221208119772,368.5714715044646,259.0200675161518
2023-03-10 16:00:00,408.014959986059,26.831334729973474,49.87505958939772,331.3085656666878,232.95137325717488
2023-03-10 17:00:00,377.4934715067676,17.83877565517675,51.12164408035788,308.533051771233,216.84112819377017
2023-03-10 18:00:00,381.7183084522003,1.1592663464271573,36.68435351694538,343.8746885888278,241.10231087427744
2023-03-10 19:00:00,346.38841679077876,0.6515926331643329,47.99678725878414,297.7400368988303,208.9110255544323
2023-03-10 20:00:00,335.95942784988443,0.38876860315467204,37.78326901635061,297.7873902303792,208.836781223492
2023-03-10 21:00:00,274.0711255720879,0.0,45.41661792961089,228.65450764247703,160.51232152903
2023-03-10 22:00:00,296.51326743918383,0.6769676869233823,34.51926765998448,261.31703209227595,183.28065449493147
2023-03-10 23:00:00,267.5162644990293,0.0,30.290403295347588,237.22586120368175,166.36100687553068
2023-03-11 00:00:00,294.21743989569876,0.3369219525392286,36.93746248309626,256.94305546006325,180.236251885926
2023-03-11 01:00:00,276.0381716594827,2.6351950712159193,39.010168429801325,234.39280815846547,164.51777129664816
2023-03-11 02:00:00,273.01566152576027,0.0,36.81856245108318,236.19709907467708,165.70615497678477
2023-03-11 03:00:00,284.7044790386445,2.279757122258091,30.527755534219537,251.89696638216685,176.67874916530414
2023-03-11 04:00:00,275.1467061530717,2.6342301346797306,36.80080750295092,235.71166851544106,165.41886063853184
2023-03-11 05:00:00,331.0407117990671,0.0,42.15435802064589,288.8863537784212,202.6419912251013
2023-03-11 06:00:00,355.8568941091982,0.0,39.640855759019715,316.2160383501785,221.74763540271516
2023-03-11 07:00:00,352.5855640993695,11.468445502076365,41.46000824479372,299.6571103524994,210.40394623923905
2023-03-11 08:00:00,391.2534385779525,27.097768309294153,34.63907839636615,329.5165918722922,231.54996046075408
2023-03-11 09:00:00,378.15463846105825,34.607840772308556,49.37374331772929,294.1730543710204,207.10703230833772
2023-03-11 10:00:00,391.30370044269534,40.44318611527025,30.590613307561767,320.2699010198633,225.30370056928533
2023-03-11 11:00:00,416.5877649748352,46.32811653071512,43.900482376693766,326.35916606742626,229.8169834015796
2023-03-11 12:00:00,430.4900431197902,50.68879848535298,49.45512874367971,330.34611589075746,232.75060838067407
2023-03-11 13:00:00,420.78206122249946,48.431133509574316,43.847264741991175,328.503662970934,231.35965939726518
2023-03-11 14:00:00,432.03245039979896,41.96392638152069,38.37980618348137,351.6887178347969,247.405179073823
2023-03-11 15:00:00,420.5697359750026,33.91992807327695,35.77362362669618,350.87618427502946,246.6494637902531
2023-03-11 16:00:00,388.2858023067042,23.72026291808429,48.288701208370064,316.27683818024985,222.35107899662026
2023-03-11 17:00:00,394.4737567029221,10.839269107268239,28.61620059790663,355.0182869977472,249.01574828654748
2023-03-11 18:00:00,380.3503086871708,3.2307513789388898,32.23900591696287,344.880551391269,241.80339106063673
2023-03-11 19:00:00,349.2639012050021,0.0,36.81953787606624,312.4443633289359,219.07924970901578
2023-03-11 20:00:00,343.27605938187,2.434317041650993,49.901230060096,290.940512280123,204.20605723752007
2023-03-11 21:00:00,288.430804538692,3.0426321038449027,43.03814108832718,242.3500313465199,170.1362559955241
2023-03-11 22:00:00,297.14257527820024,1.9966217962959207,32.255633931918055,262.89031954998626,
2023-03-11 23:00:00,259.8556185424396,0.0,37.51753835692079,222.33808018551878,156.01183151343233
2023-03-12 00:00:00,253.007516420473,0.8074601806732189,30.45015993160542,221.74989630819437,155.54557821866555
2023-03-12 01:00:00,257.52884039102787,0.0,29.686433146507497,227.84240724452036,159.78654940262933
2023-03-12 02:00:00,255.58783404035563,0.0,43.19586155283001,212.3919724875256,149.1063393567962
2023-03-12 03:00:00,269.49083331322265,0.648718563443206,24.390800050267732,244.45131469951173,171.37280266142974
2023-03-12 04:00:00,287.2120057415031,0.0,48.234991930250764,238.97701381125233,167.76625958717915
2023-03-12 05:00:00,319.5501201920655,2.3753587769231275,41.99058260585276,275.1841788092896,193.0963381680997
2023-03-12 06:00:00,321.46989370830755,0.0,44.09163844920536,277.37825525910216,194.60569506586356
2023-03-12 07:00:00,323.2084172955509,13.109775602089016,31.66122898817371,278.4374127052881,195.4849966956252
2023-03-12 08:00:00,384.7993442027238,25.115496177656492,34.165219331742904,325.5186286933244,228.7070022021976
2023-03-12 09:00:00,374.4364508928692,34.199606272770566,23.89953056817808,316.33731405192054,222.35910726748156
2023-03-12 10:00:00,402.6805389854491,43.693365066581606,31.16744582784135,327.81972809102615,230.65935142332833
2023-03-12 11:00:00,422.9728828039605,46.47506519727702,39.31398386552098,337.1838337411625,237.3513247614145
2023-03-12 12:00:00,427.26102527626193,50.84043546404291,45.733249578626946,330.68734023359207,232.95527936858156
2023-03-12 13:00:00,443.4054961099169,44.732913150028565,26.507490549956163,372.1650924099322,261.67529785545264
2023-03-12 14:00:00,431.45191615111156,42.77273662272389,32.44069758849365,356.23848193989403,250.5467990662652
2023-03-12 15:00:00,403.35519150439325,38.595274218295295,34.154351322515595,330.60556596358236,232.5373451720987
2023-03-12 16:00:00,436.23977800189346,22.54825778535306,24.198431466835896,389.4930887497045,273.3381115951685
2023-03-12 17:00:00,389.9078048471682,11.351966349293647,40.09553901844298,338.46029947943157,237.5502043527724
2023-03-12 18:00:00,365.4882231059739,1.027815699317836,29.572822430434904,334.88758497622115,234.7375940216455
2023-03-12 19:00:00,361.4516842429283,0.3591635638791959,33.801622274959584,327.29089840408955,229.44882837688985
2023-03-12 20:00:00,330.0290434778442,0.7012601985471184,31.749150109080755,297.57863317021634,208.63655992421317
2023-03-12 21:00:00,312.98122579118467,0.978374260295327,29.05003703861838,282.952814492271,198.37703800018176
2023-03-12 22:00:00,327.8070203811813,1.2694429371235398,35.30838520053134,291.2291922435264,204.23890728121629
2023-03-12 23:00:00,273.583949170514,2.2193996839124464,33.639868455831596,237.72468103076997,166.78806339977555
2023-03-13 00:00:00,265.2393398579707,0.8196373138570251,28.20835815738359,236.2113443867301,165.64641739856205
2023-03-13 01:00:00,269.0284970515441,0.0,25.355528242170173,243.6729688093739,170.82463344898343
2023-03-13 02:00:00,286.0784923019472,1.3451474024054626,33.739418581876556,250.9939263176652,176.0600455562325
2023-03-13 03:00:00,255.39977661574608,3.7997638697904312,44.4121593635512,207.18785338240446,145.55161423871442
2023-03-13 04:00:00,261.22793850428576,0.0,32.30231907832593,228.92561942595984,160.57095678895513
2023-03-13 05:00:00,298.4730903120549,0.0,39.15216693490194,259.320923377153,181.91616803335612
2023-03-13 06:00:00,302.0654513772662,2.2141613385739456,20.061445814385213,279.78984422430705,196.09778864193026
2023-03-13 07:00:00,340.9073491584725,12.488979561375324,32.44531272996307,295.9730568671341,207.755372525521
2023-03-13 08:00:00,375.52283842149814,20.24663381367549,22.404274663844383,332.8719299439783,233.63932638369673
2023-03-13 09:00:00,373.9185864180732,36.473144963058516,19.367821795357703,318.077619659657,223.57747487897464
2023-03-13 10:00:00,382.4459632145608,41.52389015912797,25.268249955940625,315.6538230994922,222.04083647238647
2023-03-13 11:00:00,417.6019090998424,47.32697693343187,40.7184158909215,329.556516275489,232.04328509042014
2023-03-13 12:00:00,437.4920377437101,49.84790647254516,38.78334784497008,348.86078342619487,245.587340006237
2023-03-13 13:00:00,401.85521779360795,47.88904285759833,33.12725899204811,320.8389159439615,225.87629460784552
2023-03-13 14:00:00,436.85737144907233,44.013450165313905,18.92161673649347,373.92230454726496,262.8150983537567
2023-03-13 15:00:00,428.8214447301871,33.90732886761799,29.61297600450942,365.30113985805974,256.68507423803925
2023-03-13 16:00:00,418.15963839863036,25.61818450205573,33.596821286826795,358.9446326097478,252.10957472973286
2023-03-13 17:00:00,405.5570225944324,12.2106485341147,32.587511052241695,360.758863008076,253.1012921868579
2023-03-13 18:00:00,401.01555184945306,1.477620961775012,16.432872547766948,383.1050583399111,268.3674219826509
2023-03-13 19:00:00,341.9384386420713,1.2307349680261068,24.06067843145394,316.6470252425912,221.91813915348888
2023-03-13 20:00:00,328.21786946432337,0.0,30.670599102423182,297.5472703619002,208.58979524435438
2023-03-13 21:00:00,301.0332428726367,2.1719642323500645,35.473548491750435,263.3877301485362,184.76958587353985
2023-03-13 22:00:00,290.7409295477705,0.0,13.614198646813342,277.12673090095717,194.12485361713814
2023-03-13 23:00:00,300.99088740314676,1.6161155965622902,29.886229411774046,269.4885423948104,188.97316428241626
2023-03-14 00:00:00,250.1035424526722,0.7345746268026813,29.00913524340743,220.35983258246208,154.55666565269357
2023-03-14 01:00:00,254.63708073227406,3.676367353590245,34.66164099250552,216.2990723861783,151.82949442732163
2023-03-14 02:00:00,290.9364737592007,0.0,33.40760575827531,257.5288680009254,180.60428365823054
2023-03-14 03:00:00,293.5713411155339,0.0,32.52531563484625,261.04602548068766,183.0574709928298
2023-03-14 04:00:00,285.5373086175777,0.0,21.46522103076034,264.07208758681736,185.06511352107975
2023-03-14 05:00:00,320.36885583156845,0.0,12.600727987389352,307.7681278441791,215.56369677079925
2023-03-14 06:00:00,331.96553984393654,1.5998838038841001,24.720323027884604,305.64533301216784,214.230934014874
2023-03-14 07:00:00,370.0569449497725,9.518318452505673,35.87779968604429,324.66082681122253,227.81172313376632
2023-03-14 08:00:00,369.3759933303609,22.52555903392094,39.012381304571264,307.8380529918687,216.32727208803223
2023-03-14 09:00:00,402.9373075228464,32.700609177830124,33.5491379027581,336.6875604422582,236.67079587216492
2023-03-14 10:00:00,443.7515469670708,44.56609086959748,31.299471666789685,367.8859844306836,258.7245056355384
2023-03-14 11:00:00,425.80634544322476,51.00838143553122,30.901862271463536,343.89610173623,242.0564574667862
2023-03-14 12:00:00,425.56681440480577,49.056949307352355,23.41579511028957,353.09406998716383,248.3811459282646
2023-03-14 13:00:00,438.3895305930724,47.24951124398735,26.824262735946853,364.3157566131382,256.23426248143596
2023-03-14 14:00:00,419.3476790448249,42.8055800118767,41.21730129098646,335.3247977419617,235.99564303252055
2023-03-14 15:00:00,452.65437370038376,37.1599716262049,20.3242810380408,395.1701210361381,277.56552696820114
2023-03-14 16:00:00,406.8224338751212,22.7782176038325,40.782975410054625,343.26124086123406,241.14626270904103
2023-03-14 17:00:00,383.458826011375,13.227677634848433,25.288519848439346,344.9426285280872,241.9772787208424
2023-03-14 18:00:00,355.7230143476588,1.9503952595648655,38.46820195713644,315.3044171309575,221.1367819164329
2023-03-14 19:00:00,364.0111286888542,1.0021883398796905,16.610225008395506,346.39871534057903,242.66524675528683
2023-03-14 20:00:00,339.8551133989721,0.3791632331974868,32.551978693693,306.9239714720816,215.17988308205798
2023-03-14 21:00:00,300.09251024354626,2.0020921851342823,21.970583996794836,276.11983406161715,193.54363152680264
2023-03-14 22:00:00,299.63105349667023,0.0,16.54260754898231,283.08844594768794,198.32733823887136
2023-03-14 23:00:00,255.6424539888098,1.3557506390618153,29.61301742366338,224.6736859260846,157.59482533527708
2023-03-15 00:00:00,273.3122338525672,0.0,33.80992656434045,239.50230728822675,167.98971436740212
2023-03-15 01:00:00,274.6030866107457,0.0,18.974620746824733,255.62846586392098,179.12967231221293
2023-03-15 02:00:00,296.1476223698582,1.0224051990499614,13.742024571905493,281.3831925989027,197.12610316893196
2023-03-15 03:00:00,266.9674269859098,2.7473170903259154,24.999394140893063,239.22071575469084,167.75944131149902
2023-03-15 04:00:00,272.06790940263664,0.0,25.034669625355253,247.03323977728138,173.1736145403505
2023-03-15 05:00:00,294.38032191571966,1.9057490944058777,30.120709276008693,262.3538635453051,183.98702655636177
2023-03-15 06:00:00,307.05769021666987,3.224556515977291,33.33090882648861,270.502224874204,189.74935763052721
2023-03-15 07:00:00,367.86160169598,15.400872256440692,25.25883080539275,327.2018986341466,229.6019347970853
2023-03-15 08:00:00,391.74685436315747,27.951690258182076,40.57817877392681,323.2169853310486,227.2167053246369
2023-03-15 09:00:00,392.61498999882775,36.37539427802112,27.528030211855036,328.7115655089516,231.10088404394506
2023-03-15 10:00:00,422.6997080097963,42.883611187438504,22.962740207517506,356.8533566148403,250.88464925621213
2023-03-15 11:00:00,419.1031493410539,44.4582510213556,12.84161338275008,361.8032849369482,254.27988061011834
2023-03-15 12:00:00,423.6591327172093,48.85139742261869,23.63287609304336,351.17485920154724,247.03575815046585
2023-03-15 13:00:00,422.81617704378885,45.97568945451756,23.043056692283614,353.7974308969877,248.80814598390455
2023-03-15 14:00:00,420.42994256205725,47.07462934463095,33.41659062582447,339.93872259160185,239.23276430727213
2023-03-15 15:00:00,393.8767502877149,34.53936767101267,29.434021248107534,329.9033613685947,231.9174805239176
2023-03-15 16:00:00,408.3441052786292,24.91817081300826,16.299199282511765,367.12673518310913,257.6500700372616
2023-03-15 17:00:00,387.20673267638466,13.874014101353547,27.112187346861003,346.2205312281701,242.90297401521474
2023-03-15 18:00:00,379.6976757989651,0.08720489274491348,31.10640162940513,348.5040692768151,244.26565660791948
2023-03-15 19:00:00,349.2145937761744,3.390102080861506,37.958403130675364,307.86608856463755,215.95364806817025
2023-03-15 20:00:00,324.6656621978573,0.0,32.83418399488518,291.8314782029721,204.61037658202932
2023-03-15 21:00:00,294.74384587948083,0.3892149104744854,31.820925490064525,262.53370547894184,184.0995873883694
2023-03-15 22:00:00,292.3254973869979,0.0,26.21484021249401,266.1106571745039,186.53960842427767
2023-03-15 23:00:00,289.60326748908267,0.0,28.8406482989603,260.7626191901224,182.8222399160753
2023-03-16 00:00:00,253.6323382242317,0.0,34.99603920564927,218.6362990185824,153.39536970506416
2023-03-16 01:00:00,269.36859549882615,0.0,14.337780820162802,255.03081467866335,178.66494808326595
2023-03-16 02:00:00,274.2780673634319,0.0,22.20448538226435,252.07358198116754,176.6735522406399
2023-03-16 03:00:00,268.003485136586,0.0,18.819450009950074,249.18403512663593,174.61701908874466
2023-03-16 04:00:00,282.67010212507125,0.0,28.033224949808993,254.63687717526227,178.52614627218168
2023-03-16 05:00:00,311.5156519251083,0.0,34.8417774052063,276.673874519902,194.02012993798343
2023-03-16 06:00:00,310.34965031102405,0.0,20.22420570623141,290.1254446047926,203.29005328041714
2023-03-16 07:00:00,353.3053449223559,14.310158899188746,5.877565060244496,333.1176209629227,233.52731350263207
2023-03-16 08:00:00,355.3316971969287,24.87335288491126,21.70223403980424,308.7561102722132,216.8437665886455
2023-03-16 09:00:00,403.9992945891133,32.02795515924627,32.30778985613925,339.6635495737278,238.72812170335575
2023-03-16 10:00:00,439.6924478693634,42.17791311586451,29.301039223599037,368.21349552989983,258.8860155254832
2023-03-16 11:00:00,404.4271694708428,46.22879231880451,28.42548998248461,329.77288716955366,232.04985176488847
2023-03-16 12:00:00,433.34367323236063,50.055295778922876,22.76005358500416,360.5283238684336,253.598533159332
2023-03-16 13:00:00,417.1553606203848,50.41400602203196,14.76775411024171,351.9736004881111,247.53747800322083
2023-03-16 14:00:00,440.94486790370735,39.04598633067276,29.12235457299574,372.77652700003887,262.01571217237057
2023-03-16 15:00:00,398.3596453600919,35.17311031647097,18.325745519723,344.86078952389795,242.2892723282552
2023-03-16 16:00:00,411.83383306495455,24.38820778790897,42.47277386704365,344.9728514100019,242.39348788142993
2023-03-16 17:00:00,374.96165469027477,14.132727124710486,29.564057666836128,331.26486989872814,232.46370404827223
2023-03-16 18:00:00,365.6572439653412,0.42639325647538434,20.354813579568393,344.8760371292974,241.62530199143333
2023-03-16 19:00:00,332.59111006640546,0.0,20.108918020890975,312.48219204551447,218.93862361206902
2023-03-16 20:00:00,339.6862226488497,0.0,24.256446347091295,315.4297763017584,221.04340787470178
2023-03-16 21:00:00,295.50178387702124,0.0,23.083984623826,272.41779925319526,190.92329932347494
2023-03-16 22:00:00,299.76741058866867,2.1520142771971966,33.93467020423964,263.68072610723186,184.9588952626486
2023-03-16 23:00:00,273.612986466925,0.04262329734388444,26.49132935795237,247.07903381162876,
2023-03-17 00:00:00,269.2958452026344,3.802381371506015,19.88109834430447,245.6123654868239,172.20351445164988
2023-03-17 01:00:00,270.50333549374466,0.0,40.85767773681896,229.6456577569257,161.16053720721615
2023-03-17 02:00:00,259.5855607047346,0.0,26.128618907734474,233.4569417970001,163.6811454469774
2023-03-17 03:00:00,282.16047128310095,0.0,31.884869663323865,250.2756016197771,175.5117698304772
2023-03-17 04:00:00,314.67347285313514,0.0,20.868340196014618,293.8051326571205,205.87227626194448
2023-03-17 05:00:00,296.61557509525204,0.0,28.63907727752888,267.97649781772316,187.86993924518148
2023-03-17 06:00:00,345.1586254236488,0.5342533020229668,28.223032184718253,316.40133993690756,221.77385334372292
2023-03-17 07:00:00,370.7584613850595,13.825394952266054,10.616957918803468,346.31610851398995,242.8039534380263
2023-03-17 08:00:00,356.7501956555237,21.58066812834714,41.85635313925781,293.31317438791876,206.16939896550264
2023-03-17 09:00:00,366.46117780638446,36.782032851357705,36.05930794295307,293.6198370120737,206.63011964490826
2023-03-17 10:00:00,409.384952880243,41.89009682096304,22.55658972640479,344.9382663328752,242.52015426669593
2023-03-17 11:00:00,409.3579163439947,48.093487152982775,16.915994331925848,344.34843485908607,242.17493408773916
2023-03-17 12:00:00,453.59011127331325,52.71054032133367,28.51464516600111,372.36492578597847,261.9948053082716
2023-03-17 13:00:00,428.80910999024024,49.593579760742735,26.427733850887865,352.78779637860964,248.20760639875044
2023-03-17 14:00:00,413.5280718653405,42.319157628518255,28.579503844078527,342.6294103927437,240.97276546593173
2023-03-17 15:00:00,400.3616365203222,33.20957177237491,27.26677142512541,339.8852933228219,238.85656447567408
2023-03-17 16:00:00,421.204113764029,20.439418729752795,29.7840801700201,370.9806148642561,260.39305958127454
2023-03-17 17:00:00,379.71923727148,11.36963826732136,37.31259785070714,331.03700115345146,232.32641955126948
2023-03-17 18:00:00,369.6499524828509,0.0,30.27897789660186,339.370974586249,237.86247198934032
2023-03-17 19:00:00,362.62403805942995,0.0,17.336908264293164,345.28712979513676,241.87435993923864
2023-03-17 20:00:00,320.31759799557864,0.0,36.634655077272306,283.6829429183063,198.94440659358713
2023-03-17 21:00:00,307.59806445164037,0.15370376591753643,38.85906876347899,268.58529192224387,188.40136910852382
2023-03-17 22:00:00,291.4699282404811,0.0,50.950606131669375,240.51932210881176,168.87303153748493
2023-03-17 23:00:00,289.2548322527291,0.0,16.746199989655906,272.5086322630732,190.92350458404778
2023-03-18 00:00:00,280.0902950221048,0.33730934393345535,29.807801189577997,249.94518448859333,175.26645334078975
2023-03-18 01:00:00,265.20149012375293,0.8838812991388181,11.2079554588639,253.1096533657502,177.30651453659652
2023-03-18 02:00:00,272.18386591189767,0.0,32.289938335409474,239.89392757648818,
2023-03-18 03:00:00,273.64447861696794,2.82186475949254,23.479142699041617,247.34347115843377,173.43165853308392
2023-03-18 04:00:00,269.7704674938599,0.0,43.252311442975426,226.51815605088444,158.99523235004887
2023-03-18 05:00:00,312.36720895354733,0.037699245889695324,21.66782532422714,290.6616843834305,203.6806113065614
2023-03-18 06:00:00,356.1805488968697,1.4164288465131143,14.351280780637705,340.4128392697189,238.46082887353987
2023-03-18 07:00:00,335.24740898220944,13.29116411024543,24.09463515875564,297.8616097132084,209.00989643303834
2023-03-18 08:00:00,357.6132740567365,26.681752681712787,12.060842914638698,318.870678460385,223.86371840505012
2023-03-18 09:00:00,375.44227951791925,35.61206733181707,33.87354072043428,305.9566714656679,215.2206467798082
2023-03-18 10:00:00,415.940615268346,41.68751437744699,11.344080714325234,362.9090201765738,254.98350521829383
2023-03-18 11:00:00,424.51251020827704,48.58555789954406,28.09240573384107,347.8345465748919,244.73681781775358
2023-03-18 12:00:00,423.39919680945394,47.26350641313128,11.242250525526224,364.89343987079644,256.48310054307535
2023-03-18 13:00:00,414.7329101679909,48.07967026068491,25.302362648082664,341.35087725922335,240.16023111315087
2023-03-18 14:00:00,427.1629140702997,42.84592914543895,41.01177033081207,343.30521459404866,241.58068650205095
2023-03-18 15:00:00,394.3158964852934,34.62158528686835,30.74992821586216,328.9443829825629,231.26099907569
2023-03-18 16:00:00,407.22313709036155,24.51840439100844,20.956796244656324,361.7479364546968,253.92349156855448
2023-03-18 17:00:00,401.5760618838944,9.061033756723162,27.615117172863126,364.8999109543081,255.88730951487872
2023-03-18 18:00:00,350.4407326512719,0.0,28.00888006073137,322.43185259054053,225.98238561398566
2023-03-18 19:00:00,325.5154219401304,0.18568980228222942,31.645787851123043,293.68394428672514,205.89893267526446
2023-03-18 20:00:00,351.4892408597966,0.31971278399480074,16.929878178129186,334.2396498976726,234.14344796583202
2023-03-18 21:00:00,299.3268015000066,0.0,32.60528327515444,266.72151822485216,187.03111559014803
2023-03-18 22:00:00,308.9738712868089,2.5314156817294013,6.2296120315535966,300.2128435735259,210.26191493541825
2023-03-18 23:00:00,276.91119881185284,0.0,22.825668665465315,254.08553014638753,178.0881277891259
2023-03-19 00:00:00,269.00163440137567,1.9389144010534736,27.277030476000533,239.78568952432167,168.16153125980622
2023-03-19 01:00:00,275.28121325107065,0.8543887237433697,36.249835824182796,238.1769887031445,167.10347822491784
2023-03-19 02:00:00,258.170973804299,0.0,31.36426803702784,226.80670576727118,159.07833671746008
2023-03-19 03:00:00,281.4104476083006,3.550621785219024,19.938716784762597,257.921109038319,180.8151759303753
2023-03-19 04:00:00,286.41413904133583,0.0,23.303276209076767,263.11086283225904,184.4106367446721
2023-03-19 05:00:00,288.89762110754555,1.838308347220003,32.772661291992144,254.2866514683334,178.3651488076977
2023-03-19 06:00:00,333.0617302713154,2.0011646360859565,30.550682480696437,300.509883154533,210.70244832570177
2023-03-19 07:00:00,344.75540565545225,11.499162405059785,26.550228338526917,306.70601491186557,215.18969596979233
2023-03-19 08:00:00,367.0551739401521,27.590684013921805,27.336550899517054,312.12793902671325,219.31473650797287
2023-03-19 09:00:00,370.5526086074086,34.58053987347107,36.752565192887204,299.21950354105036,210.51278892813355
2023-03-19 10:00:00,429.14457076998684,43.54221249127458,27.041680632659173,358.5606776460531,252.1337354083892
2023-03-19 11:00:00,431.1377678571678,48.44167940342449,30.478491263380302,352.217597190363,247.82593653395637
2023-03-19 12:00:00,440.4414271243262,49.34288934464521,48.54271392025723,342.55582385942375,241.26136162769208
2023-03-19 13:00:00,424.1233522219958,49.542652272201614,19.793760120541506,354.7869398292527,249.5396485271263
2023-03-19 14:00:00,400.0413455191952,44.551802673819296,16.36847936301562,339.1210634823603,238.43946528475874
2023-03-19 15:00:00,447.28081579871883,31.583568956192618,37.45193853400174,378.2453083085245,265.777906580431
2023-03-19 16:00:00,404.3571026334568,27.414433899549454,25.754076725260063,351.1885920086473,246.63784385129668
2023-03-19 17:00:00,377.4730258183202,9.515418847141742,28.637320993671928,339.3202859775065,238.0008817711341
2023-03-19 18:00:00,375.6625699840694,2.065092408683321,24.933970190563976,348.66350738482214,244.3550967194548
2023-03-19 19:00:00,366.21183457867045,2.2534102736551667,29.10482008947279,334.8536042155425,234.73363935724754
2023-03-19 20:00:00,327.6537408091374,0.0,43.97152611238362,283.68221469675376,199.01726554885147
2023-03-19 21:00:00,327.88365027771164,0.0,37.60024888455784,290.2834013931538,203.57438346405323
2023-03-19 22:00:00,308.3814793414503,0.0,38.08100931070871,270.3004700307416,189.59113911462623
2023-03-19 23:00:00,263.2772726448351,0.0,19.853404769271727,243.42386787556336,170.59524156058706
2023-03-20 00:00:00,261.51149938726525,0.0,26.155515191952844,235.3559841953124,165.0107440886382
2023-03-20 01:00:00,283.2554745244793,1.5593210645386797,12.652115808492383,269.04403765144826,188.48853393538948
2023-03-20 02:00:00,230.9291625150008,2.6206174922392167,28.889698515713768,199.41884650704782,139.93450188993538
2023-03-20 03:00:00,277.3685493750529,2.791367621579912,43.01837057546106,231.55881117801192,162.57717888279456
2023-03-20 04:00:00,270.86140655598894,0.0,39.500317210362766,231.36108934562617,162.34776571404194
2023-03-20 05:00:00,301.74411005377993,0.0,33.59263898075881,268.1514710730211,188.04195614092237
2023-03-20 06:00:00,323.7045921316431,0.0,35.186342814631374,288.51824931701174,202.31463795005453
2023-03-20 07:00:00,343.5187514066702,11.243213055649512,,302.4218776072481,212.21871519362438
2023-03-20 08:00:00,361.31402190179534,26.763565827487337,37.002816143590074,297.54763993071793,209.18864742948819
2023-03-20 09:00:00,372.4352623308506,38.35155088738565,41.491771320220714,292.5919401232442,205.99630681722087
2023-03-20 10:00:00,439.8396285724869,40.5448139605812,22.437650785092018,376.8571638268137,264.8352874658321
2023-03-20 11:00:00,446.18637944045815,46.79040991062529,37.76192658707458,361.63404294275824,254.457257524014
2023-03-20 12:00:00,408.73549587456404,49.614913608666996,42.824224052013136,316.2963582138839,222.82799126241216
2023-03-20 13:00:00,452.62416834483633,48.535660746570294,32.04394277266884,372.0445648255972,261.72234802057613
2023-03-20 14:00:00,420.17450082131546,41.39430466449777,40.97034998134047,337.8098461754772,237.7044819159374
2023-03-20 15:00:00,420.1122614780136,35.968507329217374,57.88198064015622,326.26177350864,229.68143140903388
2023-03-20 16:00:00,404.5118501717529,23.88618386715059,34.53000274048066,346.09566356412165,243.08998819963296
2023-03-20 17:00:00,378.9961874564733,12.826048646885345,38.511201484418386,327.6589373251696,230.00288911540056
2023-03-20 18:00:00,384.3557258375767,1.0925684960074051,29.460288415084666,353.8028689264846,247.97846250261023
2023-03-20 19:00:00,350.78071503393267,0.012844539621875633,,313.9531161091186,220.13558571102735
2023-03-20 20:00:00,321.03862211879255,0.0,39.04691808423423,281.9917040345583,197.78466200503314
2023-03-20 21:00:00,289.3235754182757,0.0,36.9234838065369,252.40009161173882,177.04929896628255
2023-03-20 22:00:00,278.9199493745723,0.0,27.207182526704944,251.71276684786736,176.4710086187742
2023-03-20 23:00:00,254.9896830384963,0.0,37.015639254979405,217.9740437835169,152.95198704101162
2023-03-21 00:00:00,271.9746106366826,0.0,51.69756750974108,220.27704312694152,154.71090586395644
2023-03-21 01:00:00,251.1153396293145,3.197294341009434,43.589086116116206,204.32895917218886,143.53010816851355
2023-03-21 02:00:00,267.8078497226769,1.1218388958824774,47.69589751257472,218.9901133142197,153.79247507299718
2023-03-21 03:00:00,300.33481901498095,0.0,38.10390423989897,262.230914775082,183.94267938495636
2023-03-21 04:00:00,310.48627461248043,1.3939088090214713,45.99920191538967,263.0931638880693,184.6530849169828
2023-03-21 05:00:00,308.5811701020412,0.0,42.2341427057322,266.347027396309,186.8652606044736
2023-03-21 06:00:00,327.0535290132316,2.3462492751732826,32.39271416250213,292.3145655755562,204.99104803001782
2023-03-21 07:00:00,377.26344175489555,13.60766301681376,42.54816803839098,321.1076106996908,225.4729624305037
2023-03-21 08:00:00,377.5821889271628,24.645194239028605,32.0664266924775,320.8705679956567,225.422965748665
2023-03-21 09:00:00,384.1482266154326,36.052498086419064,34.93695780092165,313.1587707280919,220.28155904940192
2023-03-21 10:00:00,384.24359425169746,39.91668181061714,41.51462645833898,302.81228598274134,213.18208008871466
2023-03-21 11:00:00,424.25545408880663,45.77190792939648,42.37795418704098,336.1055919723692,236.61313208111676
2023-03-21 12:00:00,438.7792462054489,47.331747041276024,30.48614027938295,360.9613588847899,253.92444756297226
2023-03-21 13:00:00,419.5905506458758,48.311329056743496,48.431886169463,322.8473354196693,227.44368023659803
2023-03-21 14:00:00,430.70743094377644,46.52346411372433,44.576050226403765,339.60791660364833,239.10177140709234
2023-03-21 15:00:00,412.89375639261016,39.61966452718379,34.36217251511292,338.91191935031344,238.37435856091417
2023-03-21 16:00:00,402.8733800205192,26.13590072991858,27.699321628406583,349.03815766219407,245.12642159441828
2023-03-21 17:00:00,351.7479926501455,13.8700675823065,38.840763367348536,299.03716170049046,209.99182217566292
2023-03-21 18:00:00,366.4441260660401,0.0,36.432450289110704,330.0116757769294,231.37249754674164
2023-03-21 19:00:00,363.60586304970127,0.0,40.905123656424166,322.7007393932771,226.2995688118582
2023-03-21 20:00:00,318.8887615718805,0.0,37.095066710755454,281.793694861125,197.62653706989505
2023-03-21 21:00:00,309.8532190368102,0.0,23.940345114039907,285.91287392277025,200.37841519707956
2023-03-21 22:00:00,281.1575204182779,0.0,36.89322449359072,244.2642959246872,171.35393939221692
2023-03-21 23:00:00,285.18991635521695,0.0,37.55504711145348,247.63486924376346,173.71995894174896
2023-03-22 00:00:00,268.7017767714366,0.0,49.70454311381664,218.99723365761994,153.79510899147212
2023-03-22 01:00:00,255.13506772737452,1.4958205122350676,39.04965751873578,214.58958969640366,150.6331257729146
2023-03-22 02:00:00,291.9378967494561,0.0,58.0646523026047,233.8732444468514,164.29191763582202
2023-03-22 03:00:00,293.87563873783273,0.4784937282222991,29.342130510410115,264.0550144992003,185.14150132910873
2023-03-22 04:00:00,283.5815468837582,4.148165339499947,55.12459489804517,224.3087866462131,157.6503599081196
2023-03-22 05:00:00,316.6905154788713,0.0,42.84070314859934,273.84981233027196,192.12327566267635
2023-03-22 06:00:00,336.5793472717087,0.0,51.511933894372625,285.06741337733604,200.06230870307894
2023-03-22 07:00:00,358.8582093627723,12.308666732531162,45.27366678809404,301.2758758421471,211.59202309203454
2023-03-22 08:00:00,344.5153760058801,27.085472895637828,53.751699203827926,263.67820390641435,185.65396918444105
2023-03-22 09:00:00,404.32278895309406,39.10735392586045,41.536359199201684,323.67907582803196,227.77286375013156
2023-03-22 10:00:00,397.24674888864246,40.64047996356959,35.846291514201674,320.7599774108712,225.70325670202322
2023-03-22 11:00:00,413.1383041387407,49.06473264018369,55.99928921379268,308.0742822847643,217.19328514427662
2023-03-22 12:00:00,466.0659832246331,48.836486337721276,43.72740974856704,373.5020871383448,262.8654648210814
2023-03-22 13:00:00,433.7517915484198,47.859437485102376,46.40772270461786,339.4846313586996,239.0605079278379
2023-03-22 14:00:00,420.70291980902243,48.3882658465085,54.51327022798253,317.8013837345314,223.97386663338193
2023-03-22 15:00:00,385.42630754902115,32.18471836062896,36.37961297886869,316.8619762095235,222.8108738436677
2023-03-22 16:00:00,426.63869534172375,25.391032948629835,49.39918209673823,351.84848029635566,247.29574868738894
2023-03-22 17:00:00,369.0455457754756,13.816061519822265,39.91609686392105,315.3133873917323,221.39485337324825
2023-03-22 18:00:00,354.8776308933138,2.1715726498787005,43.5779000704692,309.12815817296587,216.86892117477836
2023-03-22 19:00:00,344.2534063512869,0.19596630694179087,45.213486638698484,298.84395340564663,209.64682157647843
2023-03-22 20:00:00,349.76434410490737,0.6161010790082047,32.63348002404869,316.5147630018505,221.89899092311597
2023-03-22 21:00:00,320.82229063759104,0.0,38.4045585730607,282.41773206453036,198.07645803090185
2023-03-22 22:00:00,290.2875856950769,0.5382538824902147,55.44383805492929,234.30549375765742,164.5790490885593
2023-03-22 23:00:00,284.5660394894319,0.0,51.72478442430254,232.84125506512936,163.50612638983358
2023-03-23 00:00:00,263.0876206235073,1.2431437797121017,48.31566216576916,213.52881467802604,149.97818977187015
2023-03-23 01:00:00,271.4622774631796,,50.761766452490185,220.7005110106894,154.9979753720075
2023-03-23 02:00:00,273.19345718824593,0.7542007878043729,46.46283873929538,225.97641766114617,158.66320476595135
2023-03-23 03:00:00,294.61698825216456,0.0,59.66944587101089,234.94754238115365,165.05997412551767
2023-03-23 04:00:00,307.3066014613597,2.2521005015443363,47.21395816203373,257.84054279778167,181.00556155009838
2023-03-23 05:00:00,316.77713285278395,0.0,50.67151552146582,266.1056173313181,186.78064728713733
2023-03-23 06:00:00,323.22673514830615,0.0,57.98501993752356,265.24171521078256,186.249050846923
2023-03-23 07:00:00,360.4948065355512,15.415682177959976,42.59780690561979,302.48131745197145,212.4712139289954
2023-03-23 08:00:00,368.69346873485523,23.093656216229654,61.28709226036219,284.31272025826337,200.09364822771255
2023-03-23 09:00:00,373.1387565890023,33.91362695599468,36.573087506440025,302.6520421265676,212.9004329027816
2023-03-23 10:00:00,399.88669773595905,41.94561203725225,61.85391583328943,296.08716986541737,208.7184703048701
2023-03-23 11:00:00,419.91740917921925,50.86187499616595,45.83537411277124,323.2201600702821,227.72970329024847
2023-03-23 12:00:00,440.29477497779595,45.5388932079524,46.87518880178479,347.8806929680588,244.89601482981803
2023-03-23 13:00:00,426.614549537342,54.38849587714431,33.6966974149235,338.5293562452742,238.39528626338404
2023-03-23 14:00:00,408.50355755423067,45.24904824347135,45.178421045365496,318.0760882653938,224.01002696109876
2023-03-23 15:00:00,419.5006296719067,35.66763746155064,40.498326536171966,343.3346656741841,241.45260198652159
2023-03-23 16:00:00,407.6378552154714,24.79533281672232,43.95560802139926,338.88691437734985,238.1563028006933
2023-03-23 17:00:00,392.1550365532406,13.46294732624732,47.718291058076005,330.9737981689173,232.4281005753478
2023-03-23 18:00:00,383.87106846721747,1.0422448567586826,56.479111700170286,326.3497119102885,229.03043435133878
2023-03-23 19:00:00,364.6513207210478,1.290431171900114,50.477605595592046,312.88328395355563,219.54888344688285
2023-03-23 20:00:00,319.74878542577267,1.111208932006897,51.27819201159595,267.35938448216984,187.686575236275
2023-03-23 21:00:00,300.1253202489651,0.17916136251049763,40.05262367362254,259.8935352128321,182.3295841129689
2023-03-23 22:00:00,277.19594896044345,0.0,41.7707460675652,235.42520289287825,165.2153494856904
2023-03-23 23:00:00,290.5676748711514,0.0,63.206578931197534,227.36109593995386,159.78483294727968
2023-03-24 00:00:00,293.95486027630795,0.0,46.253646637518244,247.7012136387897,173.85338601352797
2023-03-24 01:00:00,264.7703958357338,2.267540193734129,65.38492093208258,197.11793470991705,138.68175431013742
2023-03-24 02:00:00,268.6011001803673,1.1871134445617237,50.190765324577285,217.2232214112283,152.5819049099968
2023-03-24 03:00:00,302.21633080509724,0.0,52.15355840477225,250.062772400325,175.5654762642752
2023-03-24 04:00:00,300.511450057669,1.311801553059522,60.69817619746365,238.5014723071458,167.5842484080379
2023-03-24 05:00:00,316.04016032638344,0.3894723894375497,62.31039429113347,253.34029364581244,177.9690989427688
2023-03-24 06:00:00,310.9273535565601,0.0,51.24875443339152,259.67859912316857,182.2875069305519
2023-03-24 07:00:00,359.6775457935589,12.124830418827422,49.02931048745191,298.5234048872796,209.69917313434675
2023-03-24 08:00:00,356.2651032549229,27.172719153127172,51.68789132744651,277.40449277434925,195.24347823838147
2023-03-24 09:00:00,372.4863219653433,37.14360996867266,54.83891514148116,280.5037968551894,197.64391914942084
2023-03-24 10:00:00,400.8635935977908,41.62473412846856,59.26568441058226,299.97317505873997,211.40637406779317
2023-03-24 11:00:00,409.99176620539237,48.964528943681216,52.16909378757743,308.8581434741337,217.701681948643
2023-03-24 12:00:00,423.4466954417175,47.90567395722772,57.086345299809444,318.45467618468035,224.4472502614189
2023-03-24 13:00:00,407.88190023649383,45.391188039854285,65.24213277379174,297.2485794228478,209.63425068452844
2023-03-24 14:00:00,441.15293545450817,41.917055014935855,55.18573181374249,344.0501486258298,242.225302456517
2023-03-24 15:00:00,435.6939514748692,36.97334398919247,54.628477763662445,344.0921297220143,242.15024246283045
2023-03-24 16:00:00,376.85503013717926,26.830743803907318,39.98396831490368,310.0403180183682,217.96467717208492
2023-03-24 17:00:00,404.1734918393659,13.928038165199794,31.08941382099171,359.15603985317443,251.99868279873598
2023-03-24 18:00:00,358.0442189152449,1.4501915736960003,55.242260749465565,301.3517665920834,211.52766305342692
2023-03-24 19:00:00,362.3512578091094,1.0323565742299168,51.37666106537724,309.94224016950227,217.49398186078997
2023-03-24 20:00:00,327.76440375616977,0.0,48.01699351630628,279.7474102398635,196.3033571030675
2023-03-24 21:00:00,309.9282582155826,0.8638450893478813,54.083496549114976,254.98091657711976,179.04475347126194
2023-03-24 22:00:00,290.1516175181256,1.6008190504553645,51.65202508204895,236.89877338562127,166.37767800176448
2023-03-24 23:00:00,298.3965305151149,1.5085826596271485,61.15749692069541,235.73045093479232,165.6530622767541
2023-03-25 00:00:00,253.74322417989575,2.377826742949286,54.95473469049912,196.41066274644734,138.08456780427713
2023-03-25 01:00:00,278.72871555192177,1.4166076944021275,48.29046146386596,229.02164639365367,160.82638924408428
2023-03-25 02:00:00,288.85699684111444,0.7028964150831658,62.18717765610161,225.96692276992965,158.81277564381344
2023-03-25 03:00:00,291.0741793762477,2.140300476632855,52.52879914485768,236.40507975475714,166.05164982931123
2023-03-25 04:00:00,327.9130516908241,0.0,58.478141213805756,269.4349104770183,189.18921874605087
2023-03-25 05:00:00,301.67690903002614,0.0,50.4465620948849,251.23034693514126,176.3657084755477
2023-03-25 06:00:00,343.26515920159795,0.0,49.06723266044781,294.19792654115014,206.42922090540958
2023-03-25 07:00:00,348.01975094077534,11.420951360541267,54.93919358591287,281.65960599432117,197.93953515909476
2023-03-25 08:00:00,388.8177252243883,23.591310020685725,54.368476892776776,310.8579383109258,218.61606778698953
2023-03-25 09:00:00,389.49577553507606,34.983805790947905,58.10446402736196,296.4075057167662,208.76597475782893
2023-03-25 10:00:00,400.3615162378834,41.615393883781216,52.116681717949355,306.6294406361528,215.99408314016208
2023-03-25 11:00:00,438.4842258317261,47.56767672325502,39.57496947426412,351.341579634207,247.2862089731526
2023-03-25 12:00:00,419.51174748873814,46.096103807361416,50.80365667572019,322.61198700565654,227.258349546864
2023-03-25 13:00:00,408.4202240873883,48.610187197278975,60.616395481577825,299.1936414085315,211.0139166847334
2023-03-25 14:00:00,419.13247332641464,43.20264467650559,51.88683911048245,324.04298953942657,228.2130139622335
2023-03-25 15:00:00,428.1786369724797,33.63866587024256,52.294780524310916,342.2451905779262,240.76735452719632
2023-03-25 16:00:00,427.06023423962677,26.2601579074993,62.15685979167479,338.64321654045267,238.19702333438357
2023-03-25 17:00:00,391.2780511003443,14.785896925407295,48.57006192635592,327.9220922485811,230.32688313177846
2023-03-25 18:00:00,390.0895900876087,0.0,41.9234219984841,348.1661680891246,244.13555188237206
2023-03-25 19:00:00,329.2384866487327,0.0,52.98079878822334,276.25768786050935,193.91018949023876
2023-03-25 20:00:00,322.2566348904264,0.0,50.3924561344374,271.86417875598903,190.80884969053668
2023-03-25 21:00:00,305.2824837135851,0.0,46.535877186401265,258.74660652718387,181.5879833408927
2023-03-25 22:00:00,291.32417656388503,1.658949683863497,52.86282009723777,236.80240678278375,166.32349194259825
2023-03-25 23:00:00,281.5904939918945,0.0,58.197892922401564,223.39260106949294,156.95679967786907
2023-03-26 00:00:00,282.800493602455,0.0,54.92569150745747,227.8748020949975,160.06161838157283
2023-03-26 01:00:00,263.0387927721402,0.0,57.4558485814899,205.5829441906503,144.4826194192701
2023-03-26 02:00:00,274.522259545869,1.2708360604184528,69.50726158812338,203.7441618973272,143.34140266521862
2023-03-26 03:00:00,279.75201968708177,0.0,52.25696910753949,227.4950505795423,159.769105096755
2023-03-26 04:00:00,279.25400429140655,0.1198652605326565,57.226789077157356,221.90734995371653,155.90981016358378
2023-03-26 05:00:00,308.00589500847605,0.5547538759163834,50.92629309920692,256.5248480333527,180.0877516318573
2023-03-26 06:00:00,326.85047878803914,2.721317191677302,48.22912224090422,275.90003935545764,193.66674511506292
2023-03-26 07:00:00,347.2346868696519,10.300863719641795,50.32073877265784,286.61308437735227,201.338383726266
2023-03-26 08:00:00,370.892810801621,18.917609990062985,51.16993142782649,300.80526938373157,211.4537400826916
2023-03-26 09:00:00,390.84599845389835,35.661709790163684,57.87580638037701,297.30848228335765,209.40792985795738
2023-03-26 10:00:00,399.79501015301145,46.82718095949037,73.79260629360606,279.175222899915,197.09712571206637
2023-03-26 11:00:00,438.0836486570216,50.69040792441519,49.27165250979328,338.12158822281316,238.19163643955542
2023-03-26 12:00:00,409.4427520097778,50.33258743395853,51.6669975550763,307.443167020743,216.73353863875
2023-03-26 13:00:00,418.89634371764913,47.229242847272225,54.495015895110015,317.1720849752669,223.50999449858335
2023-03-26 14:00:00,468.68441581117634,44.84040378974329,58.166390789677976,365.6776212317551,257.4528068459202
2023-03-26 15:00:00,403.4230573226142,33.346918301247364,57.10840649563828,312.9677325257286,220.3154351989913
2023-03-26 16:00:00,385.973117718975,25.909349840417075,65.27276635158493,294.791001526973,207.5246157292053
2023-03-26 17:00:00,400.72804651971586,13.929444836213285,35.58886343571834,351.20973824778423,246.4812943045304
2023-03-26 18:00:00,339.2596211462912,2.1204198149977658,35.90456103843462,301.2346402928588,211.26570221168544
2023-03-26 19:00:00,346.181786695111,5.519320077822155,51.032974623918804,289.62949199337004,203.36136054315466
2023-03-26 20:00:00,361.19274561264325,0.7848319343575341,63.77840150034967,296.629512177936,208.29413917824584
2023-03-26 21:00:00,286.5368565123966,0.0,42.47481574715523,244.06204076524136,171.2681766931405
2023-03-26 22:00:00,263.4128855636931,0.0,30.938941282449942,232.47394428124318,163.0411504096947
2023-03-26 23:00:00,257.94114501257707,0.0,59.56943524975367,198.3717097628234,139.4558911864739
2023-03-27 00:00:00,285.9972772294383,0.0,56.21510553404902,229.78217169538925,161.40967124211295
2023-03-27 01:00:00,286.66760060714614,0.0,45.54418049003186,241.12342011711428,169.2418358868803
2023-03-27 02:00:00,264.83305174955586,0.0,46.381530938659864,218.451520810896,153.3798798770138
2023-03-27 03:00:00,290.7621035646199,0.304709744067444,46.50789798734991,243.94949583320255,171.23582025799664
2023-03-27 04:00:00,314.081237225115,0.0,55.150130284218825,258.93110694089614,181.80327616146948
2023-03-27 05:00:00,336.60614602380633,2.242061334648943,49.25532553496325,285.10875915419416,200.1135258899785
2023-03-27 06:00:00,325.3953969814596,0.0004141298363941877,58.21835909623146,267.17662375539174,187.60582850233325
2023-03-27 07:00:00,315.27387404230916,12.906507990045105,31.428834441192176,270.9385316110719,190.22939063196313
2023-03-27 08:00:00,358.1882895794153,24.313603038078003,47.41103282340491,286.4636537179324,201.4849399915483
2023-03-27 09:00:00,383.3938868833301,35.62243484456965,45.257416057138904,302.51403598162153,212.92484804459784
2023-03-27 10:00:00,402.4804103536069,44.89845292341492,52.21512231744737,305.3668351127446,215.17690486056395
2023-03-27 11:00:00,416.26009109498324,46.502901677752234,49.961465676506194,319.79572374072484,225.28667930882747
2023-03-27 12:00:00,443.8534348794445,48.622551964057166,60.64859798359344,334.5822849317939,235.78653647137278
2023-03-27 13:00:00,448.9123762076727,47.629710051620705,39.391153571146845,361.8915125849052,254.6705645461775
2023-03-27 14:00:00,424.4949111016127,40.55651454713323,54.62977955507332,329.3086169994061,231.87345998607768
2023-03-27 15:00:00,435.5552552508914,33.67353775740871,58.73253913012095,343.1491783633617,241.4652210008026
2023-03-27 16:00:00,411.7294128017491,24.01695072401452,69.11902723692295,318.59343484081165,224.1869336754177
2023-03-27 17:00:00,390.76353940029753,14.673886993747802,50.4117199756795,325.6779324308702,228.77214764124088
2023-03-27 18:00:00,384.09963577221015,0.525122658003856,56.86151657924744,326.71299653495885,229.27821519342373
2023-03-27 19:00:00,350.8797305309277,0.3871798227350887,39.83494540392839,310.6576053042642,217.86641676347892
2023-03-27 20:00:00,359.95759385562377,1.7017959243359444,35.130198109923114,323.1255998213647,226.57325777454122
2023-03-27 21:00:00,288.21978230544056,0.0,61.024042750680906,227.19573955475965,159.64725811583855
2023-03-27 22:00:00,285.49984382605487,0.7809296998577792,54.22136539524274,230.49754873095435,161.9061163596176
2023-03-27 23:00:00,278.61613405029465,0.0,63.693949262814684,214.92218478747998,151.08246884386412
2023-03-28 00:00:00,279.1839729091522,0.5307246987992569,41.148031803866246,237.5052164064867,166.67574629655533
2023-03-28 01:00:00,288.8856559619541,0.0,56.294472031854255,232.59118393009987,163.37677347138845
2023-03-28 02:00:00,272.22620404374,0.0,67.08579763997506,205.14040640376493,144.2691424590352
2023-03-28 03:00:00,259.2507716100596,0.0,55.49289978248237,203.75787182757722,143.18543927712886
2023-03-28 04:00:00,305.93541460730904,2.84549627219988,54.34790696035263,248.74201137475654,174.7197969573771
2023-03-28 05:00:00,321.19063014753726,1.8524308044831848,52.20370356221903,267.13449578083504,187.55323269829637
2023-03-28 06:00:00,300.03284515651507,1.9307949691823414,39.56820325861694,258.5338469287158,181.40799078207084
2023-03-28 07:00:00,349.8091866503458,15.40282848015191,62.97983840130702,271.42651976888686,190.9364187918369
2023-03-28 08:00:00,346.71964480340495,25.15725248023404,47.24839379718371,274.3139985259872,192.99542795576755
2023-03-28 09:00:00,379.8964821928769,35.72159752931237,56.17112096668837,288.00376369687615,202.87877774806643
2023-03-28 10:00:00,392.8926572458896,42.03121677969108,39.63098046305421,311.23046000314434,219.0982561424254
2023-03-28 11:00:00,431.28725143179264,47.625387438986564,42.69957759956199,340.9622863932441,240.05310400004618
2023-03-28 12:00:00,428.892767371116,51.19141689616462,63.615954109402125,314.0853963655493,221.5197653349018
2023-03-28 13:00:00,410.58238364406736,50.665302025378296,49.3568366039615,310.56024501472757,218.89904591685647
2023-03-28 14:00:00,440.34130420289335,42.987628019197786,63.761458723964594,333.592217459731,235.01191936943528
2023-03-28 15:00:00,397.64119359923666,34.42658758479836,51.5094096431561,311.7051963712822,219.3972633080251
2023-03-28 16:00:00,411.38649800739574,24.98099321602436,37.40007273196138,349.00543205941,245.1774230332271
2023-03-28 17:00:00,377.6560886160344,14.132980534397719,59.271795713478,304.2513123681587,213.85129622553384
2023-03-28 18:00:00,365.08661602565167,0.0,47.41611637357938,317.6704996520723,222.8435109201864
2023-03-28 19:00:00,357.43030987598354,0.0,57.72476542376059,299.70554445222297,210.37112877079366
2023-03-28 20:00:00,336.98246603309906,0.0,52.33694185594489,284.6455241771542,199.77523634256735
2023-03-28 21:00:00,329.9207847587472,0.0,39.79030909208127,290.1304756666659,203.48923605758694
2023-03-28 22:00:00,292.0639006654122,0.0,53.44961303858879,238.6142876268234,167.56449746916226
2023-03-28 23:00:00,285.18097929710285,0.0,69.70504005284663,215.4759392442562,151.5302078715078
2023-03-29 00:00:00,266.0816451185879,0.0,52.76067045250283,213.32097466608508,149.85228897078457
2023-03-29 01:00:00,272.65161929712013,2.904935068941491,48.35663676034345,221.3900474678352,155.5146982964669
2023-03-29 02:00:00,279.23999567478046,0.6534895292046401,57.41952600004234,221.16698014553347,155.40415115245793
2023-03-29 03:00:00,279.1650910432075,0.6009487192216567,50.50212650601204,228.06201581797382,160.16045131202623
2023-03-29 04:00:00,266.29697130146695,1.2444142880868039,50.49305262648951,214.55950438689064,150.72147188285007
2023-03-29 05:00:00,314.89383450274164,0.0,40.08377740711433,274.8100570956273,192.76787774101024
2023-03-29 06:00:00,334.68466960990844,2.0782235748405373,50.68756299070394,281.91888304436395,197.8916582324586
2023-03-29 07:00:00,339.7191689125589,12.78334954001755,57.10032611572271,269.83549325681867,189.71151553173064
2023-03-29 08:00:00,351.36148912489216,26.32922689314915,42.12828156758695,282.90398066415605,198.98065381844808
2023-03-29 09:00:00,412.05995831533767,33.19502972858803,60.21274535436274,318.6521832323869,224.3225563107862
2023-03-29 10:00:00,413.86199621611803,40.173428181807225,48.083130591226144,325.60543744308467,229.20810607970768
2023-03-29 11:00:00,415.7675878967076,49.90940162380687,41.71462269207883,324.14356358082193,228.31582876597227
2023-03-29 12:00:00,410.14034391369137,50.7293503695285,56.79783539974911,302.6131581444138,213.41177606247768
2023-03-29 13:00:00,417.594548631458,46.4695191990418,46.522424898481,324.60260453393516,228.61643780672023
2023-03-29 14:00:00,446.7346931126972,41.54161955128997,54.89289788427602,350.30017567713116,246.58988434386035
2023-03-29 15:00:00,421.26873247355405,37.58961376349789,46.48270972631886,337.19640898373734,237.25410566114928
2023-03-29 16:00:00,398.2315075476914,22.60944187293207,48.338169636147924,327.28389603861143,230.0342977608481
2023-03-29 17:00:00,397.56710952614804,16.220224019600412,52.765260419061484,328.58162508748615,230.8591946458229
2023-03-29 18:00:00,358.411321854285,0.0,51.1439552451072,307.2673666091778,215.59859617887554
2023-03-29 19:00:00,372.43441651198384,1.276783851216766,32.852524540773246,338.30510811999386,237.16763660642775
2023-03-29 20:00:00,349.5082554730275,0.0,39.84682886363202,309.66142660939545,217.1614669152131
2023-03-29 21:00:00,302.9231599897365,1.2063748621646861,56.25205866271368,245.46472646485816,172.41195660927116
2023-03-29 22:00:00,283.92317485739153,0.0,47.75968607317478,236.16348878421675,165.79203900968346
2023-03-29 23:00:00,241.36774077463895,0.0,44.62692836221578,196.74081241242317,138.16483797231837
2023-03-30 00:00:00,250.46472288558823,0.08183835079144226,33.76666279356441,216.61622174123238,151.97065861381415
2023-03-30 01:00:00,249.8704539376178,0.0,35.99736434541742,213.8730895922004,150.07113635799442
2023-03-30 02:00:00,274.71628957366954,1.4816486908402517,28.460865795928623,244.77377508690066,171.65588419260655
2023-03-30 03:00:00,275.7869626926087,0.0,43.82500916601194,231.96195352659677,162.81161756027785
2023-03-30 04:00:00,273.2139257558317,0.0,39.84775427097583,233.3661714848559,163.7547975821089
2023-03-30 05:00:00,305.74503992501576,0.0,36.90255178774168,268.8424881372741,188.55876721396925
2023-03-30 06:00:00,336.8370341684928,0.0,44.090267514280576,292.7467666542122,205.36363933309133
2023-03-30 07:00:00,357.88009081071795,12.555985059303959,47.54701996244611,297.7770857889679,209.17054995308806
2023-03-30 08:00:00,342.1729699573026,29.819605927523455,61.38083837330376,250.9725256564754,176.89096846181627
2023-03-30 09:00:00,388.0385483547267,36.916592803049916,32.54018755911849,318.5817679925583,224.070971326443
2023-03-30 10:00:00,385.7809314023338,43.25300678996834,53.91030326202838,288.6176213503371,203.4364981136556
2023-03-30 11:00:00,432.7704633218433,47.759643153341635,52.42006740374478,332.59075276475687,234.29292047243408
2023-03-30 12:00:00,438.9987629104121,50.03368195421935,38.4025130006106,350.56256795558215,246.778496337998
2023-03-30 13:00:00,416.4920921671173,49.37966304210859,46.26114255231245,320.85128657269627,226.04610528725266
2023-03-30 14:00:00,415.74588862910366,40.929901918819446,40.97418892092328,333.84179778936095,234.91759838013826
2023-03-30 15:00:00,412.3255271072647,37.57602761659162,46.12076355897411,328.628735931699,231.25284334011087
2023-03-30 16:00:00,372.73914213593787,26.42513771518011,56.708303022860605,289.6057013978972,203.8195767630602
2023-03-30 17:00:00,395.0020231635928,14.37441203592018,49.48010477667471,331.1475063509979,232.58554373418366
2023-03-30 18:00:00,366.5753559750839,0.8769514776194607,48.70412190149174,316.99428259597266,222.40057806574814
2023-03-30 19:00:00,364.515126800502,0.039233315387979806,41.19278035598706,323.28311312912695,226.7108916602565
2023-03-30 20:00:00,312.78083868434425,1.3457224719336398,32.76280159622952,278.6723146161811,195.42516269672774
2023-03-30 21:00:00,300.67565633823517,1.183628267482756,42.96750923130094,256.5245188394515,180.02051084527872
2023-03-30 22:00:00,270.79607919647367,0.0,54.28812015453552,216.50795904193814,152.09845253090205
2023-03-30 23:00:00,265.6161098068153,0.0,32.41791206290702,233.19819774390828,163.56291754136487
2023-03-31 00:00:00,254.98462905484578,0.2037125905239734,31.559285054586454,223.22163140973535,156.57480908917108
2023-03-31 01:00:00,284.92803028169124,3.0980403029903747,41.01014188987256,240.8198480888283,169.04595588713835
2023-03-31 02:00:00,262.2404312645982,0.0,32.12276172122191,230.1176695433763,161.40359629757563
2023-03-31 03:00:00,282.5690280674087,0.0,33.659812423078314,248.90921564433037,174.57304907526205
2023-03-31 04:00:00,287.70843154614363,0.3295216824730335,36.6112113461746,250.767698517496,175.91009150935838
2023-03-31 05:00:00,290.9464461088023,0.10177540371203612,29.07506076647882,261.76960993861144,183.53151307276704
2023-03-31 06:00:00,326.75839514321825,0.3466833287408164,32.20702523026907,294.2046865842084,206.27228452782336
2023-03-31 07:00:00,358.97497507694845,13.42795990949542,45.627423334298484,299.9195918331545,210.66854771474104
2023-03-31 08:00:00,352.57755781904586,24.55185925557957,29.541041742152302,298.484656821314,209.7257073774529
2023-03-31 09:00:00,402.1251169599652,38.332610529233776,27.217022924041313,336.57548350669015,236.64166089450816
2023-03-31 10:00:00,393.81115377175286,40.09645498477379,34.95980016372886,318.7548986232502,224.27995613760788
2023-03-31 11:00:00,412.025698510657,46.635943116147544,45.85564402007878,319.53411137443067,225.0651532646252
2023-03-31 12:00:00,435.2227380472707,49.79001800940027,38.4246255360249,347.00809450184556,244.28571276684013
2023-03-31 13:00:00,420.0368827407022,45.0065595433997,36.28335137507507,338.7469718222274,238.38584498017792
2023-03-31 14:00:00,427.826114092158,42.94655413286269,40.35487038012487,344.5246895791704,242.42976249187777
2023-03-31 15:00:00,414.55009496992824,38.67582398348566,26.034340537122798,349.8399304493198,245.92181119956481
2023-03-31 16:00:00,408.4974876944756,25.0400367414411,43.95764523020027,339.4998057228342,238.59024119311474
2023-03-31 17:00:00,354.2773385161421,13.401455325115801,43.06748025122917,297.80840293979713,209.16458596687258
2023-03-31 18:00:00,343.24872147907496,0.0,36.725532207234245,306.5231892718407,214.93348781236082
2023-03-31 19:00:00,359.2279301896971,0.0,48.04739609437135,311.1805340953257,218.3068478276717
2023-03-31 20:00:00,344.84062257552864,0.0,30.980031208375706,313.86059136715295,220.0122142690908
2023-03-31 21:00:00,296.3311245460217,0.0,49.023271946028565,247.30785259999317,173.6057295394555
2023-03-31 22:00:00,289.75945732150376,2.5632875900075374,41.235949324762025,245.9602204067342,172.63577952976172
2023-03-31 23:00:00,285.127181589774,1.115382121450249,37.30757928097463,246.70422018734914,173.08833756638313
2023-01-05 04:00:00,268.2752140567613,0.0,58.49390841386808,209.78130564289322,147.43185303416394
2023-01-09 08:00:00,321.10538404718454,19.37289087567867,36.40028285016764,265.3322103213382,186.48400787095198
