timestamp,temperature,humidity,wind_speed,solar_radiation
2024-04-18 00:00:00,19.668,53.786,3.74,0.0
2024-01-12 09:00:00,-2.897,86.082,1.8,0.0
2024-01-26 22:00:00,9.235,65.3,4.206,0.0
2024-04-16 14:00:00,17.969,56.356,7.096,0.0
2024-07-29 10:00:00,19.147,55.474,,10.84
2024-12-01 04:00:00,0.272,88.23,1.861,0.0
2024-07-19 13:00:00,19.978,56.928,3.48,0.86
2024-05-20 11:00:00,17.43,53.844,4.643,155.11
2024-09-21 19:00:00,14.924,63.102,3.981,187.77
2024-12-23 07:00:00,-3.101,83.464,2.923,310.44
2024-04-23 19:00:00,25.526,55.118,2.325,411.59
2024-04-06 20:00:00,19.452,51.902,1.2,468.96
2024-03-01 05:00:00,4.144,72.199,2.557,488.34
2024-10-03 04:00:00,5.972,70.97,1.905,508.33
2024-03-24 08:00:00,7.61,78.289,4.43,388.76
2024-02-28 17:00:00,10.133,64.577,3.618,345.55
2024-09-22 19:00:00,15.271,66.544,4.337,200.46
2024-08-07 01:00:00,19.722,50.561,2.991,143.58
2024-10-28 02:00:00,,80.493,3.633,0.0
2024-12-24 15:00:00,4.238,82.389,1.414,0.0
2024-09-22 20:00:00,18.982,60.105,5.055,0.0
2024-09-22 14:00:00,10.968,61.671,4.606,0.0
2024-06-14 20:00:00,30.404,42.795,4.954,15.43
2024-03-20 23:00:00,13.979,64.432,3.033,5.32
2024-12-14 09:00:00,-3.361,89.092,3.478,27.05
2024-12-07 13:00:00,2.949,82.736,4.11,0.0
2024-07-10 06:00:00,18.674,57.776,2.297,13.39
2024-06-08 15:00:00,23.86,50.166,3.494,0.0
2024-04-04 08:00:00,12.289,68.423,2.912,0.0
2024-12-08 04:00:00,-3.212,87.957,3.752,0.0
2024-01-28 13:00:00,0.617,71.817,4.461,0.0
2024-08-05 16:00:00,27.604,47.363,1.249,87.44
2024-02-04 06:00:00,4.28,71.212,1.627,286.75
2024-07-29 09:00:00,17.099,65.213,1.684,341.02
2024-12-17 11:00:00,-2.552,81.14,2.237,444.55
2024-11-15 05:00:00,-0.604,76.305,1.507,512.99
2024-07-21 13:00:00,19.73,52.36,4.117,494.91
2024-02-02 06:00:00,0.971,80.484,2.672,536.3
2024-10-30 05:00:00,1.189,86.144,4.276,357.86
2024-09-21 01:00:00,11.718,64.161,4.477,246.26
2024-09-17 14:00:00,11.614,60.087,2.547,189.45
2024-03-01 13:00:00,11.793,71.15,3.6,109.16
2024-05-09 04:00:00,17.827,,1.898,30.69
2024-03-19 05:00:00,8.588,71.896,3.074,0.0
2024-08-05 15:00:00,19.683,47.202,1.811,0.0
2024-01-20 04:00:00,3.231,80.683,2.814,0.0
2024-10-12 11:00:00,3.09,79.457,5.083,0.0
2024-02-24 18:00:00,10.476,62.729,1.168,25.49
2024-05-11 06:00:00,19.415,58.72,2.563,0.0
2024-01-11 00:00:00,1.443,75.102,2.545,0.0
2024-04-27 19:00:00,23.054,58.555,3.083,0.0
2024-02-08 04:00:00,3.311,77.745,3.236,0.0
2024-07-31 04:00:00,16.526,48.455,1.867,0.0
2024-02-27 12:00:00,6.784,64.639,1.576,24.28
2024-11-29 00:00:00,5.637,77.146,0.969,0.0
2024-07-21 06:00:00,20.915,65.825,5.625,142.72
2024-03-29 17:00:00,17.973,59.229,2.839,285.23
2024-05-17 10:00:00,16.547,56.09,2.392,305.04
2024-07-11 20:00:00,29.142,45.308,2.92,418.54
2024-08-06 04:00:00,15.653,57.512,4.301,459.53
2024-07-02 18:00:00,25.973,39.418,4.171,438.59
2024-01-25 08:00:00,-1.411,89.074,3.847,495.33
2024-06-25 12:00:00,24.524,53.437,1.158,520.39
2024-02-05 02:00:00,1.734,76.046,2.447,378.72
2024-05-05 15:00:00,23.444,46.29,3.685,235.47
2024-01-16 09:00:00,-3.959,88.409,2.023,124.46
2024-01-10 15:00:00,2.219,73.029,2.435,0.0
2024-10-19 05:00:00,4.474,79.102,1.622,7.68
2024-08-18 23:00:00,20.665,41.134,4.121,0.0
2024-10-24 15:00:00,3.124,71.864,1.219,0.0
2024-07-25 08:00:00,19.22,63.546,3.491,0.0
2024-06-25 07:00:00,22.518,52.557,1.8,0.0
2024-04-11 09:00:00,12.259,66.673,4.108,32.34
2024-03-11 18:00:00,14.537,55.036,2.281,0.0
2024-10-27 02:00:00,6.08,70.825,4.411,0.0
2024-08-16 18:00:00,21.267,55.926,3.134,0.0
2024-02-21 20:00:00,9.269,57.135,1.485,0.0
2024-03-11 16:00:00,10.348,67.74,2.105,13.35
2024-10-11 22:00:00,9.891,63.288,5.111,0.0
2024-07-13 11:00:00,23.18,57.455,1.053,111.23
2024-02-12 23:00:00,4.688,69.086,3.31,292.05
2024-05-06 02:00:00,21.026,50.906,4.216,326.09
2024-08-28 13:00:00,13.8,66.909,3.387,407.99
2024-01-10 14:00:00,-0.521,78.152,2.964,511.77
2024-09-19 05:00:00,9.854,74.953,4.934,527.6
2024-10-18 05:00:00,3.232,80.295,2.398,523.91
2024-08-05 21:00:00,25.907,42.659,1.059,448.91
2024-05-25 10:00:00,18.831,59.098,4.404,339.92
2024-12-24 23:00:00,1.117,76.198,,233.04
2024-09-19 10:00:00,7.808,72.201,4.531,116.31
2024-07-11 10:00:00,19.675,57.761,1.399,0.0
2024-11-07 02:00:00,2.387,76.335,1.587,0.0
2024-11-23 18:00:00,6.172,76.134,3.749,1.97
2024-03-10 22:00:00,15.206,57.895,2.293,0.0
2024-10-20 22:00:00,9.529,68.764,2.529,0.0
2024-10-31 17:00:00,3.308,79.272,6.451,0.0
2024-03-26 11:00:00,8.848,68.17,3.623,0.0
2024-06-27 22:00:00,29.529,47.285,1.414,0.0
2024-10-08 01:00:00,7.422,70.498,5.131,0.0
2024-08-25 12:00:00,14.866,64.096,0.706,17.46
2024-03-06 23:00:00,12.075,65.076,3.703,27.24
2024-07-07 22:00:00,28.245,43.202,3.882,24.89
2024-12-24 16:00:00,-2.467,77.504,3.912,0.0
2024-06-24 06:00:00,21.385,56.009,2.977,96.83
2024-04-29 08:00:00,16.361,64.3,2.089,246.69
2024-04-20 15:00:00,20.677,55.372,2.828,337.19
2024-03-03 16:00:00,10.232,62.98,4.832,419.23
2024-10-18 10:00:00,1.565,,3.375,455.35
2024-09-03 11:00:00,10.727,60.92,5.106,516.94
2024-11-27 19:00:00,6.019,78.279,3.001,483.95
2024-03-07 10:00:00,1.62,74.57,4.427,484.24
2024-07-01 00:00:00,24.545,42.681,3.417,301.92
2024-09-10 04:00:00,9.449,64.475,1.54,253.73
2024-04-26 18:00:00,23.23,46.727,1.884,101.27
2024-04-15 09:00:00,11.294,61.001,5.897,19.66
2024-06-13 14:00:00,24.858,48.469,4.549,0.0
2024-09-12 18:00:00,16.883,56.245,0.809,34.65
2024-04-09 12:00:00,15.653,59.194,2.092,0.0
2024-11-17 21:00:00,3.035,70.633,5.263,0.0
2024-03-10 10:00:00,4.682,76.32,3.123,0.0
2024-09-10 07:00:00,12.292,69.634,1.21,38.43
2024-11-02 17:00:00,7.704,68.66,4.555,0.0
2024-08-27 06:00:00,13.105,66.428,2.776,10.44
2024-07-12 21:00:00,28.077,46.744,1.715,9.99
2024-09-12 16:00:00,17.302,58.77,2.108,44.15
2024-02-03 01:00:00,2.197,76.617,1.304,0.0
2024-06-18 07:00:00,20.707,53.049,2.384,16.83
2024-04-09 13:00:00,16.878,60.709,0.908,110.91
2024-04-11 06:00:00,13.989,68.409,5.253,240.05
2024-12-09 23:00:00,5.566,76.631,5.585,348.4
2024-11-12 05:00:00,-0.201,87.321,1.339,483.13
2024-01-28 15:00:00,2.694,72.423,4.61,434.58
2024-11-11 06:00:00,-1.663,73.601,2.617,404.02
2024-03-31 11:00:00,11.294,67.228,2.357,505.49
2024-08-20 07:00:00,10.448,61.709,2.797,363.56
2024-01-06 10:00:00,-5.73,85.66,3.895,268.15
2024-07-23 03:00:00,22.083,57.993,4.262,312.42
2024-10-16 05:00:00,5.437,74.098,3.146,140.35
2024-11-04 13:00:00,5.351,80.778,2.55,17.56
2024-07-15 06:00:00,18.281,59.497,0.309,0.0
2024-02-22 06:00:00,5.367,81.126,3.507,0.0
2024-08-05 03:00:00,17.343,59.144,3.354,0.0
2024-04-14 17:00:00,19.376,51.206,4.035,13.99
2024-03-15 21:00:00,13.399,69.768,1.444,14.36
2024-04-28 21:00:00,23.725,46.935,2.858,0.0
2024-11-15 17:00:00,4.275,66.014,3.281,28.21
2024-10-18 23:00:00,11.429,61.852,1.907,29.88
2024-07-13 10:00:00,18.392,61.453,1.511,17.35
2024-12-28 17:00:00,4.175,74.428,3.564,10.45
2024-08-13 07:00:00,17.26,64.659,4.892,13.87
2024-11-28 13:00:00,-1.185,81.896,2.197,0.0
2024-08-25 05:00:00,12.199,60.291,2.525,137.44
2024-05-21 08:00:00,18.378,51.912,3.491,202.83
2024-04-25 07:00:00,15.924,63.654,1.137,361.97
2024-10-20 12:00:00,5.244,84.441,2.189,436.41
2024-03-20 14:00:00,15.119,67.739,2.798,522.65
2024-01-07 00:00:00,3.055,71.248,5.206,460.42
2024-10-20 03:00:00,6.975,77.784,2.363,548.11
2024-02-21 07:00:00,0.108,79.847,3.193,473.68
2024-09-24 01:00:00,12.228,67.526,4.763,343.29
2024-03-08 05:00:00,6.57,79.728,2.649,292.6
2024-11-20 06:00:00,-1.83,82.038,4.62,62.89
2024-11-24 02:00:00,6.156,72.615,3.678,3.75
2024-03-10 01:00:00,13.351,63.332,3.239,0.0
2024-12-17 13:00:00,-0.679,86.1,2.18,0.0
2024-10-16 09:00:00,4.615,77.528,1.777,0.0
2024-03-06 08:00:00,2.323,76.045,4.038,9.89
2024-07-07 15:00:00,25.854,52.256,4.758,4.43
2024-06-16 05:00:00,21.51,53.146,3.951,0.4
2024-06-30 15:00:00,26.055,48.246,3.218,0.0
2024-08-06 16:00:00,23.644,55.136,2.663,36.75
2024-11-24 22:00:00,1.053,70.504,3.204,22.53
2024-02-07 12:00:00,2.724,75.805,2.683,12.2
2024-04-08 02:00:00,18.037,58.029,1.108,0.0
2024-01-29 22:00:00,7.299,70.096,5.083,4.37
2024-03-06 00:00:00,11.097,,3.927,153.63
2024-10-24 07:00:00,2.18,78.74,2.819,288.39
2024-09-29 12:00:00,8.347,69.836,1.456,248.61
2024-08-19 11:00:00,12.575,67.923,0.311,428.76
2024-04-05 00:00:00,14.157,62.005,1.564,408.26
2024-02-01 09:00:00,1.208,87.833,2.819,578.69
2024-01-30 17:00:00,6.447,73.626,2.979,401.4
2024-08-20 21:00:00,24.472,57.952,2.315,393.95
2024-06-27 17:00:00,27.812,46.317,3.957,275.67
2024-10-11 06:00:00,2.441,78.572,4.528,286.23
2024-11-11 11:00:00,-0.329,82.382,1.534,113.81
2024-02-10 06:00:00,-0.146,79.32,3.388,0.0
2024-05-19 15:00:00,22.727,51.784,2.526,9.65
2024-04-03 02:00:00,12.684,56.092,2.076,13.48
2024-06-15 14:00:00,26.926,51.639,3.485,27.91
2024-01-05 14:00:00,-2.987,74.924,3.752,8.16
2024-04-01 16:00:00,19.709,61.7,2.885,0.0
2024-03-16 06:00:00,8.191,71.843,2.921,0.0
2024-11-28 01:00:00,3.832,74.507,1.661,0.0
2024-10-13 07:00:00,4.424,79.062,4.203,3.67
2024-05-28 08:00:00,19.55,55.405,3.109,19.79
2024-02-04 21:00:00,5.673,65.725,0.0,15.84
2024-11-20 22:00:00,5.164,69.434,4.395,16.47
2024-10-30 06:00:00,0.525,88.496,5.742,28.3
2024-05-23 19:00:00,24.308,41.686,5.283,160.4
2024-12-05 17:00:00,0.427,83.86,2.624,250.77
2024-05-06 23:00:00,22.907,46.022,3.83,368.06
2024-10-20 09:00:00,1.199,74.233,2.754,355.86
2024-08-31 16:00:00,16.099,55.469,4.506,536.1
2024-08-13 18:00:00,21.491,43.942,4.911,493.22
2024-06-12 18:00:00,28.58,43.826,5.196,538.53
2024-07-29 20:00:00,24.749,52.505,1.914,398.68
2024-05-31 05:00:00,19.38,58.889,2.311,349.59
2024-09-02 03:00:00,11.627,71.577,6.407,259.02
2024-06-02 00:00:00,23.417,50.155,1.163,130.65
2024-03-03 23:00:00,11.018,62.585,3.187,0.0
2024-01-21 23:00:00,5.644,73.658,3.165,41.29
2024-09-28 21:00:00,14.42,57.926,0.926,11.75
2024-08-04 23:00:00,22.385,44.077,2.533,0.0
2024-05-12 21:00:00,28.648,42.16,1.696,0.0
2024-07-08 14:00:00,25.888,54.788,3.039,38.65
2024-01-12 11:00:00,-1.048,89.078,3.189,0.0
2024-10-13 04:00:00,4.14,77.158,3.926,0.0
2024-05-30 14:00:00,24.525,45.592,2.632,44.71
2024-12-22 10:00:00,-1.748,90.211,2.883,31.63
2024-04-10 16:00:00,19.237,59.322,3.564,0.0
2024-01-08 12:00:00,-0.221,85.852,5.02,13.57
2024-11-30 12:00:00,-4.306,85.598,0.0,0.0
2024-09-29 14:00:00,6.691,66.125,2.062,129.02
2024-09-30 23:00:00,14.549,58.557,2.508,243.98
2024-04-30 10:00:00,16.574,53.953,2.555,299.21
2024-08-16 11:00:00,15.781,65.919,2.564,409.08
2024-01-04 16:00:00,1.458,68.413,4.653,355.69
2024-07-18 04:00:00,21.062,53.074,3.132,399.83
2024-06-22 12:00:00,21.208,61.95,1.494,340.18
2024-04-29 11:00:00,15.201,59.923,3.017,454.49
2024-02-16 00:00:00,9.539,70.094,5.188,324.64
2024-09-15 01:00:00,15.481,63.488,2.483,204.58
2024-11-10 20:00:00,8.937,68.192,2.552,176.28
2024-01-03 13:00:00,-1.01,78.656,3.919,9.72
2024-11-21 08:00:00,0.294,90.126,5.181,29.17
2024-01-11 19:00:00,6.128,63.883,3.12,0.0
2024-12-20 08:00:00,-6.468,86.66,2.07,0.0
2024-04-12 13:00:00,16.93,60.968,3.854,8.94
2024-10-21 15:00:00,4.98,72.184,1.483,4.14
2024-05-27 18:00:00,27.752,40.722,3.118,0.0
2024-12-17 10:00:00,-3.977,86.112,2.023,0.0
2024-08-23 15:00:00,16.871,51.78,1.093,0.36
2024-10-02 20:00:00,8.955,61.689,1.386,0.0
2024-11-01 13:00:00,5.307,75.218,2.771,22.62
2024-09-25 06:00:00,8.106,,4.378,12.52
2024-09-17 08:00:00,5.26,74.841,2.376,29.09
2024-12-02 13:00:00,1.505,85.046,3.271,126.51
2024-07-11 14:00:00,21.571,45.019,0.901,231.99
2024-11-26 14:00:00,0.567,75.419,3.033,368.81
2024-01-26 06:00:00,-2.473,83.47,4.196,433.25
2024-08-25 13:00:00,15.486,58.194,2.742,382.57
2024-04-10 01:00:00,17.598,53.458,3.201,457.51
2024-06-26 10:00:00,20.29,63.981,1.801,520.1
2024-12-05 15:00:00,0.39,73.111,4.048,416.37
2024-10-09 03:00:00,6.878,68.017,2.962,321.09
2024-09-15 12:00:00,8.631,71.502,2.752,328.54
2024-04-03 17:00:00,19.351,59.725,2.004,148.71
2024-03-28 03:00:00,13.153,57.213,3.737,0.0
2024-08-05 07:00:00,17.363,62.757,0.0,0.0
2024-01-05 13:00:00,-0.703,77.184,4.761,0.0
2024-02-13 22:00:00,7.504,62.789,2.233,5.0
2024-02-26 02:00:00,2.775,72.082,1.901,14.06
2024-12-06 07:00:00,-2.275,86.772,4.358,0.37
2024-11-13 12:00:00,-1.243,85.202,2.681,19.99
2024-08-20 15:00:00,19.575,54.28,1.153,0.38
2024-09-03 23:00:00,18.292,53.134,3.613,18.16
2024-09-27 23:00:00,10.613,68.697,3.814,0.0
2024-06-21 03:00:00,22.963,53.49,2.411,0.0
2024-05-02 23:00:00,24.321,48.771,2.943,0.0
2024-10-02 06:00:00,4.315,72.845,1.468,22.14
2024-04-09 06:00:00,13.205,61.783,1.972,170.63
2024-09-29 15:00:00,10.559,59.619,1.621,256.66
2024-05-11 04:00:00,19.164,55.699,0.079,393.94
2024-12-24 20:00:00,4.443,72.087,1.815,375.25
2024-05-14 14:00:00,20.986,52.903,0.969,458.86
2024-09-25 09:00:00,6.566,74.094,4.181,476.27
2024-08-15 03:00:00,17.879,61.58,2.898,472.92
2024-07-30 17:00:00,24.24,53.95,3.219,343.05
2024-10-11 10:00:00,1.311,74.724,4.841,340.52
2024-01-03 14:00:00,-1.632,78.176,3.406,259.47
2024-04-12 02:00:00,14.979,58.838,3.447,108.9
2024-11-26 11:00:00,0.503,83.981,2.527,15.08
2024-08-16 04:00:00,16.213,58.027,4.272,0.0
2024-03-31 16:00:00,13.365,46.283,2.44,10.76
2024-09-07 22:00:00,22.31,55.42,2.459,16.36
2024-04-30 16:00:00,18.032,47.308,2.025,1.32
2024-09-18 19:00:00,17.801,60.243,3.745,4.3
2024-07-06 03:00:00,20.746,46.901,4.259,0.0
2024-08-03 01:00:00,17.913,53.56,0.393,0.0
2024-11-26 08:00:00,-2.527,88.068,2.634,33.88
2024-06-13 10:00:00,21.434,49.984,3.64,9.99
2024-04-08 10:00:00,,64.334,2.007,19.6
2024-06-26 23:00:00,25.805,44.366,2.992,0.0
2024-09-25 01:00:00,9.284,62.655,2.892,8.45
2024-08-07 17:00:00,24.103,46.419,3.447,147.27
2024-02-21 04:00:00,6.172,70.69,1.448,221.25
2024-03-23 07:00:00,8.056,68.34,4.531,326.05
2024-09-14 10:00:00,12.329,71.916,2.582,469.16
2024-09-12 10:00:00,10.419,74.408,1.505,502.78
2024-02-17 18:00:00,7.21,63.101,3.976,411.3
2024-07-16 21:00:00,26.79,48.675,2.671,485.53
2024-03-18 15:00:00,9.475,64.786,2.118,450.16
2024-12-29 11:00:00,-2.066,83.845,4.85,346.38
2024-04-20 06:00:00,13.973,63.223,4.146,301.6
2024-10-06 20:00:00,14.327,61.105,1.839,143.43
2024-10-31 15:00:00,3.658,69.317,5.245,0.0
2024-05-03 20:00:00,21.782,47.074,4.779,0.0
2024-06-27 16:00:00,28.61,48.927,1.65,0.0
2024-10-21 08:00:00,2.056,85.359,2.429,0.0
2024-07-08 15:00:00,25.926,53.766,2.253,0.0
2024-03-19 12:00:00,9.746,69.521,3.047,19.75
2024-09-09 15:00:00,19.287,61.808,1.619,26.62
2024-10-30 02:00:00,6.724,74.019,4.612,33.87
2024-05-01 21:00:00,24.257,46.954,3.76,0.0
2024-05-14 04:00:00,17.848,56.891,0.435,0.0
2024-12-19 13:00:00,0.328,82.925,0.906,0.0
2024-01-03 09:00:00,-4.061,90.157,4.211,0.0
2024-07-10 17:00:00,27.758,46.107,1.27,24.17
2024-01-27 01:00:00,2.624,80.217,4.584,138.04
2024-08-11 10:00:00,16.031,58.183,4.064,291.92
2024-11-22 21:00:00,7.751,70.986,4.573,381.46
2024-07-24 09:00:00,17.795,57.984,3.787,366.02
2024-11-19 12:00:00,2.182,87.985,4.166,512.88
2024-11-10 03:00:00,0.977,79.432,0.543,537.92
2024-03-22 13:00:00,17.026,67.128,5.458,308.68
2024-04-01 11:00:00,10.441,69.108,2.426,323.55
2024-03-24 16:00:00,16.012,60.187,5.38,380.84
2024-02-10 17:00:00,3.001,65.244,5.233,174.82
2024-11-03 09:00:00,0.766,83.029,4.117,119.53
2024-09-10 21:00:00,16.045,55.452,1.381,0.0
2024-10-18 19:00:00,9.608,66.771,3.391,0.0
2024-01-26 17:00:00,6.518,69.79,3.929,16.22
2024-10-09 01:00:00,7.755,66.956,4.466,0.0
2024-07-16 07:00:00,20.61,57.012,2.884,17.81
2024-04-09 18:00:00,19.364,51.562,0.699,16.53
2024-06-15 13:00:00,22.356,46.655,4.06,11.31
2024-11-21 19:00:00,5.629,69.74,4.406,0.0
2024-08-03 06:00:00,16.242,58.644,1.422,0.0
2024-07-08 00:00:00,25.77,43.798,2.876,0.0
2024-03-13 08:00:00,4.661,73.158,2.468,28.39
2024-03-12 12:00:00,8.95,77.224,1.856,0.0
2024-03-14 00:00:00,11.585,66.936,2.497,0.0
2024-12-10 14:00:00,-2.522,82.324,4.652,111.72
2024-05-29 07:00:00,17.141,61.055,4.071,201.35
2024-03-27 08:00:00,9.602,72.477,4.243,285.82
2024-04-12 12:00:00,14.765,68.404,4.147,450.25
2024-10-30 22:00:00,7.822,67.617,3.091,519.53
2024-09-19 03:00:00,13.502,64.134,4.26,574.16
2024-06-20 07:00:00,18.736,61.705,3.14,519.88
2024-02-21 02:00:00,6.516,75.641,2.892,472.54
2024-11-13 05:00:00,-1.332,86.775,2.679,276.36
2024-06-22 04:00:00,22.934,54.391,2.491,247.0
2024-06-25 03:00:00,23.661,48.153,0.316,160.82
2024-04-07 11:00:00,11.642,67.34,2.32,0.0
2024-02-27 14:00:00,11.446,76.623,1.679,14.71
2024-10-06 01:00:00,11.504,66.316,2.589,7.99
2024-10-24 04:00:00,4.181,71.246,2.599,0.0
2024-01-06 23:00:00,3.686,72.486,4.976,24.32
2024-02-19 19:00:00,10.731,57.639,2.165,12.02
2024-07-31 12:00:00,20.884,63.24,2.231,0.0
2024-05-25 02:00:00,22.234,48.976,5.975,0.0
2024-09-20 13:00:00,8.112,66.14,4.063,4.43
2024-04-22 14:00:00,22.078,47.399,1.557,0.0
2024-01-02 13:00:00,-4.252,87.053,3.751,0.0
2024-01-24 02:00:00,2.75,77.453,3.747,27.17
2024-10-29 15:00:00,7.777,67.294,4.099,0.0
2024-08-23 16:00:00,21.105,59.416,0.939,130.5
2024-06-16 20:00:00,30.859,42.705,3.692,230.37
2024-02-01 10:00:00,-1.998,77.801,2.045,369.95
2024-01-31 19:00:00,8.726,77.164,2.044,392.68
2024-12-13 07:00:00,-3.106,89.86,2.061,506.51
2024-04-08 09:00:00,9.557,71.502,3.61,563.47
2024-02-28 02:00:00,7.098,76.341,2.259,394.62
2024-02-28 19:00:00,12.621,64.84,3.2,458.09
2024-02-03 18:00:00,6.588,69.159,1.803,404.41
2024-12-23 04:00:00,-1.229,75.091,1.052,230.18
2024-11-16 21:00:00,3.717,65.484,2.972,152.33
2024-09-24 08:00:00,4.554,78.256,2.792,31.39
2024-05-19 06:00:00,16.994,58.504,3.035,0.0
2024-09-08 22:00:00,17.625,57.908,1.446,0.0
2024-05-01 10:00:00,17.709,63.719,3.545,18.28
2024-07-11 15:00:00,25.593,44.937,1.752,0.0
2024-10-11 14:00:00,8.264,67.572,3.949,6.79
2024-07-02 00:00:00,26.296,45.559,4.286,7.95
2024-01-24 21:00:00,5.612,72.585,4.0,2.78
2024-12-30 07:00:00,-2.047,91.457,3.522,21.25
2024-04-18 09:00:00,14.997,64.904,3.532,0.0
2024-01-16 03:00:00,0.984,78.53,1.499,0.0
2024-12-21 06:00:00,-4.038,85.114,,43.19
2024-04-21 21:00:00,22.714,49.912,2.551,0.0
2024-11-16 10:00:00,-0.87,80.748,4.137,124.96
2024-10-10 06:00:00,3.688,77.796,3.142,277.99
2024-05-08 12:00:00,18.629,59.143,3.35,294.94
2024-11-27 21:00:00,3.866,71.4,2.196,452.84
2024-11-16 07:00:00,-1.029,87.017,4.278,370.38
2024-10-07 03:00:00,2.72,70.728,3.947,603.88
2024-11-14 23:00:00,4.312,74.602,4.186,523.47
2024-09-13 06:00:00,13.076,74.927,2.173,537.56
2024-10-06 04:00:00,8.583,75.162,3.431,330.84
2024-10-23 21:00:00,5.667,65.068,2.181,202.82
2024-10-29 00:00:00,2.844,67.942,4.193,145.19
2024-06-23 05:00:00,20.23,53.189,2.562,0.0
2024-08-28 08:00:00,12.71,74.171,2.747,0.0
2024-07-06 20:00:00,28.689,44.809,3.596,13.11
2024-09-13 08:00:00,7.743,72.406,2.428,0.0
2024-12-30 16:00:00,3.339,79.063,6.251,0.0
2024-06-12 14:00:00,25.635,49.049,4.57,0.0
2024-12-20 00:00:00,2.967,76.979,0.0,0.0
2024-03-08 11:00:00,8.778,73.791,5.083,20.85
2024-12-09 16:00:00,8.248,75.719,4.523,0.0
2024-02-23 04:00:00,8.981,76.051,2.027,12.03
2024-07-02 17:00:00,28.118,37.56,4.1,0.0
2024-04-11 04:00:00,16.461,66.156,4.984,10.1
2024-01-21 15:00:00,3.808,74.449,4.141,5.31
2024-09-02 11:00:00,13.822,74.017,3.939,114.46
2024-03-16 01:00:00,12.1,58.892,0.495,230.9
2024-10-24 20:00:00,11.574,63.99,1.618,213.22
2024-11-27 09:00:00,-5.534,83.043,2.093,403.72
2024-03-20 10:00:00,5.708,69.885,2.865,482.99
2024-02-05 20:00:00,8.121,66.438,1.464,563.89
2024-02-09 10:00:00,-1.835,76.35,2.874,526.51
2024-06-13 16:00:00,29.862,43.008,4.066,474.67
2024-02-20 15:00:00,9.536,72.688,2.241,338.49
2024-04-14 13:00:00,13.591,68.149,4.239,300.63
2024-05-28 23:00:00,26.475,46.025,3.646,123.02
2024-07-27 22:00:00,25.156,52.062,4.224,0.0
2024-04-17 09:00:00,15.493,63.416,5.032,0.0
2024-06-02 04:00:00,21.607,48.508,1.118,31.85
2024-03-08 22:00:00,13.875,61.163,4.267,0.0
2024-11-14 08:00:00,-5.639,85.788,2.057,11.66
2024-08-03 16:00:00,20.269,47.565,1.143,0.0
2024-12-20 02:00:00,-3.201,82.359,1.916,0.0
2024-09-15 10:00:00,13.384,75.598,2.371,18.3
2024-09-29 18:00:00,10.464,58.315,3.063,6.53
2024-08-18 01:00:00,18.037,52.404,1.743,16.13
2024-01-31 07:00:00,-0.202,79.853,1.475,19.19
2024-07-14 19:00:00,25.947,45.023,0.884,0.0
2024-06-17 03:00:00,24.678,57.136,3.096,0.0
2024-07-09 11:00:00,19.946,55.981,1.577,110.9
2024-07-12 22:00:00,27.822,47.945,3.454,285.55
2024-12-09 10:00:00,-3.608,85.714,5.36,448.95
2024-12-07 01:00:00,-1.107,79.804,4.284,421.14
2024-12-01 08:00:00,-5.772,90.036,1.466,439.67
2024-06-23 14:00:00,24.687,54.617,2.88,535.48
2024-09-30 20:00:00,17.497,56.655,1.546,532.57
2024-06-23 01:00:00,25.563,52.141,0.954,507.12
2024-10-06 16:00:00,13.021,73.227,2.962,379.34
2024-10-24 02:00:00,4.981,74.41,3.091,283.36
2024-04-06 21:00:00,20.529,47.587,1.206,112.2
2024-07-17 04:00:00,17.962,43.349,2.693,14.01
2024-01-16 19:00:00,3.705,74.924,1.229,0.0
2024-04-19 08:00:00,14.663,64.335,,0.0
2024-04-04 10:00:00,8.399,73.875,1.402,2.52
2024-09-14 20:00:00,16.887,61.015,1.476,0.0
2024-03-26 12:00:00,10.053,64.696,5.784,0.0
2024-09-15 20:00:00,15.865,61.045,2.365,0.0
2024-11-16 05:00:00,0.653,84.347,4.592,21.38
2024-10-18 06:00:00,3.759,84.447,3.089,0.0
2024-06-06 21:00:00,29.899,36.026,2.583,17.82
2024-01-18 15:00:00,,68.696,2.938,0.0
2024-12-08 18:00:00,2.89,71.129,3.102,0.0
2024-11-05 18:00:00,5.898,65.802,2.655,6.97
2024-08-07 16:00:00,19.857,57.005,1.543,153.36
2024-01-28 20:00:00,1.865,66.201,2.665,282.33
2024-02-10 15:00:00,2.17,70.056,2.28,390.23
2024-07-20 02:00:00,22.51,52.329,4.396,401.59
2024-04-22 10:00:00,16.112,62.36,0.357,497.2
2024-09-13 16:00:00,15.393,59.417,1.491,490.33
2024-06-01 07:00:00,20.204,61.153,2.178,407.83
2024-01-18 16:00:00,4.651,75.127,1.775,405.45
2024-07-14 03:00:00,20.633,53.642,0.415,288.14
2024-01-27 16:00:00,3.904,76.339,4.003,131.09
2024-03-09 04:00:00,6.022,76.049,3.603,127.15
2024-03-13 09:00:00,4.772,75.113,2.101,1.59
2024-10-29 16:00:00,6.03,73.327,3.531,17.16
2024-06-22 02:00:00,25.769,41.944,1.761,2.64
2024-08-16 13:00:00,18.849,55.547,3.399,7.21
2024-04-23 18:00:00,24.309,49.625,1.681,19.48
2024-10-26 01:00:00,4.079,74.279,2.591,13.62
2024-10-16 17:00:00,8.154,67.435,1.658,0.0
2024-03-26 06:00:00,9.773,76.125,5.145,0.0
2024-05-20 13:00:00,24.627,56.89,3.962,48.91
2024-12-06 03:00:00,-0.787,80.333,4.488,0.0
2024-02-06 21:00:00,11.094,68.464,2.943,0.0
2024-03-22 12:00:00,6.569,72.371,4.222,0.0
2024-11-18 06:00:00,-1.61,84.297,3.184,0.0
2024-11-10 22:00:00,4.474,68.071,1.505,165.78
2024-07-15 02:00:00,25.373,48.147,1.667,241.91
2024-06-06 16:00:00,26.525,39.701,1.777,316.12
2024-08-08 05:00:00,17.782,57.163,3.66,442.06
2024-11-10 05:00:00,-0.328,85.529,1.979,507.49
2024-02-20 11:00:00,2.18,83.042,1.69,459.2
2024-06-16 08:00:00,19.116,64.403,3.972,417.86
2024-10-10 11:00:00,7.842,78.421,4.675,402.52
2024-05-02 12:00:00,19.887,64.619,3.96,363.14
2024-01-28 11:00:00,-0.452,82.68,4.598,208.72
2024-05-19 08:00:00,16.569,64.81,2.715,110.95
2024-12-17 07:00:00,-4.0,92.491,1.876,26.99
2024-01-26 12:00:00,0.888,83.568,3.906,13.67
2024-12-21 15:00:00,2.322,69.949,2.311,48.12
2024-12-30 02:00:00,2.885,76.285,4.115,0.0
2024-07-27 11:00:00,18.132,56.59,4.22,0.0
2024-05-15 04:00:00,19.547,51.063,0.0,0.0
2024-05-04 12:00:00,16.359,60.824,4.057,2.42
2024-08-01 20:00:00,25.601,34.234,2.18,21.03
2024-04-25 09:00:00,,68.554,2.697,0.0
2024-01-10 06:00:00,-1.435,85.125,2.529,14.07
2024-09-20 15:00:00,13.84,64.085,4.307,10.23
2024-07-29 17:00:00,24.162,48.126,2.001,0.0
2024-09-03 21:00:00,17.478,53.271,4.307,15.45
2024-07-16 17:00:00,25.065,48.172,1.539,162.0
2024-06-10 20:00:00,27.733,44.199,4.307,299.58
2024-10-30 07:00:00,1.66,74.475,5.192,362.57
2024-04-22 05:00:00,15.386,63.017,2.907,483.14
2024-01-06 09:00:00,-4.245,88.199,4.341,582.82
2024-12-06 06:00:00,-0.034,91.89,3.53,450.52
2024-05-02 13:00:00,18.218,54.171,2.886,485.83
2024-03-05 16:00:00,9.355,61.544,5.755,368.42
2024-06-18 10:00:00,20.874,61.688,3.286,315.83
2024-07-26 06:00:00,15.564,62.704,2.835,252.01
2024-11-18 05:00:00,-1.183,85.856,5.595,111.29
2024-04-11 10:00:00,13.378,68.95,3.132,0.0
2024-02-11 09:00:00,-0.393,82.518,2.966,12.12
2024-10-27 03:00:00,2.062,71.411,3.505,16.49
2024-04-13 03:00:00,17.081,56.795,3.558,0.0
2024-08-02 15:00:00,20.256,50.392,1.853,21.75
2024-09-07 21:00:00,18.942,51.677,1.925,23.85
2024-02-05 04:00:00,2.055,75.853,2.453,0.0
2024-07-27 23:00:00,23.461,36.978,3.721,2.89
2024-09-26 09:00:00,8.048,71.756,1.272,7.5
2024-09-08 13:00:00,10.071,69.008,2.896,33.35
2024-12-15 14:00:00,0.738,76.757,3.424,0.0
2024-01-25 01:00:00,4.684,80.758,4.616,0.0
2024-12-06 16:00:00,5.168,69.272,2.715,0.0
2024-04-25 20:00:00,24.544,52.566,1.316,140.98
2024-11-18 15:00:00,3.757,72.358,4.612,223.75
2024-04-09 22:00:00,19.887,56.065,3.514,289.11
2024-09-04 17:00:00,19.293,57.299,3.975,416.93
2024-03-30 04:00:00,12.352,66.572,3.149,534.15
2024-07-12 15:00:00,24.065,53.228,2.628,407.72
2024-08-18 11:00:00,14.016,62.322,2.155,410.7
2024-08-25 23:00:00,17.876,44.37,2.015,461.23
2024-11-16 22:00:00,4.138,68.846,3.29,370.73
2024-03-01 22:00:00,11.233,,5.217,270.49
2024-11-11 20:00:00,8.586,69.51,1.755,153.79
2024-03-27 21:00:00,15.109,57.85,4.24,0.0
2024-05-12 09:00:00,16.725,61.013,0.773,43.45
2024-03-08 15:00:00,9.371,63.006,5.32,0.0
2024-01-01 04:00:00,-2.156,86.385,3.315,5.84
2024-01-15 23:00:00,2.544,71.273,0.773,23.88
2024-10-13 08:00:00,0.658,73.523,3.676,0.0
2024-02-18 19:00:00,10.266,67.691,3.498,7.84
2024-11-28 00:00:00,2.029,72.584,0.611,12.82
2024-07-18 07:00:00,16.935,56.085,3.126,0.0
2024-04-20 01:00:00,18.747,53.819,1.313,0.0
2024-10-16 03:00:00,3.152,72.122,2.127,26.21
2024-04-17 21:00:00,21.312,49.301,3.024,9.58
2024-09-03 15:00:00,14.221,62.026,4.624,19.44
2024-05-01 23:00:00,23.155,49.595,3.531,159.05
2024-02-23 17:00:00,5.76,67.672,2.073,244.17
2024-04-10 07:00:00,13.874,66.302,3.991,353.47
2024-09-20 07:00:00,7.636,67.046,5.298,469.14
2024-02-05 00:00:00,5.666,66.398,0.319,467.49
2024-07-03 16:00:00,26.073,48.194,3.414,527.24
2024-08-26 08:00:00,11.942,69.252,2.774,501.03
2024-09-10 22:00:00,17.344,55.46,2.505,365.1
2024-03-19 07:00:00,6.479,66.125,1.744,387.82
2024-03-29 11:00:00,10.55,69.689,3.575,236.41
2024-05-22 00:00:00,24.208,48.782,3.351,178.55
2024-04-13 19:00:00,19.44,54.353,2.724,0.0
2024-10-16 22:00:00,14.794,67.375,3.361,0.0
2024-12-01 13:00:00,-1.36,78.637,1.134,0.0
2024-04-16 02:00:00,14.899,59.674,4.452,0.0
2024-01-22 17:00:00,5.719,75.702,4.083,34.35
2024-12-13 13:00:00,-1.005,83.574,3.03,24.84
2024-01-06 04:00:00,-0.418,85.603,5.357,0.0
2024-10-29 12:00:00,5.866,78.81,5.009,0.0
2024-05-25 06:00:00,22.174,50.239,2.206,0.0
2024-02-20 01:00:00,6.518,68.54,2.752,10.62
2024-06-10 00:00:00,25.179,39.009,3.193,14.48
2024-06-23 11:00:00,19.858,59.018,0.99,27.74
2024-01-15 02:00:00,1.948,81.221,1.893,0.0
2024-05-12 03:00:00,21.551,53.243,1.036,161.29
2024-08-16 17:00:00,20.679,42.792,2.51,202.74
2024-07-26 02:00:00,24.43,52.755,4.281,362.32
2024-09-23 16:00:00,13.666,61.036,3.542,526.33
2024-05-06 06:00:00,12.741,63.656,4.032,579.26
2024-12-10 08:00:00,-7.853,88.486,4.669,545.43
2024-10-25 14:00:00,8.363,74.855,3.163,530.83
2024-08-18 02:00:00,19.549,52.621,2.03,391.03
2024-05-16 03:00:00,20.258,59.045,1.727,296.92
2024-04-18 18:00:00,22.382,47.553,3.687,323.4
2024-07-07 17:00:00,25.281,40.605,3.44,149.98
2024-07-19 20:00:00,26.176,47.559,4.014,0.0
2024-08-24 04:00:00,11.986,62.25,1.022,36.53
2024-08-24 22:00:00,22.823,55.535,2.189,2.48
2024-03-28 02:00:00,14.235,68.617,1.974,2.45
2024-02-21 13:00:00,4.406,76.44,1.091,0.0
2024-10-04 00:00:00,12.827,61.879,2.598,0.0
2024-06-21 17:00:00,22.088,35.431,1.617,0.0
2024-02-04 00:00:00,6.087,62.702,1.612,34.41
2024-08-07 00:00:00,21.274,47.53,1.225,1.7
2024-12-24 04:00:00,-2.736,96.224,2.664,0.0
2024-10-27 05:00:00,2.07,79.154,2.821,0.0
2024-11-04 09:00:00,0.557,81.466,4.022,23.1
2024-04-22 22:00:00,,55.052,0.917,48.26
2024-02-07 16:00:00,6.404,70.852,0.519,115.9
2024-04-04 18:00:00,16.571,51.954,2.261,290.53
2024-11-18 14:00:00,0.506,73.981,3.424,319.79
2024-05-04 21:00:00,22.022,44.334,4.327,484.66
2024-04-20 09:00:00,,64.87,2.538,533.82
2024-03-14 12:00:00,8.32,68.997,2.323,491.95
2024-07-24 04:00:00,20.722,51.898,5.865,519.21
2024-02-03 09:00:00,-1.332,77.105,1.927,472.33
2024-11-28 07:00:00,-2.529,85.754,3.36,354.23
2024-11-27 01:00:00,0.172,72.617,3.538,312.11
2024-01-08 16:00:00,2.251,77.319,5.394,164.03
2024-10-17 19:00:00,6.697,62.918,2.695,17.42
2024-04-28 20:00:00,21.476,47.471,1.716,0.0
2024-06-20 19:00:00,28.236,37.423,2.899,0.0
2024-02-11 22:00:00,9.774,70.49,4.56,0.0
2024-08-12 00:00:00,25.849,56.208,5.088,23.59
2024-07-03 18:00:00,26.134,43.008,5.423,0.0
2024-08-07 21:00:00,21.607,44.365,2.82,0.0
2024-09-09 00:00:00,13.533,60.575,2.472,0.04
2024-07-10 03:00:00,23.861,50.507,2.23,0.0
2024-03-06 17:00:00,14.061,60.0,4.898,23.54
2024-08-13 00:00:00,18.915,53.429,4.887,0.0
2024-01-29 14:00:00,2.334,78.191,3.167,0.0
2024-01-13 00:00:00,3.536,68.321,0.169,0.0
2024-06-06 06:00:00,17.037,,3.777,162.74
2024-06-13 11:00:00,21.873,58.026,5.316,228.69
2024-05-09 23:00:00,,44.06,2.257,397.07
2024-05-01 20:00:00,24.105,51.581,2.04,440.17
2024-12-29 13:00:00,-1.528,86.287,4.916,432.28
2024-05-26 14:00:00,25.273,56.469,3.788,453.59
2024-06-08 22:00:00,25.497,40.49,3.182,577.1
2024-04-26 07:00:00,14.27,65.121,1.156,308.68
2024-04-19 23:00:00,21.47,50.568,1.881,340.83
2024-08-08 04:00:00,20.776,55.214,3.872,188.72
2024-04-12 16:00:00,20.192,60.165,3.164,100.5
2024-02-16 08:00:00,3.11,79.296,4.327,18.25
2024-06-25 14:00:00,26.557,49.355,2.441,0.0
2024-01-18 10:00:00,0.148,83.104,3.003,0.0
2024-07-26 10:00:00,18.915,58.391,4.104,9.8
2024-07-25 23:00:00,26.642,46.876,5.92,0.0
2024-12-21 00:00:00,1.589,80.437,1.391,12.7
2024-12-20 10:00:00,-1.575,93.814,3.215,18.13
2024-09-29 23:00:00,14.754,57.428,2.353,14.27
2024-02-23 14:00:00,3.502,69.728,1.117,0.0
2024-09-18 13:00:00,10.738,67.094,3.901,17.48
2024-12-28 01:00:00,1.452,74.772,3.984,0.0
2024-08-02 09:00:00,17.113,61.596,2.151,0.0
2024-11-05 23:00:00,7.209,72.652,2.331,0.0
2024-03-29 00:00:00,15.925,52.643,4.261,136.42
2024-06-01 02:00:00,24.147,47.627,1.005,260.39
2024-06-22 10:00:00,20.039,60.227,1.777,357.28
2024-11-26 13:00:00,2.322,83.51,3.926,524.34
2024-01-28 23:00:00,1.733,68.118,3.578,523.61
2024-01-13 03:00:00,-0.892,86.954,2.221,430.88
2024-06-11 13:00:00,22.61,58.569,3.422,427.88
2024-10-06 10:00:00,4.231,71.987,3.698,390.42
2024-08-24 13:00:00,18.486,62.674,1.689,423.92
2024-05-05 11:00:00,20.098,57.775,3.977,308.8
2024-05-13 18:00:00,27.211,47.857,1.102,126.99
2024-12-14 07:00:00,-4.89,94.382,4.6,0.0
2024-12-21 05:00:00,-4.719,85.193,1.025,0.0
2024-08-03 05:00:00,19.536,62.167,1.668,0.0
2024-02-07 21:00:00,11.818,66.286,2.562,29.58
2024-05-10 06:00:00,14.332,61.402,2.024,7.82
2024-12-18 06:00:00,-5.445,84.738,2.825,3.22
2024-08-10 10:00:00,15.456,66.101,5.902,19.84
2024-07-19 02:00:00,19.949,49.495,3.908,21.11
2024-04-09 23:00:00,19.004,52.719,3.127,0.0
2024-11-22 18:00:00,5.899,65.735,5.186,0.0
2024-07-08 20:00:00,25.57,34.563,2.999,0.0
2024-01-18 18:00:00,3.217,65.405,1.071,8.55
2024-08-19 09:00:00,15.301,63.121,1.545,0.0
2024-03-11 19:00:00,14.335,62.036,1.629,166.76
2024-03-03 08:00:00,8.249,78.71,5.051,279.73
2024-02-22 04:00:00,1.033,74.506,1.201,322.21
2024-10-07 04:00:00,5.344,75.248,3.907,433.4
2024-04-28 16:00:00,20.37,61.374,2.952,415.37
2024-07-18 16:00:00,24.354,54.488,2.941,615.52
2024-08-24 07:00:00,13.319,57.567,3.098,490.34
2024-06-28 16:00:00,26.755,52.403,2.983,345.57
2024-05-16 22:00:00,24.844,48.423,1.583,348.14
2024-05-23 08:00:00,18.966,57.192,4.177,315.03
2024-01-26 13:00:00,-0.677,77.19,5.426,146.53
2024-03-05 20:00:00,14.58,59.027,3.928,1.52
2024-03-03 05:00:00,6.042,76.55,3.458,9.19
2024-12-27 14:00:00,0.883,76.808,4.488,2.65
2024-12-28 06:00:00,-3.375,88.388,3.677,12.34
2024-08-02 20:00:00,25.002,48.505,1.092,6.64
2024-02-15 00:00:00,6.743,69.749,4.555,5.49
2024-05-17 19:00:00,26.602,39.421,2.097,9.61
2024-01-09 01:00:00,-0.485,76.822,3.471,10.46
2024-09-10 01:00:00,15.6,60.357,2.525,38.44
2024-12-27 05:00:00,-1.27,82.25,3.435,0.0
2024-03-19 11:00:00,7.899,74.575,2.865,0.0
2024-08-10 03:00:00,18.051,59.183,4.976,15.09
2024-07-02 22:00:00,27.537,46.576,4.019,22.74
2024-03-01 17:00:00,11.659,61.577,3.536,156.7
2024-10-28 08:00:00,0.896,77.836,4.074,291.13
2024-08-09 08:00:00,14.255,66.116,5.445,374.42
2024-12-09 18:00:00,2.896,72.986,3.314,429.75
2024-08-20 04:00:00,15.216,61.878,2.764,357.84
2024-02-28 10:00:00,6.426,72.125,3.761,377.76
2024-02-06 02:00:00,4.421,79.61,1.473,445.71
2024-11-16 06:00:00,-2.507,91.745,3.902,325.87
2024-11-19 01:00:00,1.27,79.751,2.951,350.57
2024-10-16 20:00:00,10.699,58.26,1.921,289.82
2024-09-25 22:00:00,11.412,57.543,4.53,141.83
2024-10-07 11:00:00,3.823,82.889,3.107,0.0
2024-05-05 01:00:00,20.026,53.181,4.01,0.0
2024-02-19 13:00:00,3.296,76.892,2.089,5.56
2024-11-03 00:00:00,3.218,69.623,4.967,17.85
2024-07-02 03:00:00,20.233,53.367,3.702,8.18
2024-01-06 15:00:00,4.35,80.577,5.176,0.0
2024-06-11 18:00:00,29.729,41.603,2.797,52.68
2024-09-19 15:00:00,14.962,65.987,5.704,0.0
2024-12-30 23:00:00,5.684,73.724,4.483,7.57
2024-12-02 08:00:00,-4.618,86.612,1.695,6.82
2024-02-05 21:00:00,4.891,66.407,1.429,0.0
2024-06-25 05:00:00,21.128,63.436,1.479,18.38
2024-12-07 05:00:00,-0.88,81.365,4.513,9.43
2024-02-04 09:00:00,2.359,85.216,1.439,157.67
2024-12-02 10:00:00,-6.699,85.139,1.103,241.44
2024-07-30 08:00:00,18.264,57.585,1.479,255.64
2024-03-29 14:00:00,11.726,62.387,2.936,444.92
2024-01-01 03:00:00,1.972,80.542,3.04,453.3
2024-09-08 00:00:00,15.585,55.385,1.643,502.3
2024-05-08 22:00:00,22.873,48.064,3.912,490.36
2024-02-19 23:00:00,11.359,67.725,3.771,351.0
2024-10-13 12:00:00,6.08,78.581,3.624,291.47
2024-06-28 03:00:00,21.402,49.249,2.802,275.09
2024-12-08 20:00:00,3.761,71.677,5.14,121.74
2024-10-28 00:00:00,6.433,69.119,3.185,0.0
2024-11-11 08:00:00,0.564,86.611,2.733,0.56
2024-08-27 04:00:00,15.142,68.229,2.318,3.99
2024-12-23 05:00:00,-0.61,82.693,3.475,21.62
2024-08-29 23:00:00,18.326,51.517,4.489,0.0
2024-09-11 19:00:00,15.553,51.851,1.014,0.0
2024-01-17 19:00:00,5.339,72.1,1.014,0.0
2024-01-08 17:00:00,4.766,79.499,4.447,0.0
2024-02-24 05:00:00,5.951,77.617,1.045,5.13
2024-10-13 16:00:00,9.424,70.125,5.147,50.69
2024-05-18 13:00:00,22.018,53.014,1.959,0.0
2024-02-01 18:00:00,11.247,71.788,2.096,14.78
2024-12-25 09:00:00,-3.414,87.708,3.461,0.0
2024-06-30 07:00:00,20.017,59.914,3.811,167.62
2024-01-04 09:00:00,-2.81,92.301,4.675,254.95
2024-12-24 01:00:00,1.329,72.465,1.803,324.25
2024-03-07 07:00:00,0.215,78.358,3.246,454.01
2024-11-19 05:00:00,2.883,89.938,3.828,491.53
2024-07-16 14:00:00,22.753,46.041,2.855,594.84
2024-09-30 18:00:00,12.865,63.902,2.088,496.34
2024-04-29 06:00:00,14.177,66.985,2.391,451.4
2024-07-24 18:00:00,27.149,43.863,4.174,340.23
2024-10-26 22:00:00,11.44,71.926,3.026,241.46
2024-08-09 10:00:00,15.059,61.984,5.583,69.75
2024-06-19 20:00:00,25.299,42.542,2.477,21.63
2024-07-10 04:00:00,20.415,55.817,0.51,0.0
2024-11-15 22:00:00,4.171,72.583,2.228,22.93
2024-11-14 06:00:00,1.204,78.293,2.608,0.0
2024-08-29 15:00:00,16.014,56.542,3.283,43.96
2024-04-06 19:00:00,22.34,50.773,0.022,0.0
2024-07-08 12:00:00,22.119,56.73,1.789,0.0
2024-06-09 06:00:00,22.313,64.878,2.596,18.06
2024-02-16 12:00:00,7.87,80.809,4.225,28.19
2024-09-07 09:00:00,8.99,63.708,2.31,24.65
2024-02-17 19:00:00,6.991,61.74,2.908,0.0
2024-08-28 03:00:00,12.777,61.598,3.167,0.0
2024-04-22 15:00:00,21.334,50.454,1.555,7.12
2024-08-18 15:00:00,23.73,60.74,3.777,163.71
2024-08-08 20:00:00,23.486,44.818,2.859,302.34
2024-06-12 17:00:00,27.045,47.928,4.596,400.26
2024-11-23 23:00:00,7.413,75.117,4.425,468.54
2024-12-20 22:00:00,2.325,72.081,2.11,595.34
2024-01-30 16:00:00,3.919,,1.143,471.87
2024-01-22 16:00:00,0.908,77.59,3.893,507.08
2024-04-26 02:00:00,17.751,,1.753,479.88
2024-01-09 02:00:00,1.033,81.6,4.044,435.56
2024-06-11 17:00:00,26.128,44.121,4.085,288.93
2024-11-08 06:00:00,-2.537,89.469,0.939,143.33
2024-09-19 04:00:00,10.807,62.341,3.243,0.0
2024-06-28 00:00:00,23.965,50.288,3.222,0.0
2024-05-17 02:00:00,24.641,48.212,1.98,1.48
2024-10-09 21:00:00,12.954,65.094,3.708,0.0
2024-05-28 22:00:00,24.308,41.934,2.974,20.2
2024-03-12 05:00:00,5.77,69.979,1.427,9.84
2024-07-28 03:00:00,21.109,53.413,4.256,0.0
2024-07-06 19:00:00,27.846,46.559,4.056,0.0
2024-03-17 07:00:00,7.937,74.679,1.724,0.0
2024-07-22 00:00:00,21.903,56.541,5.254,0.0
2024-01-01 20:00:00,6.904,73.268,3.556,0.0
2024-12-16 11:00:00,-1.003,85.791,2.451,28.31
2024-12-29 18:00:00,2.838,68.735,4.061,0.0
2024-01-10 05:00:00,-5.396,80.042,1.659,131.9
2024-07-01 05:00:00,21.171,63.506,5.199,297.47
2024-01-26 21:00:00,7.096,76.515,4.966,385.3
2024-01-17 08:00:00,-4.985,91.291,2.769,524.71
2024-03-11 13:00:00,6.69,73.997,2.38,514.06
2024-01-01 10:00:00,-4.032,81.962,2.612,479.49
2024-12-06 14:00:00,-0.559,71.694,3.881,511.24
2024-08-04 11:00:00,16.867,60.999,3.366,367.39
2024-07-13 23:00:00,26.292,41.151,2.464,333.19
2024-03-18 09:00:00,7.273,70.842,2.164,281.84
2024-01-23 17:00:00,3.42,74.238,5.331,140.26
2024-11-01 21:00:00,8.436,67.553,2.765,40.42
2024-12-31 03:00:00,0.273,82.298,3.766,0.0
2024-06-18 05:00:00,21.671,55.807,3.432,9.6
2024-02-07 03:00:00,3.938,82.934,2.962,5.68
2024-08-09 07:00:00,18.062,60.584,3.447,0.0
2024-12-18 17:00:00,2.143,78.457,1.887,0.0
2024-12-22 19:00:00,4.258,75.043,0.751,17.09
2024-07-11 11:00:00,20.15,53.608,0.298,6.4
2024-11-04 05:00:00,0.816,83.445,3.168,0.0
2024-12-16 09:00:00,-3.924,84.969,1.188,0.0
2024-02-26 13:00:00,7.042,75.867,0.664,20.99
2024-10-23 20:00:00,11.701,70.144,0.269,0.0
2024-04-29 03:00:00,18.939,45.672,2.87,2.54
2024-11-03 16:00:00,5.085,78.339,4.727,154.9
2024-11-14 03:00:00,0.296,78.82,2.104,311.49
2024-10-14 10:00:00,3.362,81.03,3.637,401.92
2024-09-01 00:00:00,13.558,64.729,4.763,436.15
2024-02-27 15:00:00,7.508,68.942,1.527,489.99
2024-08-19 03:00:00,17.824,58.648,1.998,593.7
2024-09-21 15:00:00,10.651,70.697,3.987,518.15
2024-04-21 05:00:00,16.579,58.675,3.702,434.97
2024-08-01 15:00:00,21.904,57.478,3.487,334.51
2024-05-08 07:00:00,16.653,68.071,3.87,278.95
2024-02-22 12:00:00,5.626,72.41,0.064,92.64
2024-07-30 21:00:00,29.215,48.509,1.746,0.0
2024-02-26 00:00:00,11.081,67.45,1.59,10.03
2024-10-25 13:00:00,3.703,83.323,2.717,13.48
2024-04-18 19:00:00,19.561,47.327,2.696,10.04
2024-01-31 22:00:00,5.376,64.521,1.974,5.26
2024-11-18 13:00:00,0.354,74.246,3.104,0.0
2024-10-22 08:00:00,1.553,79.42,1.483,0.0
2024-04-01 09:00:00,8.144,67.298,2.773,14.26
2024-12-23 00:00:00,2.835,77.648,2.352,0.0
2024-06-17 01:00:00,19.916,50.131,2.801,0.0
2024-05-11 14:00:00,23.755,56.445,3.048,14.1
2024-03-02 05:00:00,6.313,72.157,4.11,0.0
2024-06-11 00:00:00,26.137,44.908,3.432,0.0
2024-05-04 22:00:00,,40.236,5.056,111.69
2024-09-01 07:00:00,8.468,64.59,5.25,247.5
2024-03-28 18:00:00,15.49,56.344,0.797,379.1
2024-04-07 20:00:00,20.907,53.876,3.15,487.94
2024-11-01 20:00:00,6.751,70.506,5.073,539.72
2024-01-31 20:00:00,3.723,64.515,3.379,629.88
2024-01-06 08:00:00,-3.295,86.451,3.654,557.49
2024-12-08 06:00:00,-4.171,89.677,3.247,388.37
2024-12-21 02:00:00,-0.882,77.69,2.094,395.25
2024-01-13 16:00:00,2.993,74.187,2.652,276.34
2024-08-15 04:00:00,19.783,62.003,3.451,155.62
2024-05-22 04:00:00,24.194,53.105,6.224,24.92
2024-04-24 22:00:00,20.229,50.673,1.495,29.68
2024-11-27 17:00:00,6.606,73.278,2.263,0.0
2024-06-22 17:00:00,25.533,39.462,1.973,5.34
2024-11-29 11:00:00,-0.855,89.668,1.612,0.0
2024-07-10 15:00:00,26.636,52.59,3.676,0.0
2024-10-05 06:00:00,3.998,78.483,1.384,0.0
2024-09-08 04:00:00,8.619,63.364,3.294,0.0
2024-11-29 02:00:00,-0.587,79.366,3.709,12.59
2024-01-31 21:00:00,4.597,65.2,2.655,23.57
2024-01-31 13:00:00,-1.064,83.037,1.834,0.0
2024-06-03 15:00:00,22.2,46.342,1.544,20.65
2024-02-17 00:00:00,7.604,65.98,3.6,0.0
2024-07-10 00:00:00,24.904,46.19,1.76,175.25
2024-02-23 00:00:00,6.841,66.601,1.311,285.5
2024-07-29 00:00:00,24.197,57.583,1.916,396.3
2024-08-31 07:00:00,,64.796,4.445,539.84
2024-01-25 18:00:00,7.593,68.646,2.966,528.66
2024-05-04 16:00:00,22.523,44.784,5.301,545.36
2024-10-03 19:00:00,11.694,60.914,1.136,504.97
2024-12-31 22:00:00,5.86,78.467,5.01,401.24
2024-11-12 09:00:00,-1.725,84.037,0.0,375.71
2024-10-10 03:00:00,9.143,70.062,5.134,244.35
2024-10-20 06:00:00,-1.771,83.406,2.975,127.45
2024-07-13 16:00:00,25.875,43.8,0.987,0.0
2024-09-07 01:00:00,14.26,63.527,3.756,0.0
2024-08-03 11:00:00,15.491,60.904,0.558,20.84
2024-09-25 03:00:00,9.038,72.269,4.955,0.0
2024-09-04 03:00:00,12.496,52.092,3.957,0.0
2024-01-10 22:00:00,3.067,67.937,2.909,30.47
2024-09-18 00:00:00,13.023,65.031,3.768,30.74
2024-08-14 13:00:00,19.981,62.152,2.198,0.0
2024-06-18 12:00:00,19.857,50.875,1.965,0.0
2024-04-06 23:00:00,17.593,58.88,0.895,0.0
2024-03-25 20:00:00,17.738,51.748,4.396,0.0
2024-09-16 17:00:00,10.867,57.903,1.774,0.0
2024-05-06 15:00:00,21.347,57.026,3.991,0.0
2024-09-14 03:00:00,12.132,67.01,2.451,111.74
2024-08-13 03:00:00,18.182,57.542,5.287,288.36
2024-08-10 07:00:00,14.785,,2.711,409.21
2024-10-09 07:00:00,5.469,77.306,4.447,494.98
2024-04-12 01:00:00,16.42,56.568,3.0,466.72
2024-12-13 19:00:00,4.491,79.357,4.562,464.14
2024-07-28 19:00:00,29.601,46.168,3.031,503.46
2024-04-05 15:00:00,17.239,65.099,0.505,413.82
2024-04-09 11:00:00,11.558,66.932,2.231,400.15
2024-09-02 08:00:00,7.284,70.779,4.611,287.88
2024-09-23 11:00:00,9.7,77.016,4.041,156.62
2024-04-12 15:00:00,15.435,56.759,5.162,2.44
2024-07-24 14:00:00,21.089,52.627,4.936,0.0
2024-10-05 01:00:00,9.896,66.471,2.959,19.42
2024-12-23 13:00:00,-2.116,80.33,1.48,24.73
2024-12-22 20:00:00,-0.219,75.372,0.954,36.1
2024-02-04 22:00:00,8.842,69.292,2.558,0.0
2024-08-03 22:00:00,23.715,51.29,1.314,4.47
2024-04-08 01:00:00,14.432,53.382,3.014,6.78
2024-05-03 05:00:00,16.99,59.881,3.357,0.0
2024-11-09 19:00:00,7.675,73.942,1.129,0.86
2024-09-11 20:00:00,19.025,52.875,0.995,0.0
2024-01-25 10:00:00,-2.029,78.078,3.613,0.0
2024-03-17 13:00:00,10.541,69.637,0.243,0.0
2024-07-17 21:00:00,26.555,41.137,2.328,130.61
2024-10-09 15:00:00,8.41,73.975,5.443,171.41
2024-11-28 14:00:00,0.626,74.93,1.942,413.18
2024-02-14 08:00:00,0.547,78.188,4.58,448.73
2024-03-01 00:00:00,11.338,70.918,4.102,454.74
2024-11-01 04:00:00,2.685,,3.934,634.31
2024-06-07 04:00:00,21.438,55.725,2.456,509.11
2024-03-22 19:00:00,17.438,52.991,2.551,457.69
2024-05-02 14:00:00,21.246,57.001,4.886,388.49
2024-08-31 03:00:00,13.966,64.83,4.772,270.37
2024-11-22 09:00:00,,94.514,3.787,148.57
2024-12-06 11:00:00,-0.266,87.593,3.486,0.0
2024-01-05 06:00:00,-3.615,,3.545,0.0
2024-05-24 23:00:00,28.119,43.643,4.253,0.0
2024-01-02 08:00:00,-3.714,86.538,3.883,5.87
2024-02-24 19:00:00,8.496,61.198,0.431,16.97
2024-02-17 17:00:00,8.575,69.385,5.472,13.91
2024-09-12 05:00:00,9.111,65.681,1.452,0.0
2024-04-25 05:00:00,17.618,58.155,2.457,0.0
2024-06-14 01:00:00,28.389,47.931,5.049,0.0
2024-11-23 21:00:00,6.329,64.751,3.248,0.0
2024-04-10 08:00:00,13.705,66.573,2.869,0.0
2024-03-21 19:00:00,16.247,57.3,4.287,0.0
2024-05-26 11:00:00,20.997,59.521,4.209,0.0
2024-01-15 21:00:00,4.549,70.058,1.351,105.83
2024-05-25 18:00:00,26.019,47.091,5.858,264.23
2024-04-10 11:00:00,16.184,68.75,3.726,425.18
2024-03-04 04:00:00,9.461,80.709,3.824,388.35
2024-12-04 15:00:00,-0.284,74.068,2.772,583.91
2024-04-01 23:00:00,17.93,59.382,2.115,602.03
2024-06-04 14:00:00,25.017,54.068,2.85,521.3
2024-02-22 11:00:00,3.692,77.878,1.596,461.1
2024-10-26 03:00:00,2.441,76.703,2.21,404.7
2024-12-03 12:00:00,-5.875,84.144,1.172,242.2
2024-05-10 14:00:00,21.307,55.756,1.148,167.2
2024-12-16 01:00:00,3.146,74.502,3.595,6.79
2024-07-20 06:00:00,20.457,68.922,3.526,22.55
2024-04-30 18:00:00,22.73,56.15,3.527,0.0
2024-08-29 00:00:00,17.899,53.223,4.918,7.66
2024-01-23 09:00:00,-2.53,83.571,5.218,3.87
2024-11-25 18:00:00,3.845,76.108,2.751,0.0
2024-04-05 09:00:00,13.96,68.941,1.586,0.0
2024-06-28 08:00:00,17.511,54.959,2.319,20.4
2024-03-12 09:00:00,8.014,75.135,2.961,0.0
2024-02-28 04:00:00,3.331,68.628,3.134,14.88
2024-05-01 13:00:00,20.108,59.658,3.647,0.0
2024-01-08 18:00:00,4.969,70.692,3.159,11.95
2024-08-03 14:00:00,21.602,60.448,2.292,0.0
2024-12-04 13:00:00,0.943,93.509,2.571,150.54
2024-04-12 05:00:00,12.511,65.03,4.378,249.39
2024-05-30 04:00:00,22.686,52.716,2.944,401.54
2024-04-29 15:00:00,21.486,50.638,2.208,444.21
2024-04-12 07:00:00,15.441,,3.944,539.25
2024-08-06 14:00:00,19.09,59.259,1.787,485.85
2024-03-03 13:00:00,6.511,72.654,4.976,566.0
2024-08-18 17:00:00,20.385,49.709,1.806,551.94
2024-08-06 08:00:00,15.986,55.476,2.219,382.78
2024-09-04 19:00:00,20.927,52.609,4.039,240.67
2024-01-08 00:00:00,2.211,71.43,5.149,121.88
2024-05-17 15:00:00,21.276,52.402,2.714,0.0
2024-06-29 18:00:00,23.581,39.594,4.373,0.0
2024-10-08 19:00:00,14.912,62.177,4.185,0.0
2024-03-07 05:00:00,6.664,71.724,3.796,4.09
2024-04-12 19:00:00,20.56,51.073,4.1,12.42
2024-06-29 17:00:00,27.566,40.349,3.379,0.0
2024-12-25 15:00:00,0.585,75.897,1.108,40.19
2024-04-13 11:00:00,12.609,67.87,4.137,6.15
2024-12-06 08:00:00,-5.068,87.288,2.748,0.0
2024-12-12 21:00:00,6.938,63.534,4.325,6.64
2024-05-22 19:00:00,28.965,43.986,3.861,0.0
2024-02-27 03:00:00,9.609,76.839,2.789,10.11
2024-06-12 23:00:00,27.434,40.694,3.781,11.45
2024-12-20 16:00:00,2.431,83.028,0.717,107.2
2024-02-04 15:00:00,2.988,75.049,2.208,263.71
2024-12-12 06:00:00,-5.008,87.418,5.058,422.95
2024-02-08 13:00:00,0.439,72.5,1.494,449.19
2024-12-22 07:00:00,-5.181,88.024,2.828,531.43
2024-02-20 18:00:00,8.216,62.863,2.943,538.17
2024-08-23 17:00:00,20.035,55.034,1.827,407.95
2024-09-24 12:00:00,6.819,71.923,4.45,495.7
2024-08-04 15:00:00,23.168,52.064,1.594,365.78
2024-11-07 21:00:00,5.702,64.574,2.471,258.36
2024-06-09 03:00:00,20.309,50.959,3.555,129.14
2024-09-13 10:00:00,10.975,67.518,2.11,0.0
2024-03-11 22:00:00,14.755,59.417,1.467,0.0
2024-03-08 00:00:00,12.12,68.435,4.401,9.89
2024-06-05 17:00:00,26.449,41.76,1.035,9.98
2024-06-10 23:00:00,26.385,45.059,2.677,0.0
2024-10-27 18:00:00,6.075,63.652,2.58,0.0
2024-03-15 07:00:00,8.473,76.643,1.303,14.05
2024-04-24 14:00:00,21.96,60.385,0.546,11.88
2024-04-20 21:00:00,20.357,52.015,3.258,10.8
2024-09-08 23:00:00,19.745,53.99,1.66,0.0
2024-05-13 10:00:00,18.552,60.217,2.676,1.41
2024-07-04 16:00:00,23.532,39.56,3.326,7.64
2024-06-17 13:00:00,22.209,47.681,3.92,0.0
2024-04-24 20:00:00,23.151,45.934,1.102,137.2
2024-03-22 03:00:00,11.325,67.901,4.197,329.61
2024-10-18 16:00:00,9.578,71.19,0.692,393.59
2024-06-12 07:00:00,19.936,54.767,4.292,517.15
2024-01-07 14:00:00,-1.557,78.684,4.683,561.44
2024-05-18 12:00:00,22.185,56.698,3.718,569.34
2024-03-21 14:00:00,16.966,70.718,2.119,644.12
2024-04-26 09:00:00,13.605,65.681,1.024,482.98
2024-09-19 06:00:00,6.289,64.872,4.117,386.04
2024-03-29 18:00:00,18.105,52.556,3.195,322.86
2024-07-14 02:00:00,25.575,53.636,1.735,181.96
2024-11-30 13:00:00,-0.266,77.288,2.207,23.5
2024-05-05 23:00:00,25.445,49.528,3.161,0.0
2024-02-19 20:00:00,10.039,62.623,3.753,10.91
2024-02-03 22:00:00,8.782,71.026,2.037,0.0
2024-07-08 03:00:00,23.724,52.917,1.786,21.89
2024-06-27 05:00:00,19.325,64.472,3.226,0.0
2024-07-05 01:00:00,22.515,42.201,4.323,9.54
2024-11-18 17:00:00,3.013,70.186,3.661,5.86
2024-01-12 01:00:00,-0.262,80.331,1.132,0.0
2024-09-03 02:00:00,14.847,62.158,3.791,0.0
2024-03-03 12:00:00,7.939,73.813,4.357,0.77
2024-12-23 22:00:00,,64.966,2.235,10.41
2024-07-24 22:00:00,25.529,47.925,4.365,14.92
2024-12-07 11:00:00,-0.787,85.974,4.025,125.9
2024-02-17 14:00:00,5.449,69.514,4.292,186.38
2024-06-22 21:00:00,26.111,45.444,1.979,348.58
2024-05-29 01:00:00,23.092,52.796,2.24,531.76
2024-09-08 11:00:00,11.454,69.255,2.285,485.12
2024-12-19 09:00:00,-3.922,92.197,2.87,604.19
2024-01-21 09:00:00,-0.475,89.607,2.454,487.32
2024-07-27 16:00:00,22.233,52.683,2.782,506.74
2024-03-05 13:00:00,10.109,70.3,,371.53
2024-10-28 13:00:00,3.919,86.403,2.805,289.78
2024-08-12 08:00:00,16.736,62.173,5.092,74.4
2024-10-31 21:00:00,10.085,70.121,4.482,29.2
2024-02-18 04:00:00,2.657,74.36,3.942,0.0
2024-06-14 04:00:00,20.856,54.645,4.608,0.0
2024-01-07 01:00:00,3.03,77.703,3.388,8.82
2024-02-04 03:00:00,4.489,76.044,1.396,33.41
2024-02-04 05:00:00,3.315,87.247,1.632,0.0
2024-11-04 17:00:00,8.34,68.629,3.984,0.0
2024-09-11 16:00:00,16.41,61.956,2.714,5.18
2024-10-14 21:00:00,9.161,65.871,2.692,0.0
2024-09-26 01:00:00,13.283,68.821,4.358,11.29
2024-07-16 10:00:00,16.829,63.602,1.583,5.16
2024-06-21 06:00:00,20.331,53.607,1.951,13.05
2024-12-21 07:00:00,-3.473,96.755,2.464,20.65
2024-07-23 08:00:00,19.191,57.785,4.388,176.63
2024-05-25 08:00:00,17.22,58.751,4.974,279.45
2024-05-29 19:00:00,29.133,46.356,,395.35
2024-04-29 22:00:00,23.615,54.732,1.9,537.16
2024-03-21 07:00:00,7.828,80.933,2.822,526.78
2024-05-22 06:00:00,18.155,55.274,,572.29
2024-09-04 10:00:00,13.74,70.006,3.659,582.09
2024-12-19 06:00:00,0.522,87.275,1.293,432.73
2024-05-21 10:00:00,22.597,52.707,3.552,404.2
2024-11-17 05:00:00,-2.66,81.836,4.769,305.89
2024-08-30 16:00:00,16.878,55.038,3.751,111.25
2024-12-23 18:00:00,6.851,71.299,3.233,10.31
2024-12-25 10:00:00,-4.006,79.533,3.54,18.69
2024-07-11 12:00:00,20.352,51.499,2.579,0.0
2024-08-08 10:00:00,19.23,71.151,3.634,15.25
2024-09-06 06:00:00,14.683,69.393,2.633,39.21
2024-05-12 06:00:00,16.223,56.731,2.513,0.0
2024-02-15 17:00:00,4.602,66.659,3.028,0.0
2024-07-08 02:00:00,22.986,56.259,3.385,0.0
2024-11-13 02:00:00,2.625,78.946,2.622,24.44
2024-10-08 04:00:00,5.136,76.366,3.525,12.5
2024-01-03 00:00:00,2.978,73.604,4.364,0.0
2024-11-03 05:00:00,-2.732,84.091,4.337,0.0
2024-06-14 12:00:00,22.577,55.749,4.563,24.69
2024-11-22 16:00:00,3.137,77.744,5.049,137.2
2024-08-04 12:00:00,20.32,63.676,0.459,311.08
2024-12-06 15:00:00,3.341,80.9,3.808,359.3
2024-01-05 04:00:00,-4.081,90.369,4.6,572.55
2024-11-19 08:00:00,-0.095,81.287,3.008,593.41
2024-08-02 05:00:00,18.892,57.366,1.015,584.93
2024-02-06 13:00:00,3.274,78.313,2.743,584.62
2024-07-22 22:00:00,23.691,51.031,4.793,406.95
2024-01-28 01:00:00,4.925,72.086,3.476,416.13
2024-02-04 13:00:00,2.064,70.069,1.906,261.59
2024-09-23 01:00:00,14.389,56.522,2.46,70.09
2024-09-10 19:00:00,17.782,53.646,1.207,0.0
2024-10-30 20:00:00,7.011,69.504,3.574,0.0
2024-04-02 21:00:00,20.34,50.837,1.557,3.08
2024-01-13 09:00:00,-2.28,92.862,1.695,14.8
2024-04-14 21:00:00,16.875,51.156,4.01,17.57
2024-05-25 07:00:00,20.217,59.802,5.861,9.02
2024-06-27 09:00:00,17.308,64.573,2.332,9.64
2024-01-21 20:00:00,7.469,70.538,3.569,10.27
2024-02-23 09:00:00,2.669,79.009,1.373,7.63
2024-12-14 20:00:00,4.489,70.339,3.323,23.59
2024-03-17 12:00:00,7.322,68.09,1.771,0.0
2024-09-08 03:00:00,10.41,67.109,2.832,0.0
2024-08-17 23:00:00,18.492,45.595,2.811,0.0
2024-01-21 19:00:00,3.177,72.828,3.919,167.0
2024-02-20 21:00:00,10.677,61.369,1.827,301.42
2024-11-11 07:00:00,-3.623,78.991,2.595,399.72
2024-05-11 01:00:00,23.245,47.895,2.564,556.43
2024-12-31 18:00:00,5.813,72.928,4.295,522.23
2024-04-18 11:00:00,12.775,66.505,4.877,637.56
2024-06-13 15:00:00,23.464,47.277,3.886,513.78
2024-03-11 05:00:00,9.458,76.769,2.314,416.14
2024-12-21 19:00:00,5.036,78.446,2.435,445.56
2024-11-07 20:00:00,6.36,67.103,2.086,284.21
2024-11-24 07:00:00,-2.073,,5.457,128.57
2024-04-07 16:00:00,13.783,53.621,3.22,0.0
2024-03-05 14:00:00,8.755,69.63,3.555,0.0
2024-01-30 05:00:00,1.96,87.212,2.995,0.0
2024-11-07 05:00:00,1.258,84.993,1.556,3.21
2024-06-05 22:00:00,25.349,45.553,0.98,20.77
2024-10-30 08:00:00,-1.257,87.191,5.487,33.52
2024-04-14 16:00:00,19.994,51.527,4.72,5.25
2024-09-09 14:00:00,13.296,65.242,2.099,0.0
2024-05-02 19:00:00,18.573,56.939,4.26,18.59
2024-06-17 21:00:00,28.205,39.887,4.422,9.34
2024-06-16 04:00:00,20.208,50.173,3.444,26.33
2024-03-23 10:00:00,7.764,69.875,5.242,0.0
2024-10-27 08:00:00,-1.67,84.087,3.827,0.0
2024-03-19 15:00:00,13.592,62.947,2.277,162.99
2024-10-27 23:00:00,13.057,71.792,3.96,323.65
2024-02-16 05:00:00,6.161,77.861,3.635,438.24
2024-09-05 18:00:00,19.984,58.685,2.878,476.82
2024-07-06 12:00:00,19.779,53.024,4.347,480.89
2024-04-20 14:00:00,16.92,58.855,3.176,522.92
2024-04-28 14:00:00,18.405,61.645,1.81,567.76
2024-03-23 19:00:00,17.412,62.812,2.973,613.4
2024-02-02 23:00:00,6.519,66.816,3.155,425.11
2024-12-20 14:00:00,0.008,79.208,0.355,268.55
2024-06-24 11:00:00,20.163,53.53,2.124,139.77
2024-04-03 06:00:00,10.667,71.401,1.799,4.19
2024-06-28 15:00:00,21.757,50.648,2.472,0.0
2024-08-30 03:00:00,17.513,54.941,4.236,25.78
2024-08-31 23:00:00,15.349,52.312,4.538,0.0
2024-01-13 19:00:00,3.829,69.594,1.119,13.83
2024-06-02 19:00:00,28.85,48.434,0.764,0.0
2024-02-15 08:00:00,0.905,80.007,3.557,36.45
2024-07-16 18:00:00,26.464,47.186,1.814,30.23
2024-03-27 02:00:00,9.053,59.739,4.0,11.93
2024-08-11 21:00:00,23.125,51.012,4.28,59.31
2024-02-22 05:00:00,4.466,76.129,1.344,24.27
2024-06-08 14:00:00,23.411,50.582,4.736,0.0
2024-12-21 01:00:00,1.408,81.346,2.835,0.0
2024-04-17 00:00:00,21.108,60.264,4.136,153.61
2024-11-15 16:00:00,4.571,77.602,3.451,306.04
2024-04-03 15:00:00,13.505,61.644,2.297,412.65
2024-04-27 00:00:00,22.949,61.205,2.043,507.77
2024-04-27 10:00:00,16.546,58.376,2.509,644.21
2024-03-18 13:00:00,12.011,68.492,0.72,500.42
2024-02-01 05:00:00,-2.185,79.3,3.973,612.05
2024-08-12 04:00:00,16.164,55.805,3.241,403.79
2024-12-02 20:00:00,1.87,73.204,1.921,394.28
2024-12-19 00:00:00,0.815,72.456,1.726,362.55
2024-08-27 05:00:00,11.917,70.331,1.615,145.35
2024-08-09 04:00:00,16.339,53.404,4.472,32.69
2024-02-28 08:00:00,1.871,75.788,1.833,9.06
2024-06-30 20:00:00,26.721,39.94,4.767,0.0
2024-07-01 04:00:00,19.79,49.245,4.585,0.0
2024-06-26 12:00:00,23.715,48.737,1.269,0.0
2024-01-01 15:00:00,0.289,82.348,3.635,23.21
2024-12-19 20:00:00,3.796,74.626,0.762,0.0
2024-11-02 05:00:00,3.407,72.709,2.358,0.0
2024-12-29 17:00:00,2.595,76.203,5.006,11.57
2024-11-30 03:00:00,1.345,78.629,2.184,37.56
2024-07-26 00:00:00,23.148,47.219,2.787,0.0
2024-09-22 11:00:00,8.111,71.647,3.144,0.0
2024-12-20 09:00:00,-4.411,82.529,1.675,5.75
2024-02-09 12:00:00,2.293,83.61,3.371,156.31
2024-02-25 16:00:00,8.078,77.035,0.961,257.3
2024-04-06 17:00:00,19.692,47.516,1.513,360.39
2024-08-11 08:00:00,15.3,58.494,3.995,579.84
2024-11-14 16:00:00,2.289,71.136,3.058,551.32
2024-08-15 02:00:00,17.92,58.812,4.818,699.52
2024-09-11 04:00:00,10.487,69.467,2.035,527.18
2024-04-15 11:00:00,12.697,60.699,4.994,463.85
2024-02-20 19:00:00,13.98,64.895,3.867,361.15
2024-01-10 04:00:00,2.96,82.386,2.061,252.9
2024-09-01 09:00:00,10.617,68.152,3.253,143.72
2024-01-30 04:00:00,-0.041,74.406,1.122,30.35
2024-08-11 07:00:00,15.025,63.318,4.723,3.21
2024-05-27 14:00:00,24.635,46.399,4.098,16.51
2024-04-19 12:00:00,15.128,63.202,3.138,0.0
2024-11-29 01:00:00,3.357,79.217,0.955,25.26
2024-02-13 02:00:00,4.161,69.355,4.051,30.83
2024-05-18 09:00:00,16.707,55.31,3.165,0.0
2024-03-10 16:00:00,11.239,61.442,3.689,0.0
2024-11-07 09:00:00,1.398,73.737,1.636,0.0
2024-08-26 01:00:00,18.475,66.296,2.343,3.21
2024-05-09 16:00:00,22.558,48.3,2.593,0.0
2024-06-20 00:00:00,25.886,46.484,,0.0
2024-03-13 23:00:00,14.606,56.292,2.061,0.0
2024-07-16 23:00:00,25.117,49.521,1.91,168.3
2024-11-19 22:00:00,6.472,74.586,3.437,293.69
2024-12-27 12:00:00,-1.506,80.96,4.092,437.09
2024-04-13 18:00:00,20.257,54.883,5.419,474.49
2024-09-15 09:00:00,6.884,71.863,1.595,638.07
2024-07-13 21:00:00,28.865,44.322,0.369,580.53
2024-03-30 14:00:00,13.739,63.422,4.497,538.28
2024-06-02 17:00:00,26.03,45.621,1.933,510.94
2024-01-06 07:00:00,-4.358,83.79,3.853,463.11
2024-02-15 20:00:00,11.167,67.464,5.452,244.83
2024-08-13 15:00:00,21.249,53.362,5.125,145.58
2024-08-02 11:00:00,17.546,52.551,2.154,4.13
2024-12-27 21:00:00,4.573,75.602,5.3,18.42
2024-10-23 23:00:00,9.238,66.524,1.881,4.26
2024-01-15 00:00:00,1.719,65.727,1.848,0.0
2024-06-17 18:00:00,26.127,45.069,3.842,0.0
2024-04-01 00:00:00,12.48,60.364,2.16,0.0
2024-02-19 14:00:00,6.264,78.468,2.754,21.66
2024-09-10 06:00:00,7.88,68.447,1.425,0.0
2024-11-10 01:00:00,-0.209,69.729,1.022,0.0
2024-06-09 15:00:00,24.577,46.728,4.358,0.0
2024-10-27 06:00:00,1.659,76.183,4.004,0.0
2024-07-19 03:00:00,20.151,55.706,3.41,10.58
2024-06-02 05:00:00,20.376,65.05,1.215,0.0
2024-01-31 01:00:00,0.993,,3.933,188.38
2024-09-28 00:00:00,13.964,70.241,0.909,318.11
2024-05-13 02:00:00,18.853,54.406,2.421,445.25
2024-01-13 22:00:00,4.103,76.65,0.466,513.97
2024-07-02 12:00:00,21.487,57.786,5.115,641.28
2024-11-04 18:00:00,8.746,76.151,3.218,645.49
2024-04-22 17:00:00,23.166,56.103,1.574,621.97
2024-05-16 01:00:00,26.504,48.61,2.848,380.32
2024-05-13 11:00:00,21.09,62.193,3.18,392.03
2024-04-04 05:00:00,12.964,70.264,1.057,300.45
2024-09-29 22:00:00,13.278,52.497,2.461,163.1
2024-08-05 10:00:00,15.93,70.471,1.925,0.0
2024-10-20 23:00:00,5.529,64.505,1.879,0.0
2024-09-18 06:00:00,7.987,70.995,4.283,0.0
2024-03-12 07:00:00,6.272,73.744,2.243,1.55
2024-04-27 14:00:00,19.214,52.655,2.051,0.0
2024-03-04 09:00:00,5.921,71.711,2.487,0.0
2024-07-24 07:00:00,18.482,56.127,4.037,11.76
2024-09-12 20:00:00,16.468,55.182,0.983,0.0
2024-07-12 13:00:00,24.966,53.099,0.516,18.46
2024-01-18 22:00:00,2.824,68.741,1.199,0.0
2024-09-15 17:00:00,14.363,59.402,2.897,12.5
2024-01-29 07:00:00,1.192,85.304,2.849,36.81
2024-02-18 12:00:00,5.737,75.838,2.581,24.39
2024-06-14 19:00:00,25.925,42.641,5.039,132.73
2024-10-10 14:00:00,6.021,67.051,2.857,269.03
2024-06-17 00:00:00,23.919,46.397,3.787,424.01
2024-05-12 07:00:00,16.273,65.127,2.152,470.21
2024-12-24 00:00:00,5.534,78.554,1.669,529.32
2024-05-13 09:00:00,18.518,63.59,1.119,554.57
2024-09-03 19:00:00,19.175,58.756,2.335,606.0
2024-09-11 13:00:00,11.202,58.654,,538.88
2024-08-21 17:00:00,20.55,52.829,1.241,411.28
2024-05-07 13:00:00,19.191,55.604,3.123,247.58
2024-01-09 10:00:00,-0.793,83.313,4.949,204.77
2024-08-16 19:00:00,24.246,51.14,2.862,0.0
2024-04-25 04:00:00,17.425,66.096,0.854,16.75
2024-12-31 12:00:00,-3.153,85.239,4.019,0.0
2024-10-05 12:00:00,6.666,70.847,1.988,0.0
2024-10-27 14:00:00,4.642,76.848,3.474,0.0
2024-03-08 02:00:00,9.013,70.946,5.15,40.08
2024-02-26 01:00:00,5.734,64.115,0.905,49.83
2024-07-22 21:00:00,25.783,44.935,3.905,28.1
2024-02-10 12:00:00,4.049,81.425,3.433,18.62
2024-10-24 09:00:00,0.151,79.132,1.804,0.0
2024-03-25 03:00:00,9.766,65.957,3.886,0.0
2024-04-15 18:00:00,18.415,52.151,4.507,16.49
2024-03-24 23:00:00,15.305,63.202,5.181,21.04
2024-12-03 00:00:00,3.231,67.122,1.974,116.73
2024-07-15 07:00:00,20.043,60.238,1.605,356.53
2024-05-18 03:00:00,21.912,54.972,2.224,473.87
2024-09-10 00:00:00,16.083,58.146,1.794,613.29
2024-05-15 19:00:00,28.307,48.19,1.309,562.11
2024-11-13 19:00:00,6.951,69.14,1.667,718.92
2024-02-15 11:00:00,2.475,78.86,4.174,680.31
2024-06-15 22:00:00,22.564,44.908,4.89,539.11
2024-03-16 07:00:00,8.226,72.276,1.584,470.83
2024-05-10 11:00:00,18.337,60.154,2.826,328.36
2024-09-04 02:00:00,13.224,58.816,4.186,173.33
2024-12-11 20:00:00,6.724,69.249,4.74,0.0
2024-05-27 22:00:00,25.559,34.834,3.069,0.0
2024-05-29 23:00:00,,43.891,3.963,5.61
2024-03-13 14:00:00,10.684,64.551,0.946,0.0
2024-08-15 11:00:00,15.52,61.534,4.213,0.0
2024-08-19 23:00:00,22.088,55.352,2.174,16.2
2024-04-29 16:00:00,17.869,57.332,2.889,0.0
2024-09-05 22:00:00,19.032,51.523,2.951,24.49
2024-01-21 17:00:00,4.288,72.516,4.091,5.48
2024-08-09 06:00:00,15.75,61.899,3.035,0.0
2024-02-12 02:00:00,7.235,71.558,5.299,2.77
2024-06-16 16:00:00,24.76,44.47,3.192,0.0
2024-04-20 03:00:00,15.895,57.08,2.562,29.68
2024-12-22 02:00:00,0.165,80.478,1.421,151.53
2024-11-23 08:00:00,-5.011,86.869,2.516,199.29
2024-11-08 00:00:00,5.284,67.652,0.83,433.68
2024-06-27 02:00:00,20.254,49.521,1.691,437.39
2024-11-12 06:00:00,-2.666,81.069,2.056,677.27
2024-08-12 15:00:00,20.546,50.43,2.892,546.44
2024-10-07 16:00:00,11.704,65.724,3.871,517.18
2024-06-25 02:00:00,27.305,54.387,0.842,366.72
2024-12-01 18:00:00,4.349,66.367,1.991,425.4
2024-05-17 03:00:00,16.574,56.281,2.112,368.31
2024-11-18 22:00:00,5.146,66.316,4.706,134.67
2024-09-25 02:00:00,10.903,67.524,4.604,0.0
2024-10-24 23:00:00,9.277,72.353,4.08,0.0
2024-06-05 05:00:00,18.159,60.458,2.446,23.1
2024-02-12 22:00:00,7.864,66.46,4.095,0.0
2024-12-07 00:00:00,2.342,72.838,3.39,20.59
2024-10-09 19:00:00,9.678,69.661,6.054,0.0
2024-10-03 05:00:00,6.999,75.145,1.12,0.0
2024-07-31 23:00:00,28.431,50.325,1.362,0.0
2024-06-02 06:00:00,22.156,53.722,1.026,0.0
2024-05-15 22:00:00,23.694,48.37,2.097,0.0
2024-11-05 06:00:00,-2.26,88.52,2.732,0.0
2024-12-24 18:00:00,2.687,72.163,3.24,5.44
2024-08-24 21:00:00,18.274,50.181,1.768,0.0
2024-03-22 01:00:00,12.783,57.979,2.591,191.71
2024-02-25 20:00:00,11.471,61.904,1.811,360.24
2024-08-17 18:00:00,23.985,56.855,1.767,438.44
2024-06-11 14:00:00,26.884,40.309,5.351,604.9
2024-01-02 09:00:00,-5.457,87.664,3.71,564.65
2024-01-31 03:00:00,3.339,81.184,2.54,668.24
2024-03-13 13:00:00,9.218,68.529,0.785,524.68
2024-05-03 11:00:00,15.514,48.215,4.117,490.75
2024-06-24 15:00:00,26.0,43.056,1.315,426.55
2024-03-27 13:00:00,14.574,59.92,4.492,310.82
2024-07-07 00:00:00,24.384,48.962,3.269,41.6
2024-11-18 04:00:00,-1.085,81.085,3.553,0.0
2024-10-09 18:00:00,13.074,54.058,4.852,0.0
2024-03-11 15:00:00,14.674,66.817,2.063,15.31
2024-12-16 14:00:00,-1.027,83.165,1.594,35.25
2024-06-04 03:00:00,19.338,50.812,1.593,28.44
2024-03-24 13:00:00,12.174,64.218,4.8,0.0
2024-02-20 02:00:00,6.475,70.695,2.571,0.0
2024-01-17 12:00:00,-3.692,81.88,2.078,0.0
2024-09-10 17:00:00,16.505,61.094,1.688,0.0
2024-01-24 17:00:00,4.338,72.338,4.486,0.0
2024-05-18 10:00:00,15.946,58.62,1.779,0.0
2024-02-13 08:00:00,4.061,81.007,5.455,36.06
2024-10-17 13:00:00,7.406,78.085,2.005,35.58
2024-01-21 02:00:00,-1.089,76.76,3.607,168.91
2024-07-01 02:00:00,20.619,43.512,4.52,319.41
2024-01-28 02:00:00,5.965,82.875,3.745,475.94
2024-02-05 09:00:00,-1.064,80.265,2.085,479.11
2024-06-12 02:00:00,21.208,44.571,5.533,638.48
2024-09-03 16:00:00,19.418,50.971,3.63,566.62
2024-12-08 22:00:00,3.68,73.759,4.044,604.89
2024-06-01 11:00:00,24.567,50.632,1.806,539.38
2024-03-10 04:00:00,10.315,73.516,3.574,470.79
2024-08-25 04:00:00,15.509,65.953,3.661,285.35
2024-10-04 05:00:00,6.616,81.87,1.259,128.13
2024-12-08 12:00:00,-4.769,80.199,4.95,24.71
2024-06-13 09:00:00,21.711,59.446,5.129,0.0
2024-09-13 17:00:00,17.532,64.786,1.916,14.88
2024-05-15 09:00:00,14.65,60.09,2.238,0.0
2024-11-19 15:00:00,-0.529,72.205,4.613,0.0
2024-02-01 17:00:00,6.223,69.871,2.311,0.0
2024-05-01 03:00:00,16.87,64.196,3.905,0.0
2024-10-02 18:00:00,10.111,56.183,2.316,19.29
2024-06-04 09:00:00,15.556,61.594,0.82,23.85
2024-03-11 11:00:00,6.465,68.277,2.119,0.0
2024-07-25 20:00:00,24.618,53.633,3.331,14.03
2024-08-29 06:00:00,9.757,64.792,2.832,0.0
2024-08-24 00:00:00,18.222,55.285,1.209,0.0
2024-01-27 02:00:00,0.727,76.724,4.525,173.54
2024-03-07 15:00:00,9.062,66.658,,299.71
2024-12-27 07:00:00,-0.918,91.183,3.932,372.19
2024-08-23 02:00:00,12.187,56.631,1.667,537.13
2024-07-03 21:00:00,27.039,48.435,4.026,547.96
2024-07-12 02:00:00,21.869,51.791,1.961,713.12
2024-01-25 06:00:00,-0.064,82.809,4.387,546.89
2024-10-05 22:00:00,13.039,68.713,3.048,596.92
2024-07-20 09:00:00,19.61,54.891,4.47,514.26
2024-08-31 19:00:00,18.775,52.37,3.998,258.48
2024-07-15 12:00:00,25.139,57.173,0.981,188.89
2024-03-06 03:00:00,9.692,76.245,3.033,21.24
2024-03-29 19:00:00,17.751,54.886,3.368,0.0
2024-12-26 06:00:00,-7.336,88.959,4.745,0.0
2024-12-30 12:00:00,-5.294,82.404,,0.0
2024-06-21 22:00:00,27.35,47.613,0.984,11.92
2024-01-28 00:00:00,4.221,71.577,3.061,17.17
2024-11-02 06:00:00,-1.431,77.993,3.853,1.79
2024-09-13 18:00:00,14.346,56.983,1.451,0.0
2024-01-16 08:00:00,-2.528,90.361,2.764,1.69
2024-06-05 09:00:00,18.97,59.474,1.921,24.23
2024-01-24 10:00:00,0.246,85.574,4.117,0.0
2024-04-23 01:00:00,17.146,51.988,1.153,24.57
2024-01-16 07:00:00,-2.545,87.036,0.876,0.0
2024-07-01 09:00:00,23.567,56.567,2.784,141.23
2024-05-05 12:00:00,16.223,50.86,4.312,296.19
2024-11-30 10:00:00,-4.9,86.975,2.595,379.78
2024-07-20 16:00:00,22.906,45.687,4.639,588.88
2024-01-26 04:00:00,1.128,85.129,3.738,558.47
2024-12-05 07:00:00,-4.366,85.744,2.315,511.0
2024-01-08 11:00:00,2.721,83.927,1.677,619.25
2024-05-31 15:00:00,25.206,52.203,0.88,485.64
2024-11-04 21:00:00,7.972,65.892,3.269,322.25
2024-09-09 18:00:00,15.914,48.365,2.209,309.52
2024-11-24 16:00:00,4.125,75.638,2.987,117.78
2024-02-28 03:00:00,7.053,76.849,1.193,40.0
2024-03-19 22:00:00,15.098,56.211,2.893,16.02
2024-07-08 21:00:00,27.892,40.147,3.502,14.39
2024-09-18 18:00:00,17.223,60.601,2.256,0.0
2024-06-30 06:00:00,16.666,56.573,4.596,0.0
2024-10-28 14:00:00,2.775,77.728,3.89,0.0
2024-03-11 03:00:00,9.697,74.019,1.558,21.72
2024-05-02 08:00:00,15.006,62.028,3.232,19.5
2024-10-11 23:00:00,9.832,65.127,5.48,47.9
2024-02-23 18:00:00,10.97,68.235,0.448,0.0
2024-03-27 05:00:00,12.281,67.308,4.479,4.72
2024-08-01 12:00:00,20.135,55.178,2.074,0.0
2024-05-31 11:00:00,20.999,55.792,1.587,0.0
2024-09-22 09:00:00,6.645,76.57,3.529,138.39
2024-06-29 06:00:00,19.295,62.222,2.179,292.78
2024-07-18 10:00:00,20.412,57.552,2.408,402.44
2024-04-25 03:00:00,16.797,52.423,0.53,585.45
2024-05-18 21:00:00,27.095,46.453,2.236,508.49
2024-05-10 04:00:00,18.982,54.7,2.592,662.16
2024-09-22 12:00:00,11.291,68.537,3.321,442.96
2024-07-02 09:00:00,21.778,67.851,4.178,490.37
2024-01-09 21:00:00,5.758,77.724,2.846,437.93
2024-01-02 21:00:00,2.879,66.904,5.493,334.66
2024-12-01 17:00:00,2.866,77.642,1.998,133.9
2024-03-24 12:00:00,7.417,61.0,4.701,0.0
2024-09-12 22:00:00,16.774,58.507,1.636,12.42
2024-07-15 17:00:00,26.601,51.197,3.681,2.8
2024-03-10 11:00:00,6.207,70.053,4.106,4.8
2024-03-25 11:00:00,12.433,70.273,3.705,0.0
2024-03-07 22:00:00,13.022,51.436,3.416,24.03
2024-07-05 09:00:00,20.678,59.788,4.862,14.55
2024-04-13 05:00:00,16.605,62.34,5.185,0.0
2024-04-27 16:00:00,21.207,46.747,1.463,35.92
2024-03-15 18:00:00,14.816,60.916,2.141,0.0
2024-05-23 10:00:00,19.493,53.115,4.606,3.08
2024-03-24 11:00:00,9.443,69.302,4.085,9.45
2024-12-10 13:00:00,0.527,79.79,6.865,0.0
2024-10-22 14:00:00,6.672,71.122,,146.12
2024-02-24 04:00:00,3.791,77.654,2.148,259.75
2024-03-02 18:00:00,14.914,60.939,3.2,333.4
2024-11-12 03:00:00,2.759,79.787,1.837,364.48
2024-10-08 08:00:00,3.571,82.429,3.02,525.35
2024-01-27 22:00:00,1.118,73.387,1.545,517.34
2024-01-27 18:00:00,5.505,66.024,2.225,696.23
2024-01-14 15:00:00,3.576,78.695,1.551,500.48
2024-01-08 20:00:00,3.129,68.548,4.024,457.97
2024-05-06 16:00:00,23.782,45.672,,271.7
2024-01-07 09:00:00,-2.858,95.957,5.499,170.18
2024-04-02 12:00:00,12.018,70.009,0.0,0.0
2024-01-14 03:00:00,0.118,78.676,1.928,0.0
2024-03-06 16:00:00,8.229,64.93,5.277,0.0
2024-12-31 14:00:00,2.847,81.745,4.631,0.0
2024-08-11 01:00:00,22.511,50.239,3.877,0.0
2024-04-21 11:00:00,11.92,61.279,1.489,0.0
2024-06-04 04:00:00,20.469,48.411,1.77,21.6
2024-10-26 05:00:00,1.306,84.556,2.315,0.0
2024-01-16 15:00:00,0.95,81.074,2.651,0.0
2024-06-16 23:00:00,24.26,41.909,2.818,0.0
2024-08-30 06:00:00,8.105,60.517,4.862,16.97
2024-05-23 23:00:00,29.228,44.392,5.065,0.0
2024-01-25 09:00:00,-1.155,86.378,4.622,25.2
2024-06-03 22:00:00,26.671,40.621,1.161,186.98
2024-03-21 16:00:00,14.663,59.969,2.549,330.62
2024-03-15 20:00:00,14.394,53.935,1.371,451.3
2024-04-11 16:00:00,21.586,58.895,3.696,429.06
2024-06-28 06:00:00,18.647,61.931,3.29,612.73
2024-02-15 21:00:00,4.021,61.181,3.989,633.22
2024-10-23 12:00:00,6.441,79.633,2.658,417.34
2024-03-26 16:00:00,14.38,54.335,4.627,497.66
2024-12-30 10:00:00,-3.419,88.865,5.834,475.06
2024-02-12 14:00:00,4.819,74.55,5.98,324.69
2024-07-29 12:00:00,19.914,60.984,3.716,150.66
2024-04-07 02:00:00,15.13,59.96,2.953,1.31
2024-02-01 00:00:00,6.107,72.734,3.221,0.0
2024-08-16 21:00:00,26.155,44.787,2.916,39.07
2024-04-29 21:00:00,22.287,45.376,3.121,55.7
2024-02-28 23:00:00,12.254,65.876,1.957,0.0
2024-10-16 06:00:00,5.405,84.251,3.852,29.97
2024-09-26 03:00:00,9.643,71.494,2.422,12.9
2024-01-02 06:00:00,-4.236,87.791,2.922,3.8
2024-04-05 16:00:00,18.017,60.477,2.581,0.0
2024-06-15 17:00:00,26.74,48.167,2.862,0.0
2024-07-04 18:00:00,24.287,38.885,3.575,0.0
2024-06-16 15:00:00,26.427,46.669,2.288,0.0
2024-08-18 21:00:00,25.062,48.72,3.418,50.8
2024-11-05 19:00:00,7.638,70.231,2.998,144.65
2024-02-02 09:00:00,-0.993,80.368,2.167,262.57
2024-12-26 11:00:00,-1.724,84.459,3.078,448.32
2024-07-20 07:00:00,16.359,60.325,2.189,556.89
2024-06-01 19:00:00,28.339,48.643,1.387,606.67
2024-04-08 18:00:00,19.039,49.099,2.395,578.49
2024-03-23 20:00:00,15.465,59.74,2.984,690.42
2024-06-25 18:00:00,26.344,46.366,1.193,556.17
2024-05-30 10:00:00,19.875,55.047,1.538,405.13
2024-05-29 08:00:00,19.334,61.954,2.812,308.64
2024-03-28 13:00:00,10.988,69.337,3.204,86.97
2024-08-21 04:00:00,16.391,61.511,2.44,0.0
2024-04-05 19:00:00,16.422,51.473,0.0,30.02
2024-06-12 00:00:00,27.724,51.81,3.563,5.38
2024-03-16 04:00:00,5.929,71.627,2.069,5.23
2024-08-21 12:00:00,16.408,62.344,2.014,42.72
2024-10-28 18:00:00,6.382,68.845,4.73,35.5
2024-05-15 06:00:00,19.188,61.331,2.366,6.33
2024-03-25 14:00:00,14.484,61.872,5.166,0.0
2024-04-19 05:00:00,16.517,65.535,2.122,0.0
2024-07-09 08:00:00,21.927,62.496,2.918,45.54
2024-12-17 17:00:00,5.353,77.722,2.56,1.4
2024-05-31 01:00:00,22.676,41.28,3.051,17.73
2024-05-09 01:00:00,23.185,50.221,4.153,0.0
2024-08-07 22:00:00,22.084,44.567,2.512,105.3
2024-09-21 17:00:00,15.634,63.087,4.895,280.56
2024-11-11 04:00:00,1.099,80.971,1.152,444.61
2024-02-26 21:00:00,10.95,61.485,1.843,566.49
2024-03-09 18:00:00,14.249,61.899,4.091,659.54
2024-11-04 15:00:00,5.682,67.662,3.708,535.4
2024-07-10 11:00:00,20.699,58.841,1.921,483.56
2024-01-24 13:00:00,0.372,78.065,5.29,605.88
2024-12-08 11:00:00,-5.022,85.222,4.952,521.24
2024-09-12 21:00:00,17.121,54.461,1.763,299.83
2024-02-05 17:00:00,7.432,71.145,1.651,169.13
2024-04-01 01:00:00,18.257,61.752,3.049,0.0
2024-11-23 20:00:00,3.08,71.323,4.576,24.39
2024-05-07 21:00:00,25.936,47.991,5.223,14.94
2024-03-01 11:00:00,8.38,76.062,4.393,18.91
2024-12-27 02:00:00,-1.647,79.696,5.013,0.0
2024-07-30 12:00:00,19.241,62.663,2.839,17.18
2024-03-26 18:00:00,17.174,53.208,3.149,0.0
2024-10-22 10:00:00,1.135,83.936,2.267,13.52
2024-02-09 23:00:00,8.009,69.626,3.05,0.0
2024-09-06 09:00:00,9.674,66.263,3.047,11.48
2024-02-09 22:00:00,8.864,61.762,1.742,0.0
2024-06-28 07:00:00,21.267,55.996,2.694,1.2
2024-11-24 21:00:00,3.114,68.959,4.012,0.0
2024-11-21 07:00:00,0.581,91.215,4.611,214.77
2024-12-29 07:00:00,-5.118,91.14,4.427,295.75
2024-08-30 04:00:00,14.347,64.707,3.604,401.18
2024-01-16 17:00:00,4.455,72.315,0.656,516.46
2024-07-29 04:00:00,20.789,58.295,2.099,644.14
2024-08-08 18:00:00,24.579,49.624,4.116,585.31
2024-01-06 05:00:00,1.64,87.738,3.931,664.79
2024-11-09 20:00:00,6.86,70.221,1.801,592.34
2024-12-27 09:00:00,-1.594,79.694,3.273,495.82
2024-05-10 21:00:00,21.268,46.027,2.27,207.79
2024-03-18 23:00:00,14.029,65.678,0.797,192.54
2024-03-26 22:00:00,17.404,61.606,4.379,12.99
2024-05-11 20:00:00,23.286,41.996,1.83,0.0
2024-10-21 06:00:00,0.887,77.396,0.459,0.0
2024-02-11 02:00:00,7.404,58.438,5.395,1.21
2024-01-14 05:00:00,-2.271,88.35,1.728,8.18
2024-01-16 04:00:00,0.538,80.316,2.3,12.62
2024-12-25 13:00:00,-2.198,77.813,2.803,0.0
2024-09-24 22:00:00,13.198,60.948,4.046,0.0
2024-06-19 10:00:00,18.558,51.835,2.524,29.33
2024-08-09 18:00:00,25.12,55.717,4.726,6.23
2024-07-08 10:00:00,19.735,54.389,2.382,13.88
2024-11-30 11:00:00,-2.101,89.719,1.793,37.99
2024-08-23 23:00:00,17.453,49.244,0.887,8.74
2024-01-09 15:00:00,2.682,80.595,4.154,150.46
2024-08-07 12:00:00,15.612,55.736,3.552,274.6
2024-01-25 19:00:00,5.207,70.074,2.754,500.69
2024-06-25 13:00:00,22.281,56.196,0.875,580.47
2024-07-13 19:00:00,25.142,43.297,0.842,537.0
2024-05-01 12:00:00,17.624,61.49,4.84,619.1
2024-07-29 07:00:00,17.395,62.202,3.213,582.44
2024-09-10 16:00:00,16.225,59.17,1.177,601.57
2024-08-28 05:00:00,12.938,63.297,3.885,381.28
2024-01-17 01:00:00,2.697,77.559,2.198,324.7
2024-09-04 04:00:00,13.15,64.444,3.898,156.71
2024-02-04 12:00:00,0.85,77.495,2.103,12.93
2024-06-18 06:00:00,18.821,64.189,3.255,12.78
2024-02-17 21:00:00,8.058,62.234,2.919,14.54
2024-09-02 12:00:00,10.844,63.174,3.721,42.89
2024-02-01 21:00:00,5.773,60.09,1.355,11.57
2024-10-16 02:00:00,5.756,67.64,2.575,21.8
2024-01-30 23:00:00,5.626,66.619,2.747,9.5
2024-10-19 19:00:00,7.82,71.779,1.77,0.0
2024-03-23 14:00:00,11.491,52.151,4.841,0.0
2024-05-13 01:00:00,21.54,45.266,2.031,0.0
2024-01-20 16:00:00,,70.538,3.576,1.32
2024-06-05 10:00:00,18.931,52.896,1.331,20.74
2024-05-28 18:00:00,26.059,47.856,3.592,0.0
2024-10-29 20:00:00,8.625,60.441,4.327,185.54
2024-06-09 02:00:00,25.576,49.746,4.277,313.66
2024-04-15 17:00:00,21.675,55.614,4.012,485.33
2024-12-10 12:00:00,-3.215,93.535,2.363,548.84
2024-08-12 18:00:00,20.144,42.622,4.282,687.28
2024-10-21 10:00:00,1.475,87.222,1.061,678.7
2024-01-10 23:00:00,5.157,76.875,2.191,589.02
2024-07-18 08:00:00,23.52,57.381,2.64,640.61
2024-03-18 05:00:00,10.413,66.41,2.317,450.27
2024-07-14 13:00:00,22.84,49.427,0.644,289.46
2024-03-10 14:00:00,9.514,63.614,5.272,189.27
2024-08-15 00:00:00,21.291,47.606,3.898,28.98
2024-09-05 09:00:00,14.69,69.678,2.521,0.0
2024-02-06 12:00:00,0.975,78.909,1.069,15.49
2024-12-14 23:00:00,2.498,74.099,2.851,15.09
2024-01-08 03:00:00,-1.851,85.458,3.227,0.0
2024-12-18 07:00:00,-2.545,94.885,1.597,30.06
2024-09-04 16:00:00,17.851,58.733,3.951,0.0
2024-04-03 13:00:00,14.017,64.47,1.628,13.04
2024-12-04 16:00:00,2.057,69.997,2.082,0.0
2024-09-07 12:00:00,12.719,70.057,4.181,7.92
2024-09-08 12:00:00,13.71,60.342,3.596,11.07
2024-04-05 03:00:00,12.462,64.804,2.029,0.0
2024-11-23 04:00:00,-0.192,90.483,3.282,14.3
2024-03-29 21:00:00,18.781,52.85,4.197,157.04
2024-10-31 11:00:00,3.74,83.837,4.393,288.87
2024-01-11 21:00:00,4.626,65.248,2.408,410.14
2024-06-22 22:00:00,27.135,47.199,2.873,596.11
2024-05-09 11:00:00,19.302,67.407,3.737,697.59
2024-05-19 13:00:00,21.023,55.665,2.156,604.88
2024-08-15 01:00:00,17.218,55.758,3.859,601.99
2024-11-12 07:00:00,-0.447,83.945,0.369,619.96
2024-01-02 04:00:00,-2.77,83.951,3.398,466.96
2024-09-25 23:00:00,11.681,71.701,3.964,366.89
2024-06-28 10:00:00,19.266,55.293,2.246,121.78
2024-03-23 01:00:00,15.695,57.655,3.659,1.07
2024-07-03 17:00:00,25.483,49.646,4.399,0.0
2024-12-14 06:00:00,-4.44,84.251,2.787,48.04
2024-04-26 21:00:00,19.803,44.481,1.854,0.0
2024-10-31 19:00:00,10.617,69.407,3.542,0.0
2024-10-06 06:00:00,0.98,70.2,2.913,0.0
2024-05-08 00:00:00,23.328,48.846,2.245,14.92
2024-12-04 14:00:00,1.967,74.992,2.018,0.0
2024-01-20 07:00:00,-1.784,81.645,1.607,0.0
2024-12-16 06:00:00,0.243,88.764,2.478,8.07
2024-11-22 01:00:00,4.383,70.706,3.058,0.0
2024-10-10 09:00:00,2.163,82.484,4.473,0.0
2024-10-16 00:00:00,11.133,71.294,5.07,0.0
2024-02-21 15:00:00,10.404,70.142,3.004,177.3
2024-05-28 20:00:00,27.708,41.102,2.386,318.13
2024-02-09 06:00:00,2.081,81.468,3.305,505.4
2024-09-13 09:00:00,7.703,71.301,1.913,430.77
2024-09-10 15:00:00,11.999,64.204,1.412,695.56
2024-12-16 03:00:00,-1.327,79.255,1.64,610.39
2024-12-22 23:00:00,3.797,75.932,1.074,421.53
2024-03-16 18:00:00,14.258,55.681,2.088,625.37
2024-05-31 02:00:00,21.845,57.176,2.549,481.49
2024-01-16 20:00:00,3.785,74.136,1.016,352.78
2024-04-22 02:00:00,16.626,55.072,2.93,153.32
2024-03-16 00:00:00,16.597,58.664,2.97,40.04
2024-02-29 18:00:00,11.113,67.884,2.729,1.97
2024-08-07 13:00:00,20.285,53.293,4.309,0.0
2024-11-19 18:00:00,6.608,72.488,4.831,0.0
2024-03-05 22:00:00,15.087,59.297,4.611,6.37
2024-12-11 13:00:00,3.014,85.128,3.496,9.83
2024-11-15 11:00:00,-1.731,90.881,3.135,2.95
2024-12-27 20:00:00,5.69,66.028,5.124,0.0
2024-07-04 14:00:00,25.897,53.303,3.142,0.0
2024-11-12 12:00:00,-2.509,77.344,1.361,0.0
2024-10-22 06:00:00,2.242,75.257,0.484,0.0
2024-05-16 15:00:00,24.007,51.339,0.994,0.0
2024-04-02 01:00:00,15.697,57.91,2.057,4.87
2024-03-06 15:00:00,10.107,67.0,6.592,156.44
2024-04-13 09:00:00,16.049,72.17,3.132,362.07
2024-06-21 10:00:00,22.135,54.856,2.633,436.71
2024-05-12 23:00:00,25.602,41.978,1.857,478.31
2024-04-17 15:00:00,20.8,62.85,2.493,634.11
2024-03-30 01:00:00,17.879,54.913,2.513,673.78
2024-03-04 15:00:00,12.55,64.919,4.563,552.22
2024-07-25 09:00:00,19.68,64.947,4.433,487.54
2024-09-01 10:00:00,10.914,72.463,4.109,379.11
2024-12-29 00:00:00,0.084,73.45,5.291,379.97
2024-07-28 15:00:00,24.721,46.977,2.27,138.48
2024-08-06 19:00:00,23.064,43.416,1.69,0.0
2024-01-26 23:00:00,7.634,69.657,4.164,0.0
2024-05-01 18:00:00,23.053,45.113,4.527,32.61
2024-10-09 14:00:00,7.957,66.788,4.081,0.0
2024-05-18 23:00:00,22.61,43.311,1.562,0.0
2024-09-05 10:00:00,11.362,71.261,2.392,0.0
2024-11-01 07:00:00,0.702,86.127,4.816,0.0
2024-07-16 11:00:00,21.184,55.728,0.993,0.0
2024-12-21 12:00:00,-1.127,81.966,1.272,21.16
2024-09-09 20:00:00,19.515,57.501,1.96,0.0
2024-12-02 11:00:00,-2.056,87.722,0.404,0.0
2024-06-09 22:00:00,27.265,48.095,4.208,6.91
2024-02-03 07:00:00,-0.35,84.479,1.771,0.0
2024-09-11 18:00:00,16.637,55.604,0.309,192.25
2024-07-21 00:00:00,23.241,52.838,4.543,275.96
2024-10-15 17:00:00,7.608,63.325,4.43,450.69
2024-11-30 01:00:00,0.323,77.213,1.303,598.45
2024-12-30 20:00:00,3.329,75.306,5.166,598.32
2024-05-16 12:00:00,22.08,54.224,3.071,719.46
2024-05-18 04:00:00,20.101,49.712,0.666,558.85
2024-11-30 16:00:00,5.16,72.812,2.221,567.08
2024-03-14 03:00:00,12.2,76.091,1.215,471.35
2024-11-22 13:00:00,0.075,81.336,5.469,351.73
2024-01-06 00:00:00,3.949,73.648,2.762,187.47
2024-05-02 20:00:00,23.757,50.629,5.26,27.44
2024-04-18 12:00:00,14.621,64.24,3.358,0.0
2024-03-20 15:00:00,17.052,58.622,3.018,0.0
2024-03-03 06:00:00,7.85,76.805,4.279,0.0
2024-09-14 22:00:00,18.342,61.131,2.063,0.0
2024-11-13 03:00:00,-5.473,78.032,2.046,0.0
2024-11-20 21:00:00,4.728,72.675,4.829,5.6
2024-02-19 06:00:00,4.264,77.388,2.426,0.0
2024-09-29 01:00:00,9.434,61.13,2.955,0.0
2024-03-06 05:00:00,5.801,73.375,2.882,29.8
2024-03-17 14:00:00,11.321,67.603,1.672,9.26
2024-01-17 07:00:00,-1.587,84.478,0.555,0.0
2024-03-16 17:00:00,12.708,57.715,0.0,32.22
2024-01-11 06:00:00,-3.45,85.793,2.93,169.17
2024-12-26 12:00:00,-0.894,96.27,4.403,351.58
2024-05-27 12:00:00,21.647,58.984,4.026,406.07
2024-12-15 02:00:00,1.482,80.766,3.262,624.97
2024-10-05 23:00:00,9.522,56.805,1.337,588.7
2024-04-25 06:00:00,15.445,68.228,2.022,608.55
2024-10-03 20:00:00,11.275,60.085,2.349,672.02
2024-05-03 13:00:00,18.743,50.142,4.659,558.55
2024-03-30 02:00:00,11.825,69.2,3.059,322.53
2024-09-17 22:00:00,15.49,55.68,3.641,302.43
2024-10-04 16:00:00,9.54,68.699,2.27,218.54
2024-05-20 04:00:00,19.133,54.743,1.091,12.21
2024-04-23 23:00:00,20.502,49.922,1.183,0.23
2024-12-28 19:00:00,4.752,67.731,3.066,14.98
2024-11-17 15:00:00,0.559,71.981,4.624,14.52
2024-02-26 23:00:00,8.521,,1.921,18.43
2024-10-06 17:00:00,11.78,65.262,1.759,16.8
2024-12-22 16:00:00,1.297,74.749,0.0,36.42
2024-11-10 04:00:00,1.67,79.402,3.424,0.0
2024-03-26 23:00:00,15.88,62.977,5.984,21.05
2024-05-29 03:00:00,20.252,51.091,1.552,17.24
2024-05-03 21:00:00,27.685,53.88,4.543,2.95
2024-09-30 02:00:00,9.135,66.507,0.852,49.8
2024-07-20 19:00:00,25.966,49.95,3.942,0.95
2024-07-14 08:00:00,16.329,53.127,1.082,209.68
2024-03-25 22:00:00,16.45,50.488,3.782,360.59
2024-03-21 15:00:00,10.536,63.477,4.062,377.28
2024-05-05 05:00:00,15.308,62.7,4.401,541.29
2024-11-17 09:00:00,-1.516,88.424,3.362,615.79
2024-09-16 08:00:00,9.454,67.303,2.182,651.95
2024-03-01 15:00:00,6.011,71.108,3.869,590.21
2024-11-05 08:00:00,-3.984,90.595,2.848,597.75
2024-07-01 07:00:00,21.054,62.642,4.17,494.54
2024-06-12 15:00:00,25.774,51.522,3.815,283.51
2024-12-02 01:00:00,1.693,80.25,2.152,88.98
2024-04-26 12:00:00,18.168,59.557,1.256,57.58
2024-05-24 22:00:00,28.336,49.026,4.458,0.0
2024-11-07 07:00:00,-1.446,83.001,1.673,0.0
2024-04-21 10:00:00,13.001,,1.729,0.0
2024-12-01 12:00:00,-2.207,85.385,2.466,53.06
2024-09-18 08:00:00,7.938,71.191,3.441,0.0
2024-02-07 01:00:00,7.091,66.449,1.553,21.03
2024-10-17 14:00:00,8.775,70.301,2.043,5.98
2024-09-14 02:00:00,11.337,65.852,0.817,0.0
2024-08-14 15:00:00,19.812,56.528,3.898,25.99
2024-03-20 19:00:00,14.887,48.935,2.532,0.0
2024-03-23 22:00:00,17.524,65.274,2.221,0.0
2024-01-01 11:00:00,-3.401,78.062,3.321,7.62
2024-04-08 20:00:00,20.143,50.57,1.983,202.79
2024-04-17 01:00:00,18.176,61.455,5.132,290.61
2024-03-07 23:00:00,15.09,67.539,3.729,391.78
2024-05-17 16:00:00,26.069,53.334,2.629,518.17
2024-02-18 16:00:00,8.967,65.071,3.747,713.12
2024-09-24 20:00:00,17.301,61.581,4.417,699.5
2024-01-29 17:00:00,6.395,68.854,3.732,573.63
2024-07-24 02:00:00,,46.712,4.438,654.91
2024-11-25 13:00:00,1.363,79.586,1.885,444.12
2024-10-05 07:00:00,3.784,79.271,2.838,369.63
2024-09-16 12:00:00,12.009,72.054,3.441,205.96
2024-07-08 23:00:00,27.388,44.416,4.282,0.0
2024-05-23 06:00:00,16.921,62.321,5.187,0.0
2024-03-04 14:00:00,12.129,69.475,5.701,0.0
2024-11-28 08:00:00,-5.021,84.534,1.131,0.0
2024-09-07 08:00:00,12.412,70.127,2.169,12.49
2024-11-13 23:00:00,3.494,68.397,1.944,23.91
2024-10-10 15:00:00,9.946,67.465,4.855,4.05
2024-07-13 18:00:00,27.956,47.31,0.217,0.0
2024-06-05 20:00:00,28.047,41.184,2.407,0.0
2024-07-31 03:00:00,18.726,54.81,0.718,3.16
2024-07-04 06:00:00,18.57,50.99,4.044,0.0
2024-12-15 10:00:00,-0.505,83.564,3.646,0.0
2024-02-18 08:00:00,-2.603,79.858,4.106,0.0
2024-11-25 16:00:00,2.607,74.675,3.028,174.77
2024-12-28 15:00:00,2.336,81.522,5.244,289.19
2024-03-24 21:00:00,14.998,54.309,3.779,368.08
2024-11-17 18:00:00,5.51,72.839,3.08,512.45
2024-12-01 21:00:00,4.691,72.884,0.821,724.41
2024-06-20 10:00:00,23.468,51.935,2.5,682.22
2024-04-13 06:00:00,10.944,65.714,3.861,512.77
2024-10-27 00:00:00,6.868,67.454,3.201,646.54
2024-05-14 09:00:00,16.097,58.924,1.887,394.07
2024-07-16 19:00:00,24.659,47.315,2.06,323.43
2024-02-14 02:00:00,6.178,71.312,3.157,85.8
2024-12-14 22:00:00,3.172,72.478,2.869,6.23
2024-06-29 09:00:00,19.244,57.273,3.058,35.19
2024-07-14 15:00:00,23.606,50.075,1.672,0.0
2024-08-03 13:00:00,17.786,59.604,1.676,0.0
2024-08-18 07:00:00,14.353,62.501,2.377,22.7
2024-09-20 19:00:00,13.109,55.149,2.946,0.0
2024-06-09 05:00:00,22.476,50.155,2.63,0.0
2024-11-06 08:00:00,1.332,88.116,1.991,18.35
2024-04-26 03:00:00,15.768,57.137,0.383,15.06
2024-04-14 08:00:00,11.053,63.601,4.568,10.7
2024-03-22 06:00:00,5.757,67.474,2.926,0.0
2024-09-02 15:00:00,18.21,54.522,5.512,28.35
2024-02-06 11:00:00,4.308,81.314,2.155,25.34
2024-05-09 22:00:00,26.451,37.621,2.829,147.05
2024-04-24 12:00:00,17.496,57.979,1.24,195.62
2024-01-29 08:00:00,0.066,86.688,2.365,514.65
2024-09-02 07:00:00,,65.824,4.495,502.21
2024-08-26 18:00:00,19.926,51.512,1.574,644.24
2024-12-14 10:00:00,-5.807,89.808,3.583,704.03
2024-03-06 01:00:00,8.826,63.816,4.549,712.11
2024-04-16 03:00:00,15.327,61.716,4.043,503.92
2024-11-25 19:00:00,4.857,74.882,2.739,566.81
2024-08-17 03:00:00,20.213,57.525,2.774,271.68
2024-05-02 03:00:00,18.238,50.269,3.304,149.45
2024-01-03 12:00:00,-2.503,85.292,4.777,15.95
2024-09-25 20:00:00,12.683,67.702,4.005,18.74
2024-09-30 01:00:00,9.33,67.424,0.649,0.0
2024-02-04 04:00:00,0.675,82.921,0.857,29.12
2024-06-07 02:00:00,23.748,45.347,2.429,0.0
2024-01-29 09:00:00,-3.129,79.27,3.06,0.0
2024-01-31 09:00:00,-2.228,82.933,3.035,10.35
2024-07-29 21:00:00,27.047,44.174,2.596,0.0
2024-09-01 05:00:00,14.943,73.588,5.051,0.0
2024-03-02 03:00:00,8.016,75.622,4.031,0.0
2024-02-13 01:00:00,7.231,71.649,4.116,0.0
2024-02-09 18:00:00,7.691,71.295,2.139,0.0
2024-04-15 01:00:00,23.602,54.241,5.223,0.0
2024-07-06 15:00:00,25.283,49.576,3.437,140.87
2024-07-20 21:00:00,27.177,37.169,3.124,299.33
2024-12-15 17:00:00,2.231,64.545,2.414,365.64
2024-11-26 07:00:00,-2.7,86.023,1.734,670.97
2024-07-15 13:00:00,23.937,54.466,2.266,732.54
2024-03-22 15:00:00,13.85,60.844,5.244,627.46
2024-11-27 00:00:00,3.572,75.396,2.66,641.76
2024-06-10 18:00:00,23.993,43.809,2.849,428.37
2024-08-23 14:00:00,15.71,57.264,1.493,352.42
2024-01-02 16:00:00,3.64,79.146,2.63,366.96
2024-09-05 15:00:00,18.002,58.886,2.816,175.7
2024-11-10 02:00:00,1.247,76.937,0.106,0.94
2024-03-30 16:00:00,16.093,61.178,3.44,0.0
2024-09-18 15:00:00,13.241,60.845,3.224,24.83
2024-08-28 09:00:00,9.555,70.745,3.635,0.0
2024-07-23 23:00:00,27.186,43.801,4.753,19.35
2024-05-02 07:00:00,18.88,69.587,4.235,0.0
2024-11-17 02:00:00,4.585,83.401,3.988,0.0
2024-10-23 19:00:00,9.068,64.853,1.589,17.71
2024-01-23 03:00:00,-2.0,73.392,4.512,0.0
2024-02-20 09:00:00,5.541,73.914,3.311,0.0
2024-09-05 14:00:00,16.296,66.197,2.705,0.0
2024-05-01 00:00:00,19.209,49.858,3.095,6.02
2024-07-27 08:00:00,16.791,58.308,3.202,9.96
2024-07-10 14:00:00,24.002,53.051,1.026,142.85
2024-03-27 10:00:00,8.867,74.105,2.975,366.11
2024-11-22 04:00:00,-0.406,80.926,4.213,380.8
2024-02-06 08:00:00,-2.576,85.544,0.0,636.25
2024-01-09 09:00:00,-2.133,93.492,3.782,731.66
2024-09-03 18:00:00,19.788,56.217,4.184,661.76
2024-05-22 16:00:00,21.412,52.932,4.515,721.76
2024-12-07 03:00:00,0.347,81.007,2.703,556.98
2024-10-25 17:00:00,7.844,72.878,2.654,453.08
2024-04-28 02:00:00,19.026,56.539,4.147,380.79
2024-07-21 18:00:00,26.06,46.768,4.071,166.21
2024-05-01 06:00:00,15.512,59.991,2.266,23.4
2024-07-07 21:00:00,25.727,44.583,2.982,6.13
2024-06-17 06:00:00,20.487,57.714,4.176,10.8
2024-02-19 07:00:00,-0.616,80.093,2.909,63.77
2024-10-21 02:00:00,9.147,70.287,1.843,11.74
2024-01-24 12:00:00,2.304,83.759,6.684,22.86
2024-08-04 18:00:00,24.2,47.929,2.994,0.0
2024-05-28 01:00:00,28.687,51.305,2.448,16.64
2024-08-06 03:00:00,22.857,56.326,1.886,18.29
2024-09-27 15:00:00,11.972,66.078,3.483,8.81
2024-09-08 10:00:00,8.125,70.202,2.793,22.17
2024-05-16 07:00:00,16.539,61.218,1.63,0.0
2024-09-15 08:00:00,7.728,65.481,1.475,2.45
2024-12-10 21:00:00,5.406,74.368,3.608,180.8
2024-03-21 00:00:00,10.644,63.094,2.604,318.79
2024-02-21 05:00:00,7.588,75.746,1.837,357.93
2024-08-06 06:00:00,17.029,58.165,2.396,586.29
2024-01-11 09:00:00,-2.265,81.921,1.714,528.87
2024-06-22 14:00:00,23.451,52.632,2.198,542.22
2024-11-15 13:00:00,0.859,76.845,4.298,742.59
2024-01-19 14:00:00,2.25,77.801,2.386,490.09
2024-06-11 09:00:00,21.294,58.503,4.708,442.4
2024-09-01 01:00:00,15.663,59.379,4.663,337.14
2024-12-19 12:00:00,,87.176,1.114,168.03
2024-03-14 08:00:00,9.715,73.477,2.469,0.0
2024-02-18 01:00:00,4.55,73.993,3.087,7.82
2024-12-11 15:00:00,2.991,80.254,3.986,0.0
2024-02-12 11:00:00,2.798,75.515,3.618,11.27
2024-08-26 23:00:00,19.045,57.194,2.29,0.0
2024-06-22 23:00:00,27.7,39.275,1.324,0.0
2024-03-02 11:00:00,6.679,75.099,3.797,0.0
2024-09-27 07:00:00,3.854,75.053,1.801,0.0
2024-04-09 01:00:00,14.699,53.977,2.739,0.0
2024-07-07 12:00:00,23.568,60.674,2.767,13.01
2024-03-19 01:00:00,14.232,59.641,2.406,14.5
2024-02-09 19:00:00,10.25,68.428,2.671,26.47
2024-04-29 02:00:00,21.749,61.507,3.668,23.69
2024-11-06 10:00:00,-1.183,78.214,3.314,178.25
2024-08-02 23:00:00,21.549,46.307,1.33,411.98
2024-10-19 16:00:00,10.032,72.068,0.376,381.97
2024-05-18 11:00:00,19.834,65.981,2.295,654.47
2024-09-28 09:00:00,5.632,75.555,0.751,696.92
2024-04-06 15:00:00,14.517,59.549,0.841,759.11
2024-08-17 16:00:00,21.516,51.651,3.463,691.95
2024-09-30 10:00:00,5.828,73.911,2.21,633.27
2024-07-27 13:00:00,18.225,53.951,3.693,502.16
2024-12-12 07:00:00,1.074,77.501,5.259,291.82
2024-10-20 15:00:00,6.675,76.399,0.531,103.78
2024-06-16 21:00:00,29.289,45.204,4.006,32.2
2024-12-05 19:00:00,3.503,70.554,2.227,33.35
2024-07-13 03:00:00,20.532,54.665,0.0,0.0
2024-11-02 23:00:00,5.664,74.356,5.378,0.0
2024-12-03 04:00:00,-1.748,78.74,1.795,0.0
2024-08-11 11:00:00,14.885,71.0,4.477,0.0
2024-10-06 09:00:00,2.482,77.625,2.054,12.02
2024-06-13 02:00:00,23.302,46.241,4.688,0.0
2024-03-31 17:00:00,17.42,51.457,1.946,34.49
2024-07-03 12:00:00,21.85,54.939,3.041,2.23
2024-11-01 03:00:00,3.236,80.422,5.742,0.0
2024-10-17 15:00:00,7.425,73.57,2.67,0.0
2024-04-04 21:00:00,16.86,50.952,1.029,26.56
2024-04-22 01:00:00,20.594,54.213,3.301,171.5
2024-09-14 15:00:00,17.479,72.561,1.151,350.72
2024-04-06 06:00:00,11.42,65.212,1.628,446.04
2024-08-31 09:00:00,9.74,77.01,4.953,654.98
2024-09-22 05:00:00,11.666,69.925,4.223,560.07
2024-11-16 20:00:00,7.462,66.662,3.998,723.16
2024-04-28 11:00:00,14.534,58.818,2.298,748.93
2024-07-29 05:00:00,20.398,53.76,2.552,602.44
2024-04-04 06:00:00,13.825,73.92,2.212,487.76
2024-04-28 10:00:00,18.659,59.643,3.314,325.35
2024-05-05 03:00:00,22.902,60.842,4.08,195.24
2024-06-02 15:00:00,24.987,44.399,1.348,0.0
2024-08-06 12:00:00,19.919,61.747,1.939,33.73
2024-08-05 22:00:00,27.037,46.308,2.635,0.0
2024-07-03 03:00:00,18.637,52.915,5.109,1.19
2024-12-23 02:00:00,-1.265,87.429,2.156,0.0
2024-07-26 13:00:00,22.239,50.402,4.198,0.0
2024-08-02 07:00:00,16.158,53.391,0.691,0.0
2024-11-02 09:00:00,1.939,82.406,2.752,0.0
2024-01-05 22:00:00,5.988,68.582,4.045,5.01
2024-08-15 16:00:00,17.174,54.555,3.113,0.0
2024-06-13 01:00:00,22.567,47.165,4.989,6.92
2024-11-07 06:00:00,1.211,79.429,2.829,4.81
2024-02-12 09:00:00,0.129,83.661,3.32,16.1
2024-06-16 03:00:00,20.416,52.192,3.756,133.46
2024-12-19 21:00:00,2.864,67.019,1.407,350.08
2024-07-01 01:00:00,25.193,53.461,4.369,485.59
2024-08-13 22:00:00,24.184,44.569,4.775,723.66
2024-06-26 04:00:00,22.296,61.552,2.587,600.83
2024-02-10 13:00:00,2.325,74.418,3.772,715.29
2024-10-01 22:00:00,9.724,54.097,1.303,533.09
2024-02-12 15:00:00,9.755,75.756,2.685,636.71
2024-07-10 12:00:00,20.743,58.255,1.316,428.7
2024-10-03 12:00:00,7.724,75.595,1.216,293.37
2024-06-05 06:00:00,19.122,54.565,1.706,182.08
2024-01-20 02:00:00,0.698,77.827,3.234,0.0
2024-08-05 05:00:00,18.21,58.715,2.174,0.0
2024-12-21 17:00:00,5.893,79.864,2.526,4.34
2024-02-09 11:00:00,0.301,84.815,3.749,0.0
2024-09-10 02:00:00,16.823,59.351,1.813,6.03
2024-04-24 03:00:00,19.302,54.907,0.0,57.05
2024-06-09 20:00:00,27.0,43.47,3.809,0.0
2024-03-16 16:00:00,9.301,66.787,2.373,9.62
2024-03-30 00:00:00,16.239,64.932,3.094,24.42
2024-02-29 09:00:00,0.547,75.035,2.17,0.0
2024-04-02 02:00:00,12.412,56.421,1.464,0.0
2024-04-16 08:00:00,16.746,67.195,3.551,0.0
2024-04-19 10:00:00,16.987,61.953,4.377,5.35
2024-11-12 22:00:00,4.171,67.051,1.512,171.66
2024-12-19 15:00:00,-0.737,79.14,1.672,332.56
2024-12-06 13:00:00,-2.159,83.67,2.518,456.58
2024-12-17 03:00:00,-2.66,81.814,1.922,676.99
2024-10-23 18:00:00,7.889,71.927,1.473,803.57
2024-05-08 20:00:00,24.794,45.016,4.401,781.4
2024-12-10 22:00:00,2.044,70.844,5.708,768.97
2024-08-13 01:00:00,19.374,,4.825,628.61
2024-12-01 10:00:00,-4.853,88.743,0.884,413.67
2024-02-20 05:00:00,3.5,74.755,2.073,325.61
2024-01-05 07:00:00,-4.841,86.631,5.297,163.88
2024-07-24 23:00:00,23.434,48.509,6.773,5.54
2024-08-29 11:00:00,,60.841,2.174,0.0
2024-08-29 19:00:00,23.285,50.184,3.6,5.48
2024-05-18 08:00:00,18.551,62.108,2.854,14.63
2024-07-12 11:00:00,22.763,52.563,1.419,0.0
2024-11-01 10:00:00,5.664,88.274,3.712,0.0
2024-09-06 03:00:00,14.402,61.918,2.201,0.0
2024-10-07 13:00:00,5.983,74.515,3.467,0.0
2024-04-19 03:00:00,19.511,55.343,3.63,4.43
2024-09-26 12:00:00,9.41,72.856,2.053,14.64
2024-02-23 21:00:00,12.18,59.451,2.429,6.59
2024-02-15 09:00:00,1.154,86.577,4.82,0.0
2024-07-13 08:00:00,20.304,59.811,1.214,0.0
2024-03-14 14:00:00,14.67,63.789,2.92,174.19
2024-01-11 16:00:00,5.15,75.78,3.414,383.96
2024-05-26 20:00:00,25.922,45.495,3.351,485.27
2024-03-27 00:00:00,15.92,58.068,4.947,576.13
2024-03-04 13:00:00,9.661,74.005,2.553,676.07
2024-07-15 19:00:00,26.158,43.08,1.138,747.03
2024-04-10 04:00:00,17.256,66.997,2.759,677.52
2024-11-06 02:00:00,3.269,83.398,2.084,653.41
2024-01-08 23:00:00,5.023,69.873,3.837,531.82
2024-06-04 13:00:00,22.815,61.012,2.116,347.04
2024-10-29 08:00:00,0.146,83.389,5.009,205.18
2024-12-21 16:00:00,3.158,74.837,1.721,14.21
2024-12-17 06:00:00,-4.838,96.858,0.836,0.0
2024-05-07 08:00:00,15.825,64.361,3.719,0.0
2024-03-17 10:00:00,6.814,77.828,1.157,0.0
2024-05-30 03:00:00,22.244,47.345,3.683,36.31
2024-05-25 23:00:00,25.805,40.067,6.365,0.0
2024-10-23 07:00:00,1.715,78.703,1.964,0.0
2024-05-29 17:00:00,23.371,38.033,2.855,19.15
2024-02-18 09:00:00,6.156,73.229,2.147,0.0
2024-08-31 05:00:00,15.529,74.89,3.706,9.63
2024-08-12 14:00:00,17.961,49.623,4.167,0.0
2024-11-06 00:00:00,8.282,74.791,2.053,0.0
2024-11-22 02:00:00,1.144,87.364,4.814,0.0
2024-08-16 23:00:00,,52.266,2.619,205.62
2024-07-14 01:00:00,22.925,54.541,0.944,212.11
2024-12-11 03:00:00,-6.226,82.797,3.468,531.33
2024-05-05 17:00:00,18.27,48.805,5.519,641.02
2024-03-24 14:00:00,12.828,62.933,3.814,602.82
2024-09-21 04:00:00,7.817,69.411,5.475,753.13
2024-08-21 21:00:00,21.685,45.737,1.671,693.67
2024-01-29 16:00:00,6.047,65.108,3.334,620.22
2024-05-17 12:00:00,20.697,,2.755,494.67
2024-07-02 21:00:00,23.079,45.106,4.45,328.55
2024-10-17 21:00:00,12.567,66.076,2.691,175.95
2024-10-17 05:00:00,4.485,75.487,1.658,0.0
2024-02-23 22:00:00,10.418,65.999,0.712,0.0
2024-10-17 17:00:00,10.979,65.215,2.871,0.0
2024-07-01 03:00:00,21.737,55.513,3.893,2.01
2024-04-28 08:00:00,15.997,72.379,3.876,0.0
2024-10-04 23:00:00,10.466,69.851,3.624,0.0
2024-08-27 12:00:00,14.5,66.933,3.245,5.42
2024-02-26 10:00:00,2.87,81.785,0.662,2.08
2024-11-21 13:00:00,-0.409,75.476,4.949,0.0
2024-08-26 03:00:00,14.921,63.871,2.468,10.4
2024-04-13 04:00:00,14.402,60.765,3.776,0.0
2024-07-30 13:00:00,21.998,61.778,1.627,0.0
2024-11-22 08:00:00,-1.595,87.542,5.045,45.62
2024-03-22 02:00:00,13.092,58.202,4.428,201.4
2024-03-30 06:00:00,10.903,66.274,2.436,362.42
2024-02-08 08:00:00,2.149,84.899,2.434,461.11
2024-03-25 16:00:00,15.889,60.095,4.288,576.11
2024-09-17 15:00:00,9.376,62.605,3.055,638.32
2024-07-20 13:00:00,19.957,55.461,3.263,748.46
2024-10-16 16:00:00,5.892,69.571,1.938,543.54
2024-03-30 15:00:00,18.081,56.079,3.284,698.13
2024-11-08 04:00:00,-0.251,79.795,2.027,425.63
2024-05-20 03:00:00,18.934,57.317,4.076,338.58
2024-06-28 04:00:00,21.102,53.669,1.065,199.18
2024-02-06 23:00:00,6.088,71.013,2.188,29.14
2024-03-05 11:00:00,6.651,72.357,4.157,0.0
2024-05-24 10:00:00,18.59,62.138,5.528,0.0
2024-01-24 06:00:00,-0.612,89.837,4.13,10.86
2024-03-29 12:00:00,11.892,64.513,3.798,0.0
2024-09-14 07:00:00,8.591,72.696,3.353,20.4
2024-06-30 22:00:00,26.313,46.496,4.402,0.0
2024-10-15 19:00:00,12.113,60.583,4.06,3.62
2024-02-18 15:00:00,7.946,71.469,2.898,13.52
2024-03-20 16:00:00,15.148,66.512,1.528,0.0
2024-02-23 19:00:00,15.158,62.523,1.319,19.4
2024-12-14 04:00:00,-2.062,87.975,3.909,0.0
2024-07-16 01:00:00,23.82,50.846,2.356,43.43
2024-09-18 09:00:00,6.292,64.298,4.556,135.45
2024-04-24 10:00:00,15.771,58.555,1.976,314.21
2024-05-06 21:00:00,20.858,46.91,3.83,512.97
2024-02-07 11:00:00,-0.239,77.479,1.777,556.28
2024-01-11 08:00:00,0.047,88.87,2.153,628.25
2024-11-03 13:00:00,3.209,66.519,4.264,795.1
2024-12-13 17:00:00,,64.005,4.123,708.71
2024-04-17 08:00:00,16.198,71.365,4.432,644.73
2024-12-31 19:00:00,3.821,81.633,4.452,389.2
2024-02-05 15:00:00,3.763,72.272,1.281,337.28
2024-09-06 21:00:00,16.235,51.979,2.913,203.89
2024-05-18 02:00:00,21.547,55.089,4.01,4.09
2024-08-16 14:00:00,18.784,56.096,3.015,7.67
2024-06-13 05:00:00,23.317,59.725,3.981,8.05
2024-10-27 04:00:00,-0.522,79.327,3.474,3.81
2024-05-31 04:00:00,18.57,55.78,0.768,0.0
2024-10-26 08:00:00,0.858,79.968,3.098,0.0
2024-06-25 04:00:00,22.439,49.066,1.419,0.0
2024-01-09 16:00:00,3.649,74.479,3.883,0.0
2024-03-05 03:00:00,2.73,69.799,,0.0
2024-07-02 20:00:00,25.807,47.743,4.643,13.03
2024-10-21 13:00:00,0.851,71.016,0.421,6.07
2024-05-19 03:00:00,,52.964,3.055,10.1
2024-05-27 20:00:00,25.051,45.211,4.367,0.0
2024-02-22 15:00:00,5.999,70.492,1.14,146.81
2024-08-08 06:00:00,14.207,61.655,4.099,327.86
2024-12-15 00:00:00,-0.431,80.99,3.354,433.11
2024-03-27 16:00:00,15.443,58.997,4.841,490.44
2024-04-22 21:00:00,25.134,54.394,1.249,640.14
2024-07-31 06:00:00,17.361,61.845,2.461,714.36
2024-12-25 05:00:00,-1.512,88.212,2.779,674.35
2024-08-26 14:00:00,12.748,55.934,2.402,544.85
2024-08-16 00:00:00,19.871,56.186,3.227,492.45
2024-08-28 19:00:00,21.461,50.832,2.937,348.99
2024-10-04 20:00:00,13.53,59.96,2.288,184.77
2024-02-11 10:00:00,-0.569,84.403,2.421,40.86
2024-10-11 02:00:00,7.463,79.236,4.2,1.18
2024-09-01 16:00:00,18.209,57.407,5.41,0.0
2024-12-05 10:00:00,-2.0,87.897,2.976,2.86
2024-04-28 22:00:00,25.121,47.903,2.92,0.0
2024-01-24 07:00:00,-2.479,86.829,3.672,8.13
2024-04-01 20:00:00,16.74,56.423,0.97,0.0
2024-07-15 11:00:00,19.944,56.296,1.14,0.0
2024-05-16 17:00:00,24.857,47.523,2.201,15.46
2024-11-15 06:00:00,-2.706,86.603,3.906,0.0
2024-11-12 23:00:00,4.003,73.046,0.0,0.0
2024-05-15 08:00:00,18.27,60.181,2.687,0.0
2024-03-18 04:00:00,7.438,66.344,1.107,0.0
2024-03-09 17:00:00,17.231,61.975,1.632,143.06
2024-12-20 21:00:00,6.186,68.235,1.961,290.9
2024-04-08 19:00:00,18.732,56.905,2.739,357.24
2024-09-14 12:00:00,12.664,68.233,2.741,586.69
2024-01-17 21:00:00,6.376,76.975,2.979,654.63
2024-08-27 17:00:00,16.92,50.004,2.854,695.78
2024-10-22 03:00:00,3.248,75.606,1.766,548.61
2024-03-20 02:00:00,13.01,64.281,3.741,652.03
2024-03-20 12:00:00,7.851,73.274,3.963,530.48
2024-11-26 03:00:00,2.194,77.618,4.143,387.95
2024-02-17 23:00:00,4.671,67.689,3.353,191.74
2024-03-06 20:00:00,13.497,56.8,3.241,20.61
2024-08-07 11:00:00,16.202,57.257,2.515,0.0
2024-08-27 21:00:00,19.8,57.051,3.706,0.0
2024-12-15 12:00:00,-3.036,79.255,4.458,0.0
2024-02-27 11:00:00,8.022,75.794,2.089,2.64
2024-11-23 06:00:00,-4.106,81.949,5.67,0.0
2024-10-23 01:00:00,5.622,78.009,1.374,0.0
2024-07-30 14:00:00,21.769,50.117,0.758,0.0
2024-10-24 06:00:00,0.948,78.188,2.943,0.0
2024-07-30 02:00:00,21.223,49.897,2.695,0.0
2024-06-04 17:00:00,26.13,42.758,0.58,0.0
2024-03-26 20:00:00,18.769,53.929,3.722,0.0
2024-10-28 05:00:00,2.818,77.798,4.371,0.0
2024-06-14 14:00:00,24.591,52.408,3.602,179.5
2024-01-04 15:00:00,2.038,77.743,4.718,391.11
2024-07-01 13:00:00,23.037,49.113,3.424,506.0
2024-08-26 19:00:00,20.664,52.978,3.598,718.65
2024-04-02 03:00:00,14.716,64.707,1.857,609.92
2024-06-18 16:00:00,23.23,48.877,3.905,811.06
2024-02-22 13:00:00,5.723,74.275,2.016,703.25
2024-04-18 20:00:00,21.382,50.292,2.291,527.47
2024-10-06 08:00:00,3.991,78.515,4.973,513.42
2024-03-14 23:00:00,11.215,66.344,2.585,367.32
2024-08-08 22:00:00,24.87,53.735,3.967,188.89
2024-01-15 19:00:00,3.264,73.952,0.985,0.0
2024-08-29 20:00:00,22.266,48.037,4.411,0.0
2024-03-29 08:00:00,14.194,70.355,3.746,21.68
2024-08-30 21:00:00,22.268,52.504,4.601,0.0
2024-12-22 14:00:00,-0.15,77.215,0.917,10.97
2024-01-06 17:00:00,2.774,75.258,5.003,3.98
2024-08-02 01:00:00,23.102,53.281,2.437,44.65
2024-02-23 05:00:00,4.686,78.102,1.793,0.0
2024-09-14 00:00:00,14.637,62.641,0.534,0.0
2024-11-01 02:00:00,3.011,75.477,3.856,0.0
2024-12-04 18:00:00,3.357,73.573,1.369,8.68
2024-09-18 02:00:00,12.235,64.386,4.071,0.0
2024-12-02 16:00:00,1.24,72.933,2.052,34.4
2024-06-08 05:00:00,21.432,57.398,3.586,227.16
2024-10-07 15:00:00,10.195,68.392,3.711,191.78
2024-09-29 07:00:00,7.456,75.214,2.251,531.28
2024-10-06 15:00:00,12.046,70.56,2.524,668.26
2024-02-17 11:00:00,4.153,82.696,2.532,764.55
2024-03-17 15:00:00,12.041,69.115,0.711,758.59
2024-11-09 02:00:00,0.582,70.223,0.671,671.2
2024-02-22 01:00:00,4.856,67.488,2.169,586.52
2024-02-27 21:00:00,10.071,64.244,1.787,505.98
2024-08-15 17:00:00,21.505,54.12,4.187,415.86
2024-10-02 14:00:00,10.618,64.766,2.339,173.9
2024-06-11 19:00:00,25.211,42.941,5.021,0.0
2024-07-03 01:00:00,21.191,54.19,5.433,14.43
2024-03-13 16:00:00,10.888,67.325,0.585,17.96
2024-06-05 04:00:00,24.213,55.529,2.532,0.0
2024-07-05 23:00:00,25.35,44.165,2.804,11.45
2024-12-09 08:00:00,-3.448,85.772,4.289,6.93
2024-08-29 21:00:00,20.257,52.749,3.569,1.97
2024-11-24 20:00:00,2.923,67.205,4.653,9.98
2024-02-25 18:00:00,9.948,66.891,0.452,0.0
2024-12-28 14:00:00,-2.446,78.403,5.005,12.15
2024-02-20 08:00:00,-0.269,82.83,2.002,0.0
2024-07-27 15:00:00,23.467,52.75,5.056,0.45
2024-12-12 09:00:00,-5.315,88.625,4.627,14.34
2024-10-18 01:00:00,6.201,69.409,2.077,203.05
2024-06-11 16:00:00,28.786,50.84,4.133,330.01
2024-07-26 22:00:00,21.363,45.323,4.304,495.01
2024-12-17 05:00:00,-3.782,88.262,2.883,661.92
2024-05-02 01:00:00,22.902,53.985,3.968,784.92
2024-07-11 04:00:00,23.764,56.169,0.756,789.87
2024-09-08 17:00:00,19.179,58.456,3.092,799.73
2024-02-29 05:00:00,7.052,80.506,1.881,610.22
2024-06-11 11:00:00,21.734,49.499,4.194,474.86
2024-06-17 07:00:00,18.887,60.308,3.742,297.84
2024-11-18 19:00:00,6.034,75.348,3.238,175.79
2024-07-28 21:00:00,24.055,52.188,2.933,42.25
2024-11-07 15:00:00,3.367,73.887,3.55,0.0
2024-07-01 10:00:00,20.823,57.976,4.837,6.94
2024-02-21 06:00:00,1.97,82.173,0.786,0.0
2024-04-22 00:00:00,21.818,48.279,2.07,2.63
2024-01-20 17:00:00,6.984,67.841,1.172,0.0
2024-10-21 23:00:00,,59.267,0.52,0.0
2024-08-28 00:00:00,18.394,60.306,5.035,0.0
2024-02-16 21:00:00,7.344,70.999,3.347,5.2
2024-08-25 15:00:00,16.861,62.898,1.06,0.0
2024-05-12 22:00:00,24.218,43.554,2.863,0.0
2024-06-11 01:00:00,26.444,47.391,4.482,7.55
2024-12-01 02:00:00,-2.04,74.512,0.804,0.0
2024-01-28 21:00:00,8.465,69.897,5.292,169.32
2024-05-26 09:00:00,15.96,56.47,4.033,422.32
2024-02-21 08:00:00,2.278,75.658,1.892,570.97
2024-09-12 13:00:00,12.367,72.826,0.996,567.23
2024-09-01 06:00:00,11.494,71.592,5.452,809.27
2024-11-06 12:00:00,-0.809,80.313,2.495,785.0
2024-04-07 21:00:00,18.817,57.349,1.485,701.81
2024-12-10 09:00:00,-4.08,89.199,3.951,577.88
2024-09-12 11:00:00,9.526,64.029,2.055,476.91
2024-05-10 08:00:00,17.364,60.919,0.896,371.64
2024-07-08 04:00:00,19.508,57.036,2.254,100.31
2024-08-09 13:00:00,18.272,55.755,3.822,5.65
2024-07-05 19:00:00,28.421,45.892,4.417,0.0
2024-01-29 05:00:00,3.093,82.036,3.853,0.0
2024-08-22 18:00:00,19.526,55.116,1.811,9.19
2024-08-04 05:00:00,20.755,57.5,2.443,36.81
2024-04-10 17:00:00,19.686,48.231,2.728,0.0
2024-05-19 02:00:00,23.21,53.259,3.178,6.62
2024-11-30 02:00:00,4.437,79.421,2.796,0.0
2024-09-09 07:00:00,12.79,73.509,2.206,0.1
2024-07-21 22:00:00,31.254,47.149,5.622,0.0
2024-03-11 23:00:00,14.974,65.507,3.837,14.96
2024-04-12 18:00:00,18.718,57.42,4.796,0.0
2024-11-27 10:00:00,-0.199,92.196,1.354,6.5
2024-09-11 14:00:00,15.419,60.068,0.15,193.46
2024-02-14 11:00:00,4.461,78.532,4.091,357.76
2024-08-04 19:00:00,25.718,51.12,1.997,537.38
2024-09-22 01:00:00,14.337,59.911,4.378,682.55
2024-01-11 13:00:00,1.693,86.371,0.494,743.8
2024-05-24 00:00:00,26.755,43.159,3.629,759.58
2024-04-03 08:00:00,11.055,69.917,2.405,554.34
2024-07-16 20:00:00,25.187,50.401,2.923,576.57
2024-05-19 00:00:00,21.847,51.901,3.344,592.63
2024-03-27 18:00:00,14.308,56.979,4.728,418.76
2024-05-26 10:00:00,20.288,55.102,5.433,174.97
2024-06-25 08:00:00,18.842,51.105,1.394,27.42
2024-10-01 05:00:00,7.05,71.691,1.041,12.04
2024-01-10 21:00:00,4.993,77.712,2.186,0.0
2024-08-24 01:00:00,15.55,61.083,2.694,19.42
2024-03-19 09:00:00,10.838,72.955,2.41,0.0
2024-03-07 21:00:00,11.485,62.918,4.821,0.0
2024-04-06 08:00:00,11.876,63.444,1.787,16.21
2024-05-26 05:00:00,19.181,63.353,4.474,41.04
2024-05-17 11:00:00,21.306,57.816,2.834,23.39
2024-05-02 09:00:00,15.816,58.598,4.249,2.56
2024-10-03 16:00:00,,65.383,1.598,5.65
2024-11-21 23:00:00,4.683,74.998,4.589,47.35
2024-05-11 00:00:00,24.142,46.851,1.555,0.0
2024-10-12 02:00:00,10.645,69.677,5.174,132.44
2024-01-26 02:00:00,3.949,73.838,4.809,345.14
2024-02-28 09:00:00,4.858,89.689,1.896,645.99
2024-06-27 00:00:00,,44.641,2.956,718.36
2024-12-11 21:00:00,3.106,74.657,5.054,798.84
2024-04-29 13:00:00,20.802,64.253,1.974,770.83
2024-05-14 08:00:00,18.249,59.355,2.017,677.79
2024-07-29 08:00:00,19.318,61.47,3.983,496.62
2024-05-09 12:00:00,19.911,53.975,2.544,484.3
2024-01-15 17:00:00,3.745,77.039,,348.76
2024-03-14 02:00:00,11.683,59.27,3.222,220.75
2024-07-21 15:00:00,20.856,41.937,5.031,0.0
2024-12-10 02:00:00,-0.446,78.704,4.121,0.0
2024-09-10 18:00:00,18.555,58.341,2.189,23.39
2024-12-13 01:00:00,0.869,75.966,3.991,0.71
2024-06-01 04:00:00,22.213,55.971,2.26,1.86
2024-03-30 18:00:00,15.251,45.533,3.216,0.0
2024-01-20 06:00:00,-3.029,86.343,3.677,1.82
2024-05-12 11:00:00,19.591,54.833,1.011,0.78
2024-05-04 20:00:00,24.857,46.189,6.117,0.0
2024-09-28 10:00:00,6.844,65.173,0.392,0.0
2024-09-03 09:00:00,12.031,65.681,4.769,24.36
2024-04-12 00:00:00,17.217,55.986,3.142,0.0
2024-11-14 11:00:00,-0.731,77.723,2.203,0.0
2024-01-25 00:00:00,4.686,78.869,6.572,138.23
2024-07-01 08:00:00,15.486,57.979,3.557,437.12
2024-03-21 08:00:00,10.188,67.017,3.753,562.55
2024-07-23 09:00:00,19.838,63.404,4.891,603.89
2024-07-21 17:00:00,22.048,48.968,2.977,706.7
2024-02-27 19:00:00,14.238,66.458,1.776,674.91
2024-04-18 10:00:00,13.137,68.151,3.673,563.83
2024-07-05 07:00:00,22.009,57.34,3.82,474.48
2024-12-28 03:00:00,-0.52,92.23,2.834,535.23
2024-04-14 03:00:00,16.583,59.426,4.89,276.23
2024-01-02 03:00:00,-0.048,83.005,2.61,162.1
2024-06-29 11:00:00,18.926,53.45,3.337,0.0
2024-02-09 17:00:00,9.802,66.888,3.657,16.85
2024-08-08 03:00:00,19.906,53.467,4.302,0.0
2024-12-04 08:00:00,-1.563,85.442,2.695,17.84
2024-03-24 00:00:00,16.966,53.679,3.814,24.05
2024-12-02 21:00:00,4.782,69.429,1.461,0.0
2024-05-05 14:00:00,19.489,61.242,3.879,0.0
2024-01-26 19:00:00,6.65,68.464,4.64,6.85
2024-02-13 00:00:00,7.749,70.169,4.391,12.21
2024-01-09 12:00:00,-3.758,89.196,2.188,0.0
2024-10-01 04:00:00,6.92,66.413,2.125,0.12
2024-12-03 18:00:00,3.833,73.943,1.204,0.89
2024-05-11 16:00:00,22.272,57.367,3.749,14.78
2024-06-20 22:00:00,25.878,43.735,2.719,192.1
2024-12-08 09:00:00,-7.344,88.2,3.154,330.59
2024-05-11 02:00:00,20.09,51.328,1.992,551.84
2024-12-30 03:00:00,-3.479,88.572,5.238,430.71
2024-06-13 00:00:00,28.18,40.647,4.463,691.58
2024-04-07 14:00:00,16.545,56.353,1.659,614.11
2024-03-02 02:00:00,11.347,67.341,4.358,797.41
2024-09-02 17:00:00,20.138,57.446,3.673,576.16
2024-08-03 17:00:00,20.105,50.019,1.592,463.31
2024-08-18 13:00:00,17.536,61.673,1.603,324.17
2024-01-01 02:00:00,1.432,82.185,5.112,248.06
2024-12-22 13:00:00,2.85,88.824,0.5,0.0
2024-02-03 19:00:00,6.532,66.142,2.634,0.0
2024-04-19 18:00:00,24.449,49.456,2.861,0.0
2024-08-20 16:00:00,21.937,59.507,1.032,11.28
2024-03-10 12:00:00,9.458,75.232,2.467,0.0
2024-12-06 20:00:00,-1.547,70.185,4.154,4.18
2024-03-31 22:00:00,17.398,57.789,3.174,0.0
2024-12-28 11:00:00,-4.801,83.379,2.979,0.0
2024-08-22 07:00:00,14.465,60.766,0.741,0.0
2024-12-31 09:00:00,-2.194,94.131,3.066,10.0
2024-03-05 04:00:00,6.886,73.559,6.064,0.0
2024-08-14 01:00:00,21.101,56.701,4.649,11.72
2024-08-20 08:00:00,12.633,67.615,2.146,38.08
2024-04-16 10:00:00,12.352,78.716,5.607,234.58
2024-05-30 16:00:00,23.504,49.93,3.487,314.57
2024-10-19 17:00:00,9.533,67.001,1.678,485.58
2024-03-16 12:00:00,12.076,72.03,2.413,504.53
2024-11-16 18:00:00,6.122,71.338,3.202,516.0
2024-08-06 23:00:00,20.957,51.275,3.133,673.38
2024-09-01 11:00:00,11.476,61.586,5.156,562.49
2024-12-11 17:00:00,3.614,73.791,4.607,451.33
2024-04-19 19:00:00,23.718,53.232,4.158,563.26
2024-01-04 23:00:00,0.605,71.235,4.88,325.17
2024-11-11 05:00:00,-3.481,85.166,0.955,219.22
2024-04-11 01:00:00,18.398,64.093,4.604,0.0
2024-03-17 16:00:00,13.149,66.567,2.314,11.89
2024-12-26 20:00:00,8.244,74.354,3.541,5.42
2024-05-13 00:00:00,27.723,49.794,1.229,0.0
2024-11-02 22:00:00,10.255,68.261,4.839,0.0
2024-12-11 02:00:00,1.559,80.348,3.221,34.57
2024-11-10 21:00:00,6.408,74.625,0.802,0.0
2024-06-24 08:00:00,18.418,63.251,0.629,0.0
2024-11-24 14:00:00,3.18,71.913,2.957,0.0
2024-12-24 14:00:00,-2.509,76.077,3.19,38.22
2024-01-31 18:00:00,,73.091,1.962,10.19
2024-11-30 19:00:00,8.057,74.122,2.379,55.78
2024-04-26 17:00:00,26.813,54.755,2.731,0.0
2024-02-03 17:00:00,4.678,74.564,1.174,228.84
2024-04-04 22:00:00,19.728,47.085,0.827,362.27
2024-04-18 05:00:00,15.297,63.367,2.894,500.04
2024-10-18 02:00:00,3.64,67.261,2.706,683.13
2024-08-26 07:00:00,9.43,69.696,2.624,781.45
2024-04-15 16:00:00,20.95,56.03,3.99,520.75
2024-08-13 12:00:00,15.678,60.734,4.113,611.37
2024-01-13 17:00:00,4.07,70.745,3.058,619.78
2024-07-19 17:00:00,23.715,46.49,2.599,468.52
2024-10-15 08:00:00,3.177,75.969,3.922,320.39
2024-11-13 06:00:00,1.447,87.81,1.377,220.88
2024-12-26 16:00:00,1.453,76.382,2.923,0.0
2024-08-30 20:00:00,20.242,56.051,4.469,0.0
2024-04-28 13:00:00,16.454,64.967,1.489,0.0
2024-05-06 05:00:00,17.917,66.073,5.561,22.02
2024-04-09 04:00:00,12.316,73.013,3.372,15.8
2024-01-17 02:00:00,2.006,73.866,1.498,19.63
2024-10-15 16:00:00,8.593,68.169,3.905,22.45
2024-09-29 06:00:00,5.144,72.871,0.821,0.0
2024-07-26 15:00:00,22.448,43.692,3.322,0.0
2024-11-23 05:00:00,-0.694,81.006,3.68,47.95
2024-03-08 12:00:00,7.743,70.39,3.47,28.65
2024-01-10 08:00:00,-4.056,88.228,2.418,14.83
2024-01-04 00:00:00,2.347,76.318,5.258,46.71
2024-08-15 08:00:00,13.583,62.746,3.511,192.48
2024-02-20 03:00:00,6.198,67.148,2.534,407.43
2024-05-25 01:00:00,19.234,49.909,3.498,577.3
2024-09-16 04:00:00,12.675,65.366,2.876,667.6
2024-03-22 22:00:00,15.522,58.857,3.038,779.05
2024-09-17 11:00:00,8.837,75.158,3.044,589.73
2024-05-15 13:00:00,22.727,45.404,1.627,803.54
2024-09-27 08:00:00,6.974,75.604,2.488,713.05
2024-02-10 03:00:00,4.776,71.773,3.3,569.67
2024-12-28 00:00:00,5.819,69.778,3.772,299.67
2024-10-01 16:00:00,14.083,68.833,1.645,130.06
2024-02-28 14:00:00,5.197,66.96,3.631,0.0
2024-04-01 02:00:00,11.898,63.434,1.554,0.0
2024-04-09 16:00:00,15.357,56.985,2.907,0.0
2024-02-19 00:00:00,5.027,64.124,4.109,33.01
2024-12-24 11:00:00,-2.025,89.746,3.608,29.05
2024-03-05 01:00:00,,69.156,4.694,9.71
2024-09-20 12:00:00,8.805,71.829,5.229,33.41
2024-11-26 23:00:00,4.538,71.648,2.977,0.0
2024-09-15 16:00:00,14.609,60.946,2.183,0.0
2024-10-02 21:00:00,13.447,62.593,1.192,0.0
2024-05-19 05:00:00,19.04,55.344,3.382,9.51
2024-05-11 21:00:00,22.074,40.765,3.742,0.0
2024-08-21 16:00:00,21.272,51.753,1.775,40.51
2024-05-23 11:00:00,22.735,56.908,4.289,244.78
2024-05-03 12:00:00,20.446,59.893,,384.5
2024-09-05 17:00:00,16.526,49.868,3.635,583.33
2024-11-16 13:00:00,0.534,79.433,4.428,771.49
2024-11-15 18:00:00,3.924,70.645,2.909,788.67
2024-09-27 20:00:00,16.46,54.166,1.99,688.95
2024-03-01 07:00:00,5.337,72.756,3.858,730.73
2024-12-13 05:00:00,-1.487,88.062,4.229,696.83
2024-04-07 00:00:00,18.911,56.558,2.3,536.01
2024-09-05 01:00:00,17.256,56.26,3.113,399.58
2024-02-26 17:00:00,11.243,69.6,1.084,162.5
2024-08-07 07:00:00,16.905,62.522,2.572,0.0
2024-08-06 05:00:00,19.505,56.787,2.727,19.35
2024-11-27 18:00:00,2.891,76.796,2.368,0.0
2024-07-19 11:00:00,16.187,55.623,4.003,7.24
2024-10-24 08:00:00,-0.06,82.137,2.493,13.0
2024-07-28 08:00:00,21.527,67.558,3.98,0.0
2024-09-23 21:00:00,17.342,58.422,4.656,39.65
2024-06-21 12:00:00,23.109,55.786,0.656,7.49
2024-09-09 06:00:00,11.104,70.745,0.463,0.31
2024-02-26 06:00:00,1.802,73.504,0.27,5.04
2024-11-29 06:00:00,0.198,91.666,1.427,0.0
2024-10-04 04:00:00,5.487,72.626,0.595,0.0
2024-07-20 14:00:00,24.789,54.447,3.474,30.48
2024-07-31 20:00:00,23.099,45.318,1.84,110.07
2024-06-24 17:00:00,25.921,46.503,0.565,385.51
2024-03-10 08:00:00,8.279,74.208,2.361,530.8
2024-03-05 17:00:00,10.276,69.668,4.165,713.37
2024-08-23 19:00:00,19.941,55.517,2.205,780.99
2024-10-11 00:00:00,5.931,67.588,5.112,539.92
2024-02-04 18:00:00,7.008,72.672,0.479,566.37
2024-10-02 09:00:00,5.739,74.777,4.004,578.5
2024-06-16 07:00:00,19.075,64.179,5.794,483.02
2024-10-21 16:00:00,5.161,66.694,0.889,346.41
2024-03-13 12:00:00,8.369,71.717,2.928,231.68
2024-03-13 07:00:00,3.784,83.0,1.616,28.23
2024-07-26 23:00:00,25.736,44.711,3.644,0.0
2024-01-15 05:00:00,-1.185,84.409,2.203,21.49
2024-01-07 13:00:00,0.405,88.704,5.572,0.0
2024-03-24 06:00:00,9.068,67.932,3.929,0.0
2024-03-15 13:00:00,12.346,70.008,1.15,0.0
2024-02-09 16:00:00,4.122,72.206,2.625,0.0
2024-10-04 03:00:00,7.181,68.375,2.393,0.31
2024-12-04 00:00:00,-0.778,79.181,2.994,3.94
2024-09-01 02:00:00,15.019,52.614,5.952,30.45
2024-05-18 15:00:00,22.172,53.236,0.437,0.0
2024-06-15 02:00:00,24.964,55.232,3.911,0.0
2024-12-07 06:00:00,-2.132,81.376,2.905,0.0
2024-11-19 11:00:00,-0.196,79.961,4.939,147.72
2024-03-11 04:00:00,,76.21,2.125,367.58
2024-05-20 19:00:00,24.962,44.487,3.309,555.66
2024-10-11 08:00:00,4.816,78.782,5.044,766.78
2024-05-17 01:00:00,22.604,44.308,1.259,590.22
2024-05-30 15:00:00,25.636,46.827,2.093,545.54
2024-09-02 01:00:00,18.904,61.935,5.337,741.69
2024-03-14 06:00:00,10.201,73.751,1.987,743.33
2024-08-30 02:00:00,17.939,52.541,4.629,530.94
2024-10-05 05:00:00,4.194,77.965,1.396,344.46
2024-01-17 11:00:00,-2.282,82.085,2.343,216.23
2024-06-02 03:00:00,22.571,52.534,1.272,0.0
2024-07-31 11:00:00,18.326,67.257,2.211,7.02
2024-08-10 15:00:00,19.57,48.046,4.385,0.0
2024-02-25 10:00:00,6.473,76.826,1.612,0.0
2024-12-29 01:00:00,0.631,80.988,5.05,0.0
2024-12-16 10:00:00,-3.714,82.889,1.35,0.0
2024-02-06 16:00:00,10.455,68.749,2.421,0.0
2024-09-04 15:00:00,13.22,60.695,5.187,0.0
2024-05-22 01:00:00,27.328,52.868,4.422,0.0
2024-08-15 07:00:00,17.37,64.597,,0.0
2024-03-27 15:00:00,13.667,59.813,3.059,26.63
2024-07-19 10:00:00,20.358,59.008,3.174,55.07
2024-02-21 18:00:00,8.854,66.007,2.47,35.98
2024-08-21 20:00:00,23.523,55.736,1.228,218.07
2024-03-18 06:00:00,9.924,70.603,2.097,446.51
2024-04-19 06:00:00,14.612,61.439,2.689,558.15
2024-07-18 01:00:00,25.76,50.411,4.337,627.1
2024-12-14 16:00:00,4.968,70.411,3.502,648.95
2024-11-22 03:00:00,-0.183,79.098,2.186,635.7
2024-07-12 00:00:00,25.787,38.982,1.373,688.04
2024-02-13 09:00:00,0.341,75.303,4.47,734.83
2024-05-23 17:00:00,24.788,45.674,4.716,457.55
2024-10-21 05:00:00,,82.062,1.192,454.0
2024-10-08 23:00:00,11.383,65.528,4.625,189.48
2024-12-24 19:00:00,4.96,69.372,3.134,22.0
2024-08-03 19:00:00,24.504,46.832,0.478,9.08
2024-12-11 14:00:00,1.695,78.686,5.3,0.0
2024-12-04 06:00:00,-3.497,86.421,1.966,0.0
2024-02-27 06:00:00,6.747,79.484,1.808,4.03
2024-09-16 23:00:00,15.993,54.132,3.741,59.46
2024-12-29 05:00:00,-2.378,86.703,4.668,0.0
2024-03-26 00:00:00,13.987,54.992,4.13,15.08
2024-08-03 15:00:00,24.89,52.323,1.09,4.12
2024-04-28 00:00:00,24.278,50.272,2.109,9.9
2024-02-09 00:00:00,4.537,69.233,3.905,0.0
2024-01-11 02:00:00,1.778,77.167,3.219,0.0
2024-01-22 10:00:00,-2.59,85.057,3.529,0.0
2024-12-09 21:00:00,2.187,69.687,5.967,243.27
2024-09-25 00:00:00,9.993,59.138,2.926,444.54
2024-03-26 14:00:00,10.815,61.257,4.947,465.54
2024-12-23 15:00:00,2.201,81.128,1.415,460.2
2024-04-11 20:00:00,19.531,50.41,3.413,725.56
2024-01-29 11:00:00,0.819,74.759,2.787,814.26
2024-03-24 07:00:00,7.621,74.926,4.35,689.43
2024-07-30 01:00:00,21.833,56.019,1.813,723.94
2024-10-03 06:00:00,2.749,72.418,0.524,607.51
2024-04-20 18:00:00,21.877,,1.986,395.63
2024-01-18 03:00:00,-1.57,74.09,2.975,220.19
2024-01-06 21:00:00,6.742,74.188,4.904,19.18
2024-07-21 19:00:00,26.05,51.471,4.415,0.0
2024-01-06 22:00:00,1.096,67.01,5.593,0.0
2024-12-07 10:00:00,-3.026,84.793,5.447,0.59
2024-09-03 08:00:00,13.428,70.155,4.158,13.47
2024-07-02 10:00:00,18.665,53.934,3.306,9.23
2024-07-23 19:00:00,26.275,46.472,5.029,0.47
2024-09-27 11:00:00,5.79,61.099,2.768,0.0
2024-01-15 01:00:00,1.661,70.735,1.605,0.0
2024-06-09 08:00:00,19.544,57.65,3.57,0.0
2024-09-28 03:00:00,9.896,73.06,2.452,0.0
2024-01-04 12:00:00,-3.044,83.664,5.411,0.0
2024-06-19 11:00:00,23.728,50.386,2.479,14.2
2024-04-25 16:00:00,20.508,52.973,2.155,145.92
2024-08-16 03:00:00,20.454,59.394,2.634,354.75
2024-10-14 16:00:00,8.239,68.681,4.216,518.51
2024-03-15 23:00:00,13.835,51.762,1.666,713.78
2024-02-05 22:00:00,10.005,70.385,1.567,761.9
2024-06-03 20:00:00,33.371,44.626,2.386,603.9
2024-01-21 11:00:00,1.638,75.937,3.572,696.97
2024-01-16 11:00:00,-0.636,82.185,1.866,618.01
2024-06-15 09:00:00,21.456,62.843,5.419,544.17
2024-07-28 01:00:00,26.139,44.202,3.851,416.41
2024-09-14 16:00:00,14.819,61.086,2.406,133.56
2024-02-04 23:00:00,6.05,73.403,1.605,0.0
2024-11-01 12:00:00,6.095,82.599,4.855,36.59
2024-08-19 20:00:00,22.072,53.71,0.532,0.0
2024-02-02 10:00:00,-0.282,85.068,0.741,0.0
2024-12-19 14:00:00,0.751,75.163,2.749,14.9
2024-09-23 00:00:00,13.862,65.028,4.482,0.0
2024-07-08 18:00:00,26.702,40.723,3.553,0.0
2024-02-04 10:00:00,2.986,82.932,0.892,0.0
2024-05-13 08:00:00,17.95,63.55,0.971,0.0
2024-12-30 22:00:00,3.982,79.797,3.911,0.0
2024-08-17 14:00:00,18.613,57.309,2.044,0.0
2024-09-23 07:00:00,7.201,76.417,5.085,0.0
2024-01-15 08:00:00,-3.643,88.776,1.315,0.0
2024-03-09 05:00:00,7.675,75.07,3.182,215.52
2024-04-03 14:00:00,13.246,59.007,0.817,306.02
2024-09-16 10:00:00,6.485,69.963,2.678,580.87
2024-04-28 15:00:00,18.993,52.276,2.814,733.73
2024-07-10 09:00:00,15.47,56.728,3.116,566.81
2024-01-11 17:00:00,2.424,74.439,3.087,642.61
2024-06-28 09:00:00,17.124,65.668,3.127,817.95
2024-06-17 16:00:00,25.803,45.366,3.851,660.11
2024-07-10 22:00:00,26.085,45.51,1.13,557.65
2024-01-11 18:00:00,5.132,73.598,2.093,365.02
2024-03-05 21:00:00,11.354,53.096,3.429,221.22
2024-08-26 12:00:00,13.917,63.147,2.889,9.61
2024-10-31 03:00:00,4.967,81.392,4.508,0.0
2024-11-14 15:00:00,6.799,81.232,3.086,29.76
2024-11-03 06:00:00,0.916,83.119,4.102,0.0
2024-03-05 07:00:00,4.249,78.55,5.204,1.47
2024-10-14 02:00:00,8.72,68.42,3.487,0.0
2024-05-16 08:00:00,19.561,55.049,2.003,25.23
2024-10-22 07:00:00,-1.802,82.551,0.684,0.0
2024-01-19 16:00:00,2.666,74.287,1.999,0.0
2024-06-08 16:00:00,27.641,52.984,3.097,5.86
2024-10-16 07:00:00,4.394,69.958,2.065,0.0
2024-04-05 04:00:00,12.428,70.819,0.0,0.0
2024-03-15 02:00:00,10.196,66.44,2.39,0.0
2024-11-02 11:00:00,2.408,79.84,3.215,136.11
2024-11-15 00:00:00,6.705,61.804,2.163,390.94
2024-06-11 08:00:00,22.387,60.066,4.096,509.96
2024-05-15 00:00:00,23.88,52.542,2.103,547.23
2024-10-16 08:00:00,-0.7,76.724,3.228,571.02
2024-03-08 19:00:00,15.708,61.061,4.557,666.42
2024-09-24 19:00:00,17.431,56.807,4.813,611.52
2024-10-30 10:00:00,4.214,85.451,3.997,769.33
2024-11-13 22:00:00,7.597,71.997,1.077,563.78
2024-04-26 19:00:00,21.193,44.581,2.752,438.44
2024-03-17 05:00:00,8.586,68.711,1.588,240.07
2024-09-07 15:00:00,13.845,58.546,2.572,8.92
2024-06-12 09:00:00,20.447,61.6,3.087,14.76
2024-05-27 07:00:00,22.058,57.932,3.023,0.0
2024-09-17 20:00:00,18.859,57.388,4.91,43.96
2024-01-05 16:00:00,2.575,77.538,4.894,28.13
2024-05-17 20:00:00,29.258,44.362,1.913,0.0
2024-01-06 01:00:00,-0.076,74.211,3.79,12.98
2024-05-26 19:00:00,29.766,47.728,3.633,0.0
2024-04-16 09:00:00,14.216,63.107,4.019,0.0
2024-05-05 16:00:00,19.805,50.323,3.381,13.2
2024-10-18 08:00:00,3.867,87.143,2.501,21.58
2024-02-07 14:00:00,4.112,67.393,1.316,0.0
2024-02-24 21:00:00,10.308,64.333,0.592,0.0
2024-02-08 17:00:00,6.927,67.748,2.689,174.87
2024-07-24 10:00:00,20.426,58.269,4.311,394.69
2024-12-16 02:00:00,1.139,80.17,1.498,583.72
2024-11-11 17:00:00,5.219,68.986,1.605,534.3
2024-11-04 10:00:00,-0.274,81.937,3.046,833.95
2024-02-23 15:00:00,8.756,64.955,3.212,750.48
2024-11-01 22:00:00,8.828,73.618,5.057,855.55
2024-10-26 17:00:00,9.393,68.532,3.602,611.03
2024-12-28 02:00:00,1.071,82.835,3.729,611.84
2024-06-15 18:00:00,27.464,43.904,4.26,300.78
2024-03-23 17:00:00,16.371,66.594,3.723,245.3
2024-09-22 06:00:00,7.37,75.192,4.041,0.43
2024-11-22 17:00:00,3.272,67.039,3.439,0.0
2024-02-21 00:00:00,8.104,64.563,3.345,0.74
2024-03-31 19:00:00,18.135,,3.272,0.0
2024-04-06 09:00:00,12.494,69.144,2.34,0.0
2024-02-16 16:00:00,9.534,72.952,3.914,24.23
2024-12-13 15:00:00,-1.3,78.105,3.309,0.22
2024-08-25 22:00:00,20.533,55.288,3.459,0.22
2024-06-18 21:00:00,24.248,40.263,3.287,0.0
2024-06-20 15:00:00,23.163,49.966,2.549,0.0
2024-03-29 04:00:00,11.44,62.979,2.283,0.0
2024-12-06 17:00:00,5.867,75.791,3.832,25.17
2024-12-15 23:00:00,2.786,75.928,3.265,0.0
2024-10-08 12:00:00,6.67,70.892,4.314,173.21
2024-04-03 22:00:00,16.074,55.147,2.23,385.26
2024-03-31 15:00:00,19.055,60.64,2.562,572.14
2024-04-23 14:00:00,20.45,60.747,1.392,679.46
2024-02-11 17:00:00,9.191,69.286,4.267,726.32
2024-01-03 20:00:00,5.01,64.89,4.649,855.63
2024-05-06 20:00:00,25.97,42.873,3.757,824.16
2024-05-15 05:00:00,20.419,62.132,1.513,618.13
2024-03-26 15:00:00,12.798,59.005,5.113,528.85
2024-03-11 09:00:00,5.819,71.229,2.106,360.36
2024-07-04 03:00:00,23.804,47.305,5.678,207.46
2024-11-02 07:00:00,0.045,83.402,4.336,0.0
2024-07-28 02:00:00,21.707,62.982,2.628,0.0
2024-11-17 11:00:00,0.121,87.572,3.82,24.29
2024-01-30 09:00:00,0.127,85.177,2.279,1.92
2024-06-22 16:00:00,27.762,54.488,3.04,39.47
2024-10-26 21:00:00,8.456,64.63,2.419,57.84
2024-12-01 22:00:00,1.314,71.245,2.65,0.0
2024-01-23 13:00:00,-1.043,80.986,3.343,0.0
2024-10-27 16:00:00,5.552,73.746,3.567,32.6
2024-11-25 12:00:00,0.38,83.009,4.014,0.0
2024-10-17 07:00:00,2.343,80.378,2.012,0.06
2024-10-22 04:00:00,2.901,77.431,0.912,26.83
2024-07-09 04:00:00,22.738,47.005,3.276,0.0
2024-12-14 13:00:00,-0.362,85.662,2.673,181.98
2024-05-03 19:00:00,23.985,51.909,3.998,387.23
2024-03-29 06:00:00,5.775,63.556,3.359,642.97
2024-01-19 19:00:00,7.173,65.035,1.508,604.74
2024-06-02 12:00:00,22.56,60.761,3.111,781.38
2024-06-13 18:00:00,26.35,52.255,5.654,858.32
2024-12-13 22:00:00,0.81,73.066,2.712,609.02
2024-03-27 19:00:00,13.173,52.291,4.525,800.43
2024-09-21 12:00:00,7.379,66.977,4.06,515.24
2024-03-03 02:00:00,7.545,66.285,6.097,379.46
2024-12-11 16:00:00,5.66,80.303,4.558,162.13
2024-12-03 21:00:00,5.049,67.997,1.904,10.81
2024-09-24 00:00:00,12.078,62.871,3.944,0.0
2024-09-26 17:00:00,8.998,65.546,3.67,0.0
2024-12-18 12:00:00,-3.35,85.433,2.384,0.0
2024-10-19 07:00:00,2.85,86.15,2.174,11.9
2024-02-12 07:00:00,1.356,76.916,4.056,5.5
2024-12-19 08:00:00,-4.579,94.116,2.551,13.08
2024-02-26 09:00:00,4.875,71.18,1.859,38.09
2024-05-25 20:00:00,29.009,42.836,4.729,0.0
2024-03-29 13:00:00,13.801,61.968,3.538,0.0
2024-08-27 14:00:00,16.451,58.411,3.396,0.0
2024-08-23 07:00:00,16.245,63.069,1.104,0.0
2024-05-24 21:00:00,22.869,43.421,5.042,0.0
2024-02-21 17:00:00,8.899,72.207,2.145,153.66
2024-07-19 06:00:00,17.666,55.17,2.66,344.73
2024-06-24 05:00:00,20.004,57.528,1.594,507.69
2024-10-17 12:00:00,7.788,75.739,3.264,549.01
2024-02-26 05:00:00,4.139,75.347,1.771,750.63
2024-05-08 16:00:00,19.452,51.429,3.194,781.61
2024-04-06 10:00:00,13.196,69.847,2.869,783.85
2024-08-22 17:00:00,20.837,57.065,1.398,755.84
2024-09-26 11:00:00,6.757,73.925,3.126,422.96
2024-10-19 10:00:00,4.844,82.015,1.709,404.6
2024-01-01 13:00:00,-4.213,85.329,3.806,211.96
2024-08-08 21:00:00,23.163,45.39,3.418,0.0
2024-01-23 12:00:00,1.53,75.685,3.993,6.16
2024-07-27 07:00:00,16.164,60.578,5.658,0.0
2024-05-15 01:00:00,28.056,52.572,3.276,0.0
2024-06-29 01:00:00,24.674,39.626,4.15,0.0
2024-03-17 11:00:00,9.203,63.872,1.608,0.0
2024-04-19 14:00:00,18.459,57.731,1.124,0.0
2024-01-06 13:00:00,0.342,79.383,4.512,0.0
2024-06-07 15:00:00,21.226,53.889,3.08,11.97
2024-05-09 02:00:00,20.867,52.299,2.508,0.0
2024-10-03 23:00:00,10.178,65.395,1.528,0.0
2024-02-26 08:00:00,4.347,74.011,1.791,0.0
2024-05-03 17:00:00,23.559,47.99,3.967,0.0
2024-10-20 01:00:00,5.074,64.03,2.05,230.19
2024-05-07 19:00:00,24.722,46.85,4.215,362.11
2024-10-20 04:00:00,0.979,76.192,1.496,559.59
2024-11-10 16:00:00,1.826,73.792,0.41,751.21
2024-05-01 02:00:00,19.19,52.789,4.47,842.68
2024-05-01 11:00:00,20.439,54.908,4.681,846.97
2024-08-30 15:00:00,19.143,54.254,3.203,712.09
2024-04-13 16:00:00,18.864,52.104,5.058,631.32
2024-10-29 09:00:00,1.6,86.488,5.166,477.36
2024-11-17 04:00:00,-1.56,77.797,3.073,392.32
2024-02-15 02:00:00,4.792,74.573,6.777,221.46
2024-04-22 11:00:00,18.02,60.666,1.068,0.0
2024-12-25 17:00:00,4.961,75.146,3.141,3.85
2024-05-10 13:00:00,22.889,58.893,1.532,27.8
2024-01-17 15:00:00,4.655,77.526,1.636,0.0
2024-03-25 02:00:00,14.175,64.871,3.564,0.0
2024-02-11 18:00:00,8.27,67.971,3.454,7.0
2024-11-03 19:00:00,7.963,69.888,2.755,3.38
2024-02-24 06:00:00,3.215,74.312,2.377,0.0
2024-01-13 04:00:00,-2.03,81.369,1.26,0.0
2024-09-17 23:00:00,15.693,59.763,3.721,0.0
2024-03-27 17:00:00,17.353,63.427,3.76,38.98
2024-09-01 12:00:00,12.384,54.957,4.7,24.58
2024-08-18 03:00:00,16.051,58.21,3.291,0.0
2024-04-19 11:00:00,16.353,55.144,2.781,161.93
2024-08-27 16:00:00,21.036,56.319,4.039,368.96
2024-07-04 19:00:00,28.671,34.693,5.949,525.9
2024-09-04 13:00:00,15.318,72.582,4.328,743.58
2024-06-30 19:00:00,29.811,46.132,5.649,862.71
2024-11-14 21:00:00,6.816,63.875,,515.11
2024-04-08 04:00:00,13.191,59.519,3.346,842.52
2024-08-16 12:00:00,12.251,62.34,3.902,579.65
2024-07-18 02:00:00,20.589,44.256,3.348,607.4
2024-07-28 23:00:00,24.946,50.585,1.927,334.28
2024-03-07 09:00:00,7.1,79.222,4.466,182.86
2024-08-24 12:00:00,15.423,58.085,0.769,26.08
2024-09-12 03:00:00,12.683,68.567,2.435,0.0
2024-02-07 07:00:00,1.364,82.624,1.932,13.21
2024-11-01 14:00:00,4.266,72.764,5.56,0.0
2024-01-16 16:00:00,4.866,72.214,2.821,29.07
2024-07-11 17:00:00,28.268,47.22,1.362,0.0
2024-01-28 22:00:00,8.344,72.887,3.593,0.0
2024-05-05 02:00:00,19.795,51.701,5.131,0.0
2024-08-02 04:00:00,17.721,66.65,1.466,0.0
2024-05-13 04:00:00,20.899,51.662,2.125,0.0
2024-07-29 16:00:00,24.575,55.46,1.713,18.17
2024-08-03 10:00:00,17.706,58.862,1.584,1.21
2024-09-10 14:00:00,13.191,64.12,1.595,0.0
2024-01-27 23:00:00,5.239,67.887,5.241,125.94
2024-02-19 11:00:00,2.842,80.869,1.677,353.55
2024-05-07 09:00:00,17.329,57.794,4.212,574.16
2024-06-26 08:00:00,18.414,54.516,3.158,690.06
2024-06-22 09:00:00,20.987,61.073,0.443,698.82
2024-07-17 07:00:00,20.092,63.851,1.391,772.37
2024-07-09 00:00:00,23.387,47.386,2.373,864.9
2024-09-26 06:00:00,6.688,75.33,1.582,721.7
2024-03-06 18:00:00,11.278,62.633,4.486,447.4
2024-12-12 23:00:00,2.471,67.199,4.415,407.62
2024-09-28 16:00:00,11.42,65.693,2.642,178.15
2024-07-02 11:00:00,21.511,60.734,3.659,0.0
2024-01-03 23:00:00,5.956,71.241,2.891,25.0
2024-11-08 08:00:00,-2.096,79.509,0.969,18.92
2024-02-25 23:00:00,12.154,54.476,0.0,0.0
2024-07-09 15:00:00,23.95,52.755,3.438,13.84
2024-11-14 01:00:00,4.387,74.518,1.706,0.0
2024-11-09 23:00:00,3.593,76.962,2.43,7.21
2024-09-04 01:00:00,16.725,64.766,4.017,0.0
2024-02-02 05:00:00,2.238,84.447,1.636,0.0
2024-12-20 07:00:00,-4.335,84.725,1.236,25.14
2024-01-31 15:00:00,4.922,72.515,2.411,0.0
2024-08-28 16:00:00,19.154,60.859,2.999,0.0
2024-12-04 22:00:00,1.094,70.582,2.912,18.42
2024-10-08 15:00:00,9.367,64.72,3.754,226.57
2024-05-24 20:00:00,28.556,35.716,3.564,474.98
2024-01-07 04:00:00,-0.473,83.355,5.142,550.46
2024-08-10 22:00:00,24.114,49.283,,714.39
2024-09-13 03:00:00,11.43,60.312,1.902,807.23
2024-11-07 22:00:00,8.644,69.103,2.285,937.17
2024-10-08 09:00:00,4.842,71.519,4.46,724.53
2024-05-13 06:00:00,17.482,49.814,1.508,445.28
2024-01-20 05:00:00,-1.07,80.484,2.232,591.37
2024-09-11 12:00:00,12.507,69.354,0.903,442.94
2024-10-10 05:00:00,7.661,77.177,5.103,202.69
2024-09-08 20:00:00,18.354,58.708,1.482,34.55
2024-12-11 23:00:00,3.185,66.844,3.415,5.42
2024-08-29 22:00:00,15.464,47.545,4.112,0.0
2024-03-01 20:00:00,11.896,68.307,3.527,28.58
2024-11-16 19:00:00,7.252,71.271,3.071,4.05
2024-03-30 06:00:00,10.903,66.274,2.436,12.21
2024-06-18 02:00:00,25.729,51.13,3.865,0.0
2024-05-12 19:00:00,26.964,39.608,2.239,0.0
2024-12-04 20:00:00,4.891,69.36,2.88,37.3
2024-10-02 19:00:00,12.695,68.118,1.668,13.02
2024-05-21 20:00:00,27.295,38.149,3.702,0.0
2024-03-01 06:00:00,,80.569,2.275,0.0
2024-11-07 08:00:00,-3.258,79.668,2.439,28.3
2024-08-27 09:00:00,13.329,64.567,1.936,175.66
2024-07-18 11:00:00,18.561,53.105,2.516,379.45
2024-07-19 05:00:00,16.759,58.401,3.859,612.49
2024-03-11 20:00:00,14.779,61.592,2.167,614.34
2024-06-11 04:00:00,20.439,56.741,4.13,749.16
2024-03-03 10:00:00,6.917,80.424,3.465,877.35
2024-11-29 04:00:00,-0.725,87.32,2.665,567.74
2024-05-01 14:00:00,20.116,48.431,3.681,579.29
2024-08-11 18:00:00,20.611,51.15,4.202,601.5
2024-07-31 09:00:00,15.149,57.915,3.08,331.26
2024-03-07 06:00:00,3.943,75.831,2.976,213.15
2024-04-07 13:00:00,15.382,66.095,1.326,24.77
2024-09-23 06:00:00,4.112,81.902,4.766,0.0
2024-04-22 04:00:00,16.385,65.614,1.908,0.0
2024-10-10 12:00:00,4.104,70.057,4.854,0.0
2024-10-17 10:00:00,0.963,78.51,0.983,12.3
2024-02-07 23:00:00,7.283,66.08,2.738,0.0
2024-05-09 03:00:00,21.108,56.017,3.849,25.17
2024-01-13 01:00:00,0.945,82.602,2.222,0.0
2024-06-06 15:00:00,22.614,46.918,0.667,1.16
2024-06-26 02:00:00,25.855,58.381,2.024,0.0
2024-12-03 09:00:00,-1.333,84.821,2.313,0.0
2024-10-02 04:00:00,7.129,72.836,0.677,0.0
2024-01-30 11:00:00,3.231,81.851,2.842,0.0
2024-03-02 06:00:00,7.031,76.698,3.929,148.83
2024-02-16 07:00:00,2.072,77.684,3.942,306.18
2024-09-15 15:00:00,13.99,65.68,3.383,628.78
2024-07-12 16:00:00,22.181,48.525,3.626,683.95
2024-12-14 02:00:00,3.988,81.65,2.862,631.82
2024-02-01 06:00:00,-1.951,86.24,1.485,678.33
2024-10-01 13:00:00,8.887,70.808,1.471,846.85
2024-03-05 08:00:00,3.852,78.895,4.525,631.42
2024-09-02 09:00:00,10.868,65.192,4.652,638.41
2024-01-07 21:00:00,5.194,73.778,5.264,359.99
2024-12-08 14:00:00,1.185,81.796,4.693,248.31
2024-01-26 16:00:00,4.581,75.881,4.209,0.0
2024-10-04 01:00:00,10.233,67.335,0.978,24.41
2024-01-25 20:00:00,5.776,69.164,3.555,0.0
2024-04-27 22:00:00,19.699,47.476,3.313,5.03
2024-07-09 17:00:00,29.419,40.216,1.628,0.0
2024-08-24 19:00:00,21.05,51.025,2.137,4.52
2024-05-24 13:00:00,21.367,57.0,4.373,0.0
2024-05-08 19:00:00,26.195,39.967,5.155,5.32
2024-05-17 13:00:00,19.364,60.694,1.908,4.12
2024-08-26 15:00:00,17.343,55.896,1.366,0.0
2024-12-09 19:00:00,2.131,72.316,3.395,11.11
2024-09-26 15:00:00,10.924,63.817,2.047,0.0
2024-09-22 23:00:00,13.878,58.264,4.503,14.25
2024-03-28 05:00:00,8.769,72.533,4.466,152.51
2024-01-05 17:00:00,7.729,74.978,4.24,456.7
2024-03-14 05:00:00,9.65,72.94,0.794,603.82
2024-11-22 22:00:00,3.109,72.669,3.395,798.06
2024-11-30 07:00:00,-4.955,92.222,1.839,783.2
2024-11-03 08:00:00,0.369,82.175,4.086,664.59
2024-10-08 14:00:00,11.763,70.336,1.938,828.89
2024-10-11 20:00:00,13.138,65.872,5.745,706.06
2024-05-14 11:00:00,21.159,61.634,0.886,518.52
2024-11-19 14:00:00,6.217,83.172,4.784,374.68
2024-07-17 09:00:00,19.997,63.903,2.401,217.87
2024-11-11 22:00:00,5.859,74.081,2.134,0.0
2024-10-30 11:00:00,1.239,78.282,3.605,0.0
2024-08-12 12:00:00,14.824,64.836,4.15,0.0
2024-12-18 03:00:00,-0.217,79.703,2.2,0.0
2024-01-17 13:00:00,2.793,78.778,0.987,2.14
2024-08-26 21:00:00,20.244,49.514,1.439,30.1
2024-06-27 08:00:00,23.661,58.398,2.727,0.7
2024-10-02 03:00:00,8.96,73.705,2.399,0.0
2024-08-07 06:00:00,17.043,60.651,0.862,0.0
2024-04-18 04:00:00,14.653,63.734,3.191,0.0
2024-12-17 14:00:00,-0.038,79.029,1.414,0.0
2024-06-25 11:00:00,18.99,54.715,2.607,0.0
2024-12-26 14:00:00,1.498,78.001,3.899,5.39
2024-04-14 01:00:00,17.538,55.325,3.099,126.37
2024-09-16 05:00:00,9.63,66.626,3.074,459.52
2024-08-03 18:00:00,23.851,48.976,2.272,554.47
2024-10-03 07:00:00,5.995,81.299,1.161,652.52
2024-09-25 21:00:00,13.409,59.59,2.919,887.18
2024-11-17 20:00:00,8.695,71.055,3.189,768.48
2024-11-06 09:00:00,-1.216,83.349,1.348,645.76
2024-12-12 11:00:00,-1.363,85.639,4.827,566.27
2024-09-23 03:00:00,7.476,75.314,4.462,545.02
2024-12-03 05:00:00,-3.271,81.571,2.745,448.2
2024-11-21 11:00:00,-1.806,81.657,3.748,200.99
2024-10-16 15:00:00,9.672,75.949,1.637,0.0
2024-02-28 06:00:00,6.453,80.18,3.164,0.0
2024-05-11 15:00:00,22.963,53.063,2.946,0.0
2024-02-23 07:00:00,2.387,86.346,1.821,0.0
2024-02-06 10:00:00,0.383,87.264,1.418,0.0
2024-07-19 14:00:00,23.014,57.391,4.972,12.93
2024-05-27 23:00:00,23.058,40.271,4.018,0.0
2024-01-09 07:00:00,-5.199,90.131,3.514,0.0
2024-01-02 11:00:00,-4.715,86.338,3.846,0.0
2024-01-12 13:00:00,-1.167,81.035,2.82,0.0
2024-10-18 04:00:00,4.124,73.079,2.092,10.84
2024-10-01 15:00:00,8.353,67.567,2.473,0.0
2024-01-04 07:00:00,-7.03,80.585,4.477,0.86
2024-07-04 05:00:00,19.416,58.64,5.174,155.11
2024-01-14 22:00:00,6.335,71.344,0.748,187.77
2024-08-26 10:00:00,11.878,66.713,3.992,310.44
2024-09-26 13:00:00,8.226,70.151,3.217,411.59
2024-09-18 14:00:00,9.927,67.13,3.178,468.96
2024-04-06 05:00:00,14.231,66.983,2.438,488.34
2024-11-27 03:00:00,1.246,80.169,1.47,508.33
2024-10-25 02:00:00,4.253,70.907,3.586,388.76
2024-05-06 19:00:00,24.951,46.409,4.494,345.55
2024-10-31 04:00:00,0.793,75.755,4.687,200.46
2024-10-10 23:00:00,10.809,58.731,2.413,143.58
2024-04-07 07:00:00,12.831,72.035,2.316,0.0
2024-09-02 22:00:00,18.553,52.004,5.197,0.0
2024-10-11 11:00:00,4.617,76.305,3.764,0.0
2024-02-08 09:00:00,-1.495,79.221,2.181,0.0
2024-02-09 02:00:00,4.814,74.944,3.125,15.43
2024-07-11 09:00:00,14.197,54.856,2.42,5.32
2024-04-18 22:00:00,22.287,50.738,4.182,27.05
2024-03-10 13:00:00,9.893,74.386,3.699,0.0
2024-08-19 06:00:00,,60.669,1.373,13.39
2024-09-23 23:00:00,14.451,51.779,5.143,0.0
2024-03-30 17:00:00,17.299,55.18,3.13,0.0
2024-01-03 16:00:00,3.822,73.553,4.797,0.0
2024-12-07 14:00:00,4.216,69.581,3.696,0.0
2024-03-15 16:00:00,12.68,61.544,2.183,87.44
2024-01-14 00:00:00,4.602,69.554,1.678,286.75
2024-01-21 18:00:00,3.69,67.446,4.098,341.02
2024-12-08 00:00:00,0.265,70.711,3.745,444.55
2024-10-08 06:00:00,6.193,75.463,4.658,512.99
2024-11-07 01:00:00,2.454,78.407,1.874,494.91
2024-03-24 01:00:00,15.136,60.668,4.201,536.3
2024-12-09 22:00:00,3.84,68.079,3.959,357.86
2024-12-05 18:00:00,5.466,71.103,2.015,246.26
2024-07-24 17:00:00,26.959,44.283,5.456,189.45
2024-08-10 04:00:00,18.006,61.743,4.52,109.16
2024-09-04 00:00:00,19.09,63.653,2.677,30.69
2024-06-04 01:00:00,27.69,53.124,2.02,0.0
2024-08-02 12:00:00,20.099,55.044,2.256,0.0
2024-01-27 17:00:00,8.341,71.3,5.393,0.0
2024-07-01 11:00:00,19.529,58.49,4.193,0.0
2024-09-23 18:00:00,13.877,64.022,4.706,25.49
2024-06-15 15:00:00,25.652,45.247,2.974,0.0
2024-03-09 00:00:00,10.583,68.913,3.087,0.0
2024-03-24 10:00:00,7.935,75.126,4.456,0.0
2024-02-21 12:00:00,7.457,82.133,1.722,0.0
2024-11-01 19:00:00,9.874,63.16,4.108,0.0
2024-07-24 03:00:00,23.427,56.083,3.867,24.28
2024-02-29 12:00:00,5.551,76.741,3.216,0.0
2024-09-07 05:00:00,13.039,67.809,1.944,142.72
2024-10-07 10:00:00,,78.058,3.817,285.23
2024-05-20 10:00:00,18.806,61.717,2.615,305.04
2024-03-25 23:00:00,12.676,59.542,5.005,418.54
2024-11-04 23:00:00,3.042,70.821,2.931,459.53
2024-07-07 07:00:00,17.964,61.726,2.552,438.59
2024-08-19 22:00:00,23.437,55.337,1.933,495.33
2024-06-07 20:00:00,26.192,42.412,2.434,520.39
2024-11-24 05:00:00,-1.167,83.433,4.146,378.72
2024-02-09 21:00:00,9.061,62.143,2.094,235.47
2024-05-17 14:00:00,22.477,55.552,1.47,124.46
2024-07-08 13:00:00,21.929,62.384,3.202,0.0
2024-02-01 20:00:00,9.244,65.521,,7.68
2024-12-22 12:00:00,-2.616,81.734,1.266,0.0
2024-11-04 08:00:00,-1.746,85.23,3.296,0.0
2024-08-12 23:00:00,22.609,47.886,3.411,0.0
2024-11-24 10:00:00,-0.077,85.475,2.524,0.0
2024-06-09 07:00:00,19.117,57.549,2.739,32.34
2024-08-29 18:00:00,18.873,57.578,4.95,0.0
2024-04-11 12:00:00,14.2,59.762,2.69,0.0
2024-03-20 05:00:00,8.571,67.256,3.427,0.0
2024-01-30 00:00:00,5.487,74.71,2.647,0.0
2024-04-26 00:00:00,20.26,54.359,2.029,13.35
2024-08-01 09:00:00,16.246,53.231,2.024,0.0
2024-02-19 17:00:00,9.479,63.146,3.272,111.23
2024-10-30 03:00:00,1.836,73.15,5.478,292.05
2024-07-31 01:00:00,20.783,50.81,2.19,326.09
2024-06-25 09:00:00,20.986,62.101,1.694,407.99
2024-03-09 06:00:00,9.99,74.805,3.514,511.77
2024-04-29 10:00:00,14.652,68.361,3.176,527.6
2024-06-26 17:00:00,27.636,42.69,1.538,523.91
2024-01-11 10:00:00,-4.864,85.724,2.938,448.91
2024-05-06 17:00:00,23.795,51.776,2.639,339.92
2024-02-06 22:00:00,8.422,68.937,1.528,233.04
2024-07-30 16:00:00,21.378,52.239,1.418,116.31
2024-08-05 09:00:00,15.543,61.485,1.538,0.0
2024-04-22 08:00:00,16.403,64.99,0.943,0.0
2024-02-05 06:00:00,0.812,90.252,1.242,1.97
2024-11-26 16:00:00,-1.085,71.521,2.689,0.0
2024-10-07 23:00:00,8.385,61.964,3.889,0.0
2024-10-19 08:00:00,1.922,74.614,1.984,0.0
2024-09-17 05:00:00,10.377,72.474,2.444,0.0
2024-04-10 00:00:00,16.945,53.83,4.507,0.0
2024-11-21 16:00:00,2.301,76.214,4.916,0.0
2024-10-17 18:00:00,12.619,70.694,2.496,17.46
2024-05-01 22:00:00,23.195,56.155,4.989,27.24
2024-09-06 20:00:00,20.637,58.021,2.842,24.89
2024-02-25 19:00:00,11.353,56.864,0.301,0.0
2024-08-04 09:00:00,15.539,63.476,0.971,96.83
2024-03-08 06:00:00,5.75,73.918,5.006,246.69
2024-02-03 03:00:00,4.321,76.391,3.971,337.19
2024-06-23 04:00:00,22.476,48.204,2.532,419.23
2024-02-25 01:00:00,9.171,66.767,3.131,455.35
2024-02-25 02:00:00,7.055,73.274,1.534,516.94
2024-06-05 13:00:00,26.281,49.621,1.649,483.95
2024-10-05 11:00:00,5.717,72.432,3.094,484.24
2024-07-10 20:00:00,25.277,46.657,2.231,301.92
2024-12-15 13:00:00,-3.266,77.655,3.346,253.73
2024-06-10 11:00:00,23.165,58.312,5.392,101.27
2024-06-21 23:00:00,28.853,39.051,2.353,19.66
2024-09-21 14:00:00,16.488,67.08,3.386,0.0
2024-02-02 11:00:00,1.605,87.074,3.193,34.65
2024-06-10 19:00:00,26.109,41.166,4.845,0.0
2024-03-27 14:00:00,13.191,63.147,3.637,0.0
2024-08-10 23:00:00,23.049,52.167,4.028,0.0
2024-10-01 19:00:00,15.692,55.957,2.277,38.43
2024-05-06 12:00:00,18.067,55.961,3.807,0.0
2024-06-02 14:00:00,27.948,56.571,0.324,10.44
2024-01-21 00:00:00,3.572,70.015,3.331,9.99
2024-03-20 04:00:00,11.255,62.691,3.963,44.15
2024-06-08 04:00:00,21.056,57.714,2.585,0.0
2024-12-22 00:00:00,2.128,86.635,2.371,16.83
2024-02-23 06:00:00,3.688,81.962,1.759,110.91
2024-05-04 10:00:00,16.709,53.735,4.314,240.05
2024-09-21 05:00:00,8.451,70.339,4.202,348.4
2024-05-24 19:00:00,24.347,46.63,4.207,483.13
2024-09-19 13:00:00,8.268,67.258,4.191,434.58
2024-05-02 16:00:00,22.677,48.883,4.968,404.02
2024-04-28 06:00:00,19.994,61.932,2.362,505.49
2024-12-04 19:00:00,5.301,69.93,2.615,363.56
2024-10-23 04:00:00,-0.977,79.962,1.292,268.15
2024-03-19 20:00:00,15.008,61.669,2.265,312.42
2024-05-07 18:00:00,27.448,48.915,5.168,140.35
2024-04-21 03:00:00,15.027,55.797,2.148,17.56
2024-08-29 03:00:00,18.608,56.46,6.391,0.0
2024-08-18 08:00:00,13.87,63.777,2.562,0.0
2024-05-14 20:00:00,27.552,42.442,0.628,0.0
2024-06-04 15:00:00,24.404,48.089,1.138,13.99
2024-12-03 10:00:00,-2.242,83.318,1.871,14.36
2024-08-16 06:00:00,14.211,65.584,3.057,0.0
2024-09-19 02:00:00,11.462,66.35,3.696,28.21
2024-03-08 07:00:00,11.423,68.325,4.978,29.88
2024-06-08 06:00:00,20.231,58.374,3.862,17.35
2024-06-10 01:00:00,23.572,53.662,2.653,10.45
2024-08-06 21:00:00,21.364,45.527,2.712,13.87
2024-12-12 22:00:00,3.257,70.975,4.786,0.0
2024-08-26 11:00:00,,62.4,3.263,137.44
2024-10-25 10:00:00,2.469,85.385,2.04,202.83
2024-10-25 00:00:00,5.369,64.78,1.259,361.97
2024-01-08 04:00:00,-1.486,78.532,5.499,436.41
2024-02-17 07:00:00,3.591,80.96,4.479,522.65
2024-02-25 13:00:00,8.83,74.828,1.87,460.42
2024-07-22 05:00:00,20.093,60.296,4.023,548.11
2024-10-31 00:00:00,4.499,70.18,4.983,473.68
2024-09-20 10:00:00,7.528,71.464,4.66,343.29
2024-06-05 15:00:00,24.636,47.312,0.771,292.6
2024-03-28 09:00:00,7.854,67.753,3.786,62.89
2024-06-06 14:00:00,21.813,52.522,2.166,3.75
2024-09-08 01:00:00,15.402,58.599,3.004,0.0
2024-05-09 08:00:00,15.786,60.902,2.569,0.0
2024-03-29 20:00:00,19.063,54.544,3.492,0.0
2024-04-06 14:00:00,14.457,56.809,1.531,9.89
2024-03-16 11:00:00,8.61,73.689,3.8,4.43
2024-12-05 01:00:00,2.457,80.219,2.023,0.4
2024-11-06 13:00:00,3.909,82.756,1.779,0.0
2024-11-22 07:00:00,-1.274,79.446,3.574,36.75
2024-11-06 06:00:00,1.038,78.47,2.886,22.53
2024-11-06 16:00:00,3.468,80.154,2.429,12.2
2024-09-18 11:00:00,9.427,66.778,2.329,0.0
2024-02-14 12:00:00,2.358,80.248,4.854,4.37
2024-01-16 23:00:00,3.178,68.727,1.935,153.63
2024-02-18 20:00:00,10.084,66.198,2.429,288.39
2024-05-09 18:00:00,25.264,39.857,3.214,248.61
2024-12-03 20:00:00,6.431,72.832,1.376,428.76
2024-01-09 00:00:00,3.107,76.326,3.004,408.26
2024-11-04 02:00:00,3.467,78.083,2.309,578.69
2024-10-25 12:00:00,1.61,74.087,1.777,401.4
2024-03-01 02:00:00,8.471,67.168,2.259,393.95
2024-01-06 12:00:00,-3.387,90.395,4.281,275.67
2024-11-14 12:00:00,1.785,76.525,2.321,286.23
2024-05-28 17:00:00,27.586,44.641,2.426,113.81
2024-02-03 11:00:00,-0.2,83.656,1.041,0.0
2024-01-18 13:00:00,3.614,73.39,2.271,9.65
2024-09-22 02:00:00,10.355,60.833,4.678,13.48
2024-01-09 23:00:00,4.916,76.646,4.374,27.91
2024-03-13 18:00:00,15.777,66.038,2.267,8.16
2024-03-28 20:00:00,17.056,54.822,2.534,0.0
2024-11-18 23:00:00,5.041,71.688,4.252,0.0
2024-11-17 01:00:00,2.244,83.014,4.312,0.0
2024-04-24 23:00:00,22.75,54.497,2.395,3.67
2024-04-08 03:00:00,15.29,61.52,2.354,19.79
2024-11-28 22:00:00,6.398,77.571,1.648,15.84
2024-06-29 03:00:00,20.858,55.556,3.26,16.47
2024-12-27 19:00:00,5.481,68.5,3.592,28.3
2024-07-01 06:00:00,22.081,51.056,3.876,160.4
2024-08-14 02:00:00,20.62,55.801,5.479,250.77
2024-11-29 18:00:00,3.632,75.865,1.979,368.06
2024-09-13 04:00:00,8.475,67.24,2.727,355.86
2024-11-23 22:00:00,7.372,78.741,,536.1
2024-02-01 04:00:00,0.074,73.929,2.939,493.22
2024-08-20 23:00:00,20.207,55.183,1.569,538.53
2024-09-16 21:00:00,16.475,57.166,3.065,398.68
2024-03-01 08:00:00,6.374,74.244,3.723,349.59
2024-11-05 09:00:00,0.353,80.188,2.215,259.02
2024-08-13 17:00:00,18.325,51.252,3.858,130.65
2024-07-14 05:00:00,21.296,58.808,1.206,0.0
2024-05-20 14:00:00,19.381,49.35,3.2,41.29
2024-06-03 05:00:00,23.32,55.696,2.279,11.75
2024-06-11 20:00:00,28.934,40.739,3.449,0.0
2024-01-23 21:00:00,4.802,73.227,4.568,0.0
2024-02-03 06:00:00,0.047,76.473,1.711,38.65
2024-04-01 19:00:00,15.997,53.481,1.654,0.0
2024-02-29 10:00:00,8.187,75.747,2.738,0.0
2024-11-02 21:00:00,8.92,63.227,4.324,44.71
2024-09-26 21:00:00,12.68,63.385,2.839,31.63
2024-12-10 15:00:00,3.075,85.517,4.029,0.0
2024-03-21 12:00:00,9.369,68.927,3.73,13.57
2024-06-07 12:00:00,20.127,47.906,2.806,0.0
2024-07-16 02:00:00,20.61,52.158,1.692,129.02
2024-01-05 11:00:00,-2.048,87.197,4.015,243.98
2024-08-06 10:00:00,18.057,60.345,3.329,299.21
2024-01-22 19:00:00,6.803,71.373,3.341,409.08
2024-01-04 11:00:00,-3.35,81.753,5.265,355.69
2024-12-15 06:00:00,-3.272,82.776,2.105,399.83
2024-11-17 06:00:00,-1.117,85.583,3.759,340.18
2024-04-01 04:00:00,11.689,73.246,1.722,454.49
2024-10-05 19:00:00,11.236,60.734,3.41,324.64
2024-12-11 06:00:00,-3.084,90.645,3.322,204.58
2024-09-05 06:00:00,10.497,70.405,4.551,176.28
2024-03-15 19:00:00,13.479,57.488,0.695,9.72
2024-03-12 19:00:00,15.324,51.802,2.221,29.17
2024-07-06 23:00:00,28.237,49.265,3.645,0.0
2024-11-19 00:00:00,4.998,71.918,4.34,0.0
2024-10-12 08:00:00,7.831,68.863,3.634,8.94
2024-01-14 10:00:00,-3.821,88.569,0.0,4.14
2024-06-21 11:00:00,21.174,45.35,2.07,0.0
2024-08-04 07:00:00,16.529,60.82,0.455,0.0
2024-08-04 02:00:00,19.803,53.399,2.362,0.36
2024-12-04 12:00:00,-2.216,85.072,2.06,0.0
2024-12-27 23:00:00,5.433,74.946,4.344,22.62
2024-06-01 03:00:00,23.369,51.812,1.889,12.52
2024-02-24 07:00:00,1.77,,1.768,29.09
2024-07-12 07:00:00,14.13,57.755,0.657,126.51
2024-05-26 12:00:00,19.538,56.196,4.484,231.99
2024-04-30 14:00:00,20.698,50.854,3.815,368.81
2024-03-17 09:00:00,8.034,72.451,1.667,433.25
2024-02-17 09:00:00,-0.354,,4.936,382.57
2024-02-02 00:00:00,4.188,74.078,1.144,457.51
2024-07-05 02:00:00,25.092,48.428,5.393,520.1
2024-12-26 04:00:00,-1.453,89.55,3.409,416.37
2024-06-06 09:00:00,17.614,57.184,1.064,321.09
2024-02-28 01:00:00,9.037,70.433,1.413,328.54
2024-03-20 07:00:00,8.802,71.689,2.889,148.71
2024-09-29 09:00:00,7.232,76.813,,0.0
2024-03-03 01:00:00,11.846,71.016,4.521,0.0
2024-05-14 07:00:00,19.126,60.413,0.491,0.0
2024-11-20 07:00:00,2.268,89.073,4.104,5.0
2024-06-04 18:00:00,26.386,39.786,2.848,14.06
2024-07-04 22:00:00,28.597,54.054,3.045,0.37
2024-04-20 20:00:00,19.988,43.828,2.072,19.99
2024-05-30 09:00:00,,55.528,2.799,0.38
2024-07-27 09:00:00,16.874,65.178,4.514,18.16
2024-10-18 21:00:00,11.427,59.954,2.153,0.0
2024-12-31 02:00:00,-1.872,79.842,4.304,0.0
2024-04-13 12:00:00,13.829,67.356,3.268,0.0
2024-11-04 22:00:00,10.972,66.621,4.832,22.14
2024-07-12 14:00:00,20.585,48.504,1.994,170.63
2024-05-31 07:00:00,18.342,57.928,2.055,256.66
2024-04-30 07:00:00,18.419,63.029,4.687,393.94
2024-09-21 16:00:00,11.047,59.496,5.469,375.25
2024-12-07 02:00:00,1.248,75.832,3.715,458.86
2024-10-25 06:00:00,-0.056,79.256,1.612,476.27
2024-06-19 16:00:00,27.072,47.227,1.331,472.92
2024-06-02 07:00:00,19.46,57.736,1.733,343.05
2024-01-31 08:00:00,-1.935,88.122,2.32,340.52
2024-02-16 03:00:00,2.613,78.804,4.27,259.47
2024-10-22 22:00:00,9.106,74.153,0.917,108.9
2024-05-29 04:00:00,25.031,57.992,4.226,15.08
2024-09-09 13:00:00,14.219,60.796,2.226,0.0
2024-06-18 08:00:00,18.212,51.711,2.127,10.76
2024-11-01 23:00:00,5.022,74.121,4.139,16.36
2024-06-23 18:00:00,23.143,45.202,0.36,1.32
2024-06-14 07:00:00,16.686,66.555,3.017,4.3
2024-12-20 23:00:00,4.863,68.098,0.483,0.0
2024-09-14 11:00:00,11.678,69.344,3.306,0.0
2024-12-12 13:00:00,0.559,81.854,4.17,33.88
2024-02-16 19:00:00,7.35,74.633,3.507,9.99
2024-10-13 15:00:00,5.194,69.536,4.076,19.6
2024-02-14 07:00:00,-1.796,82.232,3.985,0.0
2024-09-13 05:00:00,10.77,,0.647,8.45
2024-05-21 15:00:00,22.818,44.214,3.994,147.27
2024-05-27 02:00:00,25.747,49.636,2.611,221.25
2024-03-12 11:00:00,7.361,73.258,1.869,326.05
2024-06-17 23:00:00,27.191,45.788,3.181,469.16
2024-03-28 10:00:00,7.386,67.942,5.142,502.78
2024-04-01 22:00:00,20.597,54.606,2.859,411.3
2024-09-30 21:00:00,12.658,58.817,2.196,485.53
2024-11-28 06:00:00,,88.052,1.599,450.16
2024-03-30 10:00:00,7.71,67.731,3.688,346.38
2024-12-29 22:00:00,0.826,75.388,6.191,301.6
2024-01-11 01:00:00,1.698,79.621,2.82,143.43
2024-02-24 08:00:00,3.959,82.338,1.332,0.0
2024-04-19 07:00:00,16.6,71.403,2.986,0.0
2024-11-01 00:00:00,6.974,75.687,6.353,0.0
2024-05-29 15:00:00,25.329,49.169,2.834,0.0
2024-05-13 17:00:00,25.257,43.535,0.0,0.0
2024-11-15 12:00:00,-0.038,82.154,2.826,19.75
2024-03-24 19:00:00,15.316,55.128,4.564,26.62
2024-08-13 05:00:00,16.236,58.17,5.316,33.87
2024-12-31 20:00:00,2.943,70.072,4.583,0.0
2024-10-06 03:00:00,5.921,69.581,3.104,0.0
2024-02-24 12:00:00,6.948,65.425,1.074,0.0
2024-05-26 15:00:00,20.015,50.837,3.997,0.0
2024-03-30 07:00:00,10.631,68.146,4.575,24.17
2024-05-20 12:00:00,23.021,56.412,3.781,138.04
2024-04-02 10:00:00,14.978,73.042,2.769,291.92
2024-07-18 18:00:00,25.754,37.513,2.194,381.46
2024-03-06 06:00:00,5.792,76.073,3.645,366.02
2024-02-08 19:00:00,11.466,66.737,2.467,512.88
2024-05-11 13:00:00,20.525,58.529,2.911,537.92
2024-01-20 08:00:00,-2.507,91.201,3.777,308.68
2024-01-20 03:00:00,-1.497,75.525,2.71,323.55
2024-03-03 09:00:00,6.85,76.806,4.331,380.84
2024-12-25 08:00:00,-2.091,77.832,2.809,174.82
2024-07-17 08:00:00,16.371,61.24,2.045,119.53
2024-07-14 06:00:00,18.03,61.284,1.466,0.0
2024-05-08 09:00:00,17.353,57.007,3.415,0.0
2024-11-09 10:00:00,-0.445,80.873,0.748,16.22
2024-12-05 08:00:00,-1.713,85.487,2.513,0.0
2024-04-23 06:00:00,14.099,66.009,2.068,17.81
2024-04-18 15:00:00,14.81,57.397,3.273,16.53
2024-03-06 11:00:00,4.05,84.528,6.34,11.31
2024-05-28 14:00:00,23.543,48.496,3.457,0.0
2024-12-20 01:00:00,3.214,80.16,1.572,0.0
2024-02-17 22:00:00,7.399,66.163,5.154,0.0
2024-02-14 06:00:00,3.803,81.502,4.471,28.39
2024-07-09 12:00:00,22.769,52.771,1.819,0.0
2024-09-01 04:00:00,15.799,64.937,4.69,0.0
2024-04-02 11:00:00,11.39,70.349,0.607,111.72
2024-06-28 01:00:00,25.127,46.615,4.876,201.35
2024-05-04 00:00:00,24.668,50.781,5.205,285.82
2024-03-31 07:00:00,8.131,74.008,1.407,450.25
2024-05-10 12:00:00,16.117,60.554,3.549,519.53
2024-09-11 17:00:00,14.802,54.805,1.356,574.16
2024-04-01 15:00:00,16.375,62.002,3.914,519.88
2024-08-29 09:00:00,12.535,68.545,2.523,472.54
2024-09-25 04:00:00,6.238,71.393,2.72,276.36
2024-06-09 19:00:00,27.326,46.701,2.836,247.0
2024-02-18 10:00:00,-0.069,70.186,4.439,160.82
2024-12-13 09:00:00,-6.24,85.367,2.724,0.0
2024-10-12 00:00:00,8.132,66.129,4.422,14.71
2024-02-25 05:00:00,0.798,81.933,3.304,7.99
2024-10-22 17:00:00,8.171,65.3,0.953,0.0
2024-04-24 17:00:00,21.357,51.591,2.18,24.32
2024-09-29 10:00:00,5.449,85.216,1.5,12.02
2024-01-10 20:00:00,1.149,71.762,2.474,0.0
2024-04-02 15:00:00,15.372,56.653,1.371,0.0
2024-06-07 21:00:00,27.774,45.619,1.277,4.43
2024-04-02 09:00:00,10.68,71.13,3.593,0.0
2024-01-22 01:00:00,2.071,79.106,3.238,0.0
2024-04-15 21:00:00,18.792,54.435,4.062,27.17
2024-08-28 17:00:00,18.528,47.462,3.802,0.0
2024-07-31 10:00:00,,63.695,0.35,130.5
2024-12-17 04:00:00,-5.198,88.158,2.558,230.37
2024-01-12 15:00:00,1.29,,1.518,369.95
2024-06-23 15:00:00,25.485,51.123,1.66,392.68
2024-11-01 05:00:00,2.276,80.945,4.741,506.51
2024-08-27 00:00:00,19.575,57.351,2.377,563.47
2024-03-31 23:00:00,19.558,52.415,2.362,394.62
2024-10-31 02:00:00,2.695,76.583,4.167,458.09
2024-05-03 09:00:00,15.285,64.858,3.108,404.41
2024-04-14 14:00:00,17.874,51.656,4.3,230.18
2024-04-30 09:00:00,16.609,71.418,2.647,152.33
2024-06-17 14:00:00,25.252,53.768,3.203,31.39
2024-11-21 22:00:00,3.918,67.229,6.172,0.0
2024-06-19 02:00:00,27.022,51.308,1.912,0.0
2024-04-02 16:00:00,15.494,57.448,2.604,18.28
2024-11-24 11:00:00,-1.858,84.187,4.167,0.0
2024-01-10 02:00:00,-0.08,81.002,3.228,6.79
2024-02-02 08:00:00,-1.993,82.586,0.365,7.95
2024-05-28 06:00:00,19.463,55.102,3.591,2.78
2024-10-17 01:00:00,7.799,73.746,4.0,21.25
2024-08-24 17:00:00,19.313,49.181,0.981,0.0
2024-02-29 11:00:00,3.136,77.33,2.962,0.0
2024-06-21 15:00:00,25.591,49.429,2.073,43.19
2024-01-13 02:00:00,0.656,86.93,2.473,0.0
2024-02-10 22:00:00,6.259,71.135,4.081,124.96
2024-06-02 13:00:00,20.909,55.797,1.588,277.99
2024-07-05 04:00:00,21.755,50.915,4.389,294.94
2024-09-19 01:00:00,12.365,69.522,5.263,452.84
2024-03-26 17:00:00,17.64,53.3,4.719,370.38
2024-01-14 16:00:00,4.239,78.854,2.207,603.88
2024-02-10 08:00:00,0.463,78.028,2.527,523.47
2024-07-07 16:00:00,25.349,49.279,4.01,537.56
2024-01-05 03:00:00,-0.991,79.94,5.567,330.84
2024-07-17 16:00:00,26.51,45.58,4.089,202.82
2024-12-23 19:00:00,0.041,75.956,4.097,145.19
2024-12-25 01:00:00,2.412,77.092,2.913,0.0
2024-01-21 14:00:00,4.544,75.896,2.97,0.0
2024-06-30 11:00:00,22.255,55.335,4.19,13.11
2024-11-21 15:00:00,2.651,73.507,3.884,0.0
2024-03-09 08:00:00,5.785,72.006,3.16,0.0
2024-06-30 10:00:00,21.059,59.624,3.255,0.0
2024-08-05 13:00:00,19.308,54.683,2.275,0.0
2024-01-12 12:00:00,-0.693,82.406,0.483,20.85
2024-02-14 13:00:00,4.788,73.004,4.534,0.0
2024-02-13 10:00:00,3.508,73.888,3.944,12.03
2024-07-18 20:00:00,27.435,44.021,2.456,0.0
2024-06-29 02:00:00,26.028,42.804,3.593,10.1
2024-02-22 02:00:00,7.217,63.816,1.516,5.31
2024-01-04 19:00:00,6.018,70.427,5.19,114.46
2024-01-25 11:00:00,-2.097,82.63,3.075,230.9
2024-06-20 06:00:00,22.598,55.536,3.505,213.22
2024-02-27 10:00:00,3.009,78.607,1.538,403.72
2024-09-20 04:00:00,13.875,75.279,3.865,482.99
2024-10-23 03:00:00,3.981,75.397,3.214,563.89
2024-03-11 14:00:00,10.376,74.917,2.297,526.51
2024-03-10 15:00:00,10.319,63.535,3.285,474.67
2024-05-03 23:00:00,23.263,50.007,4.77,338.49
2024-09-22 16:00:00,13.921,58.544,6.244,300.63
2024-07-09 22:00:00,26.767,42.538,0.922,123.02
2024-03-23 04:00:00,11.8,67.646,3.68,0.0
2024-02-10 21:00:00,9.165,65.396,3.636,0.0
2024-05-30 07:00:00,21.362,67.439,2.713,31.85
2024-02-02 19:00:00,8.006,65.883,3.257,0.0
2024-02-08 10:00:00,0.992,87.889,1.35,11.66
2024-07-25 00:00:00,26.945,49.88,3.889,0.0
2024-07-29 13:00:00,19.775,55.165,2.535,0.0
2024-06-02 18:00:00,27.899,45.133,1.367,18.3
2024-12-17 22:00:00,4.667,77.189,2.12,6.53
2024-10-23 11:00:00,1.676,74.875,1.096,16.13
2024-02-10 16:00:00,5.721,64.653,3.686,19.19
2024-12-27 13:00:00,-0.112,79.605,3.473,0.0
2024-07-09 05:00:00,19.458,54.214,1.496,0.0
2024-04-01 03:00:00,12.946,63.266,1.637,110.9
2024-01-15 10:00:00,-4.866,90.305,0.964,285.55
2024-01-18 05:00:00,0.961,89.452,3.152,448.95
2024-05-13 20:00:00,28.617,44.688,2.359,421.14
2024-11-03 21:00:00,8.896,64.739,2.843,439.67
2024-06-06 02:00:00,25.492,48.65,2.487,535.48
2024-10-31 22:00:00,8.087,73.162,4.432,532.57
2024-12-08 23:00:00,-0.294,78.693,3.303,507.12
2024-02-24 02:00:00,7.475,72.353,2.267,379.34
2024-01-16 00:00:00,4.231,72.664,3.25,283.36
2024-07-20 15:00:00,22.216,52.937,3.319,112.2
2024-05-17 21:00:00,25.951,43.416,1.798,14.01
2024-04-21 06:00:00,13.563,73.842,2.578,0.0
2024-03-17 20:00:00,15.668,61.498,1.352,0.0
2024-09-27 18:00:00,13.595,62.955,3.868,2.52
2024-06-27 23:00:00,23.973,46.615,1.662,0.0
2024-10-04 07:00:00,8.242,83.301,2.53,0.0
2024-10-19 09:00:00,0.584,82.026,1.178,0.0
2024-03-09 11:00:00,7.727,71.472,3.741,21.38
2024-04-07 05:00:00,12.188,65.783,1.675,0.0
2024-05-27 19:00:00,29.555,44.03,2.397,17.82
2024-04-23 13:00:00,17.601,63.03,1.849,0.0
2024-06-23 06:00:00,18.987,58.875,1.343,0.0
2024-05-03 06:00:00,18.825,61.188,6.292,6.97
2024-04-11 08:00:00,12.394,71.872,4.16,153.36
2024-09-13 00:00:00,16.198,52.942,1.114,282.33
2024-12-25 11:00:00,-1.029,80.686,1.512,390.23
2024-08-04 08:00:00,17.468,65.938,2.607,401.59
2024-04-05 07:00:00,10.947,62.173,1.894,497.2
2024-12-29 14:00:00,5.87,81.587,4.343,490.33
2024-12-24 03:00:00,-1.343,81.563,1.78,407.83
2024-08-09 23:00:00,22.925,47.832,4.782,405.45
2024-09-03 20:00:00,16.01,56.542,4.583,288.14
2024-09-06 23:00:00,15.284,58.168,2.83,131.09
2024-08-24 14:00:00,17.748,59.191,1.698,127.15
2024-04-23 12:00:00,20.162,65.453,2.402,1.59
2024-11-10 10:00:00,-0.871,87.444,2.331,17.16
2024-04-23 02:00:00,19.291,55.749,1.78,2.64
2024-10-07 09:00:00,7.59,71.968,3.236,7.21
2024-08-15 10:00:00,13.386,56.55,2.897,19.48
2024-05-22 15:00:00,24.397,52.019,3.883,13.62
2024-07-03 15:00:00,20.686,50.417,4.783,0.0
2024-07-08 19:00:00,26.703,41.094,2.61,0.0
2024-08-16 22:00:00,22.783,52.843,2.049,48.91
2024-01-20 12:00:00,-1.26,80.141,2.015,0.0
2024-01-07 07:00:00,-2.653,86.798,4.763,0.0
2024-06-18 01:00:00,25.84,43.264,2.776,0.0
2024-11-13 18:00:00,7.649,75.735,0.852,0.0
2024-06-15 21:00:00,28.898,46.214,4.42,165.78
2024-01-03 06:00:00,-1.249,92.16,,241.91
2024-09-01 23:00:00,18.967,51.373,4.836,316.12
2024-07-13 20:00:00,28.258,41.673,1.955,442.06
2024-03-04 21:00:00,12.335,54.677,4.24,507.49
2024-04-01 17:00:00,16.946,57.047,2.241,459.2
2024-06-05 11:00:00,17.268,53.172,1.89,417.86
2024-03-01 10:00:00,5.237,70.786,2.867,402.52
2024-12-23 11:00:00,-2.021,87.125,0.651,363.14
2024-08-11 00:00:00,21.685,53.54,3.486,208.72
2024-02-07 08:00:00,-0.24,81.334,3.277,110.95
2024-02-13 15:00:00,3.228,68.383,4.362,26.99
2024-08-21 09:00:00,13.604,66.681,1.665,13.67
2024-04-28 04:00:00,20.892,58.412,1.705,48.12
2024-11-06 18:00:00,5.459,68.636,2.779,0.0
2024-08-12 06:00:00,14.12,64.656,4.383,0.0
2024-08-31 10:00:00,9.605,65.473,5.012,0.0
2024-12-29 20:00:00,4.713,72.054,4.908,2.42
2024-07-28 20:00:00,29.361,46.366,3.332,21.03
2024-11-10 12:00:00,1.904,74.268,1.075,0.0
2024-08-15 15:00:00,18.404,53.484,3.604,14.07
2024-06-19 15:00:00,23.178,51.304,2.661,10.23
2024-05-04 23:00:00,22.942,47.087,4.512,0.0
2024-09-29 19:00:00,12.234,56.74,1.983,15.45
2024-07-05 13:00:00,23.888,52.287,5.412,162.0
2024-05-22 07:00:00,18.48,59.536,3.551,299.58
2024-10-02 13:00:00,12.155,70.044,2.412,362.57
2024-12-20 15:00:00,2.09,80.958,2.046,483.14
2024-02-28 00:00:00,13.38,65.993,2.387,582.82
2024-03-17 18:00:00,13.857,64.046,2.597,450.52
2024-12-01 07:00:00,-4.58,90.319,1.296,485.83
2024-11-28 02:00:00,3.633,82.879,1.985,368.42
2024-06-10 14:00:00,21.089,46.58,5.041,315.83
2024-01-30 18:00:00,6.297,69.71,2.52,252.01
2024-12-28 16:00:00,5.292,71.698,4.726,111.29
2024-11-08 13:00:00,2.017,73.978,3.081,0.0
2024-05-27 05:00:00,17.993,58.512,3.672,12.12
2024-07-05 17:00:00,26.905,49.396,3.179,16.49
2024-09-16 18:00:00,15.581,53.467,3.013,0.0
2024-09-08 07:00:00,9.529,73.874,1.877,21.75
2024-12-10 03:00:00,-0.416,81.876,3.475,23.85
2024-08-01 15:00:00,21.904,57.478,3.487,0.0
2024-12-31 16:00:00,1.648,82.293,4.548,2.89
2024-03-20 22:00:00,15.161,56.386,2.524,7.5
2024-10-03 18:00:00,10.964,63.461,1.117,33.35
2024-11-17 23:00:00,1.668,67.187,4.593,0.0
2024-11-01 17:00:00,3.531,64.708,3.122,0.0
2024-07-16 22:00:00,28.201,46.393,2.159,0.0
2024-11-13 01:00:00,3.149,75.222,1.151,140.98
2024-07-13 12:00:00,19.47,50.738,1.58,223.75
2024-05-20 06:00:00,17.999,50.086,3.338,289.11
2024-02-26 20:00:00,13.526,55.855,1.21,416.93
2024-05-19 10:00:00,18.329,66.885,3.178,534.15
2024-06-03 01:00:00,25.168,47.976,2.028,407.72
2024-08-14 21:00:00,22.35,51.116,5.538,410.7
2024-02-15 12:00:00,4.681,84.871,4.998,461.23
2024-09-28 19:00:00,15.363,62.894,2.056,370.73
2024-01-25 21:00:00,4.363,65.176,5.153,270.49
2024-03-20 00:00:00,13.534,57.67,2.297,153.79
2024-03-22 18:00:00,16.815,56.829,3.536,0.0
2024-06-19 09:00:00,19.439,58.017,3.118,43.45
2024-09-30 17:00:00,14.788,61.415,2.27,0.0
2024-12-10 20:00:00,8.564,75.357,5.103,5.84
2024-01-31 00:00:00,5.59,79.597,1.764,23.88
2024-01-07 05:00:00,-1.707,80.976,4.097,0.0
2024-08-31 21:00:00,17.86,51.412,5.634,7.84
2024-10-17 23:00:00,7.965,62.859,2.082,12.82
2024-10-28 10:00:00,-0.14,84.174,3.508,0.0
2024-07-06 05:00:00,19.851,55.311,4.573,0.0
2024-05-22 23:00:00,27.86,44.349,2.424,26.21
2024-06-06 18:00:00,27.723,39.18,2.528,9.58
2024-05-04 15:00:00,22.513,49.777,4.644,19.44
2024-03-10 02:00:00,8.133,67.221,2.853,159.05
2024-09-16 06:00:00,8.895,76.229,2.157,244.17
2024-07-07 01:00:00,22.795,52.899,3.961,353.47
2024-01-22 20:00:00,4.539,70.49,3.492,469.14
2024-03-17 19:00:00,15.411,55.191,1.459,467.49
2024-12-13 03:00:00,1.082,79.578,5.776,527.24
2024-02-12 00:00:00,8.752,70.642,4.063,501.03
2024-02-19 01:00:00,6.933,67.199,2.454,365.1
2024-07-17 03:00:00,22.152,52.282,3.78,387.82
2024-09-19 00:00:00,16.505,65.459,4.237,236.41
2024-02-10 18:00:00,5.149,68.195,3.154,178.55
2024-05-18 06:00:00,20.753,58.581,2.67,0.0
2024-06-08 12:00:00,23.903,48.166,1.387,0.0
2024-05-04 19:00:00,24.397,43.412,4.527,0.0
2024-03-23 06:00:00,9.122,72.786,4.893,0.0
2024-08-25 00:00:00,16.63,48.961,2.783,34.35
2024-02-22 19:00:00,8.858,66.544,1.721,24.84
2024-05-18 07:00:00,22.51,64.429,1.951,0.0
2024-10-11 19:00:00,9.213,61.503,5.057,0.0
2024-12-28 04:00:00,-0.894,75.905,4.29,0.0
2024-01-05 21:00:00,2.227,72.546,5.029,10.62
2024-07-25 03:00:00,18.361,54.615,3.332,14.48
2024-02-02 04:00:00,2.455,73.965,1.86,27.74
2024-05-15 21:00:00,25.804,45.956,0.878,0.0
2024-04-01 10:00:00,11.339,73.209,3.361,161.29
2024-01-16 14:00:00,5.172,83.971,1.18,202.74
2024-07-17 02:00:00,21.694,47.657,2.179,362.32
2024-07-20 11:00:00,19.697,54.434,2.487,526.33
2024-02-07 19:00:00,9.267,65.99,3.177,579.26
2024-09-27 14:00:00,8.403,67.888,3.321,545.43
2024-07-21 05:00:00,19.691,51.907,4.638,530.83
2024-06-03 13:00:00,22.569,46.915,1.839,391.03
2024-05-14 13:00:00,20.633,58.285,1.874,296.92
2024-04-10 02:00:00,15.26,63.708,4.332,323.4
2024-06-17 11:00:00,21.702,49.796,4.82,149.98
2024-08-05 19:00:00,24.932,54.551,3.656,0.0
2024-04-18 07:00:00,12.996,59.863,2.81,36.53
2024-02-07 05:00:00,3.337,86.939,1.856,2.48
2024-11-18 09:00:00,-1.286,95.037,3.961,2.45
2024-07-09 06:00:00,21.383,53.897,3.047,0.0
2024-12-29 04:00:00,-0.654,88.731,4.571,0.0
2024-05-31 16:00:00,24.453,45.534,2.832,0.0
2024-06-16 12:00:00,25.887,50.182,4.001,34.41
2024-06-19 19:00:00,27.994,42.954,2.357,1.7
2024-11-04 20:00:00,6.979,66.932,3.932,0.0
2024-05-11 05:00:00,16.921,62.58,1.447,0.0
2024-05-14 06:00:00,20.741,62.197,1.263,23.1
2024-11-10 11:00:00,-2.022,82.731,0.844,48.26
2024-11-06 01:00:00,9.167,78.424,1.949,115.9
2024-03-13 03:00:00,8.893,72.738,1.25,290.53
2024-10-04 12:00:00,8.336,70.384,2.186,319.79
2024-11-16 03:00:00,3.598,73.62,3.707,484.66
2024-11-18 20:00:00,6.956,69.596,3.924,533.82
2024-01-19 13:00:00,1.761,80.161,2.109,491.95
2024-01-24 15:00:00,1.363,77.171,3.258,519.21
2024-11-13 17:00:00,6.55,74.427,2.669,472.33
2024-01-15 04:00:00,-2.276,84.917,2.063,354.23
2024-11-13 15:00:00,1.919,75.8,1.696,312.11
2024-12-18 23:00:00,5.597,76.983,2.128,164.03
2024-01-02 18:00:00,3.567,68.358,3.049,17.42
2024-07-15 10:00:00,19.522,58.863,1.007,0.0
2024-03-12 02:00:00,11.563,63.027,2.432,0.0
2024-08-12 03:00:00,17.181,64.586,4.499,0.0
2024-08-29 05:00:00,13.489,60.724,4.622,23.59
2024-11-08 07:00:00,-1.931,89.233,1.596,0.0
2024-07-25 22:00:00,23.572,45.012,3.822,0.0
2024-10-08 11:00:00,0.926,77.05,2.991,0.04
2024-10-15 00:00:00,7.478,,3.808,0.0
2024-09-11 03:00:00,11.217,66.553,0.891,23.54
2024-06-23 23:00:00,27.832,47.537,1.076,0.0
2024-08-30 22:00:00,18.991,48.979,5.418,0.0
2024-08-23 00:00:00,20.702,52.681,1.286,0.0
2024-12-28 12:00:00,1.017,88.688,4.939,162.74
2024-12-21 20:00:00,3.432,77.648,0.941,228.69
2024-01-23 11:00:00,-1.841,76.665,3.502,397.07
2024-05-10 05:00:00,19.736,58.903,2.704,440.17
2024-08-02 10:00:00,17.067,61.718,1.331,432.28
2024-12-26 22:00:00,4.991,71.419,4.379,453.59
2024-01-25 22:00:00,4.926,65.209,3.992,577.1
2024-05-12 05:00:00,20.06,60.379,2.414,308.68
2024-07-03 08:00:00,18.044,58.986,5.001,340.83
2024-01-25 16:00:00,5.124,64.914,5.898,188.72
2024-05-20 23:00:00,27.086,45.988,3.471,100.5
2024-11-25 03:00:00,-0.921,75.242,3.428,18.25
2024-05-22 20:00:00,27.408,35.094,5.382,0.0
2024-09-24 04:00:00,5.619,72.276,4.398,0.0
2024-06-13 19:00:00,26.694,46.121,4.443,9.8
2024-02-27 13:00:00,5.65,74.621,2.286,0.0
2024-04-13 14:00:00,16.121,66.458,4.885,12.7
2024-06-29 14:00:00,24.683,43.593,4.734,18.13
2024-07-23 12:00:00,20.513,63.66,4.494,14.27
2024-04-15 04:00:00,16.853,60.545,3.372,0.0
2024-07-26 04:00:00,17.863,63.634,4.656,17.48
2024-12-21 10:00:00,-5.043,92.371,0.774,0.0
2024-12-11 05:00:00,-1.022,79.67,4.941,0.0
2024-05-18 01:00:00,21.407,47.775,2.944,0.0
2024-02-18 02:00:00,8.852,67.578,2.971,136.42
2024-10-29 03:00:00,1.933,81.19,4.197,260.39
2024-06-16 10:00:00,19.585,56.04,4.168,357.28
2024-04-22 23:00:00,24.043,51.043,1.957,524.34
2024-06-28 18:00:00,26.591,43.638,3.695,523.61
2024-06-10 16:00:00,26.391,44.723,4.121,430.88
2024-12-12 00:00:00,3.578,80.413,4.429,427.88
2024-01-19 04:00:00,2.522,83.157,3.136,390.42
2024-08-12 10:00:00,18.187,57.724,4.157,423.92
2024-12-15 22:00:00,4.707,75.125,2.338,308.8
2024-05-07 06:00:00,20.484,68.398,2.928,126.99
2024-01-09 06:00:00,-2.638,85.631,3.759,0.0
2024-11-21 14:00:00,1.555,77.925,4.964,0.0
2024-03-16 03:00:00,7.414,69.389,1.717,0.0
2024-11-18 07:00:00,-5.231,92.968,4.839,29.58
2024-07-11 19:00:00,25.713,44.985,1.474,7.82
2024-06-20 12:00:00,21.562,51.393,2.013,3.22
2024-06-26 03:00:00,,55.589,3.563,19.84
2024-01-12 06:00:00,0.079,78.765,2.702,21.11
2024-03-24 20:00:00,15.441,48.353,3.678,0.0
2024-10-06 23:00:00,12.816,68.998,1.418,0.0
2024-06-13 08:00:00,19.189,58.285,4.236,0.0
2024-12-10 06:00:00,-3.669,88.653,2.977,8.55
2024-12-05 04:00:00,-2.8,84.713,3.23,0.0
2024-04-08 00:00:00,19.086,52.344,0.986,166.76
2024-06-17 15:00:00,30.093,45.256,2.901,279.73
2024-10-24 19:00:00,4.205,65.713,0.706,322.21
2024-10-28 01:00:00,3.473,72.803,3.748,433.4
2024-08-11 20:00:00,21.41,55.531,4.851,415.37
2024-12-21 04:00:00,-5.132,89.786,1.906,615.52
2024-07-01 12:00:00,22.038,50.688,4.252,490.34
2024-05-17 04:00:00,22.386,56.347,2.096,345.57
2024-06-15 08:00:00,16.412,53.699,4.987,348.14
2024-10-22 19:00:00,6.788,69.819,0.404,315.03
2024-06-10 05:00:00,22.813,57.375,4.153,146.53
2024-03-17 08:00:00,9.096,75.269,2.369,1.52
2024-02-25 08:00:00,1.005,76.337,2.627,9.19
2024-03-10 20:00:00,16.135,54.503,3.245,2.65
2024-06-23 20:00:00,29.95,36.906,0.854,12.34
2024-08-23 09:00:00,15.112,67.096,1.785,6.64
2024-05-21 06:00:00,16.208,51.06,3.322,5.49
2024-03-27 04:00:00,14.003,66.378,4.19,9.61
2024-02-10 01:00:00,7.963,74.864,2.424,10.46
2024-02-13 16:00:00,9.688,67.891,5.235,38.44
2024-07-15 21:00:00,20.997,50.393,1.566,0.0
2024-04-27 05:00:00,15.895,71.623,0.464,0.0
2024-10-27 20:00:00,10.609,67.601,3.675,15.09
2024-06-29 04:00:00,20.459,52.023,3.025,22.74
2024-06-03 11:00:00,23.139,56.734,1.555,156.7
2024-04-09 02:00:00,15.306,52.167,2.79,291.13
2024-10-17 11:00:00,3.425,74.284,1.249,374.42
2024-02-04 08:00:00,-1.195,77.785,0.215,429.75
2024-09-11 00:00:00,13.487,59.733,0.512,357.84
2024-06-30 00:00:00,24.618,40.929,4.825,377.76
2024-04-26 13:00:00,14.887,59.995,1.66,445.71
2024-03-10 09:00:00,6.04,74.394,3.823,325.87
2024-12-28 07:00:00,-2.082,85.073,5.084,350.57
2024-12-17 08:00:00,-5.141,88.809,2.005,289.82
2024-07-29 22:00:00,24.159,46.331,2.709,141.83
2024-06-24 13:00:00,19.578,50.011,0.737,0.0
2024-12-07 21:00:00,3.304,66.764,3.529,0.0
2024-01-09 17:00:00,10.485,66.188,3.327,5.56
2024-03-06 02:00:00,4.772,72.131,3.2,17.85
2024-07-09 13:00:00,21.226,49.941,1.954,8.18
2024-12-21 09:00:00,-4.657,88.741,1.758,0.0
2024-10-28 06:00:00,-0.88,86.385,4.024,52.68
2024-02-22 03:00:00,7.086,71.813,1.148,0.0
2024-11-28 18:00:00,4.619,68.581,2.533,7.57
2024-08-13 06:00:00,12.833,68.793,5.552,6.82
2024-03-17 23:00:00,12.65,60.541,2.009,0.0
2024-01-02 10:00:00,-1.673,88.478,2.877,18.38
2024-08-12 01:00:00,16.206,52.655,5.452,9.43
2024-10-31 13:00:00,1.198,83.772,3.294,157.67
2024-02-29 14:00:00,8.503,62.409,3.225,241.44
2024-07-13 01:00:00,22.352,48.913,1.696,255.64
2024-06-07 17:00:00,28.022,56.553,2.288,444.92
2024-09-30 11:00:00,9.46,77.303,2.343,453.3
2024-01-31 23:00:00,5.912,72.315,2.551,502.3
2024-07-14 11:00:00,20.536,58.604,0.663,490.36
2024-06-27 10:00:00,22.516,66.655,2.606,351.0
2024-04-15 10:00:00,14.582,64.823,3.032,291.47
2024-10-01 06:00:00,5.488,82.383,1.483,275.09
2024-02-28 07:00:00,2.71,80.508,2.56,121.74
2024-11-25 17:00:00,4.793,73.045,2.958,0.0
2024-08-19 10:00:00,14.436,60.671,2.023,0.56
2024-01-13 15:00:00,3.164,84.61,2.019,3.99
2024-01-14 01:00:00,,71.617,1.641,21.62
2024-11-08 09:00:00,2.794,82.055,0.917,0.0
2024-07-17 01:00:00,22.96,52.714,3.57,0.0
2024-01-11 04:00:00,-3.291,84.094,2.212,0.0
2024-11-30 04:00:00,-5.674,85.212,2.658,0.0
2024-07-24 00:00:00,26.911,50.691,3.791,5.13
2024-02-02 20:00:00,7.19,65.897,3.071,50.69
2024-09-10 10:00:00,12.484,73.836,2.285,0.0
2024-08-31 20:00:00,20.859,54.814,6.025,14.78
2024-12-02 00:00:00,0.909,77.265,1.08,0.0
2024-05-27 00:00:00,21.755,43.831,3.371,167.62
2024-09-25 11:00:00,9.455,72.222,3.728,254.95
2024-10-15 02:00:00,8.638,76.303,,324.25
2024-07-08 01:00:00,23.87,45.401,1.719,454.01
2024-12-26 18:00:00,3.68,72.52,4.166,491.53
2024-04-04 13:00:00,13.882,63.242,2.695,594.84
2024-04-21 23:00:00,18.345,50.994,1.623,496.34
2024-02-29 04:00:00,6.919,74.06,3.788,451.4
2024-11-19 03:00:00,0.73,74.374,4.252,340.23
2024-01-12 14:00:00,1.074,80.417,1.622,241.46
2024-12-17 23:00:00,6.811,79.611,2.627,69.75
2024-03-01 12:00:00,6.578,78.465,2.761,21.63
2024-03-10 00:00:00,12.248,62.296,2.419,0.0
2024-08-02 17:00:00,22.631,45.262,2.039,22.93
2024-07-15 22:00:00,26.683,43.571,1.691,0.0
2024-12-30 14:00:00,1.81,75.382,4.22,43.96
2024-01-05 23:00:00,4.648,74.401,3.76,0.0
2024-02-22 20:00:00,9.297,61.039,0.286,0.0
2024-08-08 01:00:00,22.083,55.422,3.994,18.06
2024-09-02 21:00:00,14.686,55.453,4.867,28.19
2024-03-27 12:00:00,12.551,66.598,5.468,24.65
2024-04-04 23:00:00,18.725,59.541,2.894,0.0
2024-12-18 05:00:00,-3.952,87.786,2.575,0.0
2024-09-18 04:00:00,11.844,65.031,4.637,7.12
2024-12-29 03:00:00,0.171,83.58,4.937,163.71
2024-02-11 05:00:00,1.918,78.934,3.73,302.34
2024-12-07 17:00:00,5.299,74.641,4.752,400.26
2024-02-16 15:00:00,8.47,70.834,4.15,468.54
2024-10-19 12:00:00,7.673,72.424,1.156,595.34
2024-07-23 16:00:00,25.52,51.325,5.397,471.87
2024-06-05 02:00:00,19.722,50.45,3.391,507.08
2024-09-13 12:00:00,10.849,66.462,2.849,479.88
2024-02-27 01:00:00,7.006,62.842,2.79,435.56
2024-02-14 05:00:00,-2.756,78.203,3.774,288.93
2024-12-22 15:00:00,3.147,79.67,1.429,143.33
2024-07-15 00:00:00,25.88,48.515,1.377,0.0
2024-06-23 02:00:00,27.239,46.279,1.096,0.0
2024-12-15 05:00:00,-2.252,84.893,3.824,1.48
2024-01-06 11:00:00,-2.18,86.735,3.192,0.0
2024-06-17 05:00:00,20.764,52.777,3.904,20.2
2024-07-11 13:00:00,25.241,53.53,1.038,9.84
2024-12-06 19:00:00,3.697,70.045,,0.0
2024-08-23 01:00:00,17.314,64.333,0.196,0.0
2024-10-21 12:00:00,6.521,72.522,1.569,0.0
2024-11-13 07:00:00,-3.606,87.819,2.414,0.0
2024-10-19 21:00:00,10.429,63.18,3.428,0.0
2024-03-29 07:00:00,9.644,72.608,3.189,28.31
2024-06-28 21:00:00,29.758,36.624,3.436,0.0
2024-07-28 14:00:00,19.203,52.067,3.236,131.9
2024-10-12 22:00:00,14.221,60.366,4.865,297.47
2024-05-20 21:00:00,28.416,46.91,4.574,385.3
2024-01-24 18:00:00,5.64,61.749,3.626,524.71
2024-10-22 23:00:00,7.75,67.222,2.005,514.06
2024-05-01 05:00:00,19.374,58.856,4.372,479.49
2024-02-29 23:00:00,12.101,66.127,4.06,511.24
2024-11-19 16:00:00,4.788,67.975,4.607,367.39
2024-05-30 02:00:00,26.968,49.587,2.936,333.19
2024-12-30 17:00:00,2.377,78.043,5.929,281.84
2024-03-20 06:00:00,10.648,65.375,2.178,140.26
2024-02-06 19:00:00,9.65,65.859,2.388,40.42
2024-11-29 20:00:00,4.482,65.508,1.164,0.0
2024-04-10 20:00:00,22.129,57.157,5.093,9.6
2024-05-08 01:00:00,24.936,55.837,3.803,5.68
2024-04-25 19:00:00,23.696,54.98,0.864,0.0
2024-08-30 05:00:00,11.609,69.165,3.831,0.0
2024-11-01 18:00:00,7.327,70.991,3.397,17.09
2024-03-19 08:00:00,9.53,75.969,3.468,6.4
2024-02-10 00:00:00,7.692,72.621,2.106,0.0
2024-09-03 10:00:00,11.277,72.362,5.17,0.0
2024-02-07 04:00:00,3.98,74.819,2.879,20.99
2024-02-03 23:00:00,3.615,68.721,0.877,0.0
2024-10-05 08:00:00,4.07,77.756,3.697,2.54
2024-09-11 01:00:00,14.738,64.984,0.241,154.9
2024-11-18 00:00:00,4.313,73.632,4.624,311.49
2024-01-12 16:00:00,3.153,76.64,2.328,401.92
2024-07-05 06:00:00,20.679,56.604,4.664,436.15
2024-09-28 12:00:00,11.093,61.718,2.643,489.99
2024-12-30 18:00:00,2.507,74.635,5.41,593.7
2024-10-18 11:00:00,2.8,80.982,2.631,518.15
2024-01-07 22:00:00,5.531,73.288,4.489,434.97
2024-03-17 04:00:00,9.203,75.307,2.312,334.51
2024-09-10 12:00:00,11.578,70.233,2.027,278.95
2024-07-23 11:00:00,17.126,55.363,3.883,92.64
2024-09-01 14:00:00,14.417,47.548,6.01,0.0
2024-05-19 16:00:00,25.076,,3.617,10.03
2024-12-09 01:00:00,0.162,79.673,5.035,13.48
2024-03-13 06:00:00,8.533,67.491,2.024,10.04
2024-07-22 14:00:00,20.754,59.454,3.217,5.26
2024-08-24 15:00:00,17.238,56.051,1.534,0.0
2024-11-29 17:00:00,5.371,81.044,3.103,0.0
2024-06-06 05:00:00,19.493,56.015,3.21,14.26
2024-11-07 18:00:00,5.426,70.652,2.361,0.0
2024-07-13 14:00:00,24.185,47.839,1.329,0.0
2024-06-07 01:00:00,24.336,48.067,2.099,14.1
2024-06-12 19:00:00,30.521,42.754,3.572,0.0
2024-11-16 09:00:00,-2.36,90.064,3.728,0.0
2024-12-10 00:00:00,4.155,74.736,4.395,111.69
2024-09-12 17:00:00,15.14,48.761,1.014,247.5
2024-10-13 22:00:00,7.895,62.284,3.993,379.1
2024-01-19 22:00:00,4.1,67.73,2.129,487.94
2024-09-14 13:00:00,11.344,65.108,2.993,539.72
2024-09-07 04:00:00,11.975,64.651,1.957,629.88
2024-12-16 13:00:00,-0.552,88.486,3.515,557.49
2024-10-09 09:00:00,4.572,77.439,4.558,388.37
2024-12-12 20:00:00,4.199,76.214,2.688,395.25
2024-11-03 17:00:00,6.927,67.585,3.293,276.34
2024-01-27 21:00:00,5.881,77.244,4.579,155.62
2024-04-29 14:00:00,18.478,46.972,3.232,24.92
2024-04-08 15:00:00,13.817,56.473,1.545,29.68
2024-02-08 01:00:00,8.091,75.119,3.98,0.0
2024-12-31 04:00:00,-1.85,91.546,5.238,5.34
2024-05-07 07:00:00,15.419,62.114,3.188,0.0
2024-12-09 11:00:00,-0.25,84.915,4.139,0.0
2024-01-01 18:00:00,2.095,74.726,2.814,0.0
2024-09-04 05:00:00,7.971,65.801,3.027,0.0
2024-03-02 01:00:00,10.436,67.528,2.027,12.59
2024-06-16 18:00:00,26.039,48.813,4.837,23.57
2024-07-01 22:00:00,28.146,45.995,3.462,0.0
2024-03-13 21:00:00,16.223,62.338,2.688,20.65
2024-10-12 04:00:00,9.671,67.184,3.822,0.0
2024-03-24 15:00:00,12.39,59.909,4.768,175.25
2024-11-05 07:00:00,1.234,81.794,2.349,285.5
2024-04-01 08:00:00,14.105,72.933,2.923,396.3
2024-04-17 16:00:00,21.536,48.888,4.977,539.84
2024-08-13 20:00:00,23.114,53.68,3.714,528.66
2024-09-16 19:00:00,18.125,55.785,2.8,545.36
2024-11-13 11:00:00,0.082,89.386,2.595,504.97
2024-02-08 23:00:00,6.141,66.62,4.02,401.24
2024-05-07 01:00:00,24.015,45.483,3.985,375.71
2024-02-18 17:00:00,10.261,63.13,1.52,244.35
2024-11-26 02:00:00,-1.353,83.069,3.034,127.45
2024-06-04 10:00:00,21.669,56.813,3.539,0.0
2024-10-07 08:00:00,2.362,76.379,3.905,0.0
2024-10-01 21:00:00,12.207,63.146,1.34,20.84
2024-04-03 01:00:00,17.506,56.36,2.128,0.0
2024-05-15 18:00:00,27.458,45.358,2.647,0.0
2024-11-18 11:00:00,-0.079,82.749,3.824,30.47
2024-07-22 23:00:00,24.954,46.741,3.302,30.74
2024-12-17 21:00:00,2.337,76.718,2.164,0.0
2024-12-29 16:00:00,2.93,80.113,4.377,0.0
2024-01-05 05:00:00,-3.119,86.79,4.706,0.0
2024-10-06 11:00:00,5.669,76.15,3.012,0.0
2024-10-07 05:00:00,7.569,78.636,2.919,0.0
2024-01-06 20:00:00,4.935,66.869,4.546,0.0
2024-08-05 11:00:00,15.333,63.495,2.471,111.74
2024-04-02 04:00:00,14.251,66.972,2.164,288.36
2024-06-06 03:00:00,21.758,46.478,3.475,409.21
2024-10-18 00:00:00,5.907,67.941,2.851,494.98
2024-09-21 22:00:00,11.38,51.825,3.812,466.72
2024-03-31 08:00:00,9.837,73.552,4.425,464.14
2024-07-23 22:00:00,27.927,41.818,2.882,503.46
2024-02-17 16:00:00,7.407,71.604,3.423,413.82
2024-05-10 20:00:00,26.757,43.471,1.891,400.15
2024-11-16 08:00:00,-2.564,88.18,1.649,287.88
2024-01-23 23:00:00,4.574,71.061,1.805,156.62
2024-12-10 17:00:00,2.265,72.972,3.305,2.44
2024-03-03 19:00:00,14.121,56.032,4.18,0.0
2024-10-22 13:00:00,6.566,74.775,1.471,19.42
2024-01-18 14:00:00,1.041,82.349,2.872,24.73
2024-08-04 16:00:00,21.872,52.124,1.071,36.1
2024-10-10 10:00:00,-0.035,76.126,4.591,0.0
2024-09-02 02:00:00,16.573,61.199,4.785,4.47
2024-05-14 18:00:00,22.898,48.451,2.762,6.78
2024-11-07 04:00:00,0.21,81.279,0.743,0.0
2024-12-20 06:00:00,-0.05,84.384,0.939,0.86
2024-02-02 13:00:00,-0.123,78.339,1.128,0.0
2024-08-25 18:00:00,22.129,53.752,1.093,0.0
2024-01-13 06:00:00,-1.791,81.377,1.188,0.0
2024-03-26 02:00:00,12.294,61.965,4.145,130.61
2024-11-20 03:00:00,-1.287,77.831,4.524,171.41
2024-01-28 10:00:00,-0.471,79.744,3.281,413.18
2024-04-14 00:00:00,18.504,63.283,3.116,448.73
2024-02-06 09:00:00,-1.273,75.476,2.18,454.74
2024-08-19 16:00:00,18.133,48.618,1.794,634.31
2024-04-24 05:00:00,16.806,63.501,2.308,509.11
2024-08-04 04:00:00,16.815,59.008,0.31,457.69
2024-03-12 18:00:00,15.147,58.564,0.098,388.49
2024-04-02 08:00:00,9.877,64.958,1.44,270.37
2024-11-29 12:00:00,0.987,81.521,1.233,148.57
2024-06-10 21:00:00,28.677,35.973,3.896,0.0
2024-03-23 02:00:00,13.688,61.903,4.036,0.0
2024-07-02 06:00:00,22.192,56.145,4.288,0.0
2024-09-22 04:00:00,11.78,75.934,4.779,5.87
2024-01-20 01:00:00,0.867,75.549,3.224,16.97
2024-07-12 01:00:00,25.635,44.84,1.764,13.91
2024-06-05 03:00:00,22.927,50.29,2.126,0.0
2024-06-16 06:00:00,20.375,47.925,4.29,0.0
2024-11-07 11:00:00,3.254,81.932,1.837,0.0
2024-03-19 13:00:00,11.262,64.925,1.291,0.0
2024-05-26 00:00:00,24.066,45.959,5.304,0.0
2024-01-20 10:00:00,-0.664,81.584,3.77,0.0
2024-06-15 05:00:00,19.745,58.589,5.019,0.0
2024-02-14 15:00:00,7.094,73.797,6.05,105.83
2024-08-09 14:00:00,19.356,59.388,3.808,264.23
2024-10-10 02:00:00,7.299,70.856,2.947,425.18
2024-05-16 20:00:00,23.163,46.517,2.403,388.35
2024-06-05 18:00:00,25.641,42.606,3.23,583.91
2024-08-21 23:00:00,15.886,53.26,0.907,602.03
2024-11-02 20:00:00,9.549,65.082,5.328,521.3
2024-04-25 17:00:00,21.363,46.059,1.859,461.1
2024-10-02 16:00:00,13.197,64.962,1.801,404.7
2024-01-14 07:00:00,-2.982,91.845,2.105,242.2
2024-01-15 03:00:00,-0.846,80.621,1.671,167.2
2024-10-15 06:00:00,6.401,74.741,3.648,6.79
2024-03-19 06:00:00,5.299,75.985,2.053,22.55
2024-08-29 02:00:00,15.955,58.934,5.135,0.0
2024-04-16 11:00:00,15.513,65.996,4.841,7.66
2024-10-13 00:00:00,9.067,57.421,4.983,3.87
2024-07-22 16:00:00,24.552,58.209,4.248,0.0
2024-05-30 21:00:00,27.775,43.59,2.136,0.0
2024-12-23 17:00:00,3.863,65.732,2.183,20.4
2024-01-04 04:00:00,-1.432,84.67,4.602,0.0
2024-11-06 21:00:00,6.911,71.799,2.122,14.88
2024-03-20 20:00:00,14.582,54.767,3.684,0.0
2024-11-16 17:00:00,2.149,73.264,3.958,11.95
2024-07-07 04:00:00,20.693,55.323,3.219,0.0
2024-01-21 22:00:00,2.749,72.532,4.432,150.54
2024-07-05 16:00:00,23.412,51.175,4.354,249.39
2024-04-10 05:00:00,15.829,58.447,2.659,401.54
2024-10-21 17:00:00,10.584,75.594,1.776,444.21
2024-03-29 02:00:00,15.185,59.977,2.902,539.25
2024-12-11 09:00:00,-7.188,86.05,5.061,485.85
2024-11-28 19:00:00,3.987,64.303,1.528,566.0
2024-03-31 18:00:00,21.365,52.256,1.835,551.94
2024-01-13 13:00:00,-1.013,79.166,1.952,382.78
2024-03-15 09:00:00,4.481,80.534,0.0,240.67
2024-05-19 07:00:00,20.655,62.99,2.894,121.88
2024-03-01 21:00:00,9.805,60.012,3.739,0.0
2024-10-12 14:00:00,7.317,67.479,4.933,0.0
2024-10-08 10:00:00,1.088,76.647,4.402,0.0
2024-12-31 05:00:00,-3.382,81.171,3.987,4.09
2024-06-16 17:00:00,26.237,45.257,3.97,12.42
2024-01-12 05:00:00,-1.645,83.131,2.341,0.0
2024-05-12 12:00:00,21.253,53.835,1.6,40.19
2024-04-07 19:00:00,17.97,54.278,2.09,6.15
2024-11-29 23:00:00,5.936,,1.458,0.0
2024-06-10 13:00:00,23.25,52.04,4.378,6.64
2024-10-05 09:00:00,5.256,83.063,2.22,0.0
2024-06-20 08:00:00,22.805,57.832,0.59,10.11
2024-07-27 21:00:00,24.99,48.311,4.579,11.45
2024-05-30 12:00:00,20.956,62.04,3.504,107.2
2024-06-26 09:00:00,22.619,55.886,3.247,263.71
2024-01-24 23:00:00,0.991,72.901,4.423,422.95
2024-11-12 10:00:00,1.463,78.956,2.848,449.19
2024-09-15 23:00:00,12.597,,3.188,531.43
2024-01-19 02:00:00,4.295,74.411,3.09,538.17
2024-10-22 21:00:00,9.091,67.291,0.769,407.95
2024-03-11 00:00:00,12.875,62.243,1.759,495.7
2024-05-08 11:00:00,16.124,50.555,4.714,365.78
2024-09-23 17:00:00,12.435,59.468,4.004,258.36
2024-05-19 12:00:00,21.527,51.947,2.72,129.14
2024-07-08 17:00:00,24.47,42.717,3.486,0.0
2024-08-22 04:00:00,14.894,59.459,1.285,0.0
2024-02-22 21:00:00,12.71,59.613,3.003,9.89
2024-11-06 23:00:00,3.861,67.141,1.642,9.98
2024-06-24 18:00:00,28.008,36.678,1.088,0.0
2024-11-03 03:00:00,2.603,74.558,4.081,0.0
2024-05-27 08:00:00,20.274,61.677,5.422,14.05
2024-12-09 06:00:00,-0.387,88.638,5.063,11.88
2024-06-30 18:00:00,27.757,44.727,3.598,10.8
2024-05-11 19:00:00,23.977,39.765,2.232,0.0
2024-09-06 04:00:00,10.765,72.984,3.302,1.41
2024-09-17 01:00:00,11.654,57.549,3.412,7.64
2024-09-17 09:00:00,10.258,79.316,4.784,0.0
2024-02-03 12:00:00,0.678,71.438,2.18,137.2
2024-02-23 03:00:00,6.027,67.804,1.789,329.61
2024-01-14 23:00:00,3.68,78.458,0.862,393.59
2024-10-29 02:00:00,4.901,72.379,3.014,517.15
2024-03-25 15:00:00,12.314,60.284,4.938,561.44
2024-05-16 04:00:00,20.391,60.863,1.758,569.34
2024-04-11 11:00:00,12.943,63.579,4.345,644.12
2024-04-16 04:00:00,17.217,64.307,4.459,482.98
2024-12-13 20:00:00,5.11,71.978,3.888,386.04
2024-11-26 12:00:00,-1.406,86.071,2.643,322.86
2024-11-09 07:00:00,0.044,83.074,3.241,181.96
2024-08-10 12:00:00,15.648,68.142,6.034,23.5
2024-06-08 10:00:00,18.194,58.083,2.185,0.0
2024-12-18 22:00:00,3.329,70.201,3.935,10.91
2024-02-20 23:00:00,9.828,63.397,3.757,0.0
2024-03-05 23:00:00,11.276,59.301,3.932,21.89
2024-11-18 18:00:00,7.661,71.767,5.273,0.0
2024-01-26 03:00:00,3.789,86.077,4.858,9.54
2024-06-14 13:00:00,23.072,48.833,4.016,5.86
2024-10-19 02:00:00,6.51,71.303,2.596,0.0
2024-08-01 06:00:00,14.582,60.623,2.129,0.0
2024-03-22 10:00:00,7.877,69.762,3.65,0.77
2024-01-29 12:00:00,-1.433,77.802,2.878,10.41
2024-01-23 18:00:00,6.529,76.182,4.868,14.92
2024-11-04 16:00:00,2.013,66.334,2.715,125.9
2024-10-03 21:00:00,16.137,65.732,0.379,186.38
2024-08-22 01:00:00,17.919,50.903,0.516,348.58
2024-03-07 13:00:00,12.005,74.199,5.396,531.76
2024-01-14 12:00:00,-2.695,88.735,1.392,485.12
2024-02-12 18:00:00,8.396,64.74,4.24,604.19
2024-08-29 17:00:00,18.547,55.422,4.869,487.32
2024-06-18 15:00:00,23.764,40.686,3.476,506.74
2024-12-18 14:00:00,0.826,76.822,1.475,371.53
2024-11-20 11:00:00,-2.537,85.94,3.246,289.78
2024-04-06 12:00:00,14.972,66.156,1.551,74.4
2024-04-16 19:00:00,21.702,55.926,5.633,29.2
2024-05-09 17:00:00,21.751,49.086,3.137,0.0
2024-02-02 02:00:00,4.59,74.133,3.524,0.0
2024-10-15 12:00:00,1.056,70.711,2.083,8.82
2024-12-19 04:00:00,-1.725,81.3,1.041,33.41
2024-11-16 01:00:00,1.442,72.387,3.414,0.0
2024-07-28 10:00:00,16.106,67.918,4.248,0.0
2024-10-23 10:00:00,3.731,77.012,2.102,5.18
2024-02-11 20:00:00,9.955,59.867,3.212,0.0
2024-02-08 02:00:00,4.045,79.544,2.458,11.29
2024-07-30 22:00:00,24.6,42.903,1.052,5.16
2024-12-16 05:00:00,-7.072,89.182,2.7,13.05
2024-06-21 13:00:00,25.908,51.924,1.229,20.65
2024-08-01 02:00:00,20.653,53.962,1.098,176.63
2024-12-20 20:00:00,2.334,64.848,0.523,279.45
2024-09-15 04:00:00,8.147,63.32,1.622,395.35
2024-05-11 07:00:00,16.835,62.068,1.871,537.16
2024-12-09 00:00:00,-1.512,71.219,4.432,526.78
2024-06-01 22:00:00,28.73,42.108,2.698,572.29
2024-12-17 01:00:00,0.982,77.633,1.869,582.09
2024-04-27 13:00:00,19.788,53.632,2.195,432.73
2024-03-25 21:00:00,15.979,55.726,4.513,404.2
2024-08-07 09:00:00,14.68,58.865,3.057,305.89
2024-06-18 13:00:00,24.859,50.232,2.711,111.25
2024-09-04 09:00:00,8.255,72.983,4.185,10.31
2024-01-24 11:00:00,-1.273,85.978,4.194,18.69
2024-02-02 18:00:00,8.281,67.423,0.868,0.0
2024-11-13 13:00:00,0.258,79.574,2.209,15.25
2024-06-09 11:00:00,21.874,61.438,1.616,39.21
2024-06-24 14:00:00,24.042,56.222,0.813,0.0
2024-04-27 01:00:00,19.348,58.986,0.793,0.0
2024-09-24 14:00:00,13.21,68.388,5.363,0.0
2024-02-12 17:00:00,8.477,67.444,4.595,24.44
2024-03-27 07:00:00,11.804,67.846,3.89,12.5
2024-06-22 06:00:00,19.353,53.485,2.03,0.0
2024-09-25 08:00:00,3.241,75.907,4.005,0.0
2024-04-20 05:00:00,13.863,65.281,2.242,24.69
2024-11-15 04:00:00,2.439,79.888,2.546,137.2
2024-03-02 15:00:00,8.589,66.878,4.679,311.08
2024-10-13 18:00:00,9.24,66.988,5.187,359.3
2024-09-21 13:00:00,9.151,67.849,5.495,572.55
2024-05-12 18:00:00,22.801,47.258,0.0,593.41
2024-06-25 01:00:00,25.912,46.632,0.837,584.93
2024-05-04 14:00:00,23.123,59.72,4.323,584.62
2024-02-06 04:00:00,3.092,79.888,1.936,406.95
2024-11-15 09:00:00,-0.739,89.617,3.227,416.13
2024-11-16 16:00:00,5.714,67.766,3.846,261.59
2024-05-13 22:00:00,26.405,45.649,1.227,70.09
2024-02-25 00:00:00,9.284,63.589,1.301,0.0
2024-04-09 15:00:00,15.412,59.908,3.445,0.0
2024-07-23 10:00:00,17.673,67.263,4.081,3.08
2024-04-06 22:00:00,16.961,50.338,2.736,14.8
2024-10-21 00:00:00,7.145,69.165,2.493,17.57
2024-12-25 07:00:00,-1.651,87.98,1.862,9.02
2024-05-28 15:00:00,26.1,47.696,3.509,9.64
2024-12-06 02:00:00,1.711,75.195,3.698,10.27
2024-02-28 21:00:00,15.517,66.699,2.505,7.63
2024-09-22 22:00:00,13.814,54.476,2.929,23.59
2024-02-21 23:00:00,7.88,70.079,4.256,0.0
2024-04-18 08:00:00,10.367,65.006,3.51,0.0
2024-04-15 05:00:00,15.234,59.641,5.119,0.0
2024-05-25 05:00:00,19.128,53.961,4.557,167.0
2024-11-14 00:00:00,5.821,65.766,2.288,301.42
2024-11-20 04:00:00,-1.255,76.418,3.463,399.72
2024-07-28 09:00:00,15.342,64.766,4.755,556.43
2024-12-28 05:00:00,-2.892,84.663,4.444,522.23
2024-01-30 01:00:00,1.684,72.563,2.483,637.56
2024-05-10 00:00:00,22.363,48.488,2.991,513.78
2024-01-27 12:00:00,1.99,82.033,3.832,416.14
2024-04-14 04:00:00,16.033,60.163,4.609,445.56
2024-09-24 18:00:00,12.864,63.235,4.131,284.21
2024-03-27 09:00:00,9.934,65.663,2.644,128.57
2024-03-21 13:00:00,10.981,69.808,3.545,0.0
2024-10-02 01:00:00,10.377,69.888,1.132,0.0
2024-10-22 11:00:00,5.647,73.938,2.863,0.0
2024-08-21 08:00:00,13.315,71.738,2.08,3.21
2024-08-23 11:00:00,14.607,72.578,0.327,20.77
2024-12-25 04:00:00,-3.353,82.702,2.745,33.52
2024-06-30 17:00:00,25.139,46.322,4.691,5.25
2024-12-13 06:00:00,-1.549,88.673,3.364,0.0
2024-05-23 05:00:00,17.578,56.587,4.736,18.59
2024-05-30 01:00:00,23.019,48.527,1.538,9.34
2024-08-11 06:00:00,12.667,65.755,5.034,26.33
2024-11-28 09:00:00,-1.805,92.629,2.726,0.0
2024-04-17 06:00:00,18.816,62.252,2.35,0.0
2024-07-05 00:00:00,24.518,51.723,,162.99
2024-08-02 16:00:00,23.687,45.907,1.89,323.65
2024-08-25 07:00:00,13.992,69.614,2.411,438.24
2024-11-23 07:00:00,-4.243,88.476,3.025,476.82
2024-02-15 07:00:00,1.937,76.103,4.193,480.89
2024-11-23 00:00:00,1.989,78.987,4.533,522.92
2024-01-06 03:00:00,-3.033,75.263,4.382,567.76
2024-07-21 16:00:00,24.115,42.913,2.792,613.4
2024-07-31 13:00:00,20.9,50.403,0.795,425.11
2024-11-12 00:00:00,5.515,68.09,2.404,268.55
2024-12-19 22:00:00,1.687,78.907,0.722,139.77
2024-10-06 07:00:00,2.056,88.674,2.736,4.19
2024-07-17 15:00:00,23.237,50.287,1.733,0.0
2024-09-22 18:00:00,16.373,44.434,5.207,25.78
2024-04-28 23:00:00,21.369,52.446,1.599,0.0
2024-09-23 20:00:00,16.01,59.214,4.734,13.83
2024-10-27 22:00:00,7.713,65.365,4.227,0.0
2024-04-19 22:00:00,19.531,49.738,3.038,36.45
2024-06-08 20:00:00,30.003,40.346,2.494,30.23
2024-09-18 22:00:00,13.695,51.566,4.137,11.93
2024-12-23 21:00:00,3.519,75.662,2.236,59.31
2024-06-10 06:00:00,17.882,57.761,5.308,24.27
2024-09-18 21:00:00,14.858,55.222,4.506,0.0
2024-10-02 17:00:00,16.322,65.811,0.862,0.0
2024-04-20 07:00:00,11.71,66.488,1.878,153.61
2024-02-10 14:00:00,3.732,73.824,2.991,306.04
2024-10-11 16:00:00,7.394,65.118,3.817,412.65
2024-05-24 04:00:00,23.848,61.755,4.064,507.77
2024-02-23 11:00:00,5.7,78.883,4.727,644.21
2024-06-14 15:00:00,25.331,46.914,4.156,500.42
2024-10-29 17:00:00,5.942,62.902,5.1,612.05
2024-10-05 16:00:00,7.477,69.537,2.524,403.79
2024-08-20 22:00:00,20.304,53.784,2.321,394.28
2024-07-10 02:00:00,25.081,50.047,2.396,362.55
2024-09-09 22:00:00,18.455,57.377,1.468,145.35
2024-02-16 13:00:00,4.405,76.62,4.962,32.69
2024-07-05 03:00:00,23.278,53.006,4.331,9.06
2024-03-16 15:00:00,10.606,65.397,2.334,0.0
2024-10-24 05:00:00,2.465,79.194,1.074,0.0
2024-12-17 09:00:00,-2.524,90.429,1.172,0.0
2024-01-06 02:00:00,3.05,82.28,5.264,23.21
2024-09-23 04:00:00,10.588,65.625,4.751,0.0
2024-03-05 00:00:00,11.86,65.838,3.979,0.0
2024-09-15 21:00:00,14.238,61.618,2.851,11.57
2024-04-25 22:00:00,20.268,50.099,0.961,37.56
2024-02-17 02:00:00,6.297,75.469,3.409,0.0
2024-04-08 06:00:00,9.194,61.808,2.005,0.0
2024-10-25 16:00:00,8.9,66.395,1.6,5.75
2024-05-28 12:00:00,22.856,52.46,3.923,156.31
2024-07-31 19:00:00,24.979,49.82,2.302,257.3
2024-12-18 09:00:00,-3.821,88.367,2.061,360.39
2024-08-19 02:00:00,21.679,58.796,2.159,579.84
2024-08-27 10:00:00,12.377,64.989,3.183,551.32
2024-05-05 22:00:00,23.263,41.709,3.535,699.52
2024-06-06 23:00:00,25.775,40.283,1.28,527.18
2024-07-21 04:00:00,21.208,54.037,4.104,463.85
2024-05-08 23:00:00,26.095,45.644,2.73,361.15
2024-10-19 11:00:00,3.256,75.137,1.878,252.9
2024-06-09 04:00:00,24.709,55.112,4.77,143.72
2024-12-12 08:00:00,-3.483,90.727,4.483,30.35
2024-12-16 12:00:00,-3.891,88.628,1.525,3.21
2024-01-01 22:00:00,3.851,69.272,4.346,16.51
2024-10-27 01:00:00,5.769,75.676,3.036,0.0
2024-09-16 22:00:00,14.62,62.672,2.561,25.26
2024-03-24 17:00:00,17.342,60.077,4.991,30.83
2024-12-13 11:00:00,-3.078,87.588,3.396,0.0
2024-05-14 03:00:00,22.002,54.731,1.047,0.0
2024-10-20 17:00:00,6.56,62.37,1.351,0.0
2024-06-21 04:00:00,23.921,54.396,1.344,3.21
2024-12-10 18:00:00,1.577,72.633,5.824,0.0
2024-11-20 18:00:00,5.037,77.094,4.288,0.0
2024-12-11 22:00:00,2.272,72.705,4.798,0.0
2024-06-23 21:00:00,25.021,42.017,2.31,168.3
2024-09-30 15:00:00,10.327,62.324,1.717,293.69
2024-07-09 19:00:00,28.674,39.663,1.975,437.09
2024-01-19 20:00:00,3.816,72.157,2.509,474.49
2024-01-19 09:00:00,-2.332,86.463,3.631,638.07
2024-04-29 23:00:00,22.116,47.298,1.399,580.53
2024-01-26 14:00:00,6.786,74.888,4.025,538.28
2024-05-30 11:00:00,20.65,55.922,2.172,510.94
2024-12-20 19:00:00,4.284,78.46,2.22,463.11
2024-12-07 19:00:00,2.666,74.512,4.059,244.83
2024-11-13 21:00:00,6.776,62.484,2.052,145.58
2024-04-23 21:00:00,20.909,52.127,2.178,4.13
2024-01-18 20:00:00,7.394,74.991,1.492,18.42
2024-03-31 13:00:00,13.497,65.145,2.85,4.26
2024-04-11 05:00:00,13.007,67.421,4.184,0.0
2024-07-26 18:00:00,24.744,47.175,3.516,0.0
2024-03-09 02:00:00,9.139,71.243,3.16,0.0
2024-02-19 03:00:00,3.053,73.539,3.341,21.66
2024-01-27 15:00:00,1.213,75.253,4.46,0.0
2024-03-22 05:00:00,9.492,67.988,3.118,0.0
2024-04-03 07:00:00,12.236,72.837,0.84,0.0
2024-02-16 23:00:00,7.015,71.285,5.026,0.0
2024-09-17 17:00:00,12.717,53.704,3.694,10.58
2024-04-19 21:00:00,23.483,52.306,3.766,0.0
2024-12-11 18:00:00,3.234,70.885,4.585,188.38
2024-08-20 03:00:00,15.84,67.208,1.459,318.11
2024-03-01 19:00:00,13.22,64.154,3.648,445.25
2024-02-10 04:00:00,2.374,75.602,4.492,513.97
2024-01-16 02:00:00,1.1,77.388,0.65,641.28
2024-12-18 08:00:00,-2.186,89.183,2.841,645.49
2024-01-09 14:00:00,1.649,85.502,2.493,621.97
2024-01-15 07:00:00,-3.572,82.964,0.817,380.32
2024-10-25 04:00:00,5.049,76.102,2.417,392.03
2024-06-06 04:00:00,20.282,54.421,1.915,300.45
2024-03-12 00:00:00,13.09,59.116,2.812,163.1
2024-05-08 10:00:00,13.959,60.457,4.618,0.0
2024-07-09 02:00:00,21.7,50.799,3.044,0.0
2024-09-18 05:00:00,10.164,69.628,4.224,0.0
2024-06-24 20:00:00,23.654,41.457,2.327,1.55
2024-02-23 12:00:00,3.392,76.354,0.61,0.0
2024-02-14 16:00:00,7.338,66.07,5.085,0.0
2024-07-13 22:00:00,28.026,47.097,2.922,11.76
2024-01-14 14:00:00,3.2,85.998,0.0,0.0
2024-10-20 08:00:00,3.187,87.74,0.76,18.46
2024-02-06 20:00:00,9.134,63.417,1.172,0.0
2024-05-01 17:00:00,24.109,52.417,4.044,12.5
2024-02-14 10:00:00,-0.595,77.872,3.54,36.81
2024-12-30 08:00:00,-0.083,89.175,,24.39
2024-09-21 07:00:00,7.323,74.439,2.693,132.73
2024-03-23 03:00:00,6.291,66.282,5.598,269.03
2024-03-13 20:00:00,14.899,57.064,1.359,424.01
2024-12-22 01:00:00,4.521,85.404,2.434,470.21
2024-09-01 17:00:00,16.75,51.194,4.236,529.32
2024-11-04 00:00:00,3.034,65.936,3.427,554.57
2024-11-03 01:00:00,3.658,77.146,3.573,606.0
2024-11-06 17:00:00,7.301,70.042,2.456,538.88
2024-11-14 02:00:00,5.417,71.567,2.442,411.28
2024-10-24 00:00:00,7.463,65.734,2.842,247.58
2024-11-20 19:00:00,7.452,79.129,4.349,204.77
2024-08-05 06:00:00,17.504,62.293,3.029,0.0
2024-04-25 14:00:00,18.086,56.761,2.321,16.75
2024-04-17 22:00:00,23.254,46.68,3.727,0.0
2024-08-22 21:00:00,19.52,46.825,0.903,0.0
2024-09-26 04:00:00,7.77,73.074,3.884,0.0
2024-01-16 10:00:00,-2.124,84.128,2.412,40.08
2024-06-14 00:00:00,24.634,47.288,5.602,49.83
2024-08-28 22:00:00,20.628,49.756,4.881,28.1
2024-10-25 01:00:00,7.171,73.35,2.388,18.62
2024-07-16 03:00:00,21.625,47.573,2.893,0.0
2024-11-30 08:00:00,-9.03,91.163,2.356,0.0
2024-05-01 04:00:00,17.13,65.011,4.389,16.49
2024-04-30 03:00:00,19.572,55.186,3.674,21.04
2024-12-18 18:00:00,4.552,65.837,2.667,116.73
2024-01-14 04:00:00,0.343,81.241,1.844,356.53
2024-02-21 11:00:00,6.559,84.788,2.984,473.87
2024-09-17 19:00:00,15.577,53.498,3.876,613.29
2024-03-24 09:00:00,8.702,75.362,4.622,562.11
2024-06-10 09:00:00,17.326,60.522,3.776,718.92
2024-04-15 22:00:00,20.267,52.114,3.137,680.31
2024-10-04 19:00:00,12.313,62.916,2.615,539.11
2024-04-20 10:00:00,13.006,57.58,2.488,470.83
2024-03-18 20:00:00,13.623,55.966,4.091,328.36
2024-01-29 02:00:00,0.234,80.723,3.406,173.33
2024-10-22 02:00:00,4.054,74.005,1.442,0.0
2024-02-01 01:00:00,2.904,73.353,2.353,0.0
2024-10-20 19:00:00,10.389,70.497,2.703,5.61
2024-04-10 15:00:00,17.768,57.455,3.524,0.0
2024-04-11 15:00:00,14.58,50.737,5.129,0.0
2024-07-25 01:00:00,24.706,52.187,4.284,16.2
2024-01-29 04:00:00,-1.232,82.066,2.903,0.0
2024-02-06 18:00:00,6.49,67.734,1.291,24.49
2024-11-22 15:00:00,1.634,75.01,5.083,5.48
2024-04-04 14:00:00,15.69,64.476,1.933,0.0
2024-10-09 06:00:00,2.414,63.881,3.858,2.77
2024-06-28 23:00:00,26.087,38.807,3.784,0.0
2024-12-18 02:00:00,-3.159,84.455,2.261,29.68
2024-10-11 18:00:00,11.626,73.845,5.798,151.53
2024-10-21 11:00:00,2.432,72.701,0.254,199.29
2024-08-06 09:00:00,14.789,68.985,2.463,433.68
2024-10-08 03:00:00,7.945,76.265,4.103,437.39
2024-12-28 21:00:00,2.442,68.12,4.106,677.27
2024-04-04 07:00:00,9.273,66.545,1.729,546.44
2024-01-18 09:00:00,-2.166,83.962,3.025,517.18
2024-09-12 19:00:00,18.924,58.882,1.151,366.72
2024-06-29 07:00:00,21.589,59.249,2.734,425.4
2024-06-07 22:00:00,24.922,46.539,4.141,368.31
2024-05-04 01:00:00,19.905,55.71,4.713,134.67
2024-01-20 11:00:00,0.23,90.247,2.717,0.0
2024-03-10 05:00:00,6.904,74.016,2.549,0.0
2024-12-16 15:00:00,1.58,78.029,3.782,23.1
2024-07-15 14:00:00,24.141,54.518,1.195,0.0
2024-04-05 05:00:00,13.267,68.212,1.056,20.59
2024-01-20 19:00:00,5.11,69.148,4.034,0.0
2024-08-09 19:00:00,23.947,49.512,5.838,0.0
2024-09-25 07:00:00,7.746,69.84,3.89,0.0
2024-03-07 11:00:00,4.691,73.399,3.67,0.0
2024-02-09 03:00:00,2.324,76.698,2.92,0.0
2024-09-06 22:00:00,18.869,54.699,2.582,0.0
2024-02-08 16:00:00,9.034,65.591,3.234,5.44
2024-03-04 00:00:00,9.446,55.657,4.082,0.0
2024-05-21 22:00:00,27.203,46.746,3.828,191.71
2024-08-20 13:00:00,18.641,64.561,2.889,360.24
2024-09-09 16:00:00,16.278,63.693,2.324,438.44
2024-10-15 18:00:00,8.77,68.31,2.618,604.9
2024-06-14 11:00:00,19.139,54.122,3.886,564.65
2024-01-01 21:00:00,3.723,63.884,4.271,668.24
2024-11-19 17:00:00,6.468,72.951,4.799,524.68
2024-04-20 17:00:00,22.535,48.859,2.7,490.75
2024-12-25 23:00:00,1.789,75.018,3.01,426.55
2024-08-12 17:00:00,22.317,42.811,4.402,310.82
2024-07-12 08:00:00,20.557,63.235,1.201,41.6
2024-10-28 12:00:00,1.992,78.503,2.59,0.0
2024-05-04 02:00:00,21.372,47.557,4.68,0.0
2024-10-15 10:00:00,4.028,73.981,4.824,15.31
2024-05-23 09:00:00,17.735,64.688,6.051,35.25
2024-05-05 19:00:00,25.397,44.824,5.523,28.44
2024-02-18 06:00:00,4.199,87.647,2.731,0.0
2024-09-24 23:00:00,8.981,67.438,4.312,0.0
2024-02-18 07:00:00,1.448,87.682,2.227,0.0
2024-05-20 02:00:00,19.18,56.282,3.297,0.0
2024-12-08 05:00:00,-4.384,93.921,5.551,0.0
2024-12-16 04:00:00,0.448,77.814,2.629,0.0
2024-03-10 06:00:00,2.661,77.592,1.802,36.06
2024-10-08 20:00:00,8.224,58.405,3.999,35.58
2024-03-28 21:00:00,18.597,57.312,4.353,168.91
2024-04-26 15:00:00,20.714,55.866,3.041,319.41
2024-09-04 18:00:00,17.346,44.834,3.77,475.94
2024-05-19 01:00:00,23.072,49.73,2.477,479.11
2024-05-25 11:00:00,19.672,61.16,3.507,638.48
2024-05-28 03:00:00,22.037,55.045,2.775,566.62
2024-02-29 07:00:00,2.575,71.76,4.356,604.89
2024-11-08 15:00:00,4.048,72.321,,539.38
2024-05-03 01:00:00,24.018,60.435,4.098,470.79
2024-06-27 07:00:00,20.685,62.461,2.577,285.35
2024-12-11 07:00:00,-5.6,87.762,4.286,128.13
2024-01-17 18:00:00,4.865,64.496,1.879,24.71
2024-10-09 11:00:00,4.729,,4.368,0.0
2024-09-10 05:00:00,9.309,66.981,2.165,14.88
2024-05-06 07:00:00,15.635,64.689,4.301,0.0
2024-12-03 06:00:00,-2.95,91.886,2.26,0.0
2024-10-25 18:00:00,7.54,68.958,1.995,0.0
2024-12-31 11:00:00,0.261,87.673,3.405,0.0
2024-09-26 19:00:00,15.427,53.08,2.841,19.29
2024-06-03 17:00:00,22.523,47.91,2.034,23.85
2024-04-20 04:00:00,14.143,61.042,2.368,0.0
2024-05-29 21:00:00,28.883,52.763,2.053,14.03
2024-10-25 20:00:00,8.643,63.787,2.407,0.0
2024-09-27 16:00:00,14.045,64.32,2.931,0.0
2024-06-21 14:00:00,24.681,55.393,3.655,173.54
2024-02-08 12:00:00,4.368,73.35,2.563,299.71
2024-06-10 10:00:00,19.053,59.011,3.905,372.19
2024-04-15 12:00:00,16.193,66.136,2.899,537.13
2024-06-18 17:00:00,26.565,45.239,1.808,547.96
2024-04-23 07:00:00,14.988,69.478,0.02,713.12
2024-05-03 15:00:00,20.253,58.522,3.855,546.89
2024-09-15 14:00:00,12.004,69.501,1.93,596.92
2024-07-22 11:00:00,20.17,64.164,5.572,514.26
2024-04-13 10:00:00,16.94,67.03,2.77,258.48
2024-08-07 18:00:00,22.743,56.652,4.288,188.89
2024-12-25 03:00:00,1.886,80.942,1.605,21.24
2024-01-01 07:00:00,-2.217,85.7,2.838,0.0
2024-06-24 04:00:00,22.159,52.2,0.944,0.0
2024-02-08 22:00:00,8.473,70.181,1.288,0.0
2024-12-24 05:00:00,-0.893,76.887,2.34,11.92
2024-07-20 10:00:00,15.453,51.606,4.577,17.17
2024-09-16 01:00:00,11.398,62.153,1.584,1.79
2024-09-03 22:00:00,19.838,48.98,5.139,0.0
2024-10-27 15:00:00,6.667,74.42,3.513,1.69
2024-03-17 02:00:00,9.418,64.961,1.122,24.23
2024-05-10 02:00:00,22.117,55.632,2.618,0.0
2024-06-15 00:00:00,26.405,45.066,4.067,24.57
2024-09-19 14:00:00,13.623,56.211,4.741,0.0
2024-09-25 05:00:00,7.326,77.475,2.928,141.23
2024-02-03 13:00:00,1.868,80.939,0.17,296.19
2024-12-09 07:00:00,-5.432,90.38,5.076,379.78
2024-02-01 02:00:00,3.511,79.268,2.593,588.88
2024-03-12 16:00:00,13.276,63.149,2.782,558.47
2024-08-17 22:00:00,19.602,56.013,3.608,511.0
2024-01-22 18:00:00,4.184,74.002,4.623,619.25
2024-04-02 13:00:00,12.462,62.894,1.847,485.64
2024-06-07 00:00:00,26.197,52.569,1.055,322.25
2024-08-18 14:00:00,17.904,59.545,3.526,309.52
2024-01-21 07:00:00,-4.008,90.588,4.396,117.78
2024-12-14 12:00:00,-0.38,84.302,4.521,40.0
2024-12-23 16:00:00,1.553,70.58,2.385,16.02
2024-02-17 01:00:00,7.346,73.964,4.545,14.39
2024-06-26 19:00:00,24.191,48.693,1.461,0.0
2024-12-05 02:00:00,-2.576,83.106,1.963,0.0
2024-01-09 05:00:00,-1.83,90.231,2.886,0.0
2024-12-10 01:00:00,1.584,78.445,3.555,21.72
2024-06-07 07:00:00,18.042,64.511,2.32,19.5
2024-06-14 17:00:00,29.385,49.851,4.462,47.9
2024-07-07 02:00:00,23.124,46.368,4.198,0.0
2024-12-12 15:00:00,0.229,86.614,3.777,4.72
2024-01-24 04:00:00,-0.735,77.584,5.794,0.0
2024-06-28 12:00:00,21.51,55.975,4.213,0.0
2024-11-10 08:00:00,0.477,83.661,2.107,138.39
2024-12-08 13:00:00,0.91,75.336,4.508,292.78
2024-10-07 01:00:00,11.233,67.358,2.862,402.44
2024-09-19 12:00:00,9.498,59.468,3.464,585.45
2024-12-09 17:00:00,4.215,67.716,3.858,508.49
2024-08-21 11:00:00,16.572,61.256,2.219,662.16
2024-07-27 01:00:00,23.61,48.824,3.424,442.96
2024-11-20 00:00:00,5.312,77.623,5.99,490.37
2024-06-20 16:00:00,24.905,39.488,1.564,437.93
2024-09-17 16:00:00,16.811,58.995,4.141,334.66
2024-12-23 01:00:00,-2.033,77.022,2.228,133.9
2024-11-15 07:00:00,-0.702,84.936,2.985,0.0
2024-07-24 06:00:00,17.645,57.042,1.503,12.42
2024-04-13 08:00:00,11.727,68.243,5.081,2.8
2024-03-30 05:00:00,11.319,63.741,3.181,4.8
2024-06-01 17:00:00,23.977,44.636,1.844,0.0
2024-10-18 17:00:00,5.793,65.492,2.176,24.03
2024-04-30 08:00:00,15.091,57.97,3.063,14.55
2024-03-19 16:00:00,12.941,57.767,1.871,0.0
2024-07-24 15:00:00,23.93,44.424,4.886,35.92
2024-06-21 07:00:00,19.432,53.394,3.182,0.0
2024-11-09 21:00:00,5.773,68.297,1.369,3.08
2024-03-15 05:00:00,7.99,66.181,1.817,9.45
2024-08-15 12:00:00,16.649,63.36,2.996,0.0
2024-02-17 06:00:00,1.815,79.031,2.972,146.12
2024-01-05 15:00:00,1.454,85.529,4.35,259.75
2024-07-02 13:00:00,24.201,52.375,4.668,333.4
2024-03-25 07:00:00,6.812,71.39,3.732,364.48
2024-01-23 00:00:00,4.493,77.78,4.672,525.35
2024-02-05 12:00:00,0.608,79.001,0.994,517.34
2024-11-10 15:00:00,7.059,63.696,1.568,696.23
2024-11-05 15:00:00,1.719,78.976,3.012,500.48
2024-04-04 12:00:00,12.157,66.718,1.427,457.97
2024-03-24 04:00:00,10.778,62.982,3.408,271.7
2024-02-04 20:00:00,10.397,68.942,2.04,170.18
2024-07-02 15:00:00,24.055,45.216,4.187,0.0
2024-05-21 19:00:00,26.196,42.431,3.664,0.0
2024-06-22 01:00:00,23.677,50.83,1.594,0.0
2024-09-05 08:00:00,9.301,71.438,3.112,0.0
2024-03-08 01:00:00,10.12,64.569,4.845,0.0
2024-07-30 19:00:00,23.106,46.978,1.543,0.0
2024-01-11 23:00:00,1.854,73.013,2.37,21.6
2024-01-22 21:00:00,2.527,74.011,3.347,0.0
2024-12-28 13:00:00,-1.941,79.175,3.892,0.0
2024-08-13 13:00:00,19.595,56.488,4.152,0.0
2024-03-16 13:00:00,11.753,71.64,1.613,16.97
2024-05-03 14:00:00,20.879,57.279,3.768,0.0
2024-12-19 19:00:00,2.116,69.227,1.056,25.2
2024-06-25 23:00:00,30.723,42.126,1.747,186.98
2024-02-02 14:00:00,4.001,71.909,1.593,330.62
2024-08-03 12:00:00,17.866,52.518,1.266,451.3
2024-10-19 15:00:00,7.079,68.021,1.831,429.06
2024-12-25 02:00:00,1.318,85.384,2.588,612.73
2024-03-12 04:00:00,8.114,66.708,3.347,633.22
2024-06-14 03:00:00,24.3,48.947,3.985,417.34
2024-12-14 15:00:00,1.765,84.557,4.545,497.66
2024-11-24 04:00:00,-1.994,76.774,3.864,475.06
2024-05-13 03:00:00,17.197,63.998,1.811,324.69
2024-12-25 00:00:00,-0.626,78.428,3.155,150.66
2024-12-09 13:00:00,-3.296,83.744,4.317,1.31
2024-10-23 02:00:00,1.802,77.503,1.137,0.0
2024-10-02 22:00:00,13.358,61.138,2.378,39.07
2024-09-17 12:00:00,15.058,68.786,3.917,55.7
2024-01-23 10:00:00,0.373,84.783,3.627,0.0
2024-06-30 05:00:00,19.957,55.907,3.617,29.97
2024-05-08 05:00:00,19.131,55.391,3.919,12.9
2024-01-17 09:00:00,0.824,83.855,1.277,3.8
2024-06-19 18:00:00,27.226,38.965,3.008,0.0
2024-06-04 05:00:00,21.809,58.379,1.89,0.0
2024-05-21 23:00:00,25.566,50.497,4.457,0.0
2024-04-19 13:00:00,16.027,60.658,3.996,0.0
2024-10-12 18:00:00,9.628,61.793,2.989,50.8
2024-07-15 15:00:00,24.077,51.531,1.991,144.65
2024-07-03 02:00:00,23.034,47.975,4.946,262.57
2024-06-08 23:00:00,26.046,44.445,2.163,448.32
2024-06-01 08:00:00,19.426,59.912,1.04,556.89
2024-01-20 20:00:00,6.733,62.179,2.821,606.67
2024-05-12 17:00:00,26.715,36.649,1.21,578.49
2024-01-25 23:00:00,5.769,67.495,4.869,690.42
2024-10-19 13:00:00,2.024,78.658,1.553,556.17
2024-07-07 18:00:00,27.211,46.497,4.755,405.13
2024-08-07 15:00:00,25.71,56.683,2.408,308.64
2024-11-23 02:00:00,4.764,81.303,4.894,86.97
2024-05-19 09:00:00,21.373,57.751,3.062,0.0
2024-03-31 03:00:00,15.276,67.42,2.553,30.02
2024-11-30 15:00:00,4.358,75.347,2.187,5.38
2024-08-08 14:00:00,22.243,52.937,4.367,5.23
2024-01-09 03:00:00,0.38,80.275,4.658,42.72
2024-11-23 01:00:00,1.607,74.039,3.825,35.5
2024-05-07 03:00:00,18.513,56.116,4.404,6.33
2024-09-16 16:00:00,14.185,57.602,2.843,0.0
2024-09-29 11:00:00,5.173,75.169,2.419,0.0
2024-09-20 05:00:00,7.91,65.363,3.468,45.54
2024-03-23 18:00:00,17.389,62.247,3.111,1.4
2024-01-15 15:00:00,4.895,74.298,2.18,17.73
2024-03-06 21:00:00,15.067,63.436,4.552,0.0
2024-07-25 05:00:00,19.752,53.158,4.241,105.3
2024-06-23 16:00:00,28.286,49.175,1.656,280.56
2024-09-09 08:00:00,10.088,70.436,0.182,444.61
2024-05-22 13:00:00,21.435,56.845,4.664,566.49
2024-09-25 18:00:00,13.633,63.173,3.629,659.54
2024-03-14 11:00:00,5.051,75.817,1.053,535.4
2024-06-10 15:00:00,24.53,46.787,3.739,483.56
2024-03-08 17:00:00,14.311,63.194,4.206,605.88
2024-09-08 05:00:00,10.272,64.349,1.977,521.24
2024-12-18 13:00:00,-4.926,80.435,2.519,299.83
2024-11-22 10:00:00,-1.822,85.881,4.082,169.13
2024-11-19 02:00:00,1.637,69.116,,0.0
2024-11-22 20:00:00,8.117,76.19,3.381,24.39
2024-03-26 05:00:00,12.427,66.729,4.764,14.94
2024-05-17 17:00:00,26.826,38.654,2.292,18.91
2024-09-30 12:00:00,7.601,65.664,1.442,0.0
2024-05-11 23:00:00,24.476,37.429,1.967,17.18
2024-11-25 20:00:00,4.495,77.1,3.307,0.0
2024-01-31 11:00:00,-1.553,76.474,3.258,13.52
2024-02-20 00:00:00,8.481,63.409,1.697,0.0
2024-09-09 10:00:00,15.245,75.02,1.992,11.48
2024-06-06 01:00:00,23.729,50.74,4.056,0.0
2024-01-19 00:00:00,3.106,78.838,2.794,1.2
2024-04-22 12:00:00,17.152,58.559,1.227,0.0
2024-03-02 07:00:00,3.38,71.894,4.785,214.77
2024-07-20 20:00:00,28.457,45.822,3.806,295.75
2024-09-27 06:00:00,6.376,73.355,2.941,401.18
2024-07-15 03:00:00,20.934,56.558,1.941,516.46
2024-09-22 17:00:00,14.222,58.202,3.108,644.14
2024-09-18 17:00:00,15.266,61.816,5.147,585.31
2024-11-17 16:00:00,3.438,75.943,4.555,664.79
2024-02-22 16:00:00,8.926,69.554,,592.34
2024-09-11 10:00:00,14.289,67.236,1.771,495.82
2024-04-16 12:00:00,10.634,61.963,5.075,207.79
2024-01-26 05:00:00,2.933,85.911,5.51,192.54
2024-11-13 16:00:00,9.101,74.274,2.07,12.99
2024-11-17 08:00:00,-2.697,88.124,3.618,0.0
2024-08-14 19:00:00,21.775,47.73,3.523,0.0
2024-12-16 07:00:00,-6.921,88.845,1.648,1.21
2024-10-03 08:00:00,4.328,73.37,0.964,8.18
2024-05-26 03:00:00,21.824,48.143,5.183,12.62
2024-05-19 22:00:00,26.594,46.66,2.417,0.0
2024-09-20 03:00:00,11.944,62.312,3.62,0.0
2024-03-26 09:00:00,9.653,70.178,3.571,29.33
2024-12-15 19:00:00,5.501,71.016,3.531,6.23
2024-09-27 19:00:00,13.47,62.325,0.783,13.88
2024-01-28 12:00:00,-0.396,86.441,4.551,37.99
2024-10-06 00:00:00,12.234,64.178,3.432,8.74
2024-08-12 11:00:00,13.669,67.468,5.227,150.46
2024-02-22 09:00:00,3.512,78.584,1.018,274.6
2024-01-27 20:00:00,6.066,60.948,4.846,500.69
2024-09-10 11:00:00,11.162,74.621,2.458,580.47
2024-07-15 05:00:00,19.942,56.786,2.781,537.0
2024-08-09 03:00:00,17.136,56.355,4.872,619.1
2024-10-10 01:00:00,7.602,69.439,4.13,582.44
2024-01-01 05:00:00,-2.984,82.484,2.573,601.57
2024-09-28 06:00:00,9.374,65.794,3.255,381.28
2024-07-03 14:00:00,20.459,48.192,4.359,324.7
2024-03-03 22:00:00,9.947,62.812,3.871,156.71
2024-12-23 20:00:00,2.773,72.982,1.108,12.93
2024-02-14 23:00:00,9.558,63.551,4.678,12.78
2024-05-23 03:00:00,23.269,54.2,4.009,14.54
2024-03-07 01:00:00,11.62,73.318,5.426,42.89
2024-08-27 13:00:00,13.74,65.066,2.728,11.57
2024-07-06 14:00:00,20.654,55.356,3.099,21.8
2024-08-17 13:00:00,17.078,57.994,2.923,9.5
2024-11-06 05:00:00,2.982,84.229,1.675,0.0
2024-03-01 14:00:00,9.163,63.796,3.312,0.0
2024-01-04 21:00:00,3.685,66.861,3.247,0.0
2024-04-05 08:00:00,10.188,64.46,1.342,1.32
2024-02-15 18:00:00,10.484,61.562,4.18,20.74
2024-03-23 09:00:00,10.461,73.687,4.224,0.0
2024-04-25 01:00:00,18.557,59.402,0.627,185.54
2024-09-07 10:00:00,10.79,71.648,1.961,313.66
2024-07-02 16:00:00,26.686,44.288,4.137,485.33
2024-06-29 16:00:00,22.841,47.47,3.286,548.84
2024-11-14 07:00:00,-5.071,88.757,1.89,687.28
2024-07-19 00:00:00,25.373,50.805,3.722,678.7
2024-03-18 01:00:00,13.391,57.331,1.673,589.02
2024-11-17 07:00:00,-4.515,83.012,4.802,640.61
2024-09-14 05:00:00,7.723,67.489,1.328,450.27
2024-07-31 18:00:00,22.642,49.606,1.293,289.46
2024-05-08 08:00:00,19.125,61.104,3.513,189.27
2024-10-13 06:00:00,4.36,77.627,4.222,28.98
2024-10-10 19:00:00,8.942,70.094,5.659,0.0
2024-12-13 18:00:00,2.845,71.239,3.424,15.49
2024-08-09 15:00:00,21.712,51.605,3.263,15.09
2024-12-07 04:00:00,-0.527,84.99,2.441,0.0
2024-10-27 13:00:00,2.849,75.169,3.432,30.06
2024-03-07 17:00:00,14.64,62.131,4.377,0.0
2024-10-29 04:00:00,4.197,80.529,2.277,13.04
2024-06-16 01:00:00,26.156,46.584,4.191,0.0
2024-11-08 16:00:00,3.632,73.566,2.129,7.92
2024-07-04 20:00:00,29.755,42.469,3.355,11.07
2024-06-03 00:00:00,24.504,45.636,0.914,0.0
2024-08-14 23:00:00,24.896,49.929,3.096,14.3
2024-11-21 04:00:00,-0.946,88.233,,157.04
2024-06-04 06:00:00,21.019,54.32,1.752,288.87
2024-07-25 14:00:00,21.706,49.824,4.593,410.14
2024-02-13 04:00:00,0.824,78.893,2.97,596.11
2024-07-26 03:00:00,20.497,51.609,4.552,697.59
2024-05-01 01:00:00,22.326,58.233,3.031,604.88
2024-07-11 02:00:00,23.291,52.479,1.743,601.99
2024-03-03 14:00:00,7.065,68.953,3.295,619.96
2024-01-22 11:00:00,0.444,79.014,4.086,466.96
2024-09-20 08:00:00,9.91,75.792,3.938,366.89
2024-11-29 07:00:00,0.563,89.352,1.868,121.78
2024-09-06 16:00:00,14.765,62.644,1.961,1.07
2024-10-22 00:00:00,8.074,68.307,1.31,0.0
2024-12-21 18:00:00,4.071,71.013,0.819,48.04
2024-01-12 22:00:00,4.139,75.578,3.399,0.0
2024-10-07 12:00:00,6.508,71.789,2.802,0.0
2024-11-15 14:00:00,3.318,76.785,2.893,0.0
2024-01-03 15:00:00,-0.759,77.966,5.989,14.92
2024-07-02 05:00:00,19.148,51.529,5.094,0.0
2024-04-16 06:00:00,11.06,59.505,4.603,0.0
2024-05-03 10:00:00,15.828,63.298,4.382,8.07
2024-07-25 18:00:00,25.041,36.313,2.962,0.0
2024-05-23 01:00:00,23.563,49.26,4.411,0.0
2024-06-04 08:00:00,17.429,57.097,1.115,0.0
2024-07-10 16:00:00,24.854,40.629,2.141,177.3
2024-02-03 15:00:00,3.634,72.357,0.0,318.13
2024-03-13 02:00:00,10.155,67.465,2.246,505.4
2024-03-02 14:00:00,6.743,71.938,4.229,430.77
2024-04-03 20:00:00,16.252,52.965,0.834,695.56
2024-02-09 20:00:00,8.992,63.275,3.489,610.39
2024-07-12 06:00:00,15.996,55.568,2.161,421.53
2024-12-06 01:00:00,2.903,78.827,2.623,625.37
2024-12-14 18:00:00,2.809,77.027,4.942,481.49
2024-05-28 19:00:00,29.356,45.628,2.997,352.78
2024-02-02 03:00:00,1.269,85.959,1.504,153.32
2024-12-11 10:00:00,-3.517,85.848,4.966,40.04
2024-03-03 11:00:00,6.776,75.917,4.886,1.97
2024-11-16 12:00:00,2.544,91.38,2.292,0.0
2024-01-27 07:00:00,1.398,81.02,3.039,0.0
2024-10-14 09:00:00,1.01,81.277,3.956,6.37
2024-04-03 21:00:00,18.706,55.424,1.384,9.83
2024-03-12 15:00:00,10.604,65.287,2.83,2.95
2024-04-06 07:00:00,14.829,70.866,0.984,0.0
2024-12-03 01:00:00,0.536,82.795,3.79,0.0
2024-10-10 04:00:00,8.43,74.239,5.353,0.0
2024-10-03 00:00:00,9.858,64.112,0.83,0.0
2024-10-29 22:00:00,4.668,69.219,3.611,0.0
2024-12-20 03:00:00,0.883,76.431,1.428,4.87
2024-08-07 02:00:00,17.088,60.154,2.79,156.44
2024-11-23 12:00:00,2.857,89.004,3.754,362.07
2024-10-02 23:00:00,11.994,62.875,2.856,436.71
2024-01-23 02:00:00,3.175,76.949,3.733,478.31
2024-07-28 07:00:00,14.685,57.254,3.057,634.11
2024-12-31 01:00:00,-1.03,72.818,3.264,673.78
2024-02-05 08:00:00,-1.393,82.113,2.947,552.22
2024-07-01 14:00:00,22.555,52.904,4.065,487.54
2024-09-04 22:00:00,18.674,54.557,3.904,379.11
2024-04-21 04:00:00,17.275,53.898,2.009,379.97
2024-01-28 08:00:00,-1.338,77.672,4.214,138.48
2024-10-10 17:00:00,8.139,69.945,3.704,0.0
2024-12-30 15:00:00,2.233,77.628,5.16,0.0
2024-07-12 18:00:00,26.108,39.141,1.533,32.61
2024-03-14 20:00:00,13.642,59.643,1.316,0.0
2024-03-25 10:00:00,12.808,67.786,3.88,0.0
2024-03-04 22:00:00,11.362,66.683,4.805,0.0
2024-05-18 19:00:00,23.279,47.403,1.447,0.0
2024-04-27 18:00:00,25.01,51.598,1.573,0.0
2024-02-14 21:00:00,8.293,67.664,5.122,21.16
2024-06-16 00:00:00,25.102,52.754,2.593,0.0
2024-04-27 08:00:00,16.169,56.449,1.623,0.0
2024-07-31 02:00:00,17.755,54.228,2.005,6.91
2024-03-20 18:00:00,12.222,60.157,1.011,0.0
2024-03-16 21:00:00,15.176,50.89,2.278,192.25
2024-08-10 01:00:00,17.436,51.538,3.512,275.96
2024-11-27 12:00:00,-1.243,83.967,1.893,450.69
2024-09-23 09:00:00,6.011,75.915,4.206,598.45
2024-07-14 12:00:00,22.64,53.933,1.963,598.32
2024-11-14 17:00:00,3.006,74.255,1.26,719.46
2024-10-02 12:00:00,5.029,79.061,1.448,558.85
2024-07-10 23:00:00,26.952,45.961,1.833,567.08
2024-07-04 11:00:00,19.891,59.596,4.496,471.35
2024-06-30 12:00:00,22.204,54.39,4.961,351.73
2024-02-22 00:00:00,9.042,69.741,3.037,187.47
2024-12-03 22:00:00,2.168,77.369,2.684,27.44
2024-06-17 19:00:00,28.181,37.966,3.03,0.0
2024-02-24 10:00:00,,76.431,2.159,0.0
2024-08-24 09:00:00,18.32,70.304,2.918,0.0
2024-04-13 23:00:00,21.11,49.399,4.875,0.0
2024-10-16 11:00:00,5.317,71.911,2.914,0.0
2024-05-28 21:00:00,27.343,43.547,3.76,5.6
2024-07-18 03:00:00,15.807,52.38,2.797,0.0
2024-02-24 09:00:00,1.513,85.01,1.028,0.0
2024-02-04 16:00:00,3.799,75.553,0.276,29.8
2024-01-08 07:00:00,-1.722,85.712,2.945,9.26
2024-04-02 05:00:00,,72.045,1.898,0.0
2024-09-28 22:00:00,12.9,60.423,1.214,32.22
2024-02-01 11:00:00,5.085,80.482,,169.17
2024-06-03 09:00:00,20.224,62.055,1.164,351.58
2024-07-22 08:00:00,19.932,62.166,4.052,406.07
2024-02-28 12:00:00,7.549,75.24,2.635,624.97
2024-01-04 03:00:00,0.855,74.297,5.564,588.7
2024-02-14 00:00:00,7.154,65.073,4.341,608.55
2024-08-08 12:00:00,15.169,57.439,3.809,672.02
2024-02-09 09:00:00,-1.415,83.81,2.904,558.55
2024-08-22 03:00:00,16.159,63.206,2.28,322.53
2024-07-18 00:00:00,24.517,48.003,2.045,302.43
2024-07-02 01:00:00,23.788,56.245,4.145,218.54
2024-08-02 22:00:00,23.887,35.313,,12.21
2024-04-07 03:00:00,14.495,64.454,2.595,0.23
2024-03-06 12:00:00,7.664,74.579,5.296,14.98
2024-10-25 22:00:00,10.885,70.536,2.361,14.52
2024-03-13 19:00:00,15.323,,1.769,18.43
2024-08-05 14:00:00,19.915,54.261,3.388,16.8
2024-11-16 23:00:00,6.476,71.631,4.113,36.42
2024-10-03 22:00:00,13.495,59.16,1.722,0.0
2024-07-26 12:00:00,17.521,57.062,3.154,21.05
2024-03-31 04:00:00,15.104,63.155,2.431,17.24
2024-03-16 09:00:00,8.922,77.101,1.561,2.95
2024-10-07 00:00:00,11.266,61.431,3.812,49.8
2024-06-11 21:00:00,26.417,42.547,4.024,0.95
2024-05-05 04:00:00,19.542,64.741,2.65,209.68
2024-11-16 11:00:00,-2.046,82.675,4.824,360.59
2024-06-16 02:00:00,24.022,60.036,3.838,377.28
2024-07-30 03:00:00,23.025,54.791,2.743,541.29
2024-06-18 09:00:00,18.994,53.251,4.15,615.79
2024-10-22 01:00:00,8.731,68.53,0.656,651.95
2024-11-22 14:00:00,0.753,83.761,4.252,590.21
2024-07-18 19:00:00,24.149,39.013,2.241,597.75
2024-06-24 02:00:00,22.186,46.737,2.935,494.54
2024-05-31 14:00:00,23.124,45.931,1.781,283.51
2024-11-25 21:00:00,4.03,64.011,3.907,88.98
2024-02-14 17:00:00,5.719,66.305,5.182,57.58
2024-10-01 14:00:00,9.049,61.418,1.053,0.0
2024-07-09 16:00:00,23.195,46.16,2.625,0.0
2024-08-05 01:00:00,21.467,46.907,2.33,0.0
2024-10-25 08:00:00,1.437,84.012,2.731,53.06
2024-12-21 22:00:00,2.242,70.786,1.563,0.0
2024-08-04 13:00:00,18.825,54.208,0.781,21.03
2024-07-09 09:00:00,19.475,62.34,3.262,5.98
2024-08-28 23:00:00,22.946,55.681,2.362,0.0
2024-03-22 07:00:00,10.821,59.281,3.924,25.99
2024-12-02 19:00:00,5.759,70.29,2.129,0.0
2024-01-07 08:00:00,-4.637,83.312,3.313,0.0
2024-10-18 07:00:00,4.033,75.114,2.307,7.62
2024-08-28 15:00:00,15.031,56.202,3.124,202.79
2024-11-03 04:00:00,0.825,76.88,4.775,290.61
2024-01-31 04:00:00,1.344,78.59,3.086,391.78
2024-01-15 14:00:00,1.764,72.402,1.567,518.17
2024-06-14 16:00:00,26.862,50.702,4.985,713.12
2024-06-27 12:00:00,20.491,50.163,2.469,699.5
2024-12-09 20:00:00,0.784,72.76,4.128,573.63
2024-09-07 11:00:00,12.335,68.431,2.858,654.91
2024-07-14 00:00:00,24.511,48.384,1.178,444.12
2024-12-05 20:00:00,4.662,70.813,2.275,369.63
2024-08-02 19:00:00,24.599,47.308,0.41,205.96
2024-05-24 18:00:00,24.969,39.488,4.057,0.0
2024-05-23 14:00:00,22.503,52.859,5.251,0.0
2024-07-15 09:00:00,19.619,64.322,2.168,0.0
2024-11-10 23:00:00,5.016,74.99,2.728,0.0
2024-03-18 07:00:00,6.516,73.132,2.253,12.49
2024-10-09 04:00:00,1.861,77.05,3.812,23.91
2024-03-07 08:00:00,6.123,80.171,3.551,4.05
2024-09-20 16:00:00,16.196,60.107,4.498,0.0
2024-08-22 10:00:00,14.597,66.327,0.879,0.0
2024-04-26 22:00:00,22.456,51.409,1.534,3.16
2024-08-25 03:00:00,12.733,62.897,1.566,0.0
2024-06-08 07:00:00,20.24,61.189,3.972,0.0
2024-02-11 00:00:00,6.692,72.94,3.643,0.0
2024-01-21 04:00:00,-1.559,88.896,4.551,174.77
2024-04-19 20:00:00,22.268,50.33,3.539,289.19
2024-05-20 22:00:00,26.256,42.299,4.993,368.08
2024-03-07 18:00:00,11.638,56.483,3.955,512.45
2024-01-19 17:00:00,2.512,71.825,1.063,724.41
2024-01-10 18:00:00,8.117,71.301,2.721,682.22
2024-11-07 23:00:00,6.626,71.454,1.866,512.77
2024-11-03 10:00:00,1.099,76.253,3.755,646.54
2024-03-07 16:00:00,11.008,62.988,4.433,394.07
2024-10-28 15:00:00,3.696,71.387,4.642,323.43
2024-04-14 02:00:00,18.429,57.509,5.007,85.8
2024-08-02 14:00:00,24.851,54.888,0.922,6.23
2024-03-07 20:00:00,12.468,67.575,3.29,35.19
2024-04-12 22:00:00,22.023,51.068,5.187,0.0
2024-10-04 11:00:00,6.546,76.36,0.847,0.0
2024-09-20 14:00:00,10.76,72.66,4.218,22.7
2024-04-16 21:00:00,20.508,51.557,3.815,0.0
2024-09-12 08:00:00,7.871,83.887,0.561,0.0
2024-04-20 13:00:00,18.924,64.546,2.345,18.35
2024-01-04 13:00:00,-1.527,76.092,3.356,15.06
2024-12-25 22:00:00,4.45,72.742,2.752,10.7
2024-03-15 14:00:00,7.593,61.837,0.93,0.0
2024-04-27 17:00:00,25.198,47.221,2.6,28.35
2024-12-10 23:00:00,5.008,70.005,4.86,25.34
2024-08-23 20:00:00,21.188,48.735,0.73,147.05
2024-08-17 20:00:00,23.277,49.612,3.105,195.62
2024-08-12 05:00:00,15.275,62.445,5.492,514.65
2024-03-08 09:00:00,4.322,75.49,4.619,502.21
2024-03-27 20:00:00,16.452,52.352,4.596,644.24
2024-02-15 22:00:00,12.594,65.797,5.013,704.03
2024-08-03 23:00:00,24.102,51.523,3.175,712.11
2024-08-16 05:00:00,15.679,62.153,3.958,503.92
2024-10-05 13:00:00,7.86,67.755,2.756,566.81
2024-02-18 13:00:00,9.252,79.903,3.662,271.68
2024-08-17 00:00:00,20.137,46.702,4.31,149.45
2024-02-27 00:00:00,8.765,64.718,2.821,15.95
2024-08-05 12:00:00,21.532,68.523,1.996,18.74
2024-06-09 01:00:00,23.571,49.878,3.107,0.0
2024-01-04 17:00:00,4.163,72.627,5.232,29.12
2024-01-04 10:00:00,-0.393,87.526,3.991,0.0
2024-07-04 04:00:00,18.129,52.136,3.687,0.0
2024-07-06 09:00:00,21.579,58.667,4.692,10.35
2024-09-25 12:00:00,10.072,69.315,3.665,0.0
2024-05-16 09:00:00,19.408,66.64,2.545,0.0
2024-02-15 04:00:00,4.058,78.805,3.886,0.0
2024-06-22 05:00:00,20.299,57.242,0.694,0.0
2024-03-18 16:00:00,15.935,60.065,2.879,0.0
2024-12-26 02:00:00,2.151,78.906,2.837,0.0
2024-03-04 06:00:00,3.429,83.558,4.539,140.87
2024-08-30 10:00:00,10.239,68.312,3.559,299.33
2024-11-30 06:00:00,-6.106,94.813,1.531,365.64
2024-02-07 13:00:00,2.317,80.963,2.243,670.97
2024-05-17 06:00:00,16.451,66.025,1.451,732.54
2024-02-26 03:00:00,8.019,68.71,1.452,627.46
2024-04-03 18:00:00,18.099,50.979,2.957,641.76
2024-06-30 03:00:00,19.912,57.191,4.68,428.37
2024-09-18 10:00:00,7.913,79.448,5.021,352.42
2024-06-02 16:00:00,27.771,47.926,1.624,366.96
2024-08-28 18:00:00,19.857,58.615,2.814,175.7
2024-03-17 06:00:00,9.191,73.43,0.687,0.94
2024-05-24 11:00:00,20.205,51.974,5.293,0.0
2024-01-05 12:00:00,-1.07,79.674,4.399,24.83
2024-10-02 11:00:00,8.14,71.517,2.361,0.0
2024-06-12 06:00:00,22.152,53.013,4.123,19.35
2024-11-09 22:00:00,5.213,65.897,1.493,0.0
2024-07-24 21:00:00,25.41,47.846,5.272,0.0
2024-11-17 14:00:00,1.209,75.032,3.38,17.71
2024-04-22 19:00:00,22.363,49.924,0.707,0.0
2024-12-13 02:00:00,-0.329,80.245,3.006,0.0
2024-08-08 17:00:00,24.056,56.844,2.906,0.0
2024-09-12 07:00:00,12.173,63.473,1.216,6.02
2024-05-24 06:00:00,19.614,59.436,4.618,9.96
2024-04-01 07:00:00,11.429,70.644,1.002,142.85
2024-08-03 00:00:00,23.104,46.769,1.918,366.11
2024-07-25 10:00:00,18.923,59.31,5.377,380.8
2024-09-17 03:00:00,12.947,69.645,2.734,636.25
2024-01-22 23:00:00,4.828,68.14,5.023,731.66
2024-10-30 21:00:00,6.241,65.416,4.646,661.76
2024-10-11 04:00:00,9.053,71.698,5.178,721.76
2024-05-09 13:00:00,16.699,54.581,2.77,556.98
2024-05-10 16:00:00,24.946,52.317,2.771,453.08
2024-05-05 21:00:00,23.57,44.349,4.826,380.79
2024-02-19 16:00:00,6.992,75.104,3.262,166.21
2024-10-03 15:00:00,9.996,63.361,1.995,23.4
2024-11-25 05:00:00,-3.865,79.901,2.158,6.13
2024-01-25 05:00:00,-1.314,76.827,4.909,10.8
2024-12-20 05:00:00,-3.639,86.866,0.404,63.77
2024-06-19 22:00:00,29.896,44.548,2.939,11.74
2024-01-28 07:00:00,-1.121,84.016,4.084,22.86
2024-12-09 04:00:00,-0.186,87.277,,0.0
2024-02-11 14:00:00,3.67,69.688,3.87,16.64
2024-10-30 09:00:00,2.737,83.555,4.421,18.29
2024-12-31 17:00:00,5.15,81.71,3.913,8.81
2024-07-07 11:00:00,24.351,49.806,3.456,22.17
2024-08-13 04:00:00,15.521,52.363,4.451,0.0
2024-10-04 06:00:00,4.391,76.286,2.045,2.45
2024-08-09 20:00:00,24.062,51.925,,180.8
2024-03-12 01:00:00,10.954,61.894,3.262,318.79
2024-12-04 21:00:00,7.547,72.361,4.025,357.93
2024-05-04 11:00:00,17.733,63.073,4.454,586.29
2024-12-15 20:00:00,5.691,64.571,3.692,528.87
2024-07-20 04:00:00,22.02,51.833,3.518,542.22
2024-09-28 20:00:00,16.062,47.065,1.342,742.59
2024-12-02 04:00:00,-1.443,83.637,1.486,490.09
2024-03-18 11:00:00,9.227,70.34,2.196,442.4
2024-11-30 23:00:00,7.505,71.372,2.908,337.14
2024-03-05 18:00:00,11.992,59.791,3.51,168.03
2024-05-12 14:00:00,19.505,53.447,2.635,0.0
2024-10-01 07:00:00,2.796,72.172,2.603,7.82
2024-08-31 22:00:00,16.735,50.715,3.815,0.0
2024-07-03 07:00:00,21.504,58.26,4.814,11.27
2024-05-05 00:00:00,19.106,45.78,3.316,0.0
2024-03-28 08:00:00,10.854,67.538,4.68,0.0
2024-06-24 23:00:00,28.91,42.994,2.644,0.0
2024-06-15 16:00:00,24.414,44.565,3.455,0.0
2024-01-02 19:00:00,3.633,73.227,3.232,0.0
2024-11-07 12:00:00,-3.074,86.681,1.133,13.01
2024-04-05 13:00:00,12.773,58.759,2.701,14.5
2024-10-07 17:00:00,11.669,60.346,2.855,26.47
2024-10-26 16:00:00,6.633,73.178,2.323,23.69
2024-08-25 10:00:00,13.259,61.073,2.502,178.25
2024-04-16 00:00:00,23.747,51.089,3.848,411.98
2024-07-28 00:00:00,19.639,49.66,2.68,381.97
2024-07-01 18:00:00,25.984,39.506,4.38,654.47
2024-01-20 14:00:00,1.2,78.758,3.743,696.92
2024-03-05 12:00:00,8.315,80.412,4.431,759.11
2024-08-06 11:00:00,18.519,57.355,2.216,691.95
2024-09-03 07:00:00,11.144,60.827,5.311,633.27
2024-08-15 18:00:00,22.708,59.049,2.901,502.16
2024-06-02 10:00:00,20.332,56.425,2.115,291.82
2024-06-16 13:00:00,20.383,45.074,2.904,103.78
2024-09-20 22:00:00,14.948,55.826,5.107,32.2
2024-05-30 05:00:00,19.026,56.169,2.919,33.35
2024-03-10 21:00:00,16.547,55.883,2.792,0.0
2024-02-05 13:00:00,4.86,83.364,1.459,0.0
2024-12-15 11:00:00,-2.137,88.892,2.753,0.0
2024-12-30 06:00:00,-3.004,86.467,4.147,0.0
2024-03-28 22:00:00,16.132,54.668,3.907,12.02
2024-06-05 19:00:00,28.986,43.392,1.539,0.0
2024-02-06 00:00:00,4.804,72.377,3.195,34.49
2024-07-14 10:00:00,19.314,52.248,0.377,2.23
2024-04-30 17:00:00,25.716,48.467,2.68,0.0
2024-05-08 17:00:00,24.051,44.693,4.743,0.0
2024-11-25 06:00:00,-1.775,83.617,3.069,26.56
2024-08-13 02:00:00,20.015,57.948,4.591,171.5
2024-01-29 20:00:00,4.821,69.628,3.65,350.72
2024-10-21 01:00:00,6.617,67.478,1.951,446.04
2024-01-10 13:00:00,0.982,81.673,4.517,654.98
2024-10-25 23:00:00,8.422,65.485,2.903,560.07
2024-12-24 08:00:00,-4.643,81.47,2.662,723.16
2024-08-12 22:00:00,19.277,48.306,4.458,748.93
2024-08-26 22:00:00,19.154,57.508,3.629,602.44
2024-06-15 19:00:00,28.682,34.175,4.931,487.76
2024-10-29 21:00:00,6.657,64.982,3.167,325.35
2024-08-26 17:00:00,19.457,51.419,2.829,195.24
2024-01-20 21:00:00,6.119,76.129,1.51,0.0
2024-11-05 02:00:00,3.209,72.729,4.417,33.73
2024-09-29 04:00:00,10.616,77.738,1.596,0.0
2024-09-30 03:00:00,6.079,69.142,1.426,1.19
2024-08-11 04:00:00,14.446,59.161,3.981,0.0
2024-07-05 20:00:00,27.501,41.77,5.282,0.0
2024-09-03 01:00:00,15.501,56.776,3.9,0.0
2024-03-08 04:00:00,9.128,70.196,3.622,0.0
2024-12-15 09:00:00,-6.463,88.907,1.956,5.01
2024-01-27 19:00:00,3.667,66.687,5.11,0.0
2024-04-03 16:00:00,16.524,50.749,1.742,6.92
2024-01-04 20:00:00,3.147,70.383,4.125,4.81
2024-09-08 18:00:00,21.585,57.17,1.729,16.1
2024-12-18 21:00:00,2.846,73.64,1.143,133.46
2024-03-04 10:00:00,4.865,76.066,3.277,350.08
2024-01-26 11:00:00,-0.545,85.485,5.51,485.59
2024-01-07 15:00:00,2.804,78.585,4.814,723.66
2024-02-08 14:00:00,3.21,70.542,1.358,600.83
2024-06-08 08:00:00,18.569,50.076,1.193,715.29
2024-11-11 19:00:00,3.737,59.53,0.666,533.09
2024-07-18 15:00:00,22.876,49.151,3.925,636.71
2024-10-09 00:00:00,12.824,54.759,4.502,428.7
2024-06-27 20:00:00,25.222,43.738,3.132,293.37
2024-12-10 19:00:00,4.68,68.772,5.702,182.08
2024-10-09 12:00:00,8.016,81.884,3.701,0.0
2024-07-31 22:00:00,23.631,48.639,0.975,0.0
2024-10-15 21:00:00,10.56,60.39,3.597,4.34
2024-01-03 04:00:00,-2.859,81.367,3.641,0.0
2024-11-26 22:00:00,1.774,70.269,2.733,6.03
2024-06-27 11:00:00,22.817,57.914,3.437,57.05
2024-07-27 05:00:00,24.329,55.739,3.165,0.0
2024-06-02 01:00:00,25.986,47.353,1.027,9.62
2024-04-02 07:00:00,11.278,68.259,1.171,24.42
2024-07-21 03:00:00,25.805,55.759,5.324,0.0
2024-03-02 13:00:00,8.061,75.224,3.701,0.0
2024-07-11 08:00:00,21.232,54.833,1.92,0.0
2024-08-12 13:00:00,14.264,65.65,3.926,5.35
2024-12-05 06:00:00,-5.733,83.421,2.232,171.66
2024-10-30 15:00:00,7.058,67.204,4.373,332.56
2024-04-01 06:00:00,8.121,64.978,3.152,456.58
2024-01-07 11:00:00,-3.527,84.31,2.679,676.99
2024-12-27 10:00:00,-3.959,87.682,2.883,803.57
2024-01-21 08:00:00,0.839,81.743,3.153,781.4
2024-01-08 15:00:00,2.557,78.3,3.741,768.97
2024-08-11 09:00:00,15.725,55.772,4.832,628.61
2024-06-02 09:00:00,18.903,57.229,1.816,413.67
2024-02-01 15:00:00,5.471,71.685,2.604,325.61
2024-07-23 02:00:00,23.239,49.676,4.17,163.88
2024-04-11 17:00:00,21.752,42.728,5.615,5.54
2024-12-10 11:00:00,-4.614,80.671,3.832,0.0
2024-05-11 22:00:00,24.126,51.464,3.002,5.48
2024-10-01 17:00:00,11.146,67.144,1.038,14.63
2024-11-09 06:00:00,-5.045,79.948,1.335,0.0
2024-05-08 18:00:00,21.155,45.442,2.864,0.0
2024-06-30 21:00:00,31.435,40.697,4.447,0.0
2024-02-03 16:00:00,7.72,76.684,0.188,0.0
2024-01-17 00:00:00,2.025,75.352,1.531,4.43
2024-11-07 20:00:00,6.36,67.103,2.086,14.64
2024-01-23 01:00:00,1.433,75.052,3.309,6.59
2024-06-23 00:00:00,25.958,50.393,0.71,0.0
2024-01-21 13:00:00,-0.783,81.408,2.957,0.0
2024-03-12 21:00:00,16.171,54.808,2.253,174.19
2024-07-06 00:00:00,27.091,51.985,3.482,383.96
2024-05-26 18:00:00,24.695,47.088,3.222,485.27
2024-04-26 05:00:00,16.635,61.823,3.497,576.13
2024-04-10 14:00:00,18.076,61.63,2.861,676.07
2024-07-30 20:00:00,26.888,48.208,1.819,747.03
2024-10-29 14:00:00,4.991,70.997,3.098,677.52
2024-06-25 19:00:00,29.063,42.2,1.487,653.41
2024-07-18 05:00:00,20.257,54.82,3.379,531.82
2024-02-27 02:00:00,7.252,70.854,3.149,347.04
2024-12-19 10:00:00,-0.021,91.409,2.187,205.18
2024-11-21 21:00:00,6.743,68.926,4.079,14.21
2024-03-22 11:00:00,12.059,64.321,5.25,0.0
2024-09-20 20:00:00,14.892,55.985,3.974,0.0
2024-12-02 22:00:00,0.387,68.557,1.677,0.0
2024-07-22 12:00:00,21.281,56.453,4.317,36.31
2024-12-04 03:00:00,-0.938,87.514,4.564,0.0
2024-02-11 11:00:00,1.364,81.258,4.173,0.0
2024-01-30 20:00:00,7.106,67.304,4.404,19.15
2024-02-04 19:00:00,7.892,65.173,1.473,0.0
2024-05-25 19:00:00,26.106,46.744,4.107,9.63
2024-02-24 00:00:00,10.648,74.653,1.515,0.0
2024-06-05 21:00:00,27.536,47.356,0.087,0.0
2024-04-15 13:00:00,14.504,62.202,3.794,0.0
2024-11-11 14:00:00,1.123,78.029,2.881,205.62
2024-08-24 06:00:00,18.131,62.882,2.534,212.11
2024-09-30 19:00:00,11.126,58.592,1.471,531.33
2024-10-17 06:00:00,1.841,83.299,2.976,641.02
2024-09-27 02:00:00,8.656,68.848,3.703,602.82
2024-01-12 18:00:00,7.267,68.3,1.466,753.13
2024-11-24 12:00:00,-0.672,83.001,2.198,693.67
2024-09-29 05:00:00,9.274,72.368,0.677,620.22
2024-05-25 09:00:00,16.145,54.369,3.812,494.67
2024-04-15 20:00:00,19.916,52.347,5.428,328.55
2024-03-09 03:00:00,7.979,69.932,3.556,175.95
2024-09-12 15:00:00,12.31,57.211,2.829,0.0
2024-02-12 20:00:00,9.968,67.462,3.639,0.0
2024-11-25 10:00:00,-2.321,83.921,2.487,0.0
2024-02-17 05:00:00,3.707,76.353,4.932,2.01
2024-12-27 04:00:00,-1.186,88.781,4.365,0.0
2024-10-20 13:00:00,3.773,73.578,2.302,0.0
2024-04-13 07:00:00,14.201,61.236,3.772,5.42
2024-03-31 01:00:00,15.738,64.947,2.913,2.08
2024-10-18 03:00:00,8.893,73.494,2.221,0.0
2024-06-24 07:00:00,14.958,55.418,1.171,10.4
2024-01-19 23:00:00,2.992,67.504,2.692,0.0
2024-01-07 16:00:00,0.833,71.314,4.247,0.0
2024-03-13 05:00:00,7.183,77.55,2.587,45.62
2024-11-18 03:00:00,1.045,82.722,5.203,201.4
2024-06-29 12:00:00,23.19,61.189,3.657,362.42
2024-07-23 20:00:00,27.944,41.719,4.589,461.11
2024-03-11 21:00:00,14.893,59.874,2.58,576.11
2024-08-21 13:00:00,17.016,57.497,0.226,638.32
2024-08-03 09:00:00,14.718,69.281,2.61,748.46
2024-12-26 10:00:00,-5.33,82.934,3.733,543.54
2024-05-24 09:00:00,16.526,58.168,3.489,698.13
2024-05-25 14:00:00,23.805,52.488,4.008,425.63
2024-06-08 17:00:00,24.043,46.867,3.291,338.58
2024-03-01 23:00:00,9.442,66.688,5.513,199.18
2024-02-12 04:00:00,6.599,77.715,4.643,29.14
2024-04-17 10:00:00,14.604,61.529,2.958,0.0
2024-04-24 07:00:00,15.941,65.803,0.558,0.0
2024-09-24 16:00:00,11.875,73.222,4.773,10.86
2024-03-04 07:00:00,8.21,72.946,4.775,0.0
2024-09-19 20:00:00,15.774,61.892,4.698,20.4
2024-01-13 05:00:00,-0.269,79.75,1.591,0.0
2024-01-12 08:00:00,-0.958,86.08,2.28,3.62
2024-11-18 16:00:00,4.337,75.526,4.237,13.52
2024-10-13 03:00:00,4.602,73.965,4.772,0.0
2024-02-18 03:00:00,6.678,67.056,1.935,19.4
2024-07-06 16:00:00,25.119,43.971,5.029,0.0
2024-06-22 15:00:00,24.578,41.838,0.753,43.43
2024-11-05 14:00:00,3.317,71.413,3.499,135.45
2024-10-01 12:00:00,5.854,72.887,2.194,314.21
2024-01-02 20:00:00,1.649,73.677,4.456,512.97
2024-05-21 11:00:00,17.187,59.055,4.473,556.28
2024-06-23 22:00:00,22.025,39.486,1.232,628.25
2024-03-30 13:00:00,10.063,64.912,2.564,795.1
2024-02-25 22:00:00,11.433,65.985,2.27,708.71
2024-12-01 00:00:00,2.192,81.348,0.689,644.73
2024-01-04 18:00:00,4.05,74.411,3.973,389.2
2024-11-02 14:00:00,1.535,71.805,4.229,337.28
2024-06-14 09:00:00,22.41,58.669,5.152,203.89
2024-10-08 00:00:00,8.245,62.377,4.492,4.09
2024-10-26 13:00:00,0.1,87.09,3.282,7.67
2024-06-03 16:00:00,26.039,50.26,1.847,8.05
2024-07-29 14:00:00,19.109,52.782,1.553,3.81
2024-07-25 11:00:00,16.469,50.933,3.648,0.0
2024-01-19 11:00:00,-1.398,81.161,3.836,0.0
2024-07-12 20:00:00,27.174,31.855,0.07,0.0
2024-07-14 09:00:00,18.194,63.088,2.593,0.0
2024-03-31 00:00:00,14.258,61.848,2.623,0.0
2024-07-04 15:00:00,25.17,49.434,4.879,13.03
2024-10-26 12:00:00,2.271,79.193,3.557,6.07
2024-12-18 04:00:00,-3.593,77.913,2.343,10.1
2024-02-13 13:00:00,5.586,73.17,5.589,0.0
2024-06-12 04:00:00,21.749,53.381,4.964,146.81
2024-06-07 23:00:00,23.335,46.445,3.547,327.86
2024-08-25 01:00:00,17.645,56.131,1.356,433.11
2024-01-17 14:00:00,1.185,77.397,0.784,490.44
2024-04-08 08:00:00,10.002,72.922,2.944,640.14
2024-04-24 13:00:00,17.397,52.288,2.456,714.36
2024-09-14 08:00:00,8.646,74.355,1.26,674.35
2024-06-26 21:00:00,29.456,51.042,2.414,544.85
2024-07-14 21:00:00,24.19,46.811,1.685,492.45
2024-01-31 17:00:00,7.634,78.478,2.806,348.99
2024-04-05 02:00:00,17.413,59.729,2.015,184.77
2024-12-13 10:00:00,-3.138,86.379,4.755,40.86
2024-02-25 04:00:00,5.298,74.715,0.817,1.18
2024-02-20 06:00:00,1.528,84.844,1.674,0.0
2024-04-19 02:00:00,18.748,55.037,3.571,2.86
2024-03-13 11:00:00,10.808,72.211,2.621,0.0
2024-09-10 20:00:00,17.457,58.396,1.436,8.13
2024-03-24 18:00:00,13.396,60.452,5.172,0.0
2024-01-31 12:00:00,1.771,87.596,2.843,0.0
2024-12-02 12:00:00,-1.653,87.031,1.905,15.46
2024-04-18 03:00:00,12.665,60.116,3.676,0.0
2024-08-19 14:00:00,17.962,59.451,2.654,0.0
2024-10-05 14:00:00,7.709,71.409,2.57,0.0
2024-07-21 14:00:00,21.015,52.273,2.917,0.0
2024-08-18 16:00:00,18.293,48.782,1.806,143.06
2024-05-03 16:00:00,18.968,46.989,4.264,290.9
2024-04-12 03:00:00,14.095,62.011,5.67,357.24
2024-05-20 15:00:00,21.602,50.6,2.417,586.69
2024-08-09 01:00:00,22.688,51.052,3.956,654.63
2024-01-14 11:00:00,2.054,86.054,0.71,695.78
2024-01-15 11:00:00,-4.157,92.206,2.23,548.61
2024-01-18 21:00:00,2.187,72.543,2.747,652.03
2024-11-09 15:00:00,3.011,67.465,1.686,530.48
2024-04-27 15:00:00,17.808,54.705,0.86,387.95
2024-09-13 22:00:00,18.643,64.126,2.638,191.74
2024-02-05 11:00:00,-0.073,75.336,1.199,20.61
2024-03-12 22:00:00,12.852,56.282,1.515,0.0
2024-09-21 06:00:00,7.761,74.38,3.529,0.0
2024-05-03 08:00:00,14.761,66.186,4.54,0.0
2024-05-13 16:00:00,25.237,47.355,1.681,2.64
2024-08-05 04:00:00,18.004,60.267,3.677,0.0
2024-12-12 02:00:00,-2.483,71.962,3.326,0.0
2024-03-29 09:00:00,11.4,63.592,3.615,0.0
2024-04-07 04:00:00,10.927,66.188,2.215,0.0
2024-01-22 00:00:00,2.741,73.69,4.178,0.0
2024-04-04 01:00:00,15.342,54.567,2.105,0.0
2024-05-26 06:00:00,21.703,62.128,5.423,0.0
2024-07-19 09:00:00,17.842,64.581,2.914,0.0
2024-07-10 13:00:00,24.532,57.922,2.909,179.5
2024-12-04 23:00:00,2.993,75.103,2.177,391.11
2024-07-18 22:00:00,22.334,32.998,1.916,506.0
2024-11-12 19:00:00,4.658,69.964,2.405,718.65
2024-02-10 09:00:00,-1.904,83.404,4.289,609.92
2024-03-11 06:00:00,5.848,76.339,4.466,811.06
2024-05-13 05:00:00,15.398,57.498,1.457,703.25
2024-04-02 17:00:00,19.87,,1.834,527.47
2024-05-14 19:00:00,25.943,45.95,1.096,513.42
2024-08-12 16:00:00,21.405,57.943,5.072,367.32
2024-07-04 17:00:00,24.044,41.717,4.145,188.89
2024-02-09 04:00:00,0.07,75.529,2.781,0.0
2024-12-26 00:00:00,5.004,78.942,2.949,0.0
2024-08-03 03:00:00,19.606,59.086,0.618,21.68
2024-06-15 04:00:00,25.43,56.845,4.594,0.0
2024-08-25 14:00:00,17.017,58.88,1.833,10.97
2024-02-17 08:00:00,3.86,76.733,3.082,3.98
2024-11-15 10:00:00,-3.349,87.515,3.122,44.65
2024-10-29 13:00:00,3.281,79.352,4.212,0.0
2024-07-29 11:00:00,19.102,65.573,2.889,0.0
2024-07-20 01:00:00,23.827,44.562,3.512,0.0
2024-08-20 20:00:00,23.97,56.178,2.143,8.68
2024-11-02 08:00:00,-1.225,81.161,3.938,0.0
2024-04-03 03:00:00,15.144,68.722,1.534,34.4
2024-10-22 20:00:00,9.061,63.209,1.962,227.16
2024-04-16 07:00:00,10.131,62.106,3.16,191.78
2024-09-26 20:00:00,16.322,56.024,3.581,531.28
2024-12-01 03:00:00,1.223,85.444,0.77,668.26
2024-09-07 19:00:00,19.959,54.487,2.505,764.55
2024-05-16 21:00:00,28.544,50.736,2.917,758.59
2024-12-28 23:00:00,2.165,76.126,4.108,671.2
2024-06-20 09:00:00,17.38,56.984,1.477,586.52
2024-04-20 22:00:00,22.643,48.888,2.46,505.98
2024-08-30 11:00:00,12.647,67.743,3.335,415.86
2024-02-04 11:00:00,-0.163,83.692,2.196,173.9
2024-08-31 08:00:00,12.402,60.846,4.251,0.0
2024-10-04 02:00:00,9.299,64.173,2.128,14.43
2024-03-09 10:00:00,6.134,74.591,3.604,17.96
2024-12-05 23:00:00,1.792,74.498,2.881,0.0
2024-01-10 10:00:00,-2.554,87.303,4.702,11.45
2024-08-02 21:00:00,29.871,42.734,0.0,6.93
2024-06-20 04:00:00,21.638,48.679,2.605,1.97
2024-11-19 21:00:00,6.203,63.413,4.295,9.98
2024-06-22 19:00:00,27.561,38.31,0.244,0.0
2024-11-02 16:00:00,4.313,76.77,4.171,12.15
2024-11-21 05:00:00,-2.485,91.24,4.471,0.0
2024-01-17 17:00:00,3.141,72.34,0.937,0.45
2024-05-14 01:00:00,21.83,43.24,1.073,14.34
2024-07-02 04:00:00,20.091,55.341,5.231,203.05
2024-10-22 16:00:00,12.337,66.297,1.756,330.01
2024-01-20 15:00:00,-1.413,73.909,2.65,495.01
2024-07-10 18:00:00,29.65,43.288,1.133,661.92
2024-11-29 08:00:00,-3.373,84.67,1.655,784.92
2024-04-14 15:00:00,19.027,51.752,4.371,789.87
2024-04-19 00:00:00,18.604,52.957,3.124,799.73
2024-03-03 04:00:00,5.523,73.801,4.33,610.22
2024-01-30 12:00:00,-2.847,78.644,2.56,474.86
2024-07-21 21:00:00,25.176,43.535,4.161,297.84
2024-11-19 20:00:00,5.017,75.988,4.271,175.79
2024-04-18 23:00:00,21.776,51.32,4.06,42.25
2024-10-11 12:00:00,5.156,79.603,5.569,0.0
2024-06-10 02:00:00,24.423,55.627,2.39,6.94
2024-05-26 02:00:00,23.551,49.441,5.479,0.0
2024-12-25 06:00:00,-3.905,86.312,3.21,2.63
2024-03-08 20:00:00,13.661,55.794,4.601,0.0
2024-02-04 14:00:00,1.186,73.69,0.937,0.0
2024-04-16 23:00:00,21.379,54.774,4.067,0.0
2024-10-06 02:00:00,6.406,63.848,1.763,5.2
2024-02-18 14:00:00,8.388,76.101,2.633,0.0
2024-04-09 08:00:00,12.109,67.505,2.701,0.0
2024-07-12 04:00:00,22.033,51.489,0.9,7.55
2024-05-18 00:00:00,27.953,53.633,2.452,0.0
2024-08-02 18:00:00,22.654,51.962,2.192,169.32
2024-04-21 00:00:00,21.115,56.993,1.54,422.32
2024-10-29 19:00:00,8.3,66.28,3.963,570.97
2024-06-24 10:00:00,20.034,61.926,1.676,567.23
2024-05-06 08:00:00,17.5,65.705,3.006,809.27
2024-06-24 03:00:00,21.179,46.282,1.452,785.0
2024-04-12 10:00:00,14.063,64.729,5.712,701.81
2024-07-25 02:00:00,20.467,53.84,4.651,577.88
2024-04-14 20:00:00,21.161,51.619,5.936,476.91
2024-12-04 17:00:00,3.719,72.932,2.116,371.64
2024-11-25 15:00:00,3.041,80.915,2.991,100.31
2024-04-15 02:00:00,17.855,57.52,4.47,5.65
2024-09-23 10:00:00,5.982,71.486,3.499,0.0
2024-05-20 07:00:00,18.866,58.664,3.577,0.0
2024-09-21 21:00:00,12.567,53.884,4.07,9.19
2024-02-22 07:00:00,0.58,87.394,3.232,36.81
2024-01-14 06:00:00,-1.765,88.466,1.618,0.0
2024-01-15 16:00:00,4.748,73.722,0.007,6.62
2024-10-19 03:00:00,5.008,73.719,2.365,0.0
2024-09-25 16:00:00,8.605,61.862,3.196,0.1
2024-08-21 18:00:00,22.305,52.189,1.353,0.0
2024-03-03 17:00:00,10.551,60.666,3.875,14.96
2024-05-16 18:00:00,21.564,46.991,0.714,0.0
2024-01-02 02:00:00,-1.761,80.189,2.064,6.5
2024-02-07 09:00:00,0.461,77.114,1.895,193.46
2024-08-06 00:00:00,20.268,54.481,2.542,357.76
2024-03-16 05:00:00,5.494,70.209,0.923,537.38
2024-11-27 15:00:00,1.182,78.721,0.93,682.55
2024-06-20 21:00:00,25.891,42.443,0.353,743.8
2024-03-03 07:00:00,8.285,81.813,3.589,759.58
2024-11-25 11:00:00,,85.375,3.341,554.34
2024-12-27 03:00:00,-2.151,84.992,2.975,576.57
2024-04-25 11:00:00,14.797,63.979,1.781,592.63
2024-12-19 11:00:00,-5.213,86.427,3.589,418.76
2024-09-18 07:00:00,9.575,67.65,3.073,174.97
2024-11-01 09:00:00,-0.886,82.5,5.177,27.42
2024-03-14 21:00:00,14.977,57.755,0.523,12.04
2024-05-12 00:00:00,23.317,47.527,2.489,0.0
2024-03-28 12:00:00,12.325,70.404,3.282,19.42
2024-03-15 01:00:00,11.937,66.665,1.685,0.0
2024-12-22 08:00:00,-3.033,93.266,1.127,0.0
2024-08-15 23:00:00,22.231,49.659,3.541,16.21
2024-12-16 19:00:00,2.959,72.354,2.601,41.04
2024-10-19 22:00:00,6.994,66.614,2.329,23.39
2024-06-22 20:00:00,27.115,39.541,2.209,2.56
2024-05-21 13:00:00,24.156,55.144,4.328,5.65
2024-10-31 12:00:00,0.093,76.335,4.053,47.35
2024-08-26 04:00:00,15.534,67.788,3.76,0.0
2024-04-16 16:00:00,17.554,54.724,5.35,132.44
2024-11-26 19:00:00,4.26,75.629,4.203,345.14
2024-07-25 04:00:00,19.104,62.797,4.5,645.99
2024-09-13 01:00:00,13.774,61.867,1.73,718.36
2024-08-02 03:00:00,18.533,62.858,2.005,798.84
2024-11-06 14:00:00,1.205,80.633,3.157,770.83
2024-03-28 19:00:00,18.66,57.107,4.741,677.79
2024-01-07 23:00:00,6.83,68.766,4.712,496.62
2024-05-28 00:00:00,25.755,45.868,4.352,484.3
2024-08-05 18:00:00,23.012,45.584,2.54,348.76
2024-05-23 02:00:00,26.794,51.828,4.177,220.75
2024-09-29 17:00:00,12.006,65.174,1.772,0.0
2024-08-22 09:00:00,13.432,70.442,1.553,0.0
2024-07-07 10:00:00,20.874,55.683,3.237,23.39
2024-06-23 13:00:00,22.826,53.028,1.847,0.71
2024-03-17 22:00:00,17.123,63.706,1.094,1.86
2024-10-11 05:00:00,7.94,75.813,4.641,0.0
2024-06-26 06:00:00,20.876,59.837,1.736,1.82
2024-02-08 07:00:00,0.702,82.483,3.28,0.78
2024-06-27 04:00:00,20.816,56.23,2.654,0.0
2024-10-20 07:00:00,0.535,74.94,1.62,0.0
2024-01-09 20:00:00,6.439,75.767,3.47,24.36
2024-06-22 13:00:00,24.38,53.013,1.96,0.0
2024-09-20 09:00:00,7.813,80.562,3.328,0.0
2024-05-17 00:00:00,22.957,49.567,2.375,138.23
2024-03-02 21:00:00,13.883,63.867,4.293,437.12
2024-08-31 14:00:00,21.026,57.503,4.453,562.55
2024-03-09 14:00:00,9.404,66.133,3.888,603.89
2024-04-14 07:00:00,12.041,61.006,5.044,706.7
2024-01-22 14:00:00,2.091,79.747,4.423,674.91
2024-01-04 14:00:00,2.059,83.718,5.653,563.83
2024-08-16 02:00:00,18.237,60.89,4.295,474.48
2024-03-18 00:00:00,15.332,60.189,1.533,535.23
2024-05-07 15:00:00,20.907,46.658,3.519,276.23
2024-05-04 13:00:00,23.699,58.447,4.751,162.1
2024-04-27 02:00:00,19.092,55.923,3.36,0.0
2024-03-15 00:00:00,11.867,60.536,2.303,16.85
2024-09-01 15:00:00,16.971,66.927,3.558,0.0
2024-09-23 19:00:00,15.843,61.215,3.65,17.84
2024-02-15 01:00:00,5.777,71.097,4.412,24.05
2024-04-28 03:00:00,17.89,61.371,2.118,0.0
2024-11-27 08:00:00,-3.655,85.726,0.764,0.0
2024-08-22 23:00:00,20.716,51.125,3.854,6.85
2024-10-04 22:00:00,12.734,65.426,0.56,12.21
2024-03-15 22:00:00,16.369,57.413,2.481,0.0
2024-08-17 19:00:00,19.498,58.958,3.78,0.12
2024-06-25 15:00:00,24.836,57.379,2.246,0.89
2024-07-09 03:00:00,22.673,50.603,1.525,14.78
2024-02-25 15:00:00,7.611,64.46,1.059,192.1
2024-01-27 03:00:00,1.247,75.305,3.923,330.59
2024-07-08 16:00:00,26.951,46.007,4.255,551.84
2024-02-17 15:00:00,6.98,69.842,4.503,430.71
2024-01-24 19:00:00,9.024,71.525,5.707,691.58
2024-10-29 18:00:00,9.333,72.843,4.698,614.11
2024-11-03 14:00:00,2.97,75.488,3.423,797.41
2024-11-28 17:00:00,2.072,76.777,2.149,576.16
2024-05-08 02:00:00,19.644,52.227,3.406,463.31
2024-11-21 12:00:00,-0.377,85.313,4.02,324.17
2024-01-26 07:00:00,-3.72,90.805,4.12,248.06
2024-05-05 07:00:00,13.891,68.073,4.532,0.0
2024-09-12 00:00:00,15.134,53.466,1.299,0.0
2024-01-11 20:00:00,3.201,69.707,3.247,0.0
2024-06-17 02:00:00,22.534,45.498,3.326,11.28
2024-09-23 13:00:00,7.722,60.395,4.671,0.0
2024-09-20 11:00:00,11.213,70.019,4.382,4.18
2024-07-31 07:00:00,16.546,59.387,1.993,0.0
2024-02-08 18:00:00,6.681,69.62,3.457,0.0
2024-01-27 11:00:00,-3.299,81.521,5.05,0.0
2024-12-09 15:00:00,0.484,79.297,5.716,10.0
2024-04-21 12:00:00,16.91,63.503,1.478,0.0
2024-03-15 12:00:00,9.543,65.456,2.222,11.72
2024-08-18 12:00:00,18.561,64.558,3.208,38.08
2024-11-08 01:00:00,5.324,69.041,1.418,234.58
2024-02-24 17:00:00,10.826,66.821,0.65,314.57
2024-06-09 09:00:00,17.37,54.099,4.697,485.58
2024-06-03 14:00:00,20.949,51.009,1.371,504.53
2024-09-19 22:00:00,15.028,59.579,4.082,516.0
2024-12-06 18:00:00,5.115,65.857,3.69,673.38
2024-10-22 05:00:00,-1.16,80.93,1.914,562.49
2024-11-28 12:00:00,-2.915,82.733,1.243,451.33
2024-11-27 05:00:00,-1.981,81.264,1.811,563.26
2024-10-20 00:00:00,8.709,76.585,1.297,325.17
2024-10-27 17:00:00,10.244,68.73,3.512,219.22
2024-10-18 14:00:00,6.156,70.677,2.901,0.0
2024-08-20 10:00:00,11.944,61.477,1.831,11.89
2024-07-17 11:00:00,20.52,61.49,2.235,5.42
2024-10-17 00:00:00,10.356,64.498,2.407,0.0
2024-04-15 00:00:00,19.509,50.537,4.277,0.0
2024-03-13 17:00:00,13.815,61.269,1.736,34.57
2024-07-20 08:00:00,19.416,61.5,4.905,0.0
2024-05-17 18:00:00,26.509,47.815,3.514,0.0
2024-02-02 15:00:00,5.451,75.851,1.555,0.0
2024-07-27 10:00:00,14.858,50.502,4.587,38.22
2024-01-19 03:00:00,0.689,78.429,2.064,10.19
2024-08-30 07:00:00,13.321,69.585,3.012,55.78
2024-03-21 03:00:00,11.602,63.237,4.94,0.0
2024-07-18 09:00:00,18.146,51.179,3.406,228.84
2024-02-14 22:00:00,11.365,68.696,4.412,362.27
2024-04-13 17:00:00,16.191,56.455,5.314,500.04
2024-01-23 07:00:00,-1.752,80.802,3.723,683.13
2024-02-28 05:00:00,3.179,76.858,3.15,781.45
2024-07-22 06:00:00,17.452,65.484,3.887,520.75
2024-01-25 04:00:00,0.871,85.617,5.522,611.37
2024-09-09 23:00:00,14.067,57.358,0.799,619.78
2024-01-23 19:00:00,5.524,68.501,4.605,468.52
2024-05-20 17:00:00,23.502,49.152,3.713,320.39
2024-06-03 10:00:00,19.125,,,220.88
2024-01-28 16:00:00,3.353,71.178,2.953,0.0
2024-03-10 07:00:00,4.987,71.093,2.569,0.0
2024-11-09 05:00:00,-0.572,82.963,1.877,0.0
2024-04-01 21:00:00,19.175,57.416,1.946,22.02
2024-02-16 14:00:00,5.906,68.601,4.063,15.8
2024-06-11 02:00:00,25.126,43.81,3.79,19.63
2024-01-23 22:00:00,5.646,72.577,5.592,22.45
2024-05-15 17:00:00,23.404,46.615,1.505,0.0
2024-04-08 12:00:00,,59.071,2.117,0.0
2024-11-29 19:00:00,5.326,71.522,2.024,47.95
2024-06-11 23:00:00,27.101,48.929,5.382,28.65
2024-04-02 20:00:00,15.303,53.137,1.361,14.83
2024-12-17 15:00:00,1.96,79.018,,46.71
2024-08-31 18:00:00,19.659,55.76,4.144,192.48
2024-05-24 16:00:00,24.89,50.77,4.432,407.43
2024-11-13 10:00:00,-3.626,87.751,1.376,577.3
2024-09-22 07:00:00,3.271,73.222,3.774,667.6
2024-07-06 08:00:00,18.055,56.903,4.929,779.05
2024-08-25 17:00:00,15.986,45.396,1.106,589.73
2024-02-14 03:00:00,3.497,70.566,5.28,803.54
2024-06-12 05:00:00,22.065,57.796,3.586,713.05
2024-03-31 20:00:00,17.917,55.334,1.179,569.67
2024-01-21 06:00:00,-2.826,90.658,3.83,299.67
2024-04-24 15:00:00,22.667,60.009,2.682,130.06
2024-11-15 02:00:00,3.337,78.954,4.058,0.0
2024-04-23 17:00:00,20.584,45.479,3.23,0.0
2024-08-07 14:00:00,22.34,54.667,5.129,0.0
2024-08-04 20:00:00,28.754,42.668,2.255,33.01
2024-11-11 03:00:00,2.982,80.421,1.71,29.05
2024-07-17 13:00:00,22.071,56.806,2.541,9.71
2024-02-19 18:00:00,6.671,61.428,2.055,33.41
2024-03-10 03:00:00,10.961,67.307,2.125,0.0
2024-03-28 11:00:00,12.291,69.568,3.097,0.0
2024-04-29 17:00:00,21.401,54.182,4.412,0.0
2024-05-28 07:00:00,16.928,61.887,2.79,9.51
2024-11-21 17:00:00,2.558,71.797,3.672,0.0
2024-07-31 21:00:00,25.042,45.658,1.861,40.51
2024-12-26 09:00:00,-5.796,87.094,2.354,244.78
2024-07-11 00:00:00,26.404,48.856,0.692,384.5
2024-01-23 08:00:00,-3.523,83.672,4.977,583.33
2024-09-13 15:00:00,11.353,56.405,1.865,771.49
2024-03-16 20:00:00,14.938,58.764,0.525,788.67
2024-09-02 14:00:00,16.175,65.479,5.34,688.95
2024-06-16 11:00:00,20.994,56.063,3.802,730.73
2024-08-28 21:00:00,18.972,50.857,3.296,696.83
2024-11-13 20:00:00,3.31,77.652,1.796,536.01
2024-10-11 09:00:00,2.528,74.293,3.814,399.58
2024-02-26 18:00:00,11.051,59.179,1.223,162.5
2024-08-24 08:00:00,11.946,68.508,0.922,0.0
2024-08-14 18:00:00,20.818,56.683,4.145,19.35
2024-03-15 11:00:00,6.786,69.859,1.695,0.0
2024-12-07 16:00:00,-4.661,72.313,5.049,7.24
2024-05-05 08:00:00,18.489,68.628,5.668,13.0
2024-05-14 12:00:00,21.141,54.241,0.0,0.0
2024-04-10 03:00:00,14.72,63.959,3.156,39.65
2024-12-16 18:00:00,2.488,68.951,4.046,7.49
2024-07-26 19:00:00,25.666,37.258,3.939,0.31
2024-03-03 18:00:00,13.256,58.405,3.206,5.04
2024-03-02 23:00:00,8.0,62.355,5.522,0.0
2024-06-14 21:00:00,30.768,44.811,3.139,0.0
2024-01-18 23:00:00,0.647,77.291,2.943,30.48
2024-04-30 20:00:00,23.702,52.002,3.879,110.07
2024-12-13 23:00:00,1.885,75.689,3.825,385.51
2024-09-01 20:00:00,16.649,55.033,6.202,530.8
2024-09-01 13:00:00,13.83,56.986,5.161,713.37
2024-12-19 02:00:00,0.861,82.607,2.54,780.99
2024-09-26 05:00:00,5.342,68.18,3.396,539.92
2024-04-30 02:00:00,18.691,58.642,3.824,566.37
2024-01-12 04:00:00,-1.844,82.531,2.474,578.5
2024-06-26 05:00:00,19.126,53.241,1.38,483.02
2024-10-28 09:00:00,1.899,78.883,3.217,346.41
2024-09-23 15:00:00,9.526,60.223,4.665,231.68
2024-04-09 19:00:00,17.305,52.924,2.417,28.23
2024-11-07 10:00:00,-0.668,87.326,2.629,0.0
2024-07-26 08:00:00,20.159,68.506,4.06,21.49
2024-10-11 15:00:00,7.151,71.189,4.564,0.0
2024-01-30 21:00:00,7.035,73.938,2.735,0.0
2024-11-07 19:00:00,6.27,72.985,2.372,0.0
2024-05-02 21:00:00,21.022,46.386,4.094,0.0
2024-04-07 08:00:00,12.56,70.08,2.543,0.31
2024-01-05 02:00:00,0.476,83.342,5.451,3.94
2024-09-05 16:00:00,17.372,57.669,2.04,30.45
2024-06-19 00:00:00,27.14,45.238,3.371,0.0
2024-07-09 14:00:00,21.964,44.829,1.02,0.0
2024-02-18 05:00:00,7.122,85.493,4.503,0.0
2024-03-29 16:00:00,17.139,52.94,2.892,147.72
2024-04-26 23:00:00,20.466,45.775,1.839,367.58
2024-11-27 22:00:00,6.15,80.878,2.361,555.66
2024-10-23 00:00:00,8.425,73.842,1.246,766.78
2024-03-30 19:00:00,16.81,57.343,4.119,590.22
2024-09-13 07:00:00,7.68,69.256,1.298,545.54
2024-08-01 23:00:00,23.814,56.302,0.767,741.69
2024-04-10 10:00:00,14.254,65.239,4.035,743.33
2024-04-27 09:00:00,16.102,65.545,1.754,530.94
2024-07-13 04:00:00,23.679,67.983,2.11,344.46
2024-01-25 14:00:00,2.39,73.936,5.241,216.23
2024-06-21 16:00:00,23.261,40.092,2.586,0.0
2024-10-14 07:00:00,2.066,79.058,4.013,7.02
2024-05-28 09:00:00,17.905,62.214,2.959,0.0
2024-08-26 09:00:00,15.959,65.536,3.401,0.0
2024-08-16 10:00:00,15.228,65.971,4.282,0.0
2024-10-18 18:00:00,10.915,59.619,3.07,0.0
2024-10-15 22:00:00,11.76,62.102,3.964,0.0
2024-05-07 10:00:00,15.197,63.969,2.321,0.0
2024-04-04 11:00:00,12.811,60.137,2.468,0.0
2024-11-08 22:00:00,9.438,63.743,2.604,0.0
2024-05-16 19:00:00,27.415,43.457,1.554,26.63
2024-01-23 05:00:00,-2.982,79.135,3.633,55.07
2024-06-03 19:00:00,27.113,38.225,0.638,35.98
2024-08-07 05:00:00,15.786,57.506,4.373,218.07
2024-05-11 10:00:00,16.03,57.659,2.703,446.51
2024-01-22 13:00:00,-0.882,83.067,3.718,558.15
2024-10-16 14:00:00,4.131,78.131,4.096,627.1
2024-12-30 13:00:00,-1.37,85.929,4.508,648.95
2024-10-23 17:00:00,6.599,64.508,2.126,635.7
2024-06-18 04:00:00,23.347,62.632,2.145,688.04
2024-11-11 21:00:00,7.511,72.954,1.101,734.83
2024-06-27 13:00:00,23.224,50.009,2.512,457.55
2024-11-10 13:00:00,4.56,80.231,1.904,454.0
2024-05-27 03:00:00,25.36,56.269,5.595,189.48
2024-02-11 04:00:00,2.301,72.428,3.469,22.0
2024-07-16 15:00:00,24.532,51.992,2.529,9.08
2024-10-30 18:00:00,2.285,68.457,5.196,0.0
2024-04-17 13:00:00,17.228,62.714,2.221,0.0
2024-02-05 05:00:00,1.813,89.123,0.48,4.03
2024-05-12 15:00:00,21.931,57.242,0.468,59.46
2024-04-30 00:00:00,17.755,51.676,3.889,0.0
2024-12-30 19:00:00,6.373,70.419,5.399,15.08
2024-09-14 17:00:00,14.409,60.764,2.797,4.12
2024-11-03 23:00:00,6.502,65.765,4.99,9.9
2024-07-13 06:00:00,18.529,60.969,0.939,0.0
2024-05-16 06:00:00,18.122,58.787,1.101,0.0
2024-06-09 13:00:00,20.786,55.721,0.893,0.0
2024-05-23 04:00:00,21.737,57.853,4.728,243.27
2024-10-13 21:00:00,9.485,69.522,3.363,444.54
2024-05-25 21:00:00,25.619,46.095,4.492,465.54
2024-01-02 14:00:00,-2.08,80.672,3.932,460.2
2024-06-13 04:00:00,22.613,56.838,5.31,725.56
2024-06-12 12:00:00,21.434,67.253,4.474,814.26
2024-09-28 11:00:00,5.951,73.778,2.31,689.43
2024-03-04 18:00:00,12.454,59.536,4.83,723.94
2024-12-31 00:00:00,4.014,69.509,4.764,607.51
2024-05-25 16:00:00,26.352,55.621,4.491,395.63
2024-07-21 09:00:00,20.096,58.315,3.906,220.19
2024-04-21 19:00:00,23.462,49.875,3.052,19.18
2024-01-31 14:00:00,4.889,75.402,1.481,0.0
2024-09-17 21:00:00,17.565,56.86,3.606,0.0
2024-02-11 13:00:00,4.817,80.484,3.564,0.59
2024-11-29 13:00:00,0.678,78.018,3.087,13.47
2024-03-13 00:00:00,13.219,62.423,2.157,9.23
2024-07-03 00:00:00,26.137,47.086,6.017,0.47
2024-11-16 14:00:00,2.97,82.144,4.779,0.0
2024-01-07 06:00:00,-2.426,88.702,4.148,0.0
2024-11-17 22:00:00,2.898,66.383,3.722,0.0
2024-12-31 07:00:00,-3.26,83.157,3.867,0.0
2024-02-07 20:00:00,9.222,77.046,2.667,0.0
2024-11-17 00:00:00,2.377,78.555,5.285,14.2
2024-06-15 01:00:00,21.255,48.431,3.659,145.92
2024-09-30 00:00:00,12.355,57.788,1.354,354.75
2024-03-22 21:00:00,16.438,56.116,3.647,518.51
2024-09-08 02:00:00,16.086,59.461,2.197,713.78
2024-03-28 15:00:00,16.708,57.491,3.132,761.9
2024-03-28 23:00:00,16.183,,5.576,603.9
2024-08-14 20:00:00,24.245,46.911,4.801,696.97
2024-08-13 23:00:00,21.718,50.018,5.178,618.01
2024-02-20 07:00:00,1.198,80.674,2.923,544.17
2024-07-02 19:00:00,27.466,36.703,3.899,416.41
2024-10-16 23:00:00,9.532,67.34,3.032,133.56
2024-01-01 23:00:00,0.53,73.892,3.438,0.0
2024-03-19 03:00:00,13.27,62.614,3.221,36.59
2024-10-09 17:00:00,9.923,59.611,4.309,0.0
2024-03-10 19:00:00,,66.552,3.469,0.0
2024-12-27 08:00:00,-4.001,82.162,4.89,14.9
2024-11-17 03:00:00,0.627,83.326,3.469,0.0
2024-04-21 08:00:00,14.75,72.818,0.804,0.0
2024-03-09 09:00:00,8.42,77.578,4.325,0.0
2024-04-11 14:00:00,15.651,59.149,2.282,0.0
2024-03-08 14:00:00,11.193,68.56,4.511,0.0
2024-02-06 07:00:00,-1.394,88.064,2.669,0.0
2024-11-05 13:00:00,-0.592,85.621,3.774,0.0
2024-10-27 07:00:00,3.434,84.504,2.659,0.0
2024-10-24 12:00:00,-2.683,82.334,3.007,215.52
2024-07-08 06:00:00,16.638,48.269,3.944,306.02
2024-06-11 10:00:00,21.188,59.829,2.899,580.87
2024-07-21 10:00:00,19.023,53.06,3.17,733.73
2024-06-25 10:00:00,17.664,55.636,0.955,566.81
2024-01-14 09:00:00,-1.677,84.96,2.809,642.61
2024-09-28 15:00:00,11.692,64.257,1.475,817.95
2024-03-14 19:00:00,17.678,52.761,1.568,660.11
2024-01-27 00:00:00,7.376,71.307,4.252,557.65
2024-10-30 14:00:00,6.074,71.063,4.837,365.02
2024-11-18 08:00:00,2.521,86.27,3.089,221.22
2024-09-17 02:00:00,14.708,64.989,2.053,9.61
2024-11-29 10:00:00,-3.088,83.16,0.332,0.0
2024-09-02 06:00:00,10.571,69.397,3.943,29.76
2024-05-31 23:00:00,26.559,51.311,2.849,0.0
2024-10-02 00:00:00,8.915,68.007,2.079,1.47
2024-10-14 04:00:00,2.66,73.956,4.567,0.0
2024-12-17 12:00:00,-1.711,89.216,2.533,25.23
2024-11-20 23:00:00,0.968,76.075,3.894,0.0
2024-08-19 12:00:00,16.151,67.338,2.734,0.0
2024-05-23 13:00:00,19.615,50.799,4.831,5.86
2024-05-20 16:00:00,23.906,46.328,4.208,0.0
2024-09-28 05:00:00,9.782,70.029,1.726,0.0
2024-01-09 22:00:00,3.618,69.43,2.353,0.0
2024-04-06 04:00:00,14.424,64.426,1.26,136.11
2024-02-11 12:00:00,5.934,76.296,4.405,390.94
2024-12-03 23:00:00,-0.211,76.989,2.724,509.96
2024-11-21 10:00:00,-1.082,83.688,5.19,547.23
2024-09-01 08:00:00,10.54,78.223,4.93,571.02
2024-12-23 23:00:00,-0.085,75.565,2.107,666.42
2024-04-25 15:00:00,19.492,49.753,1.753,611.52
2024-03-27 06:00:00,11.716,66.87,4.247,769.33
2024-07-06 22:00:00,24.832,49.451,5.187,563.78
2024-12-13 00:00:00,2.16,74.786,4.184,438.44
2024-07-27 18:00:00,27.895,42.924,3.543,240.07
2024-06-20 03:00:00,25.406,50.349,1.941,8.92
2024-01-12 23:00:00,4.836,71.075,3.556,14.76
2024-09-28 01:00:00,10.617,67.625,1.229,0.0
2024-05-16 14:00:00,22.117,50.116,2.766,43.96
2024-08-09 21:00:00,23.552,38.738,3.6,28.13
2024-05-31 08:00:00,18.922,56.658,3.65,0.0
2024-06-07 19:00:00,28.354,39.418,1.962,12.98
2024-08-27 01:00:00,20.109,57.878,3.863,0.0
2024-08-14 08:00:00,15.078,64.529,5.973,0.0
2024-06-15 20:00:00,25.508,38.134,3.205,13.2
2024-06-11 12:00:00,20.878,50.577,4.438,21.58
2024-09-18 23:00:00,16.19,61.307,5.291,0.0
2024-07-17 06:00:00,17.995,56.032,3.022,0.0
2024-10-14 20:00:00,9.353,62.397,4.783,174.87
2024-03-23 23:00:00,16.806,59.435,3.68,394.69
2024-06-19 01:00:00,23.778,49.095,2.572,583.72
2024-09-22 10:00:00,7.347,68.453,4.134,534.3
2024-06-04 16:00:00,24.765,46.527,0.774,833.95
2024-08-21 00:00:00,18.297,51.611,1.777,750.48
2024-12-25 12:00:00,-0.766,78.572,3.565,855.55
2024-01-12 03:00:00,-2.661,76.371,2.342,611.03
2024-01-24 01:00:00,3.636,74.403,4.299,611.84
2024-04-11 22:00:00,20.43,53.738,4.3,300.78
2024-09-27 00:00:00,13.498,64.416,1.886,245.3
2024-10-05 21:00:00,13.341,65.012,3.413,0.43
2024-09-13 21:00:00,15.897,55.221,1.831,0.0
2024-04-08 11:00:00,15.03,67.208,1.894,0.74
2024-10-05 00:00:00,11.301,65.025,1.558,0.0
2024-05-14 02:00:00,20.415,51.516,1.313,0.0
2024-03-29 05:00:00,9.233,66.208,3.616,24.23
2024-08-13 09:00:00,17.203,68.383,4.322,0.22
2024-07-04 10:00:00,19.26,62.65,3.256,0.22
2024-08-23 06:00:00,12.728,58.712,2.266,0.0
2024-12-24 06:00:00,-5.338,92.343,2.65,0.0
2024-06-23 17:00:00,22.436,39.778,1.643,0.0
2024-12-22 21:00:00,3.915,71.991,1.61,25.17
2024-06-12 13:00:00,22.266,55.32,5.526,0.0
2024-11-04 06:00:00,0.61,86.587,5.115,173.21
2024-05-04 06:00:00,18.248,60.686,4.451,385.26
2024-10-10 13:00:00,6.396,66.604,4.42,572.14
2024-12-18 00:00:00,0.585,71.527,3.048,679.46
2024-05-12 10:00:00,19.783,55.253,0.857,726.32
2024-03-27 01:00:00,13.429,58.603,4.441,855.63
2024-12-12 14:00:00,-1.405,72.403,5.935,824.16
2024-12-25 20:00:00,6.364,73.186,3.276,618.13
2024-08-08 19:00:00,24.227,44.965,3.629,528.85
2024-02-24 13:00:00,6.813,69.405,0.594,360.36
2024-12-03 16:00:00,0.355,74.19,3.036,207.46
2024-08-04 01:00:00,17.983,48.303,2.39,0.0
2024-06-26 00:00:00,26.806,46.767,1.779,0.0
2024-09-06 08:00:00,13.425,60.453,1.603,24.29
2024-12-19 18:00:00,5.744,72.56,1.778,1.92
2024-11-10 14:00:00,3.188,79.577,1.753,39.47
2024-10-31 06:00:00,-0.303,82.403,3.562,57.84
2024-07-22 18:00:00,24.127,44.535,3.809,0.0
2024-07-27 04:00:00,20.835,66.288,4.536,0.0
2024-02-02 16:00:00,6.324,80.48,2.207,32.6
2024-09-03 14:00:00,16.327,61.262,5.607,0.0
2024-09-12 06:00:00,11.985,68.82,2.485,0.06
2024-09-11 02:00:00,13.964,66.625,1.79,26.83
2024-08-19 15:00:00,20.445,56.57,1.084,0.0
2024-12-08 10:00:00,-3.657,92.111,5.578,181.98
2024-04-06 03:00:00,14.097,64.063,3.049,387.23
2024-02-02 22:00:00,7.554,70.547,1.845,642.97
2024-09-02 10:00:00,11.489,66.124,4.48,604.74
2024-07-08 05:00:00,24.053,62.488,3.974,781.38
2024-08-02 06:00:00,19.152,52.985,0.0,858.32
2024-08-10 21:00:00,23.47,43.761,4.164,609.02
2024-05-08 03:00:00,23.201,55.979,4.458,800.43
2024-07-12 12:00:00,22.239,53.491,1.244,515.24
2024-10-10 21:00:00,7.731,53.048,4.991,379.46
2024-09-30 07:00:00,8.3,81.723,0.165,162.13
2024-03-23 12:00:00,8.87,74.451,2.882,10.81
2024-11-15 23:00:00,3.221,75.705,3.338,0.0
2024-09-01 22:00:00,17.553,52.461,3.988,0.0
2024-02-29 00:00:00,10.052,67.23,3.232,0.0
2024-04-24 16:00:00,19.962,58.728,0.646,11.9
2024-07-11 01:00:00,22.694,44.893,2.258,5.5
2024-08-03 21:00:00,23.672,45.812,1.202,13.08
2024-08-11 13:00:00,15.653,58.596,3.944,38.09
2024-09-15 19:00:00,16.813,52.731,2.837,0.0
2024-12-29 15:00:00,2.854,84.986,5.076,0.0
2024-02-12 01:00:00,4.935,68.026,3.07,0.0
2024-05-15 02:00:00,18.854,48.167,0.0,0.0
2024-05-13 13:00:00,19.362,61.899,0.515,0.0
2024-03-28 07:00:00,9.647,67.126,3.294,153.66
2024-12-29 12:00:00,-2.063,84.881,4.624,344.73
2024-06-08 02:00:00,23.06,48.814,3.317,507.69
2024-07-28 13:00:00,20.419,54.217,2.594,549.01
2024-05-25 00:00:00,24.34,41.367,3.538,750.63
2024-08-28 10:00:00,16.276,64.472,2.61,781.61
2024-08-03 08:00:00,15.233,69.357,1.063,783.85
2024-09-13 14:00:00,13.301,60.588,1.222,755.84
2024-04-22 18:00:00,22.181,46.746,1.479,422.96
2024-02-11 23:00:00,8.67,69.812,3.82,404.6
2024-10-13 19:00:00,10.611,54.989,3.741,211.96
2024-07-03 22:00:00,26.516,47.083,3.852,0.0
2024-04-02 00:00:00,16.1,55.292,2.604,6.16
2024-07-26 14:00:00,22.194,49.835,3.668,0.0
2024-11-16 15:00:00,5.512,79.463,1.85,0.0
2024-06-27 19:00:00,26.983,39.861,2.013,0.0
2024-12-04 02:00:00,-1.215,81.19,2.051,0.0
2024-07-05 08:00:00,21.893,65.968,,0.0
2024-12-08 08:00:00,-1.121,86.385,3.744,0.0
2024-07-11 07:00:00,18.748,63.462,2.041,11.97
2024-11-27 13:00:00,3.682,79.08,2.365,0.0
2024-10-03 09:00:00,3.8,75.133,1.269,0.0
2024-04-03 00:00:00,13.318,56.722,3.1,0.0
2024-02-22 18:00:00,9.885,57.708,1.759,0.0
2024-03-21 10:00:00,6.529,70.689,4.187,230.19
2024-03-15 15:00:00,12.211,65.951,1.505,362.11
2024-10-05 17:00:00,10.214,68.838,3.947,559.59
2024-07-30 04:00:00,19.13,63.479,1.683,751.21
2024-05-24 07:00:00,20.774,56.581,3.797,842.68
2024-02-19 08:00:00,0.293,80.66,2.512,846.97
2024-10-23 06:00:00,0.058,77.202,1.625,712.09
2024-01-07 17:00:00,4.833,73.02,4.092,631.32
2024-03-29 15:00:00,16.893,61.989,3.467,477.36
2024-02-24 03:00:00,6.537,79.596,0.474,392.32
2024-02-13 06:00:00,1.97,77.414,6.28,221.46
2024-11-06 19:00:00,4.543,58.121,2.547,0.0
2024-09-11 15:00:00,12.303,63.351,1.307,3.85
2024-10-26 09:00:00,2.153,85.752,3.043,27.8
2024-12-18 16:00:00,3.78,72.088,2.343,0.0
2024-05-02 02:00:00,21.658,57.225,4.353,0.0
2024-09-28 04:00:00,5.845,69.632,1.941,7.0
2024-05-15 10:00:00,19.479,64.828,2.935,3.38
2024-01-14 21:00:00,3.761,73.795,1.259,0.0
2024-06-17 17:00:00,27.527,49.844,4.297,0.0
2024-08-17 08:00:00,13.498,64.263,2.063,0.0
2024-07-20 05:00:00,17.638,54.829,4.751,38.98
2024-03-28 06:00:00,12.054,64.514,4.064,24.58
2024-03-30 08:00:00,9.654,66.248,2.481,0.0
2024-01-22 12:00:00,0.814,83.294,4.225,161.93
2024-04-18 17:00:00,22.868,42.608,3.416,368.96
2024-12-06 21:00:00,4.686,68.832,3.006,525.9
2024-07-22 10:00:00,17.145,66.275,,743.58
2024-06-17 20:00:00,28.819,37.952,6.353,862.71
2024-04-18 13:00:00,16.377,58.768,4.267,515.11
2024-08-19 04:00:00,15.129,56.328,2.009,842.52
2024-08-13 10:00:00,14.642,58.591,5.418,579.65
2024-10-03 10:00:00,4.203,74.374,0.726,607.4
2024-12-19 03:00:00,-2.074,83.922,3.662,334.28
2024-02-07 22:00:00,6.97,67.073,2.017,182.86
2024-02-16 20:00:00,12.484,69.317,4.834,26.08
2024-03-23 08:00:00,10.643,75.962,4.812,0.0
2024-02-12 13:00:00,2.795,70.745,4.319,13.21
2024-04-10 13:00:00,13.557,68.875,3.874,0.0
2024-06-29 05:00:00,22.868,51.916,2.93,29.07
2024-06-12 20:00:00,29.504,41.662,5.258,0.0
2024-04-25 21:00:00,21.664,48.544,2.426,0.0
2024-09-05 23:00:00,16.443,56.783,2.268,0.0
2024-04-10 12:00:00,12.224,56.043,4.234,0.0
2024-01-06 19:00:00,2.173,71.121,3.443,0.0
2024-03-20 08:00:00,7.807,77.846,1.679,18.17
2024-12-08 16:00:00,3.863,73.16,4.303,1.21
2024-05-07 14:00:00,20.657,58.101,4.978,0.0
2024-08-24 10:00:00,11.262,67.339,1.219,125.94
2024-01-23 04:00:00,-0.093,80.328,3.488,353.55
2024-06-22 07:00:00,20.274,62.845,2.177,574.16
2024-03-18 03:00:00,13.747,63.126,1.207,690.06
2024-09-09 11:00:00,12.202,70.108,1.939,698.82
2024-11-24 06:00:00,-3.439,86.565,3.509,772.37
2024-08-11 19:00:00,21.221,46.65,2.456,864.9
2024-06-02 21:00:00,29.242,41.307,1.051,721.7
2024-11-20 13:00:00,2.435,77.76,4.044,447.4
2024-08-17 04:00:00,17.634,,2.959,407.62
2024-01-01 09:00:00,-2.621,86.292,3.703,178.15
2024-03-22 04:00:00,12.44,66.411,4.33,0.0
2024-10-29 11:00:00,5.881,79.236,3.975,25.0
2024-04-23 11:00:00,18.468,60.964,1.906,18.92
2024-01-14 20:00:00,5.252,77.057,1.08,0.0
2024-08-30 14:00:00,13.946,57.757,5.485,13.84
2024-02-20 20:00:00,8.118,68.97,3.544,0.0
2024-05-12 02:00:00,19.789,49.811,1.987,7.21
2024-10-18 13:00:00,4.18,74.038,2.02,0.0
2024-01-12 07:00:00,-5.5,83.781,1.975,0.0
2024-07-15 23:00:00,24.789,43.9,0.018,25.14
2024-10-05 18:00:00,12.953,58.759,3.02,0.0
2024-12-04 05:00:00,-1.834,84.3,2.407,0.0
2024-08-20 01:00:00,17.074,58.087,0.006,18.42
2024-04-21 16:00:00,21.503,66.3,2.004,226.57
2024-06-10 03:00:00,25.789,46.795,4.932,474.98
2024-05-21 02:00:00,21.042,61.96,3.678,550.46
2024-10-30 00:00:00,7.767,70.907,4.469,714.39
2024-10-28 07:00:00,3.629,82.726,4.866,807.23
2024-06-20 02:00:00,23.469,,2.856,937.17
2024-12-30 05:00:00,0.132,91.198,5.503,724.53
2024-07-12 19:00:00,28.083,48.077,0.838,445.28
2024-09-12 14:00:00,11.896,63.084,1.459,591.37
2024-04-04 03:00:00,14.387,,0.83,442.94
2024-10-06 05:00:00,5.347,73.993,3.121,202.69
2024-07-06 13:00:00,20.035,52.999,3.781,34.55
2024-12-28 08:00:00,0.374,91.208,3.865,5.42
2024-04-29 07:00:00,16.988,62.936,3.202,0.0
2024-10-27 10:00:00,5.414,79.992,3.134,28.58
2024-03-27 23:00:00,16.005,58.668,4.118,4.05
2024-04-07 22:00:00,21.031,54.219,2.167,12.21
2024-09-20 00:00:00,11.459,61.003,3.77,0.0
2024-04-18 21:00:00,21.597,46.878,3.987,0.0
2024-11-21 02:00:00,-0.089,75.158,4.102,37.3
2024-04-23 05:00:00,17.394,64.052,1.514,13.02
2024-01-22 22:00:00,2.447,78.375,3.616,0.0
2024-06-11 03:00:00,23.893,53.647,4.039,0.0
2024-11-02 13:00:00,2.229,77.257,4.336,28.3
2024-09-16 02:00:00,12.038,64.612,2.221,175.66
2024-02-23 16:00:00,6.821,71.443,0.49,379.45
2024-03-17 01:00:00,13.211,61.016,3.23,612.49
2024-07-22 04:00:00,17.731,62.101,6.125,614.34
2024-11-05 05:00:00,0.398,79.291,4.661,749.16
2024-09-14 18:00:00,17.143,58.663,1.353,877.35
2024-02-05 16:00:00,4.257,,1.673,567.74
2024-01-24 05:00:00,-1.465,83.289,5.047,579.29
2024-02-28 13:00:00,5.358,80.843,2.124,601.5
2024-12-01 11:00:00,-4.392,85.829,0.995,331.26
2024-10-03 11:00:00,5.499,72.946,1.47,213.15
2024-11-24 03:00:00,-0.6,84.951,3.012,24.77
2024-11-27 02:00:00,2.849,77.568,3.319,0.0
2024-10-12 07:00:00,4.27,76.521,2.749,0.0
2024-02-12 12:00:00,3.804,81.211,3.27,0.0
2024-10-14 00:00:00,7.76,63.812,3.421,12.3
2024-01-22 07:00:00,-2.042,81.357,3.961,0.0
2024-11-06 22:00:00,4.444,75.446,1.277,25.17
2024-03-19 14:00:00,10.336,68.377,2.068,0.0
2024-11-11 09:00:00,-2.469,76.496,1.547,1.16
2024-09-16 07:00:00,12.036,70.231,3.052,0.0
2024-06-09 16:00:00,23.301,40.432,3.431,0.0
2024-02-17 20:00:00,12.589,67.479,3.679,0.0
2024-08-23 18:00:00,23.232,55.962,0.174,0.0
2024-06-06 22:00:00,28.208,46.496,2.155,148.83
2024-04-11 07:00:00,10.738,71.629,2.586,306.18
2024-05-25 12:00:00,21.777,54.533,5.888,628.78
2024-04-14 19:00:00,21.46,49.227,5.454,683.95
2024-09-24 09:00:00,9.658,77.176,3.132,631.82
2024-03-13 15:00:00,13.684,60.946,1.162,678.33
2024-07-14 22:00:00,27.591,46.676,0.576,846.85
2024-01-21 16:00:00,1.935,78.322,4.251,631.42
2024-01-27 13:00:00,1.605,80.056,3.114,638.41
2024-02-25 11:00:00,6.547,77.173,1.348,359.99
2024-05-29 05:00:00,22.774,49.902,1.913,248.31
2024-11-07 13:00:00,2.284,81.79,1.903,0.0
2024-03-09 16:00:00,13.879,65.085,5.132,24.41
2024-02-19 05:00:00,5.752,80.068,3.902,0.0
2024-12-30 01:00:00,0.829,80.531,5.156,5.03
2024-10-26 20:00:00,9.591,58.013,3.802,0.0
2024-03-14 17:00:00,14.584,55.041,2.335,4.52
2024-11-27 14:00:00,0.996,79.106,3.212,0.0
2024-12-02 09:00:00,-4.799,89.287,2.788,5.32
2024-09-26 22:00:00,13.48,64.863,1.455,4.12
2024-01-22 06:00:00,-1.065,92.35,2.803,0.0
2024-03-26 21:00:00,16.854,54.897,4.652,11.11
2024-06-16 22:00:00,28.997,45.312,4.669,0.0
2024-08-10 00:00:00,22.401,50.625,4.866,14.25
2024-01-20 00:00:00,3.502,77.009,3.725,152.51
2024-03-16 08:00:00,4.328,73.707,0.704,456.7
2024-09-05 07:00:00,14.597,71.801,2.588,603.82
2024-02-01 12:00:00,2.063,81.346,2.031,798.06
2024-08-27 20:00:00,21.559,52.64,2.074,783.2
2024-02-14 09:00:00,-0.68,83.971,4.338,664.59
2024-02-22 17:00:00,6.905,67.802,1.388,828.89
2024-12-27 22:00:00,1.567,70.841,3.421,706.06
2024-03-16 19:00:00,13.261,53.561,1.596,518.52
2024-01-29 19:00:00,8.718,68.94,4.203,374.68
2024-04-28 07:00:00,15.315,59.512,1.734,217.87
2024-11-02 19:00:00,6.545,73.398,4.704,0.0
2024-05-29 13:00:00,21.458,49.252,2.58,0.0
2024-11-25 02:00:00,-1.423,74.645,3.205,0.0
2024-05-31 09:00:00,20.823,59.236,1.252,0.0
2024-01-21 21:00:00,9.103,59.933,3.323,2.14
2024-09-09 17:00:00,16.291,57.089,1.71,30.1
2024-08-01 22:00:00,21.511,50.053,2.673,0.7
2024-08-01 05:00:00,17.005,58.634,1.315,0.0
2024-11-20 08:00:00,-2.212,88.76,3.664,0.0
2024-08-30 01:00:00,16.573,58.237,5.286,0.0
2024-04-20 12:00:00,17.023,60.621,3.706,0.0
2024-12-19 07:00:00,-6.289,90.699,2.16,0.0
2024-03-03 20:00:00,12.697,57.808,5.196,5.39
2024-01-09 18:00:00,5.213,72.092,3.199,126.37
2024-11-12 04:00:00,1.036,82.254,0.236,459.52
2024-11-27 16:00:00,1.696,69.48,1.539,554.47
2024-01-31 16:00:00,5.497,76.323,2.117,652.52
2024-12-06 04:00:00,-4.895,81.434,3.333,887.18
2024-05-21 09:00:00,18.511,56.103,3.656,768.48
2024-01-16 22:00:00,0.937,66.435,2.486,645.76
2024-12-29 21:00:00,0.665,74.826,4.161,566.27
2024-07-23 18:00:00,23.206,41.686,3.759,545.02
2024-11-02 15:00:00,8.214,72.246,5.149,448.2
2024-04-28 09:00:00,12.871,56.097,2.71,200.99
2024-06-16 14:00:00,20.648,,4.126,0.0
2024-07-19 12:00:00,21.647,56.592,3.604,0.0
2024-06-22 11:00:00,17.853,51.777,2.946,0.0
2024-05-30 22:00:00,23.182,47.417,2.411,0.0
2024-02-07 15:00:00,7.397,66.76,1.343,0.0
2024-05-03 22:00:00,25.349,49.421,4.709,12.93
2024-02-25 14:00:00,7.45,68.01,2.016,0.0
2024-10-28 20:00:00,9.713,73.126,2.657,0.0
2024-11-25 14:00:00,1.592,79.745,2.182,0.0
2024-05-27 04:00:00,20.865,62.492,3.334,0.0
2024-04-22 03:00:00,16.981,64.696,2.253,10.84
2024-08-04 14:00:00,18.943,56.027,1.419,0.0
2024-08-01 14:00:00,20.402,50.444,1.596,0.86
2024-05-11 12:00:00,17.136,61.234,1.529,155.11
2024-03-25 17:00:00,16.77,58.862,4.065,187.77
2024-01-10 03:00:00,-0.094,73.308,3.258,310.44
2024-12-19 23:00:00,4.163,73.417,2.082,411.59
2024-08-28 04:00:00,14.534,65.839,3.545,468.96
2024-12-24 13:00:00,1.062,87.697,2.794,488.34
2024-04-20 19:00:00,22.964,51.352,2.292,508.33
2024-02-16 02:00:00,6.647,78.078,2.775,388.76
2024-12-03 14:00:00,-0.427,71.787,2.804,345.55
2024-03-19 10:00:00,6.108,75.594,2.951,200.46
2024-03-08 16:00:00,14.911,68.697,3.511,143.58
2024-08-16 07:00:00,16.657,68.182,2.594,0.0
2024-08-19 01:00:00,16.042,52.556,1.63,0.0
2024-02-08 21:00:00,4.122,62.739,1.803,0.0
2024-02-09 08:00:00,3.699,80.681,3.322,0.0
2024-09-15 06:00:00,8.721,65.298,2.185,15.43
2024-10-09 16:00:00,11.085,59.002,3.047,5.32
2024-05-26 07:00:00,17.528,64.098,3.457,27.05
2024-01-22 03:00:00,-0.678,81.026,3.693,0.0
2024-08-26 13:00:00,13.501,56.493,3.077,13.39
2024-06-06 10:00:00,16.489,55.648,1.871,0.0
2024-04-22 09:00:00,12.23,66.003,2.057,0.0
2024-09-20 17:00:00,14.719,57.569,,0.0
2024-11-29 22:00:00,3.472,75.057,2.928,0.0
2024-06-15 03:00:00,21.946,54.695,5.062,87.44
2024-04-07 18:00:00,18.261,47.193,2.552,286.75
2024-08-15 09:00:00,14.352,63.611,2.824,341.02
2024-05-27 06:00:00,23.36,62.789,3.538,444.55
2024-10-10 22:00:00,8.56,67.722,3.886,512.99
2024-02-16 10:00:00,2.351,86.45,3.919,494.91
2024-07-21 20:00:00,26.516,49.557,4.551,536.3
2024-08-29 07:00:00,7.772,68.274,2.933,357.86
2024-10-10 20:00:00,10.152,64.043,5.412,246.26
2024-05-27 16:00:00,27.529,45.722,4.742,189.45
2024-12-31 15:00:00,-1.178,72.957,4.61,109.16
2024-07-06 17:00:00,27.016,46.558,2.972,30.69
2024-03-18 14:00:00,13.015,73.371,3.661,0.0
2024-05-21 04:00:00,22.062,47.718,3.674,0.0
2024-05-29 09:00:00,17.014,61.399,2.042,0.0
2024-08-23 12:00:00,15.051,63.378,2.423,0.0
2024-05-21 17:00:00,26.365,53.894,4.625,25.49
2024-11-15 19:00:00,4.496,76.25,3.779,0.0
2024-12-11 04:00:00,-3.701,80.575,4.018,0.0
2024-11-09 09:00:00,-4.017,83.948,2.351,0.0
2024-12-12 19:00:00,6.899,71.227,5.363,0.0
2024-10-01 02:00:00,9.894,65.928,1.143,0.0
2024-01-30 02:00:00,4.564,70.739,1.619,24.28
2024-03-25 19:00:00,21.863,62.805,4.059,0.0
2024-11-03 12:00:00,3.21,77.669,5.292,142.72
2024-04-19 16:00:00,20.28,53.455,2.69,285.23
2024-01-10 11:00:00,-3.974,79.471,1.524,305.04
2024-04-04 15:00:00,15.223,56.119,0.0,418.54
2024-07-23 13:00:00,19.513,52.334,3.21,459.53
2024-03-07 00:00:00,12.109,58.851,3.783,438.59
2024-05-21 16:00:00,25.395,49.916,4.6,495.33
2024-01-09 13:00:00,-2.002,79.389,3.488,520.39
2024-09-12 01:00:00,14.641,65.786,2.534,378.72
2024-06-05 23:00:00,28.816,38.429,0.703,235.47
2024-07-26 11:00:00,14.853,57.569,4.145,124.46
2024-02-11 16:00:00,9.217,63.937,3.988,0.0
2024-08-09 00:00:00,21.242,48.697,4.271,7.68
2024-08-28 01:00:00,18.306,51.326,4.353,0.0
2024-02-15 13:00:00,4.429,69.914,2.94,0.0
2024-07-13 00:00:00,24.443,52.328,2.393,0.0
2024-07-25 15:00:00,,45.712,3.809,0.0
2024-06-06 00:00:00,26.886,48.483,1.956,32.34
2024-07-07 19:00:00,29.009,44.127,2.919,0.0
2024-09-26 23:00:00,13.814,57.576,3.39,0.0
2024-10-11 01:00:00,5.837,65.496,4.793,0.0
2024-04-11 02:00:00,17.466,63.436,4.644,0.0
2024-12-02 23:00:00,2.843,71.019,1.732,13.35
2024-03-12 14:00:00,11.63,70.17,2.014,0.0
2024-05-09 07:00:00,19.163,59.953,2.991,111.23
2024-01-25 02:00:00,,77.056,,292.05
2024-03-11 07:00:00,6.647,75.413,1.829,326.09
2024-06-03 21:00:00,31.552,38.784,1.451,407.99
2024-03-09 01:00:00,12.63,66.622,3.897,511.77
2024-12-13 14:00:00,4.709,81.163,3.957,527.6
2024-02-28 18:00:00,13.611,62.039,1.867,523.91
2024-02-15 03:00:00,8.074,75.823,3.893,448.91
2024-06-26 18:00:00,27.907,44.301,1.619,339.92
2024-10-28 21:00:00,7.186,72.569,3.875,233.04
2024-08-22 20:00:00,25.223,50.707,1.514,116.31
2024-12-04 04:00:00,-3.441,85.03,2.505,0.0
2024-11-11 01:00:00,1.45,77.907,2.417,0.0
2024-12-22 09:00:00,-3.831,80.507,3.271,1.97
2024-01-03 21:00:00,3.062,63.817,3.494,0.0
2024-03-21 05:00:00,7.723,68.18,3.592,0.0
2024-02-12 21:00:00,6.886,70.676,3.734,0.0
2024-04-16 15:00:00,20.078,56.327,4.247,0.0
2024-02-08 11:00:00,0.128,84.357,2.532,0.0
2024-04-20 23:00:00,19.225,55.015,1.498,0.0
2024-08-10 08:00:00,14.623,52.849,3.514,17.46
2024-09-06 01:00:00,16.719,61.466,2.502,27.24
2024-04-24 09:00:00,14.403,60.426,1.407,24.89
2024-01-14 17:00:00,5.075,71.654,2.369,0.0
2024-11-03 02:00:00,3.909,80.418,4.711,96.83
2024-03-21 02:00:00,10.276,64.871,5.808,246.69
2024-08-17 11:00:00,10.983,60.309,3.331,337.19
2024-06-28 19:00:00,29.538,42.6,3.163,419.23
2024-09-07 17:00:00,17.538,59.365,3.094,455.35
2024-01-07 12:00:00,1.946,88.927,4.222,516.94
2024-02-25 03:00:00,7.023,72.663,1.847,483.95
2024-04-18 16:00:00,21.36,55.92,3.368,484.24
2024-05-27 09:00:00,17.726,62.206,4.513,301.92
2024-11-19 23:00:00,5.452,68.032,4.385,253.73
2024-12-24 21:00:00,3.612,69.293,3.344,101.27
2024-08-20 17:00:00,19.361,47.56,2.888,19.66
2024-05-22 21:00:00,28.455,48.934,5.143,0.0
2024-10-07 22:00:00,8.884,62.356,3.308,34.65
2024-07-20 17:00:00,25.322,51.948,3.738,0.0
2024-10-11 07:00:00,4.607,81.847,4.541,0.0
2024-05-31 20:00:00,25.887,41.858,2.284,0.0
2024-01-17 22:00:00,2.934,67.575,1.668,38.43
2024-06-29 22:00:00,30.802,47.495,3.606,0.0
2024-04-24 19:00:00,21.851,54.252,0.584,10.44
2024-06-04 00:00:00,27.381,45.96,1.362,9.99
2024-06-07 16:00:00,26.913,43.041,1.628,44.15
2024-09-08 16:00:00,17.875,63.73,1.874,0.0
2024-09-09 09:00:00,11.936,71.184,2.038,16.83
2024-03-15 06:00:00,4.796,78.374,1.396,110.91
2024-03-16 14:00:00,10.691,67.185,1.484,240.05
2024-05-03 00:00:00,23.085,49.334,3.809,348.4
2024-01-27 05:00:00,1.65,80.902,4.036,483.13
2024-01-15 13:00:00,-0.215,81.661,1.649,434.58
2024-05-07 05:00:00,16.586,61.0,5.428,404.02
2024-05-25 04:00:00,19.065,51.853,4.915,505.49
2024-10-05 15:00:00,8.007,63.132,2.209,363.56
2024-06-29 08:00:00,22.89,61.699,2.711,268.15
2024-02-22 08:00:00,5.632,80.218,2.383,312.42
2024-05-26 23:00:00,29.52,47.395,4.687,140.35
2024-11-14 14:00:00,-1.288,79.307,3.659,17.56
2024-10-31 20:00:00,6.312,65.73,4.173,0.0
2024-03-09 15:00:00,12.551,69.864,3.145,0.0
2024-12-13 12:00:00,-1.784,75.219,3.47,0.0
2024-07-24 05:00:00,18.186,60.778,4.888,13.99
2024-08-18 20:00:00,25.233,37.999,2.142,14.36
2024-09-05 05:00:00,13.02,72.237,3.941,0.0
2024-04-09 05:00:00,11.499,66.348,3.182,28.21
2024-08-05 02:00:00,20.512,53.409,2.675,29.88
2024-05-12 01:00:00,21.778,39.09,0.801,17.35
2024-09-30 09:00:00,8.199,78.626,2.029,10.45
2024-06-27 06:00:00,20.307,58.919,2.571,13.87
2024-05-11 18:00:00,24.001,48.676,1.482,0.0
2024-07-30 07:00:00,16.908,62.296,3.177,137.44
2024-08-31 02:00:00,16.089,65.498,4.771,202.83
2024-03-15 04:00:00,6.437,79.489,1.24,361.97
2024-05-02 11:00:00,16.558,55.338,5.608,436.41
2024-01-16 01:00:00,5.09,69.49,1.19,522.65
2024-12-07 07:00:00,-4.357,89.389,4.105,460.42
2024-04-11 23:00:00,18.843,51.441,3.824,548.11
2024-08-06 22:00:00,22.162,51.242,3.182,473.68
2024-08-17 09:00:00,16.02,69.88,3.203,343.29
2024-02-28 20:00:00,12.576,63.395,2.953,292.6
2024-08-30 08:00:00,10.486,73.38,5.098,62.89
2024-07-03 19:00:00,28.782,37.142,4.555,3.75
2024-11-09 14:00:00,4.53,77.349,1.177,0.0
2024-02-06 15:00:00,7.081,73.954,2.241,0.0
2024-05-05 09:00:00,15.828,62.128,5.042,0.0
2024-04-02 19:00:00,17.446,53.427,2.391,9.89
2024-01-05 18:00:00,3.584,68.259,5.547,4.43
2024-11-06 15:00:00,2.251,74.491,2.269,0.4
2024-01-30 14:00:00,3.28,72.67,1.992,0.0
2024-05-06 14:00:00,18.951,57.037,3.856,36.75
2024-05-02 06:00:00,18.206,58.426,4.919,22.53
2024-06-14 10:00:00,19.772,50.027,4.83,12.2
2024-11-08 14:00:00,4.189,73.728,2.438,0.0
2024-10-09 22:00:00,11.157,64.46,3.28,4.37
2024-12-03 19:00:00,5.776,74.086,3.593,153.63
2024-03-14 16:00:00,12.985,57.356,,288.39
2024-05-15 12:00:00,21.007,55.63,1.251,248.61
2024-08-20 00:00:00,20.327,55.933,2.233,428.76
2024-10-14 15:00:00,7.096,70.479,3.787,408.26
2024-09-03 04:00:00,16.172,60.762,4.342,578.69
2024-09-29 02:00:00,10.885,65.212,1.793,401.4
2024-04-05 20:00:00,21.157,58.214,2.336,393.95
2024-10-03 14:00:00,8.321,74.281,2.261,275.67
2024-08-12 07:00:00,18.388,65.783,3.695,286.23
2024-01-10 09:00:00,-1.11,91.327,2.716,113.81
2024-08-07 04:00:00,20.271,59.479,3.368,0.0
2024-03-09 19:00:00,14.191,60.814,4.034,9.65
2024-02-07 10:00:00,2.768,85.804,2.181,13.48
2024-09-07 14:00:00,15.222,55.096,2.852,27.91
2024-02-29 08:00:00,2.069,78.103,3.328,8.16
2024-02-06 01:00:00,4.244,73.906,1.114,0.0
2024-08-19 18:00:00,20.355,47.818,3.877,0.0
2024-09-06 14:00:00,15.53,65.789,2.82,0.0
2024-10-13 11:00:00,2.641,73.854,3.9,3.67
2024-05-01 09:00:00,17.44,57.873,3.229,19.79
2024-12-12 17:00:00,0.526,69.102,3.13,15.84
2024-09-21 08:00:00,7.541,72.609,4.183,16.47
2024-02-18 22:00:00,8.003,68.305,4.257,28.3
2024-09-18 16:00:00,14.308,61.703,4.262,160.4
2024-02-29 19:00:00,12.322,64.42,2.539,250.77
2024-07-27 06:00:00,19.545,58.713,2.098,368.06
2024-08-19 07:00:00,14.883,69.551,2.344,355.86
2024-01-15 18:00:00,4.634,69.122,2.283,536.1
2024-12-12 03:00:00,2.487,84.079,3.982,493.22
2024-02-08 03:00:00,3.683,70.843,3.611,538.53
2024-07-19 07:00:00,19.771,65.717,3.981,398.68
2024-12-15 21:00:00,4.192,70.975,3.319,349.59
2024-05-12 20:00:00,27.099,41.272,1.59,259.02
2024-07-11 03:00:00,18.498,52.197,1.484,130.65
2024-08-11 15:00:00,19.872,52.711,4.31,0.0
2024-12-02 02:00:00,2.591,86.315,1.192,41.29
2024-11-21 00:00:00,1.843,69.459,3.94,11.75
2024-11-02 04:00:00,0.06,75.189,4.713,0.0
2024-01-30 03:00:00,1.532,79.545,3.657,0.0
2024-04-05 17:00:00,20.615,62.186,2.153,38.65
2024-03-26 03:00:00,12.476,66.648,4.62,0.0
2024-05-22 14:00:00,23.375,55.071,3.18,0.0
2024-12-14 19:00:00,2.255,71.864,3.678,44.71
2024-10-29 01:00:00,2.683,77.583,3.191,31.63
2024-08-01 11:00:00,17.941,57.815,1.836,0.0
2024-07-23 23:00:00,27.186,43.801,4.753,13.57
2024-02-12 03:00:00,4.184,80.972,4.078,0.0
2024-12-22 06:00:00,-5.838,81.931,0.0,129.02
2024-09-26 16:00:00,12.688,66.613,3.736,243.98
2024-08-24 18:00:00,18.752,58.797,1.079,299.21
2024-08-12 20:00:00,23.651,48.744,4.511,409.08
2024-07-17 19:00:00,24.766,42.281,1.233,355.69
2024-04-23 09:00:00,13.855,64.94,0.704,399.83
2024-05-28 13:00:00,22.188,47.735,3.856,340.18
2024-11-09 13:00:00,0.243,73.24,1.617,454.49
2024-11-07 03:00:00,1.272,69.227,0.994,324.64
2024-04-20 16:00:00,18.139,53.292,2.542,204.58
2024-03-30 23:00:00,17.888,55.385,3.397,176.28
2024-10-19 00:00:00,10.409,59.253,2.2,9.72
2024-12-11 01:00:00,3.616,81.742,4.784,29.17
2024-06-25 20:00:00,27.987,39.726,1.936,0.0
2024-10-26 23:00:00,4.946,66.941,2.99,0.0
2024-03-22 08:00:00,6.783,78.517,3.933,8.94
2024-07-11 18:00:00,25.432,41.125,1.356,4.14
2024-07-30 18:00:00,24.783,49.487,3.125,0.0
2024-11-24 13:00:00,,79.973,2.396,0.0
2024-11-29 05:00:00,-3.645,85.382,2.921,0.36
2024-11-28 23:00:00,3.542,73.461,1.547,0.0
2024-10-06 21:00:00,12.157,66.087,2.136,22.62
2024-02-01 19:00:00,6.866,71.288,2.782,12.52
2024-02-01 22:00:00,6.576,70.546,1.905,29.09
2024-03-16 22:00:00,14.234,60.952,3.37,126.51
2024-03-21 21:00:00,15.365,54.18,3.136,231.99
2024-11-17 13:00:00,2.834,83.617,5.336,368.81
2024-03-19 21:00:00,15.46,58.242,2.77,433.25
2024-12-23 06:00:00,-3.693,89.73,2.623,382.57
2024-02-23 20:00:00,10.796,60.864,1.546,457.51
2024-05-12 04:00:00,17.121,62.675,0.436,520.1
2024-01-15 22:00:00,5.249,72.562,1.451,416.37
2024-06-19 07:00:00,20.28,58.183,1.716,321.09
2024-11-20 12:00:00,-0.664,87.801,2.84,328.54
2024-10-27 19:00:00,5.35,64.652,3.342,148.71
2024-04-07 12:00:00,14.917,68.669,2.39,0.0
2024-07-03 05:00:00,18.882,50.79,5.108,0.0
2024-06-21 01:00:00,28.011,59.307,2.177,0.0
2024-07-03 09:00:00,17.763,63.173,3.704,5.0
2024-11-14 10:00:00,-2.177,82.597,2.724,14.06
2024-08-22 08:00:00,16.56,62.746,2.097,0.37
2024-11-08 05:00:00,0.008,80.676,1.56,19.99
2024-04-25 23:00:00,19.922,49.639,1.938,0.38
2024-08-22 16:00:00,19.743,47.194,0.901,18.16
2024-09-06 07:00:00,11.406,77.465,4.548,0.0
2024-12-18 20:00:00,1.825,74.439,0.851,0.0
2024-02-27 18:00:00,13.371,70.697,2.041,0.0
2024-09-27 13:00:00,10.41,60.508,1.596,22.14
2024-12-27 18:00:00,0.548,71.859,3.176,170.63
2024-03-30 20:00:00,17.38,49.963,2.799,256.66
2024-07-04 21:00:00,30.808,39.562,4.329,393.94
2024-04-05 18:00:00,19.898,56.152,1.48,375.25
2024-07-18 06:00:00,16.053,61.126,1.857,458.86
2024-08-11 05:00:00,14.926,59.161,3.731,476.27
2024-06-03 18:00:00,28.82,42.916,0.285,472.92
2024-04-30 04:00:00,12.838,58.88,3.411,343.05
2024-09-20 18:00:00,17.527,54.727,3.983,340.52
2024-08-17 05:00:00,16.5,54.635,2.656,259.47
2024-07-18 12:00:00,16.798,56.117,4.33,108.9
2024-04-26 11:00:00,14.781,58.859,1.525,15.08
2024-01-31 06:00:00,-0.395,73.568,2.481,0.0
2024-05-24 01:00:00,23.154,49.846,4.493,10.76
2024-10-31 09:00:00,-5.361,75.519,4.314,16.36
2024-09-27 05:00:00,11.919,69.203,2.944,1.32
2024-09-07 20:00:00,18.809,56.105,2.189,4.3
2024-06-21 18:00:00,28.158,40.201,1.355,0.0
2024-04-26 20:00:00,22.965,46.849,3.053,0.0
2024-11-25 01:00:00,1.807,75.971,2.225,33.88
2024-09-01 03:00:00,13.389,60.539,4.57,9.99
2024-05-06 18:00:00,23.092,53.94,4.154,19.6
2024-09-24 06:00:00,8.058,80.089,3.055,0.0
2024-01-29 01:00:00,3.134,74.68,2.906,8.45
2024-11-21 03:00:00,0.653,74.57,4.235,147.27
2024-02-01 08:00:00,-2.582,80.838,2.259,221.25
2024-05-21 21:00:00,21.816,40.502,4.417,326.05
2024-05-10 17:00:00,22.223,49.038,1.151,469.16
2024-09-22 00:00:00,14.894,59.789,5.054,502.78
2024-10-30 17:00:00,6.939,71.574,4.541,411.3
2024-09-25 10:00:00,4.706,75.775,3.271,485.53
2024-11-12 21:00:00,4.87,66.678,1.418,450.16
2024-02-03 10:00:00,0.169,84.234,0.57,346.38
2024-06-15 10:00:00,16.787,45.836,2.975,301.6
2024-01-17 03:00:00,3.733,80.51,2.116,143.43
2024-08-11 17:00:00,25.072,48.151,4.205,0.0
2024-05-29 22:00:00,27.275,41.332,3.49,0.0
2024-05-16 13:00:00,21.181,49.295,2.423,0.0
2024-07-31 14:00:00,21.479,57.129,1.756,0.0
2024-07-23 07:00:00,17.496,64.55,4.422,0.0
2024-12-16 00:00:00,2.434,83.177,1.006,19.75
2024-01-28 04:00:00,0.152,81.162,4.393,26.62
2024-08-28 06:00:00,14.004,63.231,3.454,33.87
2024-09-06 13:00:00,12.818,60.404,2.994,0.0
2024-05-14 15:00:00,19.127,48.671,0.787,0.0
2024-10-14 12:00:00,6.604,79.878,4.49,0.0
2024-02-18 00:00:00,6.746,69.878,3.858,0.0
2024-10-01 20:00:00,12.53,61.455,0.694,24.17
2024-01-26 01:00:00,1.759,76.416,3.547,138.04
2024-02-12 08:00:00,-0.309,85.656,5.281,291.92
2024-04-07 06:00:00,13.798,71.726,0.636,381.46
2024-09-16 11:00:00,10.397,76.231,3.356,366.02
2024-04-06 11:00:00,13.392,65.535,2.966,512.88
2024-12-16 22:00:00,2.401,79.599,2.083,537.92
2024-02-09 15:00:00,6.044,71.887,3.276,308.68
2024-01-06 06:00:00,-4.722,82.753,4.992,323.55
2024-11-25 07:00:00,-4.988,88.559,2.712,380.84
2024-02-10 07:00:00,3.913,82.632,3.783,174.82
2024-01-14 08:00:00,-2.71,82.643,0.0,119.53
2024-05-23 12:00:00,21.956,59.488,3.673,0.0
2024-09-07 13:00:00,15.294,64.121,1.837,0.0
2024-03-07 19:00:00,11.762,58.954,4.332,16.22
2024-01-28 17:00:00,5.656,74.008,4.744,0.0
2024-11-19 09:00:00,-1.04,92.495,3.583,17.81
2024-06-12 21:00:00,29.14,36.6,5.282,16.53
2024-05-26 16:00:00,25.874,43.933,5.317,11.31
2024-08-15 05:00:00,13.892,61.179,2.164,0.0
2024-02-29 22:00:00,12.298,54.889,3.444,0.0
2024-02-25 12:00:00,4.798,76.801,1.354,0.0
2024-04-17 02:00:00,17.631,60.984,3.499,28.39
2024-12-10 16:00:00,1.178,78.99,2.953,0.0
2024-12-01 20:00:00,4.745,72.637,1.46,0.0
2024-06-28 02:00:00,22.092,48.137,3.997,111.72
2024-04-27 21:00:00,22.506,44.476,2.643,201.35
2024-03-26 08:00:00,8.647,69.209,4.655,285.82
2024-10-22 18:00:00,7.342,63.411,2.559,450.25
2024-12-28 18:00:00,3.985,65.592,3.213,519.53
2024-03-18 18:00:00,16.91,57.71,2.072,574.16
2024-05-02 15:00:00,20.786,58.237,3.993,519.88
2024-02-01 14:00:00,1.63,79.164,1.793,472.54
2024-01-01 14:00:00,-2.839,84.693,3.568,276.36
2024-05-16 16:00:00,22.423,51.226,0.867,247.0
2024-10-13 09:00:00,2.405,76.533,3.219,160.82
2024-02-03 21:00:00,7.678,67.797,1.376,0.0
2024-05-25 22:00:00,26.43,45.45,3.641,14.71
2024-02-03 04:00:00,1.389,85.541,1.658,7.99
2024-09-08 09:00:00,8.69,66.972,1.356,0.0
2024-04-03 10:00:00,14.958,69.215,3.159,24.32
2024-11-14 20:00:00,5.97,72.07,0.992,12.02
2024-09-17 13:00:00,11.818,61.341,4.533,0.0
2024-07-27 14:00:00,23.441,49.774,2.444,0.0
2024-06-17 08:00:00,20.36,55.829,3.601,4.43
2024-09-17 06:00:00,9.813,67.702,2.325,0.0
2024-09-21 02:00:00,11.734,68.015,3.43,0.0
2024-06-29 19:00:00,27.124,42.385,4.539,27.17
2024-07-25 19:00:00,26.218,47.825,5.311,0.0
2024-12-04 07:00:00,-3.46,87.151,2.732,130.5
2024-11-23 16:00:00,2.334,76.216,4.31,230.37
2024-04-04 02:00:00,10.377,60.271,0.539,369.95
2024-09-05 03:00:00,15.273,60.279,3.132,392.68
2024-09-06 02:00:00,14.994,53.154,2.441,506.51
2024-08-13 14:00:00,17.776,56.586,3.734,563.47
2024-11-05 11:00:00,-1.691,82.404,2.515,394.62
2024-05-09 05:00:00,19.811,62.327,2.041,458.09
2024-10-05 03:00:00,9.0,73.424,2.655,404.41
2024-11-09 08:00:00,0.475,82.677,0.852,230.18
2024-01-01 19:00:00,1.587,74.481,3.632,152.33
2024-10-12 16:00:00,9.549,67.696,2.429,31.39
2024-11-25 04:00:00,-3.689,93.154,2.45,0.0
2024-09-30 22:00:00,13.39,57.945,2.194,0.0
2024-01-01 08:00:00,-4.579,87.921,3.071,18.28
2024-09-28 08:00:00,4.675,72.923,1.787,0.0
2024-07-02 14:00:00,23.505,46.899,5.734,6.79
2024-11-19 13:00:00,0.45,84.191,5.424,7.95
2024-08-01 21:00:00,25.575,40.376,1.709,2.78
2024-12-02 07:00:00,-2.154,89.778,2.432,21.25
2024-05-27 21:00:00,26.851,46.141,5.842,0.0
2024-04-08 05:00:00,13.285,71.72,3.134,0.0
2024-12-22 11:00:00,-2.483,91.133,3.04,43.19
2024-05-29 12:00:00,23.437,57.144,2.493,0.0
2024-04-23 20:00:00,23.642,47.474,1.848,124.96
2024-05-29 00:00:00,23.709,53.153,3.678,277.99
2024-11-21 09:00:00,-5.981,79.769,4.901,294.94
2024-05-22 18:00:00,26.528,39.267,3.611,452.84
2024-04-26 01:00:00,19.539,51.304,3.055,370.38
2024-06-13 12:00:00,21.427,48.258,5.583,603.88
2024-07-25 13:00:00,22.671,50.858,6.09,523.47
2024-09-11 22:00:00,18.003,54.134,2.833,537.56
2024-02-11 06:00:00,1.609,79.847,5.897,330.84
2024-12-19 16:00:00,3.028,77.025,0.473,202.82
2024-06-21 05:00:00,23.456,54.625,2.027,145.19
2024-02-07 06:00:00,3.084,82.988,,0.0
2024-11-03 22:00:00,9.306,70.694,2.937,0.0
2024-01-01 06:00:00,-0.356,78.137,4.222,13.11
2024-12-18 15:00:00,-0.952,77.634,2.985,0.0
2024-09-14 09:00:00,6.887,71.058,2.128,0.0
2024-10-05 10:00:00,6.46,79.62,,0.0
2024-05-16 10:00:00,16.861,59.412,1.861,0.0
2024-06-28 11:00:00,22.353,56.441,4.498,20.85
2024-01-08 08:00:00,-3.324,89.026,4.884,0.0
2024-05-07 04:00:00,18.306,57.88,3.65,12.03
2024-03-26 04:00:00,9.757,65.242,4.493,0.0
2024-09-03 12:00:00,14.6,63.619,4.502,10.1
2024-12-03 02:00:00,-1.452,70.532,1.822,5.31
2024-08-14 10:00:00,16.659,66.387,4.027,114.46
2024-04-05 10:00:00,14.929,65.228,0.0,230.9
2024-01-05 08:00:00,-3.824,87.144,4.804,213.22
2024-11-23 03:00:00,-0.429,77.297,2.616,403.72
2024-10-20 02:00:00,8.697,76.045,1.96,482.99
2024-09-26 00:00:00,10.327,64.586,2.251,563.89
2024-04-15 23:00:00,19.466,55.554,4.552,526.51
2024-08-18 18:00:00,19.438,57.384,2.865,474.67
2024-06-01 01:00:00,23.672,49.974,2.017,338.49
2024-04-26 08:00:00,14.393,61.93,0.921,300.63
2024-01-17 20:00:00,4.581,69.904,2.128,123.02
2024-04-25 10:00:00,15.135,64.937,3.1,0.0
2024-07-14 04:00:00,19.061,57.9,0.0,0.0
2024-04-19 09:00:00,12.512,71.442,1.499,31.85
2024-09-14 04:00:00,10.242,67.613,0.779,0.0
2024-03-03 00:00:00,7.792,73.202,3.844,11.66
2024-09-06 12:00:00,13.345,69.3,2.442,0.0
2024-10-25 07:00:00,0.357,87.806,2.322,0.0
2024-12-31 23:00:00,0.998,72.175,4.501,18.3
2024-02-29 03:00:00,7.829,72.354,3.433,6.53
2024-05-09 06:00:00,20.605,60.071,4.521,16.13
2024-11-12 02:00:00,0.452,80.414,1.037,19.19
2024-06-18 23:00:00,26.276,38.528,3.487,0.0
2024-04-08 16:00:00,15.845,51.286,1.338,0.0
2024-06-09 17:00:00,27.707,43.772,3.531,110.9
2024-03-25 13:00:00,11.111,66.641,4.535,285.55
2024-12-03 13:00:00,-1.819,89.105,3.265,448.95
2024-06-27 18:00:00,28.273,43.233,1.595,421.14
2024-12-30 04:00:00,-3.128,75.531,5.216,439.67
2024-04-16 05:00:00,18.31,68.335,3.498,535.48
2024-02-13 03:00:00,6.828,80.216,4.683,532.57
2024-05-09 20:00:00,24.75,48.156,3.604,507.12
2024-11-11 12:00:00,-0.706,77.63,0.867,379.34
2024-10-11 03:00:00,5.454,78.495,5.4,283.36
2024-03-18 02:00:00,10.424,66.758,2.443,112.2
2024-11-26 20:00:00,1.359,73.488,2.111,14.01
2024-05-03 02:00:00,18.537,49.792,5.083,0.0
2024-09-07 03:00:00,12.338,62.447,2.24,0.0
2024-12-29 19:00:00,3.815,71.321,4.117,2.52
2024-03-11 08:00:00,6.658,73.327,2.444,0.0
2024-10-28 11:00:00,3.942,84.066,4.365,0.0
2024-09-09 21:00:00,16.922,52.55,2.246,0.0
2024-11-26 09:00:00,-5.627,83.407,2.776,21.38
2024-01-03 17:00:00,5.629,76.57,3.535,0.0
2024-06-14 18:00:00,28.438,40.786,5.587,17.82
2024-08-29 01:00:00,18.247,50.099,4.472,0.0
2024-12-22 03:00:00,1.105,79.614,1.489,0.0
2024-05-20 08:00:00,19.13,64.701,3.207,6.97
2024-09-30 05:00:00,8.813,70.842,1.373,153.36
2024-01-10 16:00:00,2.876,68.205,3.935,282.33
2024-05-01 08:00:00,14.624,60.557,3.065,390.23
2024-02-15 15:00:00,6.261,78.067,4.291,401.59
2024-07-01 15:00:00,25.147,41.406,5.091,497.2
2024-01-02 17:00:00,3.448,68.49,4.062,490.33
2024-04-01 14:00:00,13.307,60.299,2.677,407.83
2024-12-29 08:00:00,-4.371,85.673,5.029,405.45
2024-07-24 12:00:00,22.678,60.391,4.636,288.14
2024-09-25 15:00:00,10.865,63.384,4.454,131.09
2024-09-21 23:00:00,11.614,61.234,3.636,127.15
2024-03-04 03:00:00,7.482,72.933,4.343,1.59
2024-11-21 20:00:00,6.422,78.465,3.319,17.16
2024-12-05 21:00:00,2.334,71.26,3.006,2.64
2024-03-13 04:00:00,8.523,66.29,2.919,7.21
2024-04-28 01:00:00,20.007,57.211,2.697,19.48
2024-09-11 06:00:00,8.041,69.397,1.069,13.62
2024-08-28 02:00:00,14.574,,5.122,0.0
2024-06-29 13:00:00,23.155,52.036,3.682,0.0
2024-04-08 22:00:00,21.331,55.875,3.305,48.91
2024-03-07 02:00:00,9.655,65.232,4.113,0.0
2024-02-29 21:00:00,14.707,61.541,4.171,0.0
2024-08-20 09:00:00,14.32,66.303,0.549,0.0
2024-12-26 03:00:00,-0.609,87.987,2.749,0.0
2024-08-31 15:00:00,15.003,53.466,3.288,165.78
2024-05-27 01:00:00,22.195,43.875,4.95,241.91
2024-05-20 20:00:00,30.307,50.222,3.128,316.12
2024-12-15 01:00:00,-0.611,85.773,2.869,442.06
2024-06-05 01:00:00,24.349,48.46,1.233,507.49
2024-10-16 18:00:00,8.197,65.174,3.2,459.2
2024-05-10 18:00:00,25.549,47.066,2.824,417.86
2024-06-24 09:00:00,18.069,48.558,1.173,402.52
2024-02-27 16:00:00,10.899,62.421,1.574,363.14
2024-01-03 11:00:00,-0.713,84.059,6.526,208.72
2024-03-14 15:00:00,11.481,58.834,0.777,110.95
2024-06-01 21:00:00,27.886,40.887,2.259,26.99
2024-02-28 11:00:00,6.222,71.629,3.685,13.67
2024-12-10 05:00:00,0.4,81.615,3.791,48.12
2024-06-01 12:00:00,20.765,51.318,0.844,0.0
2024-10-06 12:00:00,9.072,72.794,2.316,0.0
2024-06-30 08:00:00,19.347,56.602,4.193,0.0
2024-12-01 01:00:00,1.261,78.294,1.9,2.42
2024-12-02 06:00:00,-1.263,88.053,1.057,21.03
2024-11-24 15:00:00,-0.871,73.515,3.676,0.0
2024-02-04 17:00:00,5.053,65.148,0.112,14.07
2024-02-01 07:00:00,-3.122,81.888,1.173,10.23
2024-02-25 09:00:00,4.398,79.107,1.428,0.0
2024-12-19 17:00:00,1.526,76.678,1.321,15.45
2024-12-27 16:00:00,0.097,78.623,2.217,162.0
2024-05-13 07:00:00,18.54,59.503,1.664,299.58
2024-12-14 05:00:00,-4.391,94.968,2.248,362.57
2024-05-10 22:00:00,24.519,56.29,0.583,483.14
2024-11-14 09:00:00,-1.619,89.238,2.774,582.82
2024-12-17 20:00:00,4.344,71.323,3.147,450.52
2024-01-26 15:00:00,3.652,77.509,3.991,485.83
2024-12-12 05:00:00,-3.225,83.005,4.413,368.42
2024-12-03 15:00:00,-1.901,77.242,3.263,315.83
2024-02-27 20:00:00,11.621,65.106,2.327,252.01
2024-08-26 20:00:00,22.564,54.893,3.341,111.29
2024-08-30 12:00:00,14.014,55.526,4.753,0.0
2024-10-19 14:00:00,4.983,68.555,1.654,12.12
2024-05-06 09:00:00,15.052,63.556,3.882,16.49
2024-06-16 19:00:00,27.377,41.084,5.026,0.0
2024-10-24 22:00:00,9.815,69.339,1.994,21.75
2024-09-05 12:00:00,15.226,65.99,3.757,23.85
2024-07-14 16:00:00,25.846,55.782,0.731,0.0
2024-01-03 18:00:00,3.694,80.099,4.051,2.89
2024-11-24 01:00:00,0.484,78.215,3.624,7.5
2024-11-30 20:00:00,1.824,66.056,1.103,33.35
2024-04-29 19:00:00,21.851,45.947,1.905,0.0
2024-04-29 18:00:00,23.033,50.63,3.521,0.0
2024-03-12 23:00:00,14.636,61.403,1.058,0.0
2024-10-08 18:00:00,12.046,62.478,6.175,140.98
2024-07-04 12:00:00,23.685,45.83,3.847,223.75
2024-12-11 19:00:00,5.829,77.51,4.966,289.11
2024-10-31 14:00:00,,77.961,4.207,416.93
2024-08-22 22:00:00,20.323,50.187,2.622,534.15
2024-11-09 01:00:00,2.9,71.615,1.962,407.72
2024-08-19 19:00:00,23.223,42.452,2.211,410.7
2024-08-27 19:00:00,18.52,46.551,3.768,461.23
2024-11-28 05:00:00,-2.99,86.047,0.771,370.73
2024-10-05 02:00:00,10.322,66.341,3.745,270.49
2024-05-23 21:00:00,25.558,40.84,2.39,153.79
2024-07-14 17:00:00,28.046,43.185,1.467,0.0
2024-03-26 01:00:00,13.536,60.27,3.753,43.45
2024-08-26 02:00:00,17.433,61.43,3.491,0.0
2024-08-11 16:00:00,20.503,56.44,3.336,5.84
2024-07-25 07:00:00,20.19,63.769,5.152,23.88
2024-07-04 00:00:00,23.173,,4.722,0.0
2024-03-02 00:00:00,9.296,68.77,3.37,7.84
2024-05-10 19:00:00,24.615,43.285,2.216,12.82
2024-12-17 02:00:00,1.5,76.656,1.517,0.0
2024-12-07 23:00:00,0.266,79.125,4.495,0.0
2024-05-26 04:00:00,21.87,59.794,4.279,26.21
2024-01-13 20:00:00,6.015,66.086,1.544,9.58
2024-09-08 06:00:00,7.752,76.303,2.284,19.44
2024-08-30 17:00:00,15.767,60.449,4.14,159.05
2024-01-31 10:00:00,-0.075,83.963,2.438,244.17
2024-11-16 00:00:00,4.816,70.44,2.738,353.47
2024-10-09 20:00:00,9.875,63.514,3.819,469.14
2024-04-15 07:00:00,14.422,61.943,5.275,467.49
2024-02-02 01:00:00,7.614,72.878,3.251,527.24
2024-11-11 13:00:00,4.081,76.247,2.473,501.03
2024-07-30 09:00:00,14.503,59.614,2.401,365.1
2024-07-23 17:00:00,25.144,50.451,5.047,387.82
2024-03-25 06:00:00,12.017,68.338,4.538,236.41
2024-08-11 03:00:00,19.959,59.229,4.517,178.55
2024-07-01 19:00:00,25.04,47.17,3.224,0.0
2024-11-15 20:00:00,5.583,68.578,3.09,0.0
2024-05-05 13:00:00,16.99,53.355,3.591,0.0
2024-03-13 01:00:00,14.902,59.084,1.501,0.0
2024-10-03 17:00:00,15.098,59.945,1.577,34.35
2024-05-20 05:00:00,23.097,53.281,4.526,24.84
2024-08-10 18:00:00,22.515,51.415,4.729,0.0
2024-07-12 05:00:00,18.066,57.83,1.234,0.0
2024-08-10 14:00:00,16.482,56.157,3.099,0.0
2024-11-22 06:00:00,-2.563,92.286,4.884,10.62
2024-09-18 03:00:00,12.812,70.654,4.512,14.48
2024-01-10 00:00:00,1.403,78.069,2.692,27.74
2024-07-19 15:00:00,23.05,51.106,1.994,0.0
2024-10-17 22:00:00,9.312,,3.421,161.29
2024-12-06 23:00:00,3.368,78.114,3.358,202.74
2024-04-24 02:00:00,21.598,51.608,0.845,362.32
2024-01-27 09:00:00,-2.123,86.128,4.223,526.33
2024-01-08 05:00:00,-1.562,83.411,4.303,579.26
2024-05-21 12:00:00,21.421,55.864,4.616,545.43
2024-07-25 06:00:00,18.767,63.766,3.971,530.83
2024-01-17 05:00:00,-2.476,79.313,0.125,391.03
2024-08-10 05:00:00,18.865,67.633,4.82,296.92
2024-11-12 18:00:00,6.66,71.395,2.022,323.4
2024-12-22 05:00:00,-3.371,86.609,0.246,149.98
2024-03-29 22:00:00,16.679,51.663,3.065,0.0
2024-01-17 16:00:00,0.521,73.576,0.823,36.53
2024-06-28 05:00:00,18.578,54.139,3.065,2.48
2024-07-21 01:00:00,24.15,,4.515,2.45
2024-10-13 14:00:00,6.546,72.006,3.276,0.0
2024-04-13 02:00:00,17.365,57.139,2.289,0.0
2024-02-12 19:00:00,8.943,63.386,4.519,0.0
2024-05-24 15:00:00,23.685,46.599,4.567,34.41
2024-08-22 00:00:00,19.168,53.944,2.025,1.7
2024-09-22 13:00:00,12.536,71.546,5.26,0.0
2024-03-11 17:00:00,11.757,60.674,3.484,0.0
2024-08-08 23:00:00,23.687,44.441,3.905,23.1
2024-05-31 12:00:00,20.737,50.997,1.556,48.26
2024-08-19 08:00:00,13.704,64.891,0.991,115.9
2024-11-26 18:00:00,7.064,70.468,1.085,290.53
2024-01-15 20:00:00,5.171,70.488,0.519,319.79
2024-08-18 00:00:00,18.85,51.92,3.11,484.66
2024-10-29 10:00:00,-0.221,78.016,3.4,533.82
2024-02-24 16:00:00,11.496,69.95,0.456,491.95
2024-05-02 17:00:00,20.856,51.355,4.438,519.21
2024-05-25 13:00:00,20.885,54.538,3.7,472.33
2024-02-13 18:00:00,7.368,75.446,3.169,354.23
2024-05-09 00:00:00,24.975,49.959,2.788,312.11
2024-04-26 04:00:00,16.316,58.4,2.304,164.03
2024-10-13 05:00:00,1.879,78.34,4.335,17.42
2024-05-27 17:00:00,26.444,45.242,3.979,0.0
2024-04-05 14:00:00,13.769,56.213,2.149,0.0
2024-01-09 08:00:00,-2.634,86.196,2.398,0.0
2024-12-21 11:00:00,-5.416,86.853,0.492,23.59
2024-10-24 13:00:00,4.792,73.697,2.222,0.0
2024-07-21 11:00:00,19.169,52.624,4.511,0.0
2024-12-04 09:00:00,-5.603,93.774,2.523,0.04
2024-03-02 22:00:00,9.252,61.178,4.192,0.0
2024-04-09 21:00:00,18.107,50.411,3.754,23.54
2024-10-20 10:00:00,3.173,75.128,0.377,0.0
2024-08-31 01:00:00,18.27,64.375,3.909,0.0
2024-02-25 06:00:00,2.027,75.165,1.14,0.0
2024-09-19 23:00:00,16.907,64.197,3.328,162.74
2024-02-29 15:00:00,10.453,64.132,2.927,228.69
2024-04-01 18:00:00,19.221,61.656,1.179,397.07
2024-03-18 17:00:00,11.423,53.75,1.842,440.17
2024-06-30 23:00:00,26.682,45.608,4.669,432.28
2024-05-22 08:00:00,20.122,61.062,4.073,453.59
2024-12-30 21:00:00,4.617,69.315,4.462,577.1
2024-04-03 19:00:00,21.448,49.753,0.914,308.68
2024-03-08 03:00:00,5.69,66.71,4.726,340.83
2024-04-20 08:00:00,14.132,56.651,3.279,188.72
2024-08-08 16:00:00,22.005,48.298,3.584,100.5
2024-04-14 06:00:00,12.946,63.575,5.095,18.25
2024-01-16 12:00:00,1.908,83.631,2.233,0.0
2024-02-03 14:00:00,3.86,79.181,2.296,0.0
2024-08-13 08:00:00,14.684,62.893,3.828,9.8
2024-10-30 19:00:00,6.847,70.23,5.189,0.0
2024-11-26 21:00:00,5.291,71.131,2.043,12.7
2024-04-23 16:00:00,19.293,50.04,2.464,18.13
2024-05-30 20:00:00,24.807,33.809,2.25,14.27
2024-08-27 18:00:00,19.644,46.446,3.611,0.0
2024-11-13 00:00:00,3.526,79.324,2.345,17.48
2024-01-26 00:00:00,5.746,70.128,5.744,0.0
2024-03-10 18:00:00,16.316,58.922,1.862,0.0
2024-06-09 14:00:00,23.156,52.418,4.1,0.0
2024-10-19 04:00:00,5.556,75.261,2.435,136.42
2024-08-01 17:00:00,23.899,40.421,1.104,260.39
2024-05-23 07:00:00,19.367,61.131,3.686,357.28
2024-03-08 08:00:00,6.077,75.823,3.344,524.34
2024-10-13 13:00:00,4.732,70.576,4.895,523.61
2024-09-02 00:00:00,13.036,60.108,4.686,430.88
2024-09-27 17:00:00,15.206,57.694,2.016,427.88
2024-11-27 07:00:00,-1.272,86.726,1.243,390.42
2024-07-09 21:00:00,25.405,47.401,1.876,423.92
2024-12-02 03:00:00,1.126,82.388,1.027,308.8
2024-11-08 18:00:00,6.667,66.783,1.232,126.99
2024-10-27 12:00:00,0.293,82.991,3.612,0.0
2024-11-09 00:00:00,5.092,71.935,1.133,0.0
2024-02-11 19:00:00,7.397,73.106,5.234,0.0
2024-10-21 04:00:00,6.396,81.035,1.991,29.58
2024-11-27 04:00:00,0.588,77.557,2.893,7.82
2024-06-09 10:00:00,19.405,57.257,4.738,3.22
2024-10-20 05:00:00,1.301,81.547,1.283,19.84
2024-12-13 16:00:00,-1.523,75.329,4.676,21.11
2024-11-27 20:00:00,3.825,70.441,2.812,0.0
2024-01-17 10:00:00,0.05,81.083,0.812,0.0
2024-01-29 23:00:00,5.038,75.06,3.384,0.0
2024-05-19 19:00:00,25.871,48.351,2.998,8.55
2024-10-03 01:00:00,6.382,70.706,2.284,0.0
2024-03-19 00:00:00,13.239,66.994,4.115,166.76
2024-10-16 01:00:00,6.737,72.158,4.066,279.73
2024-12-13 21:00:00,6.234,70.97,3.899,322.21
2024-05-05 18:00:00,23.192,45.345,2.753,433.4
2024-05-20 01:00:00,20.408,52.721,4.186,415.37
2024-05-22 17:00:00,27.352,41.732,4.767,615.52
2024-02-28 15:00:00,11.494,67.171,1.981,490.34
2024-10-06 19:00:00,13.133,61.1,2.229,345.57
2024-11-09 16:00:00,2.028,64.635,1.787,348.14
2024-05-07 11:00:00,17.284,57.52,3.218,315.03
2024-10-04 08:00:00,2.551,77.836,2.264,146.53
2024-10-31 01:00:00,3.113,69.081,3.449,1.52
2024-08-31 13:00:00,13.741,68.527,3.417,9.19
2024-04-29 05:00:00,17.668,63.996,2.833,2.65
2024-06-30 14:00:00,24.86,49.801,4.242,12.34
2024-10-15 15:00:00,5.713,71.708,4.002,6.64
2024-07-22 19:00:00,23.812,48.057,4.683,5.49
2024-04-04 09:00:00,13.347,77.582,1.302,9.61
2024-12-01 19:00:00,2.635,72.007,1.912,10.46
2024-10-04 14:00:00,10.392,67.785,1.426,38.44
2024-06-07 03:00:00,22.113,47.835,3.54,0.0
2024-05-29 06:00:00,23.199,56.911,2.588,0.0
2024-05-11 08:00:00,12.131,64.463,2.795,15.09
2024-09-04 14:00:00,14.966,62.792,3.748,22.74
2024-06-15 07:00:00,19.256,59.043,4.26,156.7
2024-05-19 23:00:00,23.37,52.873,2.126,291.13
2024-03-23 05:00:00,10.142,69.396,5.541,374.42
2024-03-23 16:00:00,16.335,63.405,4.315,429.75
2024-10-10 18:00:00,11.919,64.216,3.171,357.84
2024-03-12 08:00:00,2.442,69.11,3.221,377.76
2024-06-23 19:00:00,26.946,38.79,0.343,445.71
2024-09-17 18:00:00,13.968,50.908,4.345,325.87
2024-08-26 16:00:00,18.968,51.321,2.57,350.57
2024-09-25 17:00:00,14.093,59.404,3.586,289.82
2024-05-21 03:00:00,,55.416,4.361,141.83
2024-03-11 12:00:00,9.717,67.339,1.625,0.0
2024-05-10 23:00:00,22.976,49.007,2.063,0.0
2024-08-14 04:00:00,15.497,65.045,4.498,5.56
2024-05-06 04:00:00,17.766,57.009,5.132,17.85
2024-05-06 03:00:00,20.457,51.211,3.379,8.18
2024-07-13 05:00:00,19.673,62.271,1.037,0.0
2024-12-02 14:00:00,1.142,79.852,2.211,52.68
2024-09-30 08:00:00,5.095,74.127,2.784,0.0
2024-11-23 14:00:00,-1.39,83.986,3.755,7.57
2024-10-23 09:00:00,-0.287,77.871,1.626,6.82
2024-01-02 12:00:00,-1.313,85.135,1.78,0.0
2024-08-19 05:00:00,17.577,58.856,2.099,18.38
2024-11-09 11:00:00,0.685,76.143,1.977,9.43
2024-10-23 05:00:00,3.093,73.901,1.828,157.67
2024-07-24 01:00:00,23.501,55.143,5.303,241.44
2024-12-13 04:00:00,-1.671,80.922,3.479,255.64
2024-06-24 19:00:00,24.577,38.643,1.099,444.92
2024-12-25 18:00:00,1.531,65.381,1.775,453.3
2024-08-29 14:00:00,17.066,60.805,3.983,502.3
2024-12-17 16:00:00,0.573,80.957,2.782,490.36
2024-01-16 05:00:00,-2.254,85.704,1.587,351.0
2024-01-12 20:00:00,8.788,76.781,1.941,291.47
2024-07-09 23:00:00,27.553,36.192,1.445,275.09
2024-09-20 02:00:00,13.673,68.123,3.635,121.74
2024-08-10 16:00:00,20.952,52.717,4.905,0.0
2024-07-01 23:00:00,28.06,49.165,3.374,0.56
2024-12-08 19:00:00,8.003,71.478,4.542,3.99
2024-03-23 13:00:00,9.101,70.028,4.451,21.62
2024-12-12 04:00:00,-3.073,86.007,4.36,0.0
2024-04-05 23:00:00,18.542,55.092,1.628,0.0
2024-10-29 23:00:00,7.549,66.843,5.456,0.0
2024-01-24 16:00:00,0.775,69.293,3.861,0.0
2024-11-12 11:00:00,-1.696,80.077,1.725,5.13
2024-01-15 09:00:00,-2.242,90.2,1.482,50.69
2024-11-01 01:00:00,4.654,82.026,3.561,0.0
2024-11-29 15:00:00,4.419,76.682,3.134,14.78
2024-03-31 05:00:00,9.603,76.766,2.063,0.0
2024-02-29 06:00:00,3.829,83.056,4.053,167.62
2024-11-14 04:00:00,-1.892,81.534,2.933,254.95
2024-03-25 00:00:00,14.555,57.439,6.729,324.25
2024-07-14 14:00:00,22.584,52.74,0.613,454.01
2024-08-04 00:00:00,24.34,46.484,1.629,491.53
2024-02-08 05:00:00,1.724,82.173,3.125,594.84
2024-09-03 03:00:00,8.91,63.738,4.683,496.34
2024-05-30 18:00:00,28.893,43.173,3.547,451.4
2024-06-26 14:00:00,25.286,54.888,3.961,340.23
2024-05-28 16:00:00,25.534,37.611,3.398,241.46
2024-04-04 04:00:00,13.85,65.153,1.408,69.75
2024-10-14 06:00:00,2.162,75.37,4.043,21.63
2024-07-24 16:00:00,23.922,53.442,4.588,0.0
2024-04-06 16:00:00,18.253,59.387,1.613,22.93
2024-10-12 15:00:00,11.361,64.166,4.951,0.0
2024-08-11 12:00:00,17.041,62.662,5.207,43.96
2024-11-10 06:00:00,0.539,87.04,2.261,0.0
2024-06-03 08:00:00,19.281,58.541,1.613,0.0
2024-12-14 03:00:00,0.725,88.727,5.286,18.06
2024-08-23 05:00:00,11.32,68.224,2.907,28.19
2024-04-14 10:00:00,18.851,68.613,4.16,24.65
2024-08-20 11:00:00,,57.609,2.614,0.0
2024-06-07 05:00:00,21.288,54.424,2.379,0.0
2024-07-12 03:00:00,16.811,54.525,1.673,7.12
2024-07-18 14:00:00,22.082,52.218,0.364,163.71
2024-08-20 12:00:00,19.256,56.626,0.815,302.34
2024-03-04 02:00:00,8.588,73.425,4.784,400.26
2024-11-28 11:00:00,-5.159,83.066,1.823,468.54
2024-05-26 21:00:00,24.72,51.148,5.422,595.34
2024-07-21 23:00:00,27.529,45.262,4.266,471.87
2024-06-28 17:00:00,27.383,41.796,4.311,507.08
2024-05-18 18:00:00,27.307,44.009,3.519,479.88
2024-09-15 13:00:00,14.535,64.898,2.783,435.56
2024-03-16 23:00:00,12.833,59.938,2.019,288.93
2024-07-22 03:00:00,19.282,55.193,4.291,143.33
2024-02-19 09:00:00,3.904,77.22,2.958,0.0
2024-04-24 00:00:00,,57.765,1.816,0.0
2024-12-08 15:00:00,2.049,78.662,3.228,1.48
2024-07-26 21:00:00,29.847,47.429,4.036,0.0
2024-10-12 06:00:00,3.979,82.4,4.286,20.2
2024-09-30 04:00:00,7.445,76.562,2.653,9.84
2024-03-06 07:00:00,6.201,70.208,2.987,0.0
2024-01-08 06:00:00,-2.313,89.924,3.127,0.0
2024-09-04 21:00:00,16.137,58.693,4.558,0.0
2024-12-09 03:00:00,0.552,82.475,4.863,0.0
2024-04-12 20:00:00,21.858,47.777,4.928,0.0
2024-03-24 03:00:00,13.717,66.338,4.75,28.31
2024-03-04 20:00:00,13.318,65.97,5.081,0.0
2024-04-13 15:00:00,17.771,54.91,5.127,131.9
2024-11-08 19:00:00,5.301,64.627,2.166,297.47
2024-03-09 07:00:00,3.956,75.498,3.163,385.3
2024-09-05 21:00:00,14.751,50.566,3.326,524.71
2024-07-22 01:00:00,23.597,54.847,5.056,514.06
2024-07-01 20:00:00,28.018,39.962,4.713,479.49
2024-04-14 11:00:00,16.418,68.103,5.17,511.24
2024-06-21 02:00:00,23.557,48.892,1.025,367.39
2024-01-23 14:00:00,,74.278,4.31,333.19
2024-03-06 04:00:00,8.462,75.705,4.963,281.84
2024-07-31 05:00:00,21.271,59.449,0.0,140.26
2024-04-06 00:00:00,21.054,44.885,3.017,40.42
2024-04-10 18:00:00,20.411,50.108,2.58,0.0
2024-01-04 08:00:00,-3.984,89.372,5.424,9.6
2024-06-18 18:00:00,26.659,43.117,3.179,5.68
2024-03-20 13:00:00,11.222,66.716,2.634,0.0
2024-06-02 23:00:00,25.736,37.887,0.665,0.0
2024-01-18 02:00:00,2.77,74.105,3.071,17.09
2024-08-25 02:00:00,17.035,55.431,1.497,6.4
2024-07-10 08:00:00,20.225,57.227,3.024,0.0
2024-07-20 00:00:00,24.245,46.226,3.244,0.0
2024-08-27 11:00:00,14.068,65.055,1.829,20.99
2024-12-26 21:00:00,1.438,77.045,2.765,0.0
2024-10-05 04:00:00,6.692,67.01,2.056,2.54
2024-08-07 03:00:00,22.622,53.948,2.094,154.9
2024-04-13 21:00:00,23.28,51.296,4.003,311.49
2024-05-24 14:00:00,22.631,44.77,4.103,401.92
2024-11-02 03:00:00,0.328,72.835,3.644,436.15
2024-03-25 04:00:00,11.139,71.433,6.323,489.99
2024-05-04 05:00:00,19.855,63.067,3.771,593.7
2024-03-11 01:00:00,11.14,62.409,4.243,518.15
2024-02-22 14:00:00,7.591,73.527,1.113,434.97
2024-06-19 06:00:00,22.083,57.718,1.122,334.51
2024-11-28 15:00:00,5.193,74.723,1.099,278.95
2024-06-03 02:00:00,25.213,46.902,2.819,92.64
2024-05-27 15:00:00,22.148,39.394,2.953,0.0
2024-10-26 15:00:00,5.876,72.201,2.145,10.03
2024-10-17 09:00:00,3.97,81.257,2.781,13.48
2024-07-31 16:00:00,23.752,47.381,0.0,10.04
2024-10-01 00:00:00,10.342,57.751,1.941,5.26
2024-02-15 05:00:00,3.316,77.698,4.982,0.0
2024-03-22 16:00:00,14.314,67.196,3.022,0.0
2024-09-24 11:00:00,7.625,74.727,3.471,14.26
2024-02-13 14:00:00,6.205,69.637,4.115,0.0
2024-12-05 00:00:00,0.699,80.039,1.912,0.0
2024-04-18 02:00:00,,60.159,4.061,14.1
2024-05-13 23:00:00,27.652,43.537,2.027,0.0
2024-06-02 11:00:00,22.859,58.001,1.109,0.0
2024-06-14 02:00:00,24.04,57.952,3.587,111.69
2024-01-12 17:00:00,4.969,71.689,0.927,247.5
2024-01-03 22:00:00,4.474,72.021,3.722,379.1
2024-07-09 07:00:00,17.237,60.45,2.018,487.94
2024-02-26 15:00:00,8.737,65.414,1.43,539.72
2024-08-08 13:00:00,17.174,59.482,3.004,629.88
2024-03-09 22:00:00,13.815,67.361,3.904,557.49
2024-08-22 06:00:00,12.315,66.589,2.494,388.37
2024-07-16 13:00:00,22.607,56.461,1.394,395.25
2024-05-21 05:00:00,19.933,55.347,5.133,276.34
2024-04-24 21:00:00,21.299,53.215,1.936,155.62
2024-02-10 02:00:00,4.889,73.859,4.069,24.92
2024-09-24 10:00:00,,68.186,4.355,29.68
2024-09-14 14:00:00,9.816,63.911,2.81,0.0
2024-04-09 07:00:00,12.099,71.517,3.25,5.34
2024-03-04 05:00:00,7.044,70.827,5.31,0.0
2024-03-09 23:00:00,12.038,59.529,4.158,0.0
2024-01-12 00:00:00,2.494,74.041,2.04,0.0
2024-04-17 20:00:00,20.123,50.998,3.365,0.0
2024-10-13 10:00:00,1.199,78.27,3.944,12.59
2024-07-28 22:00:00,27.815,46.136,3.286,23.57
2024-07-05 14:00:00,21.052,49.265,3.684,0.0
2024-10-03 02:00:00,9.708,68.674,1.489,20.65
2024-12-26 17:00:00,5.888,69.416,3.656,0.0
2024-05-02 04:00:00,16.493,60.368,3.334,175.25
2024-06-29 15:00:00,23.705,50.072,3.003,285.5
2024-06-13 22:00:00,29.405,47.931,5.161,396.3
2024-12-12 18:00:00,6.799,71.59,4.864,539.84
2024-02-11 21:00:00,9.27,63.996,4.108,528.66
2024-10-15 13:00:00,3.3,68.248,2.017,545.36
2024-06-13 03:00:00,21.505,51.95,4.981,504.97
2024-12-28 22:00:00,3.415,70.704,3.734,401.24
2024-07-22 09:00:00,20.752,57.987,3.792,375.71
2024-12-07 20:00:00,3.527,72.725,3.18,244.35
2024-09-21 11:00:00,10.946,66.716,3.657,127.45
2024-06-04 12:00:00,17.956,56.457,1.426,0.0
2024-12-05 22:00:00,4.583,69.528,3.153,0.0
2024-07-03 10:00:00,20.832,61.006,4.272,20.84
2024-03-15 10:00:00,6.948,65.825,2.154,0.0
2024-10-14 19:00:00,10.119,58.055,4.409,0.0
2024-09-15 02:00:00,7.84,59.678,2.082,30.47
2024-09-23 02:00:00,11.027,65.594,5.769,30.74
2024-04-12 09:00:00,13.195,71.494,5.314,0.0
2024-03-12 06:00:00,8.881,71.164,1.493,0.0
2024-09-26 14:00:00,10.523,64.504,3.006,0.0
2024-01-10 01:00:00,1.403,81.231,3.134,0.0
2024-03-05 19:00:00,13.461,56.594,4.379,0.0
2024-07-16 16:00:00,27.638,54.688,1.196,0.0
2024-11-02 01:00:00,2.884,79.172,4.416,111.74
2024-08-17 15:00:00,20.715,56.689,3.002,288.36
2024-09-07 06:00:00,10.318,69.976,2.556,409.21
2024-01-02 23:00:00,5.042,71.53,3.228,494.98
2024-10-05 02:00:00,10.322,66.341,3.745,466.72
2024-11-26 04:00:00,-1.664,84.635,2.304,464.14
2024-06-25 17:00:00,28.375,48.664,2.47,503.46
2024-06-01 13:00:00,21.067,60.653,1.447,413.82
2024-05-20 18:00:00,26.784,46.001,4.553,400.15
2024-07-01 16:00:00,24.662,43.969,4.214,287.88
2024-05-09 09:00:00,17.887,58.494,4.09,156.62
2024-02-26 22:00:00,10.787,63.994,1.482,2.44
2024-02-26 04:00:00,2.912,71.363,2.26,0.0
2024-07-12 23:00:00,29.799,43.749,2.59,19.42
2024-06-08 00:00:00,25.087,51.289,3.15,24.73
2024-10-28 17:00:00,6.485,64.875,3.708,36.1
2024-01-03 10:00:00,-2.509,86.198,5.401,0.0
2024-03-21 18:00:00,17.625,57.918,4.231,4.47
2024-07-22 20:00:00,25.118,42.906,5.594,6.78
2024-07-04 23:00:00,28.537,44.149,5.706,0.0
2024-06-28 20:00:00,25.835,43.225,3.739,0.86
2024-08-09 22:00:00,22.237,45.291,3.265,0.0
2024-09-22 15:00:00,14.29,65.396,4.065,0.0
2024-05-28 04:00:00,22.283,53.553,4.251,0.0
2024-07-28 05:00:00,17.276,58.731,3.984,130.61
2024-01-07 02:00:00,-1.639,77.8,3.952,171.41
2024-09-04 11:00:00,16.153,59.748,5.261,413.18
2024-05-17 07:00:00,16.288,63.022,1.537,448.73
2024-07-08 07:00:00,18.441,63.617,3.299,454.74
2024-12-20 13:00:00,0.036,81.173,2.931,634.31
2024-06-23 03:00:00,22.323,58.496,0.605,509.11
2024-11-27 23:00:00,2.976,77.844,2.383,457.69
2024-01-11 03:00:00,1.393,85.27,3.439,388.49
2024-05-29 20:00:00,25.454,42.683,2.533,270.37
2024-11-02 12:00:00,2.232,74.912,4.16,148.57
2024-04-05 11:00:00,14.197,67.357,1.326,0.0
2024-10-17 16:00:00,8.924,71.016,2.228,0.0
2024-12-26 07:00:00,-4.167,94.229,5.005,0.0
2024-02-14 20:00:00,6.398,67.922,4.155,5.87
2024-11-21 01:00:00,1.155,66.078,3.445,16.97
2024-05-22 02:00:00,21.394,54.57,4.934,13.91
2024-06-30 16:00:00,26.348,43.858,4.699,0.0
2024-11-18 02:00:00,4.419,77.992,4.246,0.0
2024-05-19 20:00:00,26.447,39.494,3.511,0.0
2024-01-08 13:00:00,-1.925,75.074,4.271,0.0
2024-02-03 02:00:00,1.514,71.347,2.225,0.0
2024-12-19 05:00:00,-5.621,90.447,1.496,0.0
2024-11-06 04:00:00,-2.1,78.034,3.117,0.0
2024-07-13 15:00:00,21.11,49.771,0.623,105.83
2024-05-19 04:00:00,21.576,59.713,2.799,264.23
2024-05-02 10:00:00,13.678,60.375,5.219,425.18
2024-06-14 08:00:00,23.579,53.335,5.245,388.35
2024-02-17 03:00:00,5.443,76.081,3.041,583.91
2024-01-22 15:00:00,4.3,68.465,3.794,602.03
2024-02-05 14:00:00,6.312,72.861,2.676,521.3
2024-05-26 22:00:00,26.077,50.9,5.22,461.1
2024-10-16 12:00:00,3.867,78.34,4.549,404.7
2024-08-04 22:00:00,26.019,42.322,2.018,242.2
2024-07-02 07:00:00,21.545,58.733,4.044,167.2
2024-02-16 01:00:00,4.707,66.523,3.933,6.79
2024-06-24 12:00:00,23.396,53.738,2.379,22.55
2024-12-26 01:00:00,-0.258,71.513,3.942,0.0
2024-02-02 17:00:00,8.09,68.675,2.62,7.66
2024-03-29 23:00:00,15.648,55.886,3.621,3.87
2024-01-09 19:00:00,6.629,71.777,3.294,0.0
2024-10-14 13:00:00,5.964,74.418,3.896,0.0
2024-10-13 20:00:00,11.412,67.917,4.841,20.4
2024-01-28 18:00:00,5.642,69.082,3.673,0.0
2024-11-08 21:00:00,5.799,72.858,1.847,14.88
2024-12-14 00:00:00,2.812,78.585,3.721,0.0
2024-05-15 23:00:00,26.797,48.337,0.451,11.95
2024-03-02 17:00:00,10.498,65.52,4.345,0.0
2024-03-26 13:00:00,11.655,62.784,6.017,150.54
2024-04-13 01:00:00,15.367,56.928,4.369,249.39
2024-11-08 10:00:00,-5.624,86.787,2.751,401.54
2024-10-06 18:00:00,8.37,66.935,3.405,444.21
2024-10-02 08:00:00,3.819,79.83,2.894,539.25
2024-04-08 07:00:00,12.727,73.293,1.266,485.85
2024-03-16 10:00:00,6.841,74.305,1.323,566.0
2024-10-19 01:00:00,9.619,72.94,1.718,551.94
2024-09-24 02:00:00,11.657,65.985,5.316,382.78
2024-11-17 12:00:00,-1.537,78.196,2.917,240.67
2024-12-15 18:00:00,1.982,77.881,2.148,121.88
2024-01-05 20:00:00,4.404,70.951,5.398,0.0
2024-03-18 19:00:00,17.479,58.729,1.756,0.0
2024-04-14 12:00:00,12.574,67.451,5.562,0.0
2024-08-21 10:00:00,13.805,61.467,2.584,4.09
2024-10-20 21:00:00,10.255,72.736,1.826,12.42
2024-01-26 20:00:00,4.961,71.515,4.034,0.0
2024-12-18 10:00:00,-5.019,85.45,2.307,40.19
2024-02-11 07:00:00,-2.841,88.204,3.99,6.15
2024-11-10 09:00:00,-0.445,90.508,0.087,0.0
2024-09-27 12:00:00,9.975,65.936,4.606,6.64
2024-05-06 01:00:00,21.02,55.553,4.714,0.0
2024-12-21 23:00:00,2.821,73.182,0.0,10.11
2024-08-01 00:00:00,22.823,54.587,0.829,11.45
2024-11-03 11:00:00,1.419,84.303,3.68,107.2
2024-08-22 11:00:00,16.357,61.561,0.644,263.71
2024-11-01 15:00:00,5.409,69.892,4.669,422.95
2024-01-30 15:00:00,3.762,69.466,3.286,449.19
2024-08-08 00:00:00,20.708,50.963,3.199,531.43
2024-04-12 04:00:00,14.507,57.961,5.984,538.17
2024-07-07 13:00:00,24.469,47.329,4.706,407.95
2024-03-02 12:00:00,6.123,73.735,3.96,495.7
2024-01-16 18:00:00,8.702,74.136,1.773,365.78
2024-12-21 21:00:00,1.421,71.999,2.565,258.36
2024-07-11 05:00:00,19.418,53.798,1.546,129.14
2024-08-07 20:00:00,21.37,51.313,4.285,0.0
2024-05-01 16:00:00,20.646,53.13,3.953,0.0
2024-09-14 21:00:00,19.094,54.947,2.736,9.89
2024-01-18 11:00:00,-1.218,82.664,2.154,9.98
2024-11-20 05:00:00,0.439,84.019,3.725,0.0
2024-03-25 09:00:00,9.499,73.47,4.9,0.0
2024-10-02 10:00:00,6.999,75.454,0.267,14.05
2024-01-25 07:00:00,2.485,90.243,4.911,11.88
2024-06-09 12:00:00,24.147,58.377,3.663,10.8
2024-04-13 20:00:00,19.93,58.535,4.787,0.0
2024-09-04 20:00:00,15.964,53.143,4.841,1.41
2024-06-17 10:00:00,17.618,57.592,2.244,7.64
2024-12-11 08:00:00,-5.034,91.496,4.285,0.0
2024-03-22 00:00:00,15.532,51.319,3.374,137.2
2024-04-29 01:00:00,20.246,53.272,4.871,329.61
2024-04-24 01:00:00,20.452,42.794,2.47,393.59
2024-07-05 15:00:00,26.494,49.145,5.003,517.15
2024-02-01 13:00:00,2.472,,2.597,561.44
2024-02-11 01:00:00,3.648,64.962,4.463,569.34
2024-07-26 16:00:00,24.694,45.211,4.512,644.12
2024-04-26 16:00:00,21.468,54.301,0.975,482.98
2024-08-01 07:00:00,18.501,58.41,1.173,386.04
2024-09-11 21:00:00,15.902,56.406,3.212,322.86
2024-09-02 20:00:00,19.236,49.808,5.226,181.96
2024-03-05 15:00:00,9.604,66.492,4.447,23.5
2024-12-07 08:00:00,-3.883,92.187,3.926,0.0
2024-03-09 21:00:00,12.969,58.699,3.604,10.91
2024-01-13 18:00:00,6.794,74.573,0.0,0.0
2024-01-21 01:00:00,1.117,78.371,3.167,21.89
2024-09-19 17:00:00,16.486,50.844,5.02,0.0
2024-04-28 05:00:00,19.563,66.628,1.629,9.54
2024-08-14 16:00:00,19.802,47.836,4.531,5.86
2024-11-21 06:00:00,-1.35,79.637,4.364,0.0
2024-05-23 16:00:00,24.006,44.178,4.22,0.0
2024-12-26 05:00:00,-6.282,,2.483,0.77
2024-08-20 18:00:00,20.14,47.87,1.394,10.41
2024-04-30 19:00:00,24.164,47.855,3.349,14.92
2024-07-08 08:00:00,20.047,58.996,3.221,125.9
2024-02-13 11:00:00,2.133,76.966,3.37,186.38
2024-01-28 03:00:00,3.629,73.095,4.208,348.58
2024-12-14 14:00:00,1.064,77.109,4.139,531.76
2024-09-27 09:00:00,8.764,78.58,2.565,485.12
2024-02-03 20:00:00,10.065,63.784,1.62,604.19
2024-03-22 20:00:00,17.413,48.905,5.078,487.32
2024-09-02 13:00:00,11.591,59.672,4.126,506.74
2024-03-04 17:00:00,9.55,66.666,3.718,371.53
2024-11-03 15:00:00,3.135,70.547,3.66,289.78
2024-02-14 18:00:00,10.457,68.795,4.367,74.4
2024-05-11 03:00:00,19.046,64.075,2.629,29.2
2024-06-07 09:00:00,16.99,58.3,4.12,0.0
2024-01-26 08:00:00,-4.818,84.148,6.116,0.0
2024-06-26 16:00:00,25.811,45.918,0.843,8.82
2024-06-11 22:00:00,24.796,40.489,4.692,33.41
2024-08-13 21:00:00,20.774,47.332,3.856,0.0
2024-05-03 07:00:00,14.39,61.957,5.807,0.0
2024-03-28 00:00:00,14.831,61.696,3.373,5.18
2024-11-20 01:00:00,0.641,74.23,5.288,0.0
2024-12-06 22:00:00,3.749,71.317,3.68,11.29
2024-09-10 23:00:00,17.907,55.251,1.368,5.16
2024-06-26 01:00:00,24.851,52.975,2.448,13.05
2024-01-02 15:00:00,1.7,74.945,4.075,20.65
2024-09-14 06:00:00,10.072,68.215,1.828,176.63
2024-04-26 14:00:00,18.489,54.336,1.533,279.45
2024-06-20 17:00:00,26.58,37.266,0.323,395.35
2024-03-15 03:00:00,8.687,67.752,0.652,537.16
2024-03-21 23:00:00,14.417,53.173,2.505,526.78
2024-11-24 19:00:00,6.844,69.638,3.27,572.29
2024-07-20 03:00:00,22.759,50.853,2.542,582.09
2024-11-19 04:00:00,-2.181,81.646,4.519,432.73
2024-10-17 20:00:00,7.978,70.106,1.975,404.2
2024-03-08 18:00:00,12.198,61.16,3.106,305.89
2024-10-23 08:00:00,3.65,90.356,1.295,111.25
2024-06-14 23:00:00,24.757,45.165,3.575,10.31
2024-09-20 01:00:00,13.82,66.333,5.955,18.69
2024-03-14 18:00:00,14.305,63.657,1.1,0.0
2024-04-29 09:00:00,15.207,67.14,1.488,15.25
2024-09-29 03:00:00,9.636,62.104,0.38,39.21
2024-06-29 20:00:00,29.526,43.61,3.843,0.0
2024-08-03 02:00:00,20.447,67.378,2.694,0.0
2024-01-22 05:00:00,-2.412,84.894,4.52,0.0
2024-05-22 10:00:00,16.818,53.428,4.566,24.44
2024-04-11 00:00:00,15.681,57.402,4.593,12.5
2024-04-12 14:00:00,17.496,60.073,3.877,0.0
2024-09-23 08:00:00,4.209,74.664,4.416,0.0
2024-04-02 14:00:00,16.003,59.805,2.501,24.69
2024-07-11 22:00:00,23.852,43.602,1.012,137.2
2024-05-17 23:00:00,25.725,47.647,2.647,311.08
2024-04-08 21:00:00,20.622,51.776,2.928,359.3
2024-12-29 06:00:00,-2.336,92.851,4.603,572.55
2024-06-07 10:00:00,18.079,62.94,4.289,593.41
2024-11-03 20:00:00,8.323,64.942,2.498,584.93
2024-10-01 23:00:00,15.4,58.061,1.862,584.62
2024-12-22 17:00:00,4.124,73.092,1.406,406.95
2024-05-31 19:00:00,27.148,43.429,0.82,416.13
2024-03-06 10:00:00,7.102,78.286,4.516,261.59
2024-08-20 05:00:00,14.333,64.57,2.368,70.09
2024-01-30 19:00:00,8.75,75.308,3.813,0.0
2024-05-13 19:00:00,23.36,40.527,2.699,0.0
2024-01-18 06:00:00,-1.377,75.117,2.343,3.08
2024-02-29 20:00:00,11.502,67.328,4.534,14.8
2024-05-04 17:00:00,22.84,48.571,3.933,17.57
2024-08-28 14:00:00,16.895,55.754,4.213,9.02
2024-03-31 02:00:00,15.156,59.597,2.24,9.64
2024-05-10 07:00:00,19.742,55.927,1.562,10.27
2024-03-17 03:00:00,12.885,72.334,0.3,7.63
2024-07-10 05:00:00,18.47,56.868,3.134,23.59
2024-10-16 10:00:00,-0.244,67.391,3.349,0.0
2024-02-02 21:00:00,4.19,57.146,1.086,0.0
2024-02-27 08:00:00,2.359,72.573,2.122,0.0
2024-11-05 21:00:00,7.005,67.547,2.899,167.0
2024-12-16 08:00:00,-5.115,89.69,3.443,301.42
2024-11-25 09:00:00,-3.003,88.575,3.593,399.72
2024-05-19 17:00:00,25.272,46.759,3.538,556.43
2024-02-07 02:00:00,5.537,77.427,2.173,522.23
2024-01-08 01:00:00,0.331,74.928,4.145,637.56
2024-04-16 01:00:00,19.193,54.372,3.173,513.78
2024-12-10 07:00:00,-3.883,85.145,5.71,416.14
2024-10-04 18:00:00,10.044,69.379,1.56,445.56
2024-12-05 13:00:00,-1.707,87.379,2.088,284.21
2024-10-24 10:00:00,0.7,86.063,0.997,128.57
2024-06-12 22:00:00,27.479,50.941,4.658,0.0
2024-07-19 08:00:00,21.03,53.643,2.531,0.0
2024-02-26 12:00:00,4.389,74.07,1.831,0.0
2024-08-13 11:00:00,15.283,60.939,3.228,3.21
2024-08-09 12:00:00,14.987,50.725,3.675,20.77
2024-07-27 20:00:00,25.57,43.449,2.938,33.52
2024-04-28 19:00:00,24.828,48.661,2.536,5.25
2024-05-09 19:00:00,25.416,50.047,4.029,0.0
2024-04-17 04:00:00,15.023,62.26,4.021,18.59
2024-08-20 14:00:00,20.794,55.253,0.576,9.34
2024-05-08 15:00:00,24.193,50.949,2.174,26.33
2024-10-13 01:00:00,9.978,70.013,4.619,0.0
2024-11-30 05:00:00,-3.226,80.25,1.751,0.0
2024-10-14 01:00:00,7.761,61.511,3.592,162.99
2024-04-17 05:00:00,14.644,66.216,3.699,323.65
2024-04-14 22:00:00,20.057,48.923,3.647,438.24
2024-02-29 16:00:00,11.499,69.649,3.212,476.82
2024-04-09 09:00:00,10.821,67.213,2.535,480.89
2024-01-24 14:00:00,-1.526,78.621,5.347,522.92
2024-06-21 09:00:00,20.739,59.355,1.309,567.76
2024-12-23 09:00:00,-5.608,91.491,1.987,613.4
2024-07-07 06:00:00,20.607,55.447,2.841,425.11
2024-05-15 11:00:00,19.566,55.481,2.502,268.55
2024-05-14 05:00:00,20.274,59.206,1.324,139.77
2024-05-07 23:00:00,26.718,39.01,4.632,4.19
2024-11-25 00:00:00,5.384,76.337,3.393,0.0
2024-08-10 09:00:00,14.239,62.122,4.764,25.78
2024-04-21 09:00:00,13.447,68.193,1.827,0.0
2024-11-24 23:00:00,2.913,73.023,5.141,13.83
2024-06-21 20:00:00,27.068,45.779,1.574,0.0
2024-04-05 22:00:00,18.036,54.876,1.85,36.45
2024-05-30 00:00:00,23.795,45.322,,30.23
2024-09-21 03:00:00,10.367,70.236,3.178,11.93
2024-06-04 21:00:00,28.391,45.4,0.792,59.31
2024-06-08 03:00:00,20.609,50.963,4.107,24.27
2024-07-16 12:00:00,,52.663,1.787,0.0
2024-03-29 01:00:00,13.083,57.864,3.06,0.0
2024-07-24 13:00:00,22.901,57.959,5.289,153.61
2024-10-31 18:00:00,5.435,63.122,5.853,306.04
2024-11-13 04:00:00,-1.252,75.074,2.202,412.65
2024-08-06 20:00:00,23.329,51.687,3.657,507.77
2024-04-12 23:00:00,23.711,56.04,2.996,644.21
2024-07-06 06:00:00,21.583,54.231,3.196,500.42
2024-03-25 08:00:00,3.596,69.15,5.752,612.05
2024-07-22 07:00:00,20.021,51.274,4.563,403.79
2024-12-24 12:00:00,-0.847,90.827,2.745,394.28
2024-10-25 19:00:00,8.366,68.606,3.345,362.55
2024-01-12 19:00:00,2.584,73.381,1.439,145.35
2024-10-10 16:00:00,8.983,63.765,4.505,32.69
2024-01-25 15:00:00,2.437,71.0,4.434,9.06
2024-08-10 20:00:00,19.947,53.006,4.533,0.0
2024-07-09 01:00:00,27.443,50.238,2.133,0.0
2024-02-23 01:00:00,7.272,62.693,1.487,0.0
2024-11-14 19:00:00,5.255,70.389,2.269,23.21
2024-05-09 14:00:00,19.008,52.075,3.249,0.0
2024-08-08 15:00:00,20.593,55.778,3.842,0.0
2024-05-21 18:00:00,26.327,46.57,1.729,11.57
2024-12-11 11:00:00,1.257,88.377,3.618,37.56
2024-08-16 09:00:00,15.49,63.029,2.616,0.0
2024-03-02 10:00:00,3.464,74.759,3.228,0.0
2024-11-05 17:00:00,4.41,66.098,3.01,5.75
2024-10-29 07:00:00,3.707,81.981,3.368,156.31
2024-12-29 10:00:00,-2.778,87.751,3.722,257.3
2024-08-30 00:00:00,22.818,60.948,4.658,360.39
2024-02-17 13:00:00,7.16,72.838,4.5,579.84
2024-06-09 00:00:00,24.708,36.889,4.485,551.32
2024-07-07 09:00:00,21.514,56.283,3.268,699.52
2024-05-25 03:00:00,21.733,55.984,3.925,527.18
2024-06-13 13:00:00,20.593,60.319,4.5,463.85
2024-07-06 18:00:00,28.212,50.521,4.256,361.15
2024-03-12 10:00:00,5.925,78.977,2.843,252.9
2024-01-27 08:00:00,-1.776,91.8,5.0,143.72
2024-03-19 18:00:00,16.241,52.421,3.486,30.35
2024-12-09 12:00:00,-3.101,82.501,5.023,3.21
2024-12-24 02:00:00,-0.124,83.387,2.729,16.51
2024-12-15 15:00:00,0.849,84.516,2.139,0.0
2024-01-24 00:00:00,,78.888,4.978,25.26
2024-12-23 08:00:00,-3.938,84.036,2.051,30.83
2024-06-04 07:00:00,21.651,58.711,1.986,0.0
2024-06-27 21:00:00,27.382,49.826,3.361,0.0
2024-08-02 00:00:00,23.618,53.667,2.574,0.0
2024-02-25 07:00:00,3.059,86.207,1.391,3.21
2024-07-24 20:00:00,26.973,41.79,2.902,0.0
2024-06-19 03:00:00,19.524,52.689,1.836,0.0
2024-12-08 17:00:00,2.17,78.191,3.471,0.0
2024-11-12 15:00:00,3.816,76.111,2.001,168.3
2024-06-17 04:00:00,22.922,59.738,3.812,293.69
2024-11-24 17:00:00,3.419,72.006,2.995,437.09
2024-03-19 04:00:00,8.782,74.875,2.166,474.49
2024-08-06 07:00:00,17.814,66.627,3.987,638.07
2024-10-24 16:00:00,7.672,69.005,3.121,580.53
2024-06-01 05:00:00,19.098,55.54,2.35,538.28
2024-03-08 10:00:00,5.307,79.798,3.616,510.94
2024-05-13 21:00:00,28.222,48.604,1.166,463.11
2024-10-23 15:00:00,7.557,74.008,1.842,244.83
2024-08-01 10:00:00,16.967,60.285,1.786,145.58
2024-05-19 11:00:00,22.34,59.028,,4.13
2024-12-20 17:00:00,3.695,72.058,0.0,18.42
2024-07-14 18:00:00,26.619,50.173,1.014,4.26
2024-03-08 21:00:00,14.937,58.239,5.799,0.0
2024-07-05 18:00:00,25.504,42.658,5.215,0.0
2024-04-19 04:00:00,17.193,63.114,2.312,0.0
2024-09-07 00:00:00,14.355,60.231,1.854,21.66
2024-05-08 21:00:00,25.583,44.847,3.785,0.0
2024-03-25 18:00:00,18.404,56.766,4.372,0.0
2024-08-14 07:00:00,13.911,62.548,5.204,0.0
2024-12-03 07:00:00,1.321,87.984,1.894,0.0
2024-07-23 04:00:00,19.326,59.246,4.092,10.58
2024-01-21 12:00:00,-0.059,80.049,3.575,0.0
2024-02-29 01:00:00,9.468,68.849,1.861,188.38
2024-04-24 08:00:00,10.247,66.884,1.625,318.11
2024-07-03 20:00:00,29.778,46.645,5.251,445.25
2024-08-04 21:00:00,25.82,41.371,1.677,513.97
2024-05-04 07:00:00,17.049,58.081,4.693,641.28
2024-06-26 13:00:00,22.368,58.284,2.32,645.49
2024-08-20 19:00:00,16.769,46.903,0.856,621.97
2024-10-01 03:00:00,5.175,74.138,1.035,380.32
2024-03-26 10:00:00,11.258,76.963,4.211,392.03
2024-02-20 10:00:00,0.552,83.886,2.357,300.45
2024-07-09 20:00:00,27.69,43.031,2.737,163.1
2024-11-05 20:00:00,5.855,68.075,3.393,0.0
2024-08-11 14:00:00,21.837,55.044,3.489,0.0
2024-07-07 05:00:00,21.235,56.626,1.689,0.0
2024-05-23 18:00:00,25.308,44.066,5.764,1.55
2024-01-07 10:00:00,-2.349,88.1,3.51,0.0
2024-07-14 07:00:00,17.353,50.973,1.649,0.0
2024-08-24 03:00:00,17.355,61.296,0.56,11.76
2024-04-09 14:00:00,12.727,62.582,4.398,0.0
2024-09-09 01:00:00,13.439,62.394,3.223,18.46
2024-07-05 10:00:00,21.62,59.394,4.435,0.0
2024-01-13 12:00:00,-2.462,88.214,0.788,12.5
2024-03-31 12:00:00,11.683,57.562,2.402,36.81
2024-02-13 19:00:00,9.607,70.203,4.506,24.39
2024-09-15 18:00:00,17.958,55.953,2.405,132.73
2024-03-31 06:00:00,9.335,66.333,3.488,269.03
2024-09-13 02:00:00,13.249,73.326,0.142,424.01
2024-08-26 05:00:00,13.423,64.821,2.899,470.21
2024-10-26 14:00:00,5.065,74.291,2.161,529.32
2024-12-04 10:00:00,-2.326,87.632,2.842,554.57
2024-05-16 11:00:00,21.585,59.325,2.869,606.0
2024-12-25 16:00:00,4.797,78.57,4.195,538.88
2024-06-14 06:00:00,21.047,51.257,4.696,411.28
2024-04-12 11:00:00,14.649,65.781,3.499,247.58
2024-03-06 13:00:00,5.659,62.686,3.682,204.77
2024-03-07 12:00:00,8.451,81.725,2.431,0.0
2024-09-05 02:00:00,15.719,56.678,2.359,16.75
2024-12-05 05:00:00,-3.815,84.604,2.534,0.0
2024-04-30 05:00:00,16.056,54.194,2.934,0.0
2024-06-30 01:00:00,24.88,51.95,4.272,0.0
2024-07-16 05:00:00,20.774,55.226,2.66,40.08
2024-09-27 10:00:00,6.981,75.75,2.754,49.83
2024-04-17 12:00:00,16.232,61.14,3.906,28.1
2024-05-28 10:00:00,15.725,58.846,2.682,18.62
2024-11-06 20:00:00,6.015,66.329,2.502,0.0
2024-09-24 07:00:00,5.778,79.076,3.725,0.0
2024-07-03 23:00:00,27.394,44.107,5.179,16.49
2024-09-24 13:00:00,8.351,70.914,4.121,21.04
2024-01-20 09:00:00,-2.567,78.907,1.877,116.73
2024-06-18 00:00:00,28.629,42.631,2.5,356.53
2024-07-13 13:00:00,22.04,53.631,0.31,473.87
2024-09-24 15:00:00,12.149,66.159,4.301,613.29
2024-08-21 07:00:00,14.616,67.819,0.578,562.11
2024-09-28 07:00:00,7.771,75.579,3.329,718.92
2024-06-20 14:00:00,23.18,55.922,1.971,680.31
2024-07-21 07:00:00,22.607,60.342,4.161,539.11
2024-06-08 13:00:00,23.606,58.58,1.364,470.83
2024-01-03 03:00:00,-1.369,81.545,6.408,328.36
2024-07-24 11:00:00,15.144,49.382,4.71,173.33
2024-06-09 18:00:00,25.975,42.361,3.522,0.0
2024-09-16 13:00:00,10.344,71.015,3.463,0.0
2024-04-30 12:00:00,19.166,59.337,3.626,5.61
2024-11-12 20:00:00,6.872,71.168,1.639,0.0
2024-11-27 11:00:00,1.782,81.266,2.861,0.0
2024-02-19 10:00:00,0.842,75.684,3.559,16.2
2024-05-06 22:00:00,26.234,45.015,3.853,0.0
2024-04-16 13:00:00,16.35,58.285,5.347,24.49
2024-02-17 12:00:00,3.183,77.038,3.014,5.48
2024-04-19 01:00:00,19.108,52.657,3.614,0.0
2024-11-14 18:00:00,7.535,64.373,2.06,2.77
2024-07-04 08:00:00,20.481,60.002,4.662,0.0
2024-07-18 13:00:00,21.218,50.066,3.985,29.68
2024-06-10 08:00:00,17.873,63.568,3.38,151.53
2024-08-29 08:00:00,12.683,66.966,4.17,199.29
2024-01-07 19:00:00,2.974,72.278,2.406,433.68
2024-08-27 02:00:00,15.402,60.611,2.959,437.39
2024-06-05 08:00:00,21.896,61.262,1.986,677.27
2024-06-19 23:00:00,28.423,44.39,2.296,546.44
2024-06-14 05:00:00,21.776,54.005,3.094,517.18
2024-10-26 18:00:00,9.59,60.267,3.059,366.72
2024-11-20 10:00:00,-1.833,86.594,4.434,425.4
2024-01-22 09:00:00,-3.585,82.497,2.433,368.31
2024-08-19 00:00:00,19.357,58.817,2.255,134.67
2024-08-08 11:00:00,17.855,58.811,3.393,0.0
2024-01-11 07:00:00,-4.17,85.682,2.799,0.0
2024-04-21 14:00:00,18.453,54.839,1.098,23.1
2024-01-10 19:00:00,5.799,73.944,3.154,0.0
2024-08-01 01:00:00,19.402,46.674,0.593,20.59
2024-10-25 21:00:00,9.897,69.426,1.321,0.0
2024-02-09 13:00:00,3.778,71.621,3.058,0.0
2024-09-05 04:00:00,12.542,67.715,3.794,0.0
2024-09-30 13:00:00,9.878,63.439,1.641,0.0
2024-11-19 10:00:00,-3.771,82.519,5.611,0.0
2024-04-17 18:00:00,18.652,48.059,5.204,0.0
2024-03-18 22:00:00,13.061,55.186,1.69,5.44
2024-08-20 02:00:00,17.83,55.245,1.792,0.0
2024-08-03 04:00:00,20.042,69.179,2.193,191.71
2024-12-14 11:00:00,-3.573,83.564,2.532,360.24
2024-05-16 02:00:00,20.393,56.834,2.021,438.44
2024-11-15 21:00:00,-0.649,73.536,2.254,604.9
2024-07-19 04:00:00,19.988,53.107,2.418,564.65
2024-11-15 01:00:00,-0.84,80.81,3.094,668.24
2024-12-22 04:00:00,-2.764,84.445,1.659,524.68
2024-08-11 02:00:00,18.412,46.203,4.093,490.75
2024-04-27 03:00:00,17.122,61.413,2.315,426.55
2024-02-16 04:00:00,2.421,75.617,3.402,310.82
2024-02-21 22:00:00,9.963,68.319,3.687,41.6
2024-11-21 18:00:00,4.0,69.252,4.811,0.0
2024-05-01 15:00:00,23.307,59.204,3.317,0.0
2024-05-24 02:00:00,22.829,54.102,4.289,15.31
2024-04-17 14:00:00,17.467,56.234,3.526,35.25
2024-10-28 04:00:00,2.744,73.466,3.879,28.44
2024-03-05 06:00:00,8.462,76.313,4.427,0.0
2024-05-16 05:00:00,20.309,55.549,0.963,0.0
2024-03-15 08:00:00,7.117,72.371,0.539,0.0
2024-02-07 00:00:00,7.124,66.816,3.798,0.0
2024-09-06 10:00:00,9.663,67.121,2.825,0.0
2024-11-20 14:00:00,1.645,72.247,3.229,0.0
2024-08-29 13:00:00,14.647,48.568,3.624,36.06
2024-12-18 11:00:00,0.034,92.019,2.892,35.58
2024-04-12 06:00:00,14.392,66.797,4.333,168.91
2024-02-17 04:00:00,6.624,82.115,2.606,319.41
2024-07-16 00:00:00,27.617,40.616,1.547,475.94
2024-10-14 23:00:00,12.139,64.891,3.03,479.11
2024-11-11 15:00:00,0.962,78.909,0.757,638.48
2024-05-02 05:00:00,18.984,57.6,4.794,566.62
2024-08-04 10:00:00,13.679,60.083,1.168,604.89
2024-08-18 09:00:00,14.131,64.063,2.35,539.38
2024-06-07 13:00:00,23.623,54.424,3.8,470.79
2024-06-11 05:00:00,17.616,57.782,3.668,285.35
2024-04-01 05:00:00,12.692,69.553,3.051,128.13
2024-08-12 02:00:00,20.315,56.416,4.395,24.71
2024-03-14 04:00:00,8.515,64.971,3.172,0.0
2024-07-23 15:00:00,25.452,51.575,3.011,14.88
2024-02-15 10:00:00,1.778,81.49,4.83,0.0
2024-12-23 03:00:00,-0.263,75.775,1.597,0.0
2024-09-19 11:00:00,8.014,71.339,3.418,0.0
2024-07-29 01:00:00,19.288,56.533,3.364,0.0
2024-12-15 04:00:00,-1.792,81.786,2.926,19.29
2024-04-23 08:00:00,18.147,72.165,0.885,23.85
2024-10-17 02:00:00,7.244,77.997,2.653,0.0
2024-11-01 11:00:00,2.306,86.989,4.029,14.03
2024-05-04 03:00:00,19.718,56.92,4.547,0.0
2024-08-31 12:00:00,15.055,61.338,3.745,0.0
2024-11-13 08:00:00,-1.505,84.52,2.332,173.54
2024-04-02 23:00:00,18.915,56.32,1.761,299.71
2024-01-26 10:00:00,0.097,84.629,5.167,372.19
2024-10-08 17:00:00,10.524,62.866,3.79,537.13
2024-09-06 18:00:00,19.581,54.376,2.769,547.96
2024-05-02 00:00:00,24.934,55.446,5.125,713.12
2024-05-11 17:00:00,25.013,47.814,3.132,546.89
2024-11-12 14:00:00,4.112,73.513,1.463,596.92
2024-04-08 14:00:00,14.891,59.885,3.519,514.26
2024-09-19 19:00:00,17.303,55.121,5.824,258.48
2024-06-08 18:00:00,25.494,44.954,3.117,188.89
2024-09-19 16:00:00,10.391,58.909,4.456,21.24
2024-02-20 14:00:00,5.724,74.164,3.344,0.0
2024-04-10 09:00:00,10.314,64.958,2.637,0.0
2024-02-14 19:00:00,8.175,73.989,4.676,0.0
2024-12-27 15:00:00,-1.732,74.311,3.714,11.92
2024-01-04 22:00:00,3.169,74.824,3.628,17.17
2024-12-21 13:00:00,1.463,82.38,1.503,1.79
2024-07-15 01:00:00,23.644,46.991,1.621,0.0
2024-08-11 23:00:00,23.543,47.776,4.599,1.69
2024-07-03 13:00:00,21.761,46.472,3.5,24.23
2024-12-17 19:00:00,1.508,73.24,2.314,0.0
2024-10-02 02:00:00,10.879,62.26,0.379,24.57
2024-11-28 04:00:00,-2.421,87.404,1.047,0.0
2024-07-25 21:00:00,25.238,47.449,6.175,141.23
2024-04-23 04:00:00,17.755,62.928,3.423,296.19
2024-08-13 16:00:00,20.365,46.586,4.728,379.78
2024-01-22 04:00:00,-0.0,75.341,3.239,588.88
2024-01-14 19:00:00,3.364,74.522,1.333,558.47
2024-01-19 15:00:00,0.934,78.555,2.207,511.0
2024-12-30 11:00:00,-3.094,88.613,6.256,619.25
2024-07-30 06:00:00,15.58,59.865,1.449,485.64
2024-07-22 02:00:00,21.049,53.0,3.392,322.25
2024-12-20 18:00:00,2.689,68.598,1.2,309.52
2024-02-13 12:00:00,2.72,79.802,4.538,117.78
2024-06-12 10:00:00,19.819,54.558,,40.0
2024-11-05 00:00:00,6.653,77.546,4.079,16.02
2024-04-05 12:00:00,13.417,62.709,2.466,14.39
2024-01-28 05:00:00,-2.184,81.927,4.596,0.0
2024-07-04 02:00:00,24.609,50.942,3.786,0.0
2024-06-24 22:00:00,27.414,39.86,2.296,0.0
2024-10-21 14:00:00,7.802,69.185,0.309,21.72
2024-09-27 03:00:00,8.616,74.944,2.429,19.5
2024-04-30 15:00:00,27.886,49.368,3.979,47.9
2024-05-26 08:00:00,22.051,57.91,5.552,0.0
2024-06-13 17:00:00,27.786,41.91,4.173,4.72
2024-02-12 10:00:00,0.823,90.072,5.916,0.0
2024-08-19 21:00:00,23.121,46.971,2.881,0.0
2024-09-02 16:00:00,14.535,54.025,4.365,138.39
2024-08-30 13:00:00,15.401,70.528,4.202,292.78
2024-07-30 05:00:00,18.859,56.493,2.61,402.44
2024-10-26 06:00:00,2.63,79.381,3.776,585.45
2024-12-28 09:00:00,-6.232,84.071,3.704,508.49
2024-02-26 14:00:00,4.71,68.325,0.452,662.16
2024-03-04 08:00:00,6.934,78.034,3.047,442.96
2024-04-18 06:00:00,16.441,59.028,3.316,490.37
2024-09-28 14:00:00,5.18,69.53,2.062,437.93
2024-09-05 00:00:00,15.474,59.266,4.162,334.66
2024-09-17 04:00:00,9.221,67.755,3.883,133.9
2024-01-21 03:00:00,1.133,72.114,3.408,0.0
2024-10-19 23:00:00,7.856,69.362,0.799,12.42
2024-09-29 16:00:00,11.991,63.856,1.956,2.8
2024-06-06 20:00:00,28.015,43.664,2.436,4.8
2024-06-01 23:00:00,27.811,43.067,1.721,0.0
2024-01-11 22:00:00,-1.501,77.098,1.429,24.03
2024-09-26 02:00:00,9.198,69.3,3.134,14.55
2024-06-12 08:00:00,23.247,60.159,3.74,0.0
2024-07-11 06:00:00,19.805,55.627,1.455,35.92
2024-07-30 23:00:00,24.904,48.656,1.359,0.0
2024-04-29 12:00:00,18.588,60.536,2.543,3.08
2024-04-14 23:00:00,18.302,44.383,4.39,9.45
2024-02-09 07:00:00,0.333,76.759,3.655,0.0
2024-08-24 23:00:00,19.033,51.508,2.393,146.12
2024-01-19 18:00:00,4.942,75.792,2.525,259.75
2024-10-31 23:00:00,3.555,67.819,4.556,333.4
2024-10-24 17:00:00,8.8,65.514,2.509,364.48
2024-06-22 00:00:00,26.142,49.878,1.269,525.35
2024-11-11 16:00:00,0.571,69.109,0.742,517.34
2024-02-26 11:00:00,-0.12,71.258,0.557,696.23
2024-03-21 04:00:00,13.94,68.011,3.506,500.48
2024-02-24 15:00:00,9.501,75.584,0.341,457.97
2024-05-29 02:00:00,21.738,53.076,3.074,271.7
2024-11-26 17:00:00,8.091,66.767,1.244,170.18
2024-07-06 01:00:00,24.542,48.918,2.863,0.0
2024-05-28 02:00:00,19.818,53.044,3.08,0.0
2024-02-05 10:00:00,-0.83,81.961,3.851,0.0
2024-11-10 19:00:00,6.912,65.428,1.074,0.0
2024-01-29 03:00:00,0.332,77.806,2.873,0.0
2024-02-04 07:00:00,-0.91,84.956,2.44,0.0
2024-08-25 21:00:00,24.194,53.741,2.386,21.6
2024-05-01 19:00:00,23.688,49.838,4.52,0.0
2024-03-01 03:00:00,4.775,72.237,3.254,0.0
2024-12-01 14:00:00,-0.413,79.818,2.519,0.0
2024-09-25 13:00:00,8.008,68.446,2.777,16.97
2024-05-23 22:00:00,20.895,48.712,4.664,0.0
2024-02-18 18:00:00,10.726,66.718,4.777,25.2
2024-01-19 08:00:00,-1.718,80.035,2.192,186.98
2024-01-20 23:00:00,6.538,69.159,2.261,330.62
2024-12-07 12:00:00,-0.597,83.916,4.486,451.3
2024-01-24 08:00:00,-1.336,85.446,4.542,429.06
2024-05-01 07:00:00,16.721,58.748,2.97,612.73
2024-10-26 10:00:00,-2.401,89.194,3.757,633.22
2024-09-05 20:00:00,19.998,55.773,3.791,417.34
2024-10-06 22:00:00,15.044,69.174,4.741,497.66
2024-04-27 12:00:00,16.8,57.696,2.556,475.06
2024-09-11 23:00:00,15.754,56.435,2.085,324.69
2024-02-20 12:00:00,2.962,68.188,2.346,150.66
2024-06-18 03:00:00,22.535,51.347,2.208,1.31
2024-05-11 09:00:00,16.825,58.735,0.675,0.0
2024-08-14 14:00:00,19.501,60.086,4.211,39.07
2024-11-23 19:00:00,6.482,75.464,4.075,55.7
2024-04-02 22:00:00,16.895,58.509,2.323,0.0
2024-02-05 01:00:00,6.005,70.516,1.654,29.97
2024-03-06 09:00:00,4.32,72.866,4.769,12.9
2024-04-21 07:00:00,15.465,67.314,2.543,3.8
2024-08-30 18:00:00,19.221,61.963,3.612,0.0
2024-09-12 12:00:00,14.703,71.311,3.03,0.0
2024-12-06 12:00:00,-1.24,91.473,,0.0
2024-01-11 05:00:00,-2.561,81.852,2.936,0.0
2024-10-20 11:00:00,0.239,77.351,0.0,50.8
2024-12-03 17:00:00,-0.299,77.581,2.592,144.65
2024-06-21 08:00:00,19.894,53.464,3.238,262.57
2024-06-29 00:00:00,25.796,47.644,3.877,448.32
2024-04-07 15:00:00,15.747,54.012,0.649,556.89
2024-09-13 11:00:00,11.113,68.942,1.838,606.67
2024-01-28 14:00:00,2.577,73.504,3.47,578.49
2024-02-12 06:00:00,4.524,80.388,3.711,690.42
2024-10-07 07:00:00,3.977,84.167,3.961,556.17
2024-06-03 06:00:00,18.42,58.684,2.167,405.13
2024-01-12 21:00:00,1.298,73.986,1.475,308.64
2024-08-02 13:00:00,20.305,54.945,1.624,86.97
2024-05-16 00:00:00,25.172,52.603,1.626,0.0
2024-04-10 06:00:00,10.441,65.981,2.612,30.02
2024-03-23 21:00:00,17.261,61.893,4.749,5.38
2024-08-17 07:00:00,12.017,65.814,3.081,5.23
2024-10-18 12:00:00,5.549,74.508,2.18,42.72
2024-06-24 00:00:00,26.398,49.308,1.136,35.5
2024-06-29 10:00:00,21.594,67.857,4.713,6.33
2024-04-24 06:00:00,15.415,64.588,0.233,0.0
2024-04-03 09:00:00,12.052,75.54,1.806,0.0
2024-05-30 08:00:00,16.849,64.244,3.526,45.54
2024-09-04 23:00:00,17.838,49.052,5.243,1.4
2024-07-15 08:00:00,19.578,53.732,2.455,17.73
2024-11-11 18:00:00,4.898,67.089,2.338,0.0
2024-08-02 08:00:00,18.389,67.344,2.066,105.3
2024-02-13 23:00:00,6.65,63.166,4.737,280.56
2024-01-19 21:00:00,6.362,63.6,4.229,444.61
2024-05-13 12:00:00,17.902,67.164,2.847,566.49
2024-10-04 09:00:00,7.737,75.134,2.567,659.54
2024-12-31 10:00:00,-3.873,82.051,4.807,535.4
2024-03-21 20:00:00,16.761,59.298,3.09,483.56
2024-04-21 17:00:00,20.566,50.927,1.713,605.88
2024-06-10 12:00:00,23.558,52.59,5.134,521.24
2024-09-29 00:00:00,11.878,69.525,2.11,299.83
2024-02-20 13:00:00,6.831,71.43,2.208,169.13
2024-10-18 09:00:00,4.234,79.507,1.824,0.0
2024-12-29 23:00:00,1.868,74.788,4.88,24.39
2024-10-12 17:00:00,9.579,67.164,4.435,14.94
2024-03-05 05:00:00,9.297,69.23,3.504,18.91
2024-02-09 14:00:00,3.941,79.962,2.971,0.0
2024-03-06 22:00:00,10.772,57.589,,17.18
2024-06-23 09:00:00,20.758,58.723,2.057,0.0
2024-06-02 20:00:00,29.668,41.773,0.697,13.52
2024-06-12 03:00:00,22.706,50.092,4.798,0.0
2024-10-16 04:00:00,3.757,76.466,2.93,11.48
2024-09-25 19:00:00,16.27,59.724,3.236,0.0
2024-02-24 14:00:00,6.949,70.803,2.055,1.2
2024-08-15 19:00:00,23.028,49.458,5.258,0.0
2024-12-07 22:00:00,4.811,78.554,2.931,214.77
2024-08-07 10:00:00,18.518,63.052,2.74,295.75
2024-04-26 06:00:00,16.744,60.643,2.356,401.18
2024-05-31 13:00:00,22.978,46.724,2.539,516.46
2024-10-21 09:00:00,0.077,88.215,1.702,644.14
2024-09-21 18:00:00,11.209,59.941,4.643,585.31
2024-12-18 19:00:00,6.387,71.713,3.857,664.79
2024-01-29 18:00:00,5.581,61.106,4.219,592.34
2024-10-12 12:00:00,5.335,82.947,5.257,495.82
2024-11-17 10:00:00,0.623,86.888,4.218,207.79
2024-07-06 10:00:00,16.135,58.033,3.606,192.54
2024-09-12 02:00:00,11.969,65.365,0.667,12.99
2024-03-12 13:00:00,9.66,74.466,2.395,0.0
2024-07-18 21:00:00,22.915,40.353,2.098,0.0
2024-11-04 19:00:00,7.427,64.631,3.995,1.21
2024-11-26 10:00:00,-1.461,82.276,2.697,8.18
2024-10-24 14:00:00,5.176,69.757,0.876,12.62
2024-06-16 09:00:00,21.371,53.689,5.091,0.0
2024-04-28 17:00:00,21.323,51.486,3.019,0.0
2024-08-30 23:00:00,18.566,60.309,3.171,29.33
2024-01-23 15:00:00,5.656,79.695,4.049,6.23
2024-06-05 07:00:00,20.369,52.043,1.435,13.88
2024-05-15 15:00:00,23.16,46.325,1.389,37.99
2024-09-06 15:00:00,16.149,58.113,2.686,8.74
2024-06-06 19:00:00,25.959,43.73,2.59,150.46
2024-07-06 11:00:00,18.527,52.453,2.181,274.6
2024-04-03 12:00:00,15.775,66.881,2.184,500.69
2024-05-10 10:00:00,17.608,55.972,2.934,580.47
2024-08-22 15:00:00,20.063,52.707,0.763,537.0
2024-11-24 08:00:00,-5.303,87.085,2.213,619.1
2024-03-21 09:00:00,11.868,64.776,3.044,582.44
2024-10-01 09:00:00,5.76,71.067,1.741,601.57
2024-03-04 11:00:00,4.181,76.281,4.042,381.28
2024-05-30 13:00:00,22.955,52.311,2.796,324.7
2024-04-23 03:00:00,13.814,57.048,1.312,156.71
2024-02-27 22:00:00,11.855,60.973,3.02,12.93
2024-10-30 01:00:00,4.767,75.717,5.171,12.78
2024-08-22 12:00:00,14.011,58.727,2.296,14.54
2024-04-18 14:00:00,16.656,52.296,,42.89
2024-07-25 12:00:00,19.446,56.463,3.976,11.57
2024-05-12 13:00:00,21.396,55.392,2.647,21.8
2024-08-21 05:00:00,14.327,62.517,2.209,9.5
2024-03-19 23:00:00,13.956,62.821,3.033,0.0
2024-05-02 18:00:00,23.711,43.835,3.507,0.0
2024-03-14 01:00:00,8.503,59.788,1.475,0.0
2024-01-03 19:00:00,6.029,68.806,4.462,1.32
2024-06-07 06:00:00,18.482,56.874,2.845,20.74
2024-09-16 14:00:00,13.04,67.635,1.73,0.0
2024-07-12 09:00:00,19.459,62.499,2.051,185.54
2024-10-20 14:00:00,5.829,72.613,1.905,313.66
2024-07-08 22:00:00,25.877,41.605,3.122,485.33
2024-05-28 11:00:00,22.452,56.564,3.382,548.84
2024-07-23 14:00:00,21.098,49.053,4.615,687.28
2024-04-30 21:00:00,22.884,49.571,3.351,678.7
2024-08-14 09:00:00,14.4,62.675,4.488,589.02
2024-08-10 13:00:00,19.28,56.613,4.877,640.61
2024-10-24 21:00:00,7.651,68.633,0.637,450.27
2024-01-10 17:00:00,2.449,70.412,3.044,289.46
2024-07-06 02:00:00,24.216,51.16,3.582,189.27
2024-04-03 04:00:00,12.89,67.638,2.273,28.98
2024-11-20 20:00:00,3.027,70.45,3.59,0.0
2024-12-10 10:00:00,-1.823,84.411,4.677,15.49
2024-10-08 13:00:00,7.897,62.775,3.042,15.09
2024-07-07 20:00:00,28.346,52.027,2.767,0.0
2024-06-26 11:00:00,19.493,51.858,1.371,30.06
2024-08-04 06:00:00,15.859,62.391,0.92,0.0
2024-11-02 18:00:00,9.052,75.555,4.169,13.04
2024-09-02 23:00:00,20.099,52.717,5.659,0.0
2024-05-15 07:00:00,16.674,55.709,1.658,7.92
2024-10-17 03:00:00,4.695,77.89,3.181,11.07
2024-03-05 10:00:00,3.675,72.659,4.187,0.0
2024-04-16 18:00:00,19.177,50.256,5.01,14.3
2024-02-02 07:00:00,-3.374,82.239,2.831,157.04
2024-03-02 04:00:00,4.188,75.686,4.731,288.87
2024-01-11 12:00:00,2.689,83.045,2.322,410.14
2024-07-07 08:00:00,18.566,51.243,4.011,596.11
2024-04-15 14:00:00,16.442,58.229,5.675,697.59
2024-04-09 03:00:00,15.484,71.446,3.185,604.88
2024-02-03 00:00:00,5.949,65.234,2.56,601.99
2024-07-27 17:00:00,24.128,48.243,3.26,619.96
2024-06-10 04:00:00,22.1,60.227,3.515,466.96
2024-10-07 06:00:00,3.325,80.636,2.377,366.89
2024-07-13 17:00:00,23.94,45.689,1.615,121.78
2024-05-24 03:00:00,19.651,57.258,4.583,1.07
2024-02-01 03:00:00,0.78,83.031,1.517,0.0
2024-01-29 06:00:00,0.987,83.085,2.742,48.04
2024-06-25 06:00:00,17.65,54.37,2.417,0.0
2024-12-27 01:00:00,2.703,78.502,3.782,0.0
2024-10-06 13:00:00,6.881,63.967,2.961,0.0
2024-06-18 14:00:00,25.027,45.328,3.586,14.92
2024-11-07 16:00:00,4.562,74.555,2.508,0.0
2024-07-07 23:00:00,25.125,41.612,2.854,0.0
2024-09-13 19:00:00,14.24,54.528,1.245,8.07
2024-01-25 03:00:00,3.285,79.801,5.62,0.0
2024-07-17 14:00:00,20.527,54.841,2.726,0.0
2024-08-12 09:00:00,15.398,72.048,2.756,0.0
2024-04-28 18:00:00,21.942,52.65,1.346,177.3
2024-04-06 02:00:00,16.554,62.637,1.774,318.13
2024-04-14 09:00:00,11.657,74.265,3.558,505.4
2024-04-25 12:00:00,16.651,61.979,0.0,430.77
2024-01-05 19:00:00,4.873,74.183,3.291,695.56
2024-12-14 17:00:00,3.293,82.052,4.238,610.39
2024-02-15 23:00:00,7.948,66.288,4.936,421.53
2024-03-17 17:00:00,10.822,58.975,0.538,625.37
2024-06-27 14:00:00,23.07,51.261,2.51,481.49
2024-12-05 14:00:00,1.176,77.874,2.527,352.78
2024-02-24 01:00:00,7.506,63.957,1.718,153.32
2024-08-15 14:00:00,20.677,62.689,5.516,40.04
2024-03-20 03:00:00,10.433,70.187,3.762,1.97
2024-07-12 10:00:00,19.221,54.076,2.274,0.0
2024-11-15 03:00:00,-0.578,82.476,2.797,0.0
2024-12-03 11:00:00,-2.09,84.935,2.07,6.37
2024-11-28 21:00:00,5.666,65.444,2.321,9.83
2024-09-09 12:00:00,12.042,67.361,1.199,2.95
2024-04-12 17:00:00,21.054,52.527,4.587,0.0
2024-01-02 22:00:00,2.946,71.152,3.923,0.0
2024-01-13 21:00:00,4.53,76.109,2.155,0.0
2024-07-26 05:00:00,15.095,52.611,3.483,0.0
2024-07-19 16:00:00,26.837,44.362,2.633,0.0
2024-02-23 10:00:00,4.617,77.314,2.503,4.87
2024-03-04 12:00:00,6.067,72.461,4.888,156.44
2024-10-24 11:00:00,4.722,84.016,1.806,362.07
2024-06-06 07:00:00,20.674,52.311,2.031,436.71
2024-07-29 02:00:00,20.992,57.989,2.537,478.31
2024-12-25 21:00:00,1.889,70.872,3.978,634.11
2024-05-21 14:00:00,26.599,51.443,3.795,673.78
2024-11-09 17:00:00,1.841,71.358,3.005,552.22
2024-06-25 21:00:00,25.027,43.674,2.256,487.54
2024-05-15 20:00:00,25.429,51.363,0.828,379.11
2024-01-17 23:00:00,3.963,65.371,1.891,379.97
2024-06-07 18:00:00,25.409,49.274,3.461,138.48
2024-08-31 11:00:00,9.106,70.5,4.003,0.0
2024-08-14 11:00:00,14.953,67.782,4.995,0.0
2024-08-10 06:00:00,14.692,59.344,3.507,32.61
2024-09-09 03:00:00,14.754,64.141,2.797,0.0
2024-08-16 08:00:00,18.071,66.157,3.557,0.0
2024-07-23 05:00:00,17.371,64.004,4.133,0.0
2024-04-30 13:00:00,19.136,55.881,1.752,0.0
2024-07-15 16:00:00,26.653,50.321,1.998,0.0
2024-07-14 23:00:00,26.796,45.827,1.439,21.16
2024-06-26 22:00:00,27.145,39.581,2.664,0.0
2024-11-26 05:00:00,-0.839,88.007,1.87,0.0
2024-09-21 00:00:00,14.727,57.525,5.54,6.91
2024-01-14 18:00:00,4.558,71.734,1.016,0.0
2024-03-31 09:00:00,11.234,71.168,3.238,192.25
2024-12-05 16:00:00,1.427,73.825,3.332,275.96
2024-02-29 13:00:00,6.416,71.685,3.018,450.69
2024-01-13 23:00:00,5.837,73.677,1.001,598.45
2024-05-10 09:00:00,16.629,58.316,3.55,598.32
2024-11-12 08:00:00,-3.038,91.636,0.0,719.46
2024-08-02 02:00:00,19.508,53.971,0.532,558.85
2024-09-08 08:00:00,11.062,62.857,1.468,567.08
2024-07-20 12:00:00,19.514,61.806,5.092,471.35
2024-03-14 10:00:00,7.434,74.892,1.806,351.73
2024-10-19 18:00:00,10.008,58.402,1.485,187.47
2024-12-11 00:00:00,1.537,70.582,4.951,27.44
2024-12-20 11:00:00,-4.334,91.598,0.855,0.0
2024-10-15 03:00:00,3.364,69.606,3.135,0.0
2024-09-10 08:00:00,12.537,74.502,2.458,0.0
2024-03-12 17:00:00,12.714,64.458,2.591,0.0
2024-11-16 04:00:00,1.647,80.6,2.886,0.0
2024-01-01 17:00:00,3.66,69.396,5.06,5.6
2024-07-04 09:00:00,22.446,64.349,2.746,0.0
2024-06-30 09:00:00,16.92,54.573,4.411,0.0
2024-11-04 14:00:00,2.712,77.713,3.18,29.8
2024-10-18 22:00:00,12.523,70.136,2.534,9.26
2024-12-16 20:00:00,4.531,66.644,1.726,0.0
2024-11-12 01:00:00,1.876,75.113,1.66,32.22
2024-03-04 16:00:00,9.857,62.812,5.515,169.17
2024-06-22 03:00:00,22.56,57.378,1.824,351.58
2024-08-25 19:00:00,21.314,50.691,2.167,406.07
2024-07-05 22:00:00,27.783,41.726,4.777,624.97
2024-08-08 07:00:00,18.452,62.059,1.893,588.7
2024-02-15 14:00:00,6.69,68.849,3.861,608.55
2024-12-02 05:00:00,-2.986,81.411,1.254,672.02
2024-04-12 21:00:00,20.115,54.205,4.332,558.55
2024-05-30 17:00:00,25.595,48.005,3.866,322.53
2024-02-05 19:00:00,8.758,67.833,1.051,302.43
2024-01-01 12:00:00,-1.299,81.611,4.585,218.54
2024-11-09 12:00:00,0.57,91.537,2.034,12.21
2024-11-12 17:00:00,4.234,62.947,1.41,0.23
2024-04-10 19:00:00,17.72,51.483,2.919,14.98
2024-01-17 04:00:00,1.102,84.786,2.904,14.52
2024-09-19 07:00:00,9.255,71.494,4.5,18.43
2024-07-07 03:00:00,20.766,46.756,3.361,16.8
2024-12-09 14:00:00,0.205,80.116,3.589,36.42
2024-07-28 17:00:00,25.225,44.401,3.352,0.0
2024-08-24 20:00:00,20.084,43.283,2.86,21.05
2024-08-23 22:00:00,20.764,51.257,3.031,17.24
2024-11-29 09:00:00,-4.083,84.88,0.284,2.95
2024-08-30 19:00:00,19.878,52.833,4.218,49.8
2024-02-09 01:00:00,6.685,73.412,1.886,0.95
2024-09-11 09:00:00,11.594,68.677,2.019,209.68
2024-04-05 15:00:00,17.239,65.099,0.505,360.59
2024-02-21 16:00:00,7.755,71.015,2.288,377.28
2024-03-27 03:00:00,12.166,68.039,5.554,541.29
2024-11-30 00:00:00,1.3,83.789,1.228,615.79
2024-01-18 19:00:00,6.588,66.714,2.906,651.95
2024-12-23 12:00:00,-1.655,87.086,1.227,590.21
2024-02-24 11:00:00,4.149,72.359,2.509,597.75
2024-02-27 05:00:00,1.83,73.712,1.772,494.54
2024-07-02 08:00:00,20.589,56.631,,283.51
2024-02-27 09:00:00,5.571,77.598,2.676,88.98
2024-07-27 12:00:00,20.873,60.331,3.305,57.58
2024-01-18 00:00:00,3.706,76.611,3.733,0.0
2024-10-12 19:00:00,12.758,66.291,4.834,0.0
2024-02-10 20:00:00,9.95,66.925,2.862,0.0
2024-03-01 01:00:00,11.292,71.447,3.609,53.06
2024-10-21 07:00:00,1.978,86.967,2.263,0.0
2024-05-19 18:00:00,24.7,41.544,2.262,21.03
2024-06-23 07:00:00,19.058,54.344,1.186,5.98
2024-07-08 09:00:00,20.568,60.242,2.575,0.0
2024-08-27 08:00:00,9.348,72.709,2.258,25.99
2024-01-22 08:00:00,-2.518,82.57,3.988,0.0
2024-03-30 21:00:00,17.347,50.512,1.834,0.0
2024-07-17 23:00:00,26.894,48.044,2.422,7.62
2024-08-25 08:00:00,12.192,63.424,1.062,202.79
2024-03-12 20:00:00,12.669,61.027,2.031,290.61
2024-06-01 00:00:00,26.822,40.294,2.94,391.78
2024-05-08 13:00:00,20.486,57.675,3.654,518.17
2024-09-11 05:00:00,11.132,73.812,0.435,713.12
2024-04-11 21:00:00,20.775,51.764,3.045,699.5
2024-11-05 01:00:00,2.64,75.697,3.94,573.63
2024-06-20 23:00:00,30.065,41.517,0.543,654.91
2024-03-19 19:00:00,15.669,55.49,3.613,444.12
2024-06-15 11:00:00,21.191,55.348,3.932,369.63
2024-03-30 12:00:00,11.87,61.767,2.758,205.96
2024-02-08 20:00:00,5.61,67.765,2.493,0.0
2024-07-17 05:00:00,22.134,58.942,4.157,0.0
2024-05-14 16:00:00,21.811,51.301,0.494,0.0
2024-11-20 16:00:00,,68.51,5.403,0.0
2024-11-25 23:00:00,4.659,75.513,4.951,12.49
2024-03-14 22:00:00,12.89,59.208,1.512,23.91
2024-06-04 22:00:00,27.632,39.301,0.415,4.05
2024-10-13 17:00:00,9.836,69.087,4.941,0.0
2024-03-29 10:00:00,10.353,66.274,3.829,0.0
2024-06-20 01:00:00,25.472,45.374,1.437,3.16
2024-09-01 21:00:00,20.11,57.66,4.604,0.0
2024-08-19 13:00:00,18.868,64.291,0.476,0.0
2024-11-07 14:00:00,6.421,74.873,3.586,0.0
2024-02-10 05:00:00,4.299,84.597,2.5,174.77
2024-01-08 09:00:00,-0.594,86.353,3.052,289.19
2024-03-18 08:00:00,10.093,74.611,2.38,368.08
2024-07-17 22:00:00,21.944,47.319,3.163,512.45
2024-08-23 13:00:00,18.282,57.63,1.66,724.41
2024-07-23 21:00:00,25.219,38.778,3.693,682.22
2024-06-19 08:00:00,22.051,58.927,2.282,512.77
2024-11-10 18:00:00,7.576,68.973,2.268,646.54
2024-03-28 01:00:00,17.297,63.309,3.111,394.07
2024-09-11 08:00:00,7.933,76.273,1.848,323.43
2024-05-18 16:00:00,22.232,46.428,1.351,85.8
2024-09-21 20:00:00,19.346,59.95,4.524,6.23
2024-04-27 11:00:00,13.003,61.936,1.705,35.19
2024-09-26 10:00:00,5.461,75.289,3.068,0.0
2024-12-01 15:00:00,2.431,73.967,2.059,0.0
2024-04-27 06:00:00,19.136,60.44,0.256,22.7
2024-10-21 18:00:00,10.413,73.651,1.373,0.0
2024-07-30 10:00:00,18.064,60.92,1.968,0.0
2024-01-13 14:00:00,2.376,86.854,1.243,18.35
2024-10-28 16:00:00,7.694,67.169,4.927,15.06
2024-03-18 21:00:00,14.711,51.127,2.321,10.7
2024-09-05 13:00:00,13.955,59.436,4.081,0.0
2024-11-04 11:00:00,0.228,82.065,,28.35
2024-03-30 03:00:00,10.379,63.462,3.802,25.34
2024-10-26 11:00:00,5.771,75.409,3.871,147.05
2024-11-08 20:00:00,5.393,68.024,1.527,195.62
2024-05-15 14:00:00,22.519,59.617,0.878,514.65
2024-03-08 13:00:00,5.915,74.327,5.465,502.21
2024-06-20 13:00:00,19.562,51.672,2.46,644.24
2024-12-23 10:00:00,-7.492,88.738,2.511,704.03
2024-10-22 12:00:00,0.828,76.053,1.272,712.11
2024-08-04 17:00:00,22.377,46.141,0.86,503.92
2024-11-04 03:00:00,-0.952,76.779,3.349,566.81
2024-08-22 14:00:00,16.138,56.383,1.418,271.68
2024-12-24 22:00:00,3.491,68.899,2.935,149.45
2024-10-21 03:00:00,5.832,92.948,1.793,15.95
2024-12-01 23:00:00,5.177,74.733,1.492,18.74
2024-12-22 22:00:00,5.698,67.608,2.072,0.0
2024-12-22 18:00:00,5.153,70.579,1.625,29.12
2024-07-10 10:00:00,19.764,63.395,3.042,0.0
2024-12-27 11:00:00,-1.084,87.491,3.694,0.0
2024-09-15 22:00:00,14.578,53.632,2.531,10.35
2024-02-27 23:00:00,9.172,64.087,1.339,0.0
2024-01-27 10:00:00,-2.777,84.223,4.382,0.0
2024-03-22 14:00:00,14.314,61.178,4.897,0.0
2024-06-08 21:00:00,28.323,42.439,3.149,0.0
2024-03-30 09:00:00,12.874,69.322,1.666,0.0
2024-06-24 01:00:00,23.033,40.369,1.463,0.0
2024-09-13 20:00:00,19.977,58.598,1.946,140.87
2024-08-28 20:00:00,18.122,46.98,2.969,299.33
2024-07-28 04:00:00,19.324,60.201,3.089,365.64
2024-02-13 05:00:00,-0.434,80.948,4.243,670.97
2024-07-15 04:00:00,22.56,54.554,1.204,732.54
2024-05-19 21:00:00,22.337,39.956,2.86,627.46
2024-11-08 11:00:00,-0.318,84.523,1.45,641.76
2024-03-28 04:00:00,12.767,69.61,5.097,428.37
2024-08-21 19:00:00,24.697,47.853,1.941,352.42
2024-01-08 19:00:00,4.385,77.374,2.507,366.96
2024-03-23 15:00:00,15.207,68.471,3.982,175.7
2024-02-06 17:00:00,5.78,74.557,1.19,0.94
2024-11-23 15:00:00,1.038,74.366,4.045,0.0
2024-04-30 11:00:00,13.12,57.727,2.77,24.83
2024-06-25 00:00:00,23.469,48.672,1.542,0.0
2024-11-23 17:00:00,2.157,73.683,3.537,19.35
2024-11-11 10:00:00,-2.973,81.749,2.404,0.0
2024-12-21 14:00:00,2.288,84.143,2.424,0.0
2024-11-22 23:00:00,4.204,73.893,5.499,17.71
2024-08-25 11:00:00,15.187,65.925,2.697,0.0
2024-11-13 09:00:00,1.029,87.364,1.97,0.0
2024-08-31 06:00:00,10.083,66.531,4.836,0.0
2024-02-15 16:00:00,7.512,69.47,3.489,6.02
2024-04-23 00:00:00,21.529,50.812,0.96,9.96
2024-06-19 14:00:00,26.222,53.311,3.592,142.85
2024-04-14 05:00:00,15.921,61.481,3.796,366.11
2024-11-17 19:00:00,5.634,70.171,3.64,380.8
2024-07-26 09:00:00,18.023,61.994,3.504,636.25
2024-04-23 22:00:00,25.67,53.161,0.642,731.66
2024-08-01 03:00:00,20.794,51.68,1.633,661.76
2024-10-24 18:00:00,9.64,61.975,1.131,721.76
2024-03-17 21:00:00,13.394,65.289,2.022,556.98
2024-11-15 08:00:00,-0.423,85.667,2.417,453.08
2024-10-04 15:00:00,4.998,58.928,2.864,380.79
2024-06-27 01:00:00,22.985,43.722,0.973,166.21
2024-03-20 21:00:00,14.746,59.724,3.358,23.4
2024-08-10 17:00:00,25.388,41.994,2.273,6.13
2024-01-09 11:00:00,-0.21,82.298,3.489,10.8
2024-08-27 15:00:00,15.348,51.229,1.893,63.77
2024-05-21 00:00:00,26.501,47.558,3.279,11.74
2024-08-15 13:00:00,18.867,60.036,3.965,22.86
2024-02-16 22:00:00,9.553,67.015,3.958,0.0
2024-08-05 17:00:00,21.216,56.552,3.569,16.64
2024-06-05 16:00:00,26.221,43.846,0.0,18.29
2024-07-01 17:00:00,25.856,56.812,4.237,8.81
2024-09-10 13:00:00,12.115,67.021,0.574,22.17
2024-09-14 23:00:00,13.82,56.846,1.862,0.0
2024-06-26 07:00:00,21.919,63.183,2.157,2.45
2024-02-07 18:00:00,5.077,69.935,2.753,180.8
2024-09-06 19:00:00,18.735,52.109,2.678,318.79
2024-08-30 09:00:00,12.406,75.338,3.989,357.93
2024-07-28 12:00:00,21.746,58.367,3.471,586.29
2024-05-15 03:00:00,22.728,64.543,0.585,528.87
2024-05-07 17:00:00,24.232,47.458,4.37,542.22
2024-03-29 03:00:00,11.893,63.258,4.666,742.59
2024-12-01 09:00:00,-3.157,83.819,1.743,490.09
2024-08-05 20:00:00,25.4,41.627,2.809,442.4
2024-05-26 17:00:00,21.31,42.908,2.362,337.14
2024-03-24 05:00:00,8.41,63.101,5.333,168.03
2024-05-09 10:00:00,15.308,59.114,3.997,0.0
2024-06-09 21:00:00,26.257,48.955,3.278,7.82
2024-05-31 21:00:00,25.206,41.996,2.267,0.0
2024-02-28 22:00:00,10.062,68.543,1.742,11.27
2024-07-15 20:00:00,26.695,38.958,0.618,0.0
2024-02-03 08:00:00,1.149,88.273,1.154,0.0
2024-07-17 12:00:00,18.867,64.103,1.443,0.0
2024-09-29 21:00:00,14.754,54.263,1.596,0.0
2024-03-25 05:00:00,10.702,66.724,4.328,0.0
2024-11-06 07:00:00,-1.629,81.131,2.224,13.01
2024-09-24 21:00:00,13.889,62.448,4.05,14.5
2024-01-30 10:00:00,-2.869,84.14,2.891,26.47
2024-10-22 09:00:00,3.151,81.706,2.123,23.69
2024-09-30 16:00:00,12.033,61.883,2.043,178.25
2024-03-24 22:00:00,17.783,57.215,4.682,411.98
2024-06-05 00:00:00,23.849,49.457,1.036,381.97
2024-02-13 07:00:00,3.051,79.603,3.558,654.47
2024-08-07 23:00:00,22.987,46.343,3.092,696.92
2024-05-31 22:00:00,27.277,49.285,3.651,759.11
2024-09-16 20:00:00,15.38,59.091,3.409,691.95
2024-08-06 17:00:00,23.761,42.266,2.048,633.27
2024-07-26 07:00:00,15.341,60.225,3.841,502.16
2024-07-24 19:00:00,23.26,54.125,4.194,291.82
2024-05-21 01:00:00,22.531,50.112,4.53,103.78
2024-07-17 10:00:00,20.402,54.273,1.837,32.2
2024-01-11 11:00:00,-0.307,86.151,1.171,33.35
2024-07-30 15:00:00,24.862,51.916,0.0,0.0
2024-03-05 09:00:00,5.916,80.819,4.632,0.0
2024-11-29 21:00:00,4.45,69.414,2.035,0.0
2024-10-12 03:00:00,4.71,75.322,4.944,0.0
2024-11-05 12:00:00,1.61,85.108,2.77,12.02
2024-08-29 04:00:00,11.002,64.633,5.027,0.0
2024-04-20 11:00:00,18.01,58.194,3.478,34.49
2024-10-24 01:00:00,8.508,69.274,1.743,2.23
2024-10-30 23:00:00,6.212,67.125,4.533,0.0
2024-02-07 17:00:00,6.972,70.441,1.453,0.0
2024-09-10 09:00:00,10.462,70.021,1.149,26.56
2024-03-20 01:00:00,15.913,63.311,4.456,171.5
2024-10-04 21:00:00,13.965,64.568,1.147,350.72
2024-08-08 09:00:00,17.637,63.978,3.506,446.04
2024-10-19 06:00:00,1.965,76.436,3.327,654.98
2024-06-03 07:00:00,18.163,63.724,1.23,560.07
2024-01-23 16:00:00,-0.423,74.369,4.502,723.16
2024-03-20 17:00:00,15.73,67.938,2.787,748.93
2024-01-22 02:00:00,0.846,74.92,3.354,602.44
2024-12-25 19:00:00,1.831,72.519,3.3,487.76
2024-06-10 17:00:00,26.993,41.992,3.64,325.35
2024-12-07 09:00:00,-3.455,87.105,3.587,195.24
2024-03-20 11:00:00,7.143,74.144,2.968,0.0
2024-06-27 15:00:00,25.263,49.889,3.575,33.73
2024-09-12 23:00:00,17.398,60.084,1.797,0.0
2024-03-09 20:00:00,14.091,53.757,3.897,1.19
2024-03-28 17:00:00,19.433,59.871,3.312,0.0
2024-07-19 01:00:00,23.392,51.938,3.504,0.0
2024-08-09 16:00:00,22.107,48.42,2.963,0.0
2024-01-29 00:00:00,4.15,75.667,3.619,0.0
2024-10-14 17:00:00,10.246,63.665,5.082,5.01
2024-09-28 17:00:00,12.74,57.873,3.461,0.0
2024-05-06 13:00:00,19.955,50.558,3.994,6.92
2024-03-11 02:00:00,8.522,64.037,2.628,4.81
2024-11-09 03:00:00,2.509,81.52,1.934,16.1
2024-10-13 23:00:00,13.166,66.43,4.068,133.46
2024-10-27 11:00:00,1.108,81.768,3.718,350.08
2024-12-04 01:00:00,-0.864,82.505,2.216,485.59
2024-03-18 12:00:00,9.345,66.365,0.512,723.66
2024-11-12 16:00:00,4.09,70.153,1.807,600.83
2024-04-22 13:00:00,19.385,58.907,1.582,715.29
2024-11-02 10:00:00,2.577,84.298,4.82,533.09
2024-09-03 17:00:00,18.283,61.996,4.68,636.71
2024-04-22 16:00:00,20.905,50.422,2.447,428.7
2024-02-06 03:00:00,3.473,79.895,1.126,293.37
2024-01-15 12:00:00,-2.089,83.471,3.084,182.08
2024-02-05 07:00:00,4.311,82.644,0.834,0.0
2024-11-14 22:00:00,7.498,69.652,3.7,0.0
2024-08-04 03:00:00,19.817,59.434,0.842,4.34
2024-12-31 06:00:00,-1.37,86.754,4.689,0.0
2024-09-18 12:00:00,11.742,75.215,3.427,6.03
2024-08-18 19:00:00,23.771,48.502,1.587,57.05
2024-11-29 03:00:00,3.629,80.913,1.416,0.0
2024-01-06 18:00:00,5.454,68.064,4.693,9.62
2024-01-14 13:00:00,-2.105,82.358,2.112,24.42
2024-12-17 18:00:00,3.044,67.213,2.922,0.0
2024-07-12 17:00:00,25.507,47.103,1.883,0.0
2024-10-26 07:00:00,-0.759,86.181,2.279,0.0
2024-11-01 06:00:00,2.487,81.433,5.254,5.35
2024-01-03 05:00:00,-1.368,79.809,4.415,171.66
2024-09-17 00:00:00,13.92,62.614,1.687,332.56
2024-09-22 21:00:00,12.552,55.106,4.514,456.58
2024-08-09 09:00:00,16.18,66.774,4.107,676.99
2024-07-22 17:00:00,26.116,46.539,4.774,803.57
2024-08-11 22:00:00,23.624,53.825,5.372,781.4
2024-10-28 03:00:00,3.328,79.559,3.878,768.97
2024-12-28 10:00:00,-3.499,87.354,4.635,628.61
2024-06-30 04:00:00,20.102,56.008,3.715,413.67
2024-06-06 11:00:00,20.706,55.712,2.184,325.61
2024-04-21 22:00:00,22.59,55.368,1.441,163.88
2024-04-08 23:00:00,21.291,61.747,2.776,5.54
2024-02-29 17:00:00,9.729,53.444,2.632,0.0
2024-03-30 11:00:00,9.736,75.491,2.908,5.48
2024-04-09 00:00:00,17.403,61.237,4.393,14.63
2024-04-09 17:00:00,17.709,58.014,2.466,0.0
2024-11-02 02:00:00,2.201,75.974,4.429,0.0
2024-09-09 19:00:00,19.792,48.03,1.686,0.0
2024-10-07 19:00:00,10.256,57.522,3.19,0.0
2024-03-05 02:00:00,6.83,72.978,2.99,4.43
2024-10-07 14:00:00,9.35,72.48,3.879,14.64
2024-02-11 15:00:00,6.764,73.35,2.945,6.59
2024-10-17 08:00:00,2.241,82.114,2.464,0.0
2024-08-17 17:00:00,21.663,47.873,4.202,0.0
2024-01-14 02:00:00,3.466,79.034,1.876,174.19
2024-02-18 11:00:00,0.106,75.831,2.74,383.96
2024-04-29 00:00:00,20.333,52.937,3.774,485.27
2024-07-19 23:00:00,25.264,50.903,2.085,576.13
2024-05-18 20:00:00,29.06,44.932,2.596,676.07
2024-05-23 15:00:00,22.29,51.723,5.126,747.03
2024-03-19 11:00:00,7.899,74.575,2.865,677.52
2024-12-09 05:00:00,-4.436,85.643,3.906,653.41
2024-05-04 04:00:00,18.869,58.228,4.389,531.82
2024-08-24 05:00:00,16.673,67.493,1.08,347.04
2024-03-06 19:00:00,11.541,55.883,4.645,205.18
2024-02-13 20:00:00,9.92,69.811,5.636,14.21
2024-10-27 21:00:00,4.386,73.776,3.541,0.0
2024-04-30 06:00:00,15.372,55.745,3.876,0.0
2024-09-07 23:00:00,16.693,53.885,1.509,0.0
2024-01-08 14:00:00,-1.275,77.731,3.977,36.31
2024-04-10 22:00:00,19.295,54.567,4.45,0.0
2024-10-18 15:00:00,7.918,66.957,1.633,0.0
2024-09-19 18:00:00,13.902,54.944,2.923,19.15
2024-11-20 09:00:00,-2.316,92.68,4.892,0.0
2024-10-07 02:00:00,8.843,70.807,3.183,9.63
2024-08-01 18:00:00,25.144,47.323,2.347,0.0
2024-06-05 12:00:00,21.827,51.013,1.221,0.0
2024-10-26 19:00:00,9.18,70.826,3.695,0.0
2024-07-22 13:00:00,20.254,60.534,3.364,205.62
2024-07-04 13:00:00,23.114,56.236,5.224,212.11
2024-02-09 05:00:00,3.117,78.99,2.673,531.33
2024-06-26 20:00:00,25.901,43.055,1.808,641.02
2024-04-10 21:00:00,22.213,51.781,3.133,602.82
2024-05-31 17:00:00,25.847,42.729,0.71,753.13
2024-09-26 18:00:00,10.626,55.416,2.768,693.67
2024-10-22 15:00:00,3.404,74.707,0.57,620.22
2024-04-15 15:00:00,17.697,53.248,5.092,494.67
2024-04-28 12:00:00,17.855,69.703,1.624,328.55
2024-04-04 20:00:00,20.287,48.445,0.97,175.95
2024-05-22 09:00:00,19.119,66.182,4.281,0.0
2024-07-06 21:00:00,27.243,45.794,4.397,0.0
2024-01-25 17:00:00,5.691,76.403,4.045,0.0
2024-01-20 13:00:00,-0.377,74.692,3.463,2.01
2024-07-19 21:00:00,25.993,47.38,2.99,0.0
2024-07-22 15:00:00,26.075,50.548,6.192,0.0
2024-12-26 19:00:00,4.184,64.356,3.533,5.42
2024-11-10 07:00:00,1.137,83.75,1.436,2.08
2024-04-08 17:00:00,20.908,44.614,4.408,0.0
2024-12-12 10:00:00,-1.828,86.644,4.29,10.4
2024-04-09 20:00:00,18.391,38.435,3.573,0.0
2024-06-04 19:00:00,25.026,40.575,0.743,0.0
2024-05-24 12:00:00,19.977,64.979,5.612,45.62
2024-04-04 17:00:00,17.954,52.809,2.23,201.4
2024-08-27 07:00:00,10.031,69.282,3.631,362.42
2024-05-03 03:00:00,22.355,57.304,3.53,461.11
2024-11-26 06:00:00,-4.187,81.508,2.116,576.11
2024-10-15 14:00:00,6.752,77.973,1.8,638.32
2024-01-07 20:00:00,6.321,72.597,4.371,748.46
2024-03-02 20:00:00,12.745,60.981,3.821,543.54
2024-09-03 05:00:00,10.713,70.566,4.819,698.13
2024-06-30 02:00:00,23.71,50.162,3.293,425.63
2024-12-27 00:00:00,1.536,75.195,3.553,338.58
2024-08-03 20:00:00,25.006,46.95,1.978,199.18
2024-09-21 09:00:00,7.756,67.125,4.824,29.14
2024-10-15 09:00:00,1.715,84.899,3.254,0.0
2024-07-16 06:00:00,19.81,69.252,2.849,0.0
2024-10-15 11:00:00,2.594,74.649,2.476,10.86
2024-07-06 07:00:00,22.66,58.433,4.59,0.0
2024-07-23 01:00:00,21.05,51.86,4.715,20.4
2024-10-15 23:00:00,10.407,68.984,2.859,0.0
2024-10-16 21:00:00,13.644,64.514,3.162,3.62
2024-03-23 00:00:00,14.269,51.232,3.577,13.52
2024-11-23 13:00:00,0.391,84.195,4.492,0.0
2024-07-21 02:00:00,17.527,43.272,5.137,19.4
2024-06-20 20:00:00,28.553,44.595,4.121,0.0
2024-07-16 09:00:00,18.948,55.791,2.37,43.43
2024-10-14 08:00:00,1.604,76.294,3.925,135.45
2024-05-17 05:00:00,19.867,59.807,2.189,314.21
2024-07-28 06:00:00,17.629,56.931,2.909,512.97
2024-08-25 16:00:00,18.295,50.963,1.355,556.28
2024-05-24 08:00:00,19.111,61.317,5.234,628.25
2024-02-14 04:00:00,4.589,75.777,3.914,795.1
2024-10-31 16:00:00,6.386,71.144,5.509,708.71
2024-07-08 11:00:00,20.449,53.411,2.71,644.73
2024-09-09 04:00:00,11.3,67.619,1.404,389.2
2024-04-11 03:00:00,15.289,61.199,4.192,337.28
2024-04-25 02:00:00,20.581,57.182,0.568,203.89
2024-09-12 09:00:00,6.857,70.454,2.356,4.09
2024-03-31 14:00:00,12.755,63.575,1.745,7.67
2024-04-02 18:00:00,20.682,55.57,1.656,8.05
2024-05-22 11:00:00,18.822,59.322,5.414,3.81
2024-03-21 11:00:00,10.272,64.325,4.719,0.0
2024-03-17 00:00:00,13.684,66.313,2.667,0.0
2024-10-21 20:00:00,11.073,72.782,0.136,0.0
2024-11-30 09:00:00,-3.491,81.391,1.302,0.0
2024-10-25 15:00:00,5.777,71.821,3.04,0.0
2024-10-12 09:00:00,1.625,78.477,3.727,13.03
2024-06-01 15:00:00,25.01,43.89,0.963,6.07
2024-10-30 12:00:00,4.388,71.754,3.549,10.1
2024-12-24 17:00:00,1.494,71.664,1.692,0.0
2024-09-08 21:00:00,17.271,51.21,1.523,146.81
2024-05-18 17:00:00,26.529,48.606,2.662,327.86
2024-07-05 11:00:00,21.659,58.363,4.122,433.11
2024-07-11 23:00:00,25.026,49.288,1.02,490.44
2024-03-14 09:00:00,8.235,76.068,1.191,640.14
2024-03-06 14:00:00,9.976,67.135,3.469,714.36
2024-09-04 08:00:00,13.173,72.8,4.74,674.35
2024-07-04 07:00:00,19.931,58.886,4.424,544.85
2024-07-01 21:00:00,28.673,44.615,3.209,492.45
2024-11-28 10:00:00,-2.553,84.994,3.054,348.99
2024-09-14 01:00:00,14.753,58.75,1.827,184.77
2024-11-11 00:00:00,1.687,69.717,1.028,40.86
2024-08-07 08:00:00,18.161,59.848,2.003,1.18
2024-10-19 20:00:00,7.903,62.399,2.615,0.0
2024-02-16 11:00:00,3.372,82.513,4.53,2.86
2024-12-09 09:00:00,-3.714,88.713,4.086,0.0
2024-05-07 22:00:00,22.004,44.785,3.144,8.13
2024-09-13 23:00:00,15.686,57.909,1.455,0.0
2024-06-01 14:00:00,24.085,47.566,2.509,0.0
2024-12-08 02:00:00,1.326,77.362,6.185,15.46
2024-02-21 03:00:00,5.138,77.429,1.876,0.0
2024-10-14 11:00:00,1.417,86.553,5.016,0.0
2024-06-23 10:00:00,24.739,56.211,2.823,0.0
2024-07-29 15:00:00,20.315,53.229,2.37,0.0
2024-05-13 14:00:00,20.226,50.889,0.438,143.06
2024-10-25 09:00:00,0.98,79.968,3.421,290.9
2024-04-17 03:00:00,13.92,65.807,3.638,357.24
2024-01-01 00:00:00,3.16,70.852,2.358,586.69
2024-03-09 13:00:00,9.477,64.893,3.802,654.63
2024-05-25 17:00:00,25.626,43.855,5.523,695.78
2024-01-29 10:00:00,-1.641,89.204,4.513,548.61
2024-04-05 01:00:00,15.079,57.542,1.544,652.03
2024-01-16 21:00:00,4.081,70.397,1.801,530.48
2024-12-15 08:00:00,-3.753,96.357,1.516,387.95
2024-12-15 16:00:00,4.858,74.957,2.692,191.74
2024-03-03 03:00:00,12.108,73.682,3.745,20.61
2024-08-15 20:00:00,22.127,44.429,5.005,0.0
2024-06-17 09:00:00,21.506,59.665,4.947,0.0
2024-08-10 19:00:00,19.447,50.739,5.152,0.0
2024-07-15 18:00:00,26.352,48.056,2.037,2.64
2024-07-27 19:00:00,26.738,47.155,3.378,0.0
2024-01-30 08:00:00,-3.902,82.454,1.535,0.0
2024-06-23 12:00:00,21.225,53.118,1.407,0.0
2024-01-26 18:00:00,6.714,63.743,5.084,0.0
2024-12-01 05:00:00,-0.852,85.378,1.635,0.0
2024-03-09 12:00:00,5.829,76.249,2.298,0.0
2024-10-07 21:00:00,11.399,66.359,2.409,0.0
2024-03-03 21:00:00,15.061,60.903,5.114,0.0
2024-08-17 21:00:00,23.36,46.285,2.639,179.5
2024-07-02 23:00:00,27.637,47.058,5.428,391.11
2024-01-10 07:00:00,-5.973,90.655,3.317,506.0
2024-12-16 23:00:00,1.278,77.618,1.969,718.65
2024-10-25 05:00:00,0.723,83.748,2.419,609.92
2024-06-28 13:00:00,21.993,47.694,3.526,811.06
2024-12-08 07:00:00,-3.227,88.651,5.123,703.25
2024-01-24 20:00:00,6.731,71.964,5.555,527.47
2024-12-30 00:00:00,2.597,76.201,4.52,513.42
2024-05-29 16:00:00,29.353,47.685,1.486,367.32
2024-09-21 10:00:00,7.242,70.702,3.942,188.89
2024-01-04 05:00:00,-2.956,85.685,4.336,0.0
2024-04-06 18:00:00,19.75,55.833,2.368,0.0
2024-02-12 16:00:00,9.973,61.632,4.101,21.68
2024-08-17 12:00:00,15.96,57.639,1.873,0.0
2024-09-24 17:00:00,14.611,60.456,4.203,10.97
2024-01-19 07:00:00,-2.373,79.62,1.751,3.98
2024-12-02 17:00:00,5.372,76.105,1.975,44.65
2024-09-20 06:00:00,9.949,,4.439,0.0
2024-04-21 20:00:00,22.884,48.178,2.122,0.0
2024-05-26 01:00:00,21.534,46.767,4.365,0.0
2024-01-15 06:00:00,-1.819,,0.107,8.68
2024-08-01 16:00:00,23.164,,0.545,0.0
2024-01-20 18:00:00,8.12,82.027,1.944,34.4
2024-05-30 23:00:00,26.191,41.914,2.567,227.16
2024-09-23 12:00:00,9.282,68.563,3.804,191.78
2024-04-07 17:00:00,20.462,58.674,1.078,531.28
2024-04-18 01:00:00,18.885,59.652,2.842,668.26
2024-04-17 23:00:00,19.568,45.664,3.798,764.55
2024-12-21 08:00:00,-2.172,90.873,1.67,758.59
2024-06-10 22:00:00,23.359,42.808,3.88,671.2
2024-09-22 08:00:00,5.8,68.746,3.295,586.52
2024-11-08 02:00:00,2.357,78.248,2.426,505.98
2024-04-20 02:00:00,16.578,44.085,2.824,415.86
2024-03-18 10:00:00,8.642,76.722,2.605,173.9
2024-10-20 20:00:00,11.697,65.024,0.736,0.0
2024-04-29 04:00:00,16.669,61.508,2.747,14.43
2024-01-21 10:00:00,-1.676,82.07,4.429,17.96
2024-06-28 22:00:00,27.606,43.685,3.317,0.0
2024-06-02 08:00:00,17.46,59.689,0.443,11.45
2024-04-04 19:00:00,16.973,56.704,0.0,6.93
2024-09-26 08:00:00,4.281,74.234,3.223,1.97
2024-01-16 13:00:00,1.988,82.745,0.875,9.98
2024-10-21 21:00:00,13.203,71.186,0.818,0.0
2024-04-11 18:00:00,17.575,63.385,4.524,12.15
2024-07-28 11:00:00,17.807,59.094,3.702,0.0
2024-09-07 16:00:00,20.281,57.25,3.071,0.45
2024-01-29 13:00:00,3.015,78.235,3.619,14.34
2024-11-07 00:00:00,8.768,74.139,2.693,203.05
2024-10-15 20:00:00,11.159,66.782,3.509,330.01
2024-02-04 01:00:00,6.243,78.496,0.54,495.01
2024-01-11 14:00:00,-1.865,82.009,1.467,661.92
2024-12-07 15:00:00,1.423,73.347,3.866,784.92
2024-01-01 01:00:00,1.052,78.498,2.174,789.87
2024-05-18 05:00:00,17.601,54.235,2.921,799.73
2024-03-19 02:00:00,14.152,67.949,3.132,610.22
2024-10-01 01:00:00,8.659,66.41,1.977,474.86
2024-02-21 21:00:00,8.098,63.893,1.789,297.84
2024-04-12 08:00:00,11.584,66.352,3.466,175.79
2024-10-08 05:00:00,4.896,69.696,3.352,42.25
2024-09-27 21:00:00,11.936,53.595,3.474,0.0
2024-02-20 22:00:00,10.86,69.256,3.328,6.94
2024-10-09 05:00:00,2.922,80.464,4.44,0.0
2024-10-12 05:00:00,5.235,78.289,2.677,2.63
2024-06-04 11:00:00,19.27,55.935,1.332,0.0
2024-01-13 07:00:00,-4.08,79.704,1.45,0.0
2024-01-30 13:00:00,4.919,80.015,2.935,0.0
2024-10-13 02:00:00,9.058,71.246,4.518,5.2
2024-03-26 19:00:00,17.449,58.092,4.367,0.0
2024-07-16 08:00:00,17.326,57.822,0.866,0.0
2024-12-14 21:00:00,-0.489,70.194,3.41,7.55
2024-09-05 11:00:00,9.459,57.527,2.961,0.0
2024-08-14 05:00:00,12.864,61.438,4.878,169.32
2024-12-02 15:00:00,3.932,73.15,4.359,422.32
2024-10-01 11:00:00,6.141,80.049,1.401,570.97
2024-05-25 15:00:00,27.403,44.507,3.843,567.23
2024-04-07 01:00:00,18.223,56.825,2.016,809.27
2024-08-31 00:00:00,15.772,53.815,4.697,785.0
2024-10-26 04:00:00,3.347,76.235,2.684,701.81
2024-05-04 18:00:00,22.144,46.19,4.977,577.88
2024-12-19 01:00:00,-0.035,77.84,1.481,476.91
2024-09-04 06:00:00,14.512,67.224,3.771,371.64
2024-05-03 18:00:00,20.267,45.369,6.089,100.31
2024-04-21 02:00:00,19.808,54.822,1.723,5.65
2024-04-01 12:00:00,13.228,56.554,2.083,0.0
2024-09-29 13:00:00,3.993,67.522,2.68,0.0
2024-09-11 07:00:00,10.311,66.335,0.436,9.19
2024-12-06 05:00:00,2.847,85.509,3.318,36.81
2024-12-27 17:00:00,3.134,69.47,4.324,0.0
2024-03-21 22:00:00,16.155,56.073,2.904,6.62
2024-02-26 07:00:00,0.265,76.61,1.013,0.0
2024-10-12 23:00:00,10.567,63.32,3.532,0.1
2024-08-21 14:00:00,15.366,53.503,1.502,0.0
2024-08-25 09:00:00,11.707,62.258,3.669,14.96
2024-01-08 21:00:00,1.79,76.771,3.881,0.0
2024-11-22 00:00:00,4.982,73.863,6.054,6.5
2024-05-29 18:00:00,28.937,45.885,4.427,193.46
2024-12-12 01:00:00,2.553,66.797,3.762,357.76
2024-02-27 04:00:00,3.094,70.157,2.309,537.38
2024-02-23 23:00:00,9.457,61.676,2.104,682.55
2024-04-13 13:00:00,17.33,65.994,3.299,743.8
2024-12-29 02:00:00,2.18,80.63,4.777,759.58
2024-10-09 02:00:00,7.795,73.861,3.714,554.34
2024-01-24 03:00:00,0.366,79.478,5.067,576.57
2024-12-24 07:00:00,-3.193,86.09,1.774,592.63
2024-11-28 16:00:00,3.186,72.581,1.259,418.76
2024-09-04 07:00:00,11.896,71.136,3.603,174.97
2024-02-16 06:00:00,1.737,79.453,3.973,27.42
2024-02-19 12:00:00,5.065,79.788,3.887,12.04
2024-09-06 11:00:00,11.807,70.887,2.559,0.0
2024-06-03 23:00:00,26.171,41.009,1.289,19.42
2024-08-05 08:00:00,16.843,61.704,3.36,0.0
2024-10-30 16:00:00,7.692,65.554,4.833,0.0
2024-12-17 00:00:00,3.11,72.301,2.239,16.21
2024-05-31 03:00:00,23.687,50.006,0.973,41.04
2024-07-18 17:00:00,25.864,48.132,2.433,23.39
2024-02-20 17:00:00,9.586,65.302,3.666,2.56
2024-09-06 05:00:00,14.656,69.212,3.411,5.65
2024-06-08 11:00:00,21.825,62.612,3.12,47.35
2024-02-11 03:00:00,5.242,77.333,4.122,0.0
2024-07-03 06:00:00,22.461,69.733,4.032,132.44
2024-03-26 07:00:00,9.357,,5.471,345.14
2024-11-08 23:00:00,9.99,76.616,2.515,645.99
2024-10-30 04:00:00,0.24,77.631,2.828,718.36
2024-08-07 19:00:00,25.291,43.233,3.651,798.84
2024-03-12 03:00:00,12.737,69.47,0.443,770.83
2024-08-23 10:00:00,13.505,66.088,1.766,677.79
2024-09-17 10:00:00,7.82,67.557,3.326,496.62
2024-01-28 19:00:00,9.207,70.64,5.229,484.3
2024-11-24 00:00:00,8.23,72.225,4.206,348.76
2024-07-26 01:00:00,25.328,51.192,4.702,220.75
2024-04-10 23:00:00,18.994,51.68,3.089,0.0
2024-01-03 08:00:00,-5.151,84.724,2.653,0.0
2024-06-02 22:00:00,28.509,45.864,1.127,23.39
2024-02-13 21:00:00,9.363,70.659,4.397,0.71
2024-04-15 08:00:00,16.895,63.113,3.652,1.86
2024-05-06 10:00:00,17.326,61.556,4.622,0.0
2024-10-07 20:00:00,9.164,60.135,3.368,1.82
2024-08-21 06:00:00,14.394,71.513,1.989,0.78
2024-05-22 12:00:00,19.516,61.664,3.833,0.0
2024-06-19 13:00:00,23.363,55.341,2.555,0.0
2024-01-30 07:00:00,-3.499,88.883,,24.36
2024-04-25 08:00:00,14.04,68.992,1.565,0.0
2024-05-28 05:00:00,20.524,55.433,4.524,0.0
2024-11-08 17:00:00,1.626,77.616,1.598,138.23
2024-10-02 15:00:00,10.269,63.521,2.701,437.12
2024-11-09 18:00:00,8.435,70.393,0.876,562.55
2024-01-01 16:00:00,0.443,72.404,3.152,603.89
2024-08-18 10:00:00,17.054,67.427,2.806,706.7
2024-12-05 11:00:00,0.503,88.026,1.842,674.91
2024-09-16 03:00:00,13.947,70.213,3.855,563.83
2024-01-06 14:00:00,-1.13,72.483,5.441,474.48
2024-06-19 17:00:00,25.767,35.811,1.535,535.23
2024-10-14 18:00:00,8.269,67.582,2.783,276.23
2024-01-19 05:00:00,-3.722,82.914,2.317,162.1
2024-05-31 10:00:00,20.642,62.881,1.152,0.0
2024-12-26 08:00:00,-3.462,95.555,3.101,16.85
2024-11-30 21:00:00,1.957,67.653,2.135,0.0
2024-09-26 07:00:00,7.67,69.359,2.579,17.84
2024-06-13 06:00:00,19.392,60.274,3.576,24.05
2024-11-26 01:00:00,4.052,77.8,3.6,0.0
2024-06-05 14:00:00,24.14,49.154,1.518,0.0
2024-01-19 12:00:00,-2.758,74.94,3.859,6.85
2024-10-21 19:00:00,11.753,65.208,1.015,12.21
2024-09-19 09:00:00,5.992,72.579,4.683,0.0
2024-09-12 04:00:00,14.095,72.487,2.316,0.12
2024-04-16 22:00:00,19.05,45.983,4.469,0.89
2024-12-28 20:00:00,6.699,73.339,5.096,14.78
2024-05-14 23:00:00,26.255,51.8,0.0,192.1
2024-04-24 11:00:00,13.9,63.742,0.517,330.59
2024-08-14 17:00:00,20.574,57.54,4.059,551.84
2024-07-13 07:00:00,18.299,55.312,1.241,430.71
2024-04-04 00:00:00,18.661,55.145,0.783,691.58
2024-11-05 03:00:00,1.764,89.027,3.139,614.11
2024-09-28 18:00:00,12.847,60.803,0.345,797.41
2024-02-19 15:00:00,4.709,68.169,3.995,576.16
2024-09-10 03:00:00,11.327,64.82,1.828,463.31
2024-05-30 06:00:00,18.41,62.745,2.159,324.17
2024-02-15 06:00:00,3.761,80.449,3.95,248.06
2024-01-18 17:00:00,6.781,76.028,2.371,0.0
2024-10-23 22:00:00,8.791,62.595,0.628,0.0
2024-06-14 22:00:00,33.089,43.191,4.198,0.0
2024-02-16 09:00:00,2.572,79.716,4.776,11.28
2024-01-12 10:00:00,-4.282,79.814,1.651,0.0
2024-02-25 21:00:00,11.051,62.786,2.324,4.18
2024-02-19 04:00:00,4.399,82.763,3.556,0.0
2024-08-19 17:00:00,20.796,50.841,2.534,0.0
2024-06-01 18:00:00,28.193,,1.984,0.0
2024-10-01 08:00:00,8.307,75.257,2.476,10.0
2024-09-30 06:00:00,7.409,77.979,1.098,0.0
2024-04-15 03:00:00,15.594,56.06,3.792,11.72
2024-08-29 10:00:00,12.171,69.465,4.374,38.08
2024-05-07 16:00:00,20.099,40.836,3.162,234.58
2024-05-31 00:00:00,28.763,43.471,3.263,314.57
2024-03-04 23:00:00,8.694,71.664,5.308,485.58
2024-06-08 01:00:00,24.588,47.718,3.406,504.53
2024-07-31 15:00:00,22.208,48.987,0.477,516.0
2024-03-21 01:00:00,14.588,59.845,3.462,673.38
2024-04-22 07:00:00,17.169,59.754,0.0,562.49
2024-10-12 10:00:00,1.796,77.901,3.972,451.33
2024-06-08 19:00:00,26.924,43.522,3.798,563.26
2024-10-04 17:00:00,10.001,67.678,1.664,325.17
2024-10-12 21:00:00,14.464,63.349,4.282,219.22
2024-11-23 10:00:00,-7.434,86.388,4.607,0.0
2024-08-06 18:00:00,21.895,45.773,4.263,11.89
2024-12-31 13:00:00,0.413,81.642,4.592,5.42
2024-08-10 11:00:00,18.104,58.778,3.87,0.0
2024-06-11 07:00:00,21.818,58.685,2.924,0.0
2024-12-06 09:00:00,-3.78,94.478,4.624,34.57
2024-02-06 06:00:00,0.124,83.726,1.978,0.0
2024-08-21 01:00:00,19.378,63.651,1.053,0.0
2024-08-06 01:00:00,20.742,54.521,2.476,0.0
2024-07-25 17:00:00,22.773,44.709,3.759,38.22
2024-02-01 23:00:00,9.191,70.664,1.725,10.19
2024-03-22 09:00:00,7.373,68.21,3.764,55.78
2024-06-13 07:00:00,15.764,56.592,4.47,0.0
2024-04-03 05:00:00,10.319,60.581,1.315,228.84
2024-10-09 10:00:00,5.872,77.084,3.432,362.27
2024-02-20 04:00:00,4.343,72.257,2.122,500.04
2024-06-27 03:00:00,22.676,53.873,2.41,683.13
2024-12-26 15:00:00,-0.985,72.162,3.555,781.45
2024-02-16 17:00:00,10.509,62.38,4.084,520.75
2024-09-01 18:00:00,21.313,55.432,5.248,611.37
2024-04-30 22:00:00,22.222,52.798,4.475,619.78
2024-03-22 17:00:00,15.755,58.535,4.356,468.52
2024-03-15 17:00:00,15.005,58.715,1.315,320.39
2024-05-24 17:00:00,23.715,50.554,3.978,220.88
2024-06-06 08:00:00,16.393,58.038,1.687,0.0
2024-02-05 23:00:00,9.816,69.534,2.328,0.0
2024-07-29 03:00:00,18.8,54.221,2.808,0.0
2024-04-23 10:00:00,13.259,68.04,0.81,22.02
2024-08-26 00:00:00,20.265,52.486,0.741,15.8
2024-07-04 01:00:00,25.052,62.126,3.478,19.63
2024-12-10 04:00:00,-2.798,82.033,3.815,22.45
2024-02-23 02:00:00,8.99,73.404,2.741,0.0
2024-12-25 14:00:00,-2.321,77.718,2.852,0.0
2024-02-24 23:00:00,9.486,62.907,0.483,47.95
2024-06-03 12:00:00,22.297,50.225,2.071,28.65
2024-01-03 02:00:00,0.943,82.377,4.71,14.83
2024-11-06 03:00:00,3.489,78.103,3.566,46.71
2024-12-08 21:00:00,5.392,70.613,3.907,192.48
2024-11-29 14:00:00,0.87,80.421,1.384,407.43
2024-07-30 00:00:00,24.505,50.13,2.435,577.3
2024-09-23 22:00:00,14.387,54.997,3.997,667.6
2024-06-24 16:00:00,29.302,46.097,2.121,779.05
2024-05-06 11:00:00,18.66,62.451,4.497,589.73
2024-02-24 20:00:00,9.076,68.88,0.0,803.54
2024-01-04 02:00:00,-4.304,73.073,4.8,713.05
2024-12-05 09:00:00,-3.574,90.236,4.053,569.67
2024-03-22 23:00:00,14.969,63.225,3.55,299.67
2024-09-22 03:00:00,11.472,68.618,4.548,130.06
2024-09-24 03:00:00,9.653,66.349,3.689,0.0
2024-08-16 16:00:00,19.262,47.289,4.328,0.0
2024-02-20 16:00:00,7.043,65.467,2.316,0.0
2024-06-19 12:00:00,21.796,45.143,1.747,33.01
2024-02-05 03:00:00,3.408,86.983,2.053,29.05
2024-04-07 10:00:00,12.208,69.984,1.131,9.71
2024-04-24 04:00:00,17.547,57.221,1.101,33.41
2024-09-06 00:00:00,19.538,55.019,1.906,0.0
2024-10-12 01:00:00,7.295,78.685,4.483,0.0
2024-02-23 13:00:00,3.375,72.152,1.912,0.0
2024-03-24 02:00:00,13.458,65.528,2.941,9.51
2024-01-20 22:00:00,10.701,73.398,2.441,0.0
2024-05-24 05:00:00,23.382,68.943,5.532,40.51
2024-12-01 06:00:00,-4.041,94.372,2.489,244.78
2024-10-12 20:00:00,9.79,64.765,2.752,384.5
2024-07-13 09:00:00,18.863,55.711,0.926,583.33
2024-08-24 02:00:00,18.349,57.952,3.27,771.49
2024-06-22 18:00:00,24.674,47.188,1.989,788.67
2024-08-09 02:00:00,19.472,55.306,4.702,688.95
2024-01-24 22:00:00,7.099,68.814,5.854,730.73
2024-11-05 04:00:00,0.474,80.258,2.369,696.83
2024-03-01 16:00:00,11.501,72.562,2.779,536.01
2024-11-16 02:00:00,1.47,77.76,4.309,399.58
2024-09-02 19:00:00,21.192,57.951,6.1,162.5
2024-06-01 20:00:00,27.157,44.931,2.416,0.0
2024-10-15 05:00:00,8.494,78.919,3.647,19.35
2024-10-02 05:00:00,3.345,77.235,1.79,0.0
2024-08-01 19:00:00,26.277,44.555,1.687,7.24
2024-09-02 05:00:00,15.544,62.854,4.347,13.0
2024-06-18 20:00:00,27.344,48.563,4.066,0.0
2024-09-05 19:00:00,18.629,56.327,4.794,39.65
2024-04-08 13:00:00,17.581,65.895,2.994,7.49
2024-07-29 19:00:00,24.399,45.722,1.793,0.31
2024-01-28 06:00:00,3.804,86.94,4.534,5.04
2024-08-01 04:00:00,21.907,57.678,1.115,0.0
2024-11-04 01:00:00,3.802,80.599,3.173,0.0
2024-06-07 14:00:00,23.797,45.68,2.417,30.48
2024-12-08 01:00:00,1.858,79.004,1.769,110.07
2024-06-04 20:00:00,26.302,39.425,1.551,385.51
2024-02-21 09:00:00,7.217,81.514,3.151,530.8
2024-11-05 10:00:00,-0.807,88.592,3.421,713.37
2024-06-15 23:00:00,25.663,51.376,4.211,780.99
2024-04-16 17:00:00,20.361,50.793,5.024,539.92
2024-10-08 21:00:00,12.655,61.333,4.225,566.37
2024-11-01 08:00:00,-2.645,88.03,4.58,578.5
2024-02-10 23:00:00,7.278,68.928,3.457,483.02
2024-10-10 08:00:00,1.951,73.046,3.088,346.41
2024-05-20 00:00:00,22.333,46.578,4.147,231.68
2024-03-28 16:00:00,13.506,64.204,3.964,28.23
2024-02-28 16:00:00,9.175,70.614,2.72,0.0
2024-12-27 06:00:00,-1.326,85.54,5.304,21.49
2024-09-13 13:00:00,10.447,66.103,2.064,0.0
2024-11-04 07:00:00,1.982,,3.995,0.0
2024-06-04 02:00:00,20.64,50.494,0.687,0.0
2024-09-02 18:00:00,18.894,57.622,4.362,0.0
2024-02-10 19:00:00,9.768,67.904,4.719,0.31
2024-08-14 06:00:00,14.186,66.184,4.137,3.94
2024-01-25 13:00:00,-0.315,80.568,5.51,30.45
2024-11-04 12:00:00,-0.002,79.738,4.827,0.0
2024-02-18 21:00:00,9.647,60.764,2.65,0.0
2024-11-18 21:00:00,8.011,78.536,3.809,0.0
2024-10-26 02:00:00,4.034,67.731,2.532,147.72
2024-08-09 05:00:00,15.114,59.427,3.412,367.58
2024-03-02 16:00:00,11.641,68.628,5.26,555.66
2024-01-18 04:00:00,-3.272,88.288,2.802,766.78
2024-06-04 23:00:00,26.72,50.19,1.34,590.22
2024-09-19 08:00:00,6.224,72.232,3.963,545.54
2024-05-31 06:00:00,20.957,63.793,2.823,741.69
2024-09-29 08:00:00,4.131,78.241,1.942,743.33
2024-01-04 06:00:00,-2.888,84.711,4.582,530.94
2024-07-02 02:00:00,25.224,48.002,4.426,344.46
2024-03-07 14:00:00,9.374,64.642,3.985,216.23
2024-06-13 20:00:00,27.763,35.89,3.442,0.0
2024-12-18 01:00:00,1.635,74.792,2.996,7.02
2024-02-19 02:00:00,4.295,75.161,3.237,0.0
2024-12-06 00:00:00,2.033,79.943,3.432,0.0
2024-04-09 10:00:00,12.171,70.443,3.026,0.0
2024-11-19 07:00:00,-4.661,80.397,5.626,0.0
2024-08-18 06:00:00,16.742,64.296,0.307,0.0
2024-10-29 05:00:00,3.207,80.495,3.799,0.0
2024-05-23 20:00:00,26.474,52.827,3.799,0.0
2024-11-18 01:00:00,2.977,76.196,4.425,0.0
2024-05-14 21:00:00,23.343,47.214,2.022,26.63
2024-04-20 00:00:00,23.361,48.756,0.873,55.07
2024-08-23 04:00:00,16.655,59.342,3.15,35.98
2024-12-07 18:00:00,2.736,73.51,5.443,218.07
2024-01-19 06:00:00,-4.94,88.696,1.16,446.51
2024-02-10 11:00:00,0.481,84.174,2.176,558.15
2024-08-08 08:00:00,14.773,,3.632,627.1
2024-06-24 21:00:00,29.344,38.776,1.996,648.95
2024-04-06 01:00:00,22.095,65.021,1.686,635.7
2024-12-21 03:00:00,-2.855,87.178,1.364,688.04
2024-12-23 14:00:00,-2.882,78.444,1.755,734.83
2024-03-21 06:00:00,4.188,76.369,2.68,457.55
2024-02-25 17:00:00,9.466,,1.086,454.0
2024-05-29 11:00:00,18.725,55.866,3.552,189.48
2024-10-31 08:00:00,0.804,76.223,3.178,22.0
2024-09-11 11:00:00,9.167,61.541,0.631,9.08
2024-05-08 04:00:00,20.359,59.481,4.401,0.0
2024-01-27 04:00:00,0.609,83.099,4.891,0.0
2024-01-18 01:00:00,3.451,77.454,1.168,4.03
2024-08-31 04:00:00,10.329,71.619,3.637,59.46
2024-08-27 23:00:00,20.897,54.523,1.904,0.0
2024-02-19 22:00:00,9.942,67.582,2.604,15.08
2024-11-14 05:00:00,-1.396,87.526,1.828,4.12
2024-04-21 15:00:00,18.842,49.038,2.818,9.9
2024-08-12 19:00:00,24.529,46.295,4.285,0.0
2024-08-10 02:00:00,18.575,45.368,3.492,0.0
2024-06-20 05:00:00,21.588,52.574,1.163,0.0
2024-10-03 03:00:00,10.62,73.844,0.613,243.27
2024-02-01 16:00:00,4.139,77.666,3.05,444.54
2024-12-05 03:00:00,-0.077,85.996,4.502,465.54
2024-09-04 12:00:00,10.587,63.93,3.667,460.2
2024-07-17 00:00:00,24.232,44.135,1.118,725.56
2024-06-18 22:00:00,26.762,45.21,4.878,814.26
2024-10-30 13:00:00,1.201,79.236,5.072,689.43
2024-07-29 23:00:00,21.713,53.574,1.397,723.94
2024-11-25 22:00:00,3.213,75.456,2.615,607.51
2024-10-08 02:00:00,6.329,75.375,4.298,395.63
2024-12-24 09:00:00,-5.187,85.558,1.832,220.19
2024-08-27 22:00:00,19.063,52.562,1.86,19.18
2024-08-05 23:00:00,24.059,48.689,1.331,0.0
2024-03-01 18:00:00,13.93,60.977,3.599,0.0
2024-07-09 18:00:00,25.758,40.624,3.701,0.59
2024-05-09 15:00:00,21.625,50.566,3.556,13.47
2024-01-29 21:00:00,7.739,75.177,3.335,9.23
2024-07-31 00:00:00,23.184,55.547,2.571,0.47
2024-09-16 00:00:00,14.538,59.781,2.345,0.0
2024-10-04 10:00:00,5.172,82.041,1.255,0.0
2024-12-12 16:00:00,-1.537,80.702,5.377,0.0
2024-08-22 19:00:00,22.607,45.341,0.0,0.0
2024-03-25 01:00:00,10.46,63.69,5.285,0.0
2024-05-04 08:00:00,13.415,62.538,4.822,14.2
2024-04-07 23:00:00,19.598,49.396,0.76,145.92
2024-08-22 13:00:00,17.096,58.17,1.022,354.75
2024-10-11 21:00:00,8.144,59.957,4.621,518.51
2024-12-03 08:00:00,-1.485,83.59,0.578,713.78
2024-09-07 02:00:00,12.664,62.894,1.897,761.9
2024-09-27 04:00:00,9.516,75.182,2.538,603.9
2024-10-17 04:00:00,4.697,80.026,2.651,696.97
2024-08-14 00:00:00,20.566,49.066,3.824,618.01
2024-10-16 19:00:00,7.235,53.491,2.061,544.17
2024-12-09 02:00:00,2.07,80.478,5.06,416.41
2024-02-29 02:00:00,10.701,72.019,3.105,133.56
2024-02-06 14:00:00,3.877,73.737,2.517,0.0
2024-03-02 19:00:00,11.485,61.348,3.764,36.59
2024-01-03 07:00:00,-1.828,89.647,5.402,0.0
2024-02-24 22:00:00,9.361,55.919,2.014,0.0
2024-04-19 17:00:00,21.314,49.891,2.731,14.9
2024-06-20 18:00:00,29.187,42.816,2.904,0.0
2024-02-21 14:00:00,7.462,77.397,3.42,0.0
2024-03-04 01:00:00,6.412,73.307,4.052,0.0
2024-04-27 20:00:00,25.014,49.783,3.995,0.0
2024-08-16 01:00:00,18.678,59.666,3.77,0.0
2024-11-30 17:00:00,4.862,79.684,1.764,0.0
2024-09-15 07:00:00,8.214,83.121,1.537,0.0
2024-10-02 07:00:00,5.711,78.763,1.703,0.0
2024-07-31 08:00:00,18.632,57.091,0.71,215.52
2024-11-22 05:00:00,-3.648,84.734,4.718,306.02
2024-06-12 16:00:00,23.784,45.619,5.449,580.87
2024-07-06 04:00:00,20.444,53.382,3.398,733.73
2024-06-21 21:00:00,28.297,42.244,0.592,566.81
2024-09-23 05:00:00,9.602,72.139,3.281,642.61
2024-01-08 10:00:00,-3.288,87.139,5.365,817.95
2024-11-02 00:00:00,4.868,77.139,4.035,660.11
2024-07-10 19:00:00,29.467,49.93,1.096,557.65
2024-08-23 08:00:00,15.892,72.18,2.116,365.02
2024-05-29 14:00:00,25.129,47.614,2.652,221.22
2024-07-19 22:00:00,24.402,47.794,3.197,9.61
2024-01-10 12:00:00,-2.494,72.924,2.396,0.0
2024-02-04 02:00:00,3.755,76.253,1.566,29.76
2024-01-02 05:00:00,-3.043,88.011,3.432,0.0
2024-01-24 09:00:00,2.014,84.402,5.125,1.47
2024-06-19 21:00:00,26.462,41.382,2.046,0.0
2024-06-21 00:00:00,24.671,52.972,3.192,25.23
2024-05-05 10:00:00,16.907,66.545,5.656,0.0
2024-11-24 18:00:00,4.837,71.108,3.319,0.0
2024-05-05 06:00:00,17.951,55.049,3.553,5.86
2024-08-15 06:00:00,17.008,67.51,4.982,0.0
2024-08-17 06:00:00,15.202,66.341,3.422,0.0
2024-05-27 11:00:00,19.935,55.189,2.903,0.0
2024-08-16 20:00:00,21.861,51.248,3.433,136.11
2024-03-16 02:00:00,9.899,69.337,1.677,390.94
2024-12-14 01:00:00,2.462,76.964,4.53,509.96
2024-01-30 06:00:00,-1.832,82.655,2.836,547.23
2024-11-12 13:00:00,-0.608,80.596,2.543,571.02
2024-04-06 13:00:00,13.315,58.778,0.997,666.42
2024-03-01 04:00:00,6.864,,3.195,611.52
2024-05-02 22:00:00,25.728,44.864,3.386,769.33
2024-05-26 13:00:00,22.698,53.05,4.186,563.78
2024-10-27 09:00:00,2.831,80.518,3.849,438.44
2024-04-30 01:00:00,17.002,50.185,3.72,240.07
2024-11-29 16:00:00,2.124,76.32,1.192,8.92
2024-08-22 05:00:00,11.44,66.648,3.899,14.76
2024-09-15 00:00:00,13.51,56.257,1.511,0.0
2024-04-07 09:00:00,11.885,68.372,0.858,43.96
2024-08-17 01:00:00,18.231,60.666,3.197,28.13
2024-10-23 13:00:00,3.592,76.035,2.735,0.0
2024-09-03 13:00:00,10.757,64.564,4.869,12.98
2024-08-17 10:00:00,13.012,58.432,1.033,0.0
2024-05-17 09:00:00,16.522,60.497,0.822,0.0
2024-05-14 22:00:00,25.535,48.085,1.638,13.2
2024-10-09 08:00:00,5.423,66.681,4.028,21.58
2024-10-15 07:00:00,2.793,79.628,3.592,0.0
2024-07-26 17:00:00,27.451,47.622,3.26,0.0
2024-07-27 03:00:00,20.431,55.823,3.227,174.87
2024-07-24 08:00:00,15.593,63.803,3.319,394.69
2024-06-19 04:00:00,24.36,55.978,2.682,583.72
2024-09-15 03:00:00,11.418,68.31,2.731,534.3
2024-04-21 01:00:00,16.855,48.386,0.0,833.95
2024-10-11 13:00:00,5.648,74.448,4.926,750.48
2024-02-06 05:00:00,4.697,86.847,1.356,855.55
2024-05-14 17:00:00,28.007,44.26,1.28,611.03
2024-07-17 17:00:00,26.919,49.067,2.587,611.84
2024-10-14 05:00:00,4.881,73.196,3.736,300.78
2024-05-07 02:00:00,18.356,48.193,2.201,245.3
2024-04-21 13:00:00,14.429,60.969,0.672,0.43
2024-08-15 22:00:00,24.907,57.141,3.164,0.0
2024-08-28 12:00:00,15.596,56.846,3.778,0.74
2024-05-08 06:00:00,17.921,63.217,3.702,0.0
2024-02-17 10:00:00,3.33,72.904,5.647,0.0
2024-11-26 00:00:00,5.268,71.322,4.105,24.23
2024-04-22 06:00:00,15.593,58.743,2.422,0.22
2024-11-22 11:00:00,-3.063,79.153,3.867,0.22
2024-07-10 01:00:00,26.425,48.251,2.837,0.0
2024-11-18 12:00:00,0.919,78.349,4.068,0.0
2024-08-28 07:00:00,12.333,67.864,2.867,0.0
2024-09-19 21:00:00,15.812,58.188,4.174,25.17
2024-02-08 15:00:00,5.931,75.371,2.926,0.0
2024-06-28 14:00:00,23.944,55.112,3.072,173.21
2024-09-08 15:00:00,16.664,62.161,2.791,385.26
2024-12-16 17:00:00,3.009,74.373,3.525,572.14
2024-05-20 09:00:00,18.782,55.219,4.58,679.46
2024-11-11 02:00:00,4.196,76.949,3.153,726.32
2024-01-18 08:00:00,0.281,92.795,2.994,855.63
2024-08-01 13:00:00,18.629,61.242,1.939,824.16
2024-03-27 22:00:00,15.992,61.463,4.52,618.13
2024-06-17 22:00:00,25.62,44.662,4.21,528.85
2024-09-15 05:00:00,9.036,68.478,2.679,360.36
2024-04-24 18:00:00,22.131,52.075,1.202,207.46
2024-01-06 16:00:00,1.115,82.077,5.403,0.0
2024-07-20 18:00:00,27.056,42.593,4.267,0.0
2024-02-16 18:00:00,10.158,68.688,3.587,24.29
2024-01-02 01:00:00,1.546,80.61,4.145,1.92
2024-01-28 09:00:00,-1.271,83.427,3.009,39.47
2024-08-17 02:00:00,14.419,57.674,3.17,57.84
2024-05-23 00:00:00,25.644,46.137,6.435,0.0
2024-05-17 08:00:00,21.105,65.426,1.521,0.0
2024-02-22 10:00:00,1.888,77.615,2.501,32.6
2024-09-25 14:00:00,9.281,66.79,3.716,0.0
2024-07-20 23:00:00,24.233,39.256,2.711,0.06
2024-02-22 22:00:00,12.05,60.377,1.0,26.83
2024-03-01 09:00:00,4.319,73.13,2.53,0.0
2024-09-28 13:00:00,9.271,73.864,2.169,181.98
2024-04-11 13:00:00,16.888,60.447,3.358,387.23
2024-06-15 06:00:00,17.463,56.353,2.933,642.97
2024-09-17 07:00:00,9.602,65.685,5.369,604.74
2024-03-30 22:00:00,19.827,58.254,3.694,781.38
2024-01-25 12:00:00,1.756,78.813,4.54,858.32
2024-02-10 10:00:00,1.302,79.428,3.872,609.02
2024-10-14 03:00:00,12.217,71.285,3.096,800.43
2024-12-26 23:00:00,5.917,73.686,4.299,515.24
2024-09-08 19:00:00,17.38,60.807,1.276,379.46
2024-05-12 16:00:00,22.087,50.676,1.232,162.13
2024-11-24 09:00:00,-3.221,88.926,3.594,10.81
2024-04-22 20:00:00,21.824,49.836,2.606,0.0
2024-06-25 16:00:00,22.626,46.608,0.408,0.0
2024-05-18 22:00:00,28.181,42.288,3.299,0.0
2024-03-14 07:00:00,9.266,63.031,1.059,11.9
2024-03-31 21:00:00,17.479,53.768,2.919,5.5
2024-10-09 13:00:00,6.833,73.399,2.983,13.08
2024-08-13 19:00:00,20.795,49.118,4.3,38.09
2024-06-26 15:00:00,24.429,49.759,2.55,0.0
2024-04-04 16:00:00,15.848,53.811,2.442,0.0
2024-06-08 09:00:00,22.021,59.248,2.521,0.0
2024-10-18 20:00:00,11.438,59.472,2.032,0.0
2024-05-14 10:00:00,16.75,57.309,2.057,0.0
2024-05-07 20:00:00,25.23,50.898,4.89,153.66
2024-01-02 00:00:00,1.331,77.56,4.114,344.73
2024-07-23 06:00:00,16.718,63.019,2.542,507.69
2024-04-17 19:00:00,21.061,43.135,4.772,549.01
2024-09-01 19:00:00,17.66,53.579,4.467,750.63
2024-06-25 22:00:00,27.701,45.186,2.143,781.61
2024-11-17 17:00:00,7.165,77.021,2.874,783.85
2024-02-02 12:00:00,1.636,81.735,2.139,755.84
2024-07-25 16:00:00,23.225,46.843,4.856,422.96
2024-04-25 00:00:00,22.103,53.032,2.722,404.6
2024-02-19 21:00:00,10.933,62.664,2.529,211.96
2024-12-11 12:00:00,-0.444,86.796,5.584,0.0
2024-02-13 17:00:00,10.343,66.64,4.699,6.16
2024-05-22 03:00:00,20.848,55.836,3.034,0.0
2024-04-27 23:00:00,20.466,50.342,2.695,0.0
2024-06-07 08:00:00,17.235,55.535,3.185,0.0
2024-04-11 19:00:00,21.542,57.734,4.24,0.0
2024-02-22 23:00:00,10.546,67.801,1.025,0.0
2024-03-13 22:00:00,9.156,53.383,1.899,0.0
2024-07-20 22:00:00,21.901,42.133,5.331,11.97
2024-07-29 18:00:00,24.513,47.025,2.293,0.0
2024-03-19 17:00:00,14.596,55.921,2.88,0.0
2024-05-07 12:00:00,19.396,58.254,4.355,0.0
2024-12-14 08:00:00,-2.78,84.787,4.458,0.0
2024-01-04 01:00:00,4.263,77.946,4.153,230.19
2024-12-31 08:00:00,-3.64,85.697,5.705,362.11
2024-05-04 09:00:00,14.802,57.904,4.644,559.59
2024-06-17 12:00:00,23.669,55.848,3.232,751.21
2024-11-27 06:00:00,-5.181,87.531,2.008,842.68
2024-08-06 02:00:00,20.723,53.123,1.242,846.97
2024-02-11 08:00:00,0.253,83.727,3.406,712.09
2024-08-21 03:00:00,13.482,63.416,2.489,631.32
2024-09-23 14:00:00,12.655,64.596,3.534,477.36
2024-05-14 00:00:00,20.757,53.526,2.248,392.32
2024-03-20 09:00:00,8.942,70.706,3.332,221.46
2024-05-08 14:00:00,20.862,60.498,3.529,0.0
2024-09-28 23:00:00,12.8,61.0,2.422,3.85
2024-10-28 22:00:00,7.707,70.036,3.387,27.8
2024-03-13 10:00:00,8.804,66.163,1.977,0.0
2024-12-20 12:00:00,-3.078,85.803,0.384,0.0
2024-11-30 22:00:00,3.933,64.258,2.43,7.0
2024-03-03 15:00:00,9.567,67.294,4.509,3.38
2024-04-16 20:00:00,19.767,55.815,3.878,0.0
2024-03-08 23:00:00,10.844,61.641,4.461,0.0
2024-03-28 14:00:00,12.082,59.59,2.696,0.0
2024-01-12 02:00:00,3.887,80.504,2.412,38.98
2024-04-19 15:00:00,19.794,52.954,2.591,24.58
2024-10-14 22:00:00,6.566,63.296,3.737,0.0
2024-05-29 10:00:00,18.49,59.1,3.57,161.93
2024-04-17 17:00:00,19.265,57.405,3.266,368.96
2024-09-15 11:00:00,13.256,73.899,2.633,525.9
2024-11-15 15:00:00,-0.623,77.131,4.295,743.58
2024-12-20 04:00:00,2.513,87.293,2.375,862.71
2024-04-02 06:00:00,10.353,71.764,1.907,515.11
2024-12-13 08:00:00,-5.688,87.219,3.142,842.52
2024-07-03 11:00:00,19.317,56.227,5.38,579.65
2024-11-23 09:00:00,-4.299,87.585,2.726,607.4
2024-06-13 23:00:00,27.095,43.305,4.48,334.28
2024-06-29 23:00:00,28.505,42.576,3.325,182.86
2024-07-05 05:00:00,21.43,54.516,4.319,26.08
2024-07-05 12:00:00,20.732,56.998,3.093,0.0
2024-09-20 23:00:00,14.67,68.126,4.05,13.21
2024-07-16 04:00:00,18.867,57.376,0.872,0.0
2024-10-08 16:00:00,11.523,62.806,4.088,29.07
2024-03-07 03:00:00,7.641,69.505,5.87,0.0
2024-10-31 07:00:00,0.73,83.713,4.457,0.0
2024-08-14 03:00:00,17.814,65.303,3.206,0.0
2024-10-06 14:00:00,10.37,65.17,1.886,0.0
2024-06-03 03:00:00,22.097,56.882,2.104,0.0
2024-07-07 14:00:00,20.946,48.341,4.502,18.17
2024-06-12 01:00:00,23.421,47.513,4.069,1.21
2024-05-06 00:00:00,19.318,54.439,3.775,0.0
2024-06-15 12:00:00,18.228,58.604,5.041,125.94
2024-12-15 07:00:00,-1.602,82.98,3.013,353.55
2024-02-18 23:00:00,8.219,68.677,3.944,574.16
2024-11-23 11:00:00,-0.688,79.846,3.406,690.06
2024-07-27 00:00:00,23.348,47.409,3.401,698.82
2024-03-11 10:00:00,7.74,75.695,2.936,772.37
2024-09-08 14:00:00,15.634,65.604,1.533,864.9
2024-02-23 08:00:00,3.047,74.033,0.027,721.7
2024-05-19 14:00:00,21.37,50.587,2.968,447.4
2024-08-08 02:00:00,21.71,57.852,4.239,407.62
2024-01-29 15:00:00,3.128,80.775,5.246,178.15
2024-08-23 21:00:00,19.49,46.886,0.0,0.0
2024-01-27 14:00:00,0.187,78.033,4.269,25.0
2024-06-01 06:00:00,20.217,58.584,1.409,18.92
2024-02-26 16:00:00,9.344,67.69,1.396,0.0
2024-11-03 18:00:00,6.428,64.265,2.696,13.84
2024-07-11 21:00:00,27.798,47.289,1.784,0.0
2024-05-16 23:00:00,24.421,50.114,1.267,7.21
2024-09-24 05:00:00,8.634,71.742,3.372,0.0
2024-01-09 04:00:00,-2.869,81.869,4.191,0.0
2024-07-10 07:00:00,19.732,60.325,2.023,25.14
2024-07-28 16:00:00,24.744,49.551,3.301,0.0
2024-06-06 17:00:00,25.527,42.841,2.367,0.0
2024-07-30 11:00:00,18.52,59.385,1.305,18.42
2024-03-27 11:00:00,10.045,66.718,4.493,226.57
2024-08-12 21:00:00,24.403,54.617,5.023,474.98
2024-11-30 18:00:00,3.496,64.613,1.935,550.46
2024-11-04 04:00:00,3.887,79.751,2.074,714.39
2024-11-30 14:00:00,-0.127,76.625,0.482,807.23
2024-01-07 03:00:00,-2.825,82.043,4.557,937.17
2024-02-03 05:00:00,1.858,75.695,1.067,724.53
2024-04-05 06:00:00,13.209,65.059,0.443,445.28
2024-06-18 11:00:00,21.704,62.685,1.909,591.37
2024-03-25 12:00:00,11.409,67.31,4.746,442.94
2024-07-31 17:00:00,24.223,46.205,0.932,202.69
2024-08-21 22:00:00,20.198,52.051,0.358,34.55
2024-08-26 06:00:00,14.26,69.211,1.066,5.42
2024-03-02 09:00:00,4.504,76.252,2.772,0.0
2024-01-31 02:00:00,0.61,75.72,2.953,28.58
2024-01-05 10:00:00,0.397,85.136,5.851,4.05
2024-08-23 03:00:00,18.697,57.23,1.409,12.21
2024-07-05 21:00:00,24.555,42.956,4.068,0.0
2024-03-02 08:00:00,4.1,80.317,4.897,0.0
2024-11-22 19:00:00,4.402,68.779,4.616,37.3
2024-01-13 11:00:00,-0.665,85.578,1.626,13.02
2024-01-08 02:00:00,-0.948,78.055,3.784,0.0
2024-05-18 14:00:00,22.193,54.22,2.59,0.0
2024-06-07 11:00:00,21.193,57.071,2.614,28.3
2024-10-20 18:00:00,11.013,64.144,1.144,175.66
2024-06-02 02:00:00,23.358,43.484,1.819,379.45
2024-05-30 19:00:00,28.752,45.908,3.691,612.49
2024-01-18 07:00:00,-3.722,84.033,1.652,614.34
2024-10-01 18:00:00,9.589,63.948,1.883,749.16
2024-07-21 12:00:00,19.395,61.325,5.065,877.35
2024-06-12 11:00:00,18.177,50.441,5.51,567.74
2024-05-03 04:00:00,19.923,58.621,5.67,579.29
2024-01-27 06:00:00,-4.002,78.895,3.69,601.5
2024-07-29 06:00:00,14.1,62.301,0.695,331.26
2024-01-07 18:00:00,6.137,71.541,2.978,213.15
2024-04-03 23:00:00,18.347,52.792,2.017,24.77
2024-10-23 14:00:00,3.772,77.741,2.272,0.0
2024-11-28 03:00:00,0.883,77.08,2.153,0.0
2024-06-29 21:00:00,28.04,32.601,4.45,0.0
2024-12-16 21:00:00,5.576,71.759,2.454,12.3
2024-11-05 16:00:00,6.076,66.308,3.137,0.0
2024-11-10 00:00:00,3.796,76.5,0.0,25.17
2024-08-09 17:00:00,20.376,58.823,4.283,0.0
2024-08-31 17:00:00,17.568,52.519,5.4,1.16
2024-09-16 09:00:00,8.063,70.142,2.299,0.0
2024-06-10 07:00:00,20.268,64.376,3.431,0.0
2024-11-20 02:00:00,1.03,74.944,4.065,0.0
2024-09-20 21:00:00,15.034,55.709,4.999,0.0
2024-11-08 12:00:00,3.94,80.292,1.193,148.83
2024-04-29 20:00:00,21.939,43.941,1.98,306.18
2024-11-06 11:00:00,1.133,75.816,1.445,628.78
2024-10-01 10:00:00,8.55,69.737,1.263,683.95
2024-10-07 18:00:00,16.991,53.642,4.729,631.82
2024-04-17 11:00:00,17.9,64.094,2.954,678.33
2024-05-05 20:00:00,26.7,46.614,5.423,846.85
2024-05-27 13:00:00,24.628,54.354,4.299,631.42
2024-08-06 15:00:00,18.399,54.725,1.78,638.41
2024-12-29 09:00:00,-3.332,92.667,4.716,359.99
2024-08-18 22:00:00,23.86,50.871,3.127,248.31
2024-03-23 11:00:00,10.524,76.286,4.667,0.0
2024-09-07 18:00:00,17.559,46.841,2.701,24.41
2024-02-14 01:00:00,8.346,76.768,3.037,0.0
2024-06-01 10:00:00,20.237,55.146,0.894,5.03
2024-10-21 22:00:00,10.101,64.23,0.847,0.0
2024-09-28 02:00:00,12.33,64.522,1.693,4.52
2024-11-19 19:00:00,5.035,71.807,6.183,0.0
2024-01-04 20:00:00,3.147,70.383,4.125,5.32
2024-02-21 10:00:00,1.527,76.022,1.133,4.12
2024-09-27 01:00:00,7.636,72.454,2.225,0.0
2024-02-12 05:00:00,0.794,81.079,4.752,11.11
2024-08-29 12:00:00,19.724,63.558,4.803,0.0
2024-06-09 23:00:00,26.254,42.75,3.373,14.25
2024-11-22 12:00:00,0.516,79.964,3.304,152.51
2024-01-08 22:00:00,3.313,75.526,2.666,456.7
2024-11-20 15:00:00,1.047,76.93,3.005,603.82
2024-11-26 15:00:00,3.473,79.402,3.274,798.06
2024-03-04 19:00:00,9.417,65.014,4.495,783.2
2024-04-21 18:00:00,21.152,48.918,2.114,664.59
2024-09-09 02:00:00,16.433,57.024,0.722,828.89
2024-04-27 04:00:00,20.432,53.326,1.188,706.06
2024-06-11 06:00:00,19.708,61.234,3.439,518.52
2024-07-19 19:00:00,25.821,49.588,2.888,374.68
2024-05-12 08:00:00,14.851,61.207,1.64,217.87
2024-07-17 20:00:00,27.819,36.595,2.584,0.0
2024-01-05 09:00:00,-2.67,86.091,4.954,0.0
2024-05-22 05:00:00,18.283,58.092,5.166,0.0
2024-04-05 21:00:00,17.331,53.061,1.1,0.0
2024-09-30 14:00:00,12.295,66.385,2.764,2.14
2024-02-05 18:00:00,6.225,69.436,1.605,30.1
2024-08-18 04:00:00,14.651,57.802,3.725,0.7
2024-12-30 09:00:00,-4.888,88.831,4.275,0.0
2024-05-22 22:00:00,26.913,49.694,4.38,0.0
2024-09-16 15:00:00,12.897,66.069,2.995,0.0
2024-06-22 08:00:00,20.01,53.273,2.362,0.0
2024-11-05 22:00:00,3.985,69.6,3.336,0.0
2024-09-03 06:00:00,12.61,70.214,3.808,5.39
2024-01-31 05:00:00,-0.123,85.178,2.756,126.37
2024-03-10 23:00:00,11.996,58.53,3.555,459.52
2024-10-05 20:00:00,12.209,61.27,1.802,554.47
2024-08-06 13:00:00,19.11,62.8,0.733,652.52
2024-02-26 19:00:00,9.484,62.457,1.798,887.18
2024-12-24 10:00:00,1.24,87.977,2.665,768.48
2024-12-01 16:00:00,2.698,66.717,0.335,645.76
2024-11-28 20:00:00,5.342,63.185,1.731,566.27
2024-06-06 13:00:00,22.066,50.72,1.082,545.02
2024-02-08 00:00:00,6.665,71.225,2.765,448.2
2024-10-04 13:00:00,6.666,72.908,1.135,200.99
2024-11-20 17:00:00,3.458,82.359,4.422,0.0
2024-01-17 06:00:00,-3.69,89.609,2.424,0.0
2024-09-18 20:00:00,15.034,55.398,4.252,0.0
2024-08-15 21:00:00,22.803,52.27,3.75,0.0
2024-07-19 18:00:00,27.054,52.263,2.047,0.0
2024-10-31 05:00:00,0.228,85.803,4.277,12.93
2024-06-30 13:00:00,22.177,56.684,3.117,
2024-07-27 02:00:00,20.371,50.51,3.698,
2024-10-28 23:00:00,7.31,64.059,4.616,
2024-04-03 11:00:00,9.22,61.409,3.487,
2024-12-03 03:00:00,0.926,80.467,2.254,
2024-05-10 03:00:00,19.553,48.299,2.322,
2024-05-10 01:00:00,21.166,61.709,3.275,
2024-06-13 21:00:00,27.363,48.376,4.704,
2024-01-30 22:00:00,5.71,70.149,4.113,
2024-05-15 16:00:00,22.272,49.985,1.623,
2024-09-27 22:00:00,14.504,60.258,2.24,
2024-10-25 11:00:00,-0.293,81.255,2.385,
2024-08-21 15:00:00,18.008,60.668,1.127,
2024-05-07 00:00:00,23.591,51.701,3.886,
2024-01-18 12:00:00,3.199,77.655,1.545,
2024-04-01 13:00:00,13.46,,3.034,
2024-05-09 21:00:00,23.603,40.927,1.795,
2024-03-21 17:00:00,15.877,51.171,3.129,
2024-06-20 11:00:00,20.5,58.8,1.063,
2024-01-23 06:00:00,-2.611,82.54,5.289,
2024-01-23 20:00:00,6.694,,2.641,
2024-08-24 16:00:00,17.388,61.915,2.094,
2024-01-13 10:00:00,-0.97,85.073,0.584,
2024-10-23 16:00:00,6.501,63.872,0.0,
2024-11-11 23:00:00,7.73,67.803,0.935,
2024-11-07 17:00:00,6.328,74.501,,
2024-03-31 10:00:00,12.572,66.423,1.114,
2024-11-03 07:00:00,3.22,80.567,4.229,
2024-11-09 04:00:00,3.911,79.939,1.692,
2024-02-27 17:00:00,10.93,62.837,2.521,
2024-05-13 15:00:00,24.146,45.105,0.621,
2024-05-10 15:00:00,23.066,49.399,2.844,
2024-10-12 13:00:00,3.135,71.454,4.834,
2024-10-15 01:00:00,9.843,66.195,3.177,
2024-08-28 11:00:00,13.217,59.867,2.588,
2024-08-16 15:00:00,20.349,58.542,3.381,
2024-06-23 08:00:00,19.113,59.087,0.048,
2024-08-27 03:00:00,15.675,66.153,4.519,
2024-10-26 00:00:00,8.917,64.356,3.195,
2024-01-05 01:00:00,1.972,75.861,5.788,
2024-07-10 21:00:00,26.65,40.698,2.113,
2024-07-18 23:00:00,26.719,51.541,2.168,
2024-04-26 10:00:00,15.616,67.871,3.389,
2024-11-18 10:00:00,-1.444,86.283,4.288,
2024-08-18 05:00:00,14.263,62.967,2.508,
2024-09-03 00:00:00,15.555,61.858,3.291,
2024-09-07 07:00:00,7.642,69.189,2.455,
2024-07-23 00:00:00,20.992,41.681,6.118,
2024-10-08 22:00:00,15.355,55.983,3.529,
2024-04-15 06:00:00,14.485,64.933,4.906,
2024-11-19 06:00:00,-4.458,85.907,3.702,
2024-04-15 19:00:00,21.156,57.196,4.838,
2024-12-04 11:00:00,-2.469,85.555,3.947,
2024-02-14 14:00:00,5.115,71.223,4.434,
2024-01-13 08:00:00,-1.35,86.282,0.819,
2024-01-03 01:00:00,-1.779,81.255,4.965,
2024-12-16 16:00:00,1.897,77.062,3.365,
2024-02-21 19:00:00,8.475,63.205,2.274,
2024-10-09 23:00:00,,66.822,5.126,
2024-02-21 01:00:00,7.239,73.157,2.909,
2024-07-13 02:00:00,23.454,51.486,1.788,
2024-10-28 19:00:00,7.161,64.749,3.939,
2024-07-14 20:00:00,25.14,40.697,0.0,
2024-01-19 10:00:00,-5.595,82.974,3.257,
2024-04-13 00:00:00,17.403,44.06,4.148,
2024-08-25 06:00:00,16.528,62.965,2.489,
2024-08-01 08:00:00,14.41,55.933,0.506,
2024-04-27 07:00:00,16.903,63.118,2.735,
2024-10-11 17:00:00,10.492,68.57,5.703,
2024-12-15 03:00:00,-0.595,78.657,1.808,
2024-10-25 03:00:00,0.183,71.006,3.136,
2024-06-11 15:00:00,23.218,47.52,3.905,
2024-06-18 19:00:00,28.065,36.676,4.141,
2024-12-26 13:00:00,-1.19,75.676,2.834,
2024-10-10 07:00:00,6.011,72.242,4.912,
2024-09-09 05:00:00,12.663,66.47,2.065,
2024-08-14 22:00:00,19.92,51.668,3.535,
2024-11-14 13:00:00,0.054,74.299,1.374,
2024-09-14 19:00:00,18.893,55.061,1.655,
2024-06-19 05:00:00,20.768,51.135,2.367,
2024-07-11 16:00:00,25.81,55.256,2.028,
2024-11-25 08:00:00,-1.008,88.207,4.183,
2024-10-24 03:00:00,3.747,77.724,1.521,
2024-03-14 13:00:00,8.21,71.467,1.049,
2024-04-30 23:00:00,23.205,38.414,3.207,
2024-08-21 02:00:00,19.679,59.003,2.913,
2024-12-05 12:00:00,-1.191,78.94,4.848,
2024-12-02 18:00:00,3.007,82.248,0.062,
2024-01-26 09:00:00,1.213,84.623,4.845,
2024-01-21 05:00:00,-3.586,81.668,3.803,
2024-08-20 06:00:00,12.607,62.038,0.485,
2024-08-29 16:00:00,18.679,51.882,2.363,
2024-07-03 04:00:00,24.131,57.406,5.985,
2024-11-10 17:00:00,3.323,69.461,1.58,
2024-05-27 10:00:00,19.499,50.195,4.854,
2024-12-08 03:00:00,0.324,82.37,3.757,
2024-10-29 06:00:00,2.126,78.748,4.398,
2024-10-14 14:00:00,7.66,68.894,3.524,
2024-03-10 17:00:00,11.113,72.442,3.555,
2024-08-14 12:00:00,16.783,63.588,4.887,
2024-10-31 10:00:00,2.358,82.526,4.147,
2024-08-25 20:00:00,19.52,48.02,1.809,
2024-10-20 16:00:00,5.518,67.54,1.526,
2024-08-22 02:00:00,18.174,61.645,2.497,
2024-08-24 11:00:00,14.308,61.721,2.055,
2024-01-05 00:00:00,2.999,66.791,3.744,
2024-05-11 11:00:00,15.599,65.588,1.607,
2024-04-13 22:00:00,18.02,53.754,3.829,
2024-07-09 10:00:00,18.775,60.815,2.659,
2024-09-02 04:00:00,10.701,63.045,4.337,
2024-01-16 06:00:00,-1.765,87.942,1.962,
2024-09-06 17:00:00,18.325,52.01,1.706,
2024-06-01 09:00:00,15.793,55.874,0.952,
2024-07-21 08:00:00,19.819,59.011,3.36,
2024-02-08 06:00:00,-0.051,84.006,0.927,
2024-10-10 00:00:00,11.262,66.738,3.733,
2024-05-21 07:00:00,17.202,58.27,4.266,
2024-12-31 21:00:00,5.85,73.542,4.374,
2024-05-17 22:00:00,23.424,48.109,0.87,
2024-03-07 04:00:00,5.847,73.651,2.821,
2024-06-01 16:00:00,27.56,48.014,1.383,
2024-01-02 07:00:00,-0.219,87.602,4.481,
2024-09-18 01:00:00,13.39,64.377,4.56,
2024-02-27 07:00:00,3.323,83.122,1.416,
2024-11-13 14:00:00,0.756,72.015,1.262,
2024-06-06 12:00:00,21.419,49.977,3.743,
2024-08-05 00:00:00,20.473,52.982,1.321,
2024-11-08 03:00:00,0.404,76.903,1.761,
2024-01-11 15:00:00,1.033,76.813,1.835,
2024-07-26 20:00:00,26.024,44.354,4.981,
2024-05-31 18:00:00,25.029,41.024,1.261,
2024-12-06 10:00:00,-4.154,90.073,,
2024-06-21 19:00:00,27.688,39.779,1.808,
2024-07-28 18:00:00,26.18,48.055,1.431,
2024-10-15 04:00:00,2.755,76.88,4.04,
2024-08-09 11:00:00,16.408,61.948,3.786,
2024-04-23 15:00:00,22.079,55.019,1.069,
2024-10-16 13:00:00,6.758,74.03,1.763,
2024-06-03 04:00:00,23.451,50.334,2.545,
2024-12-12 12:00:00,-2.257,85.872,4.603,
2024-09-29 20:00:00,14.547,65.76,1.785,
2024-04-25 18:00:00,22.323,44.62,0.586,
2024-08-03 07:00:00,16.477,63.354,1.357,
2024-04-25 13:00:00,15.147,50.303,1.811,
2024-10-08 07:00:00,2.804,85.458,4.643,
2024-01-19 01:00:00,3.917,77.018,1.911,
2024-07-17 18:00:00,26.148,38.727,1.883,
2024-02-15 19:00:00,9.858,67.35,4.982,
2024-04-14 18:00:00,20.245,50.612,2.185,
2024-10-03 13:00:00,5.639,69.509,2.087,
2024-04-17 07:00:00,11.697,66.943,3.418,
2024-11-01 16:00:00,5.765,75.008,4.549,
