timestamp,load_kwh
2024-10-28 14:00:00,34.675
2024-09-07 12:00:00,29.256
2024-10-16 21:00:00,33.395
2024-10-06 08:00:00,31.207
2024-09-07 14:00:00,27.683
2024-02-14 08:00:00,35.672
2024-04-03 21:00:00,33.669
2024-06-20 20:00:00,33.35
2024-08-26 06:00:00,29.965
2024-04-10 14:00:00,32.335
2024-08-21 12:00:00,30.157
2024-10-06 18:00:00,30.07
2024-05-15 18:00:00,35.263
2024-04-29 09:00:00,29.91
2024-02-18 13:00:00,28.391
2024-08-14 01:00:00,33.714
2024-08-08 01:00:00,32.004
2024-01-19 12:00:00,36.956
2024-03-18 09:00:00,32.196
2024-12-31 12:00:00,37.166
2024-01-16 12:00:00,35.866
2024-06-17 20:00:00,33.487
2024-12-24 06:00:00,38.52
2024-08-15 03:00:00,32.202
2024-06-08 13:00:00,26.986
2024-04-01 18:00:00,33.09
2024-11-23 05:00:00,34.978
2024-04-11 10:00:00,31.48
2024-12-26 19:00:00,36.409
2024-09-14 06:00:00,29.403
2024-12-06 09:00:00,37.168
2024-02-27 12:00:00,32.676
2024-07-30 06:00:00,30.261
2024-03-29 08:00:00,33.149
2024-06-04 21:00:00,33.617
2024-03-26 12:00:00,31.171
2024-12-30 16:00:00,36.211
2024-06-30 08:00:00,27.828
2024-07-21 11:00:00,27.829
2024-09-10 11:00:00,31.237
2024-07-22 23:00:00,32.585
2024-12-18 18:00:00,36.561
2024-06-03 16:00:00,32.449
2024-04-26 21:00:00,34.064
2024-07-24 06:00:00,30.09
2024-06-22 13:00:00,29.091
2024-03-22 07:00:00,32.387
2024-08-05 18:00:00,33.484
2024-07-01 21:00:00,34.676
2024-02-07 13:00:00,33.179
2024-01-11 14:00:00,37.581
2024-06-08 17:00:00,29.553
2024-08-28 01:00:00,31.474
2024-10-19 08:00:00,30.357
2024-07-16 20:00:00,31.842
2024-05-17 01:00:00,31.951
2024-01-17 02:00:00,37.623
2024-12-13 18:00:00,35.841
2024-09-22 12:00:00,30.037
2024-12-26 20:00:00,35.175
2024-10-11 01:00:00,32.741
2024-10-23 09:00:00,33.999
2024-12-27 00:00:00,37.791
2024-04-08 12:00:00,30.391
2024-03-12 10:00:00,32.361
2024-06-14 14:00:00,31.528
2024-02-25 01:00:00,30.359
2024-08-02 21:00:00,33.469
2024-03-23 18:00:00,29.925
2024-09-23 13:00:00,31.295
2024-09-07 05:00:00,28.773
2024-12-01 18:00:00,31.076
2024-01-10 13:00:00,36.391
2024-03-12 14:00:00,31.068
2024-04-13 19:00:00,30.479
2024-04-28 12:00:00,28.056
2024-06-19 00:00:00,32.996
2024-07-25 18:00:00,31.635
2024-01-29 23:00:00,35.995
2024-04-20 01:00:00,31.173
2024-08-18 01:00:00,31.757
2024-09-18 02:00:00,32.601
2024-06-16 21:00:00,31.697
2024-02-28 00:00:00,32.66
2024-05-28 18:00:00,32.276
2024-01-29 19:00:00,35.416
2024-08-13 15:00:00,30.203
2024-02-03 14:00:00,31.457
2024-02-17 04:00:00,30.536
2024-04-22 00:00:00,34.026
2024-08-31 13:00:00,28.909
2024-10-11 13:00:00,33.946
2024-01-26 23:00:00,32.72
2024-07-22 22:00:00,31.216
2024-01-17 07:00:00,36.146
2024-08-29 13:00:00,31.972
2024-08-16 22:00:00,33.478
2024-08-27 03:00:00,31.288
2024-06-06 05:00:00,31.573
2024-06-28 05:00:00,29.17
2024-01-03 19:00:00,34.4
2024-05-17 10:00:00,30.771
2024-05-04 17:00:00,30.12
2024-07-22 16:00:00,31.948
2024-09-11 22:00:00,34.123
2024-02-14 23:00:00,
2024-10-11 03:00:00,33.937
2024-07-15 10:00:00,29.971
2024-11-13 06:00:00,36.679
2024-11-17 03:00:00,35.242
2024-08-09 02:00:00,32.68
2024-04-10 02:00:00,33.776
2024-07-03 09:00:00,27.981
2024-03-26 05:00:00,32.464
2024-05-02 06:00:00,30.892
2024-06-11 12:00:00,29.144
2024-08-09 23:00:00,31.784
2024-05-21 00:00:00,34.651
2024-06-09 18:00:00,29.657
2024-01-25 11:00:00,37.201
2024-07-11 19:00:00,32.563
2024-01-04 17:00:00,33.336
2024-10-07 22:00:00,34.37
2024-05-18 15:00:00,28.314
2024-04-28 22:00:00,29.951
2024-01-13 00:00:00,34.115
2024-04-14 09:00:00,27.613
2024-07-12 11:00:00,30.956
2024-06-08 16:00:00,29.574
2024-03-28 15:00:00,32.332
2024-04-24 18:00:00,31.181
2024-12-30 03:00:00,40.125
2024-02-15 18:00:00,34.054
2024-07-08 22:00:00,32.661
2024-05-05 15:00:00,27.733
2024-01-13 23:00:00,31.965
2024-09-21 18:00:00,30.219
2024-05-25 13:00:00,27.034
2024-06-11 21:00:00,33.434
2024-04-19 04:00:00,31.707
2024-11-11 09:00:00,36.578
2024-12-27 11:00:00,37.793
2024-11-12 07:00:00,34.721
2024-11-01 03:00:00,37.429
2024-07-23 05:00:00,31.563
2024-11-21 16:00:00,35.865
2024-02-05 19:00:00,33.164
2024-03-17 16:00:00,29.843
2024-06-07 04:00:00,29.54
2024-12-31 17:00:00,36.564
2024-05-31 08:00:00,30.75
2024-07-09 22:00:00,33.418
2024-06-09 16:00:00,27.375
2024-03-29 22:00:00,32.507
2024-08-06 05:00:00,28.981
2024-05-12 23:00:00,30.177
2024-05-13 04:00:00,31.273
2024-10-11 07:00:00,34.295
2024-11-01 04:00:00,35.18
2024-06-21 22:00:00,33.826
2024-04-13 15:00:00,29.427
2024-05-21 13:00:00,30.977
2024-07-03 16:00:00,32.672
2024-04-22 16:00:00,32.239
2024-08-26 11:00:00,29.524
2024-12-08 09:00:00,36.408
2024-04-22 18:00:00,31.932
2024-06-23 13:00:00,27.493
2024-06-16 00:00:00,30.495
2024-01-10 02:00:00,37.984
2024-07-23 07:00:00,31.104
2024-04-25 02:00:00,31.964
2024-11-06 02:00:00,36.613
2024-12-31 11:00:00,35.331
2024-04-01 01:00:00,32.869
2024-10-09 10:00:00,32.17
2024-05-13 11:00:00,30.739
2024-12-01 21:00:00,32.347
2024-06-07 21:00:00,32.289
2024-07-02 21:00:00,32.751
2024-05-17 08:00:00,31.645
2024-12-14 16:00:00,31.519
2024-03-20 14:00:00,33.225
2024-11-12 00:00:00,34.407
2024-04-08 09:00:00,30.917
2024-01-26 13:00:00,35.809
2024-02-29 17:00:00,34.443
2024-01-26 17:00:00,34.43
2024-11-02 08:00:00,33.255
2024-05-29 12:00:00,30.207
2024-07-14 05:00:00,27.277
2024-01-04 10:00:00,35.304
2024-09-29 11:00:00,29.296
2024-04-13 17:00:00,29.287
2024-03-22 12:00:00,30.684
2024-12-31 05:00:00,39.136
2024-10-01 20:00:00,33.444
2024-08-20 03:00:00,31.93
2024-07-13 02:00:00,27.559
2024-05-25 05:00:00,29.68
2024-11-21 07:00:00,37.982
2024-04-10 03:00:00,33.242
2024-05-14 11:00:00,31.29
2024-07-11 12:00:00,31.435
2024-11-15 05:00:00,36.56
2024-08-03 19:00:00,
2024-12-11 06:00:00,38.076
2024-02-11 21:00:00,29.393
2024-03-05 19:00:00,32.925
2024-04-26 11:00:00,31.31
2024-10-03 00:00:00,34.271
2024-06-29 02:00:00,30.235
2024-03-14 07:00:00,33.397
2024-05-07 09:00:00,29.493
2024-10-12 09:00:00,31.18
2024-10-21 15:00:00,33.005
2024-11-18 10:00:00,35.122
2024-09-13 15:00:00,32.553
2024-10-17 11:00:00,34.18
2024-09-11 02:00:00,31.702
2024-10-12 10:00:00,30.98
2024-01-23 22:00:00,34.645
2024-09-06 12:00:00,30.795
2024-12-02 19:00:00,35.488
2024-11-19 23:00:00,35.657
2024-05-23 00:00:00,33.49
2024-05-23 15:00:00,31.015
2024-01-14 19:00:00,32.389
2024-03-13 12:00:00,32.214
2024-12-09 14:00:00,36.759
2024-02-21 01:00:00,34.227
2024-12-18 15:00:00,37.243
2024-09-09 23:00:00,33.158
2024-04-04 07:00:00,31.373
2024-10-07 16:00:00,31.58
2024-08-01 11:00:00,30.739
2024-01-11 19:00:00,35.549
2024-10-11 05:00:00,32.404
2024-01-14 23:00:00,32.3
2024-08-17 17:00:00,29.806
2024-04-15 09:00:00,30.91
2024-05-04 13:00:00,27.444
2024-01-05 07:00:00,39.893
2024-08-09 09:00:00,28.508
2024-12-24 20:00:00,36.775
2024-04-20 21:00:00,29.984
2024-12-03 00:00:00,36.826
2024-12-07 13:00:00,30.736
2024-01-17 13:00:00,33.925
2024-10-03 20:00:00,33.672
2024-04-16 06:00:00,31.65
2024-09-01 13:00:00,27.411
2024-08-25 12:00:00,26.894
2024-03-05 09:00:00,31.643
2024-02-20 06:00:00,36.768
2024-11-26 15:00:00,35.558
2024-04-09 18:00:00,31.416
2024-06-24 11:00:00,30.316
2024-04-12 04:00:00,33.31
2024-05-24 16:00:00,30.834
2024-08-07 05:00:00,30.882
2024-12-22 18:00:00,32.334
2024-07-04 02:00:00,32.591
2024-01-06 08:00:00,35.352
2024-06-13 12:00:00,30.172
2024-09-13 23:00:00,33.825
2024-11-30 06:00:00,36.694
2024-03-03 18:00:00,30.971
2024-03-09 20:00:00,32.443
2024-09-17 06:00:00,32.401
2024-08-02 04:00:00,31.366
2024-04-02 02:00:00,30.885
2024-09-12 17:00:00,33.002
2024-11-13 14:00:00,34.48
2024-06-28 09:00:00,29.954
2024-04-09 03:00:00,31.565
2024-03-29 07:00:00,33.006
2024-08-31 03:00:00,30.101
2024-08-05 03:00:00,33.035
2024-02-04 09:00:00,30.788
2024-03-14 12:00:00,31.409
2024-10-09 19:00:00,31.232
2024-08-10 07:00:00,27.15
2024-12-19 16:00:00,36.411
2024-11-22 15:00:00,35.383
2024-07-02 03:00:00,28.616
2024-12-11 21:00:00,37.734
2024-08-05 05:00:00,30.033
2024-11-20 11:00:00,37.205
2024-10-27 15:00:00,28.641
2024-05-01 12:00:00,31.101
2024-01-08 09:00:00,35.082
2024-01-27 18:00:00,30.94
2024-12-14 09:00:00,35.642
2024-10-25 15:00:00,32.641
2024-11-17 17:00:00,31.509
2024-09-17 12:00:00,31.682
2024-07-19 01:00:00,32.262
2024-03-31 21:00:00,31.118
2024-08-10 12:00:00,26.944
2024-09-30 16:00:00,32.099
2024-03-19 20:00:00,33.782
2024-09-06 16:00:00,30.912
2024-10-05 07:00:00,31.477
2024-05-19 17:00:00,28.149
2024-12-06 11:00:00,36.386
2024-05-10 15:00:00,30.782
2024-08-10 02:00:00,29.023
2024-05-13 09:00:00,31.582
2024-03-14 16:00:00,33.958
2024-02-22 23:00:00,33.645
2024-02-19 07:00:00,34.385
2024-10-16 20:00:00,32.886
2024-11-01 18:00:00,34.125
2024-09-01 20:00:00,28.859
2024-03-03 00:00:00,31.066
2024-01-23 17:00:00,35.129
2024-08-02 18:00:00,32.959
2024-04-19 05:00:00,31.61
2024-07-04 11:00:00,30.032
2024-07-26 12:00:00,30.022
2024-10-26 00:00:00,31.438
2024-04-28 10:00:00,26.297
2024-09-23 05:00:00,30.324
2024-03-16 06:00:00,30.279
2024-05-23 23:00:00,34.254
2024-02-24 11:00:00,28.467
2024-06-26 09:00:00,28.492
2024-04-07 13:00:00,27.269
2024-10-29 20:00:00,32.702
2024-07-29 21:00:00,34.418
2024-03-20 23:00:00,33.967
2024-09-12 11:00:00,29.495
2024-04-19 02:00:00,33.548
2024-08-11 14:00:00,27.137
2024-06-02 07:00:00,28.322
2024-08-09 14:00:00,29.582
2024-08-14 17:00:00,31.815
2024-06-22 15:00:00,27.98
2024-04-21 02:00:00,29.098
2024-08-09 19:00:00,32.579
2024-06-23 17:00:00,29.121
2024-11-25 22:00:00,36.959
2024-01-30 06:00:00,35.781
2024-12-10 09:00:00,37.22
2024-01-07 17:00:00,33.31
2024-09-22 03:00:00,30.217
2024-05-20 09:00:00,30.438
2024-03-03 06:00:00,30.72
2024-12-16 21:00:00,35.002
2024-09-06 20:00:00,33.15
2024-07-06 09:00:00,26.834
2024-05-05 17:00:00,27.973
2024-03-01 07:00:00,32.028
2024-10-01 02:00:00,33.449
2024-05-05 11:00:00,27.992
2024-02-12 16:00:00,34.175
2024-08-22 21:00:00,32.808
2024-04-17 18:00:00,33.566
2024-05-18 19:00:00,29.457
2024-11-10 18:00:00,31.312
2024-01-01 21:00:00,37.107
2024-05-14 02:00:00,34.649
2024-06-22 23:00:00,30.636
2024-05-08 00:00:00,32.238
2024-08-18 19:00:00,27.436
2024-08-30 09:00:00,29.437
2024-12-11 08:00:00,40.362
2024-11-17 16:00:00,33.879
2024-05-14 07:00:00,29.694
2024-11-14 17:00:00,35.602
2024-11-23 20:00:00,33.22
2024-10-16 01:00:00,35.115
2024-06-06 09:00:00,30.037
2024-12-05 12:00:00,35.461
2024-08-07 02:00:00,31.732
2024-04-26 00:00:00,32.25
2024-08-30 14:00:00,28.417
2024-05-02 01:00:00,30.993
2024-04-03 20:00:00,33.097
2024-03-12 11:00:00,32.613
2024-03-31 08:00:00,29.252
2024-07-20 17:00:00,29.179
2024-02-18 08:00:00,34.088
2024-04-12 10:00:00,29.236
2024-05-07 02:00:00,32.145
2024-02-24 21:00:00,31.516
2024-04-29 18:00:00,33.655
2024-11-16 16:00:00,31.671
2024-10-17 19:00:00,32.824
2024-02-23 10:00:00,33.329
2024-03-03 07:00:00,29.748
2024-03-19 10:00:00,31.287
2024-12-22 11:00:00,35.547
2024-05-26 05:00:00,28.714
2024-06-03 01:00:00,32.795
2024-03-16 17:00:00,29.885
2024-08-14 14:00:00,31.527
2024-01-06 10:00:00,34.591
2024-02-21 09:00:00,33.409
2024-05-10 01:00:00,33.683
2024-11-19 14:00:00,33.188
2024-09-22 17:00:00,30.196
2024-11-04 04:00:00,35.504
2024-06-17 02:00:00,32.667
2024-05-04 11:00:00,28.703
2024-06-30 10:00:00,26.607
2024-10-09 17:00:00,33.141
2024-09-09 22:00:00,32.245
2024-07-30 00:00:00,31.012
2024-05-31 03:00:00,31.61
2024-01-13 19:00:00,32.201
2024-12-04 13:00:00,35.7
2024-04-23 17:00:00,32.726
2024-02-13 06:00:00,36.052
2024-06-08 08:00:00,27.579
2024-09-10 18:00:00,32.341
2024-03-29 21:00:00,32.822
2024-02-15 14:00:00,32.865
2024-03-04 08:00:00,32.518
2024-03-21 19:00:00,33.722
2024-12-25 18:00:00,37.102
2024-06-09 21:00:00,29.822
2024-03-05 01:00:00,34.574
2024-07-27 21:00:00,30.507
2024-01-04 02:00:00,38.267
2024-09-06 00:00:00,34.206
2024-10-17 22:00:00,32.753
2024-04-23 00:00:00,31.744
2024-12-14 23:00:00,35.536
2024-09-18 13:00:00,30.006
2024-12-23 18:00:00,33.478
2024-09-02 01:00:00,33.377
2024-11-16 14:00:00,33.12
2024-01-24 00:00:00,35.787
2024-04-01 21:00:00,33.531
2024-03-11 03:00:00,33.003
2024-02-19 09:00:00,32.98
2024-07-18 02:00:00,33.876
2024-03-25 22:00:00,33.115
2024-09-13 22:00:00,33.937
2024-04-25 13:00:00,30.839
2024-07-06 14:00:00,26.422
2024-04-06 01:00:00,30.463
2024-11-21 23:00:00,35.617
2024-12-11 09:00:00,38.871
2024-07-08 20:00:00,32.273
2024-06-19 02:00:00,32.366
2024-04-18 14:00:00,30.851
2024-10-08 09:00:00,31.583
2024-02-23 21:00:00,34.69
2024-09-17 15:00:00,32.233
2024-01-28 14:00:00,31.375
2024-08-29 19:00:00,33.507
2024-03-28 18:00:00,33.106
2024-11-27 01:00:00,37.207
2024-10-01 17:00:00,33.098
2024-06-22 19:00:00,31.017
2024-01-31 08:00:00,36.495
2024-04-17 16:00:00,31.68
2024-06-03 07:00:00,29.615
2024-12-24 22:00:00,36.035
2024-12-02 12:00:00,39.167
2024-08-03 20:00:00,28.832
2024-04-29 11:00:00,30.542
2024-01-18 04:00:00,38.589
2024-11-05 17:00:00,36.023
2024-01-15 06:00:00,35.025
2024-09-08 02:00:00,31.355
2024-04-08 04:00:00,32.336
2024-06-01 15:00:00,29.01
2024-07-29 02:00:00,33.464
2024-09-15 08:00:00,28.139
2024-07-07 23:00:00,31.946
2024-11-12 20:00:00,34.881
2024-11-30 12:00:00,34.624
2024-08-31 12:00:00,28.296
2024-03-07 17:00:00,33.467
2024-12-03 19:00:00,36.238
2024-03-12 13:00:00,30.845
2024-01-22 03:00:00,38.138
2024-07-19 06:00:00,31.446
2024-10-18 08:00:00,32.532
2024-07-05 21:00:00,33.102
2024-02-03 21:00:00,32.034
2024-06-08 00:00:00,29.505
2024-12-19 21:00:00,38.16
2024-07-01 01:00:00,32.351
2024-10-20 03:00:00,31.395
2024-02-13 09:00:00,36.811
2024-05-12 21:00:00,33.742
2024-08-31 19:00:00,29.204
2024-06-30 18:00:00,29.16
2024-03-21 13:00:00,31.13
2024-03-04 03:00:00,33.403
2024-12-07 07:00:00,36.848
2024-01-02 21:00:00,37.277
2024-03-23 22:00:00,
2024-06-26 16:00:00,31.75
2024-10-21 13:00:00,36.428
2024-02-04 06:00:00,31.264
2024-06-16 01:00:00,30.784
2024-10-30 15:00:00,34.23
2024-05-21 10:00:00,31.023
2024-06-03 12:00:00,30.664
2024-01-15 07:00:00,38.776
2024-11-21 12:00:00,36.839
2024-12-14 08:00:00,34.785
2024-01-22 12:00:00,35.7
2024-09-17 07:00:00,30.973
2024-08-30 21:00:00,31.84
2024-05-08 02:00:00,31.991
2024-04-29 12:00:00,31.735
2024-05-16 13:00:00,29.375
2024-01-14 13:00:00,33.814
2024-04-20 12:00:00,27.512
2024-04-08 20:00:00,34.212
2024-03-13 07:00:00,33.335
2024-08-30 04:00:00,32.305
2024-06-09 11:00:00,26.658
2024-11-23 06:00:00,34.25
2024-06-30 20:00:00,29.226
2024-07-19 04:00:00,32.323
2024-04-07 23:00:00,29.484
2024-09-27 21:00:00,32.197
2024-11-08 13:00:00,35.491
2024-07-18 07:00:00,29.946
2024-06-29 00:00:00,30.848
2024-12-08 20:00:00,34.943
2024-11-06 05:00:00,33.48
2024-01-13 03:00:00,35.639
2024-05-25 09:00:00,26.857
2024-05-12 10:00:00,26.173
2024-08-23 06:00:00,31.47
2024-10-19 06:00:00,33.051
2024-04-17 02:00:00,32.01
2024-09-27 01:00:00,32.573
2024-09-20 02:00:00,32.666
2024-07-07 01:00:00,28.762
2024-09-02 00:00:00,32.681
2024-02-04 21:00:00,34.114
2024-12-27 04:00:00,39.388
2024-03-15 14:00:00,32.158
2024-02-08 09:00:00,38.387
2024-04-12 13:00:00,31.976
2024-03-22 23:00:00,35.23
2024-01-31 21:00:00,36.807
2024-01-20 22:00:00,30.419
2024-01-02 08:00:00,38.438
2024-10-30 03:00:00,35.394
2024-11-10 19:00:00,30.365
2024-12-30 07:00:00,38.369
2024-08-12 10:00:00,29.027
2024-03-01 23:00:00,35.565
2024-04-27 01:00:00,29.685
2024-12-27 02:00:00,39.04
2024-12-15 13:00:00,34.571
2024-03-04 20:00:00,34.642
2024-08-04 09:00:00,24.711
2024-09-11 05:00:00,31.558
2024-01-19 05:00:00,39.166
2024-04-22 07:00:00,31.446
2024-05-04 05:00:00,28.674
2024-07-10 05:00:00,29.989
2024-06-27 09:00:00,31.572
2024-12-17 02:00:00,38.8
2024-01-14 12:00:00,35.544
2024-07-27 10:00:00,27.884
2024-01-08 01:00:00,37.727
2024-03-18 07:00:00,32.579
2024-01-18 12:00:00,33.988
2024-06-19 10:00:00,29.493
2024-01-27 03:00:00,32.852
2024-07-18 17:00:00,32.631
2024-03-09 21:00:00,32.229
2024-02-24 12:00:00,29.045
2024-03-22 14:00:00,32.407
2024-12-11 19:00:00,34.727
2024-06-04 23:00:00,33.523
2024-01-24 22:00:00,33.637
2024-03-14 04:00:00,33.372
2024-11-29 01:00:00,35.765
2024-01-19 16:00:00,34.313
2024-06-18 20:00:00,33.213
2024-07-27 13:00:00,26.808
2024-01-19 01:00:00,35.207
2024-02-25 02:00:00,30.685
2024-06-28 10:00:00,31.833
2024-10-23 16:00:00,33.137
2024-11-29 10:00:00,37.359
2024-09-08 15:00:00,28.003
2024-04-23 18:00:00,32.26
2024-01-26 05:00:00,33.526
2024-10-30 02:00:00,34.225
2024-08-03 04:00:00,28.441
2024-02-07 07:00:00,34.928
2024-01-30 16:00:00,33.495
2024-05-11 23:00:00,29.76
2024-07-28 23:00:00,30.509
2024-04-24 04:00:00,31.597
2024-07-21 09:00:00,27.799
2024-09-17 23:00:00,33.253
2024-02-01 07:00:00,38.435
2024-11-25 18:00:00,35.533
2024-08-03 21:00:00,29.6
2024-01-28 21:00:00,31.598
2024-11-27 03:00:00,36.875
2024-02-16 18:00:00,32.084
2024-04-18 23:00:00,32.532
2024-01-05 19:00:00,34.586
2024-02-07 03:00:00,35.512
2024-04-14 21:00:00,31.141
2024-11-26 10:00:00,34.788
2024-11-06 06:00:00,34.341
2024-09-07 15:00:00,26.906
2024-06-05 12:00:00,31.475
2024-02-23 01:00:00,33.64
2024-03-04 10:00:00,31.598
2024-09-30 23:00:00,32.441
2024-09-21 05:00:00,28.556
2024-02-16 13:00:00,33.271
2024-08-24 05:00:00,28.329
2024-03-26 14:00:00,32.763
2024-08-17 06:00:00,28.692
2024-04-07 19:00:00,29.829
2024-05-11 09:00:00,27.967
2024-04-30 07:00:00,31.55
2024-07-13 14:00:00,27.988
2024-12-06 20:00:00,38.919
2024-12-27 09:00:00,36.658
2024-06-11 06:00:00,29.9
2024-04-26 16:00:00,31.919
2024-11-08 02:00:00,36.646
2024-11-29 00:00:00,35.43
2024-05-18 23:00:00,29.53
2024-01-06 18:00:00,31.69
2024-10-19 05:00:00,30.425
2024-08-28 15:00:00,31.616
2024-06-04 04:00:00,30.295
2024-04-25 21:00:00,33.246
2024-12-17 22:00:00,37.292
2024-02-09 20:00:00,34.243
2024-11-27 22:00:00,34.598
2024-10-07 11:00:00,32.889
2024-07-23 12:00:00,29.636
2024-08-09 15:00:00,31.678
2024-02-16 22:00:00,34.667
2024-09-19 23:00:00,32.131
2024-12-20 17:00:00,35.297
2024-04-23 14:00:00,31.513
2024-04-07 16:00:00,29.355
2024-07-17 02:00:00,31.584
2024-12-02 01:00:00,37.577
2024-06-18 22:00:00,33.659
2024-09-29 00:00:00,30.355
2024-12-16 14:00:00,37.724
2024-07-04 15:00:00,31.759
2024-12-25 08:00:00,37.68
2024-07-14 04:00:00,29.06
2024-03-02 11:00:00,30.887
2024-02-09 05:00:00,35.935
2024-07-09 11:00:00,30.448
2024-02-18 07:00:00,32.978
2024-11-05 23:00:00,33.797
2024-08-10 17:00:00,30.436
2024-05-17 02:00:00,32.205
2024-08-09 12:00:00,28.728
2024-10-01 03:00:00,34.398
2024-12-10 13:00:00,37.375
2024-11-10 04:00:00,32.321
2024-11-06 11:00:00,35.768
2024-08-25 01:00:00,28.583
2024-11-24 15:00:00,33.914
2024-04-02 05:00:00,31.113
2024-04-18 16:00:00,31.602
2024-07-03 01:00:00,33.63
2024-02-18 10:00:00,32.712
2024-02-19 22:00:00,33.262
2024-08-20 15:00:00,29.313
2024-12-01 00:00:00,35.227
2024-04-22 14:00:00,32.423
2024-03-31 01:00:00,30.496
2024-06-11 09:00:00,28.783
2024-12-14 18:00:00,34.377
2024-07-05 17:00:00,32.123
2024-08-14 22:00:00,31.563
2024-02-22 14:00:00,33.239
2024-10-03 06:00:00,34.731
2024-09-17 01:00:00,33.64
2024-12-29 17:00:00,32.929
2024-08-05 20:00:00,31.809
2024-01-02 15:00:00,35.621
2024-12-29 20:00:00,32.043
2024-04-28 20:00:00,29.7
2024-06-07 10:00:00,30.397
2024-04-04 06:00:00,31.032
2024-01-12 12:00:00,38.431
2024-08-29 14:00:00,30.824
2024-11-23 04:00:00,34.061
2024-10-16 15:00:00,31.276
2024-06-01 14:00:00,25.048
2024-03-19 07:00:00,31.968
2024-05-30 07:00:00,30.955
2024-01-13 13:00:00,34.054
2024-07-28 01:00:00,29.145
2024-05-22 09:00:00,30.349
2024-09-05 01:00:00,32.418
2024-01-21 04:00:00,36.432
2024-01-20 17:00:00,29.882
2024-09-01 06:00:00,28.186
2024-08-13 14:00:00,30.577
2024-09-02 18:00:00,32.595
2024-08-23 03:00:00,33.485
2024-07-14 22:00:00,32.446
2024-10-28 18:00:00,34.029
2024-07-16 09:00:00,30.911
2024-02-11 10:00:00,32.554
2024-06-24 19:00:00,32.651
2024-04-05 18:00:00,32.419
2024-10-12 06:00:00,31.877
2024-01-13 08:00:00,32.711
2024-06-01 13:00:00,27.208
2024-01-19 10:00:00,38.331
2024-11-06 10:00:00,37.82
2024-05-01 15:00:00,32.513
2024-04-26 01:00:00,33.893
2024-11-29 15:00:00,34.651
2024-11-02 05:00:00,32.855
2024-01-10 23:00:00,34.866
2024-03-01 18:00:00,32.369
2024-12-24 13:00:00,36.217
2024-04-03 05:00:00,32.301
2024-02-29 07:00:00,34.223
2024-12-12 03:00:00,36.895
2024-12-20 05:00:00,39.532
2024-01-24 21:00:00,34.298
2024-05-20 13:00:00,30.758
2024-12-20 06:00:00,36.078
2024-06-26 20:00:00,33.621
2024-12-27 23:00:00,36.012
2024-12-23 00:00:00,36.122
2024-01-04 18:00:00,35.04
2024-04-24 20:00:00,34.77
2024-08-28 09:00:00,30.709
2024-05-26 01:00:00,28.523
2024-07-24 19:00:00,32.462
2024-05-29 23:00:00,32.83
2024-05-21 04:00:00,31.77
2024-05-15 04:00:00,32.131
2024-03-21 16:00:00,31.822
2024-06-25 06:00:00,31.148
2024-10-29 15:00:00,30.005
2024-04-01 14:00:00,31.521
2024-05-14 14:00:00,31.364
2024-08-24 12:00:00,27.222
2024-09-15 15:00:00,28.959
2024-04-19 23:00:00,34.486
2024-08-21 01:00:00,33.146
2024-01-29 13:00:00,35.85
2024-11-18 04:00:00,36.965
2024-01-29 03:00:00,37.912
2024-12-05 04:00:00,38.942
2024-08-27 12:00:00,32.577
2024-06-27 23:00:00,32.937
2024-09-12 19:00:00,31.37
2024-07-05 04:00:00,31.478
2024-12-08 21:00:00,32.761
2024-01-22 22:00:00,37.544
2024-03-25 09:00:00,31.492
2024-07-04 23:00:00,34.882
2024-01-23 09:00:00,
2024-01-04 07:00:00,37.687
2024-10-20 20:00:00,31.179
2024-07-11 05:00:00,30.479
2024-05-19 06:00:00,29.698
2024-11-13 15:00:00,33.794
2024-01-23 08:00:00,38.38
2024-05-05 01:00:00,29.278
2024-08-06 14:00:00,31.093
2024-02-09 10:00:00,36.939
2024-10-06 05:00:00,30.188
2024-12-24 08:00:00,39.339
2024-04-10 11:00:00,30.75
2024-03-25 15:00:00,34.066
2024-02-15 23:00:00,34.064
2024-09-12 21:00:00,32.208
2024-08-28 06:00:00,31.216
2024-01-08 18:00:00,34.583
2024-01-01 07:00:00,37.72
2024-05-08 06:00:00,29.801
2024-07-05 13:00:00,30.424
2024-11-19 11:00:00,35.967
2024-05-13 06:00:00,30.537
2024-12-18 17:00:00,36.171
2024-05-27 04:00:00,31.972
2024-03-03 22:00:00,31.386
2024-11-11 18:00:00,34.724
2024-09-21 19:00:00,29.563
2024-08-30 16:00:00,32.561
2024-10-27 12:00:00,33.054
2024-08-22 03:00:00,31.469
2024-09-27 00:00:00,33.816
2024-10-30 06:00:00,35.864
2024-06-27 18:00:00,32.535
2024-04-16 16:00:00,32.653
2024-05-09 08:00:00,31.118
2024-09-12 08:00:00,32.414
2024-08-01 00:00:00,32.906
2024-07-20 00:00:00,28.733
2024-09-30 05:00:00,32.437
2024-11-13 22:00:00,35.205
2024-02-20 16:00:00,30.898
2024-08-14 06:00:00,
2024-01-10 16:00:00,35.909
2024-09-07 00:00:00,28.213
2024-09-18 20:00:00,32.08
2024-08-03 18:00:00,29.755
2024-07-13 19:00:00,28.032
2024-09-04 02:00:00,30.777
2024-10-20 02:00:00,30.596
2024-01-17 05:00:00,36.065
2024-05-07 23:00:00,34.726
2024-03-22 19:00:00,34.947
2024-02-13 17:00:00,34.18
2024-08-26 17:00:00,30.846
2024-10-29 12:00:00,32.781
2024-03-24 20:00:00,29.926
2024-10-22 04:00:00,35.622
2024-04-16 18:00:00,31.697
2024-09-02 23:00:00,32.472
2024-06-19 13:00:00,30.298
2024-04-23 11:00:00,31.55
2024-03-16 21:00:00,28.795
2024-06-11 18:00:00,31.868
2024-04-23 05:00:00,32.972
2024-02-25 12:00:00,30.323
2024-02-01 19:00:00,32.764
2024-09-29 22:00:00,29.009
2024-11-12 14:00:00,34.416
2024-06-23 22:00:00,31.265
2024-07-28 15:00:00,27.949
2024-03-05 08:00:00,33.375
2024-05-24 02:00:00,30.852
2024-04-25 12:00:00,31.287
2024-10-07 12:00:00,31.621
2024-02-14 07:00:00,37.256
2024-10-16 05:00:00,34.949
2024-11-26 02:00:00,38.014
2024-04-20 06:00:00,30.296
2024-08-06 11:00:00,29.559
2024-11-12 13:00:00,37.286
2024-08-28 08:00:00,31.461
2024-11-04 23:00:00,37.625
2024-06-06 02:00:00,32.96
2024-02-28 14:00:00,33.995
2024-11-16 23:00:00,31.334
2024-07-27 08:00:00,27.996
2024-01-16 08:00:00,35.418
2024-05-03 21:00:00,32.99
2024-09-24 06:00:00,30.721
2024-11-15 08:00:00,35.104
2024-01-22 09:00:00,38.504
2024-12-14 17:00:00,32.188
2024-08-01 10:00:00,29.516
2024-03-27 19:00:00,32.807
2024-09-07 09:00:00,27.791
2024-02-05 18:00:00,34.863
2024-06-15 02:00:00,30.218
2024-01-21 07:00:00,34.871
2024-05-12 01:00:00,28.971
2024-07-27 09:00:00,29.332
2024-04-05 16:00:00,32.436
2024-02-24 01:00:00,30.081
2024-12-27 01:00:00,36.219
2024-10-24 18:00:00,33.001
2024-05-06 11:00:00,29.761
2024-09-27 12:00:00,30.581
2024-11-19 22:00:00,34.636
2024-06-17 06:00:00,30.344
2024-07-16 04:00:00,31.069
2024-10-21 12:00:00,32.249
2024-06-02 03:00:00,26.695
2024-12-09 18:00:00,36.312
2024-07-22 11:00:00,28.762
2024-03-24 01:00:00,29.204
2024-04-19 09:00:00,31.736
2024-04-17 07:00:00,30.747
2024-08-29 17:00:00,31.346
2024-06-07 12:00:00,31.431
2024-03-10 13:00:00,30.322
2024-09-21 03:00:00,29.763
2024-11-02 21:00:00,30.368
2024-10-21 08:00:00,36.063
2024-11-03 21:00:00,31.934
2024-12-24 01:00:00,38.209
2024-12-16 13:00:00,35.774
2024-07-21 19:00:00,30.77
2024-11-07 14:00:00,33.615
2024-07-27 17:00:00,28.356
2024-08-17 12:00:00,27.956
2024-07-06 10:00:00,26.374
2024-03-13 01:00:00,34.093
2024-04-24 15:00:00,30.779
2024-07-30 19:00:00,30.518
2024-05-23 01:00:00,32.47
2024-12-16 07:00:00,40.254
2024-10-16 16:00:00,31.905
2024-02-07 23:00:00,33.655
2024-09-19 01:00:00,32.813
2024-05-02 12:00:00,32.118
2024-05-19 22:00:00,29.904
2024-09-30 04:00:00,33.519
2024-04-24 09:00:00,30.843
2024-11-07 07:00:00,35.462
2024-07-06 06:00:00,27.076
2024-07-25 06:00:00,30.704
2024-05-29 17:00:00,31.123
2024-09-16 22:00:00,33.22
2024-06-23 05:00:00,27.953
2024-07-05 03:00:00,30.594
2024-04-15 07:00:00,31.769
2024-09-09 00:00:00,33.578
2024-12-02 04:00:00,37.132
2024-07-03 05:00:00,30.556
2024-12-14 15:00:00,34.939
2024-06-06 18:00:00,31.827
2024-10-25 06:00:00,35.934
2024-10-27 21:00:00,31.399
2024-12-29 16:00:00,33.842
2024-05-16 04:00:00,31.494
2024-09-07 11:00:00,26.358
2024-10-03 01:00:00,32.832
2024-06-12 04:00:00,31.261
2024-06-10 03:00:00,33.417
2024-12-04 00:00:00,37.21
2024-03-03 11:00:00,27.648
2024-01-10 18:00:00,34.714
2024-12-03 06:00:00,37.741
2024-12-25 12:00:00,38.285
2024-11-03 18:00:00,31.119
2024-02-14 14:00:00,34.576
2024-03-31 07:00:00,28.122
2024-10-07 10:00:00,30.501
2024-11-20 03:00:00,37.159
2024-02-07 09:00:00,36.156
2024-12-05 02:00:00,39.423
2024-09-09 04:00:00,30.964
2024-10-03 23:00:00,32.671
2024-04-20 03:00:00,30.125
2024-08-14 05:00:00,30.586
2024-02-17 13:00:00,28.722
2024-09-01 08:00:00,27.587
2024-02-28 03:00:00,34.817
2024-12-07 04:00:00,33.584
2024-07-19 03:00:00,32.995
2024-07-25 14:00:00,31.107
2024-03-09 14:00:00,27.671
2024-02-29 20:00:00,34.074
2024-08-08 12:00:00,29.661
2024-12-14 12:00:00,33.065
2024-05-31 21:00:00,32.574
2024-10-23 23:00:00,34.377
2024-07-03 21:00:00,33.002
2024-07-31 08:00:00,30.798
2024-10-26 01:00:00,30.784
2024-07-14 19:00:00,30.698
2024-09-09 01:00:00,32.192
2024-02-01 14:00:00,35.485
2024-05-12 08:00:00,28.223
2024-09-11 00:00:00,33.048
2024-07-07 18:00:00,30.043
2024-04-05 14:00:00,32.05
2024-10-23 10:00:00,34.768
2024-03-09 23:00:00,30.607
2024-04-01 22:00:00,33.979
2024-03-22 01:00:00,32.378
2024-07-19 20:00:00,34.018
2024-12-15 18:00:00,33.915
2024-11-30 09:00:00,33.959
2024-09-16 04:00:00,32.983
2024-06-06 22:00:00,33.881
2024-04-01 17:00:00,32.844
2024-05-01 08:00:00,
2024-11-08 22:00:00,34.332
2024-08-28 13:00:00,28.792
2024-10-31 10:00:00,35.201
2024-02-19 01:00:00,34.832
2024-10-18 02:00:00,33.949
2024-10-16 10:00:00,37.179
2024-02-19 21:00:00,33.104
2024-09-24 09:00:00,30.57
2024-05-26 22:00:00,30.005
2024-06-12 08:00:00,30.209
2024-06-23 10:00:00,28.047
2024-06-29 09:00:00,27.197
2024-06-12 01:00:00,31.757
2024-08-24 15:00:00,28.824
2024-08-08 18:00:00,32.557
2024-04-02 18:00:00,33.482
2024-10-30 10:00:00,33.426
2024-09-08 22:00:00,28.855
2024-01-06 16:00:00,32.154
2024-12-12 10:00:00,37.756
2024-03-07 16:00:00,32.756
2024-10-06 16:00:00,28.643
2024-03-22 17:00:00,31.781
2024-06-04 00:00:00,34.041
2024-12-06 00:00:00,37.793
2024-05-21 23:00:00,33.897
2024-05-16 17:00:00,32.292
2024-05-22 11:00:00,31.211
2024-02-05 23:00:00,34.001
2024-07-07 00:00:00,29.13
2024-12-26 04:00:00,37.499
2024-08-04 10:00:00,26.646
2024-02-04 18:00:00,31.054
2024-12-16 22:00:00,37.667
2024-07-18 13:00:00,29.918
2024-02-24 03:00:00,29.102
2024-11-04 11:00:00,34.859
2024-09-10 12:00:00,30.373
2024-02-28 18:00:00,34.3
2024-11-18 07:00:00,38.499
2024-03-19 13:00:00,32.409
2024-02-02 19:00:00,34.105
2024-05-02 10:00:00,30.483
2024-11-16 11:00:00,34.973
2024-03-14 01:00:00,34.139
2024-03-27 15:00:00,31.451
2024-09-20 13:00:00,31.826
2024-04-16 23:00:00,33.746
2024-01-24 17:00:00,34.034
2024-02-29 19:00:00,33.391
2024-09-06 11:00:00,31.222
2024-04-01 04:00:00,32.643
2024-10-24 03:00:00,34.524
2024-12-13 02:00:00,37.092
2024-09-24 04:00:00,32.985
2024-06-08 03:00:00,29.333
2024-08-10 15:00:00,27.888
2024-12-26 10:00:00,39.05
2024-08-20 16:00:00,30.93
2024-07-11 17:00:00,32.296
2024-11-16 10:00:00,33.404
2024-06-02 04:00:00,28.63
2024-03-13 04:00:00,
2024-05-15 09:00:00,31.678
2024-10-02 14:00:00,31.619
2024-06-06 07:00:00,29.268
2024-07-24 20:00:00,33.186
2024-12-30 01:00:00,36.733
2024-11-07 19:00:00,33.186
2024-05-22 18:00:00,32.991
2024-03-26 00:00:00,32.71
2024-09-13 05:00:00,32.14
2024-09-10 07:00:00,31.002
2024-10-01 06:00:00,31.271
2024-04-13 23:00:00,31.544
2024-05-09 16:00:00,31.486
2024-08-05 10:00:00,31.244
2024-01-07 06:00:00,32.422
2024-08-31 22:00:00,30.45
2024-10-08 21:00:00,33.147
2024-11-29 16:00:00,35.411
2024-08-28 14:00:00,32.003
2024-11-25 15:00:00,35.937
2024-01-24 19:00:00,35.06
2024-08-21 00:00:00,32.593
2024-05-05 14:00:00,29.733
2024-02-07 18:00:00,36.276
2024-09-19 09:00:00,34.472
2024-01-15 15:00:00,35.393
2024-07-13 17:00:00,28.287
2024-06-18 23:00:00,32.689
2024-12-14 05:00:00,34.193
2024-02-09 15:00:00,34.445
2024-09-13 13:00:00,29.769
2024-06-16 09:00:00,27.373
2024-07-01 02:00:00,30.884
2024-11-22 12:00:00,35.322
2024-03-11 06:00:00,33.261
2024-09-26 08:00:00,33.08
2024-04-15 04:00:00,32.462
2024-03-01 14:00:00,32.579
2024-01-01 16:00:00,36.815
2024-12-28 20:00:00,32.88
2024-09-11 10:00:00,30.208
2024-05-27 02:00:00,33.966
2024-02-05 00:00:00,34.306
2024-04-15 19:00:00,31.478
2024-03-28 02:00:00,32.43
2024-10-18 04:00:00,33.52
2024-03-25 03:00:00,33.144
2024-02-10 03:00:00,32.466
2024-02-17 17:00:00,28.345
2024-03-31 04:00:00,29.026
2024-05-11 03:00:00,30.798
2024-04-08 07:00:00,
2024-10-11 21:00:00,32.283
2024-02-27 05:00:00,35.101
2024-10-14 00:00:00,32.697
2024-05-31 12:00:00,31.353
2024-10-14 16:00:00,31.565
2024-10-21 00:00:00,34.848
2024-01-27 20:00:00,32.19
2024-01-13 11:00:00,32.386
2024-06-13 07:00:00,30.875
2024-06-12 16:00:00,31.059
2024-12-19 09:00:00,37.545
2024-11-26 21:00:00,36.832
2024-09-08 06:00:00,28.731
2024-11-24 20:00:00,33.177
2024-08-14 16:00:00,31.758
2024-05-18 20:00:00,31.06
2024-10-01 00:00:00,31.924
2024-12-19 08:00:00,38.618
2024-09-21 09:00:00,28.955
2024-01-05 03:00:00,37.583
2024-03-18 05:00:00,34.234
2024-05-20 04:00:00,33.053
2024-02-22 16:00:00,32.753
2024-05-02 14:00:00,31.359
2024-03-27 14:00:00,30.095
2024-05-07 18:00:00,33.85
2024-04-17 15:00:00,32.246
2024-07-20 01:00:00,29.684
2024-03-28 10:00:00,31.67
2024-02-18 17:00:00,30.648
2024-12-29 18:00:00,33.989
2024-09-09 08:00:00,32.021
2024-10-15 07:00:00,34.728
2024-06-22 07:00:00,29.975
2024-07-27 02:00:00,29.344
2024-06-23 18:00:00,30.03
2024-08-02 20:00:00,32.044
2024-10-01 12:00:00,32.196
2024-06-30 15:00:00,28.097
2024-02-23 17:00:00,35.256
2024-09-06 19:00:00,31.932
2024-07-08 18:00:00,32.827
2024-04-20 16:00:00,29.92
2024-01-24 06:00:00,37.691
2024-08-02 14:00:00,31.285
2024-10-02 10:00:00,31.075
2024-02-13 18:00:00,33.759
2024-07-30 18:00:00,31.301
2024-02-06 03:00:00,35.939
2024-09-30 03:00:00,33.442
2024-01-30 22:00:00,34.009
2024-03-08 16:00:00,33.588
2024-12-20 20:00:00,36.117
2024-10-05 11:00:00,28.578
2024-09-21 01:00:00,31.159
2024-09-16 10:00:00,32.353
2024-09-13 04:00:00,32.883
2024-04-26 17:00:00,34.09
2024-02-18 20:00:00,30.305
2024-02-16 00:00:00,34.096
2024-04-17 14:00:00,31.88
2024-08-12 14:00:00,30.544
2024-01-28 17:00:00,30.059
2024-05-20 01:00:00,31.24
2024-01-26 08:00:00,36.407
2024-03-23 20:00:00,29.801
2024-05-08 05:00:00,32.639
2024-04-05 05:00:00,31.911
2024-09-17 04:00:00,32.674
2024-06-26 19:00:00,33.008
2024-05-03 23:00:00,34.086
2024-11-04 18:00:00,33.679
2024-08-06 13:00:00,31.479
2024-09-12 15:00:00,
2024-05-26 00:00:00,29.452
2024-09-26 02:00:00,33.616
2024-05-16 07:00:00,30.474
2024-06-28 00:00:00,32.77
2024-02-29 16:00:00,33.701
2024-10-13 21:00:00,31.514
2024-10-21 09:00:00,35.812
2024-05-10 06:00:00,31.551
2024-01-22 05:00:00,38.233
2024-08-24 16:00:00,29.203
2024-01-17 23:00:00,37.04
2024-04-10 18:00:00,34.288
2024-01-28 03:00:00,32.566
2024-06-16 20:00:00,31.796
2024-04-03 10:00:00,30.566
2024-10-24 02:00:00,34.531
2024-09-19 12:00:00,30.779
2024-07-18 20:00:00,35.33
2024-02-23 16:00:00,33.388
2024-02-21 18:00:00,33.559
2024-08-28 20:00:00,33.551
2024-04-07 05:00:00,28.984
2024-10-08 05:00:00,32.946
2024-06-04 17:00:00,33.001
2024-12-11 22:00:00,37.496
2024-05-24 11:00:00,31.565
2024-03-31 22:00:00,31.298
2024-04-21 16:00:00,29.56
2024-07-26 08:00:00,31.583
2024-03-26 01:00:00,34.195
2024-02-24 04:00:00,32.57
2024-08-17 19:00:00,30.251
2024-03-22 03:00:00,32.826
2024-10-03 19:00:00,32.569
2024-09-29 12:00:00,27.07
2024-02-02 15:00:00,34.642
2024-04-22 10:00:00,31.143
2024-07-23 23:00:00,32.316
2024-07-20 13:00:00,28.412
2024-03-07 03:00:00,33.252
2024-06-26 05:00:00,32.341
2024-08-29 15:00:00,31.921
2024-10-22 03:00:00,35.047
2024-08-01 22:00:00,32.055
2024-03-29 16:00:00,32.157
2024-03-23 21:00:00,28.561
2024-02-02 13:00:00,33.601
2024-03-08 20:00:00,32.75
2024-05-27 01:00:00,32.79
2024-08-14 02:00:00,34.065
2024-01-17 01:00:00,37.821
2024-02-03 11:00:00,31.456
2024-12-03 11:00:00,38.882
2024-10-07 20:00:00,32.724
2024-01-05 12:00:00,34.969
2024-09-01 12:00:00,26.854
2024-03-08 19:00:00,32.847
2024-03-29 04:00:00,32.81
2024-03-30 23:00:00,28.969
2024-02-17 03:00:00,33.363
2024-01-21 16:00:00,32.155
2024-09-15 22:00:00,30.819
2024-04-22 23:00:00,33.453
2024-10-26 22:00:00,32.464
2024-07-24 10:00:00,28.844
2024-06-19 03:00:00,31.327
2024-08-14 18:00:00,30.267
2024-12-31 15:00:00,37.08
2024-11-30 20:00:00,33.913
2024-04-25 19:00:00,31.789
2024-01-13 17:00:00,31.819
2024-06-01 12:00:00,26.363
2024-04-23 06:00:00,31.763
2024-06-22 16:00:00,29.664
2024-12-18 19:00:00,33.553
2024-02-29 06:00:00,34.494
2024-10-13 08:00:00,30.893
2024-10-22 11:00:00,32.651
2024-09-21 10:00:00,28.727
2024-06-21 09:00:00,28.855
2024-07-22 21:00:00,33.272
2024-08-27 10:00:00,30.468
2024-07-03 06:00:00,30.682
2024-11-25 17:00:00,35.448
2024-08-03 03:00:00,28.549
2024-07-12 04:00:00,30.5
2024-05-21 18:00:00,33.192
2024-05-01 07:00:00,30.3
2024-03-10 20:00:00,30.44
2024-11-26 05:00:00,37.52
2024-01-27 10:00:00,33.636
2024-03-20 02:00:00,32.754
2024-03-24 03:00:00,30.066
2024-05-26 02:00:00,29.191
2024-11-03 15:00:00,32.921
2024-09-14 08:00:00,28.106
2024-05-03 11:00:00,30.664
2024-06-16 13:00:00,26.722
2024-02-09 22:00:00,34.76
2024-12-29 15:00:00,33.681
2024-09-26 09:00:00,30.879
2024-12-20 07:00:00,38.781
2024-07-07 10:00:00,28.476
2024-02-22 18:00:00,35.125
2024-01-25 16:00:00,34.098
2024-10-20 21:00:00,30.702
2024-01-25 13:00:00,35.656
2024-01-10 03:00:00,38.982
2024-10-21 19:00:00,35.175
2024-01-07 02:00:00,34.407
2024-09-10 03:00:00,34.909
2024-09-11 19:00:00,32.396
2024-11-30 02:00:00,32.492
2024-04-10 06:00:00,31.3
2024-05-21 09:00:00,30.974
2024-06-24 07:00:00,32.354
2024-07-08 13:00:00,30.061
2024-02-27 11:00:00,31.078
2024-08-27 20:00:00,31.531
2024-07-23 11:00:00,30.27
2024-10-31 09:00:00,40.069
2024-02-03 01:00:00,33.994
2024-09-04 06:00:00,30.004
2024-07-28 02:00:00,29.332
2024-03-27 00:00:00,33.949
2024-08-12 12:00:00,31.161
2024-08-19 11:00:00,30.732
2024-05-17 07:00:00,30.078
2024-01-23 16:00:00,36.141
2024-01-12 18:00:00,34.506
2024-11-24 09:00:00,33.938
2024-09-10 19:00:00,32.08
2024-02-16 19:00:00,32.972
2024-01-25 20:00:00,35.378
2024-04-10 23:00:00,33.219
2024-04-11 14:00:00,28.536
2024-06-09 14:00:00,28.107
2024-04-13 09:00:00,28.15
2024-06-25 03:00:00,31.715
2024-01-17 10:00:00,34.55
2024-06-28 19:00:00,33.836
2024-10-30 13:00:00,34.49
2024-03-06 16:00:00,31.707
2024-08-06 18:00:00,32.142
2024-10-08 23:00:00,34.663
2024-02-08 13:00:00,36.408
2024-04-13 16:00:00,28.917
2024-09-12 23:00:00,33.467
2024-01-10 11:00:00,36.892
2024-06-11 16:00:00,33.094
2024-04-27 20:00:00,30.816
2024-03-13 22:00:00,31.829
2024-08-14 10:00:00,31.657
2024-10-23 12:00:00,32.716
2024-05-29 07:00:00,31.053
2024-07-28 20:00:00,31.346
2024-11-18 11:00:00,37.4
2024-05-08 09:00:00,30.872
2024-09-25 21:00:00,35.125
2024-07-20 12:00:00,27.194
2024-07-09 15:00:00,31.928
2024-11-12 10:00:00,35.897
2024-12-03 07:00:00,35.08
2024-10-11 22:00:00,32.143
2024-11-17 11:00:00,33.204
2024-01-28 11:00:00,32.429
2024-02-14 15:00:00,33.948
2024-07-10 14:00:00,29.739
2024-12-23 22:00:00,36.04
2024-08-25 20:00:00,27.891
2024-07-19 16:00:00,33.397
2024-10-29 08:00:00,34.545
2024-04-03 13:00:00,30.435
2024-11-01 02:00:00,36.116
2024-08-18 06:00:00,29.791
2024-10-22 19:00:00,34.381
2024-09-24 08:00:00,31.767
2024-06-02 19:00:00,30.874
2024-12-19 03:00:00,38.277
2024-07-12 21:00:00,33.271
2024-06-07 18:00:00,32.712
2024-09-23 12:00:00,29.74
2024-06-27 04:00:00,32.091
2024-09-25 14:00:00,30.623
2024-04-08 02:00:00,34.295
2024-08-16 01:00:00,34.177
2024-12-01 10:00:00,35.883
2024-01-07 15:00:00,33.006
2024-01-02 04:00:00,36.746
2024-06-14 19:00:00,33.472
2024-09-03 06:00:00,30.714
2024-08-30 11:00:00,30.398
2024-03-20 16:00:00,31.968
2024-03-04 07:00:00,32.089
2024-01-24 01:00:00,36.101
2024-12-15 01:00:00,35.183
2024-06-04 02:00:00,32.717
2024-09-17 20:00:00,35.939
2024-03-11 11:00:00,30.442
2024-12-06 03:00:00,37.336
2024-06-27 15:00:00,31.662
2024-10-06 10:00:00,30.626
2024-10-04 14:00:00,31.81
2024-06-23 21:00:00,29.782
2024-10-05 09:00:00,28.45
2024-09-24 00:00:00,32.869
2024-11-03 05:00:00,33.042
2024-10-09 18:00:00,34.073
2024-03-13 03:00:00,31.806
2024-11-04 00:00:00,35.519
2024-07-07 02:00:00,28.395
2024-11-24 04:00:00,34.76
2024-05-26 04:00:00,30.722
2024-04-05 02:00:00,33.885
2024-05-08 19:00:00,33.356
2024-07-29 11:00:00,30.097
2024-03-30 08:00:00,27.056
2024-04-28 04:00:00,28.674
2024-07-05 07:00:00,29.991
2024-12-03 21:00:00,34.673
2024-01-05 02:00:00,36.894
2024-06-04 05:00:00,32.362
2024-09-20 23:00:00,33.344
2024-09-27 05:00:00,31.062
2024-07-26 23:00:00,33.169
2024-09-18 16:00:00,30.746
2024-04-20 05:00:00,28.766
2024-08-04 18:00:00,27.167
2024-10-31 18:00:00,35.855
2024-01-16 17:00:00,34.151
2024-08-26 15:00:00,32.077
2024-05-23 19:00:00,32.397
2024-06-29 17:00:00,28.321
2024-11-15 10:00:00,35.78
2024-01-05 23:00:00,35.665
2024-11-15 15:00:00,34.599
2024-08-30 08:00:00,30.653
2024-01-24 09:00:00,34.527
2024-08-02 13:00:00,29.513
2024-02-03 10:00:00,33.215
2024-12-21 14:00:00,31.863
2024-12-26 05:00:00,39.388
2024-07-21 18:00:00,28.559
2024-09-10 14:00:00,32.149
2024-02-07 12:00:00,35.278
2024-09-22 00:00:00,29.659
2024-10-18 23:00:00,34.887
2024-07-20 02:00:00,29.665
2024-04-06 12:00:00,28.851
2024-10-15 19:00:00,33.634
2024-08-27 01:00:00,32.131
2024-10-23 19:00:00,33.442
2024-02-20 17:00:00,33.269
2024-09-28 14:00:00,28.502
2024-08-11 17:00:00,28.903
2024-11-28 10:00:00,37.616
2024-10-18 21:00:00,33.617
2024-01-01 17:00:00,35.727
2024-06-10 04:00:00,31.095
2024-06-12 23:00:00,33.138
2024-11-03 11:00:00,32.35
2024-07-27 22:00:00,30.291
2024-02-12 20:00:00,34.441
2024-08-15 21:00:00,33.554
2024-07-19 19:00:00,32.578
2024-04-08 03:00:00,33.393
2024-10-28 13:00:00,33.869
2024-11-07 01:00:00,37.337
2024-01-24 03:00:00,37.091
2024-08-16 20:00:00,32.48
2024-06-13 21:00:00,34.496
2024-04-11 19:00:00,32.294
2024-05-20 15:00:00,30.818
2024-08-06 01:00:00,33.044
2024-11-25 08:00:00,36.181
2024-05-21 07:00:00,30.923
2024-09-26 18:00:00,32.274
2024-06-08 14:00:00,28.458
2024-10-08 00:00:00,33.332
2024-05-24 09:00:00,32.064
2024-12-02 08:00:00,38.136
2024-05-04 08:00:00,28.754
2024-09-25 16:00:00,33.818
2024-02-13 05:00:00,35.966
2024-12-11 05:00:00,36.676
2024-06-09 00:00:00,29.275
2024-07-25 21:00:00,33.62
2024-08-21 17:00:00,31.218
2024-05-16 23:00:00,33.712
2024-02-25 08:00:00,32.143
2024-09-12 14:00:00,31.649
2024-08-04 07:00:00,28.371
2024-08-05 21:00:00,33.754
2024-10-12 04:00:00,28.761
2024-11-02 14:00:00,32.458
2024-01-31 09:00:00,36.586
2024-04-19 03:00:00,33.653
2024-12-18 21:00:00,37.274
2024-05-30 04:00:00,32.865
2024-04-08 06:00:00,33.153
2024-08-17 07:00:00,26.916
2024-02-14 04:00:00,35.048
2024-11-22 00:00:00,36.119
2024-08-27 07:00:00,30.136
2024-01-29 15:00:00,36.159
2024-09-12 03:00:00,33.384
2024-12-11 02:00:00,37.598
2024-06-19 09:00:00,27.944
2024-04-02 09:00:00,30.083
2024-09-22 05:00:00,27.668
2024-10-16 09:00:00,33.822
2024-04-30 19:00:00,33.873
2024-07-24 12:00:00,29.767
2024-03-31 14:00:00,29.79
2024-09-21 07:00:00,28.765
2024-06-17 00:00:00,31.205
2024-10-03 03:00:00,33.892
2024-02-17 12:00:00,31.662
2024-08-10 00:00:00,30.139
2024-10-25 18:00:00,34.669
2024-03-16 22:00:00,30.6
2024-02-09 07:00:00,35.446
2024-03-21 04:00:00,32.423
2024-02-11 11:00:00,32.918
2024-10-31 22:00:00,33.731
2024-07-09 20:00:00,31.645
2024-01-19 15:00:00,36.213
2024-11-29 12:00:00,35.858
2024-08-28 19:00:00,32.327
2024-08-05 12:00:00,30.446
2024-08-24 18:00:00,28.867
2024-07-28 21:00:00,28.773
2024-07-09 21:00:00,31.85
2024-12-19 06:00:00,37.301
2024-02-18 15:00:00,29.661
2024-06-03 09:00:00,29.73
2024-05-14 12:00:00,30.451
2024-04-27 12:00:00,28.709
2024-07-24 22:00:00,33.34
2024-09-23 01:00:00,33.424
2024-03-21 09:00:00,31.653
2024-12-05 21:00:00,37.279
2024-07-11 06:00:00,32.188
2024-04-11 06:00:00,32.883
2024-11-14 03:00:00,36.661
2024-08-16 09:00:00,30.357
2024-10-07 01:00:00,32.361
2024-09-30 14:00:00,30.248
2024-06-01 08:00:00,27.555
2024-07-06 19:00:00,31.129
2024-04-15 17:00:00,32.356
2024-10-14 15:00:00,32.538
2024-10-02 16:00:00,32.354
2024-03-14 21:00:00,33.384
2024-05-27 03:00:00,32.365
2024-07-28 07:00:00,27.59
2024-09-24 21:00:00,33.404
2024-11-15 14:00:00,34.414
2024-08-02 03:00:00,31.084
2024-03-24 16:00:00,28.186
2024-12-15 03:00:00,34.86
2024-11-19 19:00:00,34.142
2024-05-08 13:00:00,31.851
2024-08-23 02:00:00,31.017
2024-03-16 20:00:00,31.188
2024-05-30 03:00:00,31.084
2024-09-19 05:00:00,31.044
2024-09-12 09:00:00,31.088
2024-07-29 22:00:00,31.466
2024-06-10 08:00:00,27.208
2024-09-16 19:00:00,33.186
2024-09-30 21:00:00,33.947
2024-09-18 09:00:00,32.097
2024-12-10 01:00:00,36.735
2024-05-27 10:00:00,31.033
2024-05-30 11:00:00,30.317
2024-11-24 11:00:00,32.692
2024-06-19 12:00:00,30.669
2024-02-15 10:00:00,35.389
2024-07-16 19:00:00,32.224
2024-10-18 03:00:00,34.515
2024-01-25 12:00:00,35.408
2024-01-28 12:00:00,33.697
2024-04-17 09:00:00,31.728
2024-12-16 17:00:00,35.953
2024-12-29 01:00:00,35.01
2024-01-10 15:00:00,34.289
2024-12-07 06:00:00,33.926
2024-03-11 10:00:00,30.475
2024-02-24 13:00:00,29.778
2024-08-30 12:00:00,28.323
2024-10-03 14:00:00,32.502
2024-11-18 21:00:00,35.601
2024-06-14 23:00:00,33.944
2024-02-02 16:00:00,34.472
2024-11-07 15:00:00,34.575
2024-03-04 00:00:00,36.616
2024-04-20 17:00:00,29.128
2024-08-21 20:00:00,33.37
2024-09-16 01:00:00,31.953
2024-06-15 00:00:00,28.606
2024-02-20 13:00:00,33.52
2024-04-11 21:00:00,32.824
2024-04-25 08:00:00,29.729
2024-02-10 22:00:00,32.424
2024-05-04 16:00:00,28.139
2024-01-09 08:00:00,35.667
2024-02-19 02:00:00,36.196
2024-07-17 09:00:00,30.124
2024-09-19 13:00:00,32.004
2024-08-25 13:00:00,26.858
2024-12-21 09:00:00,35.052
2024-04-09 01:00:00,32.311
2024-05-02 13:00:00,31.838
2024-02-21 00:00:00,33.309
2024-07-12 08:00:00,30.146
2024-07-27 05:00:00,29.13
2024-10-25 16:00:00,30.677
2024-10-15 15:00:00,33.986
2024-12-23 23:00:00,38.622
2024-05-03 13:00:00,31.911
2024-05-28 19:00:00,34.074
2024-07-24 17:00:00,32.423
2024-10-01 04:00:00,34.305
2024-09-02 12:00:00,30.986
2024-04-30 17:00:00,33.065
2024-07-16 13:00:00,31.774
2024-06-26 10:00:00,29.879
2024-05-21 01:00:00,33.668
2024-03-18 06:00:00,31.951
2024-11-08 14:00:00,34.913
2024-08-17 03:00:00,28.892
2024-08-22 09:00:00,32.019
2024-08-26 02:00:00,31.561
2024-06-17 17:00:00,32.794
2024-01-28 16:00:00,32.928
2024-02-27 22:00:00,34.057
2024-05-11 16:00:00,28.182
2024-03-04 22:00:00,34.296
2024-09-20 15:00:00,30.663
2024-05-29 05:00:00,30.403
2024-11-11 17:00:00,35.053
2024-03-09 17:00:00,30.704
2024-08-07 11:00:00,29.919
2024-07-02 13:00:00,30.892
2024-04-02 19:00:00,33.644
2024-04-24 06:00:00,30.536
2024-03-11 05:00:00,33.192
2024-07-28 09:00:00,26.369
2024-06-22 21:00:00,28.234
2024-11-19 05:00:00,35.263
2024-09-22 20:00:00,30.016
2024-07-13 18:00:00,29.282
2024-10-24 09:00:00,37.445
2024-08-31 15:00:00,27.747
2024-11-07 03:00:00,36.084
2024-05-24 18:00:00,33.091
2024-01-15 18:00:00,35.792
2024-02-20 21:00:00,34.42
2024-08-30 01:00:00,32.582
2024-11-09 11:00:00,32.87
2024-04-06 07:00:00,27.47
2024-12-31 23:00:00,38.112
2024-06-27 05:00:00,30.743
2024-11-11 12:00:00,37.937
2024-08-16 14:00:00,31.508
2024-10-29 04:00:00,33.982
2024-03-18 03:00:00,31.64
2024-03-20 21:00:00,34.133
2024-05-26 17:00:00,29.757
2024-02-13 19:00:00,33.633
2024-06-02 08:00:00,29.039
2024-04-18 11:00:00,31.846
2024-08-26 03:00:00,31.846
2024-01-21 23:00:00,32.974
2024-11-10 03:00:00,32.322
2024-03-07 15:00:00,32.336
2024-05-01 05:00:00,31.267
2024-03-04 01:00:00,34.961
2024-12-15 08:00:00,35.393
2024-12-17 10:00:00,37.955
2024-12-29 11:00:00,33.708
2024-12-28 02:00:00,33.548
2024-06-28 02:00:00,31.389
2024-02-17 11:00:00,29.116
2024-02-14 17:00:00,35.349
2024-07-24 14:00:00,31.159
2024-03-27 01:00:00,33.566
2024-11-11 16:00:00,36.436
2024-02-25 18:00:00,30.986
2024-01-10 01:00:00,36.252
2024-10-01 14:00:00,32.15
2024-04-30 21:00:00,33.992
2024-09-07 07:00:00,27.625
2024-01-11 08:00:00,35.846
2024-07-02 18:00:00,32.655
2024-06-17 18:00:00,31.376
2024-08-24 19:00:00,28.683
2024-07-09 19:00:00,32.272
2024-10-20 12:00:00,29.106
2024-10-02 05:00:00,33.661
2024-12-13 19:00:00,36.822
2024-10-22 15:00:00,34.453
2024-05-07 21:00:00,32.635
2024-09-02 05:00:00,30.996
2024-07-05 20:00:00,33.108
2024-03-05 10:00:00,34.009
2024-03-31 19:00:00,30.168
2024-07-06 08:00:00,28.086
2024-02-18 04:00:00,30.957
2024-06-09 02:00:00,29.91
2024-07-31 14:00:00,29.879
2024-03-17 01:00:00,29.17
2024-12-18 06:00:00,39.525
2024-12-14 10:00:00,35.546
2024-08-07 01:00:00,33.064
2024-01-26 00:00:00,35.852
2024-09-19 18:00:00,35.059
2024-03-06 04:00:00,33.873
2024-06-25 22:00:00,33.756
2024-09-17 02:00:00,33.085
2024-10-11 14:00:00,30.663
2024-07-15 01:00:00,31.199
2024-01-24 23:00:00,36.828
2024-01-13 20:00:00,33.648
2024-01-19 22:00:00,37.173
2024-03-16 14:00:00,29.866
2024-10-31 07:00:00,36.034
2024-07-06 12:00:00,28.487
2024-02-01 17:00:00,36.087
2024-11-01 15:00:00,32.707
2024-11-18 13:00:00,36.541
2024-11-10 01:00:00,36.288
2024-09-09 06:00:00,32.201
2024-08-27 17:00:00,31.97
2024-05-05 05:00:00,29.357
2024-12-09 06:00:00,37.671
2024-04-10 08:00:00,30.072
2024-03-10 08:00:00,27.576
2024-11-01 08:00:00,36.415
2024-12-28 03:00:00,34.13
2024-12-22 00:00:00,34.892
2024-08-14 11:00:00,31.125
2024-09-28 21:00:00,30.556
2024-04-10 19:00:00,33.418
2024-11-26 13:00:00,34.757
2024-07-31 09:00:00,29.849
2024-02-23 15:00:00,33.274
2024-01-30 18:00:00,35.978
2024-03-06 13:00:00,32.615
2024-10-13 15:00:00,28.841
2024-01-20 06:00:00,34.192
2024-09-23 08:00:00,31.974
2024-07-11 04:00:00,31.515
2024-12-12 21:00:00,33.769
2024-10-24 21:00:00,34.753
2024-11-15 00:00:00,34.483
2024-06-21 13:00:00,30.989
2024-02-22 05:00:00,33.359
2024-04-29 00:00:00,34.307
2024-02-18 01:00:00,33.101
2024-09-25 04:00:00,33.468
2024-09-03 08:00:00,31.38
2024-05-09 23:00:00,34.626
2024-11-01 16:00:00,34.55
2024-06-01 07:00:00,27.357
2024-11-21 14:00:00,35.611
2024-04-18 08:00:00,31.459
2024-03-11 04:00:00,34.115
2024-11-03 03:00:00,31.161
2024-02-28 22:00:00,33.496
2024-02-28 17:00:00,34.002
2024-06-18 19:00:00,33.921
2024-11-19 21:00:00,36.697
2024-02-06 10:00:00,36.255
2024-10-18 01:00:00,35.751
2024-10-14 19:00:00,33.64
2024-03-05 00:00:00,34.362
2024-07-08 09:00:00,28.654
2024-11-14 04:00:00,38.76
2024-11-16 02:00:00,34.25
2024-09-08 12:00:00,26.891
2024-05-20 14:00:00,30.989
2024-12-10 05:00:00,36.759
2024-08-19 00:00:00,33.26
2024-11-14 21:00:00,34.253
2024-04-30 14:00:00,30.706
2024-10-08 08:00:00,33.489
2024-11-11 11:00:00,35.087
2024-08-02 11:00:00,30.904
2024-04-09 09:00:00,31.528
2024-03-17 13:00:00,28.023
2024-05-30 00:00:00,33.573
2024-11-30 08:00:00,38.011
2024-10-29 02:00:00,37.301
2024-03-06 18:00:00,34.333
2024-02-10 05:00:00,30.307
2024-07-18 03:00:00,31.899
2024-11-09 06:00:00,35.972
2024-05-08 07:00:00,32.66
2024-04-29 02:00:00,33.768
2024-11-16 20:00:00,30.844
2024-02-17 16:00:00,30.35
2024-11-05 20:00:00,35.643
2024-04-18 13:00:00,30.382
2024-07-07 09:00:00,26.572
2024-01-02 01:00:00,36.551
2024-05-21 20:00:00,34.354
2024-11-05 06:00:00,36.132
2024-02-15 22:00:00,32.437
2024-10-02 23:00:00,34.094
2024-04-18 05:00:00,33.278
2024-03-13 20:00:00,33.755
2024-10-03 16:00:00,32.295
2024-06-08 19:00:00,30.044
2024-06-29 08:00:00,26.35
2024-11-04 06:00:00,35.878
2024-01-03 06:00:00,37.568
2024-06-21 17:00:00,31.116
2024-05-16 18:00:00,31.252
2024-11-16 04:00:00,31.815
2024-08-06 20:00:00,31.719
2024-01-18 05:00:00,34.947
2024-03-22 22:00:00,34.304
2024-01-25 21:00:00,35.878
2024-02-19 14:00:00,31.972
2024-04-26 23:00:00,33.114
2024-07-16 16:00:00,32.92
2024-10-17 04:00:00,35.249
2024-08-25 11:00:00,27.574
2024-09-22 08:00:00,29.279
2024-06-03 20:00:00,37.764
2024-01-26 02:00:00,34.554
2024-04-08 01:00:00,32.477
2024-07-25 12:00:00,31.036
2024-01-14 09:00:00,34.414
2024-08-06 07:00:00,30.817
2024-09-13 11:00:00,29.573
2024-09-06 02:00:00,33.174
2024-02-17 10:00:00,31.031
2024-04-07 00:00:00,29.373
2024-02-14 19:00:00,33.633
2024-06-01 20:00:00,31.457
2024-10-09 21:00:00,35.399
2024-12-20 12:00:00,37.663
2024-03-30 04:00:00,27.958
2024-01-24 07:00:00,35.961
2024-08-23 15:00:00,30.966
2024-07-05 15:00:00,29.435
2024-11-04 19:00:00,33.097
2024-12-18 07:00:00,38.179
2024-01-22 13:00:00,36.751
2024-09-02 17:00:00,32.897
2024-09-07 17:00:00,29.932
2024-07-22 04:00:00,30.93
2024-08-26 16:00:00,33.66
2024-04-10 16:00:00,33.144
2024-03-19 01:00:00,33.942
2024-07-24 15:00:00,31.09
2024-04-10 00:00:00,33.05
2024-12-25 21:00:00,37.053
2024-05-25 17:00:00,30.804
2024-08-13 02:00:00,32.314
2024-03-08 07:00:00,31.631
2024-04-03 17:00:00,32.639
2024-12-06 19:00:00,36.8
2024-06-18 07:00:00,31.32
2024-06-08 15:00:00,28.645
2024-09-25 12:00:00,29.581
2024-03-08 12:00:00,31.661
2024-05-31 15:00:00,33.157
2024-07-12 06:00:00,31.073
2024-10-04 10:00:00,32.293
2024-09-23 11:00:00,32.021
2024-01-02 20:00:00,
2024-01-12 09:00:00,37.533
2024-06-27 12:00:00,30.752
2024-09-23 14:00:00,32.787
2024-03-12 16:00:00,32.07
2024-07-22 15:00:00,30.176
2024-01-05 20:00:00,35.517
2024-01-14 01:00:00,32.431
2024-12-04 08:00:00,36.258
2024-04-29 08:00:00,30.33
2024-03-13 21:00:00,34.011
2024-07-15 04:00:00,30.225
2024-12-10 14:00:00,36.983
2024-11-17 02:00:00,32.798
2024-06-01 19:00:00,30.275
2024-08-03 22:00:00,29.324
2024-05-03 16:00:00,32.207
2024-06-14 03:00:00,30.869
2024-06-13 13:00:00,30.432
2024-06-10 14:00:00,30.296
2024-07-16 08:00:00,28.956
2024-02-05 07:00:00,33.857
2024-05-20 10:00:00,29.278
2024-08-22 19:00:00,31.62
2024-06-05 02:00:00,31.937
2024-05-29 16:00:00,33.734
2024-10-14 14:00:00,32.422
2024-09-02 19:00:00,31.648
2024-11-20 09:00:00,
2024-09-30 01:00:00,32.618
2024-12-09 04:00:00,37.219
2024-07-31 02:00:00,31.677
2024-07-07 03:00:00,29.024
2024-11-12 05:00:00,35.35
2024-05-17 05:00:00,30.25
2024-12-05 17:00:00,38.535
2024-09-20 01:00:00,33.365
2024-10-30 20:00:00,35.548
2024-06-05 22:00:00,31.549
2024-01-20 00:00:00,31.57
2024-11-01 23:00:00,35.89
2024-02-10 01:00:00,31.246
2024-11-14 05:00:00,38.014
2024-06-08 20:00:00,30.094
2024-07-08 07:00:00,30.078
2024-01-26 19:00:00,35.057
2024-06-21 05:00:00,31.749
2024-10-14 04:00:00,35.252
2024-12-07 15:00:00,33.836
2024-09-27 18:00:00,33.351
2024-04-17 21:00:00,31.939
2024-04-09 02:00:00,32.697
2024-10-10 19:00:00,33.267
2024-08-23 19:00:00,31.589
2024-11-05 10:00:00,35.078
2024-06-22 09:00:00,26.475
2024-01-25 23:00:00,34.646
2024-01-08 07:00:00,36.883
2024-05-06 15:00:00,31.597
2024-03-17 05:00:00,28.153
2024-04-27 19:00:00,30.047
2024-09-20 18:00:00,33.569
2024-12-21 21:00:00,35.074
2024-02-09 19:00:00,32.903
2024-12-25 00:00:00,38.386
2024-03-03 20:00:00,29.922
2024-03-25 05:00:00,31.751
2024-11-11 01:00:00,37.076
2024-09-15 11:00:00,27.168
2024-12-29 10:00:00,34.605
2024-12-03 22:00:00,36.533
2024-04-21 08:00:00,27.932
2024-04-02 01:00:00,32.303
2024-07-02 07:00:00,30.542
2024-05-25 12:00:00,27.129
2024-04-01 11:00:00,31.137
2024-11-06 19:00:00,37.354
2024-07-17 05:00:00,30.826
2024-11-22 13:00:00,35.543
2024-06-20 07:00:00,31.268
2024-11-08 16:00:00,35.487
2024-02-04 07:00:00,32.582
2024-11-06 15:00:00,35.676
2024-01-07 13:00:00,35.25
2024-10-30 16:00:00,33.544
2024-06-19 15:00:00,30.093
2024-01-16 23:00:00,36.364
2024-05-25 21:00:00,30.708
2024-03-14 06:00:00,32.068
2024-01-10 04:00:00,36.451
2024-07-26 02:00:00,31.964
2024-09-05 10:00:00,30.016
2024-09-06 17:00:00,30.721
2024-01-09 00:00:00,36.374
2024-06-07 06:00:00,30.872
2024-07-12 19:00:00,34.344
2024-03-30 00:00:00,29.528
2024-05-06 08:00:00,31.306
2024-01-21 01:00:00,33.938
2024-11-09 10:00:00,33.842
2024-02-16 21:00:00,33.669
2024-02-28 12:00:00,31.547
2024-12-13 16:00:00,36.616
2024-02-01 23:00:00,33.754
2024-04-25 14:00:00,31.449
2024-11-26 00:00:00,35.263
2024-11-27 04:00:00,36.982
2024-10-14 02:00:00,34.167
2024-04-16 19:00:00,33.771
2024-03-05 04:00:00,33.117
2024-09-14 16:00:00,27.53
2024-10-10 06:00:00,33.232
2024-12-02 00:00:00,36.889
2024-09-28 19:00:00,30.535
2024-02-09 18:00:00,34.702
2024-08-01 12:00:00,29.534
2024-07-12 14:00:00,29.216
2024-05-03 04:00:00,32.293
2024-11-27 20:00:00,35.966
2024-05-17 20:00:00,34.775
2024-06-15 03:00:00,29.887
2024-07-19 07:00:00,31.872
2024-03-06 11:00:00,32.474
2024-11-22 09:00:00,38.534
2024-08-29 12:00:00,29.995
2024-04-30 05:00:00,32.74
2024-04-11 11:00:00,32.601
2024-12-12 02:00:00,37.06
2024-01-11 12:00:00,34.923
2024-06-22 06:00:00,28.268
2024-11-22 03:00:00,35.996
2024-11-01 01:00:00,32.924
2024-10-09 00:00:00,32.525
2024-01-28 02:00:00,32.516
2024-07-31 16:00:00,30.578
2024-04-30 16:00:00,32.058
2024-03-29 11:00:00,32.843
2024-02-01 11:00:00,32.666
2024-02-11 00:00:00,31.443
2024-03-05 14:00:00,32.847
2024-04-09 22:00:00,32.783
2024-07-10 20:00:00,31.615
2024-01-05 05:00:00,39.092
2024-11-01 11:00:00,35.947
2024-06-30 02:00:00,28.962
2024-09-25 10:00:00,33.271
2024-02-21 03:00:00,36.794
2024-12-22 02:00:00,36.165
2024-10-09 15:00:00,32.739
2024-10-11 19:00:00,33.043
2024-07-03 13:00:00,29.503
2024-12-08 22:00:00,32.659
2024-12-24 11:00:00,36.675
2024-06-27 00:00:00,33.063
2024-05-05 13:00:00,27.427
2024-03-30 14:00:00,29.181
2024-07-30 02:00:00,32.455
2024-06-02 10:00:00,26.799
2024-05-22 23:00:00,34.605
2024-11-28 03:00:00,37.7
2024-09-06 22:00:00,35.596
2024-07-13 12:00:00,26.212
2024-03-28 05:00:00,33.271
2024-05-14 03:00:00,33.117
2024-08-21 04:00:00,32.435
2024-03-21 01:00:00,33.895
2024-12-06 23:00:00,34.707
2024-08-30 18:00:00,31.008
2024-08-06 04:00:00,32.726
2024-12-19 19:00:00,37.145
2024-11-30 10:00:00,35.43
2024-09-23 00:00:00,32.382
2024-04-05 13:00:00,31.909
2024-12-26 17:00:00,34.717
2024-11-01 07:00:00,33.816
2024-08-30 23:00:00,32.401
2024-03-27 08:00:00,
2024-08-11 03:00:00,29.852
2024-05-09 04:00:00,32.593
2024-07-03 07:00:00,31.189
2024-04-10 04:00:00,31.212
2024-04-04 01:00:00,33.691
2024-06-15 07:00:00,27.682
2024-02-20 02:00:00,33.628
2024-01-30 09:00:00,36.068
2024-10-06 22:00:00,31.756
2024-08-11 23:00:00,29.649
2024-10-16 12:00:00,33.053
2024-08-28 23:00:00,32.497
2024-08-11 15:00:00,27.919
2024-02-10 15:00:00,33.346
2024-07-25 20:00:00,32.149
2024-01-07 03:00:00,36.331
2024-04-21 06:00:00,26.796
2024-01-23 15:00:00,33.996
2024-05-25 00:00:00,28.562
2024-03-07 02:00:00,34.65
2024-12-08 12:00:00,36.239
2024-04-13 20:00:00,30.836
2024-02-06 07:00:00,35.78
2024-12-10 08:00:00,39.26
2024-04-23 10:00:00,29.882
2024-12-25 10:00:00,37.267
2024-11-10 21:00:00,32.107
2024-05-24 05:00:00,31.083
2024-10-04 12:00:00,30.039
2024-06-01 21:00:00,31.62
2024-07-08 01:00:00,32.11
2024-11-30 16:00:00,30.916
2024-11-12 22:00:00,35.908
2024-03-13 08:00:00,33.114
2024-02-05 02:00:00,35.088
2024-10-23 17:00:00,32.197
2024-07-03 18:00:00,33.107
2024-05-26 23:00:00,32.347
2024-10-08 22:00:00,34.481
2024-05-01 13:00:00,30.73
2024-11-21 05:00:00,37.994
2024-12-17 03:00:00,38.289
2024-08-09 05:00:00,31.629
2024-07-26 16:00:00,32.352
2024-12-25 04:00:00,39.581
2024-10-17 05:00:00,33.131
2024-08-21 11:00:00,30.009
2024-01-31 04:00:00,34.991
2024-06-16 08:00:00,27.706
2024-06-15 06:00:00,28.326
2024-10-29 21:00:00,35.586
2024-10-17 21:00:00,32.55
2024-09-25 15:00:00,32.195
2024-01-09 11:00:00,35.828
2024-06-05 15:00:00,31.642
2024-10-09 08:00:00,32.993
2024-09-19 15:00:00,31.901
2024-07-06 02:00:00,28.817
2024-05-15 22:00:00,33.728
2024-02-08 15:00:00,34.976
2024-06-18 13:00:00,30.503
2024-03-13 11:00:00,32.005
2024-10-10 12:00:00,32.069
2024-05-20 16:00:00,31.768
2024-04-12 02:00:00,33.298
2024-06-09 10:00:00,26.979
2024-06-05 11:00:00,30.128
2024-12-21 16:00:00,33.123
2024-08-29 06:00:00,30.785
2024-09-13 02:00:00,31.729
2024-03-17 03:00:00,29.398
2024-10-08 13:00:00,31.156
2024-10-07 06:00:00,36.203
2024-02-29 04:00:00,34.021
2024-12-22 04:00:00,37.293
2024-12-04 01:00:00,37.585
2024-05-04 06:00:00,28.012
2024-05-24 21:00:00,32.249
2024-05-22 03:00:00,32.576
2024-02-27 13:00:00,33.885
2024-04-07 17:00:00,29.3
2024-04-18 01:00:00,33.134
2024-04-22 01:00:00,32.829
2024-09-13 06:00:00,30.219
2024-03-10 01:00:00,32.366
2024-08-10 01:00:00,27.784
2024-07-26 13:00:00,30.626
2024-07-31 20:00:00,33.767
2024-05-10 03:00:00,30.149
2024-10-03 09:00:00,32.46
2024-01-20 14:00:00,31.836
2024-05-15 11:00:00,30.158
2024-10-10 01:00:00,32.764
2024-05-06 18:00:00,33.365
2024-03-09 06:00:00,29.817
2024-07-16 21:00:00,33.007
2024-01-11 10:00:00,36.933
2024-12-06 14:00:00,37.703
2024-12-05 03:00:00,38.325
2024-05-02 15:00:00,32.46
2024-05-08 08:00:00,
2024-06-27 02:00:00,32.384
2024-10-05 19:00:00,29.491
2024-03-22 10:00:00,32.455
2024-02-28 02:00:00,34.01
2024-06-23 08:00:00,24.961
2024-06-09 22:00:00,31.876
2024-03-02 13:00:00,30.046
2024-05-05 16:00:00,28.918
2024-10-09 02:00:00,32.71
2024-01-16 16:00:00,34.274
2024-10-29 00:00:00,37.184
2024-06-25 20:00:00,34.055
2024-11-16 01:00:00,33.836
2024-09-03 14:00:00,31.683
2024-06-23 03:00:00,30.047
2024-03-15 17:00:00,32.813
2024-03-28 01:00:00,32.436
2024-05-19 08:00:00,29.216
2024-05-25 04:00:00,29.254
2024-01-06 14:00:00,31.388
2024-04-27 07:00:00,28.48
2024-01-15 09:00:00,38.3
2024-11-28 12:00:00,36.637
2024-07-03 10:00:00,29.384
2024-05-17 17:00:00,33.588
2024-06-13 05:00:00,30.838
2024-10-05 10:00:00,29.801
2024-06-14 01:00:00,34.751
2024-08-24 03:00:00,29.24
2024-09-27 02:00:00,32.673
2024-05-19 11:00:00,27.014
2024-03-11 12:00:00,32.038
2024-03-31 05:00:00,30.024
2024-06-07 15:00:00,30.824
2024-08-02 05:00:00,32.269
2024-02-29 05:00:00,32.37
2024-10-25 19:00:00,33.838
2024-11-09 12:00:00,33.333
2024-09-24 22:00:00,33.559
2024-06-11 17:00:00,31.673
2024-04-06 16:00:00,28.966
2024-05-15 20:00:00,32.513
2024-04-08 10:00:00,30.323
2024-10-25 09:00:00,37.083
2024-01-19 06:00:00,39.717
2024-06-09 06:00:00,28.406
2024-07-11 13:00:00,30.17
2024-12-16 09:00:00,39.737
2024-07-18 18:00:00,32.698
2024-01-28 06:00:00,32.038
2024-07-21 08:00:00,26.303
2024-08-12 06:00:00,31.94
2024-12-05 18:00:00,35.281
2024-07-04 05:00:00,29.768
2024-11-26 01:00:00,37.076
2024-01-23 10:00:00,35.437
2024-06-18 17:00:00,31.3
2024-05-22 15:00:00,31.898
2024-03-07 20:00:00,35.057
2024-07-07 05:00:00,27.115
2024-06-04 20:00:00,34.153
2024-08-11 08:00:00,29.549
2024-06-06 21:00:00,33.918
2024-08-28 07:00:00,31.762
2024-08-05 16:00:00,30.435
2024-05-31 20:00:00,34.425
2024-12-10 02:00:00,37.354
2024-06-13 09:00:00,31.375
2024-05-29 19:00:00,34.498
2024-09-13 14:00:00,31.492
2024-05-02 19:00:00,33.366
2024-08-04 06:00:00,27.118
2024-11-04 08:00:00,38.095
2024-05-29 01:00:00,31.828
2024-08-14 09:00:00,29.358
2024-06-07 09:00:00,31.468
2024-08-19 08:00:00,31.714
2024-12-18 23:00:00,33.619
2024-08-26 10:00:00,29.978
2024-03-20 13:00:00,30.027
2024-01-12 21:00:00,37.807
2024-01-14 02:00:00,31.764
2024-12-12 12:00:00,36.046
2024-02-10 08:00:00,31.337
2024-01-20 02:00:00,32.237
2024-08-06 16:00:00,31.185
2024-10-15 21:00:00,35.616
2024-03-22 16:00:00,31.783
2024-08-10 04:00:00,29.417
2024-08-10 05:00:00,28.385
2024-03-04 13:00:00,31.915
2024-01-03 10:00:00,36.946
2024-03-11 01:00:00,33.383
2024-10-24 07:00:00,34.53
2024-11-19 10:00:00,35.433
2024-04-27 04:00:00,31.088
2024-10-06 15:00:00,30.836
2024-08-30 02:00:00,32.23
2024-07-21 20:00:00,30.729
2024-11-08 06:00:00,36.925
2024-08-11 20:00:00,28.755
2024-02-25 06:00:00,33.907
2024-05-23 03:00:00,32.283
2024-09-11 15:00:00,32.056
2024-05-03 07:00:00,31.066
2024-04-12 08:00:00,31.126
2024-11-25 11:00:00,36.906
2024-04-21 20:00:00,30.138
2024-03-05 12:00:00,32.56
2024-01-26 07:00:00,39.298
2024-01-30 20:00:00,31.963
2024-08-22 13:00:00,29.579
2024-04-28 15:00:00,27.402
2024-04-17 20:00:00,33.339
2024-06-21 18:00:00,31.584
2024-06-27 17:00:00,31.577
2024-03-15 09:00:00,32.98
2024-05-19 02:00:00,31.231
2024-06-10 22:00:00,33.02
2024-08-11 04:00:00,26.457
2024-09-30 08:00:00,33.011
2024-03-27 03:00:00,32.177
2024-12-12 20:00:00,36.893
2024-04-03 23:00:00,33.578
2024-04-22 13:00:00,31.153
2024-05-01 04:00:00,31.606
2024-10-29 05:00:00,35.096
2024-06-10 05:00:00,32.058
2024-04-25 16:00:00,32.638
2024-04-19 01:00:00,32.123
2024-02-15 09:00:00,35.696
2024-07-22 08:00:00,31.092
2024-11-20 01:00:00,37.132
2024-02-18 03:00:00,30.375
2024-03-15 18:00:00,33.761
2024-03-17 04:00:00,29.016
2024-07-13 05:00:00,27.249
2024-12-16 03:00:00,38.597
2024-06-28 22:00:00,32.413
2024-11-16 13:00:00,33.211
2024-07-30 09:00:00,28.881
2024-09-26 20:00:00,33.436
2024-08-18 04:00:00,27.916
2024-03-03 15:00:00,30.01
2024-06-25 08:00:00,31.238
2024-02-25 22:00:00,32.137
2024-09-25 02:00:00,31.771
2024-04-11 17:00:00,32.444
2024-06-30 19:00:00,30.606
2024-11-03 09:00:00,33.087
2024-10-18 19:00:00,33.503
2024-06-27 06:00:00,30.666
2024-09-25 13:00:00,31.674
2024-10-05 23:00:00,30.241
2024-02-22 08:00:00,33.52
2024-03-05 18:00:00,32.343
2024-07-12 20:00:00,33.328
2024-12-16 04:00:00,36.759
2024-12-07 09:00:00,36.573
2024-06-02 23:00:00,29.173
2024-02-21 08:00:00,34.838
2024-09-11 20:00:00,33.501
2024-07-02 04:00:00,30.583
2024-07-26 19:00:00,32.896
2024-11-15 02:00:00,36.273
2024-04-01 08:00:00,32.584
2024-08-24 00:00:00,28.038
2024-10-23 05:00:00,35.555
2024-03-06 10:00:00,32.595
2024-05-22 19:00:00,33.724
2024-12-08 03:00:00,32.122
2024-04-24 03:00:00,31.243
2024-06-24 20:00:00,
2024-09-12 06:00:00,31.501
2024-09-30 15:00:00,32.888
2024-03-12 23:00:00,34.438
2024-06-16 22:00:00,31.014
2024-01-31 10:00:00,36.122
2024-04-26 12:00:00,31.557
2024-11-14 08:00:00,37.476
2024-10-28 08:00:00,34.803
2024-10-17 13:00:00,32.287
2024-07-21 00:00:00,29.406
2024-02-24 09:00:00,30.421
2024-02-26 03:00:00,33.396
2024-05-04 09:00:00,29.206
2024-04-21 11:00:00,27.615
2024-06-01 23:00:00,30.59
2024-03-21 18:00:00,32.259
2024-04-17 05:00:00,32.865
2024-01-30 21:00:00,34.253
2024-09-11 11:00:00,30.859
2024-06-20 02:00:00,31.121
2024-09-16 03:00:00,31.353
2024-11-26 04:00:00,36.681
2024-01-13 18:00:00,30.326
2024-11-05 16:00:00,32.425
2024-11-19 06:00:00,37.845
2024-09-03 07:00:00,31.419
2024-02-23 23:00:00,33.533
2024-07-07 20:00:00,32.705
2024-03-25 02:00:00,32.456
2024-08-05 01:00:00,31.445
2024-09-04 19:00:00,30.984
2024-10-24 06:00:00,35.849
2024-05-19 21:00:00,30.066
2024-10-02 06:00:00,32.862
2024-01-18 14:00:00,35.759
2024-04-15 00:00:00,32.664
2024-06-13 10:00:00,30.882
2024-11-06 14:00:00,35.07
2024-10-05 03:00:00,31.413
2024-01-11 11:00:00,35.998
2024-06-12 17:00:00,34.193
2024-03-08 06:00:00,31.191
2024-02-29 00:00:00,34.419
2024-08-07 09:00:00,29.608
2024-08-20 08:00:00,31.095
2024-06-12 10:00:00,30.448
2024-01-02 10:00:00,36.651
2024-10-25 12:00:00,34.603
2024-09-12 18:00:00,32.188
2024-03-26 03:00:00,33.231
2024-04-23 23:00:00,33.167
2024-07-13 22:00:00,32.461
2024-03-01 17:00:00,32.848
2024-05-18 17:00:00,29.913
2024-03-23 03:00:00,30.873
2024-08-27 19:00:00,32.972
2024-03-24 08:00:00,30.785
2024-05-12 19:00:00,28.633
2024-07-13 04:00:00,29.354
2024-06-04 07:00:00,30.12
2024-08-24 04:00:00,28.018
2024-07-02 14:00:00,31.827
2024-11-11 08:00:00,35.361
2024-05-13 00:00:00,34.498
2024-12-30 13:00:00,36.467
2024-05-06 22:00:00,32.973
2024-02-25 11:00:00,29.468
2024-06-17 04:00:00,30.585
2024-10-07 02:00:00,33.341
2024-08-27 23:00:00,31.457
2024-09-01 01:00:00,28.973
2024-06-11 03:00:00,32.601
2024-03-04 21:00:00,34.163
2024-02-25 10:00:00,29.719
2024-02-16 09:00:00,34.065
2024-12-31 06:00:00,36.287
2024-12-12 15:00:00,37.808
2024-09-26 13:00:00,31.154
2024-03-27 12:00:00,31.858
2024-06-01 11:00:00,25.951
2024-12-21 06:00:00,35.711
2024-12-18 03:00:00,38.812
2024-03-13 17:00:00,32.364
2024-06-19 17:00:00,31.227
2024-08-19 12:00:00,32.067
2024-08-29 16:00:00,31.976
2024-07-17 20:00:00,33.281
2024-10-26 16:00:00,31.723
2024-01-24 02:00:00,37.598
2024-07-10 13:00:00,32.469
2024-10-18 12:00:00,34.5
2024-05-05 04:00:00,28.645
2024-04-12 15:00:00,31.841
2024-12-29 00:00:00,35.465
2024-11-15 19:00:00,35.955
2024-06-14 17:00:00,32.997
2024-01-09 09:00:00,36.807
2024-10-31 00:00:00,34.643
2024-07-28 11:00:00,27.012
2024-09-15 01:00:00,30.04
2024-08-08 02:00:00,32.662
2024-05-28 01:00:00,33.486
2024-04-07 21:00:00,31.524
2024-06-08 02:00:00,28.944
2024-11-27 15:00:00,36.397
2024-02-01 01:00:00,36.531
2024-02-26 12:00:00,34.447
2024-04-14 16:00:00,28.443
2024-05-08 04:00:00,30.714
2024-05-07 19:00:00,33.537
2024-06-27 08:00:00,32.38
2024-08-13 08:00:00,30.696
2024-04-07 10:00:00,26.082
2024-01-06 21:00:00,32.82
2024-07-18 08:00:00,31.399
2024-12-31 10:00:00,37.841
2024-07-21 02:00:00,29.041
2024-12-29 12:00:00,33.573
2024-05-25 16:00:00,28.725
2024-01-15 11:00:00,38.248
2024-05-02 04:00:00,30.851
2024-12-20 18:00:00,36.09
2024-06-09 07:00:00,27.833
2024-06-03 05:00:00,29.291
2024-05-16 00:00:00,33.512
2024-03-12 07:00:00,34.165
2024-07-28 17:00:00,29.579
2024-11-30 00:00:00,35.059
2024-12-26 14:00:00,36.367
2024-11-14 14:00:00,37.14
2024-08-31 20:00:00,28.981
2024-02-15 15:00:00,35.965
2024-10-21 16:00:00,33.767
2024-02-27 09:00:00,33.65
2024-03-29 15:00:00,33.344
2024-04-06 21:00:00,30.723
2024-06-18 16:00:00,30.021
2024-08-02 07:00:00,30.931
2024-09-27 19:00:00,33.151
2024-09-28 23:00:00,29.359
2024-10-02 21:00:00,34.523
2024-03-25 21:00:00,34.465
2024-08-18 14:00:00,29.819
2024-10-25 08:00:00,36.265
2024-04-19 18:00:00,31.965
2024-10-28 22:00:00,33.797
2024-05-15 19:00:00,34.094
2024-06-07 19:00:00,34.664
2024-06-29 06:00:00,27.487
2024-09-14 22:00:00,29.473
2024-12-25 06:00:00,39.103
2024-10-25 11:00:00,35.918
2024-05-29 00:00:00,33.917
2024-09-13 17:00:00,32.573
2024-06-26 17:00:00,34.756
2024-05-30 18:00:00,34.32
2024-03-20 17:00:00,33.812
2024-03-09 19:00:00,29.837
2024-03-31 16:00:00,28.629
2024-07-24 21:00:00,32.812
2024-01-04 22:00:00,36.161
2024-01-23 23:00:00,
2024-03-08 02:00:00,34.26
2024-12-30 14:00:00,36.273
2024-09-19 22:00:00,33.326
2024-10-17 00:00:00,34.535
2024-07-07 04:00:00,27.294
2024-01-07 22:00:00,32.913
2024-01-08 20:00:00,36.211
2024-06-04 15:00:00,30.07
2024-04-07 11:00:00,28.432
2024-08-20 17:00:00,29.826
2024-08-18 09:00:00,26.515
2024-05-26 18:00:00,27.709
2024-01-02 09:00:00,36.318
2024-04-23 21:00:00,32.786
2024-08-06 09:00:00,29.761
2024-06-08 05:00:00,28.597
2024-06-18 11:00:00,30.158
2024-04-02 21:00:00,32.077
2024-06-13 06:00:00,31.056
2024-11-01 14:00:00,33.994
2024-01-28 18:00:00,31.49
2024-04-10 07:00:00,30.11
2024-02-11 18:00:00,29.79
2024-12-15 22:00:00,33.679
2024-04-08 11:00:00,32.759
2024-06-20 00:00:00,32.257
2024-05-11 21:00:00,29.544
2024-01-27 21:00:00,31.609
2024-11-24 10:00:00,32.761
2024-05-17 13:00:00,31.173
2024-10-03 11:00:00,33.13
2024-01-01 11:00:00,37.449
2024-04-06 15:00:00,28.562
2024-03-11 02:00:00,33.336
2024-05-19 18:00:00,30.14
2024-11-19 15:00:00,37.328
2024-07-29 08:00:00,29.768
2024-11-21 04:00:00,37.076
2024-10-13 22:00:00,30.575
2024-02-21 11:00:00,32.554
2024-08-04 15:00:00,27.284
2024-07-27 20:00:00,29.306
2024-10-26 14:00:00,30.148
2024-06-26 00:00:00,32.455
2024-12-03 04:00:00,38.318
2024-08-29 09:00:00,29.47
2024-03-11 23:00:00,34.088
2024-09-17 00:00:00,32.306
2024-02-07 11:00:00,35.726
2024-08-06 23:00:00,33.516
2024-09-15 10:00:00,26.397
2024-03-01 19:00:00,34.281
2024-02-21 06:00:00,33.931
2024-01-16 22:00:00,37.329
2024-05-01 10:00:00,33.336
2024-08-12 22:00:00,32.048
2024-10-15 09:00:00,34.69
2024-01-29 02:00:00,38.202
2024-09-14 13:00:00,29.119
2024-08-03 00:00:00,28.991
2024-01-11 15:00:00,36.396
2024-06-24 15:00:00,30.342
2024-09-11 09:00:00,32.462
2024-06-24 22:00:00,34.035
2024-09-12 00:00:00,34.938
2024-10-25 17:00:00,33.443
2024-09-22 10:00:00,29.117
2024-03-13 15:00:00,32.692
2024-07-31 18:00:00,32.765
2024-09-25 09:00:00,30.013
2024-09-15 02:00:00,31.423
2024-06-30 21:00:00,30.515
2024-03-03 14:00:00,29.115
2024-10-23 14:00:00,34.225
2024-12-16 23:00:00,38.254
2024-08-20 22:00:00,34.06
2024-02-28 11:00:00,33.149
2024-09-28 08:00:00,28.28
2024-10-10 07:00:00,32.964
2024-11-19 17:00:00,35.718
2024-07-21 06:00:00,26.47
2024-10-24 04:00:00,35.437
2024-12-25 05:00:00,38.609
2024-03-30 05:00:00,28.152
2024-03-19 03:00:00,32.826
2024-06-24 00:00:00,33.969
2024-09-13 09:00:00,29.146
2024-11-21 06:00:00,36.688
2024-11-10 16:00:00,31.32
2024-11-22 23:00:00,36.641
2024-01-27 15:00:00,32.297
2024-02-17 07:00:00,30.352
2024-10-17 07:00:00,34.56
2024-01-06 05:00:00,33.915
2024-06-10 17:00:00,30.423
2024-07-29 03:00:00,32.231
2024-12-19 15:00:00,36.733
2024-02-03 00:00:00,32.638
2024-10-09 04:00:00,35.208
2024-09-01 23:00:00,30.476
2024-06-27 16:00:00,33.533
2024-06-25 04:00:00,30.965
2024-03-16 02:00:00,30.322
2024-05-21 15:00:00,29.671
2024-04-27 11:00:00,28.251
2024-10-01 08:00:00,31.512
2024-03-25 01:00:00,31.755
2024-10-06 00:00:00,31.011
2024-04-04 14:00:00,32.754
2024-11-24 14:00:00,32.092
2024-03-29 03:00:00,32.665
2024-09-08 18:00:00,26.724
2024-08-11 12:00:00,27.944
2024-02-04 20:00:00,32.174
2024-01-01 03:00:00,36.406
2024-03-22 09:00:00,31.527
2024-08-28 21:00:00,32.967
2024-11-05 19:00:00,35.433
2024-04-22 06:00:00,32.505
2024-09-09 10:00:00,32.121
2024-10-31 19:00:00,30.682
2024-01-08 11:00:00,33.984
2024-10-12 21:00:00,31.244
2024-08-23 20:00:00,30.5
2024-06-11 08:00:00,30.317
2024-12-27 15:00:00,37.545
2024-10-12 15:00:00,28.923
2024-06-02 17:00:00,29.327
2024-05-26 12:00:00,28.074
2024-01-19 11:00:00,36.59
2024-07-04 21:00:00,34.867
2024-02-08 17:00:00,33.119
2024-08-29 10:00:00,29.475
2024-04-14 01:00:00,30.218
2024-09-02 11:00:00,30.2
2024-03-12 06:00:00,32.795
2024-04-10 21:00:00,33.534
2024-06-24 04:00:00,31.867
2024-07-20 19:00:00,30.425
2024-05-29 21:00:00,32.763
2024-12-13 01:00:00,38.359
2024-11-14 23:00:00,35.443
2024-02-05 11:00:00,33.927
2024-09-24 01:00:00,34.169
2024-09-16 02:00:00,31.001
2024-05-13 14:00:00,29.912
2024-03-12 19:00:00,32.972
2024-03-10 19:00:00,30.921
2024-01-27 13:00:00,31.276
2024-01-06 17:00:00,33.218
2024-10-02 08:00:00,32.73
2024-03-24 06:00:00,28.788
2024-11-19 13:00:00,35.718
2024-07-06 18:00:00,31.35
2024-03-07 08:00:00,33.91
2024-07-25 17:00:00,32.398
2024-10-31 12:00:00,36.579
2024-11-26 14:00:00,34.806
2024-11-16 15:00:00,28.641
2024-11-16 06:00:00,35.585
2024-08-29 02:00:00,33.514
2024-08-23 04:00:00,30.894
2024-06-08 07:00:00,27.224
2024-02-08 01:00:00,35.708
2024-07-28 10:00:00,28.126
2024-01-09 22:00:00,36.028
2024-08-25 18:00:00,29.57
2024-07-12 17:00:00,32.801
2024-07-22 09:00:00,30.302
2024-12-02 22:00:00,38.069
2024-08-10 06:00:00,28.364
2024-12-26 16:00:00,37.615
2024-12-03 15:00:00,38.006
2024-04-01 12:00:00,30.913
2024-05-31 09:00:00,30.05
2024-06-06 06:00:00,31.046
2024-09-06 18:00:00,33.433
2024-03-06 02:00:00,34.585
2024-08-16 06:00:00,32.314
2024-02-04 05:00:00,32.427
2024-09-07 16:00:00,28.685
2024-12-13 13:00:00,36.797
2024-05-29 14:00:00,29.572
2024-12-04 22:00:00,38.772
2024-01-09 05:00:00,37.185
2024-08-13 17:00:00,31.736
2024-03-22 05:00:00,32.567
2024-11-12 04:00:00,35.698
2024-03-02 12:00:00,31.355
2024-12-13 22:00:00,37.955
2024-02-07 22:00:00,33.899
2024-08-02 15:00:00,30.495
2024-09-28 18:00:00,29.906
2024-06-13 16:00:00,32.425
2024-01-03 20:00:00,35.105
2024-12-09 21:00:00,36.167
2024-09-19 19:00:00,33.449
2024-11-03 22:00:00,29.524
2024-09-16 17:00:00,32.185
2024-02-24 20:00:00,29.86
2024-02-03 07:00:00,34.36
2024-02-26 00:00:00,33.718
2024-05-07 11:00:00,29.504
2024-05-16 19:00:00,32.796
2024-06-29 19:00:00,29.484
2024-10-15 23:00:00,35.631
2024-12-28 14:00:00,34.751
2024-01-10 06:00:00,36.297
2024-02-12 06:00:00,34.333
2024-08-20 01:00:00,32.393
2024-01-21 12:00:00,33.144
2024-10-19 15:00:00,28.374
2024-08-25 19:00:00,28.728
2024-08-25 21:00:00,31.485
2024-11-15 12:00:00,35.991
2024-06-16 07:00:00,26.707
2024-08-06 12:00:00,28.955
2024-07-23 01:00:00,32.95
2024-02-18 11:00:00,33.386
2024-03-28 09:00:00,30.502
2024-09-16 06:00:00,29.905
2024-12-10 04:00:00,37.826
2024-02-17 06:00:00,35.199
2024-08-14 12:00:00,30.974
2024-05-10 07:00:00,32.009
2024-05-04 02:00:00,30.047
2024-04-13 06:00:00,29.88
2024-01-08 13:00:00,36.365
2024-08-18 03:00:00,30.072
2024-02-01 04:00:00,36.447
2024-10-24 20:00:00,33.351
2024-04-29 01:00:00,33.489
2024-10-17 18:00:00,32.912
2024-11-24 02:00:00,32.761
2024-03-24 12:00:00,29.124
2024-12-22 07:00:00,35.774
2024-08-15 01:00:00,33.234
2024-05-12 20:00:00,31.481
2024-06-27 10:00:00,30.141
2024-12-10 00:00:00,35.565
2024-07-16 11:00:00,29.237
2024-01-11 20:00:00,36.419
2024-06-28 08:00:00,28.44
2024-03-07 19:00:00,33.553
2024-05-19 14:00:00,27.923
2024-03-13 18:00:00,33.224
2024-05-09 15:00:00,32.237
2024-09-02 16:00:00,31.711
2024-10-11 06:00:00,35.298
2024-10-27 04:00:00,34.355
2024-07-04 12:00:00,31.711
2024-03-10 04:00:00,29.809
2024-10-18 14:00:00,32.779
2024-05-11 00:00:00,31.75
2024-02-06 20:00:00,34.459
2024-01-17 12:00:00,36.798
2024-06-12 13:00:00,29.944
2024-08-16 15:00:00,29.797
2024-04-04 15:00:00,33.2
2024-09-02 22:00:00,34.121
2024-02-13 13:00:00,31.572
2024-05-31 04:00:00,30.077
2024-09-04 09:00:00,30.754
2024-09-18 03:00:00,31.653
2024-08-12 16:00:00,31.851
2024-10-15 04:00:00,34.815
2024-06-02 18:00:00,29.604
2024-03-21 10:00:00,29.902
2024-08-01 06:00:00,32.261
2024-11-15 01:00:00,37.214
2024-10-28 10:00:00,34.445
2024-11-05 14:00:00,34.578
2024-09-25 18:00:00,33.68
2024-03-20 11:00:00,32.606
2024-03-04 16:00:00,31.321
2024-05-16 08:00:00,30.581
2024-05-01 03:00:00,32.42
2024-04-15 12:00:00,31.058
2024-09-21 23:00:00,30.046
2024-02-03 08:00:00,31.822
2024-05-02 11:00:00,30.169
2024-10-04 13:00:00,33.786
2024-06-04 13:00:00,28.92
2024-10-14 12:00:00,32.759
2024-01-03 09:00:00,39.092
2024-07-05 18:00:00,31.827
2024-03-08 08:00:00,33.407
2024-11-02 02:00:00,32.465
2024-04-10 01:00:00,32.166
2024-08-03 17:00:00,28.376
2024-01-28 19:00:00,31.971
2024-12-30 02:00:00,36.019
2024-08-23 17:00:00,32.026
2024-12-21 10:00:00,36.651
2024-03-04 06:00:00,34.404
2024-07-25 05:00:00,31.349
2024-03-20 03:00:00,34.701
2024-12-06 16:00:00,34.501
2024-09-13 03:00:00,33.848
2024-09-05 00:00:00,33.036
2024-03-11 07:00:00,31.957
2024-11-02 00:00:00,30.9
2024-07-18 16:00:00,31.846
2024-02-14 00:00:00,35.479
2024-11-30 21:00:00,34.897
2024-03-03 16:00:00,28.83
2024-08-13 11:00:00,31.675
2024-06-12 12:00:00,30.394
2024-07-19 09:00:00,29.996
2024-08-01 14:00:00,30.83
2024-06-10 18:00:00,31.9
2024-02-14 22:00:00,33.193
2024-05-27 16:00:00,33.727
2024-11-02 06:00:00,32.147
2024-12-12 11:00:00,36.644
2024-01-20 01:00:00,34.548
2024-03-24 00:00:00,30.149
2024-05-19 03:00:00,28.872
2024-01-14 06:00:00,33.467
2024-10-24 12:00:00,37.057
2024-09-04 18:00:00,32.361
2024-08-29 18:00:00,30.399
2024-04-21 13:00:00,27.44
2024-06-30 16:00:00,26.857
2024-02-14 21:00:00,32.226
2024-10-09 20:00:00,34.25
2024-12-15 15:00:00,36.462
2024-04-03 11:00:00,31.287
2024-07-01 13:00:00,31.693
2024-03-17 21:00:00,32.038
2024-12-23 05:00:00,35.422
2024-01-09 18:00:00,36.127
2024-11-26 11:00:00,36.342
2024-08-12 11:00:00,30.778
2024-07-07 13:00:00,26.947
2024-08-20 09:00:00,30.504
2024-09-24 16:00:00,30.965
2024-04-17 19:00:00,32.918
2024-01-25 04:00:00,36.136
2024-02-09 00:00:00,34.234
2024-11-03 17:00:00,29.503
2024-06-28 18:00:00,32.285
2024-10-17 03:00:00,35.765
2024-01-01 04:00:00,38.908
2024-01-16 06:00:00,37.338
2024-11-16 05:00:00,35.076
2024-08-22 17:00:00,33.389
2024-07-06 23:00:00,31.965
2024-08-05 19:00:00,32.468
2024-04-16 00:00:00,31.871
2024-01-12 04:00:00,38.764
2024-11-13 21:00:00,33.386
2024-12-13 12:00:00,37.687
2024-08-15 23:00:00,31.852
2024-11-02 15:00:00,31.023
2024-01-06 06:00:00,36.637
2024-09-14 23:00:00,30.426
2024-09-17 22:00:00,33.763
2024-02-04 04:00:00,34.258
2024-08-11 16:00:00,27.319
2024-05-18 03:00:00,28.029
2024-08-26 09:00:00,30.792
2024-08-27 13:00:00,33.01
2024-08-30 17:00:00,30.202
2024-02-26 14:00:00,33.793
2024-11-01 12:00:00,33.009
2024-05-29 09:00:00,30.613
2024-01-21 06:00:00,35.17
2024-10-23 21:00:00,35.784
2024-01-19 08:00:00,38.41
2024-02-24 08:00:00,30.505
2024-05-14 00:00:00,32.243
2024-01-22 02:00:00,36.61
2024-04-24 19:00:00,32.845
2024-06-24 09:00:00,29.07
2024-11-16 09:00:00,34.747
2024-02-03 02:00:00,32.038
2024-06-16 15:00:00,29.452
2024-09-15 12:00:00,28.586
2024-03-13 10:00:00,32.807
2024-07-09 07:00:00,31.469
2024-07-15 22:00:00,33.664
2024-07-25 23:00:00,32.837
2024-02-06 12:00:00,33.688
2024-06-19 16:00:00,31.923
2024-09-12 13:00:00,29.963
2024-10-22 01:00:00,35.193
2024-08-29 05:00:00,31.707
2024-01-16 04:00:00,36.24
2024-11-19 12:00:00,32.449
2024-02-12 01:00:00,35.379
2024-03-20 19:00:00,33.313
2024-04-09 13:00:00,31.494
2024-04-24 00:00:00,31.836
2024-01-12 14:00:00,35.059
2024-06-14 04:00:00,30.551
2024-12-09 01:00:00,37.634
2024-07-06 16:00:00,29.237
2024-02-03 16:00:00,29.968
2024-06-29 21:00:00,30.403
2024-05-24 14:00:00,31.525
2024-07-18 05:00:00,30.322
2024-03-23 23:00:00,30.964
2024-07-30 22:00:00,31.263
2024-01-30 07:00:00,36.9
2024-07-01 03:00:00,32.083
2024-11-22 08:00:00,36.841
2024-04-13 00:00:00,29.886
2024-02-21 22:00:00,34.849
2024-09-10 01:00:00,33.484
2024-05-08 23:00:00,33.109
2024-06-06 23:00:00,32.178
2024-12-30 22:00:00,37.581
2024-02-09 21:00:00,34.767
2024-01-10 17:00:00,35.797
2024-11-06 22:00:00,35.588
2024-02-23 05:00:00,34.385
2024-06-21 08:00:00,30.628
2024-07-11 23:00:00,33.929
2024-07-18 09:00:00,30.09
2024-05-24 19:00:00,33.058
2024-07-01 14:00:00,30.489
2024-05-25 18:00:00,30.442
2024-12-22 06:00:00,36.231
2024-08-02 19:00:00,33.018
2024-01-12 23:00:00,35.913
2024-12-19 02:00:00,38.188
2024-01-15 13:00:00,36.132
2024-03-08 00:00:00,34.421
2024-03-10 10:00:00,29.639
2024-04-19 08:00:00,30.573
2024-07-04 06:00:00,30.08
2024-01-17 19:00:00,33.804
2024-11-11 03:00:00,36.13
2024-12-06 21:00:00,36.984
2024-02-13 02:00:00,35.241
2024-10-27 20:00:00,30.731
2024-02-16 10:00:00,35.219
2024-06-11 20:00:00,33.393
2024-10-09 11:00:00,33.374
2024-03-07 00:00:00,34.702
2024-11-21 10:00:00,37.762
2024-04-22 04:00:00,31.493
2024-10-31 05:00:00,35.41
2024-04-18 02:00:00,33.536
2024-03-14 14:00:00,32.833
2024-09-13 20:00:00,33.34
2024-06-28 03:00:00,29.845
2024-07-02 05:00:00,29.64
2024-02-06 06:00:00,36.532
2024-08-08 16:00:00,31.912
2024-07-16 23:00:00,31.341
2024-11-16 07:00:00,34.082
2024-06-19 04:00:00,31.824
2024-11-07 04:00:00,37.036
2024-02-26 11:00:00,37.106
2024-06-02 20:00:00,30.653
2024-12-22 15:00:00,34.081
2024-10-20 11:00:00,32.065
2024-02-09 04:00:00,37.815
2024-05-30 14:00:00,30.497
2024-07-25 22:00:00,32.17
2024-05-13 12:00:00,31.23
2024-06-29 22:00:00,31.558
2024-01-18 08:00:00,34.61
2024-11-24 21:00:00,33.433
2024-08-30 03:00:00,32.985
2024-03-30 21:00:00,30.032
2024-09-26 00:00:00,34.312
2024-10-15 06:00:00,33.373
2024-09-25 23:00:00,33.927
2024-05-06 03:00:00,32.281
2024-01-01 05:00:00,38.285
2024-03-16 19:00:00,30.485
2024-12-31 04:00:00,39.099
2024-08-27 00:00:00,32.152
2024-05-08 20:00:00,32.564
2024-10-31 02:00:00,36.054
2024-10-21 03:00:00,33.934
2024-11-26 09:00:00,38.419
2024-02-21 04:00:00,35.308
2024-04-18 19:00:00,32.609
2024-11-13 10:00:00,36.811
2024-10-09 14:00:00,32.624
2024-10-22 18:00:00,33.836
2024-05-30 10:00:00,30.941
2024-05-13 15:00:00,30.257
2024-03-03 09:00:00,29.538
2024-11-11 02:00:00,36.681
2024-12-21 17:00:00,30.686
2024-03-18 14:00:00,31.981
2024-02-11 12:00:00,27.778
2024-08-08 04:00:00,31.916
2024-12-30 12:00:00,38.904
2024-05-05 23:00:00,30.867
2024-12-25 19:00:00,38.286
2024-06-09 01:00:00,29.947
2024-01-22 20:00:00,35.923
2024-10-24 11:00:00,34.069
2024-10-13 03:00:00,31.561
2024-10-22 06:00:00,35.075
2024-07-28 00:00:00,29.656
2024-11-07 21:00:00,36.786
2024-05-31 01:00:00,31.171
2024-02-28 20:00:00,34.522
2024-12-06 01:00:00,38.705
2024-07-27 07:00:00,26.376
2024-09-07 20:00:00,29.006
2024-03-03 13:00:00,29.42
2024-12-21 01:00:00,35.806
2024-09-14 19:00:00,31.038
2024-12-28 17:00:00,33.122
2024-06-26 02:00:00,31.82
2024-06-01 17:00:00,29.311
2024-12-01 06:00:00,35.86
2024-01-31 19:00:00,34.858
2024-10-06 03:00:00,31.342
2024-05-16 20:00:00,34.188
2024-01-13 16:00:00,33.374
2024-10-01 22:00:00,34.8
2024-06-04 01:00:00,33.662
2024-03-21 15:00:00,31.816
2024-06-21 12:00:00,30.705
2024-10-13 01:00:00,30.369
2024-01-26 11:00:00,35.667
2024-11-29 13:00:00,35.63
2024-05-03 15:00:00,30.176
2024-09-02 10:00:00,29.023
2024-10-29 18:00:00,32.8
2024-05-17 16:00:00,32.765
2024-02-14 16:00:00,33.011
2024-02-27 19:00:00,34.337
2024-07-24 13:00:00,30.572
2024-02-11 13:00:00,29.641
2024-07-14 08:00:00,26.187
2024-09-30 06:00:00,32.872
2024-11-17 08:00:00,36.124
2024-06-28 06:00:00,31.701
2024-11-25 07:00:00,39.16
2024-07-16 12:00:00,30.837
2024-02-11 01:00:00,32.356
2024-10-12 22:00:00,30.416
2024-01-18 02:00:00,37.157
2024-10-21 20:00:00,33.487
2024-04-24 17:00:00,31.432
2024-05-16 01:00:00,32.429
2024-03-09 05:00:00,29.237
2024-10-17 01:00:00,34.178
2024-11-23 21:00:00,32.017
2024-12-09 03:00:00,36.897
2024-07-04 22:00:00,34.119
2024-06-27 20:00:00,34.185
2024-04-14 10:00:00,27.561
2024-04-29 22:00:00,32.435
2024-12-05 14:00:00,36.429
2024-12-27 06:00:00,37.553
2024-05-12 18:00:00,27.56
2024-01-31 07:00:00,37.768
2024-02-27 06:00:00,32.058
2024-07-09 16:00:00,29.452
2024-11-28 09:00:00,36.371
2024-08-28 16:00:00,30.467
2024-03-24 23:00:00,31.195
2024-09-08 00:00:00,29.716
2024-10-26 11:00:00,28.285
2024-10-19 17:00:00,30.269
2024-07-11 09:00:00,29.405
2024-04-05 04:00:00,33.559
2024-01-29 14:00:00,34.896
2024-03-15 13:00:00,32.047
2024-12-02 11:00:00,36.629
2024-10-29 10:00:00,35.244
2024-05-21 12:00:00,30.66
2024-11-08 11:00:00,35.777
2024-07-10 02:00:00,31.159
2024-08-14 07:00:00,30.322
2024-03-02 06:00:00,29.515
2024-03-15 15:00:00,32.391
2024-02-10 13:00:00,30.947
2024-06-05 17:00:00,32.739
2024-03-05 22:00:00,33.594
2024-07-15 00:00:00,31.169
2024-07-27 03:00:00,28.603
2024-04-15 18:00:00,32.707
2024-02-17 19:00:00,30.591
2024-06-10 19:00:00,32.526
2024-12-16 10:00:00,37.438
2024-05-28 03:00:00,31.702
2024-04-15 20:00:00,33.189
2024-07-10 22:00:00,34.574
2024-03-31 09:00:00,28.24
2024-06-10 11:00:00,31.402
2024-01-27 12:00:00,31.717
2024-11-27 10:00:00,35.893
2024-01-04 09:00:00,36.499
2024-10-02 13:00:00,32.447
2024-12-04 05:00:00,36.742
2024-11-06 13:00:00,33.446
2024-05-04 00:00:00,30.181
2024-01-04 00:00:00,36.608
2024-05-16 21:00:00,35.052
2024-06-10 12:00:00,30.335
2024-06-28 04:00:00,31.042
2024-12-21 22:00:00,34.242
2024-02-21 23:00:00,34.664
2024-04-30 06:00:00,32.353
2024-10-20 18:00:00,30.245
2024-08-30 13:00:00,29.517
2024-08-27 11:00:00,31.662
2024-12-28 00:00:00,32.647
2024-04-01 10:00:00,30.186
2024-02-06 19:00:00,33.059
2024-02-27 16:00:00,32.795
2024-03-06 01:00:00,33.833
2024-06-19 18:00:00,32.584
2024-09-10 00:00:00,32.368
2024-02-01 12:00:00,34.988
2024-09-20 03:00:00,33.41
2024-10-22 21:00:00,31.625
2024-03-21 05:00:00,32.416
2024-08-12 21:00:00,33.181
2024-11-05 18:00:00,33.843
2024-04-23 09:00:00,30.442
2024-02-12 15:00:00,32.469
2024-11-07 11:00:00,32.526
2024-01-17 11:00:00,37.118
2024-05-28 11:00:00,32.383
2024-11-24 22:00:00,35.087
2024-02-26 01:00:00,34.377
2024-08-08 22:00:00,33.006
2024-05-13 19:00:00,33.255
2024-11-12 03:00:00,35.958
2024-08-15 10:00:00,29.676
2024-09-27 03:00:00,33.428
2024-01-10 21:00:00,35.895
2024-01-29 12:00:00,36.204
2024-04-23 02:00:00,31.441
2024-04-11 13:00:00,30.089
2024-09-08 05:00:00,26.759
2024-06-18 04:00:00,32.077
2024-11-02 10:00:00,31.71
2024-12-22 19:00:00,32.552
2024-08-10 22:00:00,29.751
2024-01-24 14:00:00,37.737
2024-11-29 17:00:00,34.942
2024-03-18 11:00:00,31.128
2024-12-05 16:00:00,36.42
2024-07-02 19:00:00,33.166
2024-03-02 19:00:00,32.102
2024-11-13 16:00:00,32.95
2024-08-01 18:00:00,33.508
2024-01-01 22:00:00,35.509
2024-09-18 06:00:00,31.751
2024-08-23 01:00:00,34.434
2024-10-15 01:00:00,33.878
2024-10-03 10:00:00,32.447
2024-04-07 03:00:00,28.732
2024-08-17 10:00:00,28.085
2024-03-19 17:00:00,34.157
2024-09-04 05:00:00,33.327
2024-11-10 23:00:00,32.522
2024-03-08 18:00:00,33.522
2024-11-14 16:00:00,37.731
2024-02-18 21:00:00,31.791
2024-07-19 22:00:00,32.499
2024-06-17 21:00:00,34.773
2024-03-19 09:00:00,30.572
2024-03-14 19:00:00,33.592
2024-08-25 02:00:00,29.275
2024-08-17 13:00:00,26.402
2024-11-09 15:00:00,31.495
2024-01-29 17:00:00,33.732
2024-07-01 08:00:00,28.794
2024-06-29 04:00:00,28.274
2024-09-14 10:00:00,27.031
2024-01-19 13:00:00,35.636
2024-10-05 21:00:00,28.925
2024-04-20 23:00:00,29.487
2024-02-28 07:00:00,34.336
2024-05-07 20:00:00,33.66
2024-12-19 14:00:00,36.034
2024-12-24 09:00:00,38.932
2024-06-25 15:00:00,30.607
2024-03-24 19:00:00,30.407
2024-01-11 02:00:00,37.179
2024-11-15 18:00:00,35.763
2024-07-25 01:00:00,32.187
2024-04-20 13:00:00,28.98
2024-11-20 19:00:00,33.603
2024-12-26 12:00:00,35.898
2024-05-24 07:00:00,31.024
2024-10-14 23:00:00,33.724
2024-07-08 19:00:00,32.321
2024-11-30 22:00:00,31.734
2024-01-15 23:00:00,37.897
2024-09-15 18:00:00,30.06
2024-03-22 06:00:00,34.015
2024-06-03 11:00:00,31.804
2024-10-05 18:00:00,30.389
2024-04-15 14:00:00,30.608
2024-10-18 06:00:00,34.327
2024-10-01 01:00:00,32.934
2024-09-07 18:00:00,31.715
2024-12-24 21:00:00,36.179
2024-07-30 11:00:00,30.816
2024-12-26 22:00:00,36.153
2024-05-31 07:00:00,30.494
2024-03-08 17:00:00,32.413
2024-12-19 01:00:00,38.104
2024-12-07 19:00:00,33.758
2024-01-21 21:00:00,33.2
2024-04-02 20:00:00,32.985
2024-02-19 00:00:00,36.542
2024-05-26 07:00:00,28.787
2024-10-06 06:00:00,32.344
2024-08-26 20:00:00,31.582
2024-07-06 01:00:00,29.491
2024-01-03 22:00:00,36.347
2024-07-31 15:00:00,32.065
2024-07-01 18:00:00,31.555
2024-05-09 11:00:00,31.655
2024-03-29 18:00:00,33.582
2024-10-06 11:00:00,28.979
2024-06-26 12:00:00,29.28
2024-01-09 04:00:00,36.831
2024-09-15 19:00:00,29.193
2024-05-24 17:00:00,30.143
2024-11-22 18:00:00,34.879
2024-04-07 06:00:00,28.507
2024-08-19 15:00:00,31.461
2024-06-30 09:00:00,29.203
2024-04-07 12:00:00,29.001
2024-10-02 19:00:00,33.045
2024-08-07 16:00:00,32.651
2024-07-14 14:00:00,27.243
2024-08-04 12:00:00,27.119
2024-05-04 14:00:00,27.526
2024-10-01 07:00:00,34.961
2024-03-16 12:00:00,28.54
2024-10-22 14:00:00,33.541
2024-01-18 20:00:00,35.379
2024-07-20 15:00:00,27.037
2024-01-16 10:00:00,36.197
2024-05-04 15:00:00,27.515
2024-11-19 18:00:00,35.299
2024-05-25 01:00:00,28.78
2024-12-16 20:00:00,36.331
2024-11-09 08:00:00,32.308
2024-05-09 12:00:00,31.059
2024-05-01 14:00:00,30.564
2024-09-17 14:00:00,29.933
2024-01-25 06:00:00,38.643
2024-02-12 05:00:00,34.924
2024-01-27 08:00:00,33.577
2024-12-13 11:00:00,38.757
2024-09-06 23:00:00,33.367
2024-01-10 05:00:00,40.272
2024-04-28 05:00:00,28.849
2024-08-16 04:00:00,31.009
2024-01-26 20:00:00,35.225
2024-07-19 02:00:00,31.754
2024-07-08 17:00:00,31.012
2024-08-10 16:00:00,28.438
2024-02-24 02:00:00,30.353
2024-07-14 21:00:00,29.342
2024-08-26 23:00:00,31.944
2024-05-23 16:00:00,32.273
2024-09-23 02:00:00,32.766
2024-08-27 08:00:00,30.972
2024-04-21 03:00:00,28.357
2024-07-15 08:00:00,30.364
2024-04-28 08:00:00,28.136
2024-09-14 01:00:00,28.077
2024-08-04 05:00:00,28.273
2024-09-30 09:00:00,28.144
2024-08-23 10:00:00,29.776
2024-09-26 17:00:00,32.329
2024-11-17 20:00:00,33.681
2024-06-23 01:00:00,29.429
2024-11-13 20:00:00,36.438
2024-08-16 23:00:00,32.374
2024-09-16 23:00:00,32.487
2024-07-26 06:00:00,29.466
2024-06-12 21:00:00,32.449
2024-08-22 06:00:00,31.196
2024-04-30 03:00:00,33.173
2024-10-02 03:00:00,33.011
2024-04-06 00:00:00,29.619
2024-01-16 07:00:00,35.996
2024-08-15 07:00:00,27.91
2024-06-20 05:00:00,31.946
2024-03-05 20:00:00,33.416
2024-03-06 17:00:00,33.528
2024-01-19 21:00:00,34.898
2024-05-15 02:00:00,29.289
2024-01-29 22:00:00,33.32
2024-09-21 16:00:00,29.01
2024-07-21 22:00:00,31.308
2024-09-30 17:00:00,33.828
2024-10-17 14:00:00,32.875
2024-06-29 11:00:00,27.447
2024-11-16 21:00:00,33.74
2024-09-14 05:00:00,29.025
2024-08-22 14:00:00,30.157
2024-06-11 15:00:00,30.971
2024-04-14 18:00:00,28.01
2024-02-08 20:00:00,35.457
2024-06-04 09:00:00,31.039
2024-08-19 14:00:00,31.515
2024-04-03 14:00:00,31.912
2024-03-28 07:00:00,32.221
2024-11-09 13:00:00,33.055
2024-05-14 23:00:00,32.418
2024-11-28 04:00:00,39.025
2024-10-07 03:00:00,37.92
2024-03-25 20:00:00,32.864
2024-03-20 22:00:00,33.679
2024-02-12 12:00:00,34.483
2024-10-28 09:00:00,33.978
2024-06-20 10:00:00,28.263
2024-09-10 08:00:00,31.82
2024-02-06 17:00:00,35.008
2024-07-30 04:00:00,33.61
2024-02-11 04:00:00,32.955
2024-11-11 06:00:00,37.102
2024-01-23 20:00:00,35.41
2024-10-02 17:00:00,31.885
2024-12-05 08:00:00,36.06
2024-09-24 23:00:00,35.352
2024-08-22 00:00:00,32.606
2024-04-13 18:00:00,29.715
2024-06-17 14:00:00,29.681
2024-02-03 03:00:00,31.587
2024-12-16 12:00:00,37.928
2024-12-15 07:00:00,33.706
2024-05-17 12:00:00,30.691
2024-01-22 23:00:00,36.174
2024-10-31 08:00:00,34.796
2024-01-07 01:00:00,32.642
2024-11-09 00:00:00,32.484
2024-08-12 19:00:00,30.559
2024-05-25 11:00:00,27.427
2024-10-16 14:00:00,33.403
2024-06-07 11:00:00,31.26
2024-03-16 07:00:00,30.323
2024-03-10 06:00:00,31.755
2024-08-12 17:00:00,30.757
2024-02-12 09:00:00,35.734
2024-03-20 01:00:00,32.738
2024-03-19 12:00:00,33.166
2024-01-15 01:00:00,36.281
2024-04-20 00:00:00,29.252
2024-08-07 03:00:00,31.676
2024-08-19 07:00:00,31.406
2024-11-28 02:00:00,34.63
2024-10-28 07:00:00,33.205
2024-08-31 04:00:00,28.375
2024-01-09 14:00:00,36.156
2024-03-23 19:00:00,31.043
2024-02-29 08:00:00,33.567
2024-04-06 22:00:00,30.195
2024-06-27 14:00:00,31.4
2024-05-28 02:00:00,30.764
2024-03-21 21:00:00,33.037
2024-07-30 20:00:00,33.791
2024-04-26 19:00:00,33.822
2024-12-01 20:00:00,31.411
2024-07-08 08:00:00,31.537
2024-06-26 13:00:00,29.995
2024-03-19 05:00:00,31.593
2024-02-06 16:00:00,34.018
2024-06-02 15:00:00,28.523
2024-01-31 05:00:00,36.586
2024-01-05 06:00:00,37.665
2024-10-19 02:00:00,30.349
2024-02-26 13:00:00,31.909
2024-08-11 13:00:00,27.84
2024-04-19 21:00:00,31.651
2024-04-04 19:00:00,32.316
2024-05-30 01:00:00,30.735
2024-06-24 06:00:00,31.372
2024-02-22 03:00:00,34.822
2024-01-13 01:00:00,34.466
2024-11-22 01:00:00,34.603
2024-11-23 16:00:00,33.16
2024-05-13 13:00:00,31.26
2024-04-30 10:00:00,30.214
2024-01-04 14:00:00,34.908
2024-10-15 10:00:00,34.432
2024-12-20 08:00:00,39.388
2024-04-11 20:00:00,32.604
2024-10-27 23:00:00,31.472
2024-09-02 20:00:00,32.284
2024-06-07 20:00:00,34.152
2024-09-05 02:00:00,34.098
2024-10-24 14:00:00,33.681
2024-07-27 06:00:00,26.484
2024-12-21 02:00:00,34.443
2024-10-22 02:00:00,35.436
2024-05-25 20:00:00,31.203
2024-11-16 17:00:00,33.842
2024-03-15 01:00:00,32.808
2024-11-04 01:00:00,36.996
2024-05-21 22:00:00,33.419
2024-05-02 23:00:00,33.581
2024-11-30 18:00:00,33.808
2024-08-16 21:00:00,34.604
2024-02-15 11:00:00,34.457
2024-09-11 21:00:00,32.012
2024-02-26 20:00:00,33.619
2024-11-03 02:00:00,32.683
2024-08-18 20:00:00,29.356
2024-06-04 12:00:00,29.984
2024-12-15 19:00:00,34.537
2024-06-14 09:00:00,31.57
2024-12-23 04:00:00,38.078
2024-03-27 11:00:00,32.528
2024-02-24 14:00:00,29.155
2024-07-25 07:00:00,31.794
2024-05-28 16:00:00,31.727
2024-03-22 02:00:00,33.024
2024-12-01 12:00:00,35.21
2024-03-12 15:00:00,33.469
2024-04-29 05:00:00,
2024-01-10 22:00:00,
2024-04-08 00:00:00,32.801
2024-03-25 12:00:00,31.096
2024-07-09 00:00:00,32.324
2024-08-04 14:00:00,27.094
2024-01-14 10:00:00,34.711
2024-04-23 08:00:00,32.535
2024-07-01 12:00:00,30.307
2024-07-21 21:00:00,29.776
2024-07-21 17:00:00,29.603
2024-08-10 14:00:00,26.783
2024-06-16 05:00:00,28.193
2024-03-17 02:00:00,30.467
2024-08-08 17:00:00,30.944
2024-12-08 05:00:00,37.051
2024-06-24 03:00:00,31.023
2024-06-25 13:00:00,30.687
2024-12-25 11:00:00,37.263
2024-05-01 17:00:00,31.598
2024-01-23 06:00:00,37.049
2024-09-02 07:00:00,30.569
2024-09-27 11:00:00,31.433
2024-07-05 00:00:00,32.798
2024-04-27 23:00:00,32.026
2024-12-10 16:00:00,36.413
2024-01-17 08:00:00,38.42
2024-06-22 17:00:00,28.242
2024-07-18 23:00:00,32.371
2024-03-24 07:00:00,29.003
2024-07-26 15:00:00,30.112
2024-10-15 22:00:00,34.947
2024-04-03 01:00:00,33.131
2024-10-31 04:00:00,37.45
2024-01-12 16:00:00,35.274
2024-02-12 18:00:00,34.328
2024-01-24 05:00:00,37.875
2024-05-30 12:00:00,30.945
2024-02-22 07:00:00,37.149
2024-06-22 01:00:00,
2024-11-26 19:00:00,37.362
2024-02-12 08:00:00,37.229
2024-12-31 09:00:00,36.201
2024-11-24 00:00:00,32.089
2024-10-28 23:00:00,34.832
2024-08-28 10:00:00,30.522
2024-12-01 23:00:00,31.284
2024-11-14 07:00:00,38.191
2024-06-03 10:00:00,29.764
2024-01-11 22:00:00,39.273
2024-05-04 07:00:00,28.643
2024-08-19 13:00:00,29.018
2024-08-05 00:00:00,30.671
2024-02-05 06:00:00,36.297
2024-02-02 11:00:00,35.029
2024-07-18 21:00:00,30.959
2024-03-26 16:00:00,32.307
2024-09-07 23:00:00,29.231
2024-02-28 04:00:00,34.654
2024-02-08 19:00:00,32.79
2024-09-14 12:00:00,27.766
2024-10-20 14:00:00,29.55
2024-02-21 14:00:00,31.963
2024-04-26 13:00:00,30.834
2024-02-12 03:00:00,35.691
2024-07-08 00:00:00,33.641
2024-03-09 10:00:00,29.633
2024-05-19 07:00:00,28.346
2024-02-27 18:00:00,34.296
2024-10-30 17:00:00,32.876
2024-07-25 10:00:00,30.912
2024-07-10 10:00:00,29.175
2024-06-19 20:00:00,32.039
2024-07-13 03:00:00,26.34
2024-08-18 02:00:00,28.635
2024-10-12 01:00:00,31.328
2024-06-25 12:00:00,29.859
2024-10-01 10:00:00,31.825
2024-09-04 01:00:00,31.584
2024-02-05 14:00:00,33.308
2024-06-29 07:00:00,27.067
2024-03-01 13:00:00,30.636
2024-09-05 03:00:00,32.527
2024-03-11 17:00:00,32.722
2024-07-08 03:00:00,32.206
2024-07-15 15:00:00,29.79
2024-11-03 23:00:00,31.3
2024-10-15 18:00:00,32.39
2024-12-07 10:00:00,34.19
2024-08-12 22:00:00,32.048
2024-04-11 05:00:00,30.575
2024-12-31 21:00:00,36.746
2024-04-13 07:00:00,27.461
2024-07-12 09:00:00,28.986
2024-11-20 08:00:00,36.04
2024-08-25 04:00:00,27.754
2024-10-04 21:00:00,31.616
2024-10-04 15:00:00,33.186
2024-08-22 05:00:00,31.484
2024-12-06 18:00:00,35.693
2024-04-10 15:00:00,32.26
2024-02-03 12:00:00,31.68
2024-09-07 01:00:00,30.776
2024-04-02 07:00:00,30.279
2024-08-24 07:00:00,27.724
2024-10-08 07:00:00,33.823
2024-06-08 01:00:00,29.808
2024-06-14 12:00:00,29.867
2024-02-22 00:00:00,35.531
2024-11-23 17:00:00,34.592
2024-03-30 22:00:00,31.034
2024-04-16 11:00:00,32.17
2024-10-16 11:00:00,32.703
2024-11-07 08:00:00,36.645
2024-03-30 10:00:00,29.108
2024-09-20 07:00:00,31.582
2024-09-03 02:00:00,31.734
2024-11-13 08:00:00,36.909
2024-09-21 08:00:00,29.235
2024-08-31 18:00:00,29.556
2024-01-11 06:00:00,38.863
2024-04-05 20:00:00,31.259
2024-11-28 11:00:00,38.289
2024-03-05 13:00:00,32.032
2024-11-11 05:00:00,39.127
2024-06-22 14:00:00,26.315
2024-11-29 05:00:00,37.838
2024-08-26 05:00:00,30.94
2024-06-15 09:00:00,26.88
2024-07-01 20:00:00,33.957
2024-12-13 10:00:00,39.25
2024-10-14 21:00:00,34.599
2024-11-30 03:00:00,34.722
2024-07-14 16:00:00,29.582
2024-09-25 00:00:00,33.692
2024-06-03 13:00:00,31.361
2024-07-23 18:00:00,32.737
2024-11-06 00:00:00,32.892
2024-11-02 18:00:00,29.994
2024-09-27 20:00:00,33.267
2024-01-30 08:00:00,36.635
2024-12-08 00:00:00,34.935
2024-10-11 20:00:00,33.408
2024-01-24 04:00:00,37.252
2024-08-11 09:00:00,27.251
2024-10-19 22:00:00,32.249
2024-02-11 09:00:00,34.466
2024-12-28 05:00:00,34.39
2024-10-28 02:00:00,34.879
2024-12-21 05:00:00,38.003
2024-11-15 09:00:00,35.636
2024-02-02 23:00:00,36.348
2024-08-20 13:00:00,31.188
2024-08-16 05:00:00,30.966
2024-05-31 06:00:00,30.109
2024-08-21 09:00:00,29.813
2024-02-02 22:00:00,36.184
2024-08-03 14:00:00,28.717
2024-02-08 22:00:00,35.342
2024-10-04 06:00:00,33.811
2024-11-10 05:00:00,32.842
2024-03-15 07:00:00,31.559
2024-07-09 03:00:00,31.195
2024-03-13 06:00:00,32.982
2024-01-30 04:00:00,36.586
2024-12-29 22:00:00,35.621
2024-07-03 12:00:00,30.051
2024-01-15 08:00:00,36.718
2024-06-01 09:00:00,27.111
2024-06-13 17:00:00,33.286
2024-06-22 04:00:00,29.813
2024-10-08 11:00:00,35.003
2024-02-15 01:00:00,36.865
2024-07-23 03:00:00,31.186
2024-05-06 13:00:00,32.52
2024-02-05 10:00:00,35.252
2024-08-20 02:00:00,32.203
2024-07-21 04:00:00,28.357
2024-05-12 09:00:00,27.173
2024-01-14 11:00:00,30.737
2024-11-25 03:00:00,36.706
2024-07-03 11:00:00,29.167
2024-07-26 09:00:00,30.253
2024-03-19 21:00:00,34.466
2024-04-04 12:00:00,31.504
2024-12-06 17:00:00,36.411
2024-12-03 17:00:00,37.557
2024-08-26 08:00:00,31.437
2024-03-26 13:00:00,30.794
2024-03-19 06:00:00,34.426
2024-10-03 08:00:00,32.897
2024-08-07 10:00:00,30.317
2024-11-12 17:00:00,34.771
2024-01-30 23:00:00,35.513
2024-10-21 01:00:00,33.81
2024-12-04 11:00:00,37.593
2024-01-26 16:00:00,34.596
2024-04-19 07:00:00,29.993
2024-06-03 08:00:00,30.442
2024-10-20 06:00:00,33.327
2024-02-10 16:00:00,31.668
2024-03-06 12:00:00,32.846
2024-04-21 23:00:00,30.623
2024-08-08 13:00:00,29.503
2024-08-03 16:00:00,27.704
2024-02-11 20:00:00,31.872
2024-02-02 09:00:00,35.996
2024-04-11 03:00:00,35.159
2024-02-19 03:00:00,34.958
2024-04-07 08:00:00,26.186
2024-12-31 00:00:00,37.493
2024-11-09 14:00:00,30.325
2024-02-27 17:00:00,34.732
2024-02-11 03:00:00,31.797
2024-01-19 00:00:00,36.952
2024-07-20 22:00:00,29.748
2024-04-19 20:00:00,33.185
2024-10-14 22:00:00,35.222
2024-04-13 01:00:00,30.632
2024-01-19 18:00:00,35.792
2024-07-24 08:00:00,29.059
2024-10-29 03:00:00,34.691
2024-03-27 16:00:00,34.343
2024-09-19 21:00:00,32.554
2024-01-03 14:00:00,38.094
2024-04-30 13:00:00,30.771
2024-05-16 09:00:00,30.485
2024-10-06 04:00:00,29.811
2024-01-13 09:00:00,34.895
2024-04-17 01:00:00,32.989
2024-03-30 20:00:00,31.859
2024-04-16 21:00:00,33.032
2024-08-01 23:00:00,32.207
2024-04-22 08:00:00,31.733
2024-05-22 12:00:00,30.306
2024-01-18 09:00:00,37.618
2024-05-03 09:00:00,30.815
2024-04-24 10:00:00,30.153
2024-10-09 01:00:00,34.325
2024-12-20 01:00:00,36.549
2024-03-08 13:00:00,31.823
2024-10-11 15:00:00,33.571
2024-05-14 18:00:00,32.328
2024-02-01 13:00:00,34.104
2024-10-04 22:00:00,34.258
2024-11-18 18:00:00,34.099
2024-01-22 16:00:00,35.4
2024-05-20 17:00:00,31.777
2024-02-13 07:00:00,34.767
2024-12-23 06:00:00,39.89
2024-05-28 13:00:00,31.284
2024-04-28 19:00:00,29.667
2024-07-10 15:00:00,32.406
2024-03-20 07:00:00,30.218
2024-07-23 08:00:00,30.898
2024-06-22 02:00:00,29.112
2024-08-01 16:00:00,32.317
2024-12-15 06:00:00,34.804
2024-02-29 21:00:00,35.604
2024-06-26 04:00:00,31.311
2024-09-08 10:00:00,26.394
2024-01-15 12:00:00,37.644
2024-03-06 06:00:00,33.911
2024-08-02 10:00:00,30.477
2024-05-01 23:00:00,32.285
2024-12-23 02:00:00,37.532
2024-06-04 11:00:00,29.67
2024-03-17 09:00:00,27.298
2024-03-21 22:00:00,34.006
2024-02-28 21:00:00,35.601
2024-07-10 16:00:00,31.156
2024-10-13 23:00:00,29.462
2024-12-31 13:00:00,37.732
2024-04-03 09:00:00,30.593
2024-06-11 13:00:00,32.137
2024-01-30 05:00:00,34.67
2024-04-11 02:00:00,32.606
2024-01-06 13:00:00,32.612
2024-11-19 07:00:00,37.897
2024-08-05 14:00:00,29.144
2024-05-19 05:00:00,29.032
2024-04-04 17:00:00,33.116
2024-06-23 02:00:00,28.908
2024-04-12 22:00:00,31.897
2024-12-04 02:00:00,39.5
2024-01-12 06:00:00,36.304
2024-10-02 09:00:00,32.431
2024-07-03 15:00:00,30.997
2024-09-28 13:00:00,27.708
2024-02-28 06:00:00,34.781
2024-12-05 07:00:00,39.955
2024-09-26 07:00:00,30.425
2024-01-27 19:00:00,33.623
2024-07-05 22:00:00,33.253
2024-09-18 07:00:00,30.922
2024-07-29 15:00:00,32.199
2024-06-27 13:00:00,29.965
2024-04-16 01:00:00,32.736
2024-04-30 23:00:00,34.145
2024-10-27 19:00:00,32.208
2024-04-29 10:00:00,29.505
2024-03-17 15:00:00,28.883
2024-02-12 11:00:00,35.098
2024-07-21 05:00:00,28.424
2024-03-19 19:00:00,34.417
2024-04-18 18:00:00,32.221
2024-12-23 09:00:00,39.379
2024-09-06 15:00:00,30.422
2024-11-03 08:00:00,33.279
2024-02-10 00:00:00,31.915
2024-02-13 10:00:00,31.951
2024-07-13 00:00:00,29.123
2024-03-17 07:00:00,30.0
2024-08-29 08:00:00,30.718
2024-07-23 16:00:00,
2024-08-06 15:00:00,30.908
2024-07-04 04:00:00,29.46
2024-05-21 06:00:00,30.838
2024-07-14 07:00:00,28.175
2024-11-13 04:00:00,38.931
2024-06-07 17:00:00,33.838
2024-03-30 06:00:00,28.31
2024-12-30 15:00:00,35.134
2024-04-25 20:00:00,33.911
2024-08-10 19:00:00,29.73
2024-02-26 07:00:00,35.629
2024-03-26 08:00:00,31.753
2024-12-10 11:00:00,37.676
2024-12-11 18:00:00,38.159
2024-10-02 15:00:00,30.618
2024-06-12 02:00:00,31.595
2024-11-23 07:00:00,35.119
2024-09-20 14:00:00,32.279
2024-03-06 19:00:00,34.303
2024-02-13 08:00:00,33.966
2024-02-14 18:00:00,35.374
2024-07-07 15:00:00,28.09
2024-03-29 14:00:00,33.163
2024-12-09 16:00:00,33.436
2024-04-05 12:00:00,31.896
2024-04-12 11:00:00,33.009
2024-03-21 07:00:00,32.85
2024-04-01 09:00:00,31.089
2024-08-21 15:00:00,31.437
2024-09-30 11:00:00,30.035
2024-06-01 10:00:00,27.042
2024-02-20 15:00:00,33.398
2024-08-14 21:00:00,30.9
2024-04-28 23:00:00,29.38
2024-09-17 21:00:00,34.32
2024-05-03 14:00:00,30.103
2024-10-03 12:00:00,29.691
2024-03-01 16:00:00,33.385
2024-11-28 06:00:00,36.935
2024-09-11 08:00:00,30.739
2024-05-14 08:00:00,31.844
2024-05-02 17:00:00,31.045
2024-04-09 21:00:00,33.576
2024-06-05 03:00:00,31.655
2024-07-07 22:00:00,30.899
2024-09-18 11:00:00,33.266
2024-05-15 08:00:00,30.057
2024-08-08 09:00:00,29.616
2024-01-11 04:00:00,38.539
2024-02-09 23:00:00,34.676
2024-06-22 00:00:00,30.937
2024-11-20 22:00:00,36.657
2024-01-19 02:00:00,35.227
2024-11-03 12:00:00,31.142
2024-12-04 16:00:00,35.956
2024-09-12 22:00:00,33.558
2024-12-31 20:00:00,38.211
2024-07-10 23:00:00,34.099
2024-03-13 23:00:00,33.768
2024-10-14 09:00:00,33.911
2024-06-25 23:00:00,34.045
2024-01-28 09:00:00,33.599
2024-09-07 02:00:00,29.138
2024-01-20 21:00:00,29.999
2024-03-31 02:00:00,30.308
2024-01-30 15:00:00,33.583
2024-08-05 11:00:00,30.029
2024-07-23 09:00:00,29.715
2024-03-15 21:00:00,33.781
2024-04-02 15:00:00,32.298
2024-04-21 21:00:00,29.239
2024-01-21 15:00:00,32.398
2024-08-24 20:00:00,30.287
2024-09-19 16:00:00,32.54
2024-08-15 14:00:00,30.95
2024-09-02 08:00:00,31.485
2024-10-17 23:00:00,32.837
2024-11-08 00:00:00,36.77
2024-06-20 13:00:00,30.536
2024-02-23 00:00:00,
2024-11-14 02:00:00,35.306
2024-04-26 03:00:00,31.077
2024-04-22 20:00:00,32.193
2024-05-03 02:00:00,33.994
2024-10-08 19:00:00,33.649
2024-01-04 19:00:00,35.661
2024-09-10 10:00:00,32.469
2024-09-20 11:00:00,28.139
2024-12-10 03:00:00,36.669
2024-02-07 19:00:00,33.646
2024-10-15 08:00:00,35.059
2024-01-24 11:00:00,36.009
2024-12-28 19:00:00,32.15
2024-11-05 11:00:00,34.089
2024-06-08 06:00:00,27.933
2024-09-03 15:00:00,30.498
2024-07-05 10:00:00,30.372
2024-04-29 23:00:00,32.899
2024-08-03 06:00:00,27.927
2024-10-22 23:00:00,33.168
2024-07-24 04:00:00,29.809
2024-01-01 19:00:00,36.143
2024-03-15 08:00:00,31.738
2024-03-26 20:00:00,32.878
2024-03-12 05:00:00,34.033
2024-01-06 03:00:00,34.74
2024-08-28 02:00:00,30.826
2024-11-27 09:00:00,37.38
2024-02-04 23:00:00,32.108
2024-07-31 11:00:00,29.43
2024-03-24 18:00:00,30.075
2024-08-01 07:00:00,30.518
2024-04-09 16:00:00,33.037
2024-11-27 02:00:00,38.383
2024-08-03 10:00:00,26.757
2024-07-20 20:00:00,30.081
2024-02-02 10:00:00,36.564
2024-04-01 13:00:00,32.091
2024-06-15 14:00:00,28.734
2024-03-21 17:00:00,33.78
2024-01-16 02:00:00,35.897
2024-11-26 23:00:00,35.839
2024-02-05 17:00:00,33.653
2024-12-11 16:00:00,35.341
2024-08-22 18:00:00,32.237
2024-07-02 20:00:00,32.671
2024-04-04 16:00:00,30.671
2024-09-29 21:00:00,30.363
2024-02-21 12:00:00,32.464
2024-04-22 11:00:00,30.48
2024-12-11 11:00:00,36.358
2024-04-30 20:00:00,32.937
2024-01-31 06:00:00,37.398
2024-08-04 17:00:00,27.083
2024-05-11 13:00:00,27.742
2024-10-10 17:00:00,33.357
2024-05-12 06:00:00,29.057
2024-05-25 08:00:00,27.16
2024-11-15 13:00:00,34.913
2024-11-21 03:00:00,36.85
2024-12-19 23:00:00,35.675
2024-03-25 11:00:00,31.246
2024-09-10 23:00:00,32.875
2024-03-25 07:00:00,32.306
2024-11-08 08:00:00,35.67
2024-01-12 11:00:00,35.3
2024-09-18 04:00:00,31.402
2024-05-04 22:00:00,29.538
2024-04-17 10:00:00,29.24
2024-03-21 12:00:00,32.579
2024-07-14 11:00:00,26.29
2024-01-02 16:00:00,35.953
2024-04-19 16:00:00,32.788
2024-06-23 19:00:00,29.872
2024-09-17 08:00:00,33.104
2024-10-08 02:00:00,33.732
2024-01-14 17:00:00,30.72
2024-06-19 06:00:00,33.126
2024-07-05 23:00:00,34.359
2024-06-30 00:00:00,29.227
2024-05-20 11:00:00,30.544
2024-04-30 09:00:00,31.068
2024-09-24 02:00:00,34.671
2024-10-29 06:00:00,37.1
2024-09-15 06:00:00,28.014
2024-12-25 15:00:00,36.836
2024-12-14 00:00:00,33.577
2024-05-06 20:00:00,33.652
2024-03-18 21:00:00,33.463
2024-07-29 23:00:00,33.131
2024-05-31 19:00:00,32.84
2024-08-31 01:00:00,27.714
2024-05-10 20:00:00,33.182
2024-02-03 04:00:00,33.004
2024-06-03 00:00:00,31.309
2024-12-23 19:00:00,37.84
2024-05-14 09:00:00,31.295
2024-03-26 11:00:00,31.108
2024-11-10 14:00:00,30.403
2024-11-15 17:00:00,36.416
2024-09-27 17:00:00,31.19
2024-10-13 18:00:00,29.33
2024-07-17 22:00:00,33.426
2024-06-10 07:00:00,29.436
2024-09-25 07:00:00,33.232
2024-03-18 17:00:00,32.144
2024-12-14 13:00:00,33.776
2024-08-05 08:00:00,30.001
2024-09-12 07:00:00,30.616
2024-06-15 05:00:00,27.469
2024-09-02 09:00:00,30.776
2024-08-25 03:00:00,29.542
2024-08-22 15:00:00,31.066
2024-10-08 16:00:00,32.106
2024-04-01 06:00:00,31.592
2024-07-31 12:00:00,29.974
2024-12-24 23:00:00,38.623
2024-05-09 03:00:00,31.827
2024-11-17 19:00:00,31.919
2024-04-17 23:00:00,31.555
2024-10-06 07:00:00,30.464
2024-04-22 19:00:00,33.751
2024-11-20 00:00:00,36.951
2024-08-18 11:00:00,27.6
2024-07-15 02:00:00,30.346
2024-05-22 00:00:00,32.761
2024-11-04 09:00:00,34.945
2024-01-26 10:00:00,34.294
2024-04-12 17:00:00,31.505
2024-03-27 06:00:00,30.968
2024-04-28 06:00:00,29.051
2024-01-24 08:00:00,35.449
2024-07-11 03:00:00,33.036
2024-05-03 06:00:00,32.247
2024-01-19 03:00:00,37.592
2024-03-12 17:00:00,32.551
2024-03-07 12:00:00,29.36
2024-10-24 08:00:00,35.394
2024-12-22 12:00:00,34.613
2024-08-22 07:00:00,29.901
2024-08-31 02:00:00,31.35
2024-08-17 04:00:00,27.214
2024-06-07 00:00:00,32.254
2024-09-10 16:00:00,31.801
2024-05-17 03:00:00,31.893
2024-10-13 11:00:00,29.194
2024-11-10 09:00:00,32.308
2024-06-26 21:00:00,33.659
2024-07-18 01:00:00,33.152
2024-09-09 05:00:00,30.828
2024-10-14 05:00:00,34.663
2024-08-21 02:00:00,32.676
2024-10-31 16:00:00,34.016
2024-06-17 12:00:00,30.106
2024-11-23 01:00:00,34.543
2024-03-15 00:00:00,32.533
2024-01-28 13:00:00,32.519
2024-09-24 13:00:00,32.681
2024-07-15 13:00:00,29.603
2024-01-05 04:00:00,39.298
2024-09-18 15:00:00,31.601
2024-08-10 13:00:00,26.728
2024-08-08 07:00:00,30.782
2024-11-17 00:00:00,34.949
2024-06-30 07:00:00,28.472
2024-07-12 13:00:00,30.572
2024-05-13 18:00:00,33.026
2024-04-27 13:00:00,27.368
2024-07-20 10:00:00,26.854
2024-11-26 08:00:00,36.519
2024-02-10 21:00:00,32.364
2024-09-28 07:00:00,27.917
2024-06-13 02:00:00,32.598
2024-05-05 19:00:00,29.18
2024-10-22 20:00:00,32.975
2024-08-25 16:00:00,28.879
2024-12-04 17:00:00,34.799
2024-04-07 15:00:00,27.466
2024-01-02 12:00:00,36.032
2024-11-27 19:00:00,35.114
2024-10-02 07:00:00,33.751
2024-07-10 09:00:00,30.361
2024-07-12 10:00:00,29.241
2024-05-07 05:00:00,30.921
2024-02-21 16:00:00,34.128
2024-09-02 02:00:00,32.667
2024-06-25 21:00:00,32.96
2024-01-31 16:00:00,35.136
2024-06-09 09:00:00,27.224
2024-05-26 10:00:00,25.796
2024-11-25 14:00:00,34.163
2024-12-20 21:00:00,36.399
2024-02-02 20:00:00,31.945
2024-09-12 02:00:00,34.117
2024-03-27 04:00:00,32.683
2024-05-06 02:00:00,33.543
2024-09-17 17:00:00,31.544
2024-08-02 01:00:00,32.92
2024-07-29 14:00:00,30.038
2024-04-10 20:00:00,32.871
2024-07-06 22:00:00,28.044
2024-04-04 00:00:00,34.121
2024-01-11 23:00:00,35.543
2024-12-03 10:00:00,38.234
2024-03-25 23:00:00,34.095
2024-08-19 10:00:00,30.534
2024-12-16 18:00:00,36.394
2024-07-14 17:00:00,30.387
2024-07-12 16:00:00,29.952
2024-12-18 16:00:00,35.585
2024-06-15 18:00:00,29.505
2024-11-02 20:00:00,31.945
2024-10-11 10:00:00,35.235
2024-06-01 01:00:00,28.416
2024-06-15 04:00:00,27.536
2024-01-12 15:00:00,36.49
2024-08-14 00:00:00,32.193
2024-11-19 09:00:00,34.519
2024-03-23 09:00:00,27.753
2024-12-25 07:00:00,36.117
2024-05-11 18:00:00,29.793
2024-09-30 18:00:00,32.002
2024-01-01 06:00:00,35.673
2024-04-25 04:00:00,33.707
2024-01-09 13:00:00,36.036
2024-05-20 22:00:00,34.904
2024-02-27 07:00:00,34.836
2024-02-11 22:00:00,30.202
2024-12-05 00:00:00,36.3
2024-05-14 15:00:00,30.944
2024-03-17 23:00:00,30.862
2024-11-21 01:00:00,39.017
2024-09-20 06:00:00,31.445
2024-12-04 06:00:00,38.261
2024-11-17 01:00:00,33.463
2024-11-12 16:00:00,34.507
2024-04-02 08:00:00,32.046
2024-08-09 22:00:00,31.816
2024-05-04 23:00:00,29.785
2024-12-10 07:00:00,38.189
2024-12-12 09:00:00,39.8
2024-06-21 20:00:00,33.068
2024-03-09 03:00:00,30.775
2024-08-07 19:00:00,33.366
2024-11-15 16:00:00,36.062
2024-08-01 05:00:00,29.852
2024-05-10 12:00:00,30.656
2024-05-18 22:00:00,32.007
2024-05-04 04:00:00,30.41
2024-06-18 15:00:00,29.93
2024-04-20 11:00:00,27.008
2024-09-01 07:00:00,28.84
2024-03-08 22:00:00,34.431
2024-05-15 07:00:00,30.143
2024-07-02 08:00:00,29.286
2024-09-12 10:00:00,30.463
2024-03-20 20:00:00,33.499
2024-11-04 05:00:00,35.559
2024-03-28 17:00:00,32.625
2024-02-26 08:00:00,33.294
2024-01-31 15:00:00,34.514
2024-04-14 02:00:00,29.766
2024-12-05 13:00:00,36.0
2024-02-07 06:00:00,34.51
2024-08-09 18:00:00,33.029
2024-11-10 20:00:00,30.744
2024-12-12 14:00:00,38.514
2024-01-27 22:00:00,34.622
2024-04-01 02:00:00,32.171
2024-04-29 04:00:00,29.95
2024-11-13 09:00:00,35.966
2024-06-25 17:00:00,33.826
2024-04-30 22:00:00,33.612
2024-11-02 09:00:00,32.942
2024-02-21 07:00:00,36.63
2024-12-30 21:00:00,35.852
2024-10-11 23:00:00,34.17
2024-04-05 09:00:00,30.536
2024-04-08 14:00:00,32.32
2024-06-23 16:00:00,29.535
2024-03-09 18:00:00,30.993
2024-05-09 13:00:00,32.411
2024-01-29 08:00:00,36.776
2024-07-19 14:00:00,30.595
2024-11-15 21:00:00,37.252
2024-02-02 04:00:00,34.95
2024-09-03 17:00:00,31.004
2024-02-24 00:00:00,31.374
2024-10-04 17:00:00,30.749
2024-12-19 18:00:00,35.194
2024-11-13 18:00:00,33.996
2024-01-22 14:00:00,34.933
2024-01-09 03:00:00,38.846
2024-10-13 17:00:00,29.51
2024-12-20 00:00:00,36.998
2024-06-03 19:00:00,33.452
2024-08-21 22:00:00,31.915
2024-08-05 23:00:00,31.337
2024-03-01 08:00:00,33.384
2024-09-06 04:00:00,31.654
2024-11-17 22:00:00,33.849
2024-07-22 00:00:00,33.96
2024-10-04 04:00:00,33.023
2024-05-10 05:00:00,31.728
2024-02-16 17:00:00,32.557
2024-05-07 04:00:00,31.349
2024-11-04 16:00:00,34.958
2024-11-03 16:00:00,30.938
2024-12-28 21:00:00,35.157
2024-02-16 03:00:00,36.282
2024-04-08 23:00:00,34.647
2024-05-02 20:00:00,33.161
2024-10-26 10:00:00,34.329
2024-03-15 20:00:00,32.346
2024-05-15 13:00:00,31.256
2024-11-09 03:00:00,32.918
2024-04-03 15:00:00,31.952
2024-08-14 23:00:00,34.785
2024-09-15 23:00:00,29.063
2024-07-08 10:00:00,31.269
2024-05-21 21:00:00,32.931
2024-02-26 16:00:00,
2024-02-14 05:00:00,36.953
2024-07-17 06:00:00,30.328
2024-01-08 22:00:00,37.434
2024-12-29 14:00:00,30.962
2024-10-13 16:00:00,31.237
2024-11-10 10:00:00,33.059
2024-11-07 00:00:00,33.893
2024-02-27 02:00:00,33.851
2024-12-21 07:00:00,37.018
2024-08-01 02:00:00,32.032
2024-01-05 14:00:00,36.92
2024-09-04 20:00:00,33.004
2024-06-04 18:00:00,33.285
2024-02-13 23:00:00,34.157
2024-05-25 22:00:00,29.789
2024-02-02 21:00:00,35.017
2024-05-06 04:00:00,32.044
2024-01-01 12:00:00,35.816
2024-06-24 21:00:00,33.104
2024-05-02 00:00:00,32.61
2024-03-20 18:00:00,32.941
2024-07-07 08:00:00,27.544
2024-09-22 14:00:00,29.454
2024-11-04 21:00:00,35.133
2024-09-14 02:00:00,29.84
2024-07-22 03:00:00,31.858
2024-02-08 21:00:00,35.312
2024-07-12 15:00:00,31.631
2024-06-23 14:00:00,27.077
2024-08-26 13:00:00,29.202
2024-04-14 05:00:00,29.063
2024-01-02 13:00:00,37.187
2024-03-06 00:00:00,34.095
2024-06-20 04:00:00,33.21
2024-09-27 15:00:00,32.787
2024-09-03 00:00:00,31.257
2024-04-12 09:00:00,31.608
2024-02-12 13:00:00,33.861
2024-04-28 07:00:00,28.085
2024-09-29 23:00:00,30.87
2024-07-26 00:00:00,32.305
2024-11-29 02:00:00,39.921
2024-05-10 14:00:00,31.394
2024-06-18 02:00:00,32.103
2024-10-04 02:00:00,32.712
2024-06-05 23:00:00,34.209
2024-01-05 08:00:00,37.365
2024-05-21 08:00:00,30.699
2024-08-04 22:00:00,30.002
2024-02-22 20:00:00,33.991
2024-02-08 14:00:00,35.928
2024-01-28 15:00:00,31.883
2024-10-30 12:00:00,32.834
2024-11-02 22:00:00,31.565
2024-09-09 21:00:00,32.809
2024-06-21 15:00:00,32.296
2024-05-19 23:00:00,28.043
2024-10-03 07:00:00,33.812
2024-05-18 05:00:00,27.763
2024-05-13 05:00:00,32.461
2024-07-21 14:00:00,26.249
2024-11-09 22:00:00,33.221
2024-10-18 17:00:00,32.184
2024-12-19 05:00:00,40.643
2024-10-10 11:00:00,30.95
2024-10-19 07:00:00,32.895
2024-08-24 22:00:00,31.749
2024-06-10 01:00:00,34.093
2024-01-29 06:00:00,36.106
2024-11-19 00:00:00,34.928
2024-01-07 21:00:00,31.458
2024-07-22 20:00:00,34.198
2024-04-11 18:00:00,32.1
2024-03-25 16:00:00,33.078
2024-06-24 05:00:00,31.359
2024-06-27 11:00:00,32.047
2024-12-15 00:00:00,36.45
2024-03-07 22:00:00,33.218
2024-01-10 14:00:00,37.352
2024-07-23 17:00:00,31.178
2024-09-11 18:00:00,31.506
2024-10-27 03:00:00,33.42
2024-07-29 09:00:00,29.832
2024-11-03 01:00:00,33.343
2024-05-25 03:00:00,27.282
2024-07-17 15:00:00,31.332
2024-03-09 16:00:00,31.371
2024-09-15 05:00:00,28.695
2024-03-21 06:00:00,34.093
2024-06-28 21:00:00,34.668
2024-12-29 19:00:00,34.832
2024-03-18 02:00:00,31.674
2024-06-05 18:00:00,34.308
2024-02-06 21:00:00,35.208
2024-09-22 06:00:00,27.784
2024-10-14 06:00:00,36.443
2024-04-06 04:00:00,30.095
2024-10-25 01:00:00,33.173
2024-05-14 17:00:00,34.226
2024-12-06 05:00:00,35.666
2024-06-20 03:00:00,32.117
2024-06-16 18:00:00,29.292
2024-06-20 09:00:00,31.083
2024-08-16 11:00:00,30.342
2024-03-30 19:00:00,28.633
2024-06-15 01:00:00,29.881
2024-11-21 20:00:00,36.669
2024-05-16 12:00:00,31.336
2024-01-25 03:00:00,36.093
2024-06-20 11:00:00,29.998
2024-07-16 10:00:00,30.68
2024-02-02 02:00:00,35.409
2024-11-13 19:00:00,33.47
2024-03-14 13:00:00,30.906
2024-01-03 15:00:00,37.003
2024-05-22 06:00:00,32.278
2024-08-17 23:00:00,29.933
2024-05-11 08:00:00,29.234
2024-01-21 14:00:00,31.972
2024-11-10 15:00:00,31.391
2024-07-09 09:00:00,29.927
2024-04-16 04:00:00,32.455
2024-06-17 08:00:00,29.19
2024-10-16 18:00:00,33.221
2024-05-25 06:00:00,28.776
2024-12-14 20:00:00,33.385
2024-09-22 16:00:00,30.293
2024-02-25 04:00:00,33.031
2024-07-06 15:00:00,28.385
2024-12-14 11:00:00,33.933
2024-04-06 14:00:00,27.503
2024-06-23 06:00:00,27.313
2024-10-08 20:00:00,33.307
2024-03-12 20:00:00,32.272
2024-11-17 18:00:00,32.154
2024-04-04 08:00:00,29.552
2024-09-15 09:00:00,28.411
2024-01-21 00:00:00,33.078
2024-07-03 10:00:00,29.384
2024-04-01 20:00:00,32.156
2024-09-16 12:00:00,30.573
2024-10-14 20:00:00,33.816
2024-05-13 02:00:00,30.116
2024-03-30 03:00:00,31.2
2024-02-13 12:00:00,33.484
2024-07-13 06:00:00,28.486
2024-06-21 16:00:00,28.576
2024-07-10 07:00:00,31.005
2024-11-08 03:00:00,37.076
2024-02-02 01:00:00,34.756
2024-06-19 19:00:00,34.668
2024-02-29 03:00:00,33.603
2024-09-09 09:00:00,31.206
2024-12-17 17:00:00,34.339
2024-09-30 10:00:00,32.691
2024-10-21 06:00:00,36.186
2024-01-27 02:00:00,34.011
2024-10-14 07:00:00,35.577
2024-10-20 04:00:00,32.744
2024-06-26 01:00:00,33.05
2024-11-18 15:00:00,32.652
2024-01-27 14:00:00,33.529
2024-03-05 16:00:00,32.967
2024-01-02 02:00:00,37.965
2024-12-19 13:00:00,36.872
2024-10-27 17:00:00,28.86
2024-12-03 03:00:00,39.308
2024-06-13 18:00:00,33.13
2024-12-19 07:00:00,39.601
2024-08-11 07:00:00,27.912
2024-07-31 19:00:00,33.102
2024-01-17 09:00:00,33.606
2024-03-09 02:00:00,30.774
2024-05-29 11:00:00,31.115
2024-10-26 05:00:00,32.228
2024-03-06 03:00:00,33.153
2024-06-06 03:00:00,33.083
2024-12-22 23:00:00,33.708
2024-07-11 07:00:00,30.38
2024-08-16 00:00:00,32.351
2024-12-10 15:00:00,36.978
2024-11-04 12:00:00,33.884
2024-11-21 00:00:00,36.153
2024-10-04 03:00:00,32.848
2024-10-22 22:00:00,33.165
2024-09-05 07:00:00,32.864
2024-05-22 14:00:00,30.049
2024-03-31 06:00:00,29.462
2024-10-27 05:00:00,32.037
2024-05-02 21:00:00,31.354
2024-02-25 15:00:00,30.956
2024-06-10 16:00:00,33.07
2024-11-18 22:00:00,35.944
2024-04-24 02:00:00,32.794
2024-08-23 08:00:00,
2024-01-09 02:00:00,36.342
2024-08-19 09:00:00,30.234
2024-11-08 19:00:00,35.639
2024-11-12 18:00:00,35.278
2024-01-25 17:00:00,36.698
2024-01-16 01:00:00,35.344
2024-08-12 23:00:00,33.367
2024-07-04 13:00:00,30.961
2024-04-04 18:00:00,31.601
2024-04-04 10:00:00,32.434
2024-04-14 17:00:00,30.243
2024-02-02 03:00:00,36.648
2024-06-02 05:00:00,26.813
2024-01-01 13:00:00,37.321
2024-10-27 11:00:00,31.627
2024-12-02 03:00:00,36.865
2024-01-06 00:00:00,32.503
2024-06-22 05:00:00,28.82
2024-06-25 05:00:00,31.4
2024-03-27 20:00:00,33.313
2024-02-04 11:00:00,32.664
2024-05-12 00:00:00,27.734
2024-04-09 06:00:00,31.527
2024-12-07 01:00:00,37.086
2024-08-18 17:00:00,28.931
2024-08-24 10:00:00,27.598
2024-10-27 16:00:00,30.702
2024-08-24 23:00:00,29.947
2024-05-10 22:00:00,32.769
2024-12-22 05:00:00,36.032
2024-01-26 22:00:00,34.322
2024-09-18 23:00:00,34.281
2024-03-11 00:00:00,34.485
2024-04-20 14:00:00,28.297
2024-08-29 00:00:00,34.252
2024-02-12 22:00:00,34.077
2024-06-08 12:00:00,26.721
2024-04-19 19:00:00,32.744
2024-05-12 04:00:00,26.79
2024-10-18 05:00:00,35.298
2024-09-16 16:00:00,32.613
2024-08-21 14:00:00,29.926
2024-05-23 06:00:00,30.851
2024-02-07 10:00:00,33.027
2024-09-06 21:00:00,32.812
2024-04-26 20:00:00,31.647
2024-03-21 02:00:00,33.629
2024-06-17 19:00:00,32.457
2024-05-01 20:00:00,31.711
2024-06-08 18:00:00,30.145
2024-10-15 14:00:00,33.361
2024-01-15 22:00:00,36.733
2024-06-04 03:00:00,32.539
2024-02-11 14:00:00,31.182
2024-12-14 07:00:00,38.301
2024-04-07 04:00:00,29.621
2024-08-27 02:00:00,31.63
2024-12-12 01:00:00,38.12
2024-11-14 00:00:00,35.267
2024-10-19 16:00:00,30.327
2024-11-28 08:00:00,38.942
2024-06-04 10:00:00,30.009
2024-10-20 00:00:00,30.247
2024-12-28 12:00:00,33.107
2024-03-24 14:00:00,29.648
2024-12-11 14:00:00,35.253
2024-01-08 23:00:00,36.032
2024-02-07 05:00:00,33.981
2024-08-21 08:00:00,29.853
2024-03-29 20:00:00,32.276
2024-04-12 03:00:00,33.627
2024-04-25 03:00:00,32.568
2024-12-02 13:00:00,36.517
2024-04-04 21:00:00,33.702
2024-05-10 17:00:00,32.85
2024-09-22 19:00:00,30.899
2024-01-11 16:00:00,34.326
2024-02-14 06:00:00,35.191
2024-08-01 17:00:00,31.017
2024-03-17 08:00:00,30.672
2024-12-26 06:00:00,39.116
2024-01-20 15:00:00,34.725
2024-12-27 03:00:00,39.236
2024-02-01 15:00:00,33.722
2024-05-08 18:00:00,31.082
2024-09-03 22:00:00,32.26
2024-08-03 09:00:00,27.897
2024-06-06 01:00:00,32.017
2024-08-01 19:00:00,34.228
2024-11-19 16:00:00,34.146
2024-12-07 21:00:00,35.683
2024-09-12 05:00:00,30.522
2024-10-26 03:00:00,31.36
2024-03-30 11:00:00,29.22
2024-08-12 00:00:00,33.384
2024-10-05 00:00:00,31.864
2024-07-30 16:00:00,31.674
2024-03-28 00:00:00,32.893
2024-08-23 09:00:00,28.997
2024-04-06 09:00:00,28.531
2024-06-07 16:00:00,31.784
2024-07-31 01:00:00,32.7
2024-02-08 07:00:00,37.086
2024-04-17 11:00:00,31.138
2024-05-30 19:00:00,34.319
2024-10-21 18:00:00,32.923
2024-11-07 17:00:00,34.227
2024-08-17 08:00:00,27.633
2024-07-02 10:00:00,28.768
2024-12-09 07:00:00,38.775
2024-06-06 16:00:00,31.554
2024-02-22 01:00:00,34.654
2024-11-04 13:00:00,34.311
2024-04-28 18:00:00,28.916
2024-09-28 15:00:00,28.907
2024-08-08 03:00:00,30.764
2024-11-17 12:00:00,33.964
2024-07-03 08:00:00,31.363
2024-06-07 02:00:00,32.757
2024-08-01 04:00:00,31.187
2024-05-05 22:00:00,30.779
2024-08-15 11:00:00,30.33
2024-06-05 01:00:00,31.346
2024-12-22 16:00:00,32.417
2024-04-03 04:00:00,33.065
2024-01-30 14:00:00,33.685
2024-06-15 15:00:00,29.671
2024-02-17 01:00:00,31.099
2024-10-16 19:00:00,36.112
2024-08-09 17:00:00,30.782
2024-08-05 07:00:00,29.809
2024-11-06 17:00:00,33.245
2024-05-02 22:00:00,32.76
2024-02-12 04:00:00,34.499
2024-12-01 22:00:00,34.391
2024-12-11 13:00:00,36.098
2024-03-29 00:00:00,33.475
2024-07-08 21:00:00,32.361
2024-09-12 20:00:00,34.291
2024-08-06 08:00:00,28.763
2024-05-11 19:00:00,28.427
2024-03-01 01:00:00,34.525
2024-03-08 05:00:00,33.077
2024-12-31 18:00:00,36.023
2024-08-16 16:00:00,31.792
2024-06-10 02:00:00,32.098
2024-05-23 18:00:00,32.19
2024-01-14 04:00:00,33.851
2024-09-14 07:00:00,30.338
2024-05-04 21:00:00,29.013
2024-11-26 07:00:00,37.129
2024-12-04 21:00:00,33.542
2024-06-02 06:00:00,27.915
2024-08-07 14:00:00,30.666
2024-01-14 18:00:00,32.333
2024-03-10 17:00:00,29.953
2024-08-17 22:00:00,29.493
2024-05-29 02:00:00,32.205
2024-03-03 10:00:00,29.794
2024-06-21 00:00:00,32.181
2024-07-14 15:00:00,26.955
2024-12-06 13:00:00,34.974
2024-09-04 16:00:00,31.435
2024-02-29 22:00:00,36.66
2024-03-23 13:00:00,29.295
2024-10-04 20:00:00,34.348
2024-02-12 02:00:00,34.966
2024-02-25 13:00:00,28.949
2024-05-19 00:00:00,27.472
2024-03-26 09:00:00,30.573
2024-03-18 00:00:00,32.263
2024-07-07 12:00:00,27.77
2024-12-30 04:00:00,37.518
2024-12-17 01:00:00,38.284
2024-06-06 00:00:00,34.448
2024-05-01 21:00:00,33.68
2024-05-10 08:00:00,29.049
2024-08-24 11:00:00,27.631
2024-11-21 15:00:00,34.572
2024-07-07 11:00:00,27.806
2024-04-26 04:00:00,33.499
2024-12-14 19:00:00,34.996
2024-06-02 11:00:00,27.205
2024-11-26 16:00:00,36.952
2024-10-01 21:00:00,33.784
2024-10-11 02:00:00,33.544
2024-03-28 19:00:00,34.13
2024-12-19 11:00:00,37.713
2024-11-22 16:00:00,35.299
2024-09-08 01:00:00,29.407
2024-02-29 11:00:00,34.403
2024-12-13 20:00:00,34.611
2024-07-27 01:00:00,29.101
2024-05-01 18:00:00,32.99
2024-11-27 16:00:00,36.787
2024-07-31 04:00:00,31.046
2024-08-22 04:00:00,30.232
2024-02-01 05:00:00,38.293
2024-07-19 00:00:00,33.145
2024-01-04 11:00:00,36.128
2024-06-25 00:00:00,30.18
2024-04-15 03:00:00,30.552
2024-02-29 15:00:00,33.056
2024-03-18 04:00:00,34.014
2024-09-29 16:00:00,30.452
2024-06-28 11:00:00,29.968
2024-01-22 18:00:00,34.87
2024-10-19 14:00:00,29.748
2024-04-05 15:00:00,30.635
2024-07-07 16:00:00,27.969
2024-02-24 05:00:00,30.125
2024-01-05 15:00:00,35.502
2024-11-27 06:00:00,37.973
2024-08-26 22:00:00,32.926
2024-09-23 20:00:00,32.891
2024-08-07 04:00:00,33.031
2024-05-05 12:00:00,28.439
2024-12-31 02:00:00,39.014
2024-02-05 16:00:00,36.033
2024-05-18 09:00:00,28.213
2024-12-11 17:00:00,35.241
2024-03-31 23:00:00,30.375
2024-11-28 13:00:00,36.106
2024-05-11 02:00:00,30.436
2024-08-09 13:00:00,30.265
2024-11-12 19:00:00,36.444
2024-12-31 01:00:00,39.245
2024-03-25 14:00:00,32.616
2024-07-28 12:00:00,26.742
2024-10-31 11:00:00,33.275
2024-11-04 22:00:00,34.384
2024-05-21 17:00:00,33.275
2024-08-13 20:00:00,32.495
2024-09-09 07:00:00,31.095
2024-07-10 06:00:00,30.162
2024-01-15 17:00:00,34.715
2024-09-10 15:00:00,31.515
2024-01-05 11:00:00,36.673
2024-11-23 08:00:00,35.165
2024-05-27 23:00:00,32.63
2024-07-14 03:00:00,30.276
2024-06-24 16:00:00,33.528
2024-05-24 13:00:00,29.925
2024-10-04 07:00:00,32.044
2024-07-04 20:00:00,35.81
2024-11-05 13:00:00,37.558
2024-10-10 04:00:00,31.888
2024-03-09 12:00:00,28.714
2024-09-05 06:00:00,31.868
2024-02-06 08:00:00,36.081
2024-05-08 01:00:00,33.317
2024-04-21 09:00:00,27.819
2024-06-20 15:00:00,32.124
2024-07-13 13:00:00,25.769
2024-04-24 16:00:00,32.742
2024-11-20 13:00:00,35.216
2024-10-27 10:00:00,28.938
2024-08-21 21:00:00,32.216
2024-10-20 19:00:00,29.969
2024-09-07 04:00:00,28.301
2024-06-17 13:00:00,30.112
2024-12-25 13:00:00,38.951
2024-10-13 10:00:00,31.64
2024-09-01 17:00:00,28.91
2024-08-03 13:00:00,26.202
2024-08-30 10:00:00,30.577
2024-05-31 18:00:00,31.224
2024-04-24 12:00:00,30.355
2024-12-09 11:00:00,36.317
2024-07-22 07:00:00,29.896
2024-03-04 12:00:00,31.977
2024-12-14 21:00:00,35.195
2024-11-25 02:00:00,37.942
2024-12-01 03:00:00,34.07
2024-10-15 02:00:00,35.323
2024-12-02 15:00:00,35.585
2024-07-14 23:00:00,31.798
2024-06-29 12:00:00,27.232
2024-11-03 13:00:00,31.487
2024-10-26 02:00:00,32.438
2024-08-31 23:00:00,
2024-11-26 20:00:00,37.615
2024-01-03 07:00:00,37.203
2024-02-22 13:00:00,31.412
2024-04-06 23:00:00,29.799
2024-01-15 04:00:00,38.759
2024-06-08 10:00:00,26.589
2024-12-23 03:00:00,37.724
2024-12-14 01:00:00,33.881
2024-05-27 06:00:00,30.866
2024-02-25 05:00:00,33.673
2024-11-13 07:00:00,38.067
2024-07-25 16:00:00,31.796
2024-01-21 02:00:00,34.109
2024-10-31 14:00:00,35.074
2024-01-20 19:00:00,33.351
2024-12-31 07:00:00,37.387
2024-03-16 10:00:00,30.431
2024-06-01 02:00:00,28.657
2024-05-03 17:00:00,33.43
2024-01-28 23:00:00,35.02
2024-07-25 09:00:00,31.264
2024-01-08 19:00:00,36.147
2024-09-01 03:00:00,29.06
2024-12-29 03:00:00,34.957
2024-08-02 06:00:00,30.314
2024-02-17 00:00:00,32.103
2024-04-12 23:00:00,32.608
2024-08-25 22:00:00,30.325
2024-08-17 00:00:00,30.427
2024-11-23 03:00:00,35.206
2024-11-23 13:00:00,30.805
2024-10-02 20:00:00,33.79
2024-01-10 20:00:00,37.614
2024-08-12 01:00:00,32.163
2024-12-18 13:00:00,40.024
2024-05-26 16:00:00,29.525
2024-05-26 19:00:00,31.675
2024-08-06 21:00:00,30.755
2024-11-17 04:00:00,33.915
2024-01-06 02:00:00,34.627
2024-07-30 12:00:00,29.957
2024-03-01 04:00:00,34.479
2024-03-21 08:00:00,30.716
2024-07-30 01:00:00,32.214
2024-05-14 22:00:00,32.706
2024-01-20 12:00:00,33.012
2024-07-01 22:00:00,34.597
2024-08-15 02:00:00,33.138
2024-06-06 12:00:00,32.064
2024-01-18 10:00:00,36.085
2024-05-15 17:00:00,31.092
2024-03-11 22:00:00,34.763
2024-07-27 11:00:00,28.791
2024-02-09 14:00:00,35.035
2024-12-06 12:00:00,37.611
2024-02-07 21:00:00,34.607
2024-11-26 18:00:00,34.897
2024-12-09 22:00:00,36.565
2024-04-04 09:00:00,31.44
2024-08-31 06:00:00,27.739
2024-05-06 17:00:00,32.147
2024-12-21 20:00:00,34.609
2024-08-22 20:00:00,33.368
2024-12-31 22:00:00,35.02
2024-11-18 02:00:00,34.811
2024-12-07 17:00:00,32.839
2024-02-17 09:00:00,32.773
2024-04-27 15:00:00,29.997
2024-06-19 08:00:00,29.17
2024-12-10 21:00:00,36.75
2024-09-14 21:00:00,26.06
2024-08-10 11:00:00,27.932
2024-07-11 22:00:00,32.413
2024-12-27 08:00:00,38.145
2024-05-26 21:00:00,31.432
2024-04-08 22:00:00,31.995
2024-02-29 01:00:00,34.365
2024-11-11 15:00:00,35.926
2024-02-14 09:00:00,35.537
2024-08-27 09:00:00,31.766
2024-11-24 07:00:00,34.312
2024-12-18 20:00:00,38.628
2024-12-29 21:00:00,35.229
2024-10-09 23:00:00,33.005
2024-09-22 15:00:00,27.429
2024-10-02 11:00:00,29.664
2024-11-12 12:00:00,35.838
2024-06-30 23:00:00,29.729
2024-03-05 06:00:00,32.449
2024-01-10 00:00:00,37.798
2024-08-28 11:00:00,30.598
2024-11-27 00:00:00,36.766
2024-09-11 13:00:00,31.396
2024-05-23 11:00:00,29.928
2024-06-18 09:00:00,29.949
2024-01-27 06:00:00,34.963
2024-05-05 03:00:00,27.75
2024-05-30 22:00:00,30.989
2024-11-21 09:00:00,37.638
2024-02-07 15:00:00,31.977
2024-06-02 21:00:00,31.511
2024-12-04 14:00:00,36.469
2024-11-05 00:00:00,35.107
2024-11-23 22:00:00,32.642
2024-06-28 13:00:00,28.742
2024-09-01 15:00:00,27.862
2024-01-03 16:00:00,35.095
2024-03-27 02:00:00,30.995
2024-08-15 12:00:00,30.372
2024-11-07 09:00:00,32.958
2024-11-15 06:00:00,38.115
2024-06-28 16:00:00,31.735
2024-07-20 21:00:00,28.586
2024-12-12 00:00:00,36.861
2024-11-10 07:00:00,33.654
2024-12-04 12:00:00,36.823
2024-01-05 01:00:00,35.818
2024-10-30 01:00:00,34.651
2024-05-24 08:00:00,29.799
2024-10-12 12:00:00,28.49
2024-06-06 04:00:00,32.758
2024-01-20 04:00:00,31.674
2024-03-24 15:00:00,28.506
2024-09-06 13:00:00,30.584
2024-05-12 15:00:00,28.145
2024-01-12 03:00:00,38.557
2024-04-29 17:00:00,32.904
2024-05-03 19:00:00,31.584
2024-03-04 09:00:00,32.95
2024-01-29 07:00:00,36.744
2024-02-04 01:00:00,31.777
2024-08-17 14:00:00,28.518
2024-07-29 13:00:00,28.815
2024-01-02 11:00:00,38.46
2024-10-06 14:00:00,29.918
2024-02-23 19:00:00,33.199
2024-01-01 01:00:00,36.845
2024-04-09 23:00:00,33.441
2024-07-10 00:00:00,31.67
2024-03-14 00:00:00,32.802
2024-09-02 14:00:00,30.739
2024-04-25 01:00:00,33.5
2024-09-04 00:00:00,33.806
2024-04-23 07:00:00,30.798
2024-09-03 20:00:00,32.831
2024-09-23 07:00:00,32.068
2024-12-20 19:00:00,36.976
2024-07-13 01:00:00,29.941
2024-10-08 15:00:00,31.107
2024-03-24 22:00:00,31.831
2024-05-15 23:00:00,33.271
2024-08-06 06:00:00,30.534
2024-03-15 11:00:00,31.426
2024-02-12 00:00:00,34.245
2024-07-23 04:00:00,30.111
2024-08-23 21:00:00,34.176
2024-12-22 17:00:00,33.52
2024-12-19 04:00:00,38.841
2024-02-29 10:00:00,32.046
2024-02-16 16:00:00,34.058
2024-04-08 17:00:00,31.186
2024-08-05 04:00:00,31.483
2024-02-19 19:00:00,33.198
2024-11-10 11:00:00,33.623
2024-05-19 13:00:00,27.722
2024-12-24 16:00:00,37.8
2024-09-07 03:00:00,29.029
2024-06-16 19:00:00,32.174
2024-05-16 10:00:00,31.959
2024-04-20 19:00:00,30.574
2024-10-24 16:00:00,33.082
2024-12-02 10:00:00,39.86
2024-04-02 10:00:00,31.41
2024-12-23 14:00:00,37.003
2024-04-15 21:00:00,33.928
2024-05-16 03:00:00,31.509
2024-07-06 04:00:00,29.513
2024-01-10 22:00:00,
2024-12-11 12:00:00,38.84
2024-05-29 18:00:00,33.432
2024-12-24 19:00:00,35.745
2024-03-04 23:00:00,33.278
2024-10-24 23:00:00,35.23
2024-10-09 22:00:00,33.124
2024-03-22 15:00:00,30.83
2024-07-15 05:00:00,30.273
2024-01-13 02:00:00,36.107
2024-07-11 21:00:00,33.238
2024-02-11 06:00:00,31.427
2024-04-08 08:00:00,31.012
2024-09-05 14:00:00,30.298
2024-10-12 05:00:00,30.954
2024-05-26 03:00:00,28.671
2024-04-21 01:00:00,29.698
2024-04-05 07:00:00,32.205
2024-05-21 16:00:00,31.147
2024-07-16 18:00:00,32.25
2024-08-15 20:00:00,31.468
2024-03-05 23:00:00,32.946
2024-05-20 19:00:00,32.269
2024-05-03 18:00:00,33.951
2024-07-09 23:00:00,33.092
2024-07-26 21:00:00,33.796
2024-03-14 20:00:00,34.02
2024-11-11 14:00:00,35.071
2024-04-05 10:00:00,33.086
2024-03-10 22:00:00,32.363
2024-05-21 14:00:00,33.342
2024-07-04 01:00:00,31.142
2024-02-24 17:00:00,31.647
2024-07-06 07:00:00,28.02
2024-09-14 00:00:00,29.698
2024-02-05 12:00:00,36.155
2024-12-04 15:00:00,37.381
2024-01-04 20:00:00,34.997
2024-05-20 21:00:00,33.661
2024-08-18 08:00:00,27.773
2024-12-27 21:00:00,35.895
2024-09-23 22:00:00,34.674
2024-10-13 02:00:00,30.818
2024-08-28 04:00:00,32.102
2024-04-11 16:00:00,31.337
2024-03-03 02:00:00,29.319
2024-04-09 14:00:00,31.675
2024-07-29 01:00:00,31.822
2024-01-16 18:00:00,33.99
2024-07-13 21:00:00,31.008
2024-07-18 22:00:00,32.306
2024-03-14 22:00:00,34.295
2024-12-11 01:00:00,36.85
2024-12-03 08:00:00,37.059
2024-04-24 07:00:00,30.948
2024-07-05 05:00:00,30.249
2024-10-07 21:00:00,33.944
2024-10-03 15:00:00,32.222
2024-10-12 11:00:00,30.672
2024-06-03 02:00:00,31.844
2024-07-22 02:00:00,33.115
2024-02-13 04:00:00,37.653
2024-09-08 16:00:00,29.588
2024-10-07 13:00:00,31.098
2024-05-26 09:00:00,27.025
2024-01-18 22:00:00,36.615
2024-09-17 13:00:00,29.649
2024-05-15 03:00:00,32.454
2024-04-15 23:00:00,32.921
2024-08-26 00:00:00,33.806
2024-08-05 13:00:00,29.734
2024-06-15 12:00:00,27.351
2024-02-12 07:00:00,35.093
2024-06-13 03:00:00,31.977
2024-10-15 00:00:00,33.175
2024-05-18 04:00:00,28.602
2024-11-08 20:00:00,35.595
2024-03-28 14:00:00,30.06
2024-01-14 08:00:00,35.446
2024-10-19 12:00:00,28.928
2024-03-29 05:00:00,33.147
2024-06-05 21:00:00,33.0
2024-11-11 21:00:00,35.715
2024-04-07 14:00:00,27.616
2024-07-12 05:00:00,31.118
2024-07-16 00:00:00,33.516
2024-01-25 01:00:00,36.045
2024-07-17 17:00:00,33.205
2024-05-18 06:00:00,29.572
2024-02-15 00:00:00,33.859
2024-09-23 18:00:00,33.55
2024-09-06 09:00:00,31.738
2024-08-09 08:00:00,30.488
2024-11-08 07:00:00,36.729
2024-02-28 09:00:00,33.188
2024-10-13 09:00:00,31.053
2024-02-10 23:00:00,31.046
2024-11-22 04:00:00,36.021
2024-02-02 17:00:00,32.581
2024-11-01 10:00:00,32.16
2024-09-21 04:00:00,28.649
2024-03-23 05:00:00,29.451
2024-05-12 13:00:00,26.667
2024-12-22 20:00:00,35.924
2024-08-06 00:00:00,31.946
2024-01-21 20:00:00,33.485
2024-06-01 04:00:00,29.475
2024-09-20 20:00:00,33.201
2024-01-16 03:00:00,38.353
2024-05-01 01:00:00,33.36
2024-02-26 17:00:00,33.952
2024-01-13 04:00:00,35.264
2024-07-24 05:00:00,32.2
2024-12-12 17:00:00,36.578
2024-11-10 06:00:00,34.347
2024-01-04 21:00:00,35.269
2024-05-24 00:00:00,31.736
2024-06-21 19:00:00,33.565
2024-10-10 10:00:00,36.002
2024-03-12 08:00:00,32.855
2024-11-10 08:00:00,32.052
2024-10-14 13:00:00,33.767
2024-09-12 16:00:00,31.157
2024-08-08 10:00:00,30.123
2024-04-22 17:00:00,31.693
2024-05-19 15:00:00,28.029
2024-09-10 17:00:00,31.564
2024-07-16 05:00:00,32.577
2024-06-12 22:00:00,33.027
2024-05-13 10:00:00,30.766
2024-02-05 21:00:00,35.572
2024-05-25 19:00:00,30.88
2024-05-20 12:00:00,30.205
2024-02-09 02:00:00,35.441
2024-03-29 23:00:00,34.155
2024-12-17 11:00:00,36.08
2024-06-19 22:00:00,35.231
2024-10-10 23:00:00,33.47
2024-09-20 19:00:00,34.233
2024-04-15 10:00:00,31.192
2024-01-10 08:00:00,36.629
2024-03-04 11:00:00,34.243
2024-04-09 12:00:00,29.659
2024-05-16 11:00:00,31.328
2024-01-19 04:00:00,35.342
2024-12-06 04:00:00,41.631
2024-05-17 21:00:00,33.856
2024-02-13 11:00:00,34.447
2024-10-10 02:00:00,32.902
2024-05-09 09:00:00,30.138
2024-10-10 05:00:00,33.237
2024-07-14 18:00:00,29.747
2024-10-26 06:00:00,32.715
2024-12-20 13:00:00,37.548
2024-08-17 09:00:00,27.485
2024-02-02 00:00:00,36.389
2024-04-18 04:00:00,32.602
2024-11-25 00:00:00,35.75
2024-02-25 16:00:00,29.904
2024-07-28 13:00:00,26.414
2024-03-28 16:00:00,32.795
2024-05-06 19:00:00,33.229
2024-08-17 01:00:00,29.06
2024-03-21 11:00:00,31.271
2024-07-24 16:00:00,31.583
2024-12-20 03:00:00,37.905
2024-01-20 08:00:00,32.718
2024-01-24 16:00:00,37.451
2024-07-19 21:00:00,33.644
2024-11-20 10:00:00,37.687
2024-03-16 18:00:00,31.105
2024-03-04 14:00:00,33.428
2024-10-07 17:00:00,32.278
2024-03-22 20:00:00,33.459
2024-11-19 08:00:00,36.042
2024-04-04 23:00:00,32.768
2024-09-25 05:00:00,31.813
2024-07-23 13:00:00,29.116
2024-03-28 13:00:00,30.703
2024-02-17 15:00:00,28.875
2024-02-13 03:00:00,33.11
2024-12-18 22:00:00,38.302
2024-10-02 00:00:00,33.472
2024-03-16 23:00:00,31.692
2024-01-13 14:00:00,31.367
2024-02-24 07:00:00,30.907
2024-12-13 06:00:00,37.759
2024-07-28 19:00:00,32.426
2024-03-16 15:00:00,27.219
2024-08-04 01:00:00,28.154
2024-12-04 23:00:00,37.983
2024-03-22 18:00:00,33.891
2024-02-02 05:00:00,33.423
2024-09-04 10:00:00,30.407
2024-11-03 07:00:00,32.686
2024-11-07 23:00:00,35.775
2024-06-28 01:00:00,31.716
2024-07-15 23:00:00,32.739
2024-03-02 02:00:00,31.565
2024-10-17 08:00:00,37.645
2024-12-09 17:00:00,35.024
2024-10-26 04:00:00,32.03
2024-07-22 14:00:00,31.377
2024-04-07 18:00:00,29.65
2024-01-06 19:00:00,33.031
2024-03-19 14:00:00,31.574
2024-01-15 02:00:00,37.051
2024-06-30 12:00:00,26.562
2024-10-04 08:00:00,34.059
2024-07-19 15:00:00,30.777
2024-11-27 08:00:00,36.877
2024-01-11 13:00:00,34.67
2024-08-30 22:00:00,33.352
2024-10-31 03:00:00,34.828
2024-12-23 01:00:00,39.219
2024-04-15 05:00:00,31.217
2024-08-21 05:00:00,29.744
2024-08-16 10:00:00,32.578
2024-08-23 05:00:00,32.056
2024-06-15 23:00:00,29.466
2024-07-02 06:00:00,31.28
2024-07-19 17:00:00,33.133
2024-05-11 14:00:00,28.301
2024-01-30 13:00:00,33.341
2024-07-04 18:00:00,29.974
2024-03-06 05:00:00,34.279
2024-10-08 03:00:00,34.337
2024-08-20 05:00:00,30.753
2024-05-29 13:00:00,31.861
2024-01-31 13:00:00,37.026
2024-02-09 17:00:00,33.125
2024-07-09 17:00:00,33.475
2024-04-13 02:00:00,29.307
2024-01-12 08:00:00,36.605
2024-04-24 22:00:00,32.057
2024-12-29 09:00:00,34.513
2024-05-26 08:00:00,27.597
2024-04-30 01:00:00,31.709
2024-01-25 10:00:00,36.69
2024-11-21 21:00:00,34.138
2024-07-19 05:00:00,30.722
2024-11-27 05:00:00,38.156
2024-10-20 17:00:00,30.53
2024-10-25 20:00:00,34.298
2024-04-28 17:00:00,30.172
2024-09-05 09:00:00,30.657
2024-06-09 13:00:00,28.126
2024-06-25 02:00:00,33.456
2024-11-19 02:00:00,36.386
2024-02-26 21:00:00,36.152
2024-01-21 10:00:00,32.4
2024-06-23 09:00:00,27.467
2024-05-28 22:00:00,33.273
2024-07-04 07:00:00,30.641
2024-04-03 02:00:00,34.258
2024-05-08 03:00:00,34.008
2024-02-20 18:00:00,32.835
2024-08-07 17:00:00,32.215
2024-10-19 04:00:00,30.0
2024-09-08 13:00:00,28.158
2024-01-17 15:00:00,36.342
2024-02-06 11:00:00,35.166
2024-02-19 13:00:00,36.981
2024-02-15 20:00:00,35.039
2024-09-01 05:00:00,28.04
2024-09-01 21:00:00,28.97
2024-03-25 08:00:00,34.319
2024-05-07 12:00:00,32.401
2024-06-07 13:00:00,31.704
2024-12-11 15:00:00,38.195
2024-08-17 18:00:00,27.586
2024-05-09 17:00:00,31.712
2024-01-18 13:00:00,34.474
2024-11-22 05:00:00,37.871
2024-08-10 10:00:00,27.916
2024-02-15 21:00:00,38.355
2024-06-30 17:00:00,28.677
2024-04-14 19:00:00,30.295
2024-12-03 14:00:00,36.349
2024-04-15 15:00:00,30.607
2024-07-07 19:00:00,30.019
2024-04-05 23:00:00,35.144
2024-02-04 13:00:00,31.628
2024-07-22 12:00:00,29.777
2024-06-14 13:00:00,30.212
2024-09-23 10:00:00,33.256
2024-07-17 16:00:00,33.689
2024-10-03 22:00:00,34.358
2024-06-05 10:00:00,31.198
2024-07-08 16:00:00,32.167
2024-11-29 04:00:00,38.236
2024-03-27 09:00:00,30.213
2024-05-31 22:00:00,32.109
2024-09-16 21:00:00,32.517
2024-03-01 11:00:00,30.793
2024-04-29 07:00:00,32.208
2024-02-16 01:00:00,36.29
2024-12-27 18:00:00,37.774
2024-03-14 18:00:00,34.064
2024-01-17 14:00:00,36.892
2024-02-04 22:00:00,31.534
2024-02-03 05:00:00,32.102
2024-11-14 12:00:00,34.893
2024-04-02 22:00:00,32.407
2024-05-14 04:00:00,31.785
2024-06-22 20:00:00,31.647
2024-05-22 01:00:00,33.261
2024-02-25 14:00:00,27.769
2024-12-06 08:00:00,37.922
2024-01-03 17:00:00,33.391
2024-06-27 01:00:00,32.322
2024-03-13 19:00:00,32.614
2024-06-24 14:00:00,30.245
2024-09-26 12:00:00,34.383
2024-02-18 06:00:00,31.534
2024-11-21 08:00:00,35.567
2024-05-07 03:00:00,30.472
2024-01-22 21:00:00,36.702
2024-07-11 20:00:00,32.238
2024-09-10 05:00:00,31.381
2024-08-27 21:00:00,32.202
2024-11-28 01:00:00,36.743
2024-03-10 18:00:00,29.66
2024-07-17 08:00:00,29.052
2024-12-25 03:00:00,37.922
2024-05-14 13:00:00,32.656
2024-10-13 04:00:00,31.314
2024-03-13 14:00:00,32.856
2024-01-14 20:00:00,29.74
2024-11-20 04:00:00,35.062
2024-11-22 20:00:00,33.611
2024-01-25 22:00:00,36.208
2024-03-09 09:00:00,28.011
2024-05-29 03:00:00,31.503
2024-06-16 06:00:00,26.957
2024-10-21 04:00:00,33.494
2024-09-15 17:00:00,29.705
2024-09-22 04:00:00,30.324
2024-02-28 23:00:00,34.384
2024-07-20 11:00:00,26.798
2024-07-09 12:00:00,29.966
2024-01-10 12:00:00,37.871
2024-07-15 18:00:00,31.196
2024-01-21 18:00:00,33.385
2024-06-19 23:00:00,33.039
2024-02-07 14:00:00,34.215
2024-10-19 21:00:00,31.561
2024-09-06 01:00:00,33.173
2024-04-08 13:00:00,32.248
2024-07-28 04:00:00,28.09
2024-02-21 13:00:00,32.172
2024-02-07 04:00:00,36.042
2024-05-16 22:00:00,34.057
2024-02-20 19:00:00,35.216
2024-02-09 13:00:00,35.333
2024-01-04 06:00:00,39.057
2024-04-17 08:00:00,31.56
2024-04-21 18:00:00,30.458
2024-06-25 10:00:00,31.881
2024-11-07 18:00:00,33.895
2024-11-29 19:00:00,36.749
2024-10-17 20:00:00,33.16
2024-11-17 10:00:00,32.771
2024-09-26 11:00:00,30.332
2024-03-25 00:00:00,32.82
2024-09-29 01:00:00,30.684
2024-08-28 05:00:00,31.786
2024-08-09 06:00:00,30.63
2024-11-20 15:00:00,36.802
2024-02-08 00:00:00,36.21
2024-09-06 14:00:00,31.761
2024-02-23 09:00:00,34.689
2024-05-31 02:00:00,31.169
2024-07-23 15:00:00,31.435
2024-04-06 03:00:00,29.321
2024-03-29 06:00:00,32.274
2024-07-27 15:00:00,28.749
2024-07-24 11:00:00,30.03
2024-05-29 08:00:00,30.823
2024-05-31 17:00:00,31.242
2024-02-21 17:00:00,32.806
2024-05-04 01:00:00,29.452
2024-01-07 14:00:00,34.029
2024-03-12 04:00:00,34.41
2024-04-11 01:00:00,33.757
2024-07-28 16:00:00,27.22
2024-12-04 19:00:00,34.439
2024-02-22 02:00:00,33.263
2024-02-16 04:00:00,37.647
2024-12-22 10:00:00,34.482
2024-11-07 20:00:00,35.395
2024-09-13 16:00:00,32.165
2024-05-11 11:00:00,28.788
2024-01-12 19:00:00,35.67
2024-12-30 23:00:00,35.778
2024-05-15 05:00:00,29.804
2024-03-23 10:00:00,29.167
2024-03-15 16:00:00,32.651
2024-10-28 00:00:00,34.371
2024-11-05 05:00:00,35.175
2024-03-28 06:00:00,32.123
2024-06-06 11:00:00,30.469
2024-08-03 23:00:00,29.113
2024-09-29 19:00:00,30.294
2024-03-24 13:00:00,27.783
2024-09-18 00:00:00,32.549
2024-04-13 03:00:00,29.774
2024-08-21 23:00:00,32.716
2024-08-26 21:00:00,31.721
2024-06-14 22:00:00,35.441
2024-09-02 21:00:00,32.872
2024-10-07 05:00:00,32.14
2024-10-24 00:00:00,34.279
2024-06-11 00:00:00,31.832
2024-04-20 04:00:00,28.948
2024-10-16 13:00:00,
2024-12-09 05:00:00,39.042
2024-08-23 18:00:00,30.955
2024-03-12 21:00:00,32.522
2024-10-12 16:00:00,29.723
2024-12-21 23:00:00,33.379
2024-10-04 19:00:00,34.835
2024-02-10 07:00:00,31.713
2024-09-28 22:00:00,29.635
2024-11-09 04:00:00,30.619
2024-10-11 08:00:00,31.613
2024-03-26 06:00:00,31.722
2024-07-06 11:00:00,27.131
2024-01-14 21:00:00,32.466
2024-01-03 02:00:00,38.403
2024-08-18 00:00:00,29.022
2024-08-18 23:00:00,30.237
2024-10-23 13:00:00,34.275
2024-07-12 22:00:00,35.188
2024-09-24 12:00:00,29.999
2024-02-20 08:00:00,35.943
2024-02-17 23:00:00,33.943
2024-01-01 09:00:00,37.468
2024-10-08 01:00:00,34.547
2024-03-12 03:00:00,31.413
2024-12-03 18:00:00,34.1
2024-09-09 13:00:00,30.853
2024-08-03 07:00:00,26.519
2024-12-29 06:00:00,35.76
2024-07-19 12:00:00,30.774
2024-03-20 00:00:00,33.176
2024-07-05 09:00:00,30.004
2024-05-23 12:00:00,30.958
2024-12-25 23:00:00,37.399
2024-06-07 14:00:00,30.151
2024-07-02 22:00:00,34.322
2024-03-10 16:00:00,29.994
2024-11-28 00:00:00,38.122
2024-10-12 20:00:00,28.744
2024-05-31 11:00:00,30.547
2024-01-18 19:00:00,33.586
2024-09-07 22:00:00,28.682
2024-04-15 16:00:00,32.649
2024-01-23 18:00:00,34.966
2024-10-28 19:00:00,33.616
2024-06-30 14:00:00,29.18
2024-06-30 06:00:00,29.141
2024-04-15 13:00:00,30.239
2024-06-14 00:00:00,32.153
2024-07-17 10:00:00,29.86
2024-01-08 03:00:00,38.316
2024-10-10 16:00:00,31.482
2024-03-02 18:00:00,30.089
2024-03-20 10:00:00,30.529
2024-09-19 08:00:00,31.536
2024-12-09 19:00:00,36.641
2024-03-20 04:00:00,33.793
2024-01-29 21:00:00,32.161
2024-07-13 23:00:00,31.244
2024-12-08 06:00:00,35.665
2024-09-08 19:00:00,29.872
2024-11-08 01:00:00,35.686
2024-12-21 18:00:00,34.033
2024-03-28 08:00:00,31.707
2024-10-30 00:00:00,33.113
2024-10-10 08:00:00,34.517
2024-07-22 05:00:00,31.554
2024-09-08 09:00:00,27.457
2024-08-19 19:00:00,32.813
2024-01-23 13:00:00,38.099
2024-06-18 12:00:00,29.077
2024-09-25 03:00:00,32.489
2024-10-19 09:00:00,32.298
2024-09-06 05:00:00,32.691
2024-04-21 14:00:00,29.525
2024-08-08 11:00:00,29.243
2024-12-26 18:00:00,37.162
2024-04-23 16:00:00,32.186
2024-02-06 18:00:00,33.506
2024-08-31 08:00:00,26.945
2024-08-19 05:00:00,30.752
2024-12-03 01:00:00,37.891
2024-10-29 11:00:00,33.339
2024-11-06 20:00:00,34.689
2024-12-30 05:00:00,38.004
2024-03-04 04:00:00,31.925
2024-02-18 19:00:00,31.85
2024-03-01 06:00:00,34.093
2024-08-16 03:00:00,32.216
2024-04-28 06:00:00,29.051
2024-02-25 09:00:00,29.616
2024-06-05 13:00:00,30.522
2024-12-26 13:00:00,37.061
2024-12-25 17:00:00,34.693
2024-01-04 03:00:00,36.945
2024-02-04 10:00:00,31.258
2024-10-25 23:00:00,34.531
2024-12-10 22:00:00,37.664
2024-11-16 03:00:00,33.583
2024-04-24 14:00:00,31.478
2024-06-06 15:00:00,31.724
2024-10-13 14:00:00,30.142
2024-04-09 11:00:00,31.209
2024-09-20 08:00:00,31.575
2024-03-08 14:00:00,34.201
2024-11-08 21:00:00,36.194
2024-12-05 05:00:00,37.895
2024-12-18 01:00:00,39.023
2024-02-09 09:00:00,34.974
2024-12-02 18:00:00,35.648
2024-09-21 00:00:00,32.036
2024-08-30 15:00:00,30.981
2024-12-12 08:00:00,37.235
2024-12-09 09:00:00,37.884
2024-04-29 16:00:00,32.479
2024-10-22 13:00:00,32.205
2024-09-04 15:00:00,30.01
2024-01-10 09:00:00,35.984
2024-11-13 01:00:00,36.106
2024-03-18 08:00:00,32.565
2024-09-28 09:00:00,28.718
2024-02-05 05:00:00,36.731
2024-01-24 20:00:00,34.801
2024-10-19 13:00:00,31.512
2024-05-12 11:00:00,27.592
2024-05-14 16:00:00,32.094
2024-06-02 00:00:00,30.511
2024-01-07 10:00:00,34.52
2024-01-20 20:00:00,32.275
2024-06-03 14:00:00,30.915
2024-06-19 07:00:00,31.196
2024-05-08 15:00:00,32.168
2024-06-13 15:00:00,30.657
2024-11-15 11:00:00,38.136
2024-11-03 04:00:00,32.748
2024-12-30 18:00:00,35.816
2024-02-15 07:00:00,35.313
2024-11-09 20:00:00,31.707
2024-07-05 14:00:00,31.766
2024-02-15 19:00:00,32.092
2024-12-27 22:00:00,37.571
2024-05-14 21:00:00,32.252
2024-09-23 15:00:00,31.56
2024-08-22 22:00:00,32.465
2024-02-08 06:00:00,35.453
2024-01-09 15:00:00,35.004
2024-11-28 21:00:00,34.992
2024-08-09 04:00:00,31.279
2024-12-08 08:00:00,33.311
2024-10-05 06:00:00,31.437
2024-06-13 00:00:00,33.625
2024-06-04 19:00:00,33.701
2024-08-31 05:00:00,28.552
2024-07-02 01:00:00,32.407
2024-07-11 15:00:00,31.873
2024-07-08 02:00:00,33.943
2024-11-01 05:00:00,36.234
2024-08-06 02:00:00,31.289
2024-09-02 04:00:00,29.658
2024-09-04 04:00:00,32.375
2024-12-05 22:00:00,36.798
2024-08-31 14:00:00,27.749
2024-10-26 13:00:00,33.701
2024-11-14 01:00:00,36.2
2024-05-22 08:00:00,32.929
2024-03-17 12:00:00,28.461
2024-04-12 05:00:00,31.164
2024-12-09 20:00:00,37.358
2024-01-07 23:00:00,30.369
2024-12-16 08:00:00,39.859
2024-01-02 23:00:00,35.55
2024-09-18 22:00:00,33.48
2024-07-06 05:00:00,26.956
2024-03-03 19:00:00,31.702
2024-08-27 16:00:00,31.145
2024-04-18 20:00:00,34.618
2024-11-19 20:00:00,35.461
2024-04-02 13:00:00,33.097
2024-02-11 02:00:00,32.917
2024-01-18 15:00:00,34.391
2024-02-29 18:00:00,33.99
2024-11-30 14:00:00,32.968
2024-04-05 06:00:00,31.351
2024-03-29 02:00:00,34.683
2024-08-04 16:00:00,27.987
2024-03-15 06:00:00,33.001
2024-07-23 02:00:00,32.522
2024-12-03 20:00:00,33.639
2024-08-19 02:00:00,31.311
2024-02-26 06:00:00,34.265
2024-11-16 22:00:00,33.17
2024-05-08 12:00:00,31.563
2024-06-12 09:00:00,29.058
2024-12-23 17:00:00,33.055
2024-03-13 09:00:00,33.138
2024-10-10 13:00:00,33.1
2024-11-22 14:00:00,34.863
2024-06-10 23:00:00,34.201
2024-11-08 23:00:00,32.894
2024-06-21 02:00:00,34.79
2024-09-24 05:00:00,31.694
2024-03-02 04:00:00,30.595
2024-01-24 12:00:00,34.622
2024-09-26 14:00:00,32.207
2024-11-20 06:00:00,37.711
2024-06-06 10:00:00,29.46
2024-11-22 17:00:00,36.11
2024-02-05 15:00:00,35.62
2024-01-13 21:00:00,32.319
2024-03-15 04:00:00,34.694
2024-07-01 10:00:00,30.92
2024-08-11 11:00:00,26.966
2024-05-17 18:00:00,31.473
2024-01-23 19:00:00,35.698
2024-04-13 05:00:00,28.571
2024-04-17 13:00:00,32.16
2024-11-27 13:00:00,34.375
2024-06-14 16:00:00,31.859
2024-01-31 00:00:00,35.329
2024-07-01 19:00:00,31.487
2024-05-02 03:00:00,33.229
2024-01-23 12:00:00,33.27
2024-01-20 09:00:00,35.259
2024-04-03 00:00:00,33.813
2024-08-01 20:00:00,32.633
2024-11-20 23:00:00,38.089
2024-02-13 15:00:00,34.922
2024-08-16 19:00:00,31.453
2024-08-24 01:00:00,28.729
2024-04-06 11:00:00,28.185
2024-01-03 12:00:00,37.007
2024-12-03 23:00:00,38.411
2024-08-08 05:00:00,30.626
2024-05-27 08:00:00,29.923
2024-12-24 07:00:00,38.399
2024-05-28 12:00:00,30.562
2024-05-13 23:00:00,33.776
2024-01-26 15:00:00,33.723
2024-01-23 07:00:00,36.735
2024-07-11 16:00:00,32.199
2024-07-20 04:00:00,28.832
2024-09-10 20:00:00,34.087
2024-08-31 00:00:00,28.426
2024-12-27 10:00:00,38.586
2024-01-25 05:00:00,38.305
2024-06-27 19:00:00,34.411
2024-02-22 15:00:00,34.869
2024-01-08 04:00:00,37.687
2024-09-23 06:00:00,33.539
2024-04-27 14:00:00,30.11
2024-07-05 12:00:00,29.69
2024-05-24 01:00:00,32.053
2024-04-29 14:00:00,30.231
2024-02-08 12:00:00,33.475
2024-07-31 21:00:00,33.228
2024-08-12 03:00:00,31.885
2024-05-23 21:00:00,31.278
2024-08-07 13:00:00,30.365
2024-05-25 15:00:00,29.418
2024-09-17 11:00:00,31.161
2024-12-02 23:00:00,37.178
2024-04-22 02:00:00,34.256
2024-02-29 14:00:00,32.974
2024-03-14 08:00:00,31.158
2024-09-17 09:00:00,30.784
2024-08-16 13:00:00,29.984
2024-09-05 19:00:00,33.191
2024-01-26 04:00:00,35.281
2024-02-21 15:00:00,33.024
2024-01-18 07:00:00,38.174
2024-10-26 09:00:00,31.223
2024-05-05 21:00:00,28.568
2024-04-27 02:00:00,28.943
2024-07-30 14:00:00,30.236
2024-02-18 12:00:00,29.765
2024-03-15 03:00:00,32.487
2024-01-31 18:00:00,33.267
2024-08-15 00:00:00,32.358
2024-07-14 02:00:00,29.581
2024-01-25 19:00:00,35.499
2024-03-16 11:00:00,27.251
2024-02-03 20:00:00,30.889
2024-05-09 22:00:00,33.997
2024-08-07 07:00:00,28.909
2024-12-28 15:00:00,32.92
2024-09-15 21:00:00,29.313
2024-06-28 20:00:00,31.767
2024-10-24 01:00:00,35.35
2024-08-03 01:00:00,29.809
2024-07-27 19:00:00,29.404
2024-08-16 02:00:00,32.281
2024-03-24 21:00:00,30.191
2024-11-12 21:00:00,38.785
2024-02-02 06:00:00,37.703
2024-05-20 23:00:00,34.739
2024-07-02 09:00:00,30.386
2024-05-28 00:00:00,31.744
2024-01-19 07:00:00,38.158
2024-01-30 17:00:00,32.951
2024-07-08 14:00:00,30.751
2024-01-10 07:00:00,39.414
2024-05-27 21:00:00,33.331
2024-12-12 13:00:00,36.96
2024-10-08 10:00:00,34.49
2024-02-15 02:00:00,35.78
2024-04-23 15:00:00,32.097
2024-01-31 14:00:00,33.215
2024-10-06 01:00:00,29.891
2024-05-15 16:00:00,31.913
2024-12-07 12:00:00,33.501
2024-06-09 04:00:00,27.611
2024-05-12 22:00:00,29.765
2024-10-27 06:00:00,32.796
2024-05-20 18:00:00,33.55
2024-12-28 10:00:00,35.518
2024-09-03 01:00:00,33.042
2024-03-29 01:00:00,33.384
2024-05-15 15:00:00,30.764
2024-03-09 11:00:00,28.931
2024-08-09 11:00:00,30.118
2024-01-15 21:00:00,37.113
2024-07-05 11:00:00,28.975
2024-01-23 02:00:00,35.336
2024-07-16 03:00:00,30.592
2024-12-25 01:00:00,37.016
2024-10-10 14:00:00,32.158
2024-02-15 13:00:00,35.385
2024-05-28 08:00:00,30.663
2024-05-12 17:00:00,30.132
2024-10-27 00:00:00,31.595
2024-10-29 19:00:00,35.415
2024-05-18 13:00:00,28.391
2024-07-30 17:00:00,31.197
2024-10-31 06:00:00,35.017
2024-11-02 01:00:00,34.712
2024-04-07 09:00:00,27.916
2024-06-19 01:00:00,32.05
2024-08-17 02:00:00,27.83
2024-09-28 01:00:00,29.762
2024-11-12 06:00:00,37.187
2024-09-25 11:00:00,31.304
2024-05-25 23:00:00,30.958
2024-08-04 23:00:00,28.433
2024-11-29 23:00:00,36.238
2024-08-15 19:00:00,32.217
2024-08-12 08:00:00,30.995
2024-09-11 17:00:00,32.572
2024-06-25 09:00:00,31.304
2024-07-30 05:00:00,30.631
2024-04-28 13:00:00,28.574
2024-10-17 09:00:00,34.069
2024-09-02 03:00:00,31.052
2024-09-04 13:00:00,31.635
2024-07-15 07:00:00,28.873
2024-12-20 10:00:00,37.107
2024-10-12 00:00:00,31.524
2024-03-18 10:00:00,31.21
2024-12-01 08:00:00,35.307
2024-07-14 01:00:00,29.287
2024-01-17 21:00:00,35.138
2024-08-12 15:00:00,31.201
2024-04-11 00:00:00,33.764
2024-05-30 20:00:00,33.609
2024-10-15 17:00:00,34.005
2024-08-19 18:00:00,32.696
2024-08-24 06:00:00,27.561
2024-06-11 05:00:00,30.927
2024-02-26 22:00:00,35.763
2024-01-18 06:00:00,37.45
2024-10-10 21:00:00,33.93
2024-05-29 10:00:00,30.268
2024-04-07 02:00:00,30.01
2024-05-29 06:00:00,30.591
2024-08-24 09:00:00,27.164
2024-07-26 05:00:00,31.273
2024-04-22 09:00:00,28.593
2024-08-23 07:00:00,31.391
2024-10-18 00:00:00,35.571
2024-08-02 00:00:00,31.307
2024-06-13 22:00:00,33.651
2024-05-28 05:00:00,30.706
2024-11-24 17:00:00,34.377
2024-07-20 03:00:00,28.374
2024-12-06 02:00:00,37.589
2024-01-22 04:00:00,36.153
2024-09-30 13:00:00,32.069
2024-12-20 16:00:00,37.259
2024-04-12 00:00:00,32.271
2024-03-15 05:00:00,32.564
2024-07-23 10:00:00,29.972
2024-05-30 16:00:00,32.013
2024-12-17 23:00:00,33.746
2024-09-04 22:00:00,32.89
2024-10-29 22:00:00,33.763
2024-07-12 07:00:00,30.637
2024-12-15 10:00:00,33.631
2024-06-28 23:00:00,32.463
2024-06-02 13:00:00,28.44
2024-10-12 17:00:00,28.459
2024-02-28 10:00:00,31.313
2024-04-27 10:00:00,26.929
2024-03-19 00:00:00,33.809
2024-09-20 10:00:00,30.698
2024-01-08 12:00:00,35.897
2024-06-16 04:00:00,28.678
2024-12-15 20:00:00,32.577
2024-03-31 13:00:00,28.359
2024-04-25 18:00:00,33.732
2024-11-28 07:00:00,37.465
2024-06-10 20:00:00,34.884
2024-01-04 15:00:00,35.579
2024-08-13 18:00:00,30.344
2024-09-28 00:00:00,30.753
2024-12-10 19:00:00,36.075
2024-01-23 11:00:00,37.639
2024-05-23 14:00:00,32.165
2024-07-01 17:00:00,31.496
2024-12-15 11:00:00,33.411
2024-07-30 07:00:00,30.707
2024-06-18 06:00:00,30.763
2024-11-10 02:00:00,34.469
2024-05-16 15:00:00,32.376
2024-08-20 23:00:00,32.264
2024-12-02 14:00:00,35.925
2024-01-02 17:00:00,33.08
2024-12-01 14:00:00,34.881
2024-12-01 05:00:00,35.23
2024-11-28 18:00:00,35.567
2024-08-04 21:00:00,30.891
2024-04-21 10:00:00,27.722
2024-12-11 00:00:00,36.038
2024-04-28 14:00:00,27.813
2024-05-02 02:00:00,34.138
2024-03-19 02:00:00,33.702
2024-09-20 05:00:00,30.856
2024-07-26 04:00:00,32.141
2024-04-09 07:00:00,31.164
2024-02-27 23:00:00,34.031
2024-12-17 19:00:00,35.387
2024-06-21 21:00:00,35.128
2024-11-21 11:00:00,36.164
2024-01-17 03:00:00,34.452
2024-09-13 00:00:00,33.354
2024-12-03 16:00:00,36.632
2024-08-14 08:00:00,31.08
2024-03-18 15:00:00,31.947
2024-02-25 07:00:00,32.238
2024-10-15 16:00:00,34.622
2024-10-17 12:00:00,31.166
2024-08-10 23:00:00,29.44
2024-11-11 04:00:00,38.341
2024-10-22 12:00:00,34.269
2024-07-03 20:00:00,34.33
2024-03-16 01:00:00,30.109
2024-06-25 16:00:00,31.602
2024-03-22 11:00:00,31.178
2024-12-09 13:00:00,37.087
2024-09-24 18:00:00,31.876
2024-04-18 03:00:00,31.67
2024-02-01 03:00:00,36.601
2024-02-01 20:00:00,35.115
2024-11-25 04:00:00,37.474
2024-06-22 03:00:00,29.019
2024-09-19 03:00:00,31.436
2024-08-21 07:00:00,31.817
2024-11-22 21:00:00,35.041
2024-09-17 05:00:00,30.995
2024-02-01 21:00:00,36.249
2024-07-28 05:00:00,27.129
2024-07-25 08:00:00,27.402
2024-12-23 10:00:00,40.862
2024-02-22 22:00:00,33.934
2024-11-22 19:00:00,35.516
2024-08-05 02:00:00,32.395
2024-01-24 13:00:00,36.328
2024-10-23 01:00:00,34.027
2024-06-03 03:00:00,31.862
2024-07-20 23:00:00,28.835
2024-04-22 15:00:00,33.757
2024-12-12 07:00:00,33.735
2024-11-01 20:00:00,33.453
2024-12-17 09:00:00,39.172
2024-01-07 07:00:00,34.309
2024-02-13 00:00:00,33.102
2024-04-14 12:00:00,28.571
2024-03-01 02:00:00,33.662
2024-09-26 23:00:00,32.969
2024-01-15 10:00:00,38.346
2024-05-24 12:00:00,28.993
2024-12-28 06:00:00,33.831
2024-04-19 14:00:00,30.989
2024-03-10 14:00:00,28.649
2024-10-21 11:00:00,33.636
2024-08-29 22:00:00,32.712
2024-05-17 19:00:00,33.367
2024-01-30 10:00:00,38.008
2024-11-11 20:00:00,35.243
2024-12-17 06:00:00,38.972
2024-07-27 00:00:00,29.151
2024-05-23 02:00:00,32.435
2024-11-17 15:00:00,31.994
2024-06-01 22:00:00,31.031
2024-02-28 08:00:00,34.659
2024-08-01 01:00:00,32.072
2024-05-11 15:00:00,27.693
2024-07-14 06:00:00,28.026
2024-04-03 08:00:00,30.605
2024-09-03 12:00:00,29.794
2024-08-21 06:00:00,29.749
2024-06-23 07:00:00,26.945
2024-01-22 17:00:00,33.77
2024-03-02 09:00:00,29.989
2024-08-23 12:00:00,30.671
2024-09-01 18:00:00,28.542
2024-11-10 00:00:00,33.307
2024-11-07 13:00:00,34.617
2024-07-10 11:00:00,29.355
2024-12-14 03:00:00,35.643
2024-02-20 01:00:00,35.56
2024-12-15 05:00:00,34.263
2024-11-07 02:00:00,34.946
2024-01-25 08:00:00,36.92
2024-01-07 09:00:00,34.219
2024-03-03 21:00:00,29.717
2024-05-31 00:00:00,35.761
2024-05-24 10:00:00,30.359
2024-04-02 16:00:00,32.875
2024-11-04 14:00:00,36.977
2024-02-17 14:00:00,31.89
2024-12-25 14:00:00,38.454
2024-01-01 10:00:00,37.065
2024-05-26 06:00:00,29.449
2024-05-26 14:00:00,28.663
2024-03-10 02:00:00,29.38
2024-07-30 23:00:00,32.449
2024-10-27 01:00:00,31.45
2024-08-08 23:00:00,32.712
2024-05-03 12:00:00,31.043
2024-05-05 06:00:00,29.118
2024-10-30 07:00:00,35.419
2024-08-15 17:00:00,31.031
2024-04-21 07:00:00,27.265
2024-05-16 05:00:00,30.752
2024-03-28 11:00:00,31.514
2024-06-07 01:00:00,30.983
2024-07-13 09:00:00,27.651
2024-09-27 04:00:00,32.538
2024-11-26 06:00:00,37.937
2024-05-28 21:00:00,36.153
2024-05-13 21:00:00,33.438
2024-06-09 17:00:00,29.493
2024-05-20 06:00:00,31.166
2024-06-18 14:00:00,32.302
2024-04-04 20:00:00,34.16
2024-02-28 16:00:00,31.728
2024-03-02 01:00:00,30.502
2024-10-31 15:00:00,34.452
2024-10-08 14:00:00,32.321
2024-10-13 05:00:00,31.911
2024-03-10 11:00:00,30.97
2024-05-21 03:00:00,32.271
2024-12-20 11:00:00,38.239
2024-05-01 06:00:00,32.238
2024-12-08 19:00:00,30.324
2024-03-09 15:00:00,29.644
2024-07-13 16:00:00,28.766
2024-09-21 02:00:00,29.924
2024-01-29 16:00:00,33.508
2024-05-19 19:00:00,29.288
2024-12-16 11:00:00,36.827
2024-09-13 10:00:00,31.058
2024-10-12 18:00:00,29.054
2024-08-29 11:00:00,30.706
2024-09-26 19:00:00,32.189
2024-08-27 05:00:00,31.485
2024-03-10 21:00:00,
2024-02-17 21:00:00,32.557
2024-06-15 21:00:00,31.734
2024-06-16 10:00:00,27.632
2024-09-07 21:00:00,29.497
2024-10-12 07:00:00,30.799
2024-03-03 05:00:00,31.036
2024-09-28 04:00:00,31.232
2024-02-25 03:00:00,30.516
2024-09-22 09:00:00,27.592
2024-10-11 18:00:00,32.645
2024-09-22 11:00:00,28.264
2024-10-21 14:00:00,30.948
2024-05-02 18:00:00,32.872
2024-10-15 05:00:00,32.894
2024-05-13 01:00:00,31.918
2024-03-27 23:00:00,34.09
2024-02-08 05:00:00,
2024-10-23 15:00:00,34.634
2024-07-11 00:00:00,31.867
2024-07-12 23:00:00,34.36
2024-05-27 13:00:00,32.633
2024-05-27 11:00:00,32.214
2024-10-01 19:00:00,33.894
2024-06-11 01:00:00,32.987
2024-01-30 11:00:00,33.877
2024-09-11 03:00:00,30.575
2024-01-25 07:00:00,34.587
2024-08-09 00:00:00,32.548
2024-12-06 22:00:00,38.238
2024-07-07 06:00:00,27.659
2024-04-19 17:00:00,33.148
2024-06-15 20:00:00,32.262
2024-09-20 09:00:00,29.714
2024-07-26 03:00:00,31.987
2024-01-05 22:00:00,35.569
2024-09-19 07:00:00,30.772
2024-11-06 09:00:00,36.392
2024-10-06 20:00:00,30.286
2024-08-23 22:00:00,31.437
2024-12-16 16:00:00,35.511
2024-10-25 04:00:00,36.147
2024-06-29 03:00:00,30.566
2024-11-27 23:00:00,37.106
2024-04-03 22:00:00,34.558
2024-10-23 22:00:00,33.972
2024-04-06 17:00:00,29.37
2024-03-09 04:00:00,29.62
2024-11-29 20:00:00,35.459
2024-08-24 21:00:00,29.282
2024-06-19 11:00:00,30.746
2024-06-02 14:00:00,29.109
2024-03-07 23:00:00,34.729
2024-08-08 06:00:00,30.548
2024-08-13 07:00:00,30.004
2024-11-13 13:00:00,37.606
2024-03-06 09:00:00,34.39
2024-11-04 10:00:00,35.459
2024-05-08 21:00:00,33.849
2024-09-27 16:00:00,32.063
2024-03-16 08:00:00,29.33
2024-07-24 01:00:00,31.752
2024-04-13 08:00:00,28.973
2024-01-21 19:00:00,33.808
2024-06-02 12:00:00,26.511
2024-06-24 13:00:00,30.19
2024-10-30 22:00:00,36.347
2024-10-19 03:00:00,30.981
2024-02-04 00:00:00,31.934
2024-08-13 12:00:00,30.099
2024-09-28 17:00:00,30.665
2024-05-23 13:00:00,30.463
2024-07-10 21:00:00,33.688
2024-06-25 18:00:00,33.747
2024-11-25 06:00:00,38.221
2024-12-19 17:00:00,37.334
2024-01-27 05:00:00,34.567
2024-08-22 16:00:00,30.091
2024-03-14 10:00:00,31.661
2024-02-19 20:00:00,
2024-09-03 19:00:00,33.894
2024-07-09 06:00:00,31.007
2024-10-19 18:00:00,30.585
2024-07-21 10:00:00,25.266
2024-01-09 12:00:00,36.848
2024-05-10 00:00:00,33.017
2024-06-07 22:00:00,34.124
2024-11-30 05:00:00,34.48
2024-12-18 09:00:00,37.927
2024-08-19 04:00:00,30.377
2024-04-20 10:00:00,30.979
2024-04-24 11:00:00,30.685
2024-05-27 22:00:00,34.45
2024-05-09 20:00:00,33.604
2024-03-14 02:00:00,34.032
2024-08-09 07:00:00,31.476
2024-09-24 17:00:00,31.794
2024-12-11 07:00:00,40.102
2024-07-09 10:00:00,29.87
2024-08-19 03:00:00,33.293
2024-09-09 18:00:00,31.493
2024-02-10 19:00:00,30.699
2024-05-27 00:00:00,33.886
2024-01-23 21:00:00,35.143
2024-12-24 00:00:00,36.355
2024-11-24 05:00:00,34.639
2024-11-15 07:00:00,36.009
2024-02-29 09:00:00,34.762
2024-12-21 12:00:00,33.286
2024-05-18 07:00:00,27.813
2024-08-07 08:00:00,31.007
2024-01-25 00:00:00,35.796
2024-03-01 12:00:00,33.142
2024-11-16 19:00:00,31.7
2024-07-08 05:00:00,30.671
2024-09-26 21:00:00,33.209
2024-11-25 21:00:00,36.203
2024-07-15 19:00:00,31.905
2024-07-04 03:00:00,31.416
2024-01-15 05:00:00,35.992
2024-07-22 01:00:00,32.31
2024-12-09 10:00:00,38.254
2024-11-15 03:00:00,37.491
2024-09-28 16:00:00,28.45
2024-12-20 14:00:00,36.02
2024-10-11 11:00:00,34.338
2024-01-13 15:00:00,30.394
2024-07-28 06:00:00,27.218
2024-10-04 09:00:00,30.828
2024-07-17 19:00:00,33.424
2024-07-14 00:00:00,29.185
2024-05-15 00:00:00,34.141
2024-11-05 12:00:00,34.796
2024-12-28 11:00:00,36.965
2024-07-02 00:00:00,34.088
2024-10-04 23:00:00,35.034
2024-04-29 13:00:00,31.313
2024-01-11 01:00:00,36.299
2024-12-07 20:00:00,33.794
2024-03-02 15:00:00,28.285
2024-11-02 23:00:00,31.819
2024-02-02 18:00:00,32.312
2024-03-07 13:00:00,33.934
2024-01-08 02:00:00,40.039
2024-05-16 02:00:00,32.421
2024-01-29 05:00:00,35.164
2024-02-07 08:00:00,36.234
2024-02-16 23:00:00,34.469
2024-05-23 17:00:00,31.117
2024-04-25 15:00:00,31.88
2024-02-27 08:00:00,35.459
2024-08-06 10:00:00,31.115
2024-09-25 06:00:00,31.724
2024-06-20 22:00:00,34.316
2024-07-09 13:00:00,31.424
2024-03-08 09:00:00,33.395
2024-12-21 03:00:00,36.802
2024-03-19 23:00:00,32.228
2024-11-30 01:00:00,34.103
2024-03-29 17:00:00,32.992
2024-10-21 21:00:00,34.265
2024-11-16 00:00:00,33.788
2024-01-27 11:00:00,35.694
2024-07-15 12:00:00,28.551
2024-09-15 03:00:00,30.649
2024-11-05 15:00:00,34.308
2024-08-27 18:00:00,33.577
2024-11-17 05:00:00,34.933
2024-10-14 01:00:00,33.875
2024-09-18 17:00:00,30.983
2024-11-07 16:00:00,35.033
2024-09-27 06:00:00,32.422
2024-01-28 22:00:00,32.393
2024-06-14 18:00:00,31.618
2024-10-30 09:00:00,35.08
2024-05-13 22:00:00,33.658
2024-04-26 10:00:00,30.844
2024-01-29 09:00:00,37.738
2024-04-06 08:00:00,27.424
2024-06-16 23:00:00,29.144
2024-11-28 17:00:00,36.756
2024-06-26 11:00:00,29.064
2024-08-11 05:00:00,29.189
2024-10-23 08:00:00,35.201
2024-05-22 07:00:00,31.727
2024-06-15 08:00:00,27.607
2024-01-29 01:00:00,36.197
2024-10-15 03:00:00,35.4
2024-11-21 19:00:00,35.969
2024-07-20 07:00:00,27.892
2024-07-12 00:00:00,32.363
2024-11-22 11:00:00,37.69
2024-04-25 09:00:00,31.433
2024-03-07 01:00:00,33.797
2024-12-17 04:00:00,39.173
2024-11-29 22:00:00,37.48
2024-02-26 05:00:00,33.794
2024-02-06 02:00:00,36.155
2024-11-27 14:00:00,33.125
2024-11-16 12:00:00,31.313
2024-12-27 16:00:00,35.665
2024-06-24 18:00:00,32.986
2024-04-10 17:00:00,32.347
2024-02-08 03:00:00,36.475
2024-03-14 15:00:00,30.962
2024-06-27 22:00:00,36.367
2024-05-29 15:00:00,32.173
2024-08-25 15:00:00,28.025
2024-01-01 14:00:00,35.968
2024-09-18 14:00:00,31.785
2024-11-30 15:00:00,31.822
2024-09-21 13:00:00,27.404
2024-06-06 19:00:00,33.696
2024-12-11 03:00:00,40.836
2024-08-21 10:00:00,29.219
2024-04-16 13:00:00,31.438
2024-11-23 19:00:00,33.218
2024-09-21 11:00:00,27.036
2024-10-23 20:00:00,34.3
2024-02-19 17:00:00,33.43
2024-05-02 09:00:00,30.478
2024-05-12 12:00:00,28.301
2024-02-20 20:00:00,34.623
2024-06-05 09:00:00,30.862
2024-12-28 04:00:00,34.76
2024-02-19 18:00:00,33.289
2024-04-19 11:00:00,31.08
2024-09-05 22:00:00,32.084
2024-11-27 18:00:00,35.135
2024-11-18 08:00:00,35.377
2024-03-11 18:00:00,34.933
2024-11-03 19:00:00,30.659
2024-04-13 04:00:00,28.739
2024-09-16 09:00:00,29.228
2024-11-01 06:00:00,36.335
2024-07-05 02:00:00,32.296
2024-01-21 05:00:00,35.252
2024-11-14 18:00:00,32.717
2024-05-18 18:00:00,30.434
2024-07-11 08:00:00,29.696
2024-07-13 11:00:00,26.091
2024-04-20 07:00:00,27.238
2024-10-07 00:00:00,32.427
2024-04-05 01:00:00,33.936
2024-03-21 23:00:00,
2024-04-27 08:00:00,28.119
2024-06-06 14:00:00,30.965
2024-02-09 11:00:00,35.829
2024-03-03 01:00:00,31.956
2024-03-18 12:00:00,30.252
2024-09-16 13:00:00,30.732
2024-02-15 16:00:00,33.854
2024-03-29 12:00:00,32.193
2024-12-18 11:00:00,35.962
2024-04-20 15:00:00,28.338
2024-12-15 04:00:00,36.765
2024-11-22 06:00:00,39.187
2024-10-29 09:00:00,35.206
2024-04-27 16:00:00,29.424
2024-01-22 06:00:00,36.94
2024-06-17 03:00:00,31.665
2024-03-18 13:00:00,32.042
2024-01-19 14:00:00,33.619
2024-02-26 15:00:00,34.021
2024-08-04 19:00:00,29.807
2024-01-23 05:00:00,37.18
2024-05-15 12:00:00,31.65
2024-11-02 03:00:00,34.231
2024-04-21 04:00:00,29.563
2024-10-16 08:00:00,36.661
2024-12-20 09:00:00,38.606
2024-05-18 01:00:00,27.961
2024-12-24 12:00:00,38.606
2024-04-23 19:00:00,33.873
2024-07-15 06:00:00,31.693
2024-12-01 01:00:00,33.15
2024-03-13 02:00:00,32.022
2024-05-30 02:00:00,35.398
2024-08-18 15:00:00,27.56
2024-07-31 10:00:00,30.519
2024-11-22 10:00:00,37.029
2024-09-19 17:00:00,31.634
2024-04-07 07:00:00,29.651
2024-12-24 18:00:00,36.525
2024-12-28 07:00:00,
2024-06-15 19:00:00,29.833
2024-12-17 05:00:00,39.499
2024-03-11 08:00:00,33.144
2024-08-14 19:00:00,32.589
2024-10-13 12:00:00,29.377
2024-08-29 20:00:00,31.765
2024-10-30 04:00:00,34.719
2024-01-07 16:00:00,32.793
2024-06-13 04:00:00,32.471
2024-07-17 14:00:00,30.586
2024-08-11 10:00:00,27.389
2024-10-05 16:00:00,29.372
2024-10-25 14:00:00,33.888
2024-04-21 15:00:00,29.669
2024-03-05 15:00:00,31.621
2024-12-17 14:00:00,37.264
2024-07-23 06:00:00,29.646
2024-10-27 09:00:00,30.318
2024-08-30 00:00:00,33.613
2024-08-08 21:00:00,31.384
2024-08-15 13:00:00,30.682
2024-05-09 01:00:00,33.292
2024-04-02 17:00:00,33.652
2024-11-29 09:00:00,36.343
2024-12-20 04:00:00,36.937
2024-07-04 19:00:00,33.293
2024-04-18 09:00:00,29.986
2024-03-27 17:00:00,32.264
2024-06-24 10:00:00,30.141
2024-01-26 14:00:00,34.785
2024-09-01 00:00:00,28.923
2024-06-23 11:00:00,27.229
2024-08-27 04:00:00,29.529
2024-06-08 21:00:00,31.772
2024-06-20 23:00:00,33.832
2024-06-14 10:00:00,29.157
2024-09-09 12:00:00,31.474
2024-11-25 20:00:00,36.365
2024-11-13 00:00:00,35.451
2024-03-24 09:00:00,29.186
2024-04-16 09:00:00,30.103
2024-11-03 20:00:00,31.302
2024-07-14 10:00:00,28.255
2024-03-10 05:00:00,28.168
2024-12-28 16:00:00,33.947
2024-01-06 22:00:00,35.44
2024-12-29 07:00:00,37.902
2024-01-11 18:00:00,35.5
2024-03-03 08:00:00,27.893
2024-03-07 18:00:00,33.414
2024-04-24 05:00:00,33.992
2024-01-28 01:00:00,33.558
2024-04-06 19:00:00,30.872
2024-07-30 03:00:00,31.407
2024-06-05 07:00:00,31.112
2024-02-10 10:00:00,31.493
2024-08-13 01:00:00,32.435
2024-11-06 18:00:00,36.174
2024-05-05 07:00:00,27.795
2024-10-31 17:00:00,33.44
2024-04-14 04:00:00,30.771
2024-09-01 22:00:00,31.005
2024-02-26 19:00:00,35.316
2024-08-19 20:00:00,34.437
2024-05-07 08:00:00,30.967
2024-09-08 17:00:00,28.042
2024-12-16 01:00:00,36.985
2024-09-16 15:00:00,31.55
2024-06-30 22:00:00,31.928
2024-03-09 08:00:00,30.051
2024-04-04 13:00:00,32.427
2024-03-11 16:00:00,32.873
2024-12-09 08:00:00,38.19
2024-04-12 01:00:00,32.223
2024-03-20 15:00:00,31.402
2024-09-27 10:00:00,31.002
2024-09-03 11:00:00,29.574
2024-01-17 22:00:00,38.432
2024-03-16 05:00:00,31.304
2024-03-16 13:00:00,28.537
2024-05-02 05:00:00,32.421
2024-12-12 04:00:00,38.576
2024-09-11 16:00:00,29.985
2024-12-06 15:00:00,34.892
2024-07-02 16:00:00,33.278
2024-10-14 08:00:00,35.338
2024-05-24 23:00:00,34.134
2024-08-23 00:00:00,31.343
2024-01-20 07:00:00,32.926
2024-02-20 23:00:00,34.611
2024-06-24 23:00:00,34.175
2024-11-11 22:00:00,35.14
2024-08-04 03:00:00,30.654
2024-07-18 11:00:00,30.263
2024-06-15 13:00:00,27.836
2024-08-10 09:00:00,26.986
2024-06-23 23:00:00,29.916
2024-07-01 09:00:00,30.068
2024-03-08 23:00:00,35.079
2024-07-18 12:00:00,30.282
2024-01-29 11:00:00,35.046
2024-04-28 01:00:00,29.633
2024-09-30 07:00:00,31.064
2024-02-16 14:00:00,33.48
2024-11-17 14:00:00,34.81
2024-05-24 03:00:00,29.864
2024-04-17 12:00:00,30.96
2024-07-31 00:00:00,31.774
2024-11-05 04:00:00,35.567
2024-09-10 09:00:00,30.508
2024-06-12 14:00:00,30.668
2024-05-19 04:00:00,27.407
2024-01-09 07:00:00,38.663
2024-09-22 18:00:00,31.084
2024-08-10 20:00:00,28.681
2024-03-29 09:00:00,31.397
2024-11-20 07:00:00,
2024-09-03 05:00:00,32.4
2024-04-07 22:00:00,30.813
2024-06-21 07:00:00,30.932
2024-06-22 12:00:00,26.36
2024-04-10 10:00:00,31.091
2024-09-28 06:00:00,28.812
2024-07-17 23:00:00,33.013
2024-07-27 18:00:00,30.136
2024-06-21 14:00:00,31.541
2024-04-15 08:00:00,29.757
2024-11-12 08:00:00,38.431
2024-01-16 05:00:00,37.93
2024-07-20 05:00:00,28.871
2024-08-03 02:00:00,30.472
2024-03-27 07:00:00,31.147
2024-12-07 23:00:00,34.69
2024-07-29 10:00:00,29.278
2024-07-01 15:00:00,31.326
2024-05-14 10:00:00,31.609
2024-05-06 07:00:00,32.185
2024-05-07 16:00:00,31.87
2024-09-05 13:00:00,31.497
2024-04-16 05:00:00,33.155
2024-02-27 20:00:00,32.45
2024-03-06 21:00:00,33.974
2024-09-12 04:00:00,31.452
2024-03-26 22:00:00,33.699
2024-02-06 22:00:00,34.509
2024-04-18 17:00:00,34.144
2024-01-02 14:00:00,37.253
2024-05-03 00:00:00,35.16
2024-06-12 05:00:00,31.496
2024-04-16 12:00:00,31.784
2024-05-16 14:00:00,30.436
2024-07-23 14:00:00,30.556
2024-04-21 22:00:00,29.317
2024-01-14 22:00:00,31.688
2024-09-13 18:00:00,32.606
2024-02-14 01:00:00,33.476
2024-07-22 17:00:00,32.11
2024-10-09 12:00:00,30.837
2024-11-30 17:00:00,32.024
2024-08-30 20:00:00,31.705
2024-02-15 17:00:00,34.697
2024-06-05 08:00:00,30.6
2024-08-25 05:00:00,28.393
2024-08-12 13:00:00,29.67
2024-11-13 11:00:00,35.17
2024-03-02 07:00:00,30.98
2024-10-25 02:00:00,35.583
2024-06-10 15:00:00,30.863
2024-01-19 20:00:00,36.731
2024-12-01 04:00:00,33.16
2024-09-13 08:00:00,31.662
2024-09-09 16:00:00,29.998
2024-02-04 12:00:00,32.168
2024-12-19 20:00:00,37.104
2024-05-02 08:00:00,30.497
2024-10-23 18:00:00,33.707
2024-01-31 02:00:00,37.176
2024-12-27 17:00:00,35.264
2024-11-06 01:00:00,33.244
2024-04-30 08:00:00,31.273
2024-03-07 11:00:00,34.6
2024-11-28 22:00:00,34.883
2024-07-21 12:00:00,27.533
2024-11-18 14:00:00,36.73
2024-08-25 00:00:00,30.73
2024-06-14 11:00:00,30.846
2024-05-09 00:00:00,33.848
2024-06-05 04:00:00,32.043
2024-10-17 10:00:00,34.76
2024-08-17 21:00:00,29.918
2024-07-16 22:00:00,35.035
2024-10-20 08:00:00,32.006
2024-07-01 11:00:00,29.259
2024-06-18 21:00:00,32.573
2024-09-30 00:00:00,35.374
2024-08-19 01:00:00,32.192
2024-10-20 05:00:00,31.944
2024-04-04 03:00:00,32.926
2024-03-25 10:00:00,31.486
2024-12-28 09:00:00,36.792
2024-05-19 16:00:00,29.141
2024-10-14 17:00:00,32.57
2024-12-25 20:00:00,37.276
2024-03-01 05:00:00,34.805
2024-07-30 13:00:00,31.934
2024-08-06 17:00:00,32.508
2024-10-20 07:00:00,34.408
2024-07-17 18:00:00,32.919
2024-07-09 04:00:00,30.559
2024-10-28 03:00:00,34.897
2024-11-18 17:00:00,36.597
2024-01-18 21:00:00,38.047
2024-09-30 02:00:00,32.81
2024-06-13 14:00:00,32.913
2024-08-23 11:00:00,29.172
2024-08-05 17:00:00,29.921
2024-02-20 10:00:00,35.014
2024-02-08 04:00:00,35.699
2024-06-26 14:00:00,30.028
2024-12-04 07:00:00,37.911
2024-04-18 21:00:00,33.822
2024-04-13 22:00:00,30.204
2024-02-11 16:00:00,30.619
2024-08-07 18:00:00,33.031
2024-01-03 08:00:00,37.439
2024-05-05 20:00:00,30.538
2024-12-20 22:00:00,37.163
2024-01-09 16:00:00,35.511
2024-03-28 23:00:00,32.631
2024-11-06 12:00:00,35.008
2024-08-13 03:00:00,32.035
2024-03-01 00:00:00,34.524
2024-01-18 17:00:00,35.14
2024-01-30 01:00:00,36.185
2024-02-22 17:00:00,33.292
2024-03-08 15:00:00,31.545
2024-07-20 09:00:00,27.84
2024-03-07 09:00:00,32.904
2024-04-05 21:00:00,32.554
2024-07-10 04:00:00,30.509
2024-07-29 17:00:00,32.217
2024-09-05 04:00:00,32.564
2024-09-26 01:00:00,32.63
2024-04-01 16:00:00,35.728
2024-11-04 03:00:00,37.039
2024-02-10 18:00:00,32.815
2024-04-25 10:00:00,30.934
2024-10-09 05:00:00,35.453
2024-02-04 03:00:00,31.786
2024-09-03 18:00:00,33.166
2024-12-17 13:00:00,36.775
2024-10-29 14:00:00,35.755
2024-03-02 03:00:00,29.687
2024-11-28 05:00:00,39.531
2024-01-26 21:00:00,35.1
2024-10-17 17:00:00,32.835
2024-12-25 09:00:00,37.382
2024-06-15 22:00:00,28.974
2024-05-07 00:00:00,34.018
2024-03-15 02:00:00,32.956
2024-06-18 10:00:00,29.825
2024-01-15 00:00:00,37.643
2024-04-20 02:00:00,28.598
2024-02-15 03:00:00,34.39
2024-04-18 15:00:00,31.396
2024-05-28 17:00:00,32.083
2024-06-16 16:00:00,28.217
2024-12-02 20:00:00,36.708
2024-01-17 06:00:00,38.864
2024-01-31 17:00:00,32.449
2024-01-05 17:00:00,32.438
2024-02-14 12:00:00,33.503
2024-06-12 11:00:00,30.0
2024-02-09 01:00:00,35.926
2024-04-05 19:00:00,32.918
2024-09-05 17:00:00,32.144
2024-12-17 07:00:00,39.468
2024-07-31 23:00:00,35.876
2024-01-11 17:00:00,35.834
2024-04-03 06:00:00,32.351
2024-02-25 19:00:00,30.041
2024-02-18 00:00:00,31.396
2024-12-10 20:00:00,35.854
2024-02-11 08:00:00,32.12
2024-03-17 22:00:00,30.273
2024-04-16 14:00:00,30.675
2024-07-31 17:00:00,31.296
2024-03-23 04:00:00,31.987
2024-07-11 02:00:00,32.771
2024-07-11 14:00:00,32.117
2024-06-01 16:00:00,28.394
2024-10-15 13:00:00,34.939
2024-01-06 12:00:00,34.52
2024-04-12 14:00:00,30.757
2024-06-21 03:00:00,32.218
2024-01-19 09:00:00,36.684
2024-06-22 08:00:00,26.634
2024-03-25 13:00:00,32.521
2024-03-10 12:00:00,28.272
2024-09-01 09:00:00,28.304
2024-08-12 02:00:00,31.38
2024-03-31 15:00:00,30.377
2024-07-16 06:00:00,31.001
2024-08-12 05:00:00,32.121
2024-08-09 16:00:00,31.272
2024-10-10 15:00:00,31.831
2024-03-18 01:00:00,34.665
2024-08-09 10:00:00,30.961
2024-03-07 14:00:00,31.971
2024-04-23 13:00:00,30.702
2024-10-27 14:00:00,31.698
2024-09-15 13:00:00,27.088
2024-07-21 15:00:00,27.142
2024-04-17 04:00:00,32.917
2024-12-02 21:00:00,35.632
2024-02-23 22:00:00,32.817
2024-01-06 15:00:00,31.059
2024-10-09 07:00:00,33.115
2024-08-04 20:00:00,31.091
2024-03-10 03:00:00,29.338
2024-03-13 16:00:00,32.763
2024-02-23 06:00:00,35.35
2024-10-18 18:00:00,34.571
2024-12-23 13:00:00,38.522
2024-05-27 18:00:00,32.709
2024-11-29 11:00:00,37.948
2024-06-18 01:00:00,32.088
2024-01-06 09:00:00,33.678
2024-04-22 12:00:00,29.784
2024-11-30 13:00:00,33.195
2024-01-02 03:00:00,37.664
2024-08-09 01:00:00,32.646
2024-09-19 20:00:00,32.839
2024-11-11 23:00:00,35.071
2024-07-08 12:00:00,30.104
2024-02-21 10:00:00,35.096
2024-12-13 15:00:00,37.965
2024-08-30 07:00:00,30.162
2024-12-23 11:00:00,36.527
2024-12-23 16:00:00,37.091
2024-06-17 11:00:00,31.129
2024-10-22 00:00:00,34.702
2024-10-08 17:00:00,33.68
2024-01-20 03:00:00,33.593
2024-05-28 06:00:00,30.638
2024-04-09 15:00:00,32.32
2024-07-18 00:00:00,34.217
2024-03-24 17:00:00,29.924
2024-12-15 02:00:00,34.459
2024-04-12 18:00:00,32.647
2024-08-31 11:00:00,28.839
2024-08-02 08:00:00,30.267
2024-12-01 07:00:00,35.6
2024-07-04 17:00:00,31.417
2024-03-16 04:00:00,31.655
2024-09-05 08:00:00,30.951
2024-12-31 03:00:00,36.904
2024-01-09 10:00:00,34.467
2024-07-28 14:00:00,25.935
2024-01-15 03:00:00,36.491
2024-06-24 01:00:00,33.364
2024-06-01 03:00:00,28.992
2024-02-10 04:00:00,33.043
2024-01-06 04:00:00,35.792
2024-05-06 01:00:00,32.441
2024-04-09 10:00:00,29.43
2024-03-22 21:00:00,34.265
2024-05-03 20:00:00,32.529
2024-05-03 08:00:00,31.55
2024-07-08 06:00:00,30.751
2024-11-13 17:00:00,35.077
2024-05-04 20:00:00,28.603
2024-01-27 23:00:00,32.095
2024-11-18 06:00:00,38.063
2024-05-18 11:00:00,27.861
2024-06-28 12:00:00,29.28
2024-03-14 05:00:00,33.101
2024-03-07 04:00:00,33.067
2024-02-08 23:00:00,34.673
2024-03-01 10:00:00,32.371
2024-01-22 19:00:00,34.977
2024-02-26 09:00:00,32.281
2024-09-24 11:00:00,31.519
2024-05-10 18:00:00,33.465
2024-02-19 12:00:00,33.939
2024-06-28 17:00:00,32.338
2024-08-17 15:00:00,29.052
2024-09-25 22:00:00,33.649
2024-05-23 08:00:00,31.517
2024-12-08 23:00:00,35.121
2024-02-06 13:00:00,34.447
2024-05-17 06:00:00,30.66
2024-09-23 09:00:00,31.437
2024-03-25 06:00:00,31.566
2024-10-07 18:00:00,33.808
2024-01-03 18:00:00,36.23
2024-06-02 22:00:00,32.117
2024-06-30 13:00:00,28.919
2024-03-02 17:00:00,32.128
2024-12-12 19:00:00,33.953
2024-06-11 04:00:00,32.053
2024-07-20 08:00:00,27.356
2024-09-04 14:00:00,29.972
2024-07-01 00:00:00,33.765
2024-08-20 18:00:00,31.83
2024-05-22 21:00:00,32.695
2024-10-28 20:00:00,34.221
2024-09-19 11:00:00,31.659
2024-11-17 23:00:00,33.887
2024-03-22 00:00:00,34.201
2024-07-17 04:00:00,31.264
2024-08-18 22:00:00,29.596
2024-10-19 00:00:00,30.913
2024-06-12 19:00:00,34.901
2024-07-01 16:00:00,31.432
2024-05-27 14:00:00,30.855
2024-09-01 16:00:00,29.99
2024-11-19 03:00:00,37.401
2024-08-15 05:00:00,29.333
2024-02-02 14:00:00,33.598
2024-03-31 03:00:00,32.61
2024-06-20 16:00:00,32.161
2024-11-21 17:00:00,35.049
2024-10-02 12:00:00,32.788
2024-01-10 10:00:00,38.349
2024-02-01 16:00:00,34.733
2024-11-25 09:00:00,36.132
2024-01-22 10:00:00,36.894
2024-11-08 15:00:00,34.367
2024-03-07 21:00:00,34.527
2024-06-27 07:00:00,29.525
2024-04-30 11:00:00,29.869
2024-06-12 18:00:00,34.191
2024-11-09 09:00:00,34.511
2024-02-07 20:00:00,33.446
2024-07-23 00:00:00,33.091
2024-07-21 16:00:00,28.907
2024-01-09 01:00:00,36.513
2024-10-24 10:00:00,36.052
2024-01-31 22:00:00,36.351
2024-09-28 02:00:00,29.45
2024-08-19 06:00:00,30.228
2024-01-26 12:00:00,34.974
2024-10-14 18:00:00,33.323
2024-03-18 22:00:00,33.147
2024-10-30 18:00:00,35.192
2024-05-31 14:00:00,30.618
2024-01-17 17:00:00,34.663
2024-05-27 12:00:00,28.62
2024-07-28 22:00:00,29.114
2024-02-05 09:00:00,35.193
2024-09-15 04:00:00,29.79
2024-10-09 09:00:00,33.341
2024-03-13 00:00:00,33.693
2024-01-16 14:00:00,34.523
2024-11-02 17:00:00,31.214
2024-05-02 07:00:00,31.973
2024-07-12 01:00:00,33.425
2024-09-07 19:00:00,31.301
2024-12-27 19:00:00,36.185
2024-02-11 23:00:00,31.029
2024-12-24 04:00:00,39.508
2024-12-22 01:00:00,32.563
2024-01-18 01:00:00,35.33
2024-01-25 02:00:00,37.385
2024-01-29 20:00:00,35.451
2024-03-08 03:00:00,34.168
2024-04-23 22:00:00,33.636
2024-09-18 10:00:00,31.1
2024-07-24 07:00:00,30.61
2024-01-28 07:00:00,32.838
2024-07-08 04:00:00,31.863
2024-09-03 21:00:00,32.178
2024-10-05 01:00:00,29.038
2024-06-08 23:00:00,30.293
2024-10-25 21:00:00,34.662
2024-08-09 20:00:00,32.182
2024-10-22 07:00:00,35.488
2024-10-24 22:00:00,32.211
2024-09-28 10:00:00,28.254
2024-05-10 13:00:00,31.523
2024-01-25 14:00:00,36.279
2024-05-01 02:00:00,32.703
2024-03-06 15:00:00,31.008
2024-07-09 14:00:00,29.386
2024-05-10 09:00:00,30.453
2024-12-06 06:00:00,35.831
2024-09-17 10:00:00,31.196
2024-04-09 20:00:00,35.139
2024-11-08 17:00:00,35.824
2024-05-10 04:00:00,32.042
2024-07-29 00:00:00,31.259
2024-04-20 20:00:00,30.464
2024-03-18 23:00:00,34.74
2024-12-24 10:00:00,35.54
2024-01-31 23:00:00,35.021
2024-03-22 04:00:00,33.751
2024-01-08 14:00:00,35.77
2024-10-19 20:00:00,30.623
2024-06-29 18:00:00,30.075
2024-04-23 04:00:00,32.999
2024-08-16 18:00:00,30.317
2024-02-13 21:00:00,34.182
2024-09-30 20:00:00,33.253
2024-01-28 05:00:00,34.581
2024-01-07 04:00:00,32.247
2024-01-30 12:00:00,36.501
2024-01-16 09:00:00,37.499
2024-01-01 23:00:00,38.174
2024-05-18 00:00:00,30.464
2024-02-23 13:00:00,32.126
2024-03-22 13:00:00,31.574
2024-04-04 04:00:00,33.962
2024-08-22 12:00:00,32.549
2024-08-18 12:00:00,28.742
2024-07-27 23:00:00,30.165
2024-02-19 23:00:00,33.905
2024-09-20 00:00:00,34.751
2024-07-06 20:00:00,30.794
2024-01-20 13:00:00,32.098
2024-04-05 03:00:00,31.836
2024-02-19 16:00:00,32.661
2024-01-05 10:00:00,37.168
2024-03-02 20:00:00,30.995
2024-11-19 04:00:00,37.807
2024-01-15 14:00:00,35.483
2024-06-16 11:00:00,27.864
2024-08-21 13:00:00,29.798
2024-02-22 12:00:00,31.79
2024-01-03 00:00:00,36.235
2024-12-07 16:00:00,37.011
2024-07-19 08:00:00,31.249
2024-03-01 03:00:00,35.862
2024-04-22 05:00:00,30.905
2024-06-26 03:00:00,30.044
2024-10-20 23:00:00,31.359
2024-11-14 11:00:00,35.679
2024-09-17 16:00:00,32.253
2024-11-23 12:00:00,33.285
2024-04-14 15:00:00,27.662
2024-07-27 04:00:00,28.292
2024-10-18 15:00:00,31.678
2024-05-30 08:00:00,31.437
2024-09-08 03:00:00,28.045
2024-03-12 02:00:00,32.231
2024-12-02 05:00:00,38.382
2024-06-07 08:00:00,29.093
2024-05-06 09:00:00,30.221
2024-04-25 11:00:00,30.968
2024-09-24 10:00:00,31.612
2024-12-24 17:00:00,37.104
2024-10-11 00:00:00,33.875
2024-03-19 11:00:00,30.902
2024-12-24 14:00:00,38.319
2024-03-29 13:00:00,31.721
2024-01-02 06:00:00,37.271
2024-04-06 02:00:00,31.055
2024-02-21 02:00:00,33.89
2024-08-25 17:00:00,26.794
2024-04-07 01:00:00,29.655
2024-05-22 05:00:00,32.923
2024-11-20 02:00:00,38.223
2024-01-08 05:00:00,37.229
2024-04-21 12:00:00,26.729
2024-12-16 19:00:00,35.508
2024-05-15 01:00:00,33.824
2024-07-25 11:00:00,28.449
2024-10-23 11:00:00,33.601
2024-11-21 22:00:00,36.226
2024-11-27 12:00:00,38.035
2024-09-07 13:00:00,28.219
2024-09-03 16:00:00,33.583
2024-10-02 22:00:00,35.107
2024-11-01 09:00:00,34.747
2024-10-01 11:00:00,33.127
2024-01-14 15:00:00,32.86
2024-02-03 15:00:00,31.475
2024-03-02 05:00:00,31.229
2024-09-11 06:00:00,30.716
2024-06-11 14:00:00,30.861
2024-11-18 09:00:00,36.996
2024-12-12 16:00:00,37.104
2024-10-16 22:00:00,33.146
2024-05-13 03:00:00,33.062
2024-01-21 13:00:00,33.462
2024-08-26 07:00:00,29.965
2024-09-14 14:00:00,29.028
2024-02-11 17:00:00,30.669
2024-04-06 13:00:00,27.666
2024-10-25 07:00:00,35.698
2024-09-08 23:00:00,29.517
2024-10-24 15:00:00,35.171
2024-02-10 12:00:00,31.144
2024-08-13 04:00:00,30.764
2024-11-08 04:00:00,36.873
2024-10-01 09:00:00,32.459
2024-08-29 07:00:00,30.922
2024-10-31 13:00:00,35.818
2024-12-07 11:00:00,32.04
2024-04-27 03:00:00,29.219
2024-01-17 00:00:00,36.164
2024-10-06 09:00:00,31.955
2024-07-17 21:00:00,34.649
2024-06-20 06:00:00,30.847
2024-03-10 07:00:00,31.499
2024-05-19 09:00:00,28.239
2024-03-11 21:00:00,33.982
2024-06-20 08:00:00,30.256
2024-10-12 23:00:00,30.878
2024-02-14 02:00:00,34.281
2024-01-27 16:00:00,31.93
2024-05-05 10:00:00,27.076
2024-09-18 01:00:00,31.756
2024-04-27 05:00:00,29.964
2024-11-24 13:00:00,31.411
2024-01-14 07:00:00,33.621
2024-02-19 10:00:00,35.741
2024-04-20 22:00:00,30.004
2024-11-28 19:00:00,34.957
2024-08-14 20:00:00,33.047
2024-03-12 12:00:00,31.132
2024-04-12 21:00:00,33.712
2024-09-09 14:00:00,33.901
2024-03-21 00:00:00,33.295
2024-05-10 23:00:00,31.394
2024-03-22 08:00:00,32.723
2024-12-21 15:00:00,33.512
2024-01-25 09:00:00,36.593
2024-10-07 09:00:00,33.205
2024-12-21 08:00:00,33.734
2024-12-25 22:00:00,34.902
2024-01-04 04:00:00,36.947
2024-09-20 22:00:00,31.966
2024-07-31 05:00:00,29.97
2024-12-26 15:00:00,36.262
2024-04-08 16:00:00,33.908
2024-01-27 01:00:00,35.412
2024-08-08 20:00:00,32.31
2024-09-13 01:00:00,33.168
2024-05-21 19:00:00,33.399
2024-06-03 17:00:00,31.898
2024-02-28 15:00:00,34.359
2024-03-20 09:00:00,32.422
2024-07-16 07:00:00,29.098
2024-01-16 15:00:00,36.418
2024-01-04 08:00:00,38.285
2024-03-31 10:00:00,29.113
2024-06-20 21:00:00,33.043
2024-12-26 08:00:00,38.922
2024-04-26 02:00:00,32.059
2024-04-26 09:00:00,32.42
2024-12-01 09:00:00,35.944
2024-08-16 08:00:00,30.425
2024-01-08 21:00:00,36.054
2024-08-21 19:00:00,34.305
2024-02-16 07:00:00,35.31
2024-04-30 12:00:00,30.273
2024-12-29 05:00:00,36.361
2024-10-28 11:00:00,34.28
2024-10-20 10:00:00,31.026
2024-03-26 19:00:00,35.558
2024-07-04 09:00:00,30.786
2024-12-28 18:00:00,33.58
2024-11-14 13:00:00,35.369
2024-04-03 16:00:00,32.541
2024-09-23 21:00:00,33.862
2024-02-27 15:00:00,32.951
2024-08-26 12:00:00,30.182
2024-11-04 20:00:00,34.114
2024-10-06 21:00:00,30.202
2024-10-01 15:00:00,31.34
2024-11-18 19:00:00,35.654
2024-12-27 20:00:00,36.398
2024-12-24 03:00:00,37.342
2024-09-16 18:00:00,31.97
2024-05-24 20:00:00,34.37
2024-12-08 11:00:00,36.805
2024-05-09 10:00:00,29.623
2024-08-19 22:00:00,32.721
2024-12-08 10:00:00,36.227
2024-03-28 22:00:00,33.818
2024-01-11 00:00:00,35.591
2024-03-04 05:00:00,33.65
2024-09-17 19:00:00,31.528
2024-11-05 03:00:00,36.524
2024-01-29 04:00:00,37.388
2024-06-03 06:00:00,31.547
2024-11-15 04:00:00,36.612
2024-09-06 03:00:00,31.491
2024-10-08 12:00:00,30.688
2024-02-06 09:00:00,36.38
2024-02-27 14:00:00,31.818
2024-02-20 05:00:00,35.609
2024-04-12 06:00:00,32.663
2024-10-20 09:00:00,32.347
2024-02-12 19:00:00,33.489
2024-08-01 03:00:00,31.865
2024-03-16 16:00:00,31.311
2024-11-25 19:00:00,36.225
2024-12-08 04:00:00,34.2
2024-05-22 22:00:00,33.135
2024-07-18 19:00:00,30.897
2024-04-27 22:00:00,30.042
2024-10-13 07:00:00,29.764
2024-06-14 05:00:00,32.796
2024-09-27 08:00:00,32.599
2024-05-07 07:00:00,31.362
2024-08-20 11:00:00,31.768
2024-01-27 04:00:00,34.999
2024-04-08 21:00:00,33.805
2024-11-25 16:00:00,34.759
2024-05-07 22:00:00,33.289
2024-04-08 15:00:00,31.701
2024-11-05 22:00:00,37.148
2024-10-06 23:00:00,30.516
2024-02-23 20:00:00,33.28
2024-11-28 23:00:00,39.0
2024-07-25 04:00:00,31.94
2024-04-27 06:00:00,27.714
2024-05-11 06:00:00,27.064
2024-10-10 20:00:00,33.487
2024-08-26 01:00:00,32.734
2024-04-27 18:00:00,30.249
2024-06-09 12:00:00,28.042
2024-04-18 22:00:00,34.252
2024-06-17 16:00:00,32.659
2024-07-26 14:00:00,30.333
2024-12-15 17:00:00,33.936
2024-05-30 17:00:00,32.876
2024-12-15 09:00:00,36.245
2024-03-09 22:00:00,30.293
2024-08-15 08:00:00,28.905
2024-01-06 20:00:00,34.939
2024-03-07 05:00:00,33.264
2024-10-01 05:00:00,32.186
2024-04-14 00:00:00,29.137
2024-09-29 05:00:00,29.481
2024-06-17 05:00:00,31.248
2024-02-24 16:00:00,29.241
2024-07-23 20:00:00,32.41
2024-11-30 23:00:00,33.648
2024-12-02 02:00:00,36.409
2024-02-14 13:00:00,33.653
2024-10-03 04:00:00,33.031
2024-02-17 08:00:00,30.946
2024-09-03 09:00:00,31.34
2024-06-29 05:00:00,28.038
2024-02-11 15:00:00,28.503
2024-04-23 03:00:00,31.948
2024-10-26 12:00:00,30.59
2024-05-13 08:00:00,31.527
2024-10-05 04:00:00,30.108
2024-12-16 15:00:00,37.02
2024-01-02 00:00:00,38.029
2024-08-05 06:00:00,30.039
2024-03-30 13:00:00,28.385
2024-07-15 20:00:00,34.172
2024-08-19 23:00:00,32.515
2024-01-11 21:00:00,36.869
2024-06-11 22:00:00,32.714
2024-08-16 12:00:00,29.656
2024-05-06 16:00:00,32.47
2024-05-17 09:00:00,32.224
2024-11-29 03:00:00,36.727
2024-10-04 01:00:00,33.915
2024-04-10 22:00:00,32.39
2024-05-25 10:00:00,25.352
2024-05-30 09:00:00,28.974
2024-03-11 15:00:00,31.751
2024-01-01 08:00:00,37.543
2024-08-25 14:00:00,28.601
2024-02-14 10:00:00,35.458
2024-03-20 06:00:00,32.911
2024-09-28 03:00:00,28.257
2024-07-26 17:00:00,32.936
2024-03-12 09:00:00,31.379
2024-05-07 13:00:00,32.286
2024-01-17 16:00:00,37.359
2024-12-02 17:00:00,35.894
2024-05-15 10:00:00,30.39
2024-03-24 02:00:00,28.463
2024-03-05 03:00:00,35.221
2024-12-17 00:00:00,37.453
2024-12-22 22:00:00,33.414
2024-08-07 21:00:00,33.8
2024-08-22 11:00:00,29.981
2024-06-21 06:00:00,31.516
2024-09-23 04:00:00,31.515
2024-10-12 19:00:00,31.363
2024-02-06 00:00:00,36.779
2024-03-17 00:00:00,31.073
2024-09-27 09:00:00,30.429
2024-11-01 22:00:00,35.415
2024-08-18 10:00:00,26.346
2024-09-29 08:00:00,29.62
2024-04-11 09:00:00,30.77
2024-09-26 15:00:00,33.068
2024-12-18 02:00:00,40.138
2024-04-28 03:00:00,30.133
2024-06-28 07:00:00,30.819
2024-05-18 16:00:00,30.371
2024-05-09 05:00:00,32.05
2024-05-20 02:00:00,32.938
2024-04-17 00:00:00,32.423
2024-08-03 05:00:00,27.32
2024-10-18 20:00:00,34.513
2024-09-15 00:00:00,29.235
2024-02-07 02:00:00,34.649
2024-07-17 13:00:00,29.866
2024-07-25 03:00:00,31.616
2024-11-09 23:00:00,32.645
2024-08-27 14:00:00,29.895
2024-01-30 02:00:00,35.448
2024-06-21 11:00:00,30.019
2024-01-13 05:00:00,32.88
2024-07-07 07:00:00,26.884
2024-06-17 23:00:00,32.249
2024-07-26 22:00:00,33.533
2024-04-23 12:00:00,31.432
2024-08-13 21:00:00,33.457
2024-04-05 17:00:00,32.733
2024-07-30 15:00:00,31.852
2024-06-06 20:00:00,34.246
2024-06-17 09:00:00,30.384
2024-02-16 08:00:00,35.44
2024-01-27 07:00:00,32.23
2024-09-09 15:00:00,31.572
2024-01-09 20:00:00,35.725
2024-06-17 22:00:00,33.323
2024-03-17 14:00:00,28.103
2024-03-08 01:00:00,33.288
2024-09-05 18:00:00,31.497
2024-08-12 07:00:00,29.411
2024-12-28 08:00:00,33.172
2024-10-13 13:00:00,29.059
2024-04-09 00:00:00,33.85
2024-01-09 06:00:00,37.466
2024-10-11 12:00:00,32.02
2024-12-14 04:00:00,35.471
2024-09-21 21:00:00,30.948
2024-08-11 18:00:00,28.552
2024-06-06 13:00:00,31.879
2024-10-08 18:00:00,34.61
2024-12-29 08:00:00,33.143
2024-08-18 18:00:00,28.925
2024-05-12 14:00:00,27.672
2024-09-22 07:00:00,31.687
2024-10-16 02:00:00,33.106
2024-07-11 11:00:00,32.609
2024-09-22 13:00:00,28.013
2024-06-14 20:00:00,33.652
2024-12-03 12:00:00,40.142
2024-06-13 08:00:00,30.581
2024-03-21 14:00:00,32.174
2024-05-27 07:00:00,31.146
2024-01-24 18:00:00,34.128
2024-07-18 10:00:00,28.601
2024-05-10 21:00:00,31.367
2024-07-29 18:00:00,31.882
2024-06-04 08:00:00,29.911
2024-09-02 15:00:00,31.695
2024-04-19 15:00:00,30.673
2024-01-13 07:00:00,35.317
2024-05-12 03:00:00,28.893
2024-04-29 20:00:00,32.143
2024-10-29 13:00:00,33.407
2024-12-25 16:00:00,35.077
2024-10-22 16:00:00,31.872
2024-06-30 04:00:00,29.129
2024-09-10 04:00:00,31.563
2024-07-23 21:00:00,32.535
2024-05-17 22:00:00,32.708
2024-02-20 04:00:00,35.341
2024-11-08 18:00:00,32.514
2024-01-24 15:00:00,35.987
2024-04-11 22:00:00,34.193
2024-05-05 00:00:00,30.997
2024-08-28 00:00:00,32.726
2024-04-11 15:00:00,32.267
2024-10-14 03:00:00,34.007
2024-10-25 03:00:00,37.255
2024-11-13 23:00:00,36.189
2024-03-27 21:00:00,34.166
2024-04-14 13:00:00,28.895
2024-05-30 23:00:00,31.319
2024-09-23 19:00:00,33.763
2024-10-30 19:00:00,35.466
2024-11-24 18:00:00,32.205
2024-03-09 13:00:00,29.548
2024-07-10 03:00:00,32.224
2024-11-09 05:00:00,32.901
2024-06-07 23:00:00,33.423
2024-04-11 08:00:00,31.535
2024-02-01 06:00:00,36.772
2024-09-28 12:00:00,27.865
2024-02-18 09:00:00,31.638
2024-10-05 20:00:00,29.334
2024-06-15 17:00:00,28.549
2024-10-04 18:00:00,34.146
2024-09-06 07:00:00,31.085
2024-03-27 10:00:00,31.516
2024-01-12 13:00:00,36.368
2024-06-26 06:00:00,28.221
2024-02-17 18:00:00,29.05
2024-01-13 06:00:00,33.982
2024-11-07 05:00:00,36.741
2024-02-10 17:00:00,32.684
2024-06-30 11:00:00,26.178
2024-09-19 14:00:00,30.903
2024-03-14 09:00:00,32.996
2024-05-05 18:00:00,29.485
2024-10-07 15:00:00,31.538
2024-02-18 16:00:00,30.77
2024-05-26 13:00:00,27.376
2024-04-06 10:00:00,28.304
2024-05-18 12:00:00,27.254
2024-05-27 17:00:00,34.02
2024-12-26 01:00:00,40.402
2024-10-28 21:00:00,34.535
2024-10-16 03:00:00,33.796
2024-02-27 01:00:00,34.531
2024-11-26 03:00:00,36.443
2024-02-07 16:00:00,33.244
2024-10-03 02:00:00,34.488
2024-07-11 01:00:00,31.567
2024-06-22 11:00:00,28.474
2024-04-17 17:00:00,32.424
2024-11-25 13:00:00,34.269
2024-11-14 22:00:00,33.37
2024-12-30 00:00:00,38.221
2024-02-24 18:00:00,29.557
2024-11-14 15:00:00,34.055
2024-06-19 05:00:00,30.174
2024-06-12 03:00:00,30.241
2024-03-12 22:00:00,33.957
2024-04-08 05:00:00,33.677
2024-11-11 19:00:00,36.328
2024-12-11 23:00:00,37.122
2024-09-02 06:00:00,32.189
2024-12-08 01:00:00,33.768
2024-11-04 17:00:00,33.063
2024-11-09 17:00:00,33.718
2024-12-08 17:00:00,33.197
2024-07-03 14:00:00,31.163
2024-09-18 05:00:00,30.539
2024-09-08 08:00:00,28.85
2024-12-12 05:00:00,37.919
2024-10-28 15:00:00,33.855
2024-02-28 05:00:00,34.585
2024-02-21 20:00:00,35.374
2024-02-04 17:00:00,31.313
2024-01-07 05:00:00,34.277
2024-05-31 23:00:00,33.337
2024-08-07 12:00:00,29.899
2024-04-07 20:00:00,29.49
2024-11-20 17:00:00,34.415
2024-08-08 08:00:00,31.909
2024-01-08 16:00:00,36.194
2024-02-06 23:00:00,33.802
2024-02-08 08:00:00,33.549
2024-09-03 10:00:00,29.906
2024-03-02 23:00:00,32.269
2024-05-01 22:00:00,33.245
2024-09-28 20:00:00,30.011
2024-08-21 18:00:00,30.09
2024-09-05 16:00:00,32.203
2024-05-31 10:00:00,29.942
2024-11-23 00:00:00,32.517
2024-12-08 16:00:00,32.34
2024-12-18 00:00:00,38.253
2024-10-18 11:00:00,34.263
2024-01-29 00:00:00,35.631
2024-03-20 12:00:00,30.415
2024-03-28 20:00:00,33.132
2024-08-27 06:00:00,31.173
2024-03-25 19:00:00,34.249
2024-08-28 17:00:00,33.156
2024-04-02 23:00:00,35.784
2024-01-12 00:00:00,35.504
2024-05-17 11:00:00,30.863
2024-08-13 19:00:00,32.775
2024-04-14 08:00:00,28.686
2024-07-14 12:00:00,26.512
2024-06-23 12:00:00,27.125
2024-02-28 19:00:00,33.203
2024-03-11 20:00:00,35.034
2024-05-06 06:00:00,30.903
2024-11-13 03:00:00,39.557
2024-08-29 03:00:00,30.013
2024-01-09 17:00:00,33.892
2024-12-29 04:00:00,36.07
2024-10-10 00:00:00,34.746
2024-04-03 18:00:00,35.241
2024-04-09 19:00:00,33.071
2024-11-05 07:00:00,35.838
2024-03-03 12:00:00,28.87
2024-04-05 11:00:00,32.887
2024-11-09 02:00:00,34.622
2024-02-15 04:00:00,34.965
2024-02-22 19:00:00,33.669
2024-02-16 05:00:00,33.881
2024-05-27 19:00:00,34.051
2024-04-24 13:00:00,32.122
2024-05-23 22:00:00,32.473
2024-07-16 02:00:00,32.591
2024-10-24 13:00:00,32.764
2024-04-30 02:00:00,32.303
2024-05-23 05:00:00,29.207
2024-07-29 04:00:00,31.728
2024-09-24 03:00:00,34.457
2024-05-18 10:00:00,29.418
2024-06-14 06:00:00,31.791
2024-12-10 10:00:00,37.317
2024-09-17 18:00:00,32.864
2024-02-03 17:00:00,31.33
2024-05-12 02:00:00,28.432
2024-05-06 04:00:00,32.044
2024-04-29 19:00:00,31.281
2024-05-15 14:00:00,29.475
2024-06-14 15:00:00,31.282
2024-05-06 05:00:00,33.535
2024-12-27 13:00:00,36.315
2024-12-17 16:00:00,36.607
2024-08-07 06:00:00,30.535
2024-01-03 03:00:00,38.23
2024-09-25 17:00:00,32.252
2024-01-26 06:00:00,36.321
2024-09-16 08:00:00,31.474
2024-11-16 08:00:00,34.936
2024-08-01 21:00:00,32.982
2024-08-24 14:00:00,27.445
2024-10-13 06:00:00,31.341
2024-07-05 01:00:00,31.416
2024-05-11 10:00:00,27.614
2024-03-23 01:00:00,30.347
2024-04-23 01:00:00,32.664
2024-08-20 10:00:00,29.993
2024-02-26 18:00:00,32.238
2024-03-04 02:00:00,33.654
2024-03-30 16:00:00,30.171
2024-12-09 02:00:00,36.527
2024-01-05 16:00:00,37.334
2024-11-29 14:00:00,35.909
2024-01-08 00:00:00,36.577
2024-04-06 18:00:00,31.062
2024-11-09 01:00:00,34.18
2024-08-25 07:00:00,27.528
2024-07-13 15:00:00,26.995
2024-10-26 21:00:00,32.141
2024-03-26 02:00:00,32.152
2024-12-29 13:00:00,32.794
2024-11-18 01:00:00,36.575
2024-04-18 10:00:00,30.259
2024-11-12 01:00:00,36.256
2024-06-26 08:00:00,30.88
2024-02-21 21:00:00,35.202
2024-02-26 10:00:00,34.895
2024-06-05 14:00:00,29.954
2024-08-12 09:00:00,31.037
2024-06-25 11:00:00,29.341
2024-02-18 05:00:00,30.579
2024-05-27 09:00:00,30.21
2024-12-01 19:00:00,34.658
2024-05-18 14:00:00,26.58
2024-10-28 04:00:00,34.845
2024-01-21 17:00:00,33.152
2024-02-16 11:00:00,32.933
2024-04-13 11:00:00,27.011
2024-02-05 13:00:00,32.986
2024-12-01 17:00:00,32.999
2024-07-03 19:00:00,33.379
2024-09-29 03:00:00,29.214
2024-12-15 12:00:00,36.042
2024-04-04 02:00:00,32.841
2024-06-11 11:00:00,30.589
2024-01-03 05:00:00,37.656
2024-06-18 05:00:00,32.062
2024-10-15 11:00:00,34.11
2024-08-20 21:00:00,30.917
2024-10-10 09:00:00,35.524
2024-09-29 02:00:00,28.188
2024-01-07 18:00:00,32.497
2024-03-31 17:00:00,29.326
2024-09-19 02:00:00,34.197
2024-10-03 18:00:00,31.343
2024-12-14 06:00:00,34.768
2024-06-15 11:00:00,29.507
2024-07-15 11:00:00,30.181
2024-06-03 04:00:00,31.818
2024-07-31 03:00:00,32.886
2024-04-16 08:00:00,30.733
2024-11-12 11:00:00,36.007
2024-08-25 09:00:00,29.1
2024-04-28 09:00:00,27.141
2024-11-26 12:00:00,36.65
2024-02-20 12:00:00,32.689
2024-07-24 00:00:00,35.098
2024-06-26 15:00:00,29.931
2024-05-11 01:00:00,28.9
2024-09-11 01:00:00,32.79
2024-07-04 08:00:00,30.955
2024-11-05 21:00:00,33.983
2024-12-10 18:00:00,36.652
2024-06-09 08:00:00,25.006
2024-06-15 10:00:00,28.537
2024-12-30 20:00:00,35.586
2024-07-10 01:00:00,34.187
2024-05-29 15:00:00,32.173
2024-12-21 11:00:00,34.464
2024-04-25 05:00:00,30.753
2024-10-15 12:00:00,36.054
2024-11-20 16:00:00,35.699
2024-01-22 11:00:00,35.551
2024-12-15 14:00:00,34.478
2024-04-22 21:00:00,34.186
2024-01-15 20:00:00,36.675
2024-10-17 02:00:00,34.475
2024-11-28 15:00:00,33.532
2024-04-17 22:00:00,33.322
2024-04-22 22:00:00,33.556
2024-08-17 05:00:00,28.973
2024-01-23 01:00:00,36.158
2024-05-18 08:00:00,27.399
2024-11-15 23:00:00,36.486
2024-01-03 11:00:00,37.748
2024-02-09 12:00:00,35.362
2024-08-14 15:00:00,28.432
2024-10-30 11:00:00,35.763
2024-01-12 17:00:00,33.834
2024-08-07 23:00:00,31.919
2024-05-19 12:00:00,27.835
2024-03-08 21:00:00,34.474
2024-04-25 22:00:00,32.084
2024-06-23 04:00:00,29.399
2024-12-31 14:00:00,36.543
2024-10-28 16:00:00,33.943
2024-11-30 19:00:00,30.343
2024-12-01 13:00:00,33.003
2024-01-19 19:00:00,34.207
2024-05-28 23:00:00,35.353
2024-08-13 22:00:00,33.231
2024-04-23 20:00:00,33.087
2024-12-09 15:00:00,37.867
2024-11-02 07:00:00,32.949
2024-02-23 04:00:00,33.308
2024-02-23 11:00:00,33.474
2024-06-17 15:00:00,34.044
2024-12-19 22:00:00,38.061
2024-03-04 18:00:00,33.7
2024-06-17 01:00:00,33.197
2024-10-28 06:00:00,35.73
2024-02-03 13:00:00,31.407
2024-01-28 04:00:00,33.977
2024-03-04 17:00:00,33.188
2024-04-16 10:00:00,31.785
2024-06-05 05:00:00,31.615
2024-10-12 14:00:00,28.925
2024-11-10 12:00:00,31.02
2024-01-03 01:00:00,40.57
2024-08-24 02:00:00,30.826
2024-04-22 03:00:00,32.686
2024-08-23 14:00:00,29.12
2024-05-07 06:00:00,30.606
2024-11-25 12:00:00,34.845
2024-02-03 09:00:00,32.981
2024-12-09 12:00:00,37.073
2024-02-26 23:00:00,34.094
2024-08-13 06:00:00,31.03
2024-09-16 11:00:00,29.535
2024-10-18 09:00:00,31.647
2024-01-18 16:00:00,34.812
2024-04-12 16:00:00,32.917
2024-01-01 00:00:00,36.593
2024-12-04 18:00:00,37.456
2024-07-09 08:00:00,30.6
2024-09-08 20:00:00,30.984
2024-07-30 08:00:00,29.637
2024-03-25 18:00:00,32.318
2024-02-22 21:00:00,35.714
2024-01-08 08:00:00,37.413
2024-02-12 14:00:00,33.608
2024-10-29 23:00:00,33.291
2024-01-22 08:00:00,37.012
2024-10-05 08:00:00,30.069
2024-02-23 14:00:00,35.461
2024-10-21 07:00:00,35.533
2024-03-01 22:00:00,34.616
2024-04-10 09:00:00,30.067
2024-09-03 04:00:00,31.851
2024-08-06 03:00:00,32.001
2024-11-03 06:00:00,33.391
2024-09-04 23:00:00,33.326
2024-09-29 15:00:00,27.471
2024-04-09 08:00:00,29.912
2024-02-01 22:00:00,33.262
2024-02-26 04:00:00,35.21
2024-06-06 17:00:00,33.487
2024-04-13 10:00:00,27.571
2024-08-13 16:00:00,30.966
2024-02-13 22:00:00,34.18
2024-08-13 13:00:00,31.365
2024-06-15 16:00:00,29.131
2024-12-07 05:00:00,36.596
2024-10-18 07:00:00,34.285
2024-10-05 02:00:00,30.988
2024-04-12 07:00:00,29.916
2024-08-11 06:00:00,26.353
2024-09-25 20:00:00,31.802
2024-09-25 08:00:00,33.0
2024-01-23 04:00:00,37.091
2024-12-10 12:00:00,37.298
2024-03-11 09:00:00,32.729
2024-02-18 18:00:00,29.911
2024-01-16 20:00:00,36.937
2024-03-18 18:00:00,33.805
2024-12-14 02:00:00,33.26
2024-05-19 10:00:00,28.098
2024-10-24 05:00:00,34.271
2024-04-21 17:00:00,29.79
2024-11-29 06:00:00,37.637
2024-02-08 18:00:00,34.222
2024-04-19 10:00:00,30.19
2024-04-15 06:00:00,31.889
2024-12-30 11:00:00,37.411
2024-04-20 15:00:00,28.338
2024-10-19 01:00:00,30.775
2024-01-18 11:00:00,36.885
2024-07-15 17:00:00,31.098
2024-06-03 18:00:00,
2024-09-14 15:00:00,30.304
2024-03-02 16:00:00,29.708
2024-02-14 03:00:00,35.942
2024-03-23 02:00:00,30.007
2024-06-23 00:00:00,30.119
2024-10-22 10:00:00,34.135
2024-01-04 01:00:00,36.647
2024-09-05 20:00:00,32.691
2024-05-12 05:00:00,28.704
2024-04-18 12:00:00,32.801
2024-11-24 01:00:00,35.829
2024-04-30 00:00:00,32.959
2024-02-22 04:00:00,37.182
2024-07-02 02:00:00,32.391
2024-11-02 04:00:00,34.557
2024-12-02 09:00:00,37.142
2024-12-18 12:00:00,37.49
2024-03-19 22:00:00,33.912
2024-04-18 06:00:00,31.086
2024-10-05 13:00:00,29.976
2024-03-18 16:00:00,31.743
2024-03-01 21:00:00,33.582
2024-07-10 19:00:00,33.155
2024-02-19 05:00:00,
2024-12-14 14:00:00,32.836
2024-01-21 08:00:00,32.52
2024-02-16 20:00:00,35.002
2024-02-22 09:00:00,34.674
2024-03-05 05:00:00,32.897
2024-01-17 04:00:00,37.148
2024-12-05 01:00:00,37.464
2024-05-07 17:00:00,32.187
2024-06-12 07:00:00,30.949
2024-11-06 03:00:00,36.57
2024-04-02 03:00:00,32.772
2024-02-23 18:00:00,32.916
2024-04-14 14:00:00,28.927
2024-09-29 18:00:00,29.492
2024-05-04 19:00:00,28.69
2024-07-25 13:00:00,31.322
2024-04-17 06:00:00,31.88
2024-10-04 00:00:00,32.985
2024-01-19 23:00:00,36.443
2024-09-24 19:00:00,32.157
2024-02-03 23:00:00,32.751
2024-02-15 06:00:00,34.055
2024-05-01 16:00:00,30.864
2024-04-19 22:00:00,32.089
2024-11-23 18:00:00,32.071
2024-08-24 08:00:00,28.271
2024-09-15 16:00:00,29.315
2024-05-10 10:00:00,29.775
2024-12-27 14:00:00,36.009
2024-07-15 03:00:00,31.326
2024-02-23 07:00:00,35.577
2024-07-14 20:00:00,30.686
2024-02-29 13:00:00,31.959
2024-04-25 17:00:00,30.902
2024-04-02 14:00:00,33.534
2024-01-15 16:00:00,34.71
2024-10-22 17:00:00,33.866
2024-07-03 03:00:00,31.877
2024-08-28 03:00:00,31.183
2024-08-08 00:00:00,31.707
2024-06-03 23:00:00,33.212
2024-12-05 23:00:00,39.087
2024-05-21 05:00:00,31.986
2024-08-27 15:00:00,30.177
2024-06-10 09:00:00,30.007
2024-09-19 06:00:00,32.268
2024-03-27 18:00:00,34.236
2024-02-20 03:00:00,33.638
2024-02-28 13:00:00,33.264
2024-12-05 19:00:00,35.769
2024-03-11 19:00:00,34.471
2024-03-12 01:00:00,33.655
2024-05-01 09:00:00,30.686
2024-09-13 19:00:00,33.329
2024-07-15 14:00:00,32.002
2024-10-22 08:00:00,35.429
2024-12-16 06:00:00,37.292
2024-08-16 17:00:00,31.044
2024-07-22 06:00:00,32.676
2024-09-03 23:00:00,32.68
2024-02-23 02:00:00,33.592
2024-04-01 23:00:00,34.29
2024-10-28 01:00:00,35.686
2024-01-07 19:00:00,34.566
2024-08-31 17:00:00,28.986
2024-03-26 07:00:00,31.443
2024-11-12 15:00:00,36.445
2024-11-01 00:00:00,33.47
2024-10-17 06:00:00,34.464
2024-09-21 06:00:00,28.823
2024-05-16 16:00:00,30.553
2024-05-20 00:00:00,32.354
2024-06-02 16:00:00,30.249
2024-12-17 12:00:00,37.44
2024-12-05 09:00:00,38.046
2024-01-18 00:00:00,35.819
2024-06-25 14:00:00,30.788
2024-06-20 14:00:00,30.41
2024-09-21 12:00:00,27.447
2024-11-21 18:00:00,35.726
2024-09-01 10:00:00,27.95
2024-12-01 02:00:00,33.895
2024-07-31 13:00:00,29.703
2024-01-27 17:00:00,29.314
2024-11-05 09:00:00,36.489
2024-10-08 06:00:00,31.958
2024-02-25 23:00:00,31.057
2024-07-05 16:00:00,31.695
2024-02-07 00:00:00,33.708
2024-03-05 21:00:00,35.166
2024-02-15 05:00:00,34.113
2024-06-12 15:00:00,31.725
2024-09-20 04:00:00,31.516
2024-01-23 03:00:00,36.806
2024-05-05 08:00:00,28.793
2024-09-04 21:00:00,33.056
2024-09-08 07:00:00,26.856
2024-10-29 01:00:00,35.535
2024-04-11 23:00:00,33.993
2024-12-23 21:00:00,35.831
2024-03-15 19:00:00,33.954
2024-10-09 16:00:00,33.089
2024-11-28 14:00:00,37.332
2024-09-08 04:00:00,28.885
2024-04-25 07:00:00,31.887
2024-03-10 15:00:00,30.158
2024-09-29 06:00:00,
2024-10-21 23:00:00,32.947
2024-03-28 21:00:00,33.433
2024-09-18 18:00:00,32.964
2024-02-17 20:00:00,30.47
2024-07-22 10:00:00,28.764
2024-08-24 17:00:00,27.784
2024-05-11 22:00:00,29.191
2024-01-12 02:00:00,35.518
2024-06-05 19:00:00,34.299
2024-02-03 19:00:00,32.195
2024-06-04 16:00:00,31.373
2024-01-16 00:00:00,35.921
2024-03-01 20:00:00,35.039
2024-05-22 13:00:00,30.715
2024-02-09 16:00:00,32.966
2024-03-31 00:00:00,30.566
2024-12-24 02:00:00,36.714
2024-03-15 23:00:00,34.516
2024-11-01 19:00:00,34.236
2024-10-10 03:00:00,33.063
2024-03-06 14:00:00,32.069
2024-10-18 16:00:00,32.603
2024-09-09 03:00:00,31.603
2024-12-11 20:00:00,34.754
2024-05-19 01:00:00,29.962
2024-12-19 12:00:00,34.973
2024-12-13 07:00:00,38.855
2024-08-01 13:00:00,30.706
2024-08-14 03:00:00,31.53
2024-03-17 18:00:00,31.259
2024-04-02 00:00:00,33.754
2024-05-04 03:00:00,28.564
2024-05-23 04:00:00,30.054
2024-11-28 16:00:00,34.585
2024-02-01 10:00:00,36.407
2024-08-09 03:00:00,30.79
2024-02-27 10:00:00,34.382
2024-09-30 12:00:00,31.113
2024-02-10 20:00:00,30.501
2024-03-28 12:00:00,32.178
2024-01-12 22:00:00,35.896
2024-10-07 04:00:00,32.855
2024-05-27 05:00:00,30.749
2024-05-08 16:00:00,32.678
2024-09-18 12:00:00,31.712
2024-10-02 18:00:00,30.502
2024-02-18 02:00:00,30.119
2024-08-03 15:00:00,27.07
2024-10-23 00:00:00,33.333
2024-03-03 23:00:00,30.859
2024-12-02 06:00:00,36.979
2024-06-25 07:00:00,30.844
2024-05-15 21:00:00,32.451
2024-11-20 05:00:00,37.695
2024-04-01 07:00:00,31.794
2024-01-09 19:00:00,33.519
2024-12-09 00:00:00,38.288
2024-05-11 20:00:00,29.825
2024-01-12 10:00:00,37.047
2024-11-24 23:00:00,33.642
2024-01-04 16:00:00,35.892
2024-04-26 14:00:00,31.571
2024-04-06 20:00:00,30.864
2024-01-13 10:00:00,32.203
2024-10-03 17:00:00,31.412
2024-07-13 07:00:00,27.491
2024-06-02 02:00:00,30.062
2024-04-06 05:00:00,29.147
2024-06-06 08:00:00,29.861
2024-11-24 03:00:00,33.322
2024-01-14 03:00:00,35.025
2024-05-01 11:00:00,30.155
2024-03-30 15:00:00,29.04
2024-05-17 00:00:00,32.619
2024-05-09 21:00:00,31.9
2024-07-11 10:00:00,28.965
2024-03-25 04:00:00,32.13
2024-12-07 00:00:00,35.288
2024-05-03 22:00:00,33.07
2024-02-23 03:00:00,33.146
2024-10-30 05:00:00,36.233
2024-04-10 13:00:00,31.078
2024-10-12 08:00:00,29.982
2024-01-23 00:00:00,35.622
2024-09-14 20:00:00,29.97
2024-07-02 12:00:00,29.526
2024-03-03 17:00:00,30.549
2024-05-29 22:00:00,34.403
2024-10-01 16:00:00,32.023
2024-08-15 22:00:00,33.613
2024-10-06 19:00:00,30.574
2024-08-05 22:00:00,34.293
2024-08-08 19:00:00,32.337
2024-06-02 09:00:00,26.491
2024-10-31 20:00:00,34.342
2024-02-24 22:00:00,31.124
2024-10-07 23:00:00,33.599
2024-09-24 20:00:00,30.93
2024-05-20 20:00:00,33.863
2024-07-24 09:00:00,30.106
2024-10-22 05:00:00,34.355
2024-09-15 14:00:00,28.55
2024-08-28 18:00:00,31.634
2024-05-06 10:00:00,29.489
2024-09-22 23:00:00,28.704
2024-04-09 04:00:00,32.278
2024-07-19 11:00:00,30.367
2024-09-11 04:00:00,31.265
2024-12-07 08:00:00,
2024-06-28 15:00:00,31.339
2024-04-19 00:00:00,32.752
2024-02-18 14:00:00,30.086
2024-07-15 21:00:00,31.86
2024-05-24 15:00:00,30.981
2024-11-27 07:00:00,38.123
2024-04-04 05:00:00,32.432
2024-12-22 21:00:00,35.252
2024-12-07 18:00:00,32.962
2024-09-16 20:00:00,33.167
2024-04-29 15:00:00,33.528
2024-09-05 05:00:00,32.526
2024-02-20 22:00:00,33.883
2024-09-05 23:00:00,34.212
2024-12-01 11:00:00,35.559
2024-10-02 04:00:00,34.045
2024-11-12 09:00:00,36.006
2024-06-26 07:00:00,30.219
2024-10-13 19:00:00,30.113
2024-03-23 14:00:00,28.414
2024-12-13 21:00:00,37.138
2024-09-15 07:00:00,28.882
2024-06-16 12:00:00,29.259
2024-01-16 11:00:00,35.874
2024-05-25 02:00:00,30.36
2024-10-21 10:00:00,34.464
2024-03-29 19:00:00,33.348
2024-05-22 10:00:00,30.0
2024-05-22 16:00:00,30.193
2024-03-05 02:00:00,34.23
2024-12-26 00:00:00,37.153
2024-09-30 19:00:00,31.442
2024-09-25 01:00:00,32.637
2024-04-24 08:00:00,30.337
2024-03-05 17:00:00,32.518
2024-06-29 15:00:00,27.485
2024-08-18 05:00:00,29.711
2024-09-10 02:00:00,33.044
2024-11-01 21:00:00,34.777
2024-04-27 09:00:00,27.766
2024-09-29 17:00:00,29.077
2024-11-27 21:00:00,35.642
2024-09-19 10:00:00,30.545
2024-01-26 18:00:00,33.449
2024-04-09 05:00:00,32.257
2024-08-04 02:00:00,27.456
2024-07-01 23:00:00,33.483
2024-07-07 14:00:00,29.724
2024-07-01 07:00:00,29.728
2024-05-26 20:00:00,31.411
2024-04-19 13:00:00,31.135
2024-07-29 05:00:00,31.918
2024-11-06 07:00:00,35.723
2024-06-20 19:00:00,33.891
2024-12-12 23:00:00,37.95
2024-10-23 06:00:00,35.066
2024-04-25 06:00:00,32.455
2024-11-14 06:00:00,34.237
2024-06-11 07:00:00,31.518
2024-03-10 00:00:00,32.049
2024-07-19 18:00:00,33.885
2024-10-07 19:00:00,33.332
2024-02-10 09:00:00,32.77
2024-03-17 19:00:00,29.069
2024-10-12 02:00:00,29.104
2024-05-06 00:00:00,33.903
2024-05-11 07:00:00,27.542
2024-12-23 07:00:00,37.0
2024-05-21 02:00:00,31.862
2024-06-10 00:00:00,34.769
2024-09-10 21:00:00,33.646
2024-07-29 06:00:00,31.591
2024-02-20 11:00:00,34.293
2024-12-04 03:00:00,37.963
2024-02-29 12:00:00,31.88
2024-12-17 15:00:00,36.757
2024-01-18 18:00:00,36.875
2024-06-19 14:00:00,30.866
2024-08-20 06:00:00,31.384
2024-06-26 23:00:00,34.041
2024-03-21 03:00:00,34.778
2024-09-16 07:00:00,30.76
2024-07-14 09:00:00,27.551
2024-05-21 11:00:00,30.535
2024-12-31 16:00:00,37.452
2024-12-18 14:00:00,35.863
2024-01-17 20:00:00,35.483
2024-01-21 11:00:00,30.573
2024-12-16 02:00:00,38.006
2024-05-25 14:00:00,27.875
2024-09-14 09:00:00,28.637
2024-10-14 10:00:00,34.383
2024-02-04 08:00:00,34.041
2024-04-15 22:00:00,31.763
2024-10-16 07:00:00,33.489
2024-12-20 02:00:00,38.624
2024-06-02 01:00:00,30.257
2024-07-24 23:00:00,31.499
2024-04-26 06:00:00,32.296
2024-11-22 07:00:00,37.157
2024-05-26 11:00:00,
2024-05-20 08:00:00,30.779
2024-10-19 23:00:00,29.898
2024-12-26 07:00:00,38.024
2024-08-29 23:00:00,32.784
2024-07-26 01:00:00,31.427
2024-03-15 12:00:00,32.4
2024-10-19 11:00:00,31.953
2024-12-05 20:00:00,36.267
2024-09-23 03:00:00,32.567
2024-11-13 12:00:00,36.679
2024-08-15 18:00:00,31.944
2024-04-01 03:00:00,32.433
2024-11-04 02:00:00,35.602
2024-03-30 09:00:00,28.396
2024-07-06 17:00:00,29.414
2024-09-13 12:00:00,30.088
2024-11-14 20:00:00,35.952
2024-09-26 10:00:00,33.443
2024-09-29 20:00:00,29.172
2024-05-15 06:00:00,30.441
2024-10-28 17:00:00,35.401
2024-11-02 19:00:00,30.715
2024-11-11 07:00:00,38.252
2024-10-16 00:00:00,33.042
2024-11-07 12:00:00,36.595
2024-03-17 17:00:00,31.194
2024-07-29 07:00:00,31.938
2024-08-13 00:00:00,31.559
2024-02-20 09:00:00,33.59
2024-09-27 07:00:00,33.712
2024-02-10 14:00:00,32.44
2024-01-20 18:00:00,31.158
2024-05-17 23:00:00,33.592
2024-01-09 23:00:00,34.732
2024-01-28 08:00:00,34.226
2024-07-10 12:00:00,30.516
2024-05-14 19:00:00,33.535
2024-04-14 23:00:00,29.823
2024-03-06 23:00:00,34.336
2024-09-22 21:00:00,29.19
2024-08-26 18:00:00,32.946
2024-09-12 12:00:00,31.226
2024-07-12 02:00:00,30.036
2024-01-06 01:00:00,35.013
2024-02-17 02:00:00,34.035
2024-05-06 14:00:00,31.273
2024-11-06 08:00:00,33.98
2024-03-26 23:00:00,35.207
2024-10-25 00:00:00,33.934
2024-07-29 20:00:00,32.422
2024-10-19 10:00:00,29.677
2024-07-10 08:00:00,29.007
2024-07-02 15:00:00,30.336
2024-01-06 11:00:00,34.302
2024-06-30 03:00:00,30.479
2024-12-08 13:00:00,33.188
2024-08-13 10:00:00,31.15
2024-05-28 14:00:00,29.424
2024-10-26 15:00:00,28.521
2024-02-25 21:00:00,31.95
2024-04-01 00:00:00,33.614
2024-12-03 13:00:00,35.569
2024-07-16 15:00:00,32.473
2024-01-25 18:00:00,33.832
2024-12-17 18:00:00,36.449
2024-12-14 22:00:00,32.442
2024-10-07 08:00:00,34.418
2024-02-03 18:00:00,30.4
2024-01-11 07:00:00,37.903
2024-11-23 09:00:00,35.812
2024-07-01 06:00:00,30.848
2024-09-27 23:00:00,32.323
2024-01-02 05:00:00,36.939
2024-02-16 15:00:00,32.451
2024-05-20 03:00:00,30.982
2024-10-25 10:00:00,34.002
2024-08-30 19:00:00,32.309
2024-11-11 10:00:00,35.813
2024-11-04 15:00:00,33.339
2024-09-27 14:00:00,32.099
2024-11-11 13:00:00,33.014
2024-07-20 18:00:00,29.465
2024-09-22 22:00:00,29.765
2024-04-26 08:00:00,29.349
2024-10-29 17:00:00,34.943
2024-09-14 03:00:00,29.639
2024-09-05 21:00:00,30.321
2024-06-25 19:00:00,33.635
2024-07-17 03:00:00,29.89
2024-12-03 09:00:00,36.976
2024-03-23 06:00:00,28.36
2024-12-26 11:00:00,36.905
2024-07-13 10:00:00,26.673
2024-01-27 09:00:00,32.159
2024-01-02 22:00:00,36.868
2024-04-26 15:00:00,33.079
2024-07-16 17:00:00,31.669
2024-09-06 06:00:00,31.668
2024-12-04 10:00:00,35.413
2024-02-06 04:00:00,35.29
2024-10-01 23:00:00,33.806
2024-07-26 18:00:00,31.105
2024-02-25 00:00:00,31.553
2024-11-17 07:00:00,34.963
2024-10-26 19:00:00,30.748
2024-12-10 17:00:00,35.524
2024-07-24 03:00:00,30.755
2024-10-25 13:00:00,33.815
2024-03-05 07:00:00,34.649
2024-11-13 05:00:00,37.639
2024-07-25 19:00:00,33.218
2024-08-27 22:00:00,32.778
2024-09-11 23:00:00,32.746
2024-06-21 01:00:00,33.306
2024-09-04 11:00:00,31.312
2024-05-28 07:00:00,30.495
2024-08-17 16:00:00,27.797
2024-06-24 17:00:00,35.175
2024-04-14 07:00:00,28.482
2024-08-02 17:00:00,31.832
2024-05-28 15:00:00,31.524
2024-07-14 13:00:00,28.375
2024-05-07 10:00:00,29.488
2024-02-05 20:00:00,35.698
2024-06-20 01:00:00,33.663
2024-03-30 02:00:00,31.841
2024-10-27 18:00:00,28.944
2024-03-23 16:00:00,30.012
2024-07-22 13:00:00,30.667
2024-04-06 06:00:00,29.954
2024-04-24 23:00:00,33.914
2024-04-15 11:00:00,31.149
2024-10-17 15:00:00,32.525
2024-10-31 23:00:00,36.097
2024-09-19 04:00:00,34.295
2024-02-05 08:00:00,37.442
2024-02-21 19:00:00,32.413
2024-11-10 22:00:00,33.591
2024-07-15 09:00:00,30.219
2024-06-22 22:00:00,30.72
2024-06-26 22:00:00,33.82
2024-08-09 21:00:00,31.39
2024-09-27 22:00:00,33.239
2024-05-06 21:00:00,32.35
2024-09-14 11:00:00,27.34
2024-02-19 04:00:00,34.996
2024-05-24 04:00:00,31.422
2024-06-29 10:00:00,27.378
2024-11-24 06:00:00,34.895
2024-04-08 19:00:00,32.702
2024-01-01 02:00:00,35.84
2024-10-25 22:00:00,34.148
2024-12-26 23:00:00,36.606
2024-07-16 01:00:00,33.275
2024-03-14 03:00:00,32.798
2024-06-16 03:00:00,28.323
2024-08-20 04:00:00,31.489
2024-11-05 01:00:00,35.435
2024-10-16 23:00:00,33.249
2024-02-13 16:00:00,32.41
2024-08-10 08:00:00,26.31
2024-02-29 02:00:00,34.345
2024-07-28 18:00:00,29.593
2024-07-06 03:00:00,29.685
2024-12-21 19:00:00,31.851
2024-02-05 22:00:00,34.457
2024-06-09 23:00:00,29.498
2024-12-08 14:00:00,33.58
2024-07-19 10:00:00,28.625
2024-04-16 07:00:00,31.745
2024-08-31 21:00:00,30.938
2024-12-30 06:00:00,38.795
2024-04-11 07:00:00,32.079
2024-06-07 05:00:00,32.831
2024-01-13 22:00:00,33.054
2024-03-08 10:00:00,31.753
2024-02-15 12:00:00,31.915
2024-03-21 20:00:00,33.942
2024-10-20 16:00:00,30.234
2024-10-04 16:00:00,33.158
2024-12-22 03:00:00,35.498
2024-06-08 09:00:00,29.704
2024-09-01 19:00:00,31.215
2024-09-07 08:00:00,27.381
2024-11-09 18:00:00,30.084
2024-02-21 05:00:00,33.995
2024-10-31 21:00:00,32.683
2024-10-11 04:00:00,31.99
2024-07-21 07:00:00,26.104
2024-09-03 03:00:00,30.98
2024-03-02 10:00:00,32.083
2024-08-15 15:00:00,31.37
2024-09-20 21:00:00,32.968
2024-03-13 05:00:00,34.061
2024-04-19 12:00:00,29.917
2024-07-17 07:00:00,31.075
2024-06-05 06:00:00,29.31
2024-05-07 15:00:00,29.672
2024-08-22 02:00:00,29.924
2024-04-19 06:00:00,31.355
2024-02-28 01:00:00,32.918
2024-11-20 21:00:00,37.189
2024-09-26 03:00:00,33.203
2024-07-20 14:00:00,26.282
2024-07-09 02:00:00,34.241
2024-06-30 05:00:00,28.34
2024-12-15 16:00:00,31.35
2024-04-28 02:00:00,31.823
2024-08-21 16:00:00,30.727
2024-04-10 05:00:00,32.02
2024-05-05 09:00:00,28.484
2024-06-20 18:00:00,33.257
2024-02-01 18:00:00,33.412
2024-11-06 04:00:00,37.401
2024-07-31 22:00:00,31.951
2024-06-11 02:00:00,32.032
2024-10-10 18:00:00,32.458
2024-09-23 16:00:00,31.816
2024-12-15 23:00:00,34.23
2024-12-11 10:00:00,36.575
2024-11-09 21:00:00,33.792
2024-11-02 12:00:00,32.054
2024-11-02 13:00:00,31.673
2024-02-10 06:00:00,34.56
2024-08-25 08:00:00,26.85
2024-09-09 20:00:00,33.496
2024-05-18 02:00:00,30.212
2024-05-23 09:00:00,30.608
2024-01-29 10:00:00,35.411
2024-10-11 16:00:00,32.478
2024-09-04 17:00:00,29.684
2024-07-25 15:00:00,29.475
2024-04-16 02:00:00,32.072
2024-09-14 17:00:00,27.99
2024-02-11 07:00:00,35.252
2024-02-08 02:00:00,35.095
2024-12-12 22:00:00,36.818
2024-08-20 00:00:00,33.09
2024-09-17 03:00:00,33.1
2024-12-30 09:00:00,39.094
2024-01-08 17:00:00,34.996
2024-09-01 04:00:00,28.287
2024-02-08 10:00:00,34.639
2024-06-01 06:00:00,26.889
2024-06-22 18:00:00,28.471
2024-05-28 04:00:00,32.209
2024-12-23 20:00:00,34.906
2024-10-13 00:00:00,32.06
2024-03-08 11:00:00,32.584
2024-03-17 06:00:00,29.785
2024-11-05 02:00:00,35.408
2024-04-13 12:00:00,27.173
2024-05-11 04:00:00,29.052
2024-01-31 20:00:00,36.684
2024-01-02 07:00:00,34.478
2024-02-10 11:00:00,31.88
2024-08-31 07:00:00,28.379
2024-04-16 20:00:00,33.695
2024-07-23 19:00:00,31.798
2024-06-14 02:00:00,32.27
2024-08-19 16:00:00,31.092
2024-02-16 12:00:00,31.858
2024-08-29 21:00:00,32.422
2024-01-07 12:00:00,31.73
2024-10-14 11:00:00,34.824
2024-11-12 23:00:00,35.075
2024-04-12 19:00:00,33.888
2024-06-09 20:00:00,31.068
2024-02-04 15:00:00,30.616
2024-08-15 06:00:00,30.733
2024-02-04 19:00:00,30.91
2024-04-27 17:00:00,28.55
2024-01-21 22:00:00,34.407
2024-12-19 10:00:00,36.23
2024-09-26 04:00:00,31.232
2024-10-05 22:00:00,31.702
2024-10-28 12:00:00,35.675
2024-02-11 05:00:00,33.325
2024-06-13 01:00:00,32.209
2024-02-08 11:00:00,36.983
2024-11-03 00:00:00,31.16
2024-09-27 13:00:00,31.697
2024-03-26 04:00:00,32.504
2024-03-23 12:00:00,27.44
2024-01-11 09:00:00,37.564
2024-06-11 23:00:00,33.85
2024-08-02 16:00:00,31.265
2024-04-21 19:00:00,28.894
2024-02-26 02:00:00,35.39
2024-03-27 13:00:00,31.984
2024-09-26 06:00:00,33.457
2024-12-02 07:00:00,35.937
2024-10-05 15:00:00,29.836
2024-06-01 05:00:00,28.869
2024-01-15 19:00:00,34.238
2024-02-01 00:00:00,37.116
2024-10-26 17:00:00,31.079
2024-10-03 13:00:00,29.831
2024-12-30 17:00:00,38.279
2024-02-05 04:00:00,34.079
2024-01-31 03:00:00,35.372
2024-09-20 12:00:00,29.948
2024-03-23 08:00:00,29.793
2024-05-03 03:00:00,32.603
2024-06-29 20:00:00,30.327
2024-04-02 06:00:00,32.701
2024-08-12 18:00:00,32.982
2024-12-23 12:00:00,34.915
2024-06-01 00:00:00,28.741
2024-06-10 06:00:00,30.694
2024-07-06 00:00:00,30.936
2024-08-31 10:00:00,27.922
2024-05-17 04:00:00,33.361
2024-11-26 22:00:00,37.923
2024-02-22 10:00:00,33.59
2024-05-04 12:00:00,27.914
2024-10-27 02:00:00,30.295
2024-01-04 13:00:00,36.404
2024-02-01 02:00:00,33.153
2024-08-07 20:00:00,32.797
2024-03-18 19:00:00,34.301
2024-02-24 19:00:00,28.707
2024-09-14 18:00:00,30.467
2024-08-04 13:00:00,27.263
2024-06-11 10:00:00,28.798
2024-07-27 16:00:00,27.013
2024-11-09 19:00:00,30.759
2024-02-10 02:00:00,30.919
2024-07-12 18:00:00,31.525
2024-01-12 01:00:00,38.902
2024-12-23 08:00:00,38.119
2024-04-11 04:00:00,32.24
2024-10-24 19:00:00,35.572
2024-06-20 12:00:00,28.343
2024-05-08 14:00:00,31.372
2024-10-04 05:00:00,
2024-05-10 19:00:00,32.284
2024-03-27 05:00:00,32.534
2024-06-24 02:00:00,31.606
2024-11-16 18:00:00,30.159
2024-09-11 07:00:00,31.858
2024-07-07 21:00:00,30.829
2024-03-16 00:00:00,31.52
2024-04-03 03:00:00,32.17
2024-05-27 15:00:00,32.012
2024-05-07 14:00:00,30.407
2024-04-02 04:00:00,32.078
2024-09-29 09:00:00,29.368
2024-12-26 21:00:00,37.368
2024-06-26 18:00:00,33.823
2024-11-18 05:00:00,38.185
2024-01-09 21:00:00,35.358
2024-03-23 17:00:00,30.364
2024-02-27 03:00:00,33.039
2024-03-29 10:00:00,30.875
2024-11-08 09:00:00,34.818
2024-08-28 12:00:00,30.446
2024-11-22 02:00:00,36.363
2024-06-11 19:00:00,32.733
2024-06-04 22:00:00,33.906
2024-08-06 22:00:00,33.103
2024-08-05 15:00:00,32.57
2024-03-26 17:00:00,31.626
2024-12-24 15:00:00,35.502
2024-08-23 23:00:00,32.408
2024-06-13 11:00:00,28.989
2024-03-26 18:00:00,34.979
2024-09-25 19:00:00,31.858
2024-06-03 15:00:00,31.614
2024-05-01 00:00:00,34.464
2024-07-24 02:00:00,34.008
2024-06-08 22:00:00,30.252
2024-11-03 14:00:00,32.522
2024-12-13 03:00:00,36.546
2024-05-10 16:00:00,31.904
2024-01-12 20:00:00,35.625
2024-01-04 23:00:00,37.028
2024-03-19 08:00:00,31.362
2024-04-21 00:00:00,30.845
2024-06-13 19:00:00,32.996
2024-05-23 10:00:00,31.889
2024-11-30 11:00:00,34.264
2024-12-28 22:00:00,35.189
2024-04-20 09:00:00,28.52
2024-10-30 21:00:00,34.831
2024-10-19 19:00:00,30.046
2024-08-18 07:00:00,28.068
2024-12-04 20:00:00,36.602
2024-11-23 11:00:00,32.258
2024-04-05 00:00:00,34.813
2024-11-23 10:00:00,34.409
2024-08-18 16:00:00,28.619
2024-04-15 01:00:00,32.662
2024-09-05 12:00:00,30.058
2024-05-30 13:00:00,30.606
2024-09-18 19:00:00,33.443
2024-09-04 03:00:00,32.481
2024-02-23 12:00:00,33.061
2024-06-16 14:00:00,28.219
2024-11-14 09:00:00,35.359
2024-11-01 13:00:00,34.043
2024-03-24 11:00:00,28.49
2024-08-10 18:00:00,29.029
2024-09-09 02:00:00,32.619
2024-03-30 17:00:00,30.138
2024-06-05 20:00:00,34.013
2024-04-03 07:00:00,31.376
2024-06-12 20:00:00,34.101
2024-11-07 10:00:00,34.866
2024-12-02 16:00:00,34.697
2024-08-11 00:00:00,29.459
2024-06-21 23:00:00,33.711
2024-07-09 18:00:00,32.059
2024-01-02 19:00:00,36.421
2024-11-14 19:00:00,34.852
2024-06-13 20:00:00,33.445
2024-10-16 04:00:00,34.296
2024-11-23 15:00:00,32.58
2024-09-03 13:00:00,31.563
2024-08-22 23:00:00,31.633
2024-07-03 00:00:00,32.876
2024-08-14 13:00:00,30.284
2024-09-16 14:00:00,30.826
2024-04-26 18:00:00,30.76
2024-05-08 17:00:00,31.449
2024-08-01 15:00:00,31.637
2024-09-30 22:00:00,34.085
2024-09-21 17:00:00,30.593
2024-05-14 01:00:00,33.445
2024-08-18 13:00:00,27.107
2024-12-13 04:00:00,38.653
2024-12-16 00:00:00,38.071
2024-09-21 15:00:00,26.888
2024-06-29 13:00:00,28.179
2024-09-02 13:00:00,30.125
2024-03-16 09:00:00,29.44
2024-02-11 19:00:00,31.197
2024-06-09 19:00:00,29.761
2024-08-02 12:00:00,29.759
2024-04-09 17:00:00,33.513
2024-10-23 02:00:00,36.374
2024-10-12 13:00:00,30.496
2024-02-14 20:00:00,35.467
2024-12-08 18:00:00,34.541
2024-06-09 15:00:00,29.127
2024-05-22 04:00:00,31.948
2024-12-01 16:00:00,33.207
2024-10-02 01:00:00,33.163
2024-08-08 15:00:00,31.373
2024-11-17 13:00:00,30.137
2024-11-29 08:00:00,37.839
2024-01-13 12:00:00,33.36
2024-04-30 18:00:00,32.796
2024-04-14 11:00:00,28.457
2024-02-09 06:00:00,34.637
2024-02-19 08:00:00,35.263
2024-04-08 18:00:00,32.811
2024-02-22 11:00:00,34.431
2024-12-07 14:00:00,34.145
2024-04-15 02:00:00,33.423
2024-10-26 23:00:00,33.052
2024-12-06 07:00:00,39.622
2024-05-11 12:00:00,28.331
2024-07-08 23:00:00,34.022
2024-06-19 21:00:00,33.829
2024-02-05 01:00:00,33.695
2024-03-18 20:00:00,33.419
2024-01-14 14:00:00,31.335
2024-04-11 12:00:00,31.423
2024-12-08 07:00:00,35.741
2024-05-13 16:00:00,30.19
2024-12-18 08:00:00,36.474
2024-03-02 00:00:00,31.335
2024-07-26 20:00:00,33.11
2024-05-10 11:00:00,29.536
2024-03-26 21:00:00,34.822
2024-10-31 01:00:00,35.845
2024-07-18 14:00:00,30.812
2024-07-05 19:00:00,32.939
2024-04-17 03:00:00,32.166
2024-05-09 07:00:00,32.539
2024-10-23 03:00:00,35.808
2024-10-26 18:00:00,31.044
2024-05-18 21:00:00,31.15
2024-01-26 03:00:00,37.161
2024-07-24 18:00:00,
2024-07-03 02:00:00,32.056
2024-10-12 03:00:00,31.868
2024-09-05 11:00:00,30.388
2024-02-06 01:00:00,35.961
2024-10-25 05:00:00,36.18
2024-03-19 18:00:00,35.223
2024-06-17 10:00:00,30.339
2024-02-09 03:00:00,36.146
2024-10-06 13:00:00,30.449
2024-03-17 11:00:00,29.33
2024-08-19 17:00:00,32.029
2024-10-04 11:00:00,33.311
2024-05-20 07:00:00,29.072
2024-10-06 02:00:00,29.768
2024-02-23 08:00:00,34.799
2024-11-18 00:00:00,35.509
2024-02-04 14:00:00,31.865
2024-05-11 05:00:00,28.459
2024-06-07 07:00:00,30.884
2024-03-20 08:00:00,32.457
2024-07-08 15:00:00,32.13
2024-07-02 11:00:00,29.128
2024-09-16 00:00:00,32.128
2024-09-23 17:00:00,33.351
2024-09-21 22:00:00,30.561
2024-03-26 10:00:00,30.506
2024-02-24 06:00:00,30.692
2024-01-14 16:00:00,31.816
2024-07-21 01:00:00,29.494
2024-03-12 00:00:00,35.213
2024-04-13 21:00:00,29.147
2024-05-23 07:00:00,30.319
2024-06-16 17:00:00,29.434
2024-10-20 22:00:00,31.128
2024-08-30 06:00:00,30.129
2024-10-21 17:00:00,32.248
2024-10-06 12:00:00,28.416
2024-11-10 13:00:00,30.637
2024-01-20 23:00:00,32.105
2024-05-31 05:00:00,30.913
2024-02-18 23:00:00,30.927
2024-12-15 21:00:00,33.867
2024-05-03 05:00:00,30.755
2024-06-16 02:00:00,29.709
2024-12-22 14:00:00,33.521
2024-01-05 21:00:00,37.583
2024-09-09 19:00:00,33.552
2024-08-23 13:00:00,29.48
2024-04-29 06:00:00,30.934
2024-11-23 02:00:00,33.26
2024-02-06 15:00:00,33.485
2024-02-12 21:00:00,35.953
2024-11-03 10:00:00,31.518
2024-01-20 10:00:00,32.343
2024-09-22 01:00:00,30.088
2024-08-15 16:00:00,30.51
2024-12-06 10:00:00,37.473
2024-11-29 18:00:00,37.354
2024-10-01 13:00:00,32.48
2024-12-19 00:00:00,35.962
2024-05-08 11:00:00,29.442
2024-09-09 17:00:00,32.324
2024-08-08 14:00:00,30.933
2024-08-15 04:00:00,32.46
2024-03-20 05:00:00,32.87
2024-03-23 07:00:00,27.832
2024-02-02 08:00:00,36.887
2024-10-08 04:00:00,33.168
2024-07-13 08:00:00,26.196
2024-03-15 10:00:00,31.099
2024-01-18 03:00:00,37.452
2024-12-08 02:00:00,33.069
2024-06-20 17:00:00,31.942
2024-10-27 22:00:00,30.757
2024-08-04 04:00:00,28.519
2024-08-11 01:00:00,29.422
2024-09-10 22:00:00,32.906
2024-01-04 12:00:00,37.766
2024-03-10 09:00:00,29.728
2024-05-25 07:00:00,28.141
2024-12-05 10:00:00,38.021
2024-08-04 00:00:00,29.721
2024-10-09 13:00:00,32.712
2024-04-26 05:00:00,31.973
2024-11-02 11:00:00,32.695
2024-07-21 03:00:00,27.73
2024-03-30 07:00:00,27.698
2024-04-01 15:00:00,29.663
2024-11-29 07:00:00,36.876
2024-01-22 07:00:00,36.21
2024-12-29 02:00:00,34.169
2024-09-29 04:00:00,31.017
2024-05-13 17:00:00,33.094
2024-01-31 11:00:00,37.698
2024-04-02 12:00:00,31.101
2024-07-18 06:00:00,30.399
2024-07-11 18:00:00,31.781
2024-12-10 23:00:00,37.389
2024-07-21 13:00:00,27.119
2024-08-20 07:00:00,30.492
2024-04-25 23:00:00,33.694
2024-03-24 10:00:00,27.636
2024-08-15 09:00:00,29.846
2024-12-26 09:00:00,40.473
2024-06-01 18:00:00,30.993
2024-10-05 14:00:00,27.381
2024-06-27 03:00:00,33.856
2024-07-05 06:00:00,31.545
2024-03-09 01:00:00,32.763
2024-12-13 00:00:00,37.45
2024-04-24 21:00:00,31.547
2024-04-29 03:00:00,33.673
2024-12-18 10:00:00,35.907
2024-05-10 02:00:00,32.194
2024-05-12 16:00:00,31.237
2024-03-26 15:00:00,31.907
2024-10-10 22:00:00,34.302
2024-06-29 14:00:00,27.842
2024-01-06 07:00:00,35.259
2024-07-04 10:00:00,30.587
2024-01-07 20:00:00,31.99
2024-12-22 08:00:00,34.535
2024-11-06 21:00:00,34.401
2024-09-24 07:00:00,32.495
2024-05-13 07:00:00,31.073
2024-09-06 10:00:00,31.629
2024-02-24 23:00:00,31.889
2024-08-20 19:00:00,33.624
2024-11-14 10:00:00,37.171
2024-01-20 16:00:00,32.914
2024-03-24 05:00:00,29.282
2024-01-01 18:00:00,36.589
2024-08-02 22:00:00,34.044
2024-03-30 01:00:00,30.597
2024-02-12 17:00:00,33.563
2024-09-04 07:00:00,30.868
2024-05-09 18:00:00,32.078
2024-11-18 16:00:00,34.344
2024-09-11 14:00:00,32.191
2024-05-11 17:00:00,29.166
2024-09-04 12:00:00,30.159
2024-12-21 04:00:00,35.813
2024-11-24 16:00:00,31.319
2024-01-19 17:00:00,35.065
2024-12-22 13:00:00,31.043
2024-07-01 04:00:00,30.969
2024-09-22 02:00:00,29.515
2024-06-05 00:00:00,30.553
2024-01-08 10:00:00,36.035
2024-07-07 17:00:00,29.533
2024-02-25 20:00:00,31.524
2024-05-27 20:00:00,32.835
2024-03-07 07:00:00,35.548
2024-12-21 13:00:00,33.365
2024-11-10 17:00:00,30.946
2024-03-14 17:00:00,32.175
2024-05-29 20:00:00,33.822
2024-01-21 03:00:00,32.452
2024-06-14 07:00:00,31.314
2024-10-18 10:00:00,33.693
2024-12-30 08:00:00,36.189
2024-04-13 13:00:00,27.71
2024-02-02 12:00:00,35.148
2024-07-12 12:00:00,29.619
2024-10-18 13:00:00,32.599
2024-10-28 05:00:00,34.476
2024-09-09 11:00:00,31.43
2024-01-04 05:00:00,37.529
2024-10-05 17:00:00,29.47
2024-10-20 15:00:00,29.099
2024-12-17 08:00:00,39.268
2024-11-18 20:00:00,34.908
2024-04-01 19:00:00,31.881
2024-09-10 13:00:00,30.314
2024-09-07 06:00:00,28.468
2024-02-01 08:00:00,37.499
2024-05-31 13:00:00,32.026
2024-01-30 03:00:00,34.319
2024-12-05 06:00:00,39.135
2024-12-11 04:00:00,37.657
2024-10-16 06:00:00,32.415
2024-10-26 08:00:00,32.543
2024-03-03 04:00:00,31.334
2024-09-20 16:00:00,31.703
2024-03-27 22:00:00,33.855
2024-05-20 05:00:00,31.402
2024-12-08 15:00:00,33.336
2024-10-27 07:00:00,30.887
2024-03-30 18:00:00,29.706
2024-01-03 21:00:00,36.083
2024-03-01 09:00:00,33.702
2024-05-12 07:00:00,27.874
2024-06-10 13:00:00,31.375
2024-06-13 23:00:00,33.286
2024-05-14 05:00:00,32.633
2024-03-04 19:00:00,32.357
2024-07-06 13:00:00,27.365
2024-11-15 22:00:00,34.694
2024-10-27 08:00:00,34.058
2024-01-22 00:00:00,37.645
2024-10-16 17:00:00,34.65
2024-05-29 04:00:00,31.806
2024-10-22 09:00:00,31.883
2024-09-20 17:00:00,32.327
2024-02-03 06:00:00,32.955
2024-07-20 16:00:00,30.207
2024-07-30 10:00:00,29.128
2024-12-27 05:00:00,38.918
2024-06-07 03:00:00,32.874
2024-01-03 13:00:00,36.116
2024-03-14 23:00:00,34.081
2024-08-25 10:00:00,26.361
2024-12-29 23:00:00,34.884
2024-04-12 12:00:00,32.417
2024-08-17 11:00:00,26.198
2024-12-22 09:00:00,35.312
2024-09-29 07:00:00,28.172
2024-03-06 07:00:00,31.877
2024-07-16 14:00:00,31.878
2024-07-04 16:00:00,30.784
2024-04-28 16:00:00,28.044
2024-05-04 10:00:00,27.519
2024-07-04 14:00:00,31.427
2024-10-27 13:00:00,30.286
2024-03-06 08:00:00,37.079
2024-12-13 05:00:00,38.454
2024-09-15 20:00:00,28.639
2024-11-07 22:00:00,36.615
2024-07-28 03:00:00,27.817
2024-07-01 05:00:00,
2024-01-16 21:00:00,35.984
2024-09-19 00:00:00,34.107
2024-04-10 12:00:00,30.397
2024-06-12 00:00:00,35.128
2024-08-01 08:00:00,30.497
2024-02-08 16:00:00,32.572
2024-06-22 10:00:00,27.223
2024-12-12 18:00:00,36.318
2024-09-14 04:00:00,28.646
2024-11-20 18:00:00,35.791
2024-01-11 05:00:00,36.813
2024-02-29 23:00:00,34.571
2024-11-26 17:00:00,34.92
2024-11-22 22:00:00,36.386
2024-06-24 12:00:00,31.337
2024-08-01 09:00:00,32.064
2024-06-29 23:00:00,32.461
2024-05-28 09:00:00,30.862
2024-01-05 18:00:00,35.968
2024-04-05 22:00:00,34.434
2024-12-12 06:00:00,38.425
2024-03-31 20:00:00,29.633
2024-08-13 09:00:00,29.76
2024-02-02 07:00:00,36.683
2024-07-21 23:00:00,30.127
2024-11-02 16:00:00,30.447
2024-07-13 20:00:00,32.98
2024-12-13 23:00:00,36.702
2024-10-30 14:00:00,34.414
2024-06-05 16:00:00,31.782
2024-12-30 10:00:00,36.856
2024-10-05 05:00:00,29.59
2024-10-18 22:00:00,34.061
2024-06-10 10:00:00,30.437
2024-02-27 00:00:00,33.431
2024-12-07 22:00:00,32.277
2024-12-01 15:00:00,32.484
2024-02-16 02:00:00,36.294
2024-05-22 17:00:00,32.913
2024-06-29 16:00:00,27.323
2024-06-14 08:00:00,30.362
2024-02-22 06:00:00,33.256
2024-04-20 08:00:00,28.696
2024-05-01 19:00:00,33.392
2024-07-18 04:00:00,30.817
2024-03-09 07:00:00,30.835
2024-02-17 05:00:00,31.416
2024-05-26 15:00:00,26.33
2024-09-28 11:00:00,29.272
2024-11-17 21:00:00,34.253
2024-01-12 07:00:00,37.74
2024-08-10 21:00:00,29.56
2024-03-05 11:00:00,31.935
2024-06-28 14:00:00,29.0
2024-02-12 10:00:00,34.6
2024-07-04 00:00:00,32.22
2024-08-25 23:00:00,29.97
2024-07-22 19:00:00,32.559
2024-11-24 19:00:00,32.04
2024-07-03 22:00:00,32.068
2024-03-03 03:00:00,29.091
2024-05-30 15:00:00,30.675
2024-01-03 04:00:00,38.222
2024-08-13 05:00:00,30.764
2024-07-31 06:00:00,30.367
2024-05-08 22:00:00,33.501
2024-02-27 21:00:00,34.289
2024-11-24 12:00:00,32.889
2024-05-24 22:00:00,33.274
2024-06-23 15:00:00,27.951
2024-08-21 03:00:00,32.604
2024-05-14 06:00:00,32.748
2024-03-09 00:00:00,30.904
2024-08-25 06:00:00,29.028
2024-11-18 03:00:00,37.502
2024-01-20 11:00:00,30.561
2024-12-25 02:00:00,35.852
2024-01-03 23:00:00,33.885
2024-12-18 04:00:00,39.451
2024-07-29 12:00:00,30.105
2024-02-20 07:00:00,35.793
2024-03-07 06:00:00,34.299
2024-08-02 23:00:00,31.065
2024-08-22 08:00:00,30.09
2024-01-28 10:00:00,32.621
2024-11-25 05:00:00,39.912
2024-12-09 23:00:00,36.202
2024-09-29 10:00:00,29.799
2024-08-03 12:00:00,27.125
2024-05-06 12:00:00,31.806
2024-08-16 07:00:00,30.797
2024-09-26 22:00:00,32.935
2024-01-17 18:00:00,36.752
2024-07-30 21:00:00,35.325
2024-08-18 21:00:00,30.172
2024-03-02 08:00:00,30.171
2024-05-19 20:00:00,30.26
2024-03-23 15:00:00,29.642
2024-07-23 22:00:00,32.97
2024-07-29 19:00:00,30.511
2024-06-09 03:00:00,28.555
2024-02-13 01:00:00,33.703
2024-01-08 06:00:00,36.123
2024-05-09 06:00:00,31.864
2024-11-17 09:00:00,33.924
2024-04-28 21:00:00,29.563
2024-03-02 22:00:00,31.724
2024-09-13 07:00:00,30.424
2024-06-27 21:00:00,34.83
2024-11-11 00:00:00,38.741
2024-12-18 05:00:00,37.502
2024-12-27 07:00:00,36.676
2024-08-22 10:00:00,31.068
2024-06-09 05:00:00,29.117
2024-08-31 09:00:00,27.086
2024-05-09 14:00:00,29.313
2024-06-12 06:00:00,30.398
2024-06-21 10:00:00,30.42
2024-03-31 12:00:00,28.577
2024-04-18 07:00:00,30.011
2024-11-29 21:00:00,37.44
2024-09-05 15:00:00,31.462
2024-09-01 11:00:00,26.757
2024-06-08 04:00:00,28.141
2024-03-19 15:00:00,33.3
2024-12-13 08:00:00,37.467
2024-06-03 21:00:00,36.074
2024-02-19 06:00:00,35.8
2024-12-31 19:00:00,36.891
2024-07-27 12:00:00,26.82
2024-07-10 18:00:00,34.684
2024-12-31 08:00:00,35.727
2024-03-12 18:00:00,33.913
2024-04-30 04:00:00,32.704
2024-05-04 18:00:00,30.046
2024-07-17 11:00:00,30.103
2024-06-18 00:00:00,34.354
2024-08-12 04:00:00,31.347
2024-12-13 17:00:00,36.934
2024-08-17 20:00:00,30.762
2024-10-03 21:00:00,32.958
2024-09-04 08:00:00,31.83
2024-11-24 08:00:00,35.754
2024-01-31 01:00:00,37.322
2024-01-16 13:00:00,35.244
2024-12-07 02:00:00,34.854
2024-11-30 07:00:00,34.931
2024-10-07 14:00:00,33.2
2024-01-14 00:00:00,31.716
2024-12-04 04:00:00,39.277
2024-01-02 18:00:00,34.86
2024-10-20 01:00:00,30.712
2024-10-20 13:00:00,29.799
2024-10-26 20:00:00,32.363
2024-07-17 01:00:00,32.879
2024-04-26 07:00:00,30.491
2024-01-31 12:00:00,34.519
2024-10-01 18:00:00,32.199
2024-02-09 08:00:00,33.128
2024-08-07 00:00:00,32.234
2024-12-07 03:00:00,33.921
2024-08-19 21:00:00,32.748
2024-03-11 13:00:00,31.784
2024-01-22 15:00:00,34.829
2024-02-03 22:00:00,30.394
2024-02-04 02:00:00,33.46
2024-07-20 06:00:00,27.946
2024-12-21 00:00:00,33.73
2024-10-21 02:00:00,34.886
2024-08-05 09:00:00,31.237
2024-06-04 14:00:00,30.365
2024-09-18 08:00:00,31.565
2024-09-07 10:00:00,25.529
2024-10-11 17:00:00,34.175
2024-11-20 14:00:00,36.962
2024-04-18 00:00:00,32.783
2024-01-16 19:00:00,36.019
2024-04-03 19:00:00,33.347
2024-07-03 23:00:00,34.444
2024-03-30 12:00:00,28.032
2024-06-04 06:00:00,30.468
2024-04-16 22:00:00,34.63
2024-09-08 14:00:00,28.554
2024-03-16 03:00:00,28.514
2024-12-26 03:00:00,39.344
2024-10-24 17:00:00,33.15
2024-05-30 21:00:00,35.202
2024-09-11 12:00:00,30.57
2024-03-07 10:00:00,33.295
2024-10-21 05:00:00,34.937
2024-07-22 18:00:00,31.818
2024-11-13 02:00:00,37.724
2024-04-16 15:00:00,32.856
2024-06-24 08:00:00,30.433
2024-07-31 07:00:00,30.207
2024-11-09 16:00:00,31.953
2024-03-06 22:00:00,33.728
2024-04-16 03:00:00,32.949
2024-12-20 15:00:00,35.98
2024-10-21 22:00:00,32.465
2024-06-29 01:00:00,29.714
2024-08-02 02:00:00,30.143
2024-10-13 20:00:00,31.074
2024-09-29 13:00:00,31.221
2024-03-14 11:00:00,32.195
2024-10-05 12:00:00,29.298
2024-09-26 16:00:00,31.947
2024-04-28 11:00:00,27.928
2024-07-25 00:00:00,34.652
2024-12-16 05:00:00,40.136
2024-07-03 17:00:00,32.832
2024-12-04 09:00:00,38.607
2024-09-21 20:00:00,29.456
2024-08-07 22:00:00,31.376
2024-10-30 08:00:00,36.312
2024-06-21 04:00:00,32.386
2024-01-05 09:00:00,37.618
2024-07-25 02:00:00,32.045
2024-04-26 22:00:00,33.57
2024-09-28 05:00:00,28.795
2024-10-11 09:00:00,33.56
2024-05-03 01:00:00,33.908
2024-11-09 07:00:00,31.495
2024-06-30 01:00:00,31.814
2024-11-21 02:00:00,
2024-05-14 20:00:00,34.03
2024-04-27 21:00:00,31.569
2024-04-14 06:00:00,30.096
2024-01-14 05:00:00,36.862
2024-02-20 00:00:00,33.88
2024-11-25 23:00:00,36.073
2024-04-04 22:00:00,34.276
2024-11-06 23:00:00,36.213
2024-12-10 06:00:00,37.267
2024-11-28 20:00:00,35.267
2024-04-20 18:00:00,28.859
2024-02-18 22:00:00,32.445
2024-02-15 08:00:00,34.769
2024-11-30 04:00:00,35.741
2024-06-18 08:00:00,29.792
2024-10-30 23:00:00,35.359
2024-03-28 03:00:00,32.471
2024-07-12 03:00:00,32.664
2024-01-26 01:00:00,35.357
2024-08-14 04:00:00,32.47
2024-11-19 01:00:00,37.202
2024-04-02 11:00:00,32.148
2024-09-01 02:00:00,30.462
2024-01-27 00:00:00,32.756
2024-07-26 10:00:00,29.412
2024-08-20 12:00:00,30.365
2024-05-09 19:00:00,33.888
2024-07-19 23:00:00,34.733
2024-10-23 07:00:00,34.922
2024-03-24 04:00:00,31.2
2024-12-03 02:00:00,37.093
2024-07-05 08:00:00,29.502
2024-12-28 23:00:00,35.301
2024-04-13 14:00:00,28.472
2024-12-13 14:00:00,35.528
2024-03-06 20:00:00,34.479
2024-09-08 21:00:00,31.132
2024-09-01 14:00:00,26.845
2024-10-23 21:00:00,35.784
2024-05-05 02:00:00,31.052
2024-07-10 17:00:00,32.336
2024-01-06 23:00:00,35.288
2024-07-19 13:00:00,29.65
2024-10-07 07:00:00,33.051
2024-08-06 19:00:00,32.717
2024-05-23 20:00:00,34.574
2024-05-30 05:00:00,31.207
2024-11-23 23:00:00,31.502
2024-07-03 04:00:00,32.412
2024-03-31 11:00:00,30.108
2024-07-26 07:00:00,31.713
2024-08-03 11:00:00,27.991
2024-07-15 16:00:00,33.573
2024-04-28 00:00:00,30.528
2024-03-04 15:00:00,34.149
2024-11-05 08:00:00,37.186
2024-09-10 06:00:00,31.275
2024-01-29 18:00:00,35.267
2024-04-05 08:00:00,31.962
2024-05-17 14:00:00,31.707
2024-08-29 01:00:00,31.86
2024-10-02 02:00:00,32.885
2024-08-28 22:00:00,34.033
2024-08-29 04:00:00,30.758
2024-07-09 01:00:00,34.959
2024-02-19 11:00:00,35.984
2024-02-19 15:00:00,33.018
2024-12-13 09:00:00,38.649
2024-09-21 14:00:00,28.647
2024-05-28 20:00:00,33.346
2024-10-17 16:00:00,31.915
2024-03-17 10:00:00,29.786
2024-11-04 07:00:00,36.648
2024-08-26 14:00:00,31.063
2024-04-14 03:00:00,29.133
2024-09-08 11:00:00,25.782
2024-06-23 20:00:00,30.396
2024-06-08 11:00:00,26.999
2024-02-06 14:00:00,34.825
2024-03-01 15:00:00,34.241
2024-12-23 15:00:00,36.441
2024-08-11 19:00:00,29.311
2024-11-27 11:00:00,34.019
2024-03-11 14:00:00,32.56
2024-03-28 04:00:00,32.441
2024-10-15 20:00:00,33.381
2024-08-10 03:00:00,28.563
2024-11-20 12:00:00,36.136
2024-02-04 16:00:00,33.273
2024-11-01 17:00:00,36.381
2024-01-25 15:00:00,35.532
2024-08-26 04:00:00,31.089
2024-08-26 19:00:00,31.755
2024-01-05 13:00:00,36.293
2024-11-08 10:00:00,37.253
2024-02-13 20:00:00,33.843
2024-02-24 15:00:00,29.848
2024-01-28 20:00:00,33.823
2024-12-17 21:00:00,37.135
2024-11-06 16:00:00,36.495
2024-08-03 08:00:00,26.673
2024-08-20 20:00:00,31.694
2024-02-05 03:00:00,34.938
2024-07-06 21:00:00,30.522
2024-07-08 11:00:00,29.269
2024-08-11 02:00:00,29.51
2024-07-17 00:00:00,30.996
2024-08-24 13:00:00,27.024
2024-08-20 14:00:00,30.229
2024-03-02 21:00:00,28.674
2024-08-13 23:00:00,32.709
2024-04-24 01:00:00,32.394
2024-04-04 11:00:00,30.064
2024-09-13 21:00:00,30.616
2024-04-27 00:00:00,29.993
2024-02-06 05:00:00,35.294
2024-04-12 20:00:00,31.929
2024-11-08 05:00:00,37.088
2024-12-26 02:00:00,38.401
2024-08-23 16:00:00,29.495
2024-03-23 11:00:00,27.87
2024-01-30 00:00:00,34.095
2024-03-13 13:00:00,31.76
2024-06-03 22:00:00,32.539
2024-11-20 20:00:00,35.567
2024-04-01 05:00:00,30.94
2024-07-27 14:00:00,28.024
2024-08-22 01:00:00,31.302
2024-08-02 09:00:00,31.052
2024-12-05 11:00:00,34.985
2024-01-22 01:00:00,36.278
2024-12-27 12:00:00,38.258
2024-05-17 15:00:00,31.671
2024-12-24 05:00:00,39.056
2024-11-25 01:00:00,37.912
2024-05-31 16:00:00,32.343
2024-09-26 05:00:00,34.542
2024-01-08 15:00:00,35.529
2024-10-29 16:00:00,35.392
2024-05-08 10:00:00,29.173
2024-03-19 04:00:00,31.75
2024-08-30 05:00:00,30.794
2024-01-26 09:00:00,34.307
2024-03-25 17:00:00,32.389
2024-06-14 21:00:00,36.497
2024-10-03 05:00:00,33.203
2024-09-24 14:00:00,30.521
2024-03-23 00:00:00,30.128
2024-10-09 06:00:00,34.773
2024-01-01 20:00:00,35.512
2024-10-26 07:00:00,33.27
2024-12-20 23:00:00,36.813
2024-05-16 06:00:00,32.097
2024-04-14 22:00:00,30.814
2024-09-06 08:00:00,30.652
2024-11-23 14:00:00,34.759
2024-03-31 18:00:00,30.635
2024-07-26 11:00:00,29.629
2024-05-22 02:00:00,32.889
2024-12-28 13:00:00,34.73
2024-01-21 09:00:00,32.874
2024-11-18 12:00:00,35.26
2024-05-13 20:00:00,34.703
2024-01-07 08:00:00,35.675
2024-02-07 01:00:00,35.117
2024-09-24 15:00:00,30.911
2024-01-12 05:00:00,37.334
2024-01-05 00:00:00,36.484
2024-11-15 20:00:00,34.243
2024-10-06 17:00:00,28.872
2024-06-10 21:00:00,33.654
2024-11-17 06:00:00,33.491
2024-02-14 11:00:00,33.386
2024-11-08 12:00:00,34.379
2024-08-04 11:00:00,26.921
2024-04-25 00:00:00,32.541
2024-09-16 05:00:00,31.128
2024-09-23 23:00:00,33.266
2024-01-30 19:00:00,33.38
2024-06-18 03:00:00,32.566
2024-12-30 19:00:00,35.446
2024-07-09 05:00:00,32.017
2024-03-15 22:00:00,32.607
2024-01-20 05:00:00,33.189
2024-08-11 21:00:00,29.34
2024-05-02 16:00:00,30.377
2024-07-18 15:00:00,30.809
2024-08-07 15:00:00,
2024-08-31 16:00:00,26.867
2024-07-28 08:00:00,26.891
2024-11-07 06:00:00,37.661
2024-02-20 14:00:00,33.636
2024-02-27 04:00:00,33.812
2024-01-11 03:00:00,36.758
2024-06-17 07:00:00,30.333
2024-11-27 17:00:00,34.01
2024-10-29 07:00:00,33.601
2024-03-10 23:00:00,31.513
2024-11-12 02:00:00,36.258
2024-01-28 00:00:00,32.293
2024-07-02 17:00:00,32.941
2024-01-07 11:00:00,35.992
2024-05-22 20:00:00,32.197
2024-02-17 22:00:00,31.534
2024-05-06 23:00:00,30.181
2024-02-13 14:00:00,32.215
2024-02-24 10:00:00,32.599
2024-11-25 10:00:00,36.709
2024-04-03 12:00:00,29.987
2024-01-01 15:00:00,36.708
2024-04-21 05:00:00,28.443
2024-03-17 20:00:00,30.019
2024-05-09 02:00:00,33.122
2024-03-08 04:00:00,32.767
2024-12-28 01:00:00,35.404
2024-10-23 04:00:00,37.911
2024-02-25 17:00:00,28.986
2024-03-02 14:00:00,30.282
2024-01-23 14:00:00,35.454
2024-06-18 18:00:00,35.147
2024-01-18 23:00:00,38.17
2024-10-09 03:00:00,32.619
2024-04-16 17:00:00,34.264
2024-05-30 06:00:00,30.238
2024-04-29 21:00:00,33.843
2024-07-02 23:00:00,32.877
2024-02-12 23:00:00,35.917
2024-09-12 01:00:00,32.876
2024-09-18 21:00:00,34.034
2024-02-16 06:00:00,35.831
2024-03-19 16:00:00,32.492
2024-02-01 09:00:00,34.253
2024-05-07 01:00:00,32.61
2024-12-05 15:00:00,35.557
2024-01-24 10:00:00,38.385
2024-09-29 14:00:00,31.457
2024-12-03 05:00:00,38.879
2024-07-17 12:00:00,28.607
2024-05-28 10:00:00,31.062
2024-12-17 20:00:00,36.533
2024-04-14 20:00:00,30.137
2024-05-03 10:00:00,30.976
2024-08-11 22:00:00,29.604
2024-08-12 20:00:00,33.597
2024-05-24 06:00:00,30.835
2024-11-18 23:00:00,37.152
2024-06-25 01:00:00,34.275
2024-01-07 00:00:00,34.217
2024-07-29 16:00:00,31.628
2024-04-30 15:00:00,33.306
2024-11-21 13:00:00,36.924
2024-02-07 17:00:00,31.621
2024-08-04 08:00:00,26.877
2024-01-10 19:00:00,33.494
